[0.009s] Invoking command in '/home/ilex/Dev/VIST/src/robot/sdk/arm_teleop/build/lbot_arm_interfaces': CMAKE_PREFIX_PATH=/opt/ros/humble CONDA_PROMPT_MODIFIER=(base) /usr/bin/cmake /home/ilex/Dev/VIST/src/robot/sdk/arm_teleop/src/lbot_arm_interfaces -DAMENT_CMAKE_SYMLINK_INSTALL=1 -DCMAKE_INSTALL_PREFIX=/home/ilex/Dev/VIST/src/robot/sdk/arm_teleop/install/lbot_arm_interfaces
[0.016s] -- Found ament_cmake: 1.3.12 (/opt/ros/humble/share/ament_cmake/cmake)
[0.110s] -- Override CMake install command with custom implementation using symlinks instead of copying resources
[0.114s] -- Found geometry_msgs: 4.9.0 (/opt/ros/humble/share/geometry_msgs/cmake)
[0.131s] -- Found rosidl_generator_c: 3.1.8 (/opt/ros/humble/share/rosidl_generator_c/cmake)
[0.133s] -- Found rosidl_adapter: 3.1.8 (/opt/ros/humble/share/rosidl_adapter/cmake)
[0.137s] -- Found rosidl_generator_cpp: 3.1.8 (/opt/ros/humble/share/rosidl_generator_cpp/cmake)
[0.144s] -- Using all available rosidl_typesupport_c: rosidl_typesupport_fastrtps_c;rosidl_typesupport_introspection_c
[0.153s] -- Using all available rosidl_typesupport_cpp: rosidl_typesupport_fastrtps_cpp;rosidl_typesupport_introspection_cpp
[0.178s] -- Found sensor_msgs: 4.9.0 (/opt/ros/humble/share/sensor_msgs/cmake)
[0.188s] -- Found rosidl_default_generators: 1.2.0 (/opt/ros/humble/share/rosidl_default_generators/cmake)
[0.638s] -- Found ament_cmake_ros: 0.10.0 (/opt/ros/humble/share/ament_cmake_ros/cmake)
[1.157s] -- Using all available rosidl_typesupport_c: rosidl_typesupport_fastrtps_c;rosidl_typesupport_introspection_c
[1.301s] -- Using all available rosidl_typesupport_cpp: rosidl_typesupport_fastrtps_cpp;rosidl_typesupport_introspection_cpp
[1.320s] -- Found PythonInterp: /home/ilex/miniforge3/envs/robot_env/bin/python3 (found suitable version "3.10.19", minimum required is "3.6") 
[1.321s] -- Found python_cmake_module: 0.10.0 (/opt/ros/humble/share/python_cmake_module/cmake)
[1.343s] -- Found PythonLibs: /home/ilex/miniforge3/envs/robot_env/lib/libpython3.10.so (found suitable version "3.10.19", minimum required is "3.5") 
[1.343s] -- Using PYTHON_EXECUTABLE: /home/ilex/miniforge3/envs/robot_env/bin/python3
[1.343s] -- Using PYTHON_INCLUDE_DIRS: /home/ilex/miniforge3/envs/robot_env/include/python3.10
[1.343s] -- Using PYTHON_LIBRARIES: /home/ilex/miniforge3/envs/robot_env/lib/libpython3.10.so
[1.362s] -- Found PythonExtra: .so  
[1.604s] -- Using numpy include directory: /home/ilex/miniforge3/envs/robot_env/lib/python3.10/site-packages/numpy/core/include
[1.618s] -- Found ament_lint_auto: 0.12.14 (/opt/ros/humble/share/ament_lint_auto/cmake)
[1.637s] -- Added test 'copyright' to check source files copyright and LICENSE
[1.638s] -- Added test 'lint_cmake' to check CMake code style
[1.639s] -- Added test 'xmllint' to check XML markup files
[1.641s] -- Configuring done
[1.681s] CMake Warning at /opt/ros/humble/share/rosidl_generator_py/cmake/rosidl_generator_py_generate_interfaces.cmake:166 (add_library):
[1.681s]   Cannot generate a safe runtime search path for target
[1.682s]   lbot_arm_interfaces__rosidl_generator_py because files in some directories
[1.682s]   may conflict with libraries in implicit directories:
[1.682s] 
[1.682s]     runtime library [libpython3.10.so.1.0] in /usr/lib/x86_64-linux-gnu may be hidden by files in:
[1.682s]       /home/ilex/miniforge3/envs/robot_env/lib
[1.682s] 
[1.682s]   Some of these libraries may not be found correctly.
[1.682s] Call Stack (most recent call first):
[1.682s]   /opt/ros/humble/share/ament_cmake_core/cmake/core/ament_execute_extensions.cmake:48 (include)
[1.682s]   /opt/ros/humble/share/rosidl_cmake/cmake/rosidl_generate_interfaces.cmake:286 (ament_execute_extensions)
[1.682s]   CMakeLists.txt:26 (rosidl_generate_interfaces)
[1.682s] 
[1.682s] 
[1.683s] CMake Warning at /opt/ros/humble/share/rosidl_generator_py/cmake/rosidl_generator_py_generate_interfaces.cmake:226 (add_library):
[1.684s]   Cannot generate a safe runtime search path for target
[1.684s]   lbot_arm_interfaces__rosidl_typesupport_fastrtps_c__pyext because files in
[1.684s]   some directories may conflict with libraries in implicit directories:
[1.684s] 
[1.684s]     runtime library [libpython3.10.so.1.0] in /usr/lib/x86_64-linux-gnu may be hidden by files in:
[1.684s]       /home/ilex/miniforge3/envs/robot_env/lib
[1.684s] 
[1.684s]   Some of these libraries may not be found correctly.
[1.684s] Call Stack (most recent call first):
[1.684s]   /opt/ros/humble/share/ament_cmake_core/cmake/core/ament_execute_extensions.cmake:48 (include)
[1.684s]   /opt/ros/humble/share/rosidl_cmake/cmake/rosidl_generate_interfaces.cmake:286 (ament_execute_extensions)
[1.684s]   CMakeLists.txt:26 (rosidl_generate_interfaces)
[1.684s] 
[1.684s] 
[1.685s] CMake Warning at /opt/ros/humble/share/rosidl_generator_py/cmake/rosidl_generator_py_generate_interfaces.cmake:226 (add_library):
[1.685s]   Cannot generate a safe runtime search path for target
[1.685s]   lbot_arm_interfaces__rosidl_typesupport_introspection_c__pyext because
[1.685s]   files in some directories may conflict with libraries in implicit
[1.686s]   directories:
[1.686s] 
[1.686s]     runtime library [libpython3.10.so.1.0] in /usr/lib/x86_64-linux-gnu may be hidden by files in:
[1.686s]       /home/ilex/miniforge3/envs/robot_env/lib
[1.686s] 
[1.686s]   Some of these libraries may not be found correctly.
[1.686s] Call Stack (most recent call first):
[1.686s]   /opt/ros/humble/share/ament_cmake_core/cmake/core/ament_execute_extensions.cmake:48 (include)
[1.686s]   /opt/ros/humble/share/rosidl_cmake/cmake/rosidl_generate_interfaces.cmake:286 (ament_execute_extensions)
[1.686s]   CMakeLists.txt:26 (rosidl_generate_interfaces)
[1.686s] 
[1.686s] 
[1.687s] CMake Warning at /opt/ros/humble/share/rosidl_generator_py/cmake/rosidl_generator_py_generate_interfaces.cmake:226 (add_library):
[1.687s]   Cannot generate a safe runtime search path for target
[1.687s]   lbot_arm_interfaces__rosidl_typesupport_c__pyext because files in some
[1.687s]   directories may conflict with libraries in implicit directories:
[1.687s] 
[1.687s]     runtime library [libpython3.10.so.1.0] in /usr/lib/x86_64-linux-gnu may be hidden by files in:
[1.687s]       /home/ilex/miniforge3/envs/robot_env/lib
[1.687s] 
[1.688s]   Some of these libraries may not be found correctly.
[1.688s] Call Stack (most recent call first):
[1.688s]   /opt/ros/humble/share/ament_cmake_core/cmake/core/ament_execute_extensions.cmake:48 (include)
[1.688s]   /opt/ros/humble/share/rosidl_cmake/cmake/rosidl_generate_interfaces.cmake:286 (ament_execute_extensions)
[1.688s]   CMakeLists.txt:26 (rosidl_generate_interfaces)
[1.688s] 
[1.688s] 
[1.693s] -- Generating done
[1.703s] -- Build files have been written to: /home/ilex/Dev/VIST/src/robot/sdk/arm_teleop/build/lbot_arm_interfaces
[1.711s] Invoked command in '/home/ilex/Dev/VIST/src/robot/sdk/arm_teleop/build/lbot_arm_interfaces' returned '0': CMAKE_PREFIX_PATH=/opt/ros/humble CONDA_PROMPT_MODIFIER=(base) /usr/bin/cmake /home/ilex/Dev/VIST/src/robot/sdk/arm_teleop/src/lbot_arm_interfaces -DAMENT_CMAKE_SYMLINK_INSTALL=1 -DCMAKE_INSTALL_PREFIX=/home/ilex/Dev/VIST/src/robot/sdk/arm_teleop/install/lbot_arm_interfaces
[1.712s] Invoking command in '/home/ilex/Dev/VIST/src/robot/sdk/arm_teleop/build/lbot_arm_interfaces': CMAKE_PREFIX_PATH=/opt/ros/humble CONDA_PROMPT_MODIFIER=(base) /usr/bin/cmake --build /home/ilex/Dev/VIST/src/robot/sdk/arm_teleop/build/lbot_arm_interfaces -- -j16 -l16
[1.756s] [  0%] Generating C code for ROS interfaces
[1.771s] [  0%] Generating C++ code for ROS interfaces
[1.775s] [  0%] Built target ament_cmake_python_symlink_lbot_arm_interfaces
[1.957s] running egg_info
[1.968s] creating lbot_arm_interfaces.egg-info
[1.968s] writing lbot_arm_interfaces.egg-info/PKG-INFO
[1.968s] writing dependency_links to lbot_arm_interfaces.egg-info/dependency_links.txt
[1.968s] writing top-level names to lbot_arm_interfaces.egg-info/top_level.txt
[1.969s] writing manifest file 'lbot_arm_interfaces.egg-info/SOURCES.txt'
[2.000s] reading manifest file 'lbot_arm_interfaces.egg-info/SOURCES.txt'
[2.001s] writing manifest file 'lbot_arm_interfaces.egg-info/SOURCES.txt'
[2.043s] [  0%] Built target ament_cmake_python_build_lbot_arm_interfaces_egg
[3.101s] [  0%] Building C object CMakeFiles/lbot_arm_interfaces__rosidl_generator_c.dir/rosidl_generator_c/lbot_arm_interfaces/srv/detail/move_l__functions.c.o
[3.104s] [  1%] Building C object CMakeFiles/lbot_arm_interfaces__rosidl_generator_c.dir/rosidl_generator_c/lbot_arm_interfaces/srv/detail/move_c__functions.c.o
[3.107s] [  2%] Building C object CMakeFiles/lbot_arm_interfaces__rosidl_generator_c.dir/rosidl_generator_c/lbot_arm_interfaces/srv/detail/move_j__functions.c.o
[3.110s] [  2%] Building C object CMakeFiles/lbot_arm_interfaces__rosidl_generator_c.dir/rosidl_generator_c/lbot_arm_interfaces/srv/detail/move_jp__functions.c.o
[3.116s] [  3%] Building C object CMakeFiles/lbot_arm_interfaces__rosidl_generator_c.dir/rosidl_generator_c/lbot_arm_interfaces/srv/detail/inverse_kinematics__functions.c.o
[3.118s] [  4%] Building C object CMakeFiles/lbot_arm_interfaces__rosidl_generator_c.dir/rosidl_generator_c/lbot_arm_interfaces/srv/detail/set_frame__functions.c.o
[3.120s] [  5%] Building C object CMakeFiles/lbot_arm_interfaces__rosidl_generator_c.dir/rosidl_generator_c/lbot_arm_interfaces/srv/detail/set_string__functions.c.o
[3.121s] [  6%] Building C object CMakeFiles/lbot_arm_interfaces__rosidl_generator_c.dir/rosidl_generator_c/lbot_arm_interfaces/srv/detail/get_current_frame__functions.c.o
[3.125s] [  6%] Building C object CMakeFiles/lbot_arm_interfaces__rosidl_generator_c.dir/rosidl_generator_c/lbot_arm_interfaces/srv/detail/get_frame__functions.c.o
[3.125s] [  6%] Building C object CMakeFiles/lbot_arm_interfaces__rosidl_generator_c.dir/rosidl_generator_c/lbot_arm_interfaces/srv/detail/forward_kinematics__functions.c.o
[3.127s] [  6%] Building C object CMakeFiles/lbot_arm_interfaces__rosidl_generator_c.dir/rosidl_generator_c/lbot_arm_interfaces/srv/detail/change_frame__functions.c.o
[3.139s] [  7%] Building C object CMakeFiles/lbot_arm_interfaces__rosidl_generator_c.dir/rosidl_generator_c/lbot_arm_interfaces/srv/detail/delete_frame__functions.c.o
[3.139s] [  8%] Building C object CMakeFiles/lbot_arm_interfaces__rosidl_generator_c.dir/rosidl_generator_c/lbot_arm_interfaces/srv/detail/set_zero__functions.c.o
[3.141s] [  8%] Building C object CMakeFiles/lbot_arm_interfaces__rosidl_generator_c.dir/rosidl_generator_c/lbot_arm_interfaces/srv/detail/get_all_frames__functions.c.o
[3.150s] [  8%] Building C object CMakeFiles/lbot_arm_interfaces__rosidl_generator_c.dir/rosidl_generator_c/lbot_arm_interfaces/srv/detail/set_emergency__functions.c.o
[3.155s] [  8%] Built target lbot_arm_interfaces__cpp
[3.171s] [  9%] Generating C++ type support dispatch for ROS interfaces
[3.198s] [ 10%] Building C object CMakeFiles/lbot_arm_interfaces__rosidl_generator_c.dir/rosidl_generator_c/lbot_arm_interfaces/srv/detail/set_enable__functions.c.o
[3.204s] [ 10%] Building C object CMakeFiles/lbot_arm_interfaces__rosidl_generator_c.dir/rosidl_generator_c/lbot_arm_interfaces/msg/detail/arm_state__functions.c.o
[3.210s] [ 11%] Generating C++ type support for eProsima Fast-RTPS
[3.211s] [ 12%] Generating C++ introspection for ROS interfaces
[3.212s] [ 13%] Building C object CMakeFiles/lbot_arm_interfaces__rosidl_generator_c.dir/rosidl_generator_c/lbot_arm_interfaces/msg/detail/lbot_frame__functions.c.o
[3.213s] [ 14%] Building C object CMakeFiles/lbot_arm_interfaces__rosidl_generator_c.dir/rosidl_generator_c/lbot_arm_interfaces/msg/detail/lbot_pose__functions.c.o
[3.213s] [ 14%] Building C object CMakeFiles/lbot_arm_interfaces__rosidl_generator_c.dir/rosidl_generator_c/lbot_arm_interfaces/msg/detail/follow_joint__functions.c.o
[3.266s] [ 15%] Linking C shared library liblbot_arm_interfaces__rosidl_generator_c.so
[3.310s] [ 15%] Built target lbot_arm_interfaces__rosidl_generator_c
[3.321s] [ 16%] Generating C type support dispatch for ROS interfaces
[3.324s] [ 18%] Generating C introspection for ROS interfaces
[3.324s] [ 18%] Generating C type support for eProsima Fast-RTPS
[4.199s] [ 18%] Building CXX object CMakeFiles/lbot_arm_interfaces__rosidl_typesupport_introspection_cpp.dir/rosidl_typesupport_introspection_cpp/lbot_arm_interfaces/srv/detail/forward_kinematics__type_support.cpp.o
[4.199s] [ 20%] Building CXX object CMakeFiles/lbot_arm_interfaces__rosidl_typesupport_introspection_cpp.dir/rosidl_typesupport_introspection_cpp/lbot_arm_interfaces/srv/detail/move_c__type_support.cpp.o
[4.200s] [ 20%] Building CXX object CMakeFiles/lbot_arm_interfaces__rosidl_typesupport_introspection_cpp.dir/rosidl_typesupport_introspection_cpp/lbot_arm_interfaces/srv/detail/move_j__type_support.cpp.o
[4.200s] [ 21%] Building CXX object CMakeFiles/lbot_arm_interfaces__rosidl_typesupport_introspection_cpp.dir/rosidl_typesupport_introspection_cpp/lbot_arm_interfaces/srv/detail/set_string__type_support.cpp.o
[4.200s] [ 21%] Building CXX object CMakeFiles/lbot_arm_interfaces__rosidl_typesupport_introspection_cpp.dir/rosidl_typesupport_introspection_cpp/lbot_arm_interfaces/srv/detail/set_frame__type_support.cpp.o
[4.200s] [ 21%] Building CXX object CMakeFiles/lbot_arm_interfaces__rosidl_typesupport_introspection_cpp.dir/rosidl_typesupport_introspection_cpp/lbot_arm_interfaces/srv/detail/move_jp__type_support.cpp.o
[4.200s] [ 22%] Building CXX object CMakeFiles/lbot_arm_interfaces__rosidl_typesupport_introspection_cpp.dir/rosidl_typesupport_introspection_cpp/lbot_arm_interfaces/srv/detail/inverse_kinematics__type_support.cpp.o
[4.200s] [ 23%] Building CXX object CMakeFiles/lbot_arm_interfaces__rosidl_typesupport_introspection_cpp.dir/rosidl_typesupport_introspection_cpp/lbot_arm_interfaces/srv/detail/change_frame__type_support.cpp.o
[4.200s] [ 23%] Building CXX object CMakeFiles/lbot_arm_interfaces__rosidl_typesupport_introspection_cpp.dir/rosidl_typesupport_introspection_cpp/lbot_arm_interfaces/srv/detail/get_current_frame__type_support.cpp.o
[4.201s] [ 24%] Building CXX object CMakeFiles/lbot_arm_interfaces__rosidl_typesupport_introspection_cpp.dir/rosidl_typesupport_introspection_cpp/lbot_arm_interfaces/srv/detail/get_frame__type_support.cpp.o
[4.202s] [ 24%] Building CXX object CMakeFiles/lbot_arm_interfaces__rosidl_typesupport_introspection_cpp.dir/rosidl_typesupport_introspection_cpp/lbot_arm_interfaces/srv/detail/move_l__type_support.cpp.o
[4.816s] [ 25%] Building CXX object CMakeFiles/lbot_arm_interfaces__rosidl_typesupport_introspection_cpp.dir/rosidl_typesupport_introspection_cpp/lbot_arm_interfaces/srv/detail/delete_frame__type_support.cpp.o
[4.862s] [ 25%] Building CXX object CMakeFiles/lbot_arm_interfaces__rosidl_typesupport_introspection_cpp.dir/rosidl_typesupport_introspection_cpp/lbot_arm_interfaces/srv/detail/get_all_frames__type_support.cpp.o
[4.874s] [ 25%] Building CXX object CMakeFiles/lbot_arm_interfaces__rosidl_typesupport_cpp.dir/rosidl_typesupport_cpp/lbot_arm_interfaces/srv/move_j__type_support.cpp.o
[4.877s] [ 26%] Building CXX object CMakeFiles/lbot_arm_interfaces__rosidl_typesupport_cpp.dir/rosidl_typesupport_cpp/lbot_arm_interfaces/srv/move_l__type_support.cpp.o
[4.879s] [ 27%] Building CXX object CMakeFiles/lbot_arm_interfaces__rosidl_typesupport_introspection_cpp.dir/rosidl_typesupport_introspection_cpp/lbot_arm_interfaces/srv/detail/set_zero__type_support.cpp.o
[4.910s] [ 27%] Building CXX object CMakeFiles/lbot_arm_interfaces__rosidl_typesupport_c.dir/rosidl_typesupport_c/lbot_arm_interfaces/srv/move_j__type_support.cpp.o
[4.913s] [ 28%] Building CXX object CMakeFiles/lbot_arm_interfaces__rosidl_typesupport_cpp.dir/rosidl_typesupport_cpp/lbot_arm_interfaces/srv/move_jp__type_support.cpp.o
[4.913s] [ 28%] Building CXX object CMakeFiles/lbot_arm_interfaces__rosidl_typesupport_cpp.dir/rosidl_typesupport_cpp/lbot_arm_interfaces/srv/inverse_kinematics__type_support.cpp.o
[4.920s] [ 28%] Building CXX object CMakeFiles/lbot_arm_interfaces__rosidl_typesupport_cpp.dir/rosidl_typesupport_cpp/lbot_arm_interfaces/srv/move_c__type_support.cpp.o
[4.920s] [ 28%] Building CXX object CMakeFiles/lbot_arm_interfaces__rosidl_typesupport_introspection_cpp.dir/rosidl_typesupport_introspection_cpp/lbot_arm_interfaces/srv/detail/set_emergency__type_support.cpp.o
[4.931s] [ 29%] Building CXX object CMakeFiles/lbot_arm_interfaces__rosidl_typesupport_cpp.dir/rosidl_typesupport_cpp/lbot_arm_interfaces/srv/forward_kinematics__type_support.cpp.o
[4.960s] [ 30%] Building CXX object CMakeFiles/lbot_arm_interfaces__rosidl_typesupport_cpp.dir/rosidl_typesupport_cpp/lbot_arm_interfaces/srv/set_frame__type_support.cpp.o
[4.982s] [ 31%] Building CXX object CMakeFiles/lbot_arm_interfaces__rosidl_typesupport_c.dir/rosidl_typesupport_c/lbot_arm_interfaces/srv/move_l__type_support.cpp.o
[5.029s] [ 32%] Building CXX object CMakeFiles/lbot_arm_interfaces__rosidl_typesupport_introspection_cpp.dir/rosidl_typesupport_introspection_cpp/lbot_arm_interfaces/srv/detail/set_enable__type_support.cpp.o
[5.046s] [ 32%] Building CXX object CMakeFiles/lbot_arm_interfaces__rosidl_typesupport_c.dir/rosidl_typesupport_c/lbot_arm_interfaces/srv/move_c__type_support.cpp.o
[5.102s] [ 33%] Building CXX object CMakeFiles/lbot_arm_interfaces__rosidl_typesupport_c.dir/rosidl_typesupport_c/lbot_arm_interfaces/srv/move_jp__type_support.cpp.o
[5.154s] [ 33%] Building CXX object CMakeFiles/lbot_arm_interfaces__rosidl_typesupport_c.dir/rosidl_typesupport_c/lbot_arm_interfaces/srv/inverse_kinematics__type_support.cpp.o
[5.209s] [ 34%] Building CXX object CMakeFiles/lbot_arm_interfaces__rosidl_typesupport_c.dir/rosidl_typesupport_c/lbot_arm_interfaces/srv/forward_kinematics__type_support.cpp.o
[5.288s] [ 34%] Building CXX object CMakeFiles/lbot_arm_interfaces__rosidl_typesupport_fastrtps_c.dir/rosidl_typesupport_fastrtps_c/lbot_arm_interfaces/srv/detail/move_j__type_support_c.cpp.o
[5.293s] [ 34%] Building CXX object CMakeFiles/lbot_arm_interfaces__rosidl_typesupport_c.dir/rosidl_typesupport_c/lbot_arm_interfaces/srv/set_frame__type_support.cpp.o
[5.357s] [ 35%] Building CXX object CMakeFiles/lbot_arm_interfaces__rosidl_typesupport_c.dir/rosidl_typesupport_c/lbot_arm_interfaces/srv/set_string__type_support.cpp.o
[5.384s] [ 36%] Building CXX object CMakeFiles/lbot_arm_interfaces__rosidl_typesupport_fastrtps_c.dir/rosidl_typesupport_fastrtps_c/lbot_arm_interfaces/srv/detail/move_l__type_support_c.cpp.o
[5.385s] [ 36%] Building CXX object CMakeFiles/lbot_arm_interfaces__rosidl_typesupport_introspection_cpp.dir/rosidl_typesupport_introspection_cpp/lbot_arm_interfaces/msg/detail/arm_state__type_support.cpp.o
[5.399s] [ 36%] Building CXX object CMakeFiles/lbot_arm_interfaces__rosidl_typesupport_fastrtps_c.dir/rosidl_typesupport_fastrtps_c/lbot_arm_interfaces/srv/detail/move_c__type_support_c.cpp.o
[5.415s] [ 37%] Building CXX object CMakeFiles/lbot_arm_interfaces__rosidl_typesupport_c.dir/rosidl_typesupport_c/lbot_arm_interfaces/srv/get_frame__type_support.cpp.o
[5.421s] [ 37%] Building CXX object CMakeFiles/lbot_arm_interfaces__rosidl_typesupport_c.dir/rosidl_typesupport_c/lbot_arm_interfaces/srv/get_current_frame__type_support.cpp.o
[5.424s] [ 38%] Building CXX object CMakeFiles/lbot_arm_interfaces__rosidl_typesupport_introspection_cpp.dir/rosidl_typesupport_introspection_cpp/lbot_arm_interfaces/msg/detail/lbot_pose__type_support.cpp.o
[5.444s] [ 38%] Building CXX object CMakeFiles/lbot_arm_interfaces__rosidl_typesupport_fastrtps_cpp.dir/rosidl_typesupport_fastrtps_cpp/lbot_arm_interfaces/srv/detail/dds_fastrtps/move_j__type_support.cpp.o
[5.463s] [ 39%] Building CXX object CMakeFiles/lbot_arm_interfaces__rosidl_typesupport_fastrtps_cpp.dir/rosidl_typesupport_fastrtps_cpp/lbot_arm_interfaces/srv/detail/dds_fastrtps/move_l__type_support.cpp.o
[5.470s] [ 40%] Building CXX object CMakeFiles/lbot_arm_interfaces__rosidl_typesupport_c.dir/rosidl_typesupport_c/lbot_arm_interfaces/srv/change_frame__type_support.cpp.o
[5.473s] [ 40%] Building CXX object CMakeFiles/lbot_arm_interfaces__rosidl_typesupport_cpp.dir/rosidl_typesupport_cpp/lbot_arm_interfaces/srv/set_string__type_support.cpp.o
[5.477s] [ 41%] Building CXX object CMakeFiles/lbot_arm_interfaces__rosidl_typesupport_cpp.dir/rosidl_typesupport_cpp/lbot_arm_interfaces/srv/get_frame__type_support.cpp.o
[5.517s] [ 42%] Building CXX object CMakeFiles/lbot_arm_interfaces__rosidl_typesupport_fastrtps_cpp.dir/rosidl_typesupport_fastrtps_cpp/lbot_arm_interfaces/srv/detail/dds_fastrtps/move_c__type_support.cpp.o
[5.537s] [ 42%] Building CXX object CMakeFiles/lbot_arm_interfaces__rosidl_typesupport_c.dir/rosidl_typesupport_c/lbot_arm_interfaces/srv/delete_frame__type_support.cpp.o
[5.570s] [ 42%] Building CXX object CMakeFiles/lbot_arm_interfaces__rosidl_typesupport_cpp.dir/rosidl_typesupport_cpp/lbot_arm_interfaces/srv/get_current_frame__type_support.cpp.o
[5.576s] [ 43%] Building CXX object CMakeFiles/lbot_arm_interfaces__rosidl_typesupport_fastrtps_c.dir/rosidl_typesupport_fastrtps_c/lbot_arm_interfaces/srv/detail/move_jp__type_support_c.cpp.o
[5.580s] [ 44%] Building CXX object CMakeFiles/lbot_arm_interfaces__rosidl_typesupport_c.dir/rosidl_typesupport_c/lbot_arm_interfaces/srv/get_all_frames__type_support.cpp.o
[5.633s] [ 44%] Building CXX object CMakeFiles/lbot_arm_interfaces__rosidl_typesupport_fastrtps_cpp.dir/rosidl_typesupport_fastrtps_cpp/lbot_arm_interfaces/srv/detail/dds_fastrtps/move_jp__type_support.cpp.o
[5.644s] [ 44%] Building CXX object CMakeFiles/lbot_arm_interfaces__rosidl_typesupport_c.dir/rosidl_typesupport_c/lbot_arm_interfaces/srv/set_zero__type_support.cpp.o
[5.680s] [ 44%] Building C object CMakeFiles/lbot_arm_interfaces__rosidl_typesupport_introspection_c.dir/rosidl_typesupport_introspection_c/lbot_arm_interfaces/srv/detail/move_j__type_support.c.o
[5.701s] [ 45%] Building CXX object CMakeFiles/lbot_arm_interfaces__rosidl_typesupport_fastrtps_cpp.dir/rosidl_typesupport_fastrtps_cpp/lbot_arm_interfaces/srv/detail/dds_fastrtps/inverse_kinematics__type_support.cpp.o
[5.739s] [ 46%] Building CXX object CMakeFiles/lbot_arm_interfaces__rosidl_typesupport_c.dir/rosidl_typesupport_c/lbot_arm_interfaces/srv/set_emergency__type_support.cpp.o
[5.770s] [ 47%] Building C object CMakeFiles/lbot_arm_interfaces__rosidl_typesupport_introspection_c.dir/rosidl_typesupport_introspection_c/lbot_arm_interfaces/srv/detail/move_l__type_support.c.o
[5.825s] [ 47%] Building CXX object CMakeFiles/lbot_arm_interfaces__rosidl_typesupport_c.dir/rosidl_typesupport_c/lbot_arm_interfaces/srv/set_enable__type_support.cpp.o
[5.853s] [ 47%] Building CXX object CMakeFiles/lbot_arm_interfaces__rosidl_typesupport_fastrtps_cpp.dir/rosidl_typesupport_fastrtps_cpp/lbot_arm_interfaces/srv/detail/dds_fastrtps/forward_kinematics__type_support.cpp.o
[5.869s] [ 48%] Building C object CMakeFiles/lbot_arm_interfaces__rosidl_typesupport_introspection_c.dir/rosidl_typesupport_introspection_c/lbot_arm_interfaces/srv/detail/move_c__type_support.c.o
[5.903s] [ 49%] Building CXX object CMakeFiles/lbot_arm_interfaces__rosidl_typesupport_c.dir/rosidl_typesupport_c/lbot_arm_interfaces/msg/arm_state__type_support.cpp.o
[5.925s] [ 49%] Building C object CMakeFiles/lbot_arm_interfaces__rosidl_typesupport_introspection_c.dir/rosidl_typesupport_introspection_c/lbot_arm_interfaces/srv/detail/move_jp__type_support.c.o
[5.939s] [ 50%] Building CXX object CMakeFiles/lbot_arm_interfaces__rosidl_typesupport_fastrtps_cpp.dir/rosidl_typesupport_fastrtps_cpp/lbot_arm_interfaces/srv/detail/dds_fastrtps/set_frame__type_support.cpp.o
[5.999s] [ 50%] Building CXX object CMakeFiles/lbot_arm_interfaces__rosidl_typesupport_c.dir/rosidl_typesupport_c/lbot_arm_interfaces/msg/lbot_pose__type_support.cpp.o
[6.000s] [ 51%] Building CXX object CMakeFiles/lbot_arm_interfaces__rosidl_typesupport_introspection_cpp.dir/rosidl_typesupport_introspection_cpp/lbot_arm_interfaces/msg/detail/lbot_frame__type_support.cpp.o
[6.001s] [ 51%] Building CXX object CMakeFiles/lbot_arm_interfaces__rosidl_typesupport_c.dir/rosidl_typesupport_c/lbot_arm_interfaces/msg/lbot_frame__type_support.cpp.o
[6.001s] [ 52%] Building C object CMakeFiles/lbot_arm_interfaces__rosidl_typesupport_introspection_c.dir/rosidl_typesupport_introspection_c/lbot_arm_interfaces/srv/detail/inverse_kinematics__type_support.c.o
[6.005s] [ 53%] Building CXX object CMakeFiles/lbot_arm_interfaces__rosidl_typesupport_introspection_cpp.dir/rosidl_typesupport_introspection_cpp/lbot_arm_interfaces/msg/detail/follow_joint__type_support.cpp.o
[6.012s] [ 54%] Building CXX object CMakeFiles/lbot_arm_interfaces__rosidl_typesupport_c.dir/rosidl_typesupport_c/lbot_arm_interfaces/msg/follow_joint__type_support.cpp.o
[6.018s] [ 54%] Building C object CMakeFiles/lbot_arm_interfaces__rosidl_typesupport_introspection_c.dir/rosidl_typesupport_introspection_c/lbot_arm_interfaces/srv/detail/forward_kinematics__type_support.c.o
[6.055s] [ 54%] Linking CXX shared library liblbot_arm_interfaces__rosidl_typesupport_c.so
[6.061s] [ 54%] Building CXX object CMakeFiles/lbot_arm_interfaces__rosidl_typesupport_fastrtps_cpp.dir/rosidl_typesupport_fastrtps_cpp/lbot_arm_interfaces/srv/detail/dds_fastrtps/set_string__type_support.cpp.o
[6.062s] [ 55%] Building C object CMakeFiles/lbot_arm_interfaces__rosidl_typesupport_introspection_c.dir/rosidl_typesupport_introspection_c/lbot_arm_interfaces/srv/detail/set_frame__type_support.c.o
[6.067s] [ 56%] Building CXX object CMakeFiles/lbot_arm_interfaces__rosidl_typesupport_cpp.dir/rosidl_typesupport_cpp/lbot_arm_interfaces/srv/change_frame__type_support.cpp.o
[6.081s] [ 56%] Building C object CMakeFiles/lbot_arm_interfaces__rosidl_typesupport_introspection_c.dir/rosidl_typesupport_introspection_c/lbot_arm_interfaces/srv/detail/set_string__type_support.c.o
[6.102s] [ 56%] Building CXX object CMakeFiles/lbot_arm_interfaces__rosidl_typesupport_cpp.dir/rosidl_typesupport_cpp/lbot_arm_interfaces/srv/delete_frame__type_support.cpp.o
[6.105s] [ 57%] Building C object CMakeFiles/lbot_arm_interfaces__rosidl_typesupport_introspection_c.dir/rosidl_typesupport_introspection_c/lbot_arm_interfaces/srv/detail/get_frame__type_support.c.o
[6.112s] [ 58%] Building CXX object CMakeFiles/lbot_arm_interfaces__rosidl_typesupport_fastrtps_c.dir/rosidl_typesupport_fastrtps_c/lbot_arm_interfaces/srv/detail/inverse_kinematics__type_support_c.cpp.o
[6.117s] [ 58%] Built target lbot_arm_interfaces__rosidl_typesupport_c
[6.131s] [ 58%] Building C object CMakeFiles/lbot_arm_interfaces__rosidl_typesupport_introspection_c.dir/rosidl_typesupport_introspection_c/lbot_arm_interfaces/srv/detail/get_current_frame__type_support.c.o
[6.138s] [ 58%] Building CXX object CMakeFiles/lbot_arm_interfaces__rosidl_typesupport_fastrtps_c.dir/rosidl_typesupport_fastrtps_c/lbot_arm_interfaces/srv/detail/forward_kinematics__type_support_c.cpp.o
[6.159s] [ 59%] Building C object CMakeFiles/lbot_arm_interfaces__rosidl_typesupport_introspection_c.dir/rosidl_typesupport_introspection_c/lbot_arm_interfaces/srv/detail/change_frame__type_support.c.o
[6.165s] [ 59%] Building C object CMakeFiles/lbot_arm_interfaces__rosidl_typesupport_introspection_c.dir/rosidl_typesupport_introspection_c/lbot_arm_interfaces/srv/detail/delete_frame__type_support.c.o
[6.188s] [ 60%] Building CXX object CMakeFiles/lbot_arm_interfaces__rosidl_typesupport_fastrtps_cpp.dir/rosidl_typesupport_fastrtps_cpp/lbot_arm_interfaces/srv/detail/dds_fastrtps/get_frame__type_support.cpp.o
[6.206s] [ 61%] Building CXX object CMakeFiles/lbot_arm_interfaces__rosidl_typesupport_cpp.dir/rosidl_typesupport_cpp/lbot_arm_interfaces/srv/get_all_frames__type_support.cpp.o
[6.221s] [ 63%] Building CXX object CMakeFiles/lbot_arm_interfaces__rosidl_typesupport_fastrtps_c.dir/rosidl_typesupport_fastrtps_c/lbot_arm_interfaces/srv/detail/set_frame__type_support_c.cpp.o
[6.221s] [ 63%] Building C object CMakeFiles/lbot_arm_interfaces__rosidl_typesupport_introspection_c.dir/rosidl_typesupport_introspection_c/lbot_arm_interfaces/srv/detail/get_all_frames__type_support.c.o
[6.225s] [ 64%] Building C object CMakeFiles/lbot_arm_interfaces__rosidl_typesupport_introspection_c.dir/rosidl_typesupport_introspection_c/lbot_arm_interfaces/srv/detail/set_zero__type_support.c.o
[6.283s] [ 64%] Building CXX object CMakeFiles/lbot_arm_interfaces__rosidl_typesupport_fastrtps_cpp.dir/rosidl_typesupport_fastrtps_cpp/lbot_arm_interfaces/srv/detail/dds_fastrtps/get_current_frame__type_support.cpp.o
[6.283s] [ 64%] Building C object CMakeFiles/lbot_arm_interfaces__rosidl_typesupport_introspection_c.dir/rosidl_typesupport_introspection_c/lbot_arm_interfaces/srv/detail/set_emergency__type_support.c.o
[6.298s] [ 64%] Building CXX object CMakeFiles/lbot_arm_interfaces__rosidl_typesupport_cpp.dir/rosidl_typesupport_cpp/lbot_arm_interfaces/srv/set_zero__type_support.cpp.o
[6.339s] [ 65%] Building C object CMakeFiles/lbot_arm_interfaces__rosidl_typesupport_introspection_c.dir/rosidl_typesupport_introspection_c/lbot_arm_interfaces/srv/detail/set_enable__type_support.c.o
[6.401s] [ 65%] Building C object CMakeFiles/lbot_arm_interfaces__rosidl_typesupport_introspection_c.dir/rosidl_typesupport_introspection_c/lbot_arm_interfaces/msg/detail/arm_state__type_support.c.o
[6.491s] [ 66%] Building C object CMakeFiles/lbot_arm_interfaces__rosidl_typesupport_introspection_c.dir/rosidl_typesupport_introspection_c/lbot_arm_interfaces/msg/detail/lbot_pose__type_support.c.o
[6.496s] [ 66%] Building CXX object CMakeFiles/lbot_arm_interfaces__rosidl_typesupport_fastrtps_c.dir/rosidl_typesupport_fastrtps_c/lbot_arm_interfaces/srv/detail/set_string__type_support_c.cpp.o
[6.521s] [ 66%] Building C object CMakeFiles/lbot_arm_interfaces__rosidl_typesupport_introspection_c.dir/rosidl_typesupport_introspection_c/lbot_arm_interfaces/msg/detail/lbot_frame__type_support.c.o
[6.541s] [ 67%] Building CXX object CMakeFiles/lbot_arm_interfaces__rosidl_typesupport_fastrtps_cpp.dir/rosidl_typesupport_fastrtps_cpp/lbot_arm_interfaces/srv/detail/dds_fastrtps/change_frame__type_support.cpp.o
[6.551s] [ 67%] Building CXX object CMakeFiles/lbot_arm_interfaces__rosidl_typesupport_fastrtps_cpp.dir/rosidl_typesupport_fastrtps_cpp/lbot_arm_interfaces/srv/detail/dds_fastrtps/delete_frame__type_support.cpp.o
[6.583s] [ 68%] Building C object CMakeFiles/lbot_arm_interfaces__rosidl_typesupport_introspection_c.dir/rosidl_typesupport_introspection_c/lbot_arm_interfaces/msg/detail/follow_joint__type_support.c.o
[6.639s] [ 68%] Linking C shared library liblbot_arm_interfaces__rosidl_typesupport_introspection_c.so
[6.642s] [ 69%] Building CXX object CMakeFiles/lbot_arm_interfaces__rosidl_typesupport_fastrtps_c.dir/rosidl_typesupport_fastrtps_c/lbot_arm_interfaces/srv/detail/get_frame__type_support_c.cpp.o
[6.647s] [ 69%] Building CXX object CMakeFiles/lbot_arm_interfaces__rosidl_typesupport_fastrtps_c.dir/rosidl_typesupport_fastrtps_c/lbot_arm_interfaces/srv/detail/get_current_frame__type_support_c.cpp.o
[6.651s] [ 70%] Building CXX object CMakeFiles/lbot_arm_interfaces__rosidl_typesupport_cpp.dir/rosidl_typesupport_cpp/lbot_arm_interfaces/srv/set_emergency__type_support.cpp.o
[6.667s] [ 71%] Building CXX object CMakeFiles/lbot_arm_interfaces__rosidl_typesupport_fastrtps_cpp.dir/rosidl_typesupport_fastrtps_cpp/lbot_arm_interfaces/srv/detail/dds_fastrtps/get_all_frames__type_support.cpp.o
[6.672s] [ 72%] Building CXX object CMakeFiles/lbot_arm_interfaces__rosidl_typesupport_fastrtps_cpp.dir/rosidl_typesupport_fastrtps_cpp/lbot_arm_interfaces/srv/detail/dds_fastrtps/set_zero__type_support.cpp.o
[6.686s] [ 73%] Building CXX object CMakeFiles/lbot_arm_interfaces__rosidl_typesupport_fastrtps_c.dir/rosidl_typesupport_fastrtps_c/lbot_arm_interfaces/srv/detail/change_frame__type_support_c.cpp.o
[6.688s] [ 74%] Linking CXX shared library liblbot_arm_interfaces__rosidl_typesupport_introspection_cpp.so
[6.710s] [ 74%] Building CXX object CMakeFiles/lbot_arm_interfaces__rosidl_typesupport_fastrtps_cpp.dir/rosidl_typesupport_fastrtps_cpp/lbot_arm_interfaces/srv/detail/dds_fastrtps/set_emergency__type_support.cpp.o
[6.716s] [ 74%] Built target lbot_arm_interfaces__rosidl_typesupport_introspection_c
[6.722s] [ 74%] Building CXX object CMakeFiles/lbot_arm_interfaces__rosidl_typesupport_fastrtps_c.dir/rosidl_typesupport_fastrtps_c/lbot_arm_interfaces/srv/detail/delete_frame__type_support_c.cpp.o
[6.727s] [ 75%] Building CXX object CMakeFiles/lbot_arm_interfaces__rosidl_typesupport_fastrtps_cpp.dir/rosidl_typesupport_fastrtps_cpp/lbot_arm_interfaces/srv/detail/dds_fastrtps/set_enable__type_support.cpp.o
[6.763s] [ 75%] Building CXX object CMakeFiles/lbot_arm_interfaces__rosidl_typesupport_cpp.dir/rosidl_typesupport_cpp/lbot_arm_interfaces/srv/set_enable__type_support.cpp.o
[6.792s] [ 76%] Building CXX object CMakeFiles/lbot_arm_interfaces__rosidl_typesupport_fastrtps_c.dir/rosidl_typesupport_fastrtps_c/lbot_arm_interfaces/srv/detail/get_all_frames__type_support_c.cpp.o
[6.851s] [ 76%] Built target lbot_arm_interfaces__rosidl_typesupport_introspection_cpp
[6.863s] [ 76%] Building CXX object CMakeFiles/lbot_arm_interfaces__rosidl_typesupport_fastrtps_c.dir/rosidl_typesupport_fastrtps_c/lbot_arm_interfaces/srv/detail/set_zero__type_support_c.cpp.o
[6.903s] [ 77%] Building CXX object CMakeFiles/lbot_arm_interfaces__rosidl_typesupport_fastrtps_c.dir/rosidl_typesupport_fastrtps_c/lbot_arm_interfaces/srv/detail/set_emergency__type_support_c.cpp.o
[7.086s] [ 77%] Building CXX object CMakeFiles/lbot_arm_interfaces__rosidl_typesupport_fastrtps_cpp.dir/rosidl_typesupport_fastrtps_cpp/lbot_arm_interfaces/msg/detail/dds_fastrtps/arm_state__type_support.cpp.o
[7.166s] [ 78%] Building CXX object CMakeFiles/lbot_arm_interfaces__rosidl_typesupport_cpp.dir/rosidl_typesupport_cpp/lbot_arm_interfaces/msg/arm_state__type_support.cpp.o
[7.178s] [ 79%] Building CXX object CMakeFiles/lbot_arm_interfaces__rosidl_typesupport_cpp.dir/rosidl_typesupport_cpp/lbot_arm_interfaces/msg/lbot_pose__type_support.cpp.o
[7.197s] [ 79%] Building CXX object CMakeFiles/lbot_arm_interfaces__rosidl_typesupport_cpp.dir/rosidl_typesupport_cpp/lbot_arm_interfaces/msg/lbot_frame__type_support.cpp.o
[7.213s] [ 80%] Building CXX object CMakeFiles/lbot_arm_interfaces__rosidl_typesupport_cpp.dir/rosidl_typesupport_cpp/lbot_arm_interfaces/msg/follow_joint__type_support.cpp.o
[7.236s] [ 81%] Building CXX object CMakeFiles/lbot_arm_interfaces__rosidl_typesupport_fastrtps_cpp.dir/rosidl_typesupport_fastrtps_cpp/lbot_arm_interfaces/msg/detail/dds_fastrtps/lbot_pose__type_support.cpp.o
[7.275s] [ 81%] Building CXX object CMakeFiles/lbot_arm_interfaces__rosidl_typesupport_fastrtps_cpp.dir/rosidl_typesupport_fastrtps_cpp/lbot_arm_interfaces/msg/detail/dds_fastrtps/lbot_frame__type_support.cpp.o
[7.284s] [ 82%] Building CXX object CMakeFiles/lbot_arm_interfaces__rosidl_typesupport_fastrtps_cpp.dir/rosidl_typesupport_fastrtps_cpp/lbot_arm_interfaces/msg/detail/dds_fastrtps/follow_joint__type_support.cpp.o
[7.298s] [ 83%] Building CXX object CMakeFiles/lbot_arm_interfaces__rosidl_typesupport_fastrtps_c.dir/rosidl_typesupport_fastrtps_c/lbot_arm_interfaces/srv/detail/set_enable__type_support_c.cpp.o
[7.336s] [ 83%] Building CXX object CMakeFiles/lbot_arm_interfaces__rosidl_typesupport_fastrtps_c.dir/rosidl_typesupport_fastrtps_c/lbot_arm_interfaces/msg/detail/arm_state__type_support_c.cpp.o
[7.341s] [ 84%] Building CXX object CMakeFiles/lbot_arm_interfaces__rosidl_typesupport_fastrtps_c.dir/rosidl_typesupport_fastrtps_c/lbot_arm_interfaces/msg/detail/lbot_pose__type_support_c.cpp.o
[7.359s] [ 84%] Building CXX object CMakeFiles/lbot_arm_interfaces__rosidl_typesupport_fastrtps_c.dir/rosidl_typesupport_fastrtps_c/lbot_arm_interfaces/msg/detail/lbot_frame__type_support_c.cpp.o
[7.390s] [ 85%] Building CXX object CMakeFiles/lbot_arm_interfaces__rosidl_typesupport_fastrtps_c.dir/rosidl_typesupport_fastrtps_c/lbot_arm_interfaces/msg/detail/follow_joint__type_support_c.cpp.o
[7.602s] [ 85%] Linking CXX shared library liblbot_arm_interfaces__rosidl_typesupport_cpp.so
[7.649s] [ 85%] Built target lbot_arm_interfaces__rosidl_typesupport_cpp
[7.778s] [ 85%] Linking CXX shared library liblbot_arm_interfaces__rosidl_typesupport_fastrtps_c.so
[7.830s] [ 85%] Linking CXX shared library liblbot_arm_interfaces__rosidl_typesupport_fastrtps_cpp.so
[7.834s] [ 85%] Built target lbot_arm_interfaces__rosidl_typesupport_fastrtps_c
[7.892s] [ 85%] Built target lbot_arm_interfaces__rosidl_typesupport_fastrtps_cpp
[7.910s] [ 85%] Built target lbot_arm_interfaces
[7.927s] [ 86%] Generating Python code for ROS interfaces
[9.790s] [ 86%] Built target lbot_arm_interfaces__py
[9.807s] [ 87%] Building C object CMakeFiles/lbot_arm_interfaces__rosidl_generator_py.dir/rosidl_generator_py/lbot_arm_interfaces/srv/_move_jp_s.c.o
[9.808s] [ 87%] Building C object CMakeFiles/lbot_arm_interfaces__rosidl_generator_py.dir/rosidl_generator_py/lbot_arm_interfaces/srv/_inverse_kinematics_s.c.o
[9.808s] [ 88%] Building C object CMakeFiles/lbot_arm_interfaces__rosidl_generator_py.dir/rosidl_generator_py/lbot_arm_interfaces/srv/_get_frame_s.c.o
[9.808s] [ 89%] Building C object CMakeFiles/lbot_arm_interfaces__rosidl_generator_py.dir/rosidl_generator_py/lbot_arm_interfaces/srv/_change_frame_s.c.o
[9.808s] [ 89%] Building C object CMakeFiles/lbot_arm_interfaces__rosidl_generator_py.dir/rosidl_generator_py/lbot_arm_interfaces/srv/_move_j_s.c.o
[9.808s] [ 89%] Building C object CMakeFiles/lbot_arm_interfaces__rosidl_generator_py.dir/rosidl_generator_py/lbot_arm_interfaces/srv/_move_c_s.c.o
[9.808s] [ 89%] Building C object CMakeFiles/lbot_arm_interfaces__rosidl_generator_py.dir/rosidl_generator_py/lbot_arm_interfaces/srv/_set_zero_s.c.o
[9.808s] [ 89%] Building C object CMakeFiles/lbot_arm_interfaces__rosidl_generator_py.dir/rosidl_generator_py/lbot_arm_interfaces/srv/_set_enable_s.c.o
[9.808s] [ 89%] Building C object CMakeFiles/lbot_arm_interfaces__rosidl_generator_py.dir/rosidl_generator_py/lbot_arm_interfaces/srv/_set_frame_s.c.o
[9.808s] [ 90%] Building C object CMakeFiles/lbot_arm_interfaces__rosidl_generator_py.dir/rosidl_generator_py/lbot_arm_interfaces/srv/_set_emergency_s.c.o
[9.808s] [ 91%] Building C object CMakeFiles/lbot_arm_interfaces__rosidl_generator_py.dir/rosidl_generator_py/lbot_arm_interfaces/srv/_set_string_s.c.o
[9.809s] [ 92%] Building C object CMakeFiles/lbot_arm_interfaces__rosidl_generator_py.dir/rosidl_generator_py/lbot_arm_interfaces/srv/_forward_kinematics_s.c.o
[9.809s] [ 92%] Building C object CMakeFiles/lbot_arm_interfaces__rosidl_generator_py.dir/rosidl_generator_py/lbot_arm_interfaces/srv/_delete_frame_s.c.o
[9.809s] [ 92%] Building C object CMakeFiles/lbot_arm_interfaces__rosidl_generator_py.dir/rosidl_generator_py/lbot_arm_interfaces/srv/_get_current_frame_s.c.o
[9.809s] [ 93%] Building C object CMakeFiles/lbot_arm_interfaces__rosidl_generator_py.dir/rosidl_generator_py/lbot_arm_interfaces/srv/_get_all_frames_s.c.o
[9.809s] [ 94%] Building C object CMakeFiles/lbot_arm_interfaces__rosidl_generator_py.dir/rosidl_generator_py/lbot_arm_interfaces/srv/_move_l_s.c.o
[9.957s] [ 95%] Building C object CMakeFiles/lbot_arm_interfaces__rosidl_generator_py.dir/rosidl_generator_py/lbot_arm_interfaces/msg/_arm_state_s.c.o
[9.966s] [ 97%] Building C object CMakeFiles/lbot_arm_interfaces__rosidl_generator_py.dir/rosidl_generator_py/lbot_arm_interfaces/msg/_lbot_frame_s.c.o
[9.966s] [ 97%] Building C object CMakeFiles/lbot_arm_interfaces__rosidl_generator_py.dir/rosidl_generator_py/lbot_arm_interfaces/msg/_follow_joint_s.c.o
[9.966s] [ 97%] Building C object CMakeFiles/lbot_arm_interfaces__rosidl_generator_py.dir/rosidl_generator_py/lbot_arm_interfaces/msg/_lbot_pose_s.c.o
[10.063s] [ 97%] Linking C shared library rosidl_generator_py/lbot_arm_interfaces/liblbot_arm_interfaces__rosidl_generator_py.so
[10.102s] [ 97%] Built target lbot_arm_interfaces__rosidl_generator_py
[10.119s] [ 98%] Building C object CMakeFiles/lbot_arm_interfaces__rosidl_typesupport_fastrtps_c__pyext.dir/rosidl_generator_py/lbot_arm_interfaces/_lbot_arm_interfaces_s.ep.rosidl_typesupport_fastrtps_c.c.o
[10.120s] [ 99%] Building C object CMakeFiles/lbot_arm_interfaces__rosidl_typesupport_c__pyext.dir/rosidl_generator_py/lbot_arm_interfaces/_lbot_arm_interfaces_s.ep.rosidl_typesupport_c.c.o
[10.121s] [100%] Building C object CMakeFiles/lbot_arm_interfaces__rosidl_typesupport_introspection_c__pyext.dir/rosidl_generator_py/lbot_arm_interfaces/_lbot_arm_interfaces_s.ep.rosidl_typesupport_introspection_c.c.o
[10.272s] [100%] Linking C shared library rosidl_generator_py/lbot_arm_interfaces/lbot_arm_interfaces_s__rosidl_typesupport_fastrtps_c.cpython-310-x86_64-linux-gnu.so
[10.272s] [100%] Linking C shared library rosidl_generator_py/lbot_arm_interfaces/lbot_arm_interfaces_s__rosidl_typesupport_introspection_c.cpython-310-x86_64-linux-gnu.so
[10.273s] [100%] Linking C shared library rosidl_generator_py/lbot_arm_interfaces/lbot_arm_interfaces_s__rosidl_typesupport_c.cpython-310-x86_64-linux-gnu.so
[10.306s] [100%] Built target lbot_arm_interfaces__rosidl_typesupport_introspection_c__pyext
[10.310s] [100%] Built target lbot_arm_interfaces__rosidl_typesupport_fastrtps_c__pyext
[10.310s] [100%] Built target lbot_arm_interfaces__rosidl_typesupport_c__pyext
[10.318s] Invoked command in '/home/ilex/Dev/VIST/src/robot/sdk/arm_teleop/build/lbot_arm_interfaces' returned '0': CMAKE_PREFIX_PATH=/opt/ros/humble CONDA_PROMPT_MODIFIER=(base) /usr/bin/cmake --build /home/ilex/Dev/VIST/src/robot/sdk/arm_teleop/build/lbot_arm_interfaces -- -j16 -l16
[10.319s] Invoking command in '/home/ilex/Dev/VIST/src/robot/sdk/arm_teleop/build/lbot_arm_interfaces': CMAKE_PREFIX_PATH=/opt/ros/humble CONDA_PROMPT_MODIFIER=(base) /usr/bin/cmake --install /home/ilex/Dev/VIST/src/robot/sdk/arm_teleop/build/lbot_arm_interfaces
[10.325s] -- Install configuration: ""
[10.326s] -- Execute custom install script
[10.326s] -- Symlinking: /home/ilex/Dev/VIST/src/robot/sdk/arm_teleop/install/lbot_arm_interfaces/share/ament_index/resource_index/rosidl_interfaces/lbot_arm_interfaces
[10.332s] -- Symlinking: /home/ilex/Dev/VIST/src/robot/sdk/arm_teleop/install/lbot_arm_interfaces/include/lbot_arm_interfaces/lbot_arm_interfaces/msg/arm_state.h
[10.340s] -- Symlinking: /home/ilex/Dev/VIST/src/robot/sdk/arm_teleop/install/lbot_arm_interfaces/include/lbot_arm_interfaces/lbot_arm_interfaces/msg/detail/arm_state__functions.h
[10.347s] -- Symlinking: /home/ilex/Dev/VIST/src/robot/sdk/arm_teleop/install/lbot_arm_interfaces/include/lbot_arm_interfaces/lbot_arm_interfaces/msg/detail/arm_state__struct.h
[10.353s] -- Symlinking: /home/ilex/Dev/VIST/src/robot/sdk/arm_teleop/install/lbot_arm_interfaces/include/lbot_arm_interfaces/lbot_arm_interfaces/msg/detail/arm_state__type_support.h
[10.359s] -- Symlinking: /home/ilex/Dev/VIST/src/robot/sdk/arm_teleop/install/lbot_arm_interfaces/include/lbot_arm_interfaces/lbot_arm_interfaces/msg/detail/follow_joint__functions.h
[10.368s] -- Symlinking: /home/ilex/Dev/VIST/src/robot/sdk/arm_teleop/install/lbot_arm_interfaces/include/lbot_arm_interfaces/lbot_arm_interfaces/msg/detail/follow_joint__struct.h
[10.374s] -- Symlinking: /home/ilex/Dev/VIST/src/robot/sdk/arm_teleop/install/lbot_arm_interfaces/include/lbot_arm_interfaces/lbot_arm_interfaces/msg/detail/follow_joint__type_support.h
[10.380s] -- Symlinking: /home/ilex/Dev/VIST/src/robot/sdk/arm_teleop/install/lbot_arm_interfaces/include/lbot_arm_interfaces/lbot_arm_interfaces/msg/detail/lbot_frame__functions.h
[10.388s] -- Symlinking: /home/ilex/Dev/VIST/src/robot/sdk/arm_teleop/install/lbot_arm_interfaces/include/lbot_arm_interfaces/lbot_arm_interfaces/msg/detail/lbot_frame__struct.h
[10.394s] -- Symlinking: /home/ilex/Dev/VIST/src/robot/sdk/arm_teleop/install/lbot_arm_interfaces/include/lbot_arm_interfaces/lbot_arm_interfaces/msg/detail/lbot_frame__type_support.h
[10.401s] -- Symlinking: /home/ilex/Dev/VIST/src/robot/sdk/arm_teleop/install/lbot_arm_interfaces/include/lbot_arm_interfaces/lbot_arm_interfaces/msg/detail/lbot_pose__functions.h
[10.408s] -- Symlinking: /home/ilex/Dev/VIST/src/robot/sdk/arm_teleop/install/lbot_arm_interfaces/include/lbot_arm_interfaces/lbot_arm_interfaces/msg/detail/lbot_pose__struct.h
[10.415s] -- Symlinking: /home/ilex/Dev/VIST/src/robot/sdk/arm_teleop/install/lbot_arm_interfaces/include/lbot_arm_interfaces/lbot_arm_interfaces/msg/detail/lbot_pose__type_support.h
[10.423s] -- Symlinking: /home/ilex/Dev/VIST/src/robot/sdk/arm_teleop/install/lbot_arm_interfaces/include/lbot_arm_interfaces/lbot_arm_interfaces/msg/follow_joint.h
[10.431s] -- Symlinking: /home/ilex/Dev/VIST/src/robot/sdk/arm_teleop/install/lbot_arm_interfaces/include/lbot_arm_interfaces/lbot_arm_interfaces/msg/lbot_frame.h
[10.437s] -- Symlinking: /home/ilex/Dev/VIST/src/robot/sdk/arm_teleop/install/lbot_arm_interfaces/include/lbot_arm_interfaces/lbot_arm_interfaces/msg/lbot_pose.h
[10.442s] -- Symlinking: /home/ilex/Dev/VIST/src/robot/sdk/arm_teleop/install/lbot_arm_interfaces/include/lbot_arm_interfaces/lbot_arm_interfaces/msg/rosidl_generator_c__visibility_control.h
[10.448s] -- Symlinking: /home/ilex/Dev/VIST/src/robot/sdk/arm_teleop/install/lbot_arm_interfaces/include/lbot_arm_interfaces/lbot_arm_interfaces/srv/change_frame.h
[10.456s] -- Symlinking: /home/ilex/Dev/VIST/src/robot/sdk/arm_teleop/install/lbot_arm_interfaces/include/lbot_arm_interfaces/lbot_arm_interfaces/srv/delete_frame.h
[10.463s] -- Symlinking: /home/ilex/Dev/VIST/src/robot/sdk/arm_teleop/install/lbot_arm_interfaces/include/lbot_arm_interfaces/lbot_arm_interfaces/srv/detail/change_frame__functions.h
[10.468s] -- Symlinking: /home/ilex/Dev/VIST/src/robot/sdk/arm_teleop/install/lbot_arm_interfaces/include/lbot_arm_interfaces/lbot_arm_interfaces/srv/detail/change_frame__struct.h
[10.474s] -- Symlinking: /home/ilex/Dev/VIST/src/robot/sdk/arm_teleop/install/lbot_arm_interfaces/include/lbot_arm_interfaces/lbot_arm_interfaces/srv/detail/change_frame__type_support.h
[10.480s] -- Symlinking: /home/ilex/Dev/VIST/src/robot/sdk/arm_teleop/install/lbot_arm_interfaces/include/lbot_arm_interfaces/lbot_arm_interfaces/srv/detail/delete_frame__functions.h
[10.488s] -- Symlinking: /home/ilex/Dev/VIST/src/robot/sdk/arm_teleop/install/lbot_arm_interfaces/include/lbot_arm_interfaces/lbot_arm_interfaces/srv/detail/delete_frame__struct.h
[10.495s] -- Symlinking: /home/ilex/Dev/VIST/src/robot/sdk/arm_teleop/install/lbot_arm_interfaces/include/lbot_arm_interfaces/lbot_arm_interfaces/srv/detail/delete_frame__type_support.h
[10.500s] -- Symlinking: /home/ilex/Dev/VIST/src/robot/sdk/arm_teleop/install/lbot_arm_interfaces/include/lbot_arm_interfaces/lbot_arm_interfaces/srv/detail/forward_kinematics__functions.h
[10.506s] -- Symlinking: /home/ilex/Dev/VIST/src/robot/sdk/arm_teleop/install/lbot_arm_interfaces/include/lbot_arm_interfaces/lbot_arm_interfaces/srv/detail/forward_kinematics__struct.h
[10.511s] -- Symlinking: /home/ilex/Dev/VIST/src/robot/sdk/arm_teleop/install/lbot_arm_interfaces/include/lbot_arm_interfaces/lbot_arm_interfaces/srv/detail/forward_kinematics__type_support.h
[10.517s] -- Symlinking: /home/ilex/Dev/VIST/src/robot/sdk/arm_teleop/install/lbot_arm_interfaces/include/lbot_arm_interfaces/lbot_arm_interfaces/srv/detail/get_all_frames__functions.h
[10.522s] -- Symlinking: /home/ilex/Dev/VIST/src/robot/sdk/arm_teleop/install/lbot_arm_interfaces/include/lbot_arm_interfaces/lbot_arm_interfaces/srv/detail/get_all_frames__struct.h
[10.530s] -- Symlinking: /home/ilex/Dev/VIST/src/robot/sdk/arm_teleop/install/lbot_arm_interfaces/include/lbot_arm_interfaces/lbot_arm_interfaces/srv/detail/get_all_frames__type_support.h
[10.537s] -- Symlinking: /home/ilex/Dev/VIST/src/robot/sdk/arm_teleop/install/lbot_arm_interfaces/include/lbot_arm_interfaces/lbot_arm_interfaces/srv/detail/get_current_frame__functions.h
[10.544s] -- Symlinking: /home/ilex/Dev/VIST/src/robot/sdk/arm_teleop/install/lbot_arm_interfaces/include/lbot_arm_interfaces/lbot_arm_interfaces/srv/detail/get_current_frame__struct.h
[10.551s] -- Symlinking: /home/ilex/Dev/VIST/src/robot/sdk/arm_teleop/install/lbot_arm_interfaces/include/lbot_arm_interfaces/lbot_arm_interfaces/srv/detail/get_current_frame__type_support.h
[10.559s] -- Symlinking: /home/ilex/Dev/VIST/src/robot/sdk/arm_teleop/install/lbot_arm_interfaces/include/lbot_arm_interfaces/lbot_arm_interfaces/srv/detail/get_frame__functions.h
[10.564s] -- Symlinking: /home/ilex/Dev/VIST/src/robot/sdk/arm_teleop/install/lbot_arm_interfaces/include/lbot_arm_interfaces/lbot_arm_interfaces/srv/detail/get_frame__struct.h
[10.570s] -- Symlinking: /home/ilex/Dev/VIST/src/robot/sdk/arm_teleop/install/lbot_arm_interfaces/include/lbot_arm_interfaces/lbot_arm_interfaces/srv/detail/get_frame__type_support.h
[10.577s] -- Symlinking: /home/ilex/Dev/VIST/src/robot/sdk/arm_teleop/install/lbot_arm_interfaces/include/lbot_arm_interfaces/lbot_arm_interfaces/srv/detail/inverse_kinematics__functions.h
[10.583s] -- Symlinking: /home/ilex/Dev/VIST/src/robot/sdk/arm_teleop/install/lbot_arm_interfaces/include/lbot_arm_interfaces/lbot_arm_interfaces/srv/detail/inverse_kinematics__struct.h
[10.589s] -- Symlinking: /home/ilex/Dev/VIST/src/robot/sdk/arm_teleop/install/lbot_arm_interfaces/include/lbot_arm_interfaces/lbot_arm_interfaces/srv/detail/inverse_kinematics__type_support.h
[10.595s] -- Symlinking: /home/ilex/Dev/VIST/src/robot/sdk/arm_teleop/install/lbot_arm_interfaces/include/lbot_arm_interfaces/lbot_arm_interfaces/srv/detail/move_c__functions.h
[10.601s] -- Symlinking: /home/ilex/Dev/VIST/src/robot/sdk/arm_teleop/install/lbot_arm_interfaces/include/lbot_arm_interfaces/lbot_arm_interfaces/srv/detail/move_c__struct.h
[10.606s] -- Symlinking: /home/ilex/Dev/VIST/src/robot/sdk/arm_teleop/install/lbot_arm_interfaces/include/lbot_arm_interfaces/lbot_arm_interfaces/srv/detail/move_c__type_support.h
[10.611s] -- Symlinking: /home/ilex/Dev/VIST/src/robot/sdk/arm_teleop/install/lbot_arm_interfaces/include/lbot_arm_interfaces/lbot_arm_interfaces/srv/detail/move_j__functions.h
[10.616s] -- Symlinking: /home/ilex/Dev/VIST/src/robot/sdk/arm_teleop/install/lbot_arm_interfaces/include/lbot_arm_interfaces/lbot_arm_interfaces/srv/detail/move_j__struct.h
[10.622s] -- Symlinking: /home/ilex/Dev/VIST/src/robot/sdk/arm_teleop/install/lbot_arm_interfaces/include/lbot_arm_interfaces/lbot_arm_interfaces/srv/detail/move_j__type_support.h
[10.628s] -- Symlinking: /home/ilex/Dev/VIST/src/robot/sdk/arm_teleop/install/lbot_arm_interfaces/include/lbot_arm_interfaces/lbot_arm_interfaces/srv/detail/move_jp__functions.h
[10.635s] -- Symlinking: /home/ilex/Dev/VIST/src/robot/sdk/arm_teleop/install/lbot_arm_interfaces/include/lbot_arm_interfaces/lbot_arm_interfaces/srv/detail/move_jp__struct.h
[10.641s] -- Symlinking: /home/ilex/Dev/VIST/src/robot/sdk/arm_teleop/install/lbot_arm_interfaces/include/lbot_arm_interfaces/lbot_arm_interfaces/srv/detail/move_jp__type_support.h
[10.647s] -- Symlinking: /home/ilex/Dev/VIST/src/robot/sdk/arm_teleop/install/lbot_arm_interfaces/include/lbot_arm_interfaces/lbot_arm_interfaces/srv/detail/move_l__functions.h
[10.654s] -- Symlinking: /home/ilex/Dev/VIST/src/robot/sdk/arm_teleop/install/lbot_arm_interfaces/include/lbot_arm_interfaces/lbot_arm_interfaces/srv/detail/move_l__struct.h
[10.661s] -- Symlinking: /home/ilex/Dev/VIST/src/robot/sdk/arm_teleop/install/lbot_arm_interfaces/include/lbot_arm_interfaces/lbot_arm_interfaces/srv/detail/move_l__type_support.h
[10.669s] -- Symlinking: /home/ilex/Dev/VIST/src/robot/sdk/arm_teleop/install/lbot_arm_interfaces/include/lbot_arm_interfaces/lbot_arm_interfaces/srv/detail/set_emergency__functions.h
[10.675s] -- Symlinking: /home/ilex/Dev/VIST/src/robot/sdk/arm_teleop/install/lbot_arm_interfaces/include/lbot_arm_interfaces/lbot_arm_interfaces/srv/detail/set_emergency__struct.h
[10.681s] -- Symlinking: /home/ilex/Dev/VIST/src/robot/sdk/arm_teleop/install/lbot_arm_interfaces/include/lbot_arm_interfaces/lbot_arm_interfaces/srv/detail/set_emergency__type_support.h
[10.688s] -- Symlinking: /home/ilex/Dev/VIST/src/robot/sdk/arm_teleop/install/lbot_arm_interfaces/include/lbot_arm_interfaces/lbot_arm_interfaces/srv/detail/set_enable__functions.h
[10.695s] -- Symlinking: /home/ilex/Dev/VIST/src/robot/sdk/arm_teleop/install/lbot_arm_interfaces/include/lbot_arm_interfaces/lbot_arm_interfaces/srv/detail/set_enable__struct.h
[10.702s] -- Symlinking: /home/ilex/Dev/VIST/src/robot/sdk/arm_teleop/install/lbot_arm_interfaces/include/lbot_arm_interfaces/lbot_arm_interfaces/srv/detail/set_enable__type_support.h
[10.707s] -- Symlinking: /home/ilex/Dev/VIST/src/robot/sdk/arm_teleop/install/lbot_arm_interfaces/include/lbot_arm_interfaces/lbot_arm_interfaces/srv/detail/set_frame__functions.h
[10.713s] -- Symlinking: /home/ilex/Dev/VIST/src/robot/sdk/arm_teleop/install/lbot_arm_interfaces/include/lbot_arm_interfaces/lbot_arm_interfaces/srv/detail/set_frame__struct.h
[10.719s] -- Symlinking: /home/ilex/Dev/VIST/src/robot/sdk/arm_teleop/install/lbot_arm_interfaces/include/lbot_arm_interfaces/lbot_arm_interfaces/srv/detail/set_frame__type_support.h
[10.724s] -- Symlinking: /home/ilex/Dev/VIST/src/robot/sdk/arm_teleop/install/lbot_arm_interfaces/include/lbot_arm_interfaces/lbot_arm_interfaces/srv/detail/set_string__functions.h
[10.730s] -- Symlinking: /home/ilex/Dev/VIST/src/robot/sdk/arm_teleop/install/lbot_arm_interfaces/include/lbot_arm_interfaces/lbot_arm_interfaces/srv/detail/set_string__struct.h
[10.735s] -- Symlinking: /home/ilex/Dev/VIST/src/robot/sdk/arm_teleop/install/lbot_arm_interfaces/include/lbot_arm_interfaces/lbot_arm_interfaces/srv/detail/set_string__type_support.h
[10.741s] -- Symlinking: /home/ilex/Dev/VIST/src/robot/sdk/arm_teleop/install/lbot_arm_interfaces/include/lbot_arm_interfaces/lbot_arm_interfaces/srv/detail/set_zero__functions.h
[10.747s] -- Symlinking: /home/ilex/Dev/VIST/src/robot/sdk/arm_teleop/install/lbot_arm_interfaces/include/lbot_arm_interfaces/lbot_arm_interfaces/srv/detail/set_zero__struct.h
[10.752s] -- Symlinking: /home/ilex/Dev/VIST/src/robot/sdk/arm_teleop/install/lbot_arm_interfaces/include/lbot_arm_interfaces/lbot_arm_interfaces/srv/detail/set_zero__type_support.h
[10.760s] -- Symlinking: /home/ilex/Dev/VIST/src/robot/sdk/arm_teleop/install/lbot_arm_interfaces/include/lbot_arm_interfaces/lbot_arm_interfaces/srv/forward_kinematics.h
[10.767s] -- Symlinking: /home/ilex/Dev/VIST/src/robot/sdk/arm_teleop/install/lbot_arm_interfaces/include/lbot_arm_interfaces/lbot_arm_interfaces/srv/get_all_frames.h
[10.775s] -- Symlinking: /home/ilex/Dev/VIST/src/robot/sdk/arm_teleop/install/lbot_arm_interfaces/include/lbot_arm_interfaces/lbot_arm_interfaces/srv/get_current_frame.h
[10.783s] -- Symlinking: /home/ilex/Dev/VIST/src/robot/sdk/arm_teleop/install/lbot_arm_interfaces/include/lbot_arm_interfaces/lbot_arm_interfaces/srv/get_frame.h
[10.790s] -- Symlinking: /home/ilex/Dev/VIST/src/robot/sdk/arm_teleop/install/lbot_arm_interfaces/include/lbot_arm_interfaces/lbot_arm_interfaces/srv/inverse_kinematics.h
[10.797s] -- Symlinking: /home/ilex/Dev/VIST/src/robot/sdk/arm_teleop/install/lbot_arm_interfaces/include/lbot_arm_interfaces/lbot_arm_interfaces/srv/move_c.h
[10.802s] -- Symlinking: /home/ilex/Dev/VIST/src/robot/sdk/arm_teleop/install/lbot_arm_interfaces/include/lbot_arm_interfaces/lbot_arm_interfaces/srv/move_j.h
[10.807s] -- Symlinking: /home/ilex/Dev/VIST/src/robot/sdk/arm_teleop/install/lbot_arm_interfaces/include/lbot_arm_interfaces/lbot_arm_interfaces/srv/move_jp.h
[10.813s] -- Symlinking: /home/ilex/Dev/VIST/src/robot/sdk/arm_teleop/install/lbot_arm_interfaces/include/lbot_arm_interfaces/lbot_arm_interfaces/srv/move_l.h
[10.818s] -- Symlinking: /home/ilex/Dev/VIST/src/robot/sdk/arm_teleop/install/lbot_arm_interfaces/include/lbot_arm_interfaces/lbot_arm_interfaces/srv/set_emergency.h
[10.824s] -- Symlinking: /home/ilex/Dev/VIST/src/robot/sdk/arm_teleop/install/lbot_arm_interfaces/include/lbot_arm_interfaces/lbot_arm_interfaces/srv/set_enable.h
[10.831s] -- Symlinking: /home/ilex/Dev/VIST/src/robot/sdk/arm_teleop/install/lbot_arm_interfaces/include/lbot_arm_interfaces/lbot_arm_interfaces/srv/set_frame.h
[10.837s] -- Symlinking: /home/ilex/Dev/VIST/src/robot/sdk/arm_teleop/install/lbot_arm_interfaces/include/lbot_arm_interfaces/lbot_arm_interfaces/srv/set_string.h
[10.844s] -- Symlinking: /home/ilex/Dev/VIST/src/robot/sdk/arm_teleop/install/lbot_arm_interfaces/include/lbot_arm_interfaces/lbot_arm_interfaces/srv/set_zero.h
[10.850s] -- Symlinking: /home/ilex/Dev/VIST/src/robot/sdk/arm_teleop/install/lbot_arm_interfaces/share/lbot_arm_interfaces/environment/library_path.sh
[10.855s] -- Symlinking: /home/ilex/Dev/VIST/src/robot/sdk/arm_teleop/install/lbot_arm_interfaces/share/lbot_arm_interfaces/environment/library_path.dsv
[10.862s] -- Symlinking: /home/ilex/Dev/VIST/src/robot/sdk/arm_teleop/install/lbot_arm_interfaces/include/lbot_arm_interfaces/lbot_arm_interfaces/msg/detail/arm_state__rosidl_typesupport_fastrtps_c.h
[10.867s] -- Symlinking: /home/ilex/Dev/VIST/src/robot/sdk/arm_teleop/install/lbot_arm_interfaces/include/lbot_arm_interfaces/lbot_arm_interfaces/msg/detail/follow_joint__rosidl_typesupport_fastrtps_c.h
[10.875s] -- Symlinking: /home/ilex/Dev/VIST/src/robot/sdk/arm_teleop/install/lbot_arm_interfaces/include/lbot_arm_interfaces/lbot_arm_interfaces/msg/detail/lbot_frame__rosidl_typesupport_fastrtps_c.h
[10.881s] -- Symlinking: /home/ilex/Dev/VIST/src/robot/sdk/arm_teleop/install/lbot_arm_interfaces/include/lbot_arm_interfaces/lbot_arm_interfaces/msg/detail/lbot_pose__rosidl_typesupport_fastrtps_c.h
[10.889s] -- Symlinking: /home/ilex/Dev/VIST/src/robot/sdk/arm_teleop/install/lbot_arm_interfaces/include/lbot_arm_interfaces/lbot_arm_interfaces/msg/rosidl_typesupport_fastrtps_c__visibility_control.h
[10.896s] -- Symlinking: /home/ilex/Dev/VIST/src/robot/sdk/arm_teleop/install/lbot_arm_interfaces/include/lbot_arm_interfaces/lbot_arm_interfaces/srv/detail/change_frame__rosidl_typesupport_fastrtps_c.h
[10.902s] -- Symlinking: /home/ilex/Dev/VIST/src/robot/sdk/arm_teleop/install/lbot_arm_interfaces/include/lbot_arm_interfaces/lbot_arm_interfaces/srv/detail/delete_frame__rosidl_typesupport_fastrtps_c.h
[10.911s] -- Symlinking: /home/ilex/Dev/VIST/src/robot/sdk/arm_teleop/install/lbot_arm_interfaces/include/lbot_arm_interfaces/lbot_arm_interfaces/srv/detail/forward_kinematics__rosidl_typesupport_fastrtps_c.h
[10.916s] -- Symlinking: /home/ilex/Dev/VIST/src/robot/sdk/arm_teleop/install/lbot_arm_interfaces/include/lbot_arm_interfaces/lbot_arm_interfaces/srv/detail/get_all_frames__rosidl_typesupport_fastrtps_c.h
[10.923s] -- Symlinking: /home/ilex/Dev/VIST/src/robot/sdk/arm_teleop/install/lbot_arm_interfaces/include/lbot_arm_interfaces/lbot_arm_interfaces/srv/detail/get_current_frame__rosidl_typesupport_fastrtps_c.h
[10.930s] -- Symlinking: /home/ilex/Dev/VIST/src/robot/sdk/arm_teleop/install/lbot_arm_interfaces/include/lbot_arm_interfaces/lbot_arm_interfaces/srv/detail/get_frame__rosidl_typesupport_fastrtps_c.h
[10.935s] -- Symlinking: /home/ilex/Dev/VIST/src/robot/sdk/arm_teleop/install/lbot_arm_interfaces/include/lbot_arm_interfaces/lbot_arm_interfaces/srv/detail/inverse_kinematics__rosidl_typesupport_fastrtps_c.h
[10.941s] -- Symlinking: /home/ilex/Dev/VIST/src/robot/sdk/arm_teleop/install/lbot_arm_interfaces/include/lbot_arm_interfaces/lbot_arm_interfaces/srv/detail/move_c__rosidl_typesupport_fastrtps_c.h
[10.947s] -- Symlinking: /home/ilex/Dev/VIST/src/robot/sdk/arm_teleop/install/lbot_arm_interfaces/include/lbot_arm_interfaces/lbot_arm_interfaces/srv/detail/move_j__rosidl_typesupport_fastrtps_c.h
[10.954s] -- Symlinking: /home/ilex/Dev/VIST/src/robot/sdk/arm_teleop/install/lbot_arm_interfaces/include/lbot_arm_interfaces/lbot_arm_interfaces/srv/detail/move_jp__rosidl_typesupport_fastrtps_c.h
[10.961s] -- Symlinking: /home/ilex/Dev/VIST/src/robot/sdk/arm_teleop/install/lbot_arm_interfaces/include/lbot_arm_interfaces/lbot_arm_interfaces/srv/detail/move_l__rosidl_typesupport_fastrtps_c.h
[10.967s] -- Symlinking: /home/ilex/Dev/VIST/src/robot/sdk/arm_teleop/install/lbot_arm_interfaces/include/lbot_arm_interfaces/lbot_arm_interfaces/srv/detail/set_emergency__rosidl_typesupport_fastrtps_c.h
[10.972s] -- Symlinking: /home/ilex/Dev/VIST/src/robot/sdk/arm_teleop/install/lbot_arm_interfaces/include/lbot_arm_interfaces/lbot_arm_interfaces/srv/detail/set_enable__rosidl_typesupport_fastrtps_c.h
[10.977s] -- Symlinking: /home/ilex/Dev/VIST/src/robot/sdk/arm_teleop/install/lbot_arm_interfaces/include/lbot_arm_interfaces/lbot_arm_interfaces/srv/detail/set_frame__rosidl_typesupport_fastrtps_c.h
[10.986s] -- Symlinking: /home/ilex/Dev/VIST/src/robot/sdk/arm_teleop/install/lbot_arm_interfaces/include/lbot_arm_interfaces/lbot_arm_interfaces/srv/detail/set_string__rosidl_typesupport_fastrtps_c.h
[10.994s] -- Symlinking: /home/ilex/Dev/VIST/src/robot/sdk/arm_teleop/install/lbot_arm_interfaces/include/lbot_arm_interfaces/lbot_arm_interfaces/srv/detail/set_zero__rosidl_typesupport_fastrtps_c.h
[11.002s] -- Symlinking: /home/ilex/Dev/VIST/src/robot/sdk/arm_teleop/install/lbot_arm_interfaces/include/lbot_arm_interfaces/lbot_arm_interfaces/msg/arm_state.hpp
[11.010s] -- Symlinking: /home/ilex/Dev/VIST/src/robot/sdk/arm_teleop/install/lbot_arm_interfaces/include/lbot_arm_interfaces/lbot_arm_interfaces/msg/detail/arm_state__builder.hpp
[11.018s] -- Symlinking: /home/ilex/Dev/VIST/src/robot/sdk/arm_teleop/install/lbot_arm_interfaces/include/lbot_arm_interfaces/lbot_arm_interfaces/msg/detail/arm_state__struct.hpp
[11.024s] -- Symlinking: /home/ilex/Dev/VIST/src/robot/sdk/arm_teleop/install/lbot_arm_interfaces/include/lbot_arm_interfaces/lbot_arm_interfaces/msg/detail/arm_state__traits.hpp
[11.032s] -- Symlinking: /home/ilex/Dev/VIST/src/robot/sdk/arm_teleop/install/lbot_arm_interfaces/include/lbot_arm_interfaces/lbot_arm_interfaces/msg/detail/arm_state__type_support.hpp
[11.038s] -- Symlinking: /home/ilex/Dev/VIST/src/robot/sdk/arm_teleop/install/lbot_arm_interfaces/include/lbot_arm_interfaces/lbot_arm_interfaces/msg/detail/follow_joint__builder.hpp
[11.043s] -- Symlinking: /home/ilex/Dev/VIST/src/robot/sdk/arm_teleop/install/lbot_arm_interfaces/include/lbot_arm_interfaces/lbot_arm_interfaces/msg/detail/follow_joint__struct.hpp
[11.050s] -- Symlinking: /home/ilex/Dev/VIST/src/robot/sdk/arm_teleop/install/lbot_arm_interfaces/include/lbot_arm_interfaces/lbot_arm_interfaces/msg/detail/follow_joint__traits.hpp
[11.055s] -- Symlinking: /home/ilex/Dev/VIST/src/robot/sdk/arm_teleop/install/lbot_arm_interfaces/include/lbot_arm_interfaces/lbot_arm_interfaces/msg/detail/follow_joint__type_support.hpp
[11.060s] -- Symlinking: /home/ilex/Dev/VIST/src/robot/sdk/arm_teleop/install/lbot_arm_interfaces/include/lbot_arm_interfaces/lbot_arm_interfaces/msg/detail/lbot_frame__builder.hpp
[11.065s] -- Symlinking: /home/ilex/Dev/VIST/src/robot/sdk/arm_teleop/install/lbot_arm_interfaces/include/lbot_arm_interfaces/lbot_arm_interfaces/msg/detail/lbot_frame__struct.hpp
[11.071s] -- Symlinking: /home/ilex/Dev/VIST/src/robot/sdk/arm_teleop/install/lbot_arm_interfaces/include/lbot_arm_interfaces/lbot_arm_interfaces/msg/detail/lbot_frame__traits.hpp
[11.076s] -- Symlinking: /home/ilex/Dev/VIST/src/robot/sdk/arm_teleop/install/lbot_arm_interfaces/include/lbot_arm_interfaces/lbot_arm_interfaces/msg/detail/lbot_frame__type_support.hpp
[11.082s] -- Symlinking: /home/ilex/Dev/VIST/src/robot/sdk/arm_teleop/install/lbot_arm_interfaces/include/lbot_arm_interfaces/lbot_arm_interfaces/msg/detail/lbot_pose__builder.hpp
[11.089s] -- Symlinking: /home/ilex/Dev/VIST/src/robot/sdk/arm_teleop/install/lbot_arm_interfaces/include/lbot_arm_interfaces/lbot_arm_interfaces/msg/detail/lbot_pose__struct.hpp
[11.094s] -- Symlinking: /home/ilex/Dev/VIST/src/robot/sdk/arm_teleop/install/lbot_arm_interfaces/include/lbot_arm_interfaces/lbot_arm_interfaces/msg/detail/lbot_pose__traits.hpp
[11.099s] -- Symlinking: /home/ilex/Dev/VIST/src/robot/sdk/arm_teleop/install/lbot_arm_interfaces/include/lbot_arm_interfaces/lbot_arm_interfaces/msg/detail/lbot_pose__type_support.hpp
[11.105s] -- Symlinking: /home/ilex/Dev/VIST/src/robot/sdk/arm_teleop/install/lbot_arm_interfaces/include/lbot_arm_interfaces/lbot_arm_interfaces/msg/follow_joint.hpp
[11.113s] -- Symlinking: /home/ilex/Dev/VIST/src/robot/sdk/arm_teleop/install/lbot_arm_interfaces/include/lbot_arm_interfaces/lbot_arm_interfaces/msg/lbot_frame.hpp
[11.118s] -- Symlinking: /home/ilex/Dev/VIST/src/robot/sdk/arm_teleop/install/lbot_arm_interfaces/include/lbot_arm_interfaces/lbot_arm_interfaces/msg/lbot_pose.hpp
[11.125s] -- Symlinking: /home/ilex/Dev/VIST/src/robot/sdk/arm_teleop/install/lbot_arm_interfaces/include/lbot_arm_interfaces/lbot_arm_interfaces/msg/rosidl_generator_cpp__visibility_control.hpp
[11.131s] -- Symlinking: /home/ilex/Dev/VIST/src/robot/sdk/arm_teleop/install/lbot_arm_interfaces/include/lbot_arm_interfaces/lbot_arm_interfaces/srv/change_frame.hpp
[11.138s] -- Symlinking: /home/ilex/Dev/VIST/src/robot/sdk/arm_teleop/install/lbot_arm_interfaces/include/lbot_arm_interfaces/lbot_arm_interfaces/srv/delete_frame.hpp
[11.145s] -- Symlinking: /home/ilex/Dev/VIST/src/robot/sdk/arm_teleop/install/lbot_arm_interfaces/include/lbot_arm_interfaces/lbot_arm_interfaces/srv/detail/change_frame__builder.hpp
[11.150s] -- Symlinking: /home/ilex/Dev/VIST/src/robot/sdk/arm_teleop/install/lbot_arm_interfaces/include/lbot_arm_interfaces/lbot_arm_interfaces/srv/detail/change_frame__struct.hpp
[11.155s] -- Symlinking: /home/ilex/Dev/VIST/src/robot/sdk/arm_teleop/install/lbot_arm_interfaces/include/lbot_arm_interfaces/lbot_arm_interfaces/srv/detail/change_frame__traits.hpp
[11.160s] -- Symlinking: /home/ilex/Dev/VIST/src/robot/sdk/arm_teleop/install/lbot_arm_interfaces/include/lbot_arm_interfaces/lbot_arm_interfaces/srv/detail/change_frame__type_support.hpp
[11.167s] -- Symlinking: /home/ilex/Dev/VIST/src/robot/sdk/arm_teleop/install/lbot_arm_interfaces/include/lbot_arm_interfaces/lbot_arm_interfaces/srv/detail/delete_frame__builder.hpp
[11.173s] -- Symlinking: /home/ilex/Dev/VIST/src/robot/sdk/arm_teleop/install/lbot_arm_interfaces/include/lbot_arm_interfaces/lbot_arm_interfaces/srv/detail/delete_frame__struct.hpp
[11.179s] -- Symlinking: /home/ilex/Dev/VIST/src/robot/sdk/arm_teleop/install/lbot_arm_interfaces/include/lbot_arm_interfaces/lbot_arm_interfaces/srv/detail/delete_frame__traits.hpp
[11.185s] -- Symlinking: /home/ilex/Dev/VIST/src/robot/sdk/arm_teleop/install/lbot_arm_interfaces/include/lbot_arm_interfaces/lbot_arm_interfaces/srv/detail/delete_frame__type_support.hpp
[11.192s] -- Symlinking: /home/ilex/Dev/VIST/src/robot/sdk/arm_teleop/install/lbot_arm_interfaces/include/lbot_arm_interfaces/lbot_arm_interfaces/srv/detail/forward_kinematics__builder.hpp
[11.197s] -- Symlinking: /home/ilex/Dev/VIST/src/robot/sdk/arm_teleop/install/lbot_arm_interfaces/include/lbot_arm_interfaces/lbot_arm_interfaces/srv/detail/forward_kinematics__struct.hpp
[11.204s] -- Symlinking: /home/ilex/Dev/VIST/src/robot/sdk/arm_teleop/install/lbot_arm_interfaces/include/lbot_arm_interfaces/lbot_arm_interfaces/srv/detail/forward_kinematics__traits.hpp
[11.210s] -- Symlinking: /home/ilex/Dev/VIST/src/robot/sdk/arm_teleop/install/lbot_arm_interfaces/include/lbot_arm_interfaces/lbot_arm_interfaces/srv/detail/forward_kinematics__type_support.hpp
[11.217s] -- Symlinking: /home/ilex/Dev/VIST/src/robot/sdk/arm_teleop/install/lbot_arm_interfaces/include/lbot_arm_interfaces/lbot_arm_interfaces/srv/detail/get_all_frames__builder.hpp
[11.224s] -- Symlinking: /home/ilex/Dev/VIST/src/robot/sdk/arm_teleop/install/lbot_arm_interfaces/include/lbot_arm_interfaces/lbot_arm_interfaces/srv/detail/get_all_frames__struct.hpp
[11.230s] -- Symlinking: /home/ilex/Dev/VIST/src/robot/sdk/arm_teleop/install/lbot_arm_interfaces/include/lbot_arm_interfaces/lbot_arm_interfaces/srv/detail/get_all_frames__traits.hpp
[11.236s] -- Symlinking: /home/ilex/Dev/VIST/src/robot/sdk/arm_teleop/install/lbot_arm_interfaces/include/lbot_arm_interfaces/lbot_arm_interfaces/srv/detail/get_all_frames__type_support.hpp
[11.242s] -- Symlinking: /home/ilex/Dev/VIST/src/robot/sdk/arm_teleop/install/lbot_arm_interfaces/include/lbot_arm_interfaces/lbot_arm_interfaces/srv/detail/get_current_frame__builder.hpp
[11.250s] -- Symlinking: /home/ilex/Dev/VIST/src/robot/sdk/arm_teleop/install/lbot_arm_interfaces/include/lbot_arm_interfaces/lbot_arm_interfaces/srv/detail/get_current_frame__struct.hpp
[11.258s] -- Symlinking: /home/ilex/Dev/VIST/src/robot/sdk/arm_teleop/install/lbot_arm_interfaces/include/lbot_arm_interfaces/lbot_arm_interfaces/srv/detail/get_current_frame__traits.hpp
[11.263s] -- Symlinking: /home/ilex/Dev/VIST/src/robot/sdk/arm_teleop/install/lbot_arm_interfaces/include/lbot_arm_interfaces/lbot_arm_interfaces/srv/detail/get_current_frame__type_support.hpp
[11.269s] -- Symlinking: /home/ilex/Dev/VIST/src/robot/sdk/arm_teleop/install/lbot_arm_interfaces/include/lbot_arm_interfaces/lbot_arm_interfaces/srv/detail/get_frame__builder.hpp
[11.275s] -- Symlinking: /home/ilex/Dev/VIST/src/robot/sdk/arm_teleop/install/lbot_arm_interfaces/include/lbot_arm_interfaces/lbot_arm_interfaces/srv/detail/get_frame__struct.hpp
[11.280s] -- Symlinking: /home/ilex/Dev/VIST/src/robot/sdk/arm_teleop/install/lbot_arm_interfaces/include/lbot_arm_interfaces/lbot_arm_interfaces/srv/detail/get_frame__traits.hpp
[11.286s] -- Symlinking: /home/ilex/Dev/VIST/src/robot/sdk/arm_teleop/install/lbot_arm_interfaces/include/lbot_arm_interfaces/lbot_arm_interfaces/srv/detail/get_frame__type_support.hpp
[11.291s] -- Symlinking: /home/ilex/Dev/VIST/src/robot/sdk/arm_teleop/install/lbot_arm_interfaces/include/lbot_arm_interfaces/lbot_arm_interfaces/srv/detail/inverse_kinematics__builder.hpp
[11.296s] -- Symlinking: /home/ilex/Dev/VIST/src/robot/sdk/arm_teleop/install/lbot_arm_interfaces/include/lbot_arm_interfaces/lbot_arm_interfaces/srv/detail/inverse_kinematics__struct.hpp
[11.301s] -- Symlinking: /home/ilex/Dev/VIST/src/robot/sdk/arm_teleop/install/lbot_arm_interfaces/include/lbot_arm_interfaces/lbot_arm_interfaces/srv/detail/inverse_kinematics__traits.hpp
[11.306s] -- Symlinking: /home/ilex/Dev/VIST/src/robot/sdk/arm_teleop/install/lbot_arm_interfaces/include/lbot_arm_interfaces/lbot_arm_interfaces/srv/detail/inverse_kinematics__type_support.hpp
[11.312s] -- Symlinking: /home/ilex/Dev/VIST/src/robot/sdk/arm_teleop/install/lbot_arm_interfaces/include/lbot_arm_interfaces/lbot_arm_interfaces/srv/detail/move_c__builder.hpp
[11.317s] -- Symlinking: /home/ilex/Dev/VIST/src/robot/sdk/arm_teleop/install/lbot_arm_interfaces/include/lbot_arm_interfaces/lbot_arm_interfaces/srv/detail/move_c__struct.hpp
[11.323s] -- Symlinking: /home/ilex/Dev/VIST/src/robot/sdk/arm_teleop/install/lbot_arm_interfaces/include/lbot_arm_interfaces/lbot_arm_interfaces/srv/detail/move_c__traits.hpp
[11.328s] -- Symlinking: /home/ilex/Dev/VIST/src/robot/sdk/arm_teleop/install/lbot_arm_interfaces/include/lbot_arm_interfaces/lbot_arm_interfaces/srv/detail/move_c__type_support.hpp
[11.333s] -- Symlinking: /home/ilex/Dev/VIST/src/robot/sdk/arm_teleop/install/lbot_arm_interfaces/include/lbot_arm_interfaces/lbot_arm_interfaces/srv/detail/move_j__builder.hpp
[11.338s] -- Symlinking: /home/ilex/Dev/VIST/src/robot/sdk/arm_teleop/install/lbot_arm_interfaces/include/lbot_arm_interfaces/lbot_arm_interfaces/srv/detail/move_j__struct.hpp
[11.344s] -- Symlinking: /home/ilex/Dev/VIST/src/robot/sdk/arm_teleop/install/lbot_arm_interfaces/include/lbot_arm_interfaces/lbot_arm_interfaces/srv/detail/move_j__traits.hpp
[11.350s] -- Symlinking: /home/ilex/Dev/VIST/src/robot/sdk/arm_teleop/install/lbot_arm_interfaces/include/lbot_arm_interfaces/lbot_arm_interfaces/srv/detail/move_j__type_support.hpp
[11.356s] -- Symlinking: /home/ilex/Dev/VIST/src/robot/sdk/arm_teleop/install/lbot_arm_interfaces/include/lbot_arm_interfaces/lbot_arm_interfaces/srv/detail/move_jp__builder.hpp
[11.363s] -- Symlinking: /home/ilex/Dev/VIST/src/robot/sdk/arm_teleop/install/lbot_arm_interfaces/include/lbot_arm_interfaces/lbot_arm_interfaces/srv/detail/move_jp__struct.hpp
[11.370s] -- Symlinking: /home/ilex/Dev/VIST/src/robot/sdk/arm_teleop/install/lbot_arm_interfaces/include/lbot_arm_interfaces/lbot_arm_interfaces/srv/detail/move_jp__traits.hpp
[11.377s] -- Symlinking: /home/ilex/Dev/VIST/src/robot/sdk/arm_teleop/install/lbot_arm_interfaces/include/lbot_arm_interfaces/lbot_arm_interfaces/srv/detail/move_jp__type_support.hpp
[11.382s] -- Symlinking: /home/ilex/Dev/VIST/src/robot/sdk/arm_teleop/install/lbot_arm_interfaces/include/lbot_arm_interfaces/lbot_arm_interfaces/srv/detail/move_l__builder.hpp
[11.388s] -- Symlinking: /home/ilex/Dev/VIST/src/robot/sdk/arm_teleop/install/lbot_arm_interfaces/include/lbot_arm_interfaces/lbot_arm_interfaces/srv/detail/move_l__struct.hpp
[11.393s] -- Symlinking: /home/ilex/Dev/VIST/src/robot/sdk/arm_teleop/install/lbot_arm_interfaces/include/lbot_arm_interfaces/lbot_arm_interfaces/srv/detail/move_l__traits.hpp
[11.398s] -- Symlinking: /home/ilex/Dev/VIST/src/robot/sdk/arm_teleop/install/lbot_arm_interfaces/include/lbot_arm_interfaces/lbot_arm_interfaces/srv/detail/move_l__type_support.hpp
[11.405s] -- Symlinking: /home/ilex/Dev/VIST/src/robot/sdk/arm_teleop/install/lbot_arm_interfaces/include/lbot_arm_interfaces/lbot_arm_interfaces/srv/detail/set_emergency__builder.hpp
[11.412s] -- Symlinking: /home/ilex/Dev/VIST/src/robot/sdk/arm_teleop/install/lbot_arm_interfaces/include/lbot_arm_interfaces/lbot_arm_interfaces/srv/detail/set_emergency__struct.hpp
[11.420s] -- Symlinking: /home/ilex/Dev/VIST/src/robot/sdk/arm_teleop/install/lbot_arm_interfaces/include/lbot_arm_interfaces/lbot_arm_interfaces/srv/detail/set_emergency__traits.hpp
[11.425s] -- Symlinking: /home/ilex/Dev/VIST/src/robot/sdk/arm_teleop/install/lbot_arm_interfaces/include/lbot_arm_interfaces/lbot_arm_interfaces/srv/detail/set_emergency__type_support.hpp
[11.430s] -- Symlinking: /home/ilex/Dev/VIST/src/robot/sdk/arm_teleop/install/lbot_arm_interfaces/include/lbot_arm_interfaces/lbot_arm_interfaces/srv/detail/set_enable__builder.hpp
[11.437s] -- Symlinking: /home/ilex/Dev/VIST/src/robot/sdk/arm_teleop/install/lbot_arm_interfaces/include/lbot_arm_interfaces/lbot_arm_interfaces/srv/detail/set_enable__struct.hpp
[11.443s] -- Symlinking: /home/ilex/Dev/VIST/src/robot/sdk/arm_teleop/install/lbot_arm_interfaces/include/lbot_arm_interfaces/lbot_arm_interfaces/srv/detail/set_enable__traits.hpp
[11.449s] -- Symlinking: /home/ilex/Dev/VIST/src/robot/sdk/arm_teleop/install/lbot_arm_interfaces/include/lbot_arm_interfaces/lbot_arm_interfaces/srv/detail/set_enable__type_support.hpp
[11.454s] -- Symlinking: /home/ilex/Dev/VIST/src/robot/sdk/arm_teleop/install/lbot_arm_interfaces/include/lbot_arm_interfaces/lbot_arm_interfaces/srv/detail/set_frame__builder.hpp
[11.459s] -- Symlinking: /home/ilex/Dev/VIST/src/robot/sdk/arm_teleop/install/lbot_arm_interfaces/include/lbot_arm_interfaces/lbot_arm_interfaces/srv/detail/set_frame__struct.hpp
[11.466s] -- Symlinking: /home/ilex/Dev/VIST/src/robot/sdk/arm_teleop/install/lbot_arm_interfaces/include/lbot_arm_interfaces/lbot_arm_interfaces/srv/detail/set_frame__traits.hpp
[11.472s] -- Symlinking: /home/ilex/Dev/VIST/src/robot/sdk/arm_teleop/install/lbot_arm_interfaces/include/lbot_arm_interfaces/lbot_arm_interfaces/srv/detail/set_frame__type_support.hpp
[11.480s] -- Symlinking: /home/ilex/Dev/VIST/src/robot/sdk/arm_teleop/install/lbot_arm_interfaces/include/lbot_arm_interfaces/lbot_arm_interfaces/srv/detail/set_string__builder.hpp
[11.486s] -- Symlinking: /home/ilex/Dev/VIST/src/robot/sdk/arm_teleop/install/lbot_arm_interfaces/include/lbot_arm_interfaces/lbot_arm_interfaces/srv/detail/set_string__struct.hpp
[11.495s] -- Symlinking: /home/ilex/Dev/VIST/src/robot/sdk/arm_teleop/install/lbot_arm_interfaces/include/lbot_arm_interfaces/lbot_arm_interfaces/srv/detail/set_string__traits.hpp
[11.502s] -- Symlinking: /home/ilex/Dev/VIST/src/robot/sdk/arm_teleop/install/lbot_arm_interfaces/include/lbot_arm_interfaces/lbot_arm_interfaces/srv/detail/set_string__type_support.hpp
[11.507s] -- Symlinking: /home/ilex/Dev/VIST/src/robot/sdk/arm_teleop/install/lbot_arm_interfaces/include/lbot_arm_interfaces/lbot_arm_interfaces/srv/detail/set_zero__builder.hpp
[11.514s] -- Symlinking: /home/ilex/Dev/VIST/src/robot/sdk/arm_teleop/install/lbot_arm_interfaces/include/lbot_arm_interfaces/lbot_arm_interfaces/srv/detail/set_zero__struct.hpp
[11.519s] -- Symlinking: /home/ilex/Dev/VIST/src/robot/sdk/arm_teleop/install/lbot_arm_interfaces/include/lbot_arm_interfaces/lbot_arm_interfaces/srv/detail/set_zero__traits.hpp
[11.525s] -- Symlinking: /home/ilex/Dev/VIST/src/robot/sdk/arm_teleop/install/lbot_arm_interfaces/include/lbot_arm_interfaces/lbot_arm_interfaces/srv/detail/set_zero__type_support.hpp
[11.530s] -- Symlinking: /home/ilex/Dev/VIST/src/robot/sdk/arm_teleop/install/lbot_arm_interfaces/include/lbot_arm_interfaces/lbot_arm_interfaces/srv/forward_kinematics.hpp
[11.538s] -- Symlinking: /home/ilex/Dev/VIST/src/robot/sdk/arm_teleop/install/lbot_arm_interfaces/include/lbot_arm_interfaces/lbot_arm_interfaces/srv/get_all_frames.hpp
[11.543s] -- Symlinking: /home/ilex/Dev/VIST/src/robot/sdk/arm_teleop/install/lbot_arm_interfaces/include/lbot_arm_interfaces/lbot_arm_interfaces/srv/get_current_frame.hpp
[11.550s] -- Symlinking: /home/ilex/Dev/VIST/src/robot/sdk/arm_teleop/install/lbot_arm_interfaces/include/lbot_arm_interfaces/lbot_arm_interfaces/srv/get_frame.hpp
[11.556s] -- Symlinking: /home/ilex/Dev/VIST/src/robot/sdk/arm_teleop/install/lbot_arm_interfaces/include/lbot_arm_interfaces/lbot_arm_interfaces/srv/inverse_kinematics.hpp
[11.563s] -- Symlinking: /home/ilex/Dev/VIST/src/robot/sdk/arm_teleop/install/lbot_arm_interfaces/include/lbot_arm_interfaces/lbot_arm_interfaces/srv/move_c.hpp
[11.567s] -- Symlinking: /home/ilex/Dev/VIST/src/robot/sdk/arm_teleop/install/lbot_arm_interfaces/include/lbot_arm_interfaces/lbot_arm_interfaces/srv/move_j.hpp
[11.573s] -- Symlinking: /home/ilex/Dev/VIST/src/robot/sdk/arm_teleop/install/lbot_arm_interfaces/include/lbot_arm_interfaces/lbot_arm_interfaces/srv/move_jp.hpp
[11.579s] -- Symlinking: /home/ilex/Dev/VIST/src/robot/sdk/arm_teleop/install/lbot_arm_interfaces/include/lbot_arm_interfaces/lbot_arm_interfaces/srv/move_l.hpp
[11.585s] -- Symlinking: /home/ilex/Dev/VIST/src/robot/sdk/arm_teleop/install/lbot_arm_interfaces/include/lbot_arm_interfaces/lbot_arm_interfaces/srv/set_emergency.hpp
[11.592s] -- Symlinking: /home/ilex/Dev/VIST/src/robot/sdk/arm_teleop/install/lbot_arm_interfaces/include/lbot_arm_interfaces/lbot_arm_interfaces/srv/set_enable.hpp
[11.598s] -- Symlinking: /home/ilex/Dev/VIST/src/robot/sdk/arm_teleop/install/lbot_arm_interfaces/include/lbot_arm_interfaces/lbot_arm_interfaces/srv/set_frame.hpp
[11.604s] -- Symlinking: /home/ilex/Dev/VIST/src/robot/sdk/arm_teleop/install/lbot_arm_interfaces/include/lbot_arm_interfaces/lbot_arm_interfaces/srv/set_string.hpp
[11.611s] -- Symlinking: /home/ilex/Dev/VIST/src/robot/sdk/arm_teleop/install/lbot_arm_interfaces/include/lbot_arm_interfaces/lbot_arm_interfaces/srv/set_zero.hpp
[11.617s] -- Symlinking: /home/ilex/Dev/VIST/src/robot/sdk/arm_teleop/install/lbot_arm_interfaces/include/lbot_arm_interfaces/lbot_arm_interfaces/msg/detail/arm_state__rosidl_typesupport_fastrtps_cpp.hpp
[11.622s] -- Symlinking: /home/ilex/Dev/VIST/src/robot/sdk/arm_teleop/install/lbot_arm_interfaces/include/lbot_arm_interfaces/lbot_arm_interfaces/msg/detail/follow_joint__rosidl_typesupport_fastrtps_cpp.hpp
[11.628s] -- Symlinking: /home/ilex/Dev/VIST/src/robot/sdk/arm_teleop/install/lbot_arm_interfaces/include/lbot_arm_interfaces/lbot_arm_interfaces/msg/detail/lbot_frame__rosidl_typesupport_fastrtps_cpp.hpp
[11.636s] -- Symlinking: /home/ilex/Dev/VIST/src/robot/sdk/arm_teleop/install/lbot_arm_interfaces/include/lbot_arm_interfaces/lbot_arm_interfaces/msg/detail/lbot_pose__rosidl_typesupport_fastrtps_cpp.hpp
[11.641s] -- Symlinking: /home/ilex/Dev/VIST/src/robot/sdk/arm_teleop/install/lbot_arm_interfaces/include/lbot_arm_interfaces/lbot_arm_interfaces/msg/rosidl_typesupport_fastrtps_cpp__visibility_control.h
[11.647s] -- Symlinking: /home/ilex/Dev/VIST/src/robot/sdk/arm_teleop/install/lbot_arm_interfaces/include/lbot_arm_interfaces/lbot_arm_interfaces/srv/detail/change_frame__rosidl_typesupport_fastrtps_cpp.hpp
[11.653s] -- Symlinking: /home/ilex/Dev/VIST/src/robot/sdk/arm_teleop/install/lbot_arm_interfaces/include/lbot_arm_interfaces/lbot_arm_interfaces/srv/detail/delete_frame__rosidl_typesupport_fastrtps_cpp.hpp
[11.659s] -- Symlinking: /home/ilex/Dev/VIST/src/robot/sdk/arm_teleop/install/lbot_arm_interfaces/include/lbot_arm_interfaces/lbot_arm_interfaces/srv/detail/forward_kinematics__rosidl_typesupport_fastrtps_cpp.hpp
[11.665s] -- Symlinking: /home/ilex/Dev/VIST/src/robot/sdk/arm_teleop/install/lbot_arm_interfaces/include/lbot_arm_interfaces/lbot_arm_interfaces/srv/detail/get_all_frames__rosidl_typesupport_fastrtps_cpp.hpp
[11.671s] -- Symlinking: /home/ilex/Dev/VIST/src/robot/sdk/arm_teleop/install/lbot_arm_interfaces/include/lbot_arm_interfaces/lbot_arm_interfaces/srv/detail/get_current_frame__rosidl_typesupport_fastrtps_cpp.hpp
[11.677s] -- Symlinking: /home/ilex/Dev/VIST/src/robot/sdk/arm_teleop/install/lbot_arm_interfaces/include/lbot_arm_interfaces/lbot_arm_interfaces/srv/detail/get_frame__rosidl_typesupport_fastrtps_cpp.hpp
[11.683s] -- Symlinking: /home/ilex/Dev/VIST/src/robot/sdk/arm_teleop/install/lbot_arm_interfaces/include/lbot_arm_interfaces/lbot_arm_interfaces/srv/detail/inverse_kinematics__rosidl_typesupport_fastrtps_cpp.hpp
[11.690s] -- Symlinking: /home/ilex/Dev/VIST/src/robot/sdk/arm_teleop/install/lbot_arm_interfaces/include/lbot_arm_interfaces/lbot_arm_interfaces/srv/detail/move_c__rosidl_typesupport_fastrtps_cpp.hpp
[11.697s] -- Symlinking: /home/ilex/Dev/VIST/src/robot/sdk/arm_teleop/install/lbot_arm_interfaces/include/lbot_arm_interfaces/lbot_arm_interfaces/srv/detail/move_j__rosidl_typesupport_fastrtps_cpp.hpp
[11.706s] -- Symlinking: /home/ilex/Dev/VIST/src/robot/sdk/arm_teleop/install/lbot_arm_interfaces/include/lbot_arm_interfaces/lbot_arm_interfaces/srv/detail/move_jp__rosidl_typesupport_fastrtps_cpp.hpp
[11.712s] -- Symlinking: /home/ilex/Dev/VIST/src/robot/sdk/arm_teleop/install/lbot_arm_interfaces/include/lbot_arm_interfaces/lbot_arm_interfaces/srv/detail/move_l__rosidl_typesupport_fastrtps_cpp.hpp
[11.719s] -- Symlinking: /home/ilex/Dev/VIST/src/robot/sdk/arm_teleop/install/lbot_arm_interfaces/include/lbot_arm_interfaces/lbot_arm_interfaces/srv/detail/set_emergency__rosidl_typesupport_fastrtps_cpp.hpp
[11.725s] -- Symlinking: /home/ilex/Dev/VIST/src/robot/sdk/arm_teleop/install/lbot_arm_interfaces/include/lbot_arm_interfaces/lbot_arm_interfaces/srv/detail/set_enable__rosidl_typesupport_fastrtps_cpp.hpp
[11.732s] -- Symlinking: /home/ilex/Dev/VIST/src/robot/sdk/arm_teleop/install/lbot_arm_interfaces/include/lbot_arm_interfaces/lbot_arm_interfaces/srv/detail/set_frame__rosidl_typesupport_fastrtps_cpp.hpp
[11.738s] -- Symlinking: /home/ilex/Dev/VIST/src/robot/sdk/arm_teleop/install/lbot_arm_interfaces/include/lbot_arm_interfaces/lbot_arm_interfaces/srv/detail/set_string__rosidl_typesupport_fastrtps_cpp.hpp
[11.743s] -- Symlinking: /home/ilex/Dev/VIST/src/robot/sdk/arm_teleop/install/lbot_arm_interfaces/include/lbot_arm_interfaces/lbot_arm_interfaces/srv/detail/set_zero__rosidl_typesupport_fastrtps_cpp.hpp
[11.751s] -- Symlinking: /home/ilex/Dev/VIST/src/robot/sdk/arm_teleop/install/lbot_arm_interfaces/include/lbot_arm_interfaces/lbot_arm_interfaces/msg/detail/arm_state__rosidl_typesupport_introspection_c.h
[11.757s] -- Symlinking: /home/ilex/Dev/VIST/src/robot/sdk/arm_teleop/install/lbot_arm_interfaces/include/lbot_arm_interfaces/lbot_arm_interfaces/msg/detail/follow_joint__rosidl_typesupport_introspection_c.h
[11.764s] -- Symlinking: /home/ilex/Dev/VIST/src/robot/sdk/arm_teleop/install/lbot_arm_interfaces/include/lbot_arm_interfaces/lbot_arm_interfaces/msg/detail/lbot_frame__rosidl_typesupport_introspection_c.h
[11.769s] -- Symlinking: /home/ilex/Dev/VIST/src/robot/sdk/arm_teleop/install/lbot_arm_interfaces/include/lbot_arm_interfaces/lbot_arm_interfaces/msg/detail/lbot_pose__rosidl_typesupport_introspection_c.h
[11.775s] -- Symlinking: /home/ilex/Dev/VIST/src/robot/sdk/arm_teleop/install/lbot_arm_interfaces/include/lbot_arm_interfaces/lbot_arm_interfaces/msg/rosidl_typesupport_introspection_c__visibility_control.h
[11.782s] -- Symlinking: /home/ilex/Dev/VIST/src/robot/sdk/arm_teleop/install/lbot_arm_interfaces/include/lbot_arm_interfaces/lbot_arm_interfaces/srv/detail/change_frame__rosidl_typesupport_introspection_c.h
[11.787s] -- Symlinking: /home/ilex/Dev/VIST/src/robot/sdk/arm_teleop/install/lbot_arm_interfaces/include/lbot_arm_interfaces/lbot_arm_interfaces/srv/detail/delete_frame__rosidl_typesupport_introspection_c.h
[11.792s] -- Symlinking: /home/ilex/Dev/VIST/src/robot/sdk/arm_teleop/install/lbot_arm_interfaces/include/lbot_arm_interfaces/lbot_arm_interfaces/srv/detail/forward_kinematics__rosidl_typesupport_introspection_c.h
[11.797s] -- Symlinking: /home/ilex/Dev/VIST/src/robot/sdk/arm_teleop/install/lbot_arm_interfaces/include/lbot_arm_interfaces/lbot_arm_interfaces/srv/detail/get_all_frames__rosidl_typesupport_introspection_c.h
[11.802s] -- Symlinking: /home/ilex/Dev/VIST/src/robot/sdk/arm_teleop/install/lbot_arm_interfaces/include/lbot_arm_interfaces/lbot_arm_interfaces/srv/detail/get_current_frame__rosidl_typesupport_introspection_c.h
[11.810s] -- Symlinking: /home/ilex/Dev/VIST/src/robot/sdk/arm_teleop/install/lbot_arm_interfaces/include/lbot_arm_interfaces/lbot_arm_interfaces/srv/detail/get_frame__rosidl_typesupport_introspection_c.h
[11.815s] -- Symlinking: /home/ilex/Dev/VIST/src/robot/sdk/arm_teleop/install/lbot_arm_interfaces/include/lbot_arm_interfaces/lbot_arm_interfaces/srv/detail/inverse_kinematics__rosidl_typesupport_introspection_c.h
[11.821s] -- Symlinking: /home/ilex/Dev/VIST/src/robot/sdk/arm_teleop/install/lbot_arm_interfaces/include/lbot_arm_interfaces/lbot_arm_interfaces/srv/detail/move_c__rosidl_typesupport_introspection_c.h
[11.829s] -- Symlinking: /home/ilex/Dev/VIST/src/robot/sdk/arm_teleop/install/lbot_arm_interfaces/include/lbot_arm_interfaces/lbot_arm_interfaces/srv/detail/move_j__rosidl_typesupport_introspection_c.h
[11.835s] -- Symlinking: /home/ilex/Dev/VIST/src/robot/sdk/arm_teleop/install/lbot_arm_interfaces/include/lbot_arm_interfaces/lbot_arm_interfaces/srv/detail/move_jp__rosidl_typesupport_introspection_c.h
[11.844s] -- Symlinking: /home/ilex/Dev/VIST/src/robot/sdk/arm_teleop/install/lbot_arm_interfaces/include/lbot_arm_interfaces/lbot_arm_interfaces/srv/detail/move_l__rosidl_typesupport_introspection_c.h
[11.851s] -- Symlinking: /home/ilex/Dev/VIST/src/robot/sdk/arm_teleop/install/lbot_arm_interfaces/include/lbot_arm_interfaces/lbot_arm_interfaces/srv/detail/set_emergency__rosidl_typesupport_introspection_c.h
[11.857s] -- Symlinking: /home/ilex/Dev/VIST/src/robot/sdk/arm_teleop/install/lbot_arm_interfaces/include/lbot_arm_interfaces/lbot_arm_interfaces/srv/detail/set_enable__rosidl_typesupport_introspection_c.h
[11.865s] -- Symlinking: /home/ilex/Dev/VIST/src/robot/sdk/arm_teleop/install/lbot_arm_interfaces/include/lbot_arm_interfaces/lbot_arm_interfaces/srv/detail/set_frame__rosidl_typesupport_introspection_c.h
[11.872s] -- Symlinking: /home/ilex/Dev/VIST/src/robot/sdk/arm_teleop/install/lbot_arm_interfaces/include/lbot_arm_interfaces/lbot_arm_interfaces/srv/detail/set_string__rosidl_typesupport_introspection_c.h
[11.880s] -- Symlinking: /home/ilex/Dev/VIST/src/robot/sdk/arm_teleop/install/lbot_arm_interfaces/include/lbot_arm_interfaces/lbot_arm_interfaces/srv/detail/set_zero__rosidl_typesupport_introspection_c.h
[11.887s] -- Symlinking: /home/ilex/Dev/VIST/src/robot/sdk/arm_teleop/install/lbot_arm_interfaces/include/lbot_arm_interfaces/lbot_arm_interfaces/msg/detail/arm_state__rosidl_typesupport_introspection_cpp.hpp
[11.893s] -- Symlinking: /home/ilex/Dev/VIST/src/robot/sdk/arm_teleop/install/lbot_arm_interfaces/include/lbot_arm_interfaces/lbot_arm_interfaces/msg/detail/follow_joint__rosidl_typesupport_introspection_cpp.hpp
[11.899s] -- Symlinking: /home/ilex/Dev/VIST/src/robot/sdk/arm_teleop/install/lbot_arm_interfaces/include/lbot_arm_interfaces/lbot_arm_interfaces/msg/detail/lbot_frame__rosidl_typesupport_introspection_cpp.hpp
[11.905s] -- Symlinking: /home/ilex/Dev/VIST/src/robot/sdk/arm_teleop/install/lbot_arm_interfaces/include/lbot_arm_interfaces/lbot_arm_interfaces/msg/detail/lbot_pose__rosidl_typesupport_introspection_cpp.hpp
[11.910s] -- Symlinking: /home/ilex/Dev/VIST/src/robot/sdk/arm_teleop/install/lbot_arm_interfaces/include/lbot_arm_interfaces/lbot_arm_interfaces/srv/detail/change_frame__rosidl_typesupport_introspection_cpp.hpp
[11.916s] -- Symlinking: /home/ilex/Dev/VIST/src/robot/sdk/arm_teleop/install/lbot_arm_interfaces/include/lbot_arm_interfaces/lbot_arm_interfaces/srv/detail/delete_frame__rosidl_typesupport_introspection_cpp.hpp
[11.921s] -- Symlinking: /home/ilex/Dev/VIST/src/robot/sdk/arm_teleop/install/lbot_arm_interfaces/include/lbot_arm_interfaces/lbot_arm_interfaces/srv/detail/forward_kinematics__rosidl_typesupport_introspection_cpp.hpp
[11.926s] -- Symlinking: /home/ilex/Dev/VIST/src/robot/sdk/arm_teleop/install/lbot_arm_interfaces/include/lbot_arm_interfaces/lbot_arm_interfaces/srv/detail/get_all_frames__rosidl_typesupport_introspection_cpp.hpp
[11.932s] -- Symlinking: /home/ilex/Dev/VIST/src/robot/sdk/arm_teleop/install/lbot_arm_interfaces/include/lbot_arm_interfaces/lbot_arm_interfaces/srv/detail/get_current_frame__rosidl_typesupport_introspection_cpp.hpp
[11.937s] -- Symlinking: /home/ilex/Dev/VIST/src/robot/sdk/arm_teleop/install/lbot_arm_interfaces/include/lbot_arm_interfaces/lbot_arm_interfaces/srv/detail/get_frame__rosidl_typesupport_introspection_cpp.hpp
[11.942s] -- Symlinking: /home/ilex/Dev/VIST/src/robot/sdk/arm_teleop/install/lbot_arm_interfaces/include/lbot_arm_interfaces/lbot_arm_interfaces/srv/detail/inverse_kinematics__rosidl_typesupport_introspection_cpp.hpp
[11.950s] -- Symlinking: /home/ilex/Dev/VIST/src/robot/sdk/arm_teleop/install/lbot_arm_interfaces/include/lbot_arm_interfaces/lbot_arm_interfaces/srv/detail/move_c__rosidl_typesupport_introspection_cpp.hpp
[11.955s] -- Symlinking: /home/ilex/Dev/VIST/src/robot/sdk/arm_teleop/install/lbot_arm_interfaces/include/lbot_arm_interfaces/lbot_arm_interfaces/srv/detail/move_j__rosidl_typesupport_introspection_cpp.hpp
[11.960s] -- Symlinking: /home/ilex/Dev/VIST/src/robot/sdk/arm_teleop/install/lbot_arm_interfaces/include/lbot_arm_interfaces/lbot_arm_interfaces/srv/detail/move_jp__rosidl_typesupport_introspection_cpp.hpp
[11.965s] -- Symlinking: /home/ilex/Dev/VIST/src/robot/sdk/arm_teleop/install/lbot_arm_interfaces/include/lbot_arm_interfaces/lbot_arm_interfaces/srv/detail/move_l__rosidl_typesupport_introspection_cpp.hpp
[11.970s] -- Symlinking: /home/ilex/Dev/VIST/src/robot/sdk/arm_teleop/install/lbot_arm_interfaces/include/lbot_arm_interfaces/lbot_arm_interfaces/srv/detail/set_emergency__rosidl_typesupport_introspection_cpp.hpp
[11.976s] -- Symlinking: /home/ilex/Dev/VIST/src/robot/sdk/arm_teleop/install/lbot_arm_interfaces/include/lbot_arm_interfaces/lbot_arm_interfaces/srv/detail/set_enable__rosidl_typesupport_introspection_cpp.hpp
[11.981s] -- Symlinking: /home/ilex/Dev/VIST/src/robot/sdk/arm_teleop/install/lbot_arm_interfaces/include/lbot_arm_interfaces/lbot_arm_interfaces/srv/detail/set_frame__rosidl_typesupport_introspection_cpp.hpp
[11.988s] -- Symlinking: /home/ilex/Dev/VIST/src/robot/sdk/arm_teleop/install/lbot_arm_interfaces/include/lbot_arm_interfaces/lbot_arm_interfaces/srv/detail/set_string__rosidl_typesupport_introspection_cpp.hpp
[11.993s] -- Symlinking: /home/ilex/Dev/VIST/src/robot/sdk/arm_teleop/install/lbot_arm_interfaces/include/lbot_arm_interfaces/lbot_arm_interfaces/srv/detail/set_zero__rosidl_typesupport_introspection_cpp.hpp
[11.998s] -- Symlinking: /home/ilex/Dev/VIST/src/robot/sdk/arm_teleop/install/lbot_arm_interfaces/share/lbot_arm_interfaces/environment/pythonpath.sh
[12.003s] -- Symlinking: /home/ilex/Dev/VIST/src/robot/sdk/arm_teleop/install/lbot_arm_interfaces/share/lbot_arm_interfaces/environment/pythonpath.dsv
[12.009s] -- Symlinking: /home/ilex/Dev/VIST/src/robot/sdk/arm_teleop/install/lbot_arm_interfaces/lib/python3.10/site-packages/lbot_arm_interfaces-0.0.0-py3.10.egg-info/PKG-INFO
[12.015s] -- Symlinking: /home/ilex/Dev/VIST/src/robot/sdk/arm_teleop/install/lbot_arm_interfaces/lib/python3.10/site-packages/lbot_arm_interfaces-0.0.0-py3.10.egg-info/SOURCES.txt
[12.020s] -- Symlinking: /home/ilex/Dev/VIST/src/robot/sdk/arm_teleop/install/lbot_arm_interfaces/lib/python3.10/site-packages/lbot_arm_interfaces-0.0.0-py3.10.egg-info/dependency_links.txt
[12.025s] -- Symlinking: /home/ilex/Dev/VIST/src/robot/sdk/arm_teleop/install/lbot_arm_interfaces/lib/python3.10/site-packages/lbot_arm_interfaces-0.0.0-py3.10.egg-info/top_level.txt
[12.031s] -- Symlinking: /home/ilex/Dev/VIST/src/robot/sdk/arm_teleop/install/lbot_arm_interfaces/lib/python3.10/site-packages/lbot_arm_interfaces/__init__.py
[12.036s] -- Symlinking: /home/ilex/Dev/VIST/src/robot/sdk/arm_teleop/install/lbot_arm_interfaces/lib/python3.10/site-packages/lbot_arm_interfaces/_lbot_arm_interfaces_s.ep.rosidl_typesupport_c.c
[12.044s] -- Symlinking: /home/ilex/Dev/VIST/src/robot/sdk/arm_teleop/install/lbot_arm_interfaces/lib/python3.10/site-packages/lbot_arm_interfaces/_lbot_arm_interfaces_s.ep.rosidl_typesupport_fastrtps_c.c
[12.050s] -- Symlinking: /home/ilex/Dev/VIST/src/robot/sdk/arm_teleop/install/lbot_arm_interfaces/lib/python3.10/site-packages/lbot_arm_interfaces/_lbot_arm_interfaces_s.ep.rosidl_typesupport_introspection_c.c
[12.057s] -- Symlinking: /home/ilex/Dev/VIST/src/robot/sdk/arm_teleop/install/lbot_arm_interfaces/lib/python3.10/site-packages/lbot_arm_interfaces/lbot_arm_interfaces_s__rosidl_typesupport_c.cpython-310-x86_64-linux-gnu.so
[12.063s] -- Symlinking: /home/ilex/Dev/VIST/src/robot/sdk/arm_teleop/install/lbot_arm_interfaces/lib/python3.10/site-packages/lbot_arm_interfaces/lbot_arm_interfaces_s__rosidl_typesupport_fastrtps_c.cpython-310-x86_64-linux-gnu.so
[12.071s] -- Symlinking: /home/ilex/Dev/VIST/src/robot/sdk/arm_teleop/install/lbot_arm_interfaces/lib/python3.10/site-packages/lbot_arm_interfaces/lbot_arm_interfaces_s__rosidl_typesupport_introspection_c.cpython-310-x86_64-linux-gnu.so
[12.078s] -- Symlinking: /home/ilex/Dev/VIST/src/robot/sdk/arm_teleop/install/lbot_arm_interfaces/lib/python3.10/site-packages/lbot_arm_interfaces/liblbot_arm_interfaces__rosidl_generator_py.so
[12.083s] -- Symlinking: /home/ilex/Dev/VIST/src/robot/sdk/arm_teleop/install/lbot_arm_interfaces/lib/python3.10/site-packages/lbot_arm_interfaces/msg/__init__.py
[12.089s] -- Symlinking: /home/ilex/Dev/VIST/src/robot/sdk/arm_teleop/install/lbot_arm_interfaces/lib/python3.10/site-packages/lbot_arm_interfaces/msg/_arm_state.py
[12.096s] -- Symlinking: /home/ilex/Dev/VIST/src/robot/sdk/arm_teleop/install/lbot_arm_interfaces/lib/python3.10/site-packages/lbot_arm_interfaces/msg/_arm_state_s.c
[12.103s] -- Symlinking: /home/ilex/Dev/VIST/src/robot/sdk/arm_teleop/install/lbot_arm_interfaces/lib/python3.10/site-packages/lbot_arm_interfaces/msg/_follow_joint.py
[12.109s] -- Symlinking: /home/ilex/Dev/VIST/src/robot/sdk/arm_teleop/install/lbot_arm_interfaces/lib/python3.10/site-packages/lbot_arm_interfaces/msg/_follow_joint_s.c
[12.115s] -- Symlinking: /home/ilex/Dev/VIST/src/robot/sdk/arm_teleop/install/lbot_arm_interfaces/lib/python3.10/site-packages/lbot_arm_interfaces/msg/_lbot_frame.py
[12.120s] -- Symlinking: /home/ilex/Dev/VIST/src/robot/sdk/arm_teleop/install/lbot_arm_interfaces/lib/python3.10/site-packages/lbot_arm_interfaces/msg/_lbot_frame_s.c
[12.127s] -- Symlinking: /home/ilex/Dev/VIST/src/robot/sdk/arm_teleop/install/lbot_arm_interfaces/lib/python3.10/site-packages/lbot_arm_interfaces/msg/_lbot_pose.py
[12.133s] -- Symlinking: /home/ilex/Dev/VIST/src/robot/sdk/arm_teleop/install/lbot_arm_interfaces/lib/python3.10/site-packages/lbot_arm_interfaces/msg/_lbot_pose_s.c
[12.138s] -- Symlinking: /home/ilex/Dev/VIST/src/robot/sdk/arm_teleop/install/lbot_arm_interfaces/lib/python3.10/site-packages/lbot_arm_interfaces/srv/__init__.py
[12.143s] -- Symlinking: /home/ilex/Dev/VIST/src/robot/sdk/arm_teleop/install/lbot_arm_interfaces/lib/python3.10/site-packages/lbot_arm_interfaces/srv/_change_frame.py
[12.149s] -- Symlinking: /home/ilex/Dev/VIST/src/robot/sdk/arm_teleop/install/lbot_arm_interfaces/lib/python3.10/site-packages/lbot_arm_interfaces/srv/_change_frame_s.c
[12.157s] -- Symlinking: /home/ilex/Dev/VIST/src/robot/sdk/arm_teleop/install/lbot_arm_interfaces/lib/python3.10/site-packages/lbot_arm_interfaces/srv/_delete_frame.py
[12.162s] -- Symlinking: /home/ilex/Dev/VIST/src/robot/sdk/arm_teleop/install/lbot_arm_interfaces/lib/python3.10/site-packages/lbot_arm_interfaces/srv/_delete_frame_s.c
[12.167s] -- Symlinking: /home/ilex/Dev/VIST/src/robot/sdk/arm_teleop/install/lbot_arm_interfaces/lib/python3.10/site-packages/lbot_arm_interfaces/srv/_forward_kinematics.py
[12.173s] -- Symlinking: /home/ilex/Dev/VIST/src/robot/sdk/arm_teleop/install/lbot_arm_interfaces/lib/python3.10/site-packages/lbot_arm_interfaces/srv/_forward_kinematics_s.c
[12.178s] -- Symlinking: /home/ilex/Dev/VIST/src/robot/sdk/arm_teleop/install/lbot_arm_interfaces/lib/python3.10/site-packages/lbot_arm_interfaces/srv/_get_all_frames.py
[12.183s] -- Symlinking: /home/ilex/Dev/VIST/src/robot/sdk/arm_teleop/install/lbot_arm_interfaces/lib/python3.10/site-packages/lbot_arm_interfaces/srv/_get_all_frames_s.c
[12.191s] -- Symlinking: /home/ilex/Dev/VIST/src/robot/sdk/arm_teleop/install/lbot_arm_interfaces/lib/python3.10/site-packages/lbot_arm_interfaces/srv/_get_current_frame.py
[12.198s] -- Symlinking: /home/ilex/Dev/VIST/src/robot/sdk/arm_teleop/install/lbot_arm_interfaces/lib/python3.10/site-packages/lbot_arm_interfaces/srv/_get_current_frame_s.c
[12.206s] -- Symlinking: /home/ilex/Dev/VIST/src/robot/sdk/arm_teleop/install/lbot_arm_interfaces/lib/python3.10/site-packages/lbot_arm_interfaces/srv/_get_frame.py
[12.214s] -- Symlinking: /home/ilex/Dev/VIST/src/robot/sdk/arm_teleop/install/lbot_arm_interfaces/lib/python3.10/site-packages/lbot_arm_interfaces/srv/_get_frame_s.c
[12.219s] -- Symlinking: /home/ilex/Dev/VIST/src/robot/sdk/arm_teleop/install/lbot_arm_interfaces/lib/python3.10/site-packages/lbot_arm_interfaces/srv/_inverse_kinematics.py
[12.224s] -- Symlinking: /home/ilex/Dev/VIST/src/robot/sdk/arm_teleop/install/lbot_arm_interfaces/lib/python3.10/site-packages/lbot_arm_interfaces/srv/_inverse_kinematics_s.c
[12.230s] -- Symlinking: /home/ilex/Dev/VIST/src/robot/sdk/arm_teleop/install/lbot_arm_interfaces/lib/python3.10/site-packages/lbot_arm_interfaces/srv/_move_c.py
[12.235s] -- Symlinking: /home/ilex/Dev/VIST/src/robot/sdk/arm_teleop/install/lbot_arm_interfaces/lib/python3.10/site-packages/lbot_arm_interfaces/srv/_move_c_s.c
[12.240s] -- Symlinking: /home/ilex/Dev/VIST/src/robot/sdk/arm_teleop/install/lbot_arm_interfaces/lib/python3.10/site-packages/lbot_arm_interfaces/srv/_move_j.py
[12.246s] -- Symlinking: /home/ilex/Dev/VIST/src/robot/sdk/arm_teleop/install/lbot_arm_interfaces/lib/python3.10/site-packages/lbot_arm_interfaces/srv/_move_j_s.c
[12.251s] -- Symlinking: /home/ilex/Dev/VIST/src/robot/sdk/arm_teleop/install/lbot_arm_interfaces/lib/python3.10/site-packages/lbot_arm_interfaces/srv/_move_jp.py
[12.256s] -- Symlinking: /home/ilex/Dev/VIST/src/robot/sdk/arm_teleop/install/lbot_arm_interfaces/lib/python3.10/site-packages/lbot_arm_interfaces/srv/_move_jp_s.c
[12.262s] -- Symlinking: /home/ilex/Dev/VIST/src/robot/sdk/arm_teleop/install/lbot_arm_interfaces/lib/python3.10/site-packages/lbot_arm_interfaces/srv/_move_l.py
[12.267s] -- Symlinking: /home/ilex/Dev/VIST/src/robot/sdk/arm_teleop/install/lbot_arm_interfaces/lib/python3.10/site-packages/lbot_arm_interfaces/srv/_move_l_s.c
[12.273s] -- Symlinking: /home/ilex/Dev/VIST/src/robot/sdk/arm_teleop/install/lbot_arm_interfaces/lib/python3.10/site-packages/lbot_arm_interfaces/srv/_set_emergency.py
[12.277s] -- Symlinking: /home/ilex/Dev/VIST/src/robot/sdk/arm_teleop/install/lbot_arm_interfaces/lib/python3.10/site-packages/lbot_arm_interfaces/srv/_set_emergency_s.c
[12.283s] -- Symlinking: /home/ilex/Dev/VIST/src/robot/sdk/arm_teleop/install/lbot_arm_interfaces/lib/python3.10/site-packages/lbot_arm_interfaces/srv/_set_enable.py
[12.290s] -- Symlinking: /home/ilex/Dev/VIST/src/robot/sdk/arm_teleop/install/lbot_arm_interfaces/lib/python3.10/site-packages/lbot_arm_interfaces/srv/_set_enable_s.c
[12.296s] -- Symlinking: /home/ilex/Dev/VIST/src/robot/sdk/arm_teleop/install/lbot_arm_interfaces/lib/python3.10/site-packages/lbot_arm_interfaces/srv/_set_frame.py
[12.304s] -- Symlinking: /home/ilex/Dev/VIST/src/robot/sdk/arm_teleop/install/lbot_arm_interfaces/lib/python3.10/site-packages/lbot_arm_interfaces/srv/_set_frame_s.c
[12.311s] -- Symlinking: /home/ilex/Dev/VIST/src/robot/sdk/arm_teleop/install/lbot_arm_interfaces/lib/python3.10/site-packages/lbot_arm_interfaces/srv/_set_string.py
[12.316s] -- Symlinking: /home/ilex/Dev/VIST/src/robot/sdk/arm_teleop/install/lbot_arm_interfaces/lib/python3.10/site-packages/lbot_arm_interfaces/srv/_set_string_s.c
[12.322s] -- Symlinking: /home/ilex/Dev/VIST/src/robot/sdk/arm_teleop/install/lbot_arm_interfaces/lib/python3.10/site-packages/lbot_arm_interfaces/srv/_set_zero.py
[12.328s] -- Symlinking: /home/ilex/Dev/VIST/src/robot/sdk/arm_teleop/install/lbot_arm_interfaces/lib/python3.10/site-packages/lbot_arm_interfaces/srv/_set_zero_s.c
[12.336s] -- Up-to-date symlink: /home/ilex/Dev/VIST/src/robot/sdk/arm_teleop/install/lbot_arm_interfaces/lib/python3.10/site-packages/lbot_arm_interfaces/lbot_arm_interfaces_s__rosidl_typesupport_fastrtps_c.cpython-310-x86_64-linux-gnu.so
[12.336s] -- Up-to-date symlink: /home/ilex/Dev/VIST/src/robot/sdk/arm_teleop/install/lbot_arm_interfaces/lib/python3.10/site-packages/lbot_arm_interfaces/lbot_arm_interfaces_s__rosidl_typesupport_introspection_c.cpython-310-x86_64-linux-gnu.so
[12.336s] -- Up-to-date symlink: /home/ilex/Dev/VIST/src/robot/sdk/arm_teleop/install/lbot_arm_interfaces/lib/python3.10/site-packages/lbot_arm_interfaces/lbot_arm_interfaces_s__rosidl_typesupport_c.cpython-310-x86_64-linux-gnu.so
[12.337s] -- Symlinking: /home/ilex/Dev/VIST/src/robot/sdk/arm_teleop/install/lbot_arm_interfaces/share/lbot_arm_interfaces/srv/MoveJ.idl
[12.342s] -- Symlinking: /home/ilex/Dev/VIST/src/robot/sdk/arm_teleop/install/lbot_arm_interfaces/share/lbot_arm_interfaces/srv/MoveL.idl
[12.348s] -- Symlinking: /home/ilex/Dev/VIST/src/robot/sdk/arm_teleop/install/lbot_arm_interfaces/share/lbot_arm_interfaces/srv/MoveC.idl
[12.354s] -- Symlinking: /home/ilex/Dev/VIST/src/robot/sdk/arm_teleop/install/lbot_arm_interfaces/share/lbot_arm_interfaces/srv/MoveJP.idl
[12.359s] -- Symlinking: /home/ilex/Dev/VIST/src/robot/sdk/arm_teleop/install/lbot_arm_interfaces/share/lbot_arm_interfaces/srv/InverseKinematics.idl
[12.364s] -- Symlinking: /home/ilex/Dev/VIST/src/robot/sdk/arm_teleop/install/lbot_arm_interfaces/share/lbot_arm_interfaces/srv/ForwardKinematics.idl
[12.370s] -- Symlinking: /home/ilex/Dev/VIST/src/robot/sdk/arm_teleop/install/lbot_arm_interfaces/share/lbot_arm_interfaces/srv/SetFrame.idl
[12.375s] -- Symlinking: /home/ilex/Dev/VIST/src/robot/sdk/arm_teleop/install/lbot_arm_interfaces/share/lbot_arm_interfaces/srv/SetString.idl
[12.380s] -- Symlinking: /home/ilex/Dev/VIST/src/robot/sdk/arm_teleop/install/lbot_arm_interfaces/share/lbot_arm_interfaces/srv/GetFrame.idl
[12.386s] -- Symlinking: /home/ilex/Dev/VIST/src/robot/sdk/arm_teleop/install/lbot_arm_interfaces/share/lbot_arm_interfaces/srv/GetCurrentFrame.idl
[12.392s] -- Symlinking: /home/ilex/Dev/VIST/src/robot/sdk/arm_teleop/install/lbot_arm_interfaces/share/lbot_arm_interfaces/srv/ChangeFrame.idl
[12.397s] -- Symlinking: /home/ilex/Dev/VIST/src/robot/sdk/arm_teleop/install/lbot_arm_interfaces/share/lbot_arm_interfaces/srv/DeleteFrame.idl
[12.402s] -- Symlinking: /home/ilex/Dev/VIST/src/robot/sdk/arm_teleop/install/lbot_arm_interfaces/share/lbot_arm_interfaces/srv/GetAllFrames.idl
[12.408s] -- Symlinking: /home/ilex/Dev/VIST/src/robot/sdk/arm_teleop/install/lbot_arm_interfaces/share/lbot_arm_interfaces/srv/SetZero.idl
[12.414s] -- Symlinking: /home/ilex/Dev/VIST/src/robot/sdk/arm_teleop/install/lbot_arm_interfaces/share/lbot_arm_interfaces/srv/SetEmergency.idl
[12.418s] -- Symlinking: /home/ilex/Dev/VIST/src/robot/sdk/arm_teleop/install/lbot_arm_interfaces/share/lbot_arm_interfaces/srv/SetEnable.idl
[12.427s] -- Symlinking: /home/ilex/Dev/VIST/src/robot/sdk/arm_teleop/install/lbot_arm_interfaces/share/lbot_arm_interfaces/msg/ArmState.idl
[12.433s] -- Symlinking: /home/ilex/Dev/VIST/src/robot/sdk/arm_teleop/install/lbot_arm_interfaces/share/lbot_arm_interfaces/msg/LbotPose.idl
[12.440s] -- Symlinking: /home/ilex/Dev/VIST/src/robot/sdk/arm_teleop/install/lbot_arm_interfaces/share/lbot_arm_interfaces/msg/LbotFrame.idl
[12.446s] -- Symlinking: /home/ilex/Dev/VIST/src/robot/sdk/arm_teleop/install/lbot_arm_interfaces/share/lbot_arm_interfaces/msg/FollowJoint.idl
[12.452s] -- Symlinking: /home/ilex/Dev/VIST/src/robot/sdk/arm_teleop/install/lbot_arm_interfaces/share/lbot_arm_interfaces/srv/MoveJ.srv
[12.459s] -- Symlinking: /home/ilex/Dev/VIST/src/robot/sdk/arm_teleop/install/lbot_arm_interfaces/share/lbot_arm_interfaces/srv/MoveJ_Request.msg
[12.465s] -- Symlinking: /home/ilex/Dev/VIST/src/robot/sdk/arm_teleop/install/lbot_arm_interfaces/share/lbot_arm_interfaces/srv/MoveJ_Response.msg
[12.473s] -- Symlinking: /home/ilex/Dev/VIST/src/robot/sdk/arm_teleop/install/lbot_arm_interfaces/share/lbot_arm_interfaces/srv/MoveL.srv
[12.478s] -- Symlinking: /home/ilex/Dev/VIST/src/robot/sdk/arm_teleop/install/lbot_arm_interfaces/share/lbot_arm_interfaces/srv/MoveL_Request.msg
[12.484s] -- Symlinking: /home/ilex/Dev/VIST/src/robot/sdk/arm_teleop/install/lbot_arm_interfaces/share/lbot_arm_interfaces/srv/MoveL_Response.msg
[12.491s] -- Symlinking: /home/ilex/Dev/VIST/src/robot/sdk/arm_teleop/install/lbot_arm_interfaces/share/lbot_arm_interfaces/srv/MoveC.srv
[12.496s] -- Symlinking: /home/ilex/Dev/VIST/src/robot/sdk/arm_teleop/install/lbot_arm_interfaces/share/lbot_arm_interfaces/srv/MoveC_Request.msg
[12.502s] -- Symlinking: /home/ilex/Dev/VIST/src/robot/sdk/arm_teleop/install/lbot_arm_interfaces/share/lbot_arm_interfaces/srv/MoveC_Response.msg
[12.507s] -- Symlinking: /home/ilex/Dev/VIST/src/robot/sdk/arm_teleop/install/lbot_arm_interfaces/share/lbot_arm_interfaces/srv/MoveJP.srv
[12.512s] -- Symlinking: /home/ilex/Dev/VIST/src/robot/sdk/arm_teleop/install/lbot_arm_interfaces/share/lbot_arm_interfaces/srv/MoveJP_Request.msg
[12.518s] -- Symlinking: /home/ilex/Dev/VIST/src/robot/sdk/arm_teleop/install/lbot_arm_interfaces/share/lbot_arm_interfaces/srv/MoveJP_Response.msg
[12.523s] -- Symlinking: /home/ilex/Dev/VIST/src/robot/sdk/arm_teleop/install/lbot_arm_interfaces/share/lbot_arm_interfaces/srv/InverseKinematics.srv
[12.528s] -- Symlinking: /home/ilex/Dev/VIST/src/robot/sdk/arm_teleop/install/lbot_arm_interfaces/share/lbot_arm_interfaces/srv/InverseKinematics_Request.msg
[12.534s] -- Symlinking: /home/ilex/Dev/VIST/src/robot/sdk/arm_teleop/install/lbot_arm_interfaces/share/lbot_arm_interfaces/srv/InverseKinematics_Response.msg
[12.540s] -- Symlinking: /home/ilex/Dev/VIST/src/robot/sdk/arm_teleop/install/lbot_arm_interfaces/share/lbot_arm_interfaces/srv/ForwardKinematics.srv
[12.545s] -- Symlinking: /home/ilex/Dev/VIST/src/robot/sdk/arm_teleop/install/lbot_arm_interfaces/share/lbot_arm_interfaces/srv/ForwardKinematics_Request.msg
[12.551s] -- Symlinking: /home/ilex/Dev/VIST/src/robot/sdk/arm_teleop/install/lbot_arm_interfaces/share/lbot_arm_interfaces/srv/ForwardKinematics_Response.msg
[12.559s] -- Symlinking: /home/ilex/Dev/VIST/src/robot/sdk/arm_teleop/install/lbot_arm_interfaces/share/lbot_arm_interfaces/srv/SetFrame.srv
[12.566s] -- Symlinking: /home/ilex/Dev/VIST/src/robot/sdk/arm_teleop/install/lbot_arm_interfaces/share/lbot_arm_interfaces/srv/SetFrame_Request.msg
[12.572s] -- Symlinking: /home/ilex/Dev/VIST/src/robot/sdk/arm_teleop/install/lbot_arm_interfaces/share/lbot_arm_interfaces/srv/SetFrame_Response.msg
[12.578s] -- Symlinking: /home/ilex/Dev/VIST/src/robot/sdk/arm_teleop/install/lbot_arm_interfaces/share/lbot_arm_interfaces/srv/SetString.srv
[12.585s] -- Symlinking: /home/ilex/Dev/VIST/src/robot/sdk/arm_teleop/install/lbot_arm_interfaces/share/lbot_arm_interfaces/srv/SetString_Request.msg
[12.592s] -- Symlinking: /home/ilex/Dev/VIST/src/robot/sdk/arm_teleop/install/lbot_arm_interfaces/share/lbot_arm_interfaces/srv/SetString_Response.msg
[12.599s] -- Symlinking: /home/ilex/Dev/VIST/src/robot/sdk/arm_teleop/install/lbot_arm_interfaces/share/lbot_arm_interfaces/srv/GetFrame.srv
[12.604s] -- Symlinking: /home/ilex/Dev/VIST/src/robot/sdk/arm_teleop/install/lbot_arm_interfaces/share/lbot_arm_interfaces/srv/GetFrame_Request.msg
[12.611s] -- Symlinking: /home/ilex/Dev/VIST/src/robot/sdk/arm_teleop/install/lbot_arm_interfaces/share/lbot_arm_interfaces/srv/GetFrame_Response.msg
[12.617s] -- Symlinking: /home/ilex/Dev/VIST/src/robot/sdk/arm_teleop/install/lbot_arm_interfaces/share/lbot_arm_interfaces/srv/GetCurrentFrame.srv
[12.622s] -- Symlinking: /home/ilex/Dev/VIST/src/robot/sdk/arm_teleop/install/lbot_arm_interfaces/share/lbot_arm_interfaces/srv/GetCurrentFrame_Request.msg
[12.629s] -- Symlinking: /home/ilex/Dev/VIST/src/robot/sdk/arm_teleop/install/lbot_arm_interfaces/share/lbot_arm_interfaces/srv/GetCurrentFrame_Response.msg
[12.635s] -- Symlinking: /home/ilex/Dev/VIST/src/robot/sdk/arm_teleop/install/lbot_arm_interfaces/share/lbot_arm_interfaces/srv/ChangeFrame.srv
[12.642s] -- Symlinking: /home/ilex/Dev/VIST/src/robot/sdk/arm_teleop/install/lbot_arm_interfaces/share/lbot_arm_interfaces/srv/ChangeFrame_Request.msg
[12.649s] -- Symlinking: /home/ilex/Dev/VIST/src/robot/sdk/arm_teleop/install/lbot_arm_interfaces/share/lbot_arm_interfaces/srv/ChangeFrame_Response.msg
[12.654s] -- Symlinking: /home/ilex/Dev/VIST/src/robot/sdk/arm_teleop/install/lbot_arm_interfaces/share/lbot_arm_interfaces/srv/DeleteFrame.srv
[12.661s] -- Symlinking: /home/ilex/Dev/VIST/src/robot/sdk/arm_teleop/install/lbot_arm_interfaces/share/lbot_arm_interfaces/srv/DeleteFrame_Request.msg
[12.667s] -- Symlinking: /home/ilex/Dev/VIST/src/robot/sdk/arm_teleop/install/lbot_arm_interfaces/share/lbot_arm_interfaces/srv/DeleteFrame_Response.msg
[12.674s] -- Symlinking: /home/ilex/Dev/VIST/src/robot/sdk/arm_teleop/install/lbot_arm_interfaces/share/lbot_arm_interfaces/srv/GetAllFrames.srv
[12.681s] -- Symlinking: /home/ilex/Dev/VIST/src/robot/sdk/arm_teleop/install/lbot_arm_interfaces/share/lbot_arm_interfaces/srv/GetAllFrames_Request.msg
[12.686s] -- Symlinking: /home/ilex/Dev/VIST/src/robot/sdk/arm_teleop/install/lbot_arm_interfaces/share/lbot_arm_interfaces/srv/GetAllFrames_Response.msg
[12.693s] -- Symlinking: /home/ilex/Dev/VIST/src/robot/sdk/arm_teleop/install/lbot_arm_interfaces/share/lbot_arm_interfaces/srv/SetZero.srv
[12.701s] -- Symlinking: /home/ilex/Dev/VIST/src/robot/sdk/arm_teleop/install/lbot_arm_interfaces/share/lbot_arm_interfaces/srv/SetZero_Request.msg
[12.706s] -- Symlinking: /home/ilex/Dev/VIST/src/robot/sdk/arm_teleop/install/lbot_arm_interfaces/share/lbot_arm_interfaces/srv/SetZero_Response.msg
[12.713s] -- Symlinking: /home/ilex/Dev/VIST/src/robot/sdk/arm_teleop/install/lbot_arm_interfaces/share/lbot_arm_interfaces/srv/SetEmergency.srv
[12.720s] -- Symlinking: /home/ilex/Dev/VIST/src/robot/sdk/arm_teleop/install/lbot_arm_interfaces/share/lbot_arm_interfaces/srv/SetEmergency_Request.msg
[12.726s] -- Symlinking: /home/ilex/Dev/VIST/src/robot/sdk/arm_teleop/install/lbot_arm_interfaces/share/lbot_arm_interfaces/srv/SetEmergency_Response.msg
[12.734s] -- Symlinking: /home/ilex/Dev/VIST/src/robot/sdk/arm_teleop/install/lbot_arm_interfaces/share/lbot_arm_interfaces/srv/SetEnable.srv
[12.740s] -- Symlinking: /home/ilex/Dev/VIST/src/robot/sdk/arm_teleop/install/lbot_arm_interfaces/share/lbot_arm_interfaces/srv/SetEnable_Request.msg
[12.748s] -- Symlinking: /home/ilex/Dev/VIST/src/robot/sdk/arm_teleop/install/lbot_arm_interfaces/share/lbot_arm_interfaces/srv/SetEnable_Response.msg
[12.755s] -- Symlinking: /home/ilex/Dev/VIST/src/robot/sdk/arm_teleop/install/lbot_arm_interfaces/share/lbot_arm_interfaces/msg/ArmState.msg
[12.760s] -- Symlinking: /home/ilex/Dev/VIST/src/robot/sdk/arm_teleop/install/lbot_arm_interfaces/share/lbot_arm_interfaces/msg/LbotPose.msg
[12.768s] -- Symlinking: /home/ilex/Dev/VIST/src/robot/sdk/arm_teleop/install/lbot_arm_interfaces/share/lbot_arm_interfaces/msg/LbotFrame.msg
[12.774s] -- Symlinking: /home/ilex/Dev/VIST/src/robot/sdk/arm_teleop/install/lbot_arm_interfaces/share/lbot_arm_interfaces/msg/FollowJoint.msg
[12.782s] -- Symlinking: /home/ilex/Dev/VIST/src/robot/sdk/arm_teleop/install/lbot_arm_interfaces/share/ament_index/resource_index/package_run_dependencies/lbot_arm_interfaces
[12.789s] -- Symlinking: /home/ilex/Dev/VIST/src/robot/sdk/arm_teleop/install/lbot_arm_interfaces/share/ament_index/resource_index/parent_prefix_path/lbot_arm_interfaces
[12.797s] -- Symlinking: /home/ilex/Dev/VIST/src/robot/sdk/arm_teleop/install/lbot_arm_interfaces/share/lbot_arm_interfaces/environment/ament_prefix_path.sh
[12.803s] -- Symlinking: /home/ilex/Dev/VIST/src/robot/sdk/arm_teleop/install/lbot_arm_interfaces/share/lbot_arm_interfaces/environment/ament_prefix_path.dsv
[12.811s] -- Symlinking: /home/ilex/Dev/VIST/src/robot/sdk/arm_teleop/install/lbot_arm_interfaces/share/lbot_arm_interfaces/environment/path.sh
[12.818s] -- Symlinking: /home/ilex/Dev/VIST/src/robot/sdk/arm_teleop/install/lbot_arm_interfaces/share/lbot_arm_interfaces/environment/path.dsv
[12.823s] -- Symlinking: /home/ilex/Dev/VIST/src/robot/sdk/arm_teleop/install/lbot_arm_interfaces/share/lbot_arm_interfaces/local_setup.bash
[12.829s] -- Symlinking: /home/ilex/Dev/VIST/src/robot/sdk/arm_teleop/install/lbot_arm_interfaces/share/lbot_arm_interfaces/local_setup.sh
[12.834s] -- Symlinking: /home/ilex/Dev/VIST/src/robot/sdk/arm_teleop/install/lbot_arm_interfaces/share/lbot_arm_interfaces/local_setup.zsh
[12.839s] -- Symlinking: /home/ilex/Dev/VIST/src/robot/sdk/arm_teleop/install/lbot_arm_interfaces/share/lbot_arm_interfaces/local_setup.dsv
[12.846s] -- Symlinking: /home/ilex/Dev/VIST/src/robot/sdk/arm_teleop/install/lbot_arm_interfaces/share/lbot_arm_interfaces/package.dsv
[12.853s] -- Symlinking: /home/ilex/Dev/VIST/src/robot/sdk/arm_teleop/install/lbot_arm_interfaces/share/ament_index/resource_index/packages/lbot_arm_interfaces
[12.860s] -- Symlinking: /home/ilex/Dev/VIST/src/robot/sdk/arm_teleop/install/lbot_arm_interfaces/share/lbot_arm_interfaces/cmake/rosidl_cmake-extras.cmake
[12.866s] -- Symlinking: /home/ilex/Dev/VIST/src/robot/sdk/arm_teleop/install/lbot_arm_interfaces/share/lbot_arm_interfaces/cmake/ament_cmake_export_dependencies-extras.cmake
[12.871s] -- Symlinking: /home/ilex/Dev/VIST/src/robot/sdk/arm_teleop/install/lbot_arm_interfaces/share/lbot_arm_interfaces/cmake/ament_cmake_export_include_directories-extras.cmake
[12.877s] -- Symlinking: /home/ilex/Dev/VIST/src/robot/sdk/arm_teleop/install/lbot_arm_interfaces/share/lbot_arm_interfaces/cmake/ament_cmake_export_libraries-extras.cmake
[12.883s] -- Symlinking: /home/ilex/Dev/VIST/src/robot/sdk/arm_teleop/install/lbot_arm_interfaces/share/lbot_arm_interfaces/cmake/ament_cmake_export_targets-extras.cmake
[12.889s] -- Symlinking: /home/ilex/Dev/VIST/src/robot/sdk/arm_teleop/install/lbot_arm_interfaces/share/lbot_arm_interfaces/cmake/rosidl_cmake_export_typesupport_targets-extras.cmake
[12.894s] -- Symlinking: /home/ilex/Dev/VIST/src/robot/sdk/arm_teleop/install/lbot_arm_interfaces/share/lbot_arm_interfaces/cmake/rosidl_cmake_export_typesupport_libraries-extras.cmake
[12.901s] -- Symlinking: /home/ilex/Dev/VIST/src/robot/sdk/arm_teleop/install/lbot_arm_interfaces/share/lbot_arm_interfaces/cmake/lbot_arm_interfacesConfig.cmake
[12.908s] -- Symlinking: /home/ilex/Dev/VIST/src/robot/sdk/arm_teleop/install/lbot_arm_interfaces/share/lbot_arm_interfaces/cmake/lbot_arm_interfacesConfig-version.cmake
[12.913s] -- Symlinking: /home/ilex/Dev/VIST/src/robot/sdk/arm_teleop/install/lbot_arm_interfaces/share/lbot_arm_interfaces/package.xml
[12.921s] -- Installing: /home/ilex/Dev/VIST/src/robot/sdk/arm_teleop/install/lbot_arm_interfaces/lib/liblbot_arm_interfaces__rosidl_generator_c.so
[12.921s] -- Set runtime path of "/home/ilex/Dev/VIST/src/robot/sdk/arm_teleop/install/lbot_arm_interfaces/lib/liblbot_arm_interfaces__rosidl_generator_c.so" to ""
[12.921s] -- Installing: /home/ilex/Dev/VIST/src/robot/sdk/arm_teleop/install/lbot_arm_interfaces/lib/liblbot_arm_interfaces__rosidl_typesupport_fastrtps_c.so
[12.921s] -- Set runtime path of "/home/ilex/Dev/VIST/src/robot/sdk/arm_teleop/install/lbot_arm_interfaces/lib/liblbot_arm_interfaces__rosidl_typesupport_fastrtps_c.so" to ""
[12.921s] -- Installing: /home/ilex/Dev/VIST/src/robot/sdk/arm_teleop/install/lbot_arm_interfaces/lib/liblbot_arm_interfaces__rosidl_typesupport_fastrtps_cpp.so
[12.921s] -- Set runtime path of "/home/ilex/Dev/VIST/src/robot/sdk/arm_teleop/install/lbot_arm_interfaces/lib/liblbot_arm_interfaces__rosidl_typesupport_fastrtps_cpp.so" to ""
[12.922s] -- Installing: /home/ilex/Dev/VIST/src/robot/sdk/arm_teleop/install/lbot_arm_interfaces/lib/liblbot_arm_interfaces__rosidl_typesupport_introspection_c.so
[12.922s] -- Set runtime path of "/home/ilex/Dev/VIST/src/robot/sdk/arm_teleop/install/lbot_arm_interfaces/lib/liblbot_arm_interfaces__rosidl_typesupport_introspection_c.so" to ""
[12.922s] -- Installing: /home/ilex/Dev/VIST/src/robot/sdk/arm_teleop/install/lbot_arm_interfaces/lib/liblbot_arm_interfaces__rosidl_typesupport_c.so
[12.922s] -- Set runtime path of "/home/ilex/Dev/VIST/src/robot/sdk/arm_teleop/install/lbot_arm_interfaces/lib/liblbot_arm_interfaces__rosidl_typesupport_c.so" to ""
[12.922s] -- Installing: /home/ilex/Dev/VIST/src/robot/sdk/arm_teleop/install/lbot_arm_interfaces/lib/liblbot_arm_interfaces__rosidl_typesupport_introspection_cpp.so
[12.922s] -- Set runtime path of "/home/ilex/Dev/VIST/src/robot/sdk/arm_teleop/install/lbot_arm_interfaces/lib/liblbot_arm_interfaces__rosidl_typesupport_introspection_cpp.so" to ""
[12.922s] -- Installing: /home/ilex/Dev/VIST/src/robot/sdk/arm_teleop/install/lbot_arm_interfaces/lib/liblbot_arm_interfaces__rosidl_typesupport_cpp.so
[12.922s] -- Set runtime path of "/home/ilex/Dev/VIST/src/robot/sdk/arm_teleop/install/lbot_arm_interfaces/lib/liblbot_arm_interfaces__rosidl_typesupport_cpp.so" to ""
[12.966s] Listing '/home/ilex/Dev/VIST/src/robot/sdk/arm_teleop/install/lbot_arm_interfaces/lib/python3.10/site-packages/lbot_arm_interfaces'...
[12.966s] Compiling '/home/ilex/Dev/VIST/src/robot/sdk/arm_teleop/install/lbot_arm_interfaces/lib/python3.10/site-packages/lbot_arm_interfaces/__init__.py'...
[12.966s] Listing '/home/ilex/Dev/VIST/src/robot/sdk/arm_teleop/install/lbot_arm_interfaces/lib/python3.10/site-packages/lbot_arm_interfaces/msg'...
[12.966s] Compiling '/home/ilex/Dev/VIST/src/robot/sdk/arm_teleop/install/lbot_arm_interfaces/lib/python3.10/site-packages/lbot_arm_interfaces/msg/__init__.py'...
[12.966s] Compiling '/home/ilex/Dev/VIST/src/robot/sdk/arm_teleop/install/lbot_arm_interfaces/lib/python3.10/site-packages/lbot_arm_interfaces/msg/_arm_state.py'...
[12.966s] Compiling '/home/ilex/Dev/VIST/src/robot/sdk/arm_teleop/install/lbot_arm_interfaces/lib/python3.10/site-packages/lbot_arm_interfaces/msg/_follow_joint.py'...
[12.966s] Compiling '/home/ilex/Dev/VIST/src/robot/sdk/arm_teleop/install/lbot_arm_interfaces/lib/python3.10/site-packages/lbot_arm_interfaces/msg/_lbot_frame.py'...
[12.966s] Compiling '/home/ilex/Dev/VIST/src/robot/sdk/arm_teleop/install/lbot_arm_interfaces/lib/python3.10/site-packages/lbot_arm_interfaces/msg/_lbot_pose.py'...
[12.966s] Listing '/home/ilex/Dev/VIST/src/robot/sdk/arm_teleop/install/lbot_arm_interfaces/lib/python3.10/site-packages/lbot_arm_interfaces/srv'...
[12.966s] Compiling '/home/ilex/Dev/VIST/src/robot/sdk/arm_teleop/install/lbot_arm_interfaces/lib/python3.10/site-packages/lbot_arm_interfaces/srv/__init__.py'...
[12.966s] Compiling '/home/ilex/Dev/VIST/src/robot/sdk/arm_teleop/install/lbot_arm_interfaces/lib/python3.10/site-packages/lbot_arm_interfaces/srv/_change_frame.py'...
[12.966s] Compiling '/home/ilex/Dev/VIST/src/robot/sdk/arm_teleop/install/lbot_arm_interfaces/lib/python3.10/site-packages/lbot_arm_interfaces/srv/_delete_frame.py'...
[12.966s] Compiling '/home/ilex/Dev/VIST/src/robot/sdk/arm_teleop/install/lbot_arm_interfaces/lib/python3.10/site-packages/lbot_arm_interfaces/srv/_forward_kinematics.py'...
[12.967s] Compiling '/home/ilex/Dev/VIST/src/robot/sdk/arm_teleop/install/lbot_arm_interfaces/lib/python3.10/site-packages/lbot_arm_interfaces/srv/_get_all_frames.py'...
[12.967s] Compiling '/home/ilex/Dev/VIST/src/robot/sdk/arm_teleop/install/lbot_arm_interfaces/lib/python3.10/site-packages/lbot_arm_interfaces/srv/_get_current_frame.py'...
[12.967s] Compiling '/home/ilex/Dev/VIST/src/robot/sdk/arm_teleop/install/lbot_arm_interfaces/lib/python3.10/site-packages/lbot_arm_interfaces/srv/_get_frame.py'...
[12.967s] Compiling '/home/ilex/Dev/VIST/src/robot/sdk/arm_teleop/install/lbot_arm_interfaces/lib/python3.10/site-packages/lbot_arm_interfaces/srv/_inverse_kinematics.py'...
[12.967s] Compiling '/home/ilex/Dev/VIST/src/robot/sdk/arm_teleop/install/lbot_arm_interfaces/lib/python3.10/site-packages/lbot_arm_interfaces/srv/_move_c.py'...
[12.967s] Compiling '/home/ilex/Dev/VIST/src/robot/sdk/arm_teleop/install/lbot_arm_interfaces/lib/python3.10/site-packages/lbot_arm_interfaces/srv/_move_j.py'...
[12.967s] Compiling '/home/ilex/Dev/VIST/src/robot/sdk/arm_teleop/install/lbot_arm_interfaces/lib/python3.10/site-packages/lbot_arm_interfaces/srv/_move_jp.py'...
[12.967s] Compiling '/home/ilex/Dev/VIST/src/robot/sdk/arm_teleop/install/lbot_arm_interfaces/lib/python3.10/site-packages/lbot_arm_interfaces/srv/_move_l.py'...
[12.967s] Compiling '/home/ilex/Dev/VIST/src/robot/sdk/arm_teleop/install/lbot_arm_interfaces/lib/python3.10/site-packages/lbot_arm_interfaces/srv/_set_emergency.py'...
[12.967s] Compiling '/home/ilex/Dev/VIST/src/robot/sdk/arm_teleop/install/lbot_arm_interfaces/lib/python3.10/site-packages/lbot_arm_interfaces/srv/_set_enable.py'...
[12.967s] Compiling '/home/ilex/Dev/VIST/src/robot/sdk/arm_teleop/install/lbot_arm_interfaces/lib/python3.10/site-packages/lbot_arm_interfaces/srv/_set_frame.py'...
[12.967s] Compiling '/home/ilex/Dev/VIST/src/robot/sdk/arm_teleop/install/lbot_arm_interfaces/lib/python3.10/site-packages/lbot_arm_interfaces/srv/_set_string.py'...
[12.967s] Compiling '/home/ilex/Dev/VIST/src/robot/sdk/arm_teleop/install/lbot_arm_interfaces/lib/python3.10/site-packages/lbot_arm_interfaces/srv/_set_zero.py'...
[12.969s] -- Installing: /home/ilex/Dev/VIST/src/robot/sdk/arm_teleop/install/lbot_arm_interfaces/lib/liblbot_arm_interfaces__rosidl_generator_py.so
[12.970s] -- Set runtime path of "/home/ilex/Dev/VIST/src/robot/sdk/arm_teleop/install/lbot_arm_interfaces/lib/liblbot_arm_interfaces__rosidl_generator_py.so" to ""
[12.970s] -- Installing: /home/ilex/Dev/VIST/src/robot/sdk/arm_teleop/install/lbot_arm_interfaces/share/lbot_arm_interfaces/cmake/export_lbot_arm_interfaces__rosidl_generator_cExport.cmake
[12.970s] -- Installing: /home/ilex/Dev/VIST/src/robot/sdk/arm_teleop/install/lbot_arm_interfaces/share/lbot_arm_interfaces/cmake/export_lbot_arm_interfaces__rosidl_generator_cExport-noconfig.cmake
[12.970s] -- Installing: /home/ilex/Dev/VIST/src/robot/sdk/arm_teleop/install/lbot_arm_interfaces/share/lbot_arm_interfaces/cmake/export_lbot_arm_interfaces__rosidl_typesupport_fastrtps_cExport.cmake
[12.970s] -- Installing: /home/ilex/Dev/VIST/src/robot/sdk/arm_teleop/install/lbot_arm_interfaces/share/lbot_arm_interfaces/cmake/export_lbot_arm_interfaces__rosidl_typesupport_fastrtps_cExport-noconfig.cmake
[12.970s] -- Installing: /home/ilex/Dev/VIST/src/robot/sdk/arm_teleop/install/lbot_arm_interfaces/share/lbot_arm_interfaces/cmake/export_lbot_arm_interfaces__rosidl_generator_cppExport.cmake
[12.970s] -- Installing: /home/ilex/Dev/VIST/src/robot/sdk/arm_teleop/install/lbot_arm_interfaces/share/lbot_arm_interfaces/cmake/export_lbot_arm_interfaces__rosidl_typesupport_fastrtps_cppExport.cmake
[12.970s] -- Installing: /home/ilex/Dev/VIST/src/robot/sdk/arm_teleop/install/lbot_arm_interfaces/share/lbot_arm_interfaces/cmake/export_lbot_arm_interfaces__rosidl_typesupport_fastrtps_cppExport-noconfig.cmake
[12.970s] -- Installing: /home/ilex/Dev/VIST/src/robot/sdk/arm_teleop/install/lbot_arm_interfaces/share/lbot_arm_interfaces/cmake/lbot_arm_interfaces__rosidl_typesupport_introspection_cExport.cmake
[12.970s] -- Installing: /home/ilex/Dev/VIST/src/robot/sdk/arm_teleop/install/lbot_arm_interfaces/share/lbot_arm_interfaces/cmake/lbot_arm_interfaces__rosidl_typesupport_introspection_cExport-noconfig.cmake
[12.970s] -- Installing: /home/ilex/Dev/VIST/src/robot/sdk/arm_teleop/install/lbot_arm_interfaces/share/lbot_arm_interfaces/cmake/lbot_arm_interfaces__rosidl_typesupport_cExport.cmake
[12.970s] -- Installing: /home/ilex/Dev/VIST/src/robot/sdk/arm_teleop/install/lbot_arm_interfaces/share/lbot_arm_interfaces/cmake/lbot_arm_interfaces__rosidl_typesupport_cExport-noconfig.cmake
[12.970s] -- Installing: /home/ilex/Dev/VIST/src/robot/sdk/arm_teleop/install/lbot_arm_interfaces/share/lbot_arm_interfaces/cmake/lbot_arm_interfaces__rosidl_typesupport_introspection_cppExport.cmake
[12.970s] -- Installing: /home/ilex/Dev/VIST/src/robot/sdk/arm_teleop/install/lbot_arm_interfaces/share/lbot_arm_interfaces/cmake/lbot_arm_interfaces__rosidl_typesupport_introspection_cppExport-noconfig.cmake
[12.971s] -- Installing: /home/ilex/Dev/VIST/src/robot/sdk/arm_teleop/install/lbot_arm_interfaces/share/lbot_arm_interfaces/cmake/lbot_arm_interfaces__rosidl_typesupport_cppExport.cmake
[12.971s] -- Installing: /home/ilex/Dev/VIST/src/robot/sdk/arm_teleop/install/lbot_arm_interfaces/share/lbot_arm_interfaces/cmake/lbot_arm_interfaces__rosidl_typesupport_cppExport-noconfig.cmake
[12.971s] -- Installing: /home/ilex/Dev/VIST/src/robot/sdk/arm_teleop/install/lbot_arm_interfaces/share/lbot_arm_interfaces/cmake/export_lbot_arm_interfaces__rosidl_generator_pyExport.cmake
[12.971s] -- Installing: /home/ilex/Dev/VIST/src/robot/sdk/arm_teleop/install/lbot_arm_interfaces/share/lbot_arm_interfaces/cmake/export_lbot_arm_interfaces__rosidl_generator_pyExport-noconfig.cmake
[12.972s] Invoked command in '/home/ilex/Dev/VIST/src/robot/sdk/arm_teleop/build/lbot_arm_interfaces' returned '0': CMAKE_PREFIX_PATH=/opt/ros/humble CONDA_PROMPT_MODIFIER=(base) /usr/bin/cmake --install /home/ilex/Dev/VIST/src/robot/sdk/arm_teleop/build/lbot_arm_interfaces
