timestamp,iteration,frame_duration_ms,frame_frequency_hz,K_norm,K_delta_norm,Q_norm,R_norm,input_jump,pinocchio_time_ms,alpha,prediction_displacement_norm,innovation_norm,correction_norm
1772526939.4922163,1,0.9644031524658203,1036.9107540173054,4.299483012479618,0.0,28.86865786970832,2.5023327150975367,0.0,0.07081031799316406,0.98,0.0,0.0,3.185738409544915
1772526939.5034666,2,0.6651878356933594,1503.3347670250896,56.09025847502442,52.653848257213895,0.40157010081711864,2.5023327150975367,0.0,0.07081031799316406,0.98,0.10381074291563715,0.10381074291563715,0.04651683198139551
1772526939.5161543,3,0.5948543548583984,1681.0837675350701,37.26471487677289,19.660995393282725,0.41333698144819264,2.5023327150975367,0.0,0.07081031799316406,0.98,0.07791701610080139,0.07791701610080139,0.06894673317156845
1772526939.5291965,4,0.7753372192382812,1289.7613776137762,25.521237594448674,14.615863905587887,0.4165345358743697,2.5023327150975367,0.0,0.07081031799316406,0.98,0.03771066636120701,0.03771066636120701,0.03870764190616633
1772526939.5411856,5,0.6990432739257812,1430.5266030013643,20.88206003444023,8.215220947424237,0.4182587161982447,2.5023327150975367,0.0,0.07081031799316406,0.98,0.019803602993389006,0.019803602993389006,0.021644384846154364
1772526939.552808,6,0.5085468292236328,1966.3872480075013,18.88200478933303,4.557629547910891,0.41936976745921495,2.5023327150975367,0.0,0.07081031799316406,0.98,0.012920076773911446,0.012920076773911448,0.014093767774912419
1772526939.5654533,7,0.5481243133544922,1824.4036537625054,17.822208240290276,2.857316806759721,0.41992083522963836,2.5023327150975367,0.0,0.07081031799316406,0.98,0.010026180061997958,0.010026180061997958,0.010773052828125327
1772526939.5783188,8,0.8563995361328125,1167.6792873051224,16.971835874096783,2.0503856547274113,0.4200447814556782,2.5023327150975367,0.0017453275875186497,0.07081031799316406,0.98,0.007396406786748163,0.007396406786748163,0.13158860799954739
1772526939.591207,9,0.8308887481689453,1203.5305595408895,16.447203531007357,1.4510157202015346,0.38866307495810254,2.5023327150975367,0.0017453275875186497,0.07081031799316406,0.98,0.04030408874319101,0.04030408874319101,0.08057182264232454
1772526939.6035433,10,0.8709430694580078,1148.1806734191075,15.949822115933662,1.0695713016082766,0.40109489017832733,2.5023327150975367,0.0017453275875186497,0.07081031799316406,0.98,0.011661433755403386,0.011661433755403386,0.07814979609551403
1772526939.616195,11,0.9245872497558594,1081.5636926250645,15.781376050316192,0.7354157448388127,0.37949857770048206,2.5023327150975367,0.0,0.07081031799316406,0.98,0.03687504938968568,0.03687504938968568,0.025487393495114953
1772526939.6287875,12,1.1212825775146484,891.8358494577928,15.52815533765652,0.6207518345967747,0.36592188609698584,2.5023327150975367,0.0017453275875186497,0.07081031799316406,0.98,0.04253081822690385,0.04253081822690385,0.12929683897521832
1772526939.6406,13,0.7717609405517578,1295.7380290392339,15.33576822020766,0.5037479857299516,0.39278207707504836,2.5023327150975367,0.0,0.07081031799316406,0.98,0.00557798578595269,0.00557798578595269,0.06486814297549644
1772526939.6533158,14,0.8220672607421875,1216.445475638051,15.480991357446474,0.41288760249827344,0.4107575221616156,2.5023327150975367,0.0,0.07081031799316406,0.98,0.023105841641897988,0.023105841641897988,0.02498106092131334
1772526939.6655672,15,0.7529258728027344,1328.1519949335022,15.512690190088442,0.335600239949243,0.4217140820380233,2.5023327150975367,0.0,0.07081031799316406,0.98,0.02926592792298934,0.02926592792298934,0.01144395722796194
1772526939.6782641,16,0.6988048553466797,1431.0146707608326,15.68082868795259,0.38887841038962534,0.42695797867806284,2.5023327150975367,0.0,0.07081031799316406,0.98,0.028789772470730352,0.028789772470730352,0.018559107315678912
1772526939.690071,17,0.36525726318359375,2737.7963446475196,15.617509459659583,0.33164477876040316,0.4286483994669276,2.5023327150975367,0.0,0.07081031799316406,0.98,0.021537489167285605,0.021537489167285605,0.01988377753790403
1772526939.7028778,18,0.5283355712890625,1892.7364620938629,15.779475966016795,0.3376364303484384,0.4279691295063184,2.5023327150975367,0.0,0.07081031799316406,0.98,0.01584003982568221,0.01584003982568221,0.018190489880903372
1772526939.7151232,19,0.43010711669921875,2325.0022172949,15.717252597088,0.23452864419121633,0.42633357714665093,2.5023327150975367,0.0,0.07081031799316406,0.98,0.009284867972394854,0.009284867972394854,0.013649522145226967
1772526939.7276313,20,0.4100799560546875,2438.5488372093023,15.733585810684946,0.18118500317825942,0.42429608178938794,2.5023327150975367,0.0,0.07081031799316406,0.98,0.004907008889204083,0.004907008889204083,0.00914012379470382
1772526939.7400663,21,0.38242340087890625,2614.9027431421446,15.692601449718383,0.14749182830987598,0.4223675617838541,2.5023327150975367,0.0,0.07081031799316406,0.98,0.002374917020591499,0.0023749170205914993,0.005212299063359248
1772526939.75264,22,0.4286766052246094,2332.7608453837597,15.669015146683773,0.1192131014779559,0.42075858256738674,2.5023327150975367,0.0,0.07081031799316406,0.98,0.0020598855018639207,0.0020598855018639207,0.00234456823309195
1772526939.76509,23,0.38242340087890625,2614.9027431421446,15.63548742793646,0.10365070426467528,0.41953968648625956,2.5023327150975367,0.0,0.07081031799316406,0.98,0.0023816094374991734,0.0023816094374991734,0.0005415270183423075
1772526939.7777576,24,0.48065185546875,2080.5079365079364,15.627868831330293,0.08461476667328255,0.4186919933168926,2.5023327150975367,0.0,0.07081031799316406,0.98,0.0024903258639616815,0.002490325863961682,0.0006404611290680708
1772526939.79015,25,0.44345855712890625,2255.0021505376344,15.580835719780472,0.08458874698421491,0.4181420876845959,2.5023327150975367,0.0,0.07081031799316406,0.98,0.002341251761822911,0.002341251761822911,0.0010765606118258995
1772526939.802647,26,0.4260540008544922,2347.1203133743707,15.593000905552314,0.06323477638245328,0.4178196691079288,2.5023327150975367,0.0,0.07081031799316406,0.98,0.0021737279131801373,0.0021737279131801373,0.0012167110765211309
1772526939.8151686,27,0.4608631134033203,2169.8416968442834,15.58874525982364,0.05425668246396293,0.41763934563733623,2.5023327150975367,0.0017453275875186497,0.07081031799316406,0.98,0.002004501161967146,0.0020045011619671447,0.11483230247844171
1772526939.828546,28,1.0461807250976562,955.8577939835916,15.562734136214752,0.1083379992845431,0.3870567766740424,2.5023327150975367,0.0017453275875186497,0.07081031799316406,0.98,0.04095013753593818,0.04095013753593818,0.07966164160216266
1772526939.8410187,29,1.0402202606201172,961.3348613339446,15.358085214824118,0.264386403209819,0.39866631517070866,2.5023327150975367,0.0,0.07081031799316406,0.98,0.012441363037625323,0.012441363037625323,0.04474342354176991
1772526939.853194,30,0.8461475372314453,1181.8269935193011,15.31173019899036,0.12096084459809861,0.40804919789675165,2.5023327150975367,0.0,0.07081031799316406,0.98,0.0029962394306087574,0.0029962394306087574,0.02047091643153069
1772526939.866044,31,1.0390281677246094,962.4378155117026,15.438811767298604,0.14506540676538604,0.41454219427798483,2.5023327150975367,0.0,0.07081031799316406,0.98,0.01009819408744827,0.01009819408744827,0.005239466220140331
1772526939.8783443,32,0.8797645568847656,1136.6677506775068,15.460009454412761,0.07867043554410924,0.41856975645027555,2.5023327150975367,0.0,0.07081031799316406,0.98,0.011634254985782185,0.011634254985782185,0.003404815660694793
1772526939.8905962,33,0.7863044738769531,1271.7719830200122,15.513084484957803,0.11319652994643441,0.4205795378173137,2.5023327150975367,0.0,0.07081031799316406,0.98,0.010414025228162782,0.010414025228162782,0.006880497016541682
1772526939.9031668,34,0.7891654968261719,1267.161329305136,15.61804396382304,0.14047603842988235,0.4212563115636763,2.5023327150975367,0.0,0.07081031799316406,0.98,0.008243031929426851,0.008243031929426851,0.007583377846787206
1772526939.9166753,35,1.3446807861328125,743.6709219858157,15.69146487808065,0.10636907291327505,0.421150019330364,2.5023327150975367,0.0,0.07081031799316406,0.98,0.0058281007968916596,0.0058281007968916596,0.006728386238059166
1772526939.9291058,36,1.2814998626708984,780.3356279069767,15.547942493318798,0.15543244974487905,0.4206276283459007,2.5023327150975367,0.0,0.07081031799316406,0.98,0.0033432977571708523,0.0033432977571708523,0.00483636772022864
1772526939.9415636,37,0.8895397186279297,1124.1768962744572,15.588748456402246,0.06022493202159831,0.4199614620885632,2.5023327150975367,0.0,0.07081031799316406,0.98,0.0019074661704862714,0.0019074661704862714,0.00316661510698165
1772526939.953399,38,0.9043216705322266,1105.801212760348,15.414628887895596,0.17970717194264824,0.4193347726739378,2.5023327150975367,0.0,0.07081031799316406,0.98,0.0011052131000810546,0.0011052131000810546,0.001711863474049933
1772526939.9657848,39,0.8780956268310547,1138.8281292424654,15.62053099353532,0.21384606450629814,0.4188390938416259,2.5023327150975367,0.0,0.07081031799316406,0.98,0.0011063037848294793,0.0011063037848294793,0.0008491492139724746
1772526939.9778678,40,0.48828125,2048.0,15.658310755471671,0.04746750431347115,0.4184583035195031,2.5023327150975367,0.0017453275875186497,0.07081031799316406,0.98,0.001166362105374949,0.001166362105374949,0.11463638234219098
1772526939.9919958,41,1.4019012451171875,713.317006802721,15.679511565345118,0.1350893595359948,0.3869406450809148,2.5023327150975367,0.0017453275875186497,0.07081031799316406,0.98,0.04294142342705309,0.04294142342705309,0.0812022059733838
1772526940.0043082,42,1.0957717895507812,912.5987815491732,15.34384974126575,0.38613732991071864,0.39854322994358643,2.5023327150975367,0.0,0.07081031799316406,0.98,0.012617522454933479,0.012617522454933479,0.04488535897595928
1772526940.0171535,43,1.4507770538330078,689.285784716516,15.255241685796424,0.13664759051628603,0.40802482822110264,2.5023327150975367,0.0,0.07081031799316406,0.98,0.002825169053497208,0.0028251690534972077,0.020301347705186146
1772526940.0296147,44,1.3415813446044922,745.3890172383153,15.344138234576084,0.1161879339060257,0.4145398554408504,2.5023327150975367,0.0,0.07081031799316406,0.98,0.009699541105048625,0.009699541105048625,0.005201257574025621
1772526940.040742,45,0.6580352783203125,1519.6753623188406,15.327291710328367,0.10496825879653328,0.418542992968332,2.5023327150975367,0.0,0.07081031799316406,0.98,0.010705681688737033,0.010705681688737033,0.0028678762196524647
1772526940.0534172,46,0.7462501525878906,1340.0332268370607,15.63350581025942,0.32482058859642265,0.42052247314503366,2.5023327150975367,0.0,0.07081031799316406,0.98,0.010531531020414209,0.010531531020414209,0.006761757668474408
1772526940.0653741,47,0.5609989166259766,1782.534636634084,15.608558599018883,0.08294600946197013,0.4213301071762092,2.5023327150975367,0.0,0.07081031799316406,0.98,0.007839107545191957,0.007839107545191957,0.007261719639778554
1772526940.0782206,48,0.7534027099609375,1327.3113924050633,15.71651257301472,0.12751084348067684,0.42126369137716485,2.5023327150975367,0.0,0.07081031799316406,0.98,0.005638882985475792,0.005638882985475792,0.006510424976834199
1772526940.0902536,49,0.5207061767578125,1920.4688644688645,15.605478277044721,0.12343082572209613,0.42081125987074447,2.5023327150975367,0.0,0.07081031799316406,0.98,0.0032350654042310593,0.003235065404231059,0.004758974650222571
1772526940.102728,50,0.48422813415527344,2065.1422944362384,15.642657320737253,0.05114816421464741,0.42019973995581456,2.5023327150975367,0.0,0.07081031799316406,0.98,0.0017255751173649865,0.0017255751173649867,0.0031527309038257567
1772526940.1153033,51,0.5228519439697266,1912.5873233014136,15.638568970546576,0.02789442463545909,0.4196137051146837,2.5023327150975367,0.0,0.07081031799316406,0.98,0.0008678268031707476,0.0008678268031707476,0.0017932356108385638
1772526940.1277795,52,0.5373954772949219,1860.8269742679681,15.598166828230738,0.045550660588395304,0.4191221665854124,2.5023327150975367,0.0,0.07081031799316406,0.98,0.0007406939240729248,0.0007406939240729248,0.0008101206448031927
1772526940.1403594,53,0.5574226379394531,1793.9709153122326,15.603245519017559,0.017190739634635327,0.41875437568669704,2.5023327150975367,0.0,0.07081031799316406,0.98,0.0008459561002761207,0.0008459561002761207,0.0002662494813968721
1772526940.1529648,54,0.6067752838134766,1648.0565815324164,15.58686212884945,0.021738806425950517,0.41849936305741353,2.5023327150975367,0.0,0.07081031799316406,0.98,0.0008698842054527536,0.0008698842054527536,0.00029952738491868455
1772526940.165434,55,0.5970001220703125,1675.0415335463258,15.558528938830499,0.03058993760154972,0.41833693989818055,2.5023327150975367,0.0,0.07081031799316406,0.98,0.000821976511863553,0.000821976511863553,0.00041048859528027985
1772526940.1779084,56,0.6015300750732422,1662.4272691240587,15.570479205379467,0.017265038942689465,0.41824158890530516,2.5023327150975367,0.0,0.07081031799316406,0.98,0.0007660058749186681,0.0007660058749186681,0.00043756376404641167
1772526940.1903164,57,0.5464553833007812,1829.975567190227,15.5680081854159,0.010048602167375855,0.4181873640331495,2.5023327150975367,0.0,0.07081031799316406,0.98,0.0007135225971368714,0.0007135225971368714,0.0004196926123090354
1772526940.2028017,58,0.545501708984375,1833.1748251748252,15.585209640943154,0.019201870653130285,0.4181573675832222,2.5023327150975367,0.0,0.07081031799316406,0.98,0.0006855100438831067,0.0006855100438831067,0.0003965251648591975
1772526940.215409,59,0.6284713745117188,1591.1623672230653,15.588921097406164,0.010608233376942439,0.41813805076496924,2.5023327150975367,0.0,0.07081031799316406,0.98,0.0006688084134417019,0.0006688084134417019,0.00038460556173514635
1772526940.2277613,60,0.5099773406982422,1960.871435250117,15.564934505828765,0.025260759332325255,0.418122347640058,2.5023327150975367,0.0,0.07081031799316406,0.98,0.0006511498442981175,0.0006511498442981175,0.00038521226337836036
1772526940.240262,61,0.5156993865966797,1939.1141932501155,15.581369757821887,0.01808086083678715,0.41810724754176337,2.5023327150975367,0.0,0.07081031799316406,0.98,0.00064556487243523,0.0006455648724352296,0.00039414947229725116
1772526940.2528913,62,0.5891323089599609,1697.4115742614326,15.588715739054797,0.011400237647833393,0.41808999830092614,2.5023327150975367,0.0,0.07081031799316406,0.98,0.0006388399239755795,0.0006388399239755795,0.00040566116639744723
1772526940.2662854,63,0.9653568267822266,1035.8863917016547,15.645585116889011,0.06291238794562619,0.4180707861132088,2.5023327150975367,0.0017453275875186497,0.07081031799316406,0.98,0.000654768114296197,0.000654768114296197,0.11581474520847117
1772526940.2794394,64,1.142740249633789,875.0895055288963,15.482140841370969,0.19424316285069562,0.385479357773071,2.5023327150975367,0.0017453275875186497,0.07081031799316406,0.98,0.04114451082138554,0.04114451082138554,0.08071944397004935
1772526940.29104,65,0.7112026214599609,1406.0690579953068,15.17250244296662,0.3390099820124991,0.3976897839623763,2.5023327150975367,0.0,0.07081031799316406,0.98,0.011674718088576959,0.011674718088576959,0.04376459165694727
1772526940.303933,66,0.7970333099365234,1254.6527071492671,15.355787596557823,0.2094153682319439,0.4072681154927957,2.5023327150975367,0.0,0.07081031799316406,0.98,0.0029189002144023738,0.0029189002144023738,0.020648041920794783
1772526940.3165855,67,0.8413791656494141,1188.5247945593653,15.393442913024732,0.0570198006970048,0.41405097240908695,2.5023327150975367,0.0,0.07081031799316406,0.98,0.009960714014533934,0.009960714014533934,0.005202594409832121
1772526940.3290167,68,0.8211135864257812,1217.8583042973287,15.426849278896455,0.07880364372054906,0.41823323884718994,2.5023327150975367,0.0,0.07081031799316406,0.98,0.011560755171709857,0.011560755171709857,0.0033585828355039895
1772526940.3408513,69,0.7650852203369141,1307.0439389217825,15.42614358005907,0.10272723512348084,0.4203840851155167,2.5023327150975367,0.0,0.07081031799316406,0.98,0.00996157429947471,0.00996157429947471,0.006584855987768377
1772526940.3530731,70,0.5810260772705078,1721.0931473122691,15.633237797334436,0.22759220006502331,0.4211488040621542,2.5023327150975367,0.0,0.07081031799316406,0.98,0.008117227928180482,0.008117227928180482,0.007425580373787393
1772526940.3654165,71,0.5443096160888672,1837.1896627244853,15.670906765465801,0.07247463619236733,0.4211700230021522,2.5023327150975367,0.0,0.07081031799316406,0.98,0.005519946567750337,0.005519946567750337,0.006484405069902287
1772526940.3778985,72,0.5280971527099609,1893.5909706546274,15.67509725516459,0.04857386811831482,0.420747417899945,2.5023327150975367,0.0,0.07081031799316406,0.98,0.003311326939182511,0.003311326939182511,0.0048796337699808226
1772526940.390327,73,0.5626678466796875,1777.2474576271186,15.628560334332677,0.0576419436514947,0.4201729185027048,2.5023327150975367,0.0,0.07081031799316406,0.98,0.001629739363868114,0.0016297393638681139,0.003184463621051227
1772526940.4028635,74,0.5290508270263672,1890.1775574583146,15.638244113226158,0.024156902297442388,0.41961236144434033,2.5023327150975367,0.0,0.07081031799316406,0.98,0.0006654596348379287,0.0006654596348379287,0.0018111784407243614
1772526940.4157836,75,0.835418701171875,1197.0045662100456,15.622990781821326,0.02660683334624722,0.41914616649054254,2.5023327150975367,0.0,0.07081031799316406,0.98,0.0005033867366599164,0.0005033867366599164,0.0008123997194387215
1772526940.4281147,76,0.6771087646484375,1476.867605633803,15.559714690589384,0.06475300420341669,0.4187990752392109,2.5023327150975367,0.0,0.07081031799316406,0.98,0.000638884406150043,0.000638884406150043,0.00022491558728662006
1772526940.4403248,77,0.5102157592773438,1959.955140186916,15.545445330982494,0.024525610244464143,0.4185686109366179,2.5023327150975367,0.0,0.07081031799316406,0.98,0.000669615914771242,0.0006696159147712426,0.00024212982000889634
1772526940.4533515,78,0.7414817810058594,1348.650803858521,15.638197853612045,0.09330246650016016,0.4184288777127508,2.5023327150975367,0.0,0.07081031799316406,0.98,0.0006478756702190429,0.0006478756702190436,0.00036948252057908914
1772526940.465983,79,0.7224082946777344,1384.2587458745875,15.57805964222647,0.06427593861730871,0.41834808654063355,2.5023327150975367,0.0,0.07081031799316406,0.98,0.0005623509400604596,0.0005623509400604596,0.0003843210478806411
1772526940.4784753,80,0.8420944213867188,1187.515288788222,15.502832928090655,0.07560133619523447,0.41831098479026113,2.5023327150975367,0.0,0.07081031799316406,0.98,0.00048441709496824454,0.00048441709496824454,0.00034157529237506204
1772526940.4902108,81,0.4475116729736328,2234.5785828449652,15.486438093080128,0.04016673777962716,0.41829780879180073,2.5023327150975367,0.0,0.07081031799316406,0.98,0.0004346520905496083,0.0004346520905496083,0.0002916788924853878
1772526940.5027668,82,0.4901885986328125,2040.0311284046693,15.630552674643303,0.14587645206994296,0.4182948314314121,2.5023327150975367,0.0,0.07081031799316406,0.98,0.00043273459420017734,0.00043273459420017734,0.00026149037806069843
1772526940.5152926,83,0.5207061767578125,1920.4688644688645,15.630124654830968,0.02195509764157681,0.4182914314399947,2.5023327150975367,0.0,0.07081031799316406,0.98,0.00042294992478450905,0.0004229499247845117,0.00024723011538633
1772526940.5278292,84,0.49877166748046875,2004.925430210325,15.612803602692312,0.02974360876288641,0.4182870489020599,2.5023327150975367,0.0,0.07081031799316406,0.98,0.0004201193660909587,0.0004201193660909587,0.0002466940951764924
1772526940.5403392,85,0.5548000335693359,1802.4512247529008,15.568520364921229,0.04585088624388347,0.41827961293194804,2.5023327150975367,0.0,0.07081031799316406,0.98,0.0004114968304256222,0.00041149683042561935,0.0002519056985774962
1772526940.5527346,86,0.4680156707763672,2136.6805909322466,15.570087602318718,0.005780584794329327,0.4182698354616041,2.5023327150975367,0.0,0.07081031799316406,0.98,0.00040748240180442266,0.0004074824018044215,0.0002585890526052113
1772526940.5652015,87,0.49996376037597656,2000.144969003338,15.5704131890811,0.007271304563126577,0.41825780900247667,2.5023327150975367,0.0,0.07081031799316406,0.98,0.0004011682536753482,0.0004011682536753481,0.0002647918808673018
1772526940.577657,88,0.43487548828125,2299.5087719298244,15.591040336834164,0.02110885468288971,0.4182446410258482,2.5023327150975367,0.0,0.07081031799316406,0.98,0.0003988653412537384,0.0003988653412537384,0.0002705323289363791
1772526940.590174,89,0.4696846008300781,2129.0883248730966,15.581827025099626,0.010051563753713043,0.4182306436332231,2.5023327150975367,0.0,0.07081031799316406,0.98,0.00039266940872602905,0.0003926694087260288,0.0002755340752544265
1772526940.6026752,90,0.4470348358154297,2236.9621333333334,15.58344909144983,0.0038742394204868244,0.41821689308871896,2.5023327150975367,0.0,0.07081031799316406,0.98,0.0003888762533520488,0.0003888762533520488,0.0002801065276867329
1772526940.6151114,91,0.42057037353515625,2377.7233560090704,15.568928985166648,0.014763840051770552,0.41820351970493747,2.5023327150975367,0.0,0.07081031799316406,0.98,0.0003819045436996764,0.00038190454369967054,0.00028402299000310227
1772526940.6276436,92,0.4200935363769531,2380.422247446084,15.581238265160419,0.012659325724848533,0.4181911456006241,2.5023327150975367,0.0,0.07081031799316406,0.98,0.0003790064902098699,0.00037900649020986867,0.0002876434484266553
1772526940.6401107,93,0.4177093505859375,2394.009132420091,15.569634871479025,0.011847513111531798,0.41817938934045473,2.5023327150975367,0.0,0.07081031799316406,0.98,0.00037216686127392783,0.0003721668612739232,0.00029063696013576504
1772526940.6526673,94,0.44918060302734375,2226.276008492569,15.58052059854524,0.011158593208766852,0.41816876155371224,2.5023327150975367,0.0,0.07081031799316406,0.98,0.0003691001687034481,0.0003691001687034481,0.0002933398859673035
1772526940.6654284,95,0.5705356597900391,1752.7388215628919,15.590183318977886,0.011964216193465028,0.4181587852838455,2.5023327150975367,0.0,0.07081031799316406,0.98,0.0003670135770674088,0.0003670135770674088,0.0002958418677855031
1772526940.678316,96,0.7793903350830078,1283.0541449984705,15.58347757990923,0.013923143622814924,0.41814932460841253,2.5023327150975367,0.0,0.07081031799316406,0.98,0.0003643807423320838,0.0003643807423320828,0.0002981066308789013
1772526940.690237,97,0.48041343688964844,2081.540446650124,15.476664223869163,0.10743950322666836,0.4181404276073102,2.5023327150975367,0.0,0.07081031799316406,0.98,0.00034288853003224744,0.00034288853003224744,0.0002986031161238831
1772526940.702764,98,0.45943260192871094,2176.5978204462895,15.583214883083926,0.10974983283906993,0.41813431299192577,2.5023327150975367,0.0,0.07081031799316406,0.98,0.00034913545124971835,0.00034913545124971835,0.0002997405229253578
1772526940.7153134,99,0.4017353057861328,2489.20118694362,15.602824985207691,0.021059390882468623,0.41812750416341815,2.5023327150975367,0.0,0.07081031799316406,0.98,0.00034514677396619707,0.0003451467739662016,0.0003006257143447174
1772526940.7286184,100,0.7243156433105469,1380.6135615536537,15.645091223293097,0.05245986604312748,0.4181212933710936,2.5023327150975367,0.0,0.07081031799316406,0.98,0.0003525045411204889,0.0003525045411204889,0.0003022023570191865
1772526940.7409656,101,0.9639263153076172,1037.4236952757853,15.44183682499416,0.20344348188959457,0.41811431181837444,2.5023327150975367,0.0,0.07081031799316406,0.98,0.00032173570183403405,0.00032173570183403405,0.0003013019442232565
1772526940.7536573,102,0.8494853973388672,1177.1832725231548,15.59637816770873,0.15682682441585305,0.4181112025654416,2.5023327150975367,0.0,0.07081031799316406,0.98,0.00033667988358883116,0.00033667988358883566,0.0003018435538652502
1772526940.766291,103,1.0590553283691406,944.2377307519135,15.547518791612422,0.04922532161112403,0.41810623660308466,2.5023327150975367,0.0,0.07081031799316406,0.98,0.0003234038240721787,0.0003234038240721742,0.0003014112355926897
1772526940.7793572,104,1.2586116790771484,794.526236029551,15.595040865731647,0.048052611448221205,0.4181029587493175,2.5023327150975367,0.0,0.07081031799316406,0.98,0.00032769749064590564,0.000327697490645906,0.0003015057576567791
1772526940.7912028,105,0.682830810546875,1464.491620111732,15.497257439550506,0.09785398497740033,0.4180991601739782,2.5023327150975367,0.0,0.07081031799316406,0.98,0.00031065859577288985,0.00031065859577288985,0.00030035238172807454
1772526940.8033168,106,0.7534027099609375,1327.3113924050633,15.469374969055476,0.0455157282807507,0.4180974612686717,2.5023327150975367,0.0,0.07081031799316406,0.98,0.0002974002284510128,0.0002974002284510173,0.0002983571080250166
1772526940.8160307,107,0.7750988006591797,1290.1581051984006,15.64888717575709,0.18044658454759502,0.4180972633096241,2.5023327150975367,0.0,0.07081031799316406,0.98,0.00030978073883537657,0.00030978073883538096,0.00029764596875752117
1772526940.8280482,108,0.5855560302734375,1707.7785016286646,15.555288177077212,0.09487133066080089,0.41809538874125385,2.5023327150975367,0.0,0.07081031799316406,0.98,0.00029164159310492214,0.00029164159310492214,0.00029566008927869164
1772526940.840939,109,0.728607177734375,1372.4816753926702,15.659435325261157,0.10495960185288997,0.4180956480108226,2.5023327150975367,0.0,0.07081031799316406,0.98,0.00030225483675658547,0.00030225483675658547,0.0002948005613339767
1772526940.8535454,110,0.7908344268798828,1264.487187217365,15.584005366264892,0.0808738018167488,0.41809443586236666,2.5023327150975367,0.0,0.07081031799316406,0.98,0.00029200831653963577,0.0002920083165396361,0.000293305795513511
1772526940.8658767,111,0.7433891296386719,1345.1905067350865,15.53900593428129,0.045108057739832744,0.4180943873350306,2.5023327150975367,0.0,0.07081031799316406,0.98,0.0002843037580069741,0.0002843037580069741,0.0002914269881346592
1772526940.8780968,112,0.6444454193115234,1551.7217906030337,15.54059768072228,0.01967860344659955,0.41809511795307885,2.5023327150975367,0.0,0.07081031799316406,0.98,0.0002777887684840754,0.0002777887684840754,0.00028928622751936905
1772526940.8901608,113,0.3948211669921875,2532.792270531401,15.571878913318002,0.0366259833121801,0.4180964356422939,2.5023327150975367,0.0,0.07081031799316406,0.98,0.00027322502782634755,0.00027322502782634755,0.00028705559960860076
1772526940.9028869,114,0.46563148498535156,2147.621095750128,15.653904797627797,0.08231934566743376,0.41809807171759744,2.5023327150975367,0.0,0.07081031799316406,0.98,0.0002777057953246836,0.0002777057953246849,0.0002854510105973355
1772526940.9156075,115,0.6501674652099609,1538.065273193986,15.607831665515972,0.05295829556262484,0.4180989271596337,2.5023327150975367,0.0,0.07081031799316406,0.98,0.0002716006521584986,0.0002716006521584972,0.0002835856265985246
1772526940.9289021,116,0.8561611175537109,1168.004455583403,15.652455587390405,0.055558778932498665,0.4181003455865461,2.5023327150975367,0.0,0.07081031799316406,0.98,0.0002800703202666378,0.0002800703202666378,0.00028262173708676634
1772526940.9415157,117,1.4221668243408203,703.1523889354569,15.422202920553412,0.2303928018903788,0.41810054424538273,2.5023327150975367,0.0017453275875186497,0.07081031799316406,0.98,0.0002531807296964779,0.0002531807296964779,0.11303379893641662
1772526940.9541998,118,1.2965202331542969,771.2953291651343,15.504415538943647,0.10724978261454143,0.38588510120164726,2.5023327150975367,0.0017453275875186497,0.07796287536621094,0.98,0.04001275447175023,0.04001275447175023,0.0779557473609633
1772526940.9672651,119,1.3740062713623047,727.7987159465556,15.419304355688565,0.1768302343046403,0.39763179905137186,2.5023327150975367,0.0,0.07796287536621094,0.98,0.012676438543296947,0.012676438543296947,0.044889707234966436
1772526940.9791396,120,1.0745525360107422,930.6199245617928,15.220344753446865,0.21754479850987013,0.40730309885420096,2.5023327150975367,0.0,0.07796287536621094,0.98,0.0030000765732057823,0.0030000765732057827,0.01990399656249825
1772526940.9917889,121,1.233816146850586,810.4935265700483,15.359760867657455,0.15508372014721047,0.4139402899475475,2.5023327150975367,0.0,0.07796287536621094,0.98,0.009846947560856464,0.009846947560856465,0.005020733360628093
1772526941.0039153,122,1.0132789611816406,986.8950588235294,15.452389216167202,0.12045416953793159,0.4180879095067857,2.5023327150975367,0.0,0.07796287536621094,0.98,0.011432966478138159,0.011432966478138159,0.0033373685495579754
1772526941.0205522,123,1.31988525390625,757.6416184971098,15.97384416782654,0.5443504381383536,0.42025484696066,2.5023327150975367,0.0,0.07796287536621094,0.98,0.01365452588319836,0.01365452588319836,0.009365640863947495
1772526941.0284505,124,0.8637905120849609,1157.6881037813966,14.442173225884554,1.5341645372996913,0.4213008675974133,2.5023327150975367,0.0,0.07796287536621094,0.98,0.004880993648714294,0.004880993648714294,0.005797238164861914
1772526941.041023,125,0.9434223175048828,1059.9706848622693,15.601885529831545,1.2094997660650293,0.42091670351830335,2.5023327150975367,0.0,0.07796287536621094,0.98,0.005360492571456335,0.005360492571456335,0.005894133311496408
1772526941.0540762,126,1.2633800506591797,791.5274580109455,15.92553436531322,0.32617120193603244,0.420655550226991,2.5023327150975367,0.0,0.07796287536621094,0.98,0.00333045152081753,0.00333045152081753,0.004802648710498083
1772526941.0658133,127,0.7851123809814453,1273.7030063771638,15.704317834056035,0.2418896148640513,0.420145240667738,2.5023327150975367,0.0,0.07796287536621094,0.98,0.001497459174403302,0.001497459174403302,0.003075608889288198
1772526941.0787666,128,1.0404586791992188,961.1145737855179,15.726424532721753,0.06552870312497283,0.4196214495536242,2.5023327150975367,0.0,0.07796287536621094,0.98,0.000523137603236764,0.000523137603236764,0.001765076879928653
1772526941.09044,129,0.6682872772216797,1496.3624687834463,15.535974865589962,0.19298510797175614,0.4191898003201059,2.5023327150975367,0.0,0.07796287536621094,0.98,0.00029470481049592083,0.00029470481049592056,0.0007659156861743175
1772526941.102971,130,0.6620883941650391,1510.372344256392,15.646176555257364,0.11176718037780672,0.41888309614880864,2.5023327150975367,0.0,0.07796287536621094,0.98,0.0005057523369969092,0.0005057523369969092,0.00018837222546758982
1772526941.1155038,131,0.6985664367675781,1431.503071672355,15.632395521312056,0.020822701549106738,0.41867707869664916,2.5023327150975367,0.0,0.07796287536621094,0.98,0.0005488494865960698,0.0005488494865960698,0.0002072800210931758
1772526941.1280024,132,0.6673336029052734,1498.5008931761342,15.61290813673667,0.02288426300656481,0.41855853394159953,2.5023327150975367,0.0,0.07796287536621094,0.98,0.0004936752772013737,0.0004936752772013737,0.0003288129631761546
1772526941.1404526,133,0.6825923919677734,1465.0031435557107,15.574620000407531,0.038715752408480894,0.4185009430115273,2.5023327150975367,0.0,0.07796287536621094,0.98,0.0003956546421260369,0.0003956546421260389,0.00033719136271530417
1772526941.1531515,134,0.7359981536865234,1358.6990605766116,15.608004007174271,0.033717580915042296,0.4184821155226993,2.5023327150975367,0.0,0.07796287536621094,0.98,0.0003148395922973222,0.0003148395922973222,0.0002943372994164698
1772526941.1658683,135,0.8425712585449219,1186.8432371250708,15.578393514845285,0.0302985880572755,0.4184825082127372,2.5023327150975367,0.0,0.07796287536621094,0.98,0.00025272973319925986,0.0002527297331992612,0.00022975303276262862
1772526941.179095,136,1.1990070343017578,834.0234639093259,15.605553039308447,0.02948030394115698,0.41849178901962975,2.5023327150975367,0.0017453275875186497,0.07796287536621094,0.98,0.00022902871397741532,0.0002290287139774114,0.11516836316490717
1772526941.190773,137,0.7777214050292969,1285.8074800735744,15.350708371842234,0.266206602718219,0.3855883487854165,2.5023327150975367,0.0017453275875186497,0.07796287536621094,0.98,0.03803571447555971,0.03803571447555971,0.07708306350918756
1772526941.2033048,138,0.7624626159667969,1311.5397123202001,15.380623253728949,0.13604439127976514,0.3976626466185188,2.5023327150975367,0.0,0.07796287536621094,0.98,0.012993611493212003,0.012993611493212003,0.04501298344871664
1772526941.2156758,139,0.8118152618408203,1231.807342143906,15.349127780703922,0.09490644512861021,0.407261994746129,2.5023327150975367,0.0,0.07796287536621094,0.98,0.0025689539361949828,0.0025689539361949828,0.0209093986017258
1772526941.228686,140,1.1055469512939453,904.529652792754,15.465939105212268,0.12183840390929086,0.41406214459288504,2.5023327150975367,0.0,0.07796287536621094,0.98,0.009987145787670794,0.009987145787670794,0.005471053676861286
1772526941.2401683,141,0.45180320739746094,2213.3530343007915,15.39944401063049,0.09358222343974593,0.41836872601292613,2.5023327150975367,0.0,0.07796287536621094,0.98,0.011226324324594443,0.011226324324594443,0.003049712129057067
1772526941.2526548,142,0.4642009735107422,2154.2393425783257,15.562799053915324,0.1902011169964668,0.42054478372416704,2.5023327150975367,0.0,0.07796287536621094,0.98,0.010581891133645334,0.010581891133645334,0.00685877368302883
1772526941.2655902,143,0.7774829864501953,1286.201778595523,15.64491188318307,0.11385743173096405,0.4214327931697881,2.5023327150975367,0.0,0.07796287536621094,0.98,0.008323001230445876,0.008323001230445876,0.007664146070178774
1772526941.2781403,144,0.762939453125,1310.72,15.6193787800004,0.06715257700986776,0.42146847599543835,2.5023327150975367,0.0,0.07796287536621094,0.98,0.005587345780754978,0.005587345780754978,0.006608480519684357
1772526941.290556,145,0.7491111755371094,1334.915340547422,15.579184151936328,0.0588807475128631,0.4210538887383023,2.5023327150975367,0.0,0.07796287536621094,0.98,0.003241761866578845,0.0032417618665788453,0.004866563117217097
1772526941.3030145,146,0.7064342498779297,1415.5599055011812,15.599553148717753,0.035234880270819384,0.4204906186266577,2.5023327150975367,0.0,0.07796287536621094,0.98,0.0015798922959693034,0.0015798922959693038,0.0031901204686788686
1772526941.3154535,147,0.6840229034423828,1461.9393516904845,15.59674777950793,0.016755777626624554,0.41994625098556604,2.5023327150975367,0.0,0.07796287536621094,0.98,0.0005091955608545048,0.0005091955608545048,0.001795950347884438
1772526941.3279698,148,0.6837844848632812,1462.4490934449093,15.605804276416075,0.015797885105207167,0.41949653498984335,2.5023327150975367,0.0,0.07796287536621094,0.98,0.0002964805058014859,0.0002964805058014859,0.000798308426329775
1772526941.3404245,149,0.6647109985351562,1504.413199426112,15.590904133800276,0.020051088153323477,0.4191654593273148,2.5023327150975367,0.0,0.07796287536621094,0.98,0.0005079292060048325,0.000507929206004834,0.0001822825923202004
1772526941.352964,150,0.6566047668457031,1522.9862018881627,15.596243980924749,0.01333605107133223,0.4189467501240939,2.5023327150975367,0.0,0.07796287536621094,0.98,0.0005590506054536131,0.0005590506054536123,0.00020274445332545338
1772526941.3654423,151,0.6756782531738281,1479.9943542695837,15.572988609266362,0.025090653654200695,0.4188166078036869,2.5023327150975367,0.0,0.07796287536621094,0.98,0.0004957417188503897,0.0004957417188503875,0.0003272732258153618
1772526941.377964,152,0.6530284881591797,1531.3267615918219,15.5872558545696,0.015501134188301825,0.4187502767817532,2.5023327150975367,0.0,0.07796287536621094,0.98,0.0004012049091336206,0.0004012049091336168,0.00033843979695594704
1772526941.390457,153,0.6425380706787109,1556.3280148423005,15.56726984703532,0.020325113406229,0.4187225107398905,2.5023327150975367,0.0,0.07796287536621094,0.98,0.00030562933181809874,0.00030562933181809874,0.0002851772766483891
1772526941.4031138,154,0.7779598236083984,1285.4134232301562,15.595972293968185,0.028858458083110994,0.41871628390675864,2.5023327150975367,0.0017453275875186497,0.07796287536621094,0.98,0.00024599021917510083,0.00024599021917510186,0.11409580394031564
1772526941.4158823,155,0.9398460388183594,1064.0040588533739,15.512345455581297,0.12122720386330275,0.38614882160060704,2.5023327150975367,0.0017453275875186497,0.07796287536621094,0.98,0.040068367006539936,0.040068367006539936,0.07871836272621315
1772526941.429069,156,1.1701583862304688,854.5851670741646,15.434393032151371,0.17728542683590393,0.3980714629711163,2.5023327150975367,0.0,0.07796287536621094,0.98,0.013078603422016282,0.013078603422016282,0.04554403762170061
1772526941.4405255,157,0.7271766662597656,1375.1816393442623,15.175447327077284,0.27241296423943756,0.4077774747593592,2.5023327150975367,0.0,0.07796287536621094,0.98,0.00278596879496327,0.0027859687949632703,0.020118072581197754
1772526941.4531167,158,0.5822181701660156,1717.5692055692057,15.43943290264975,0.27374807533537193,0.4143797476740263,2.5023327150975367,0.0,0.07796287536621094,0.98,0.010037241770506803,0.010037241770506803,0.005223711215334465
1772526941.4653373,159,0.49233436584472656,2031.1399515738499,15.459485149497802,0.07018817106132103,0.4186143033695649,2.5023327150975367,0.0,0.07796287536621094,0.98,0.011440189167749889,0.011440189167749889,0.0032670073227063093
1772526941.4781787,160,0.61798095703125,1618.1728395061727,15.596616007064634,0.16173179025457857,0.4207784238615442,2.5023327150975367,0.0,0.07796287536621094,0.98,0.010719836326491847,0.010719836326491847,0.00708432742944922
1772526941.490607,161,0.7491111755371094,1334.915340547422,15.543651183195536,0.09552343134442863,0.42163261084328413,2.5023327150975367,0.0,0.03314018249511719,0.98,0.007925869521112223,0.007925869521112223,0.007458185992996171
1772526941.503092,162,0.6930828094482422,1442.829033367733,15.614702810354622,0.09716345314864286,0.42160963989611144,2.5023327150975367,0.0,0.03314018249511719,0.98,0.0054862171588383885,0.0054862171588383885,0.006488560799174391
1772526941.5155106,163,0.6902217864990234,1448.8096718480137,15.606497465852335,0.043130129595473056,0.42119614796941357,2.5023327150975367,0.0,0.03314018249511719,0.98,0.0031892207933303,0.0031892207933302986,0.004803064482378781
1772526941.5281165,164,0.6897449493408203,1449.8112685793294,15.63686191068575,0.03961791940251384,0.4206318739745194,2.5023327150975367,0.0,0.03314018249511719,0.98,0.0015583219941021685,0.0015583219941021685,0.0031619685063527573
1772526941.5406253,165,0.7381439208984375,1354.749354005168,15.596378156528752,0.04460162506348091,0.42008497816675333,2.5023327150975367,0.0,0.03314018249511719,0.98,0.0004877122581580312,0.0004877122581580312,0.0017644146308775943
1772526941.5531564,166,0.7252693176269531,1378.7981591058515,15.598833053945603,0.0137862099533087,0.41963380681676316,2.5023327150975367,0.0,0.03337860107421875,0.98,0.00030459440644394885,0.0003045944064439489,0.0007781470221515172
1772526941.5655186,167,0.701904296875,1424.695652173913,15.567629951297326,0.03356563052171267,0.41930197196206803,2.5023327150975367,0.0,0.03337860107421875,0.98,0.0005075158509871055,0.0005075158509871055,0.00018641655986083663
1772526941.5780928,168,0.6935596466064453,1441.837057408044,15.607934812848121,0.04173631227682455,0.41908316533324064,2.5023327150975367,0.0,0.03337860107421875,0.98,0.000560635272488699,0.000560635272488699,0.00021877015241463072
1772526941.5905192,169,0.6947517395019531,1439.363074811256,15.573729239108195,0.03564612399134944,0.4189503402583134,2.5023327150975367,0.0,0.03337860107421875,0.98,0.0004923975680539939,0.0004923975680539949,0.00033286191201644365
1772526941.6029797,170,0.6868839263916016,1455.850052065255,15.58318681494153,0.011300534661808501,0.41888133857366827,2.5023327150975367,0.0,0.03337860107421875,0.98,0.0003971067972001837,0.0003971067972001837,0.00033894227174089466
1772526941.615499,171,0.7016658782958984,1425.1797485558955,15.592010674654462,0.009946656337136909,0.4188502285977739,2.5023327150975367,0.0,0.03337860107421875,0.98,0.00030730888830035006,0.00030730888830034854,0.0002865546607395491
1772526941.6279895,172,0.6909370422363281,1447.3098688750863,15.587901337774987,0.006804697028400895,0.41883958303422986,2.5023327150975367,0.0,0.03337860107421875,0.98,0.0002456247932300622,0.0002456247932300622,0.0002138669705386466
1772526941.640162,173,0.4413127899169922,2265.9665045921124,15.565484240808356,0.022641697107507845,0.41883730149165915,2.5023327150975367,0.0,0.03337860107421875,0.98,0.000214117176915744,0.000214117176915744,0.0001449572268322402
1772526941.6531544,174,0.6856918334960938,1458.3810848400556,15.630165389311678,0.06509699847087118,0.41883615106080285,2.5023327150975367,0.0,0.03337860107421875,0.98,0.00021173695217072542,0.0002117369521707264,9.538543314207971e-05
1772526941.665547,175,0.6878376007080078,1453.8315424610053,15.544912477341317,0.08587742534180533,0.41883164459672345,2.5023327150975367,0.0,0.03337860107421875,0.98,0.00020411925685138435,0.00020411925685138231,6.614669414544139e-05
1772526941.6777644,176,0.3943443298339844,2535.8548972188632,15.56570121438302,0.023823101611974488,0.4188238273555828,2.5023327150975367,0.0,0.03337860107421875,0.98,0.00020579247412186145,0.00020579247412186145,5.730753266066531e-05
1772526941.6901453,177,0.38361549377441406,2606.77688004972,15.559597419458035,0.011706068091532074,0.41881206773036955,2.5023327150975367,0.0,0.03337860107421875,0.98,0.0002032144093203106,0.00020321440932031124,5.799958530538246e-05
1772526941.7027183,178,0.3943443298339844,2535.8548972188632,15.604750697825862,0.04538061669387676,0.41879756935047774,2.5023327150975367,0.0,0.03337860107421875,0.98,0.0002054257742726554,0.0002054257742726554,6.138786719863785e-05
1772526941.7151017,179,0.3724098205566406,2685.213828425096,15.574468454588391,0.030834385638417994,0.4187808867765322,2.5023327150975367,0.0,0.03337860107421875,0.98,0.00020173336942907048,0.00020173336942907048,6.508447943356932e-05
1772526941.7276764,180,0.3490447998046875,2864.96174863388,15.6056443633896,0.031542596503711245,0.4187634402350538,2.5023327150975367,0.0,0.03337860107421875,0.98,0.00020397433276507493,0.00020397433276507493,6.942475816435812e-05
1772526941.7400925,181,0.3724098205566406,2685.213828425096,15.562493027568692,0.04344833518681413,0.4187454060594589,2.5023327150975367,0.0,0.03337860107421875,0.98,0.0001996291055797803,0.00019962910557977807,7.400368981296341e-05
1772526941.7527678,182,0.3676414489746094,2720.041504539559,15.610172331970729,0.04779841745866181,0.41872791079641614,2.5023327150975367,0.0,0.03337860107421875,0.98,0.00020335448177496513,0.00020335448177496464,7.915352455725062e-05
1772526941.7650833,183,0.3476142883300781,2876.7517146776404,15.540723287051996,0.06953410078229849,0.4187104734889872,2.5023327150975367,0.0,0.03337860107421875,0.98,0.00019656722995721793,0.0001965672299572179,8.404985658194095e-05
1772526941.7776122,184,0.3871917724609375,2582.6995073891626,15.582721572015625,0.04352282420674794,0.4186943054965209,2.5023327150975367,0.0,0.03337860107421875,0.98,0.00019829805712178434,0.00019829805712178388,8.901897818170547e-05
1772526941.790073,185,0.3757476806640625,2661.3604060913704,15.586306316862272,0.004021495829128756,0.4186786076363937,2.5023327150975367,0.0,0.03337860107421875,0.98,0.00019667418035723176,0.00019667418035723176,9.376722865576736e-05
1772526941.802543,186,0.354766845703125,2818.7526881720432,15.58804646740556,0.0035207188713334927,0.4186637306818431,2.5023327150975367,0.0,0.03337860107421875,0.98,0.00019570558926905517,0.00019570558926905517,9.82929129139374e-05
1772526941.8155425,187,0.7414817810058594,1348.650803858521,15.60602080778195,0.02003365277445508,0.4186495868814251,2.5023327150975367,0.0017453275875186497,0.03337860107421875,0.98,0.00019683290032581407,0.00019683290032581355,0.11440816908602236
1772526941.8283563,188,0.8475780487060547,1179.8323488045007,15.518350543291891,0.1265935680363311,0.38600789050892065,2.5023327150975367,0.0017453275875186497,0.03933906555175781,0.98,0.04032866363959815,0.04032866363959815,0.07904087767953215
1772526941.8402393,189,0.45037269592285156,2220.3832715722606,15.306830816893743,0.2554721283981768,0.3979664849611438,2.5023327150975367,0.0,0.03933906555175781,0.98,0.012186742268293804,0.012186742268293806,0.04416724006422076
1772526941.8529587,190,0.43654441833496094,2290.7176406335334,15.37935717856171,0.11586793609735595,0.4075342277149377,2.5023327150975367,0.0,0.03933906555175781,0.98,0.0028049374417429885,0.002804937441742988,0.020644630309293237
1772526941.865518,191,0.5745887756347656,1740.3751037344398,15.379197788596382,0.036464700844593044,0.41431491830047257,2.5023327150975367,0.0,0.03933906555175781,0.98,0.009762179447056499,0.009762179447056499,0.005258540664638256
1772526941.8787105,192,1.0306835174560547,970.2299329169558,15.498570220106432,0.13751400286678217,0.4184833892696355,2.5023327150975367,0.0,0.03933906555175781,0.98,0.011851702989431105,0.011851702989431105,0.003492192490973281
1772526941.8905547,193,0.7271766662597656,1375.1816393442623,15.43866469753528,0.10920969611229907,0.42070599593958735,2.5023327150975367,0.0,0.03933906555175781,0.98,0.010061880313641837,0.010061880313641837,0.006730129753819456
1772526941.9031053,194,0.6930828094482422,1442.829033367733,15.60191909178902,0.18789506168655687,0.4214804384917779,2.5023327150975367,0.0,0.03933906555175781,0.98,0.00811496188222491,0.00811496188222491,0.007493616645996528
1772526941.9156034,195,0.7059574127197266,1416.516041877744,15.621054003615175,0.06382214194496945,0.4215058072687259,2.5023327150975367,0.0,0.03933906555175781,0.98,0.005448276499084391,0.005448276499084391,0.006467852783193774
1772526941.9281569,196,0.7040500640869141,1420.353538774128,15.627578485512265,0.04146013574764192,0.4210925033767323,2.5023327150975367,0.0,0.03933906555175781,0.98,0.0032156443610625272,0.0032156443610625272,0.004822148655177107
1772526941.9406028,197,0.7259845733642578,1377.43973727422,15.594706339770964,0.0415133361039821,0.42053464258214984,2.5023327150975367,0.0,0.03933906555175781,0.98,0.0015238312027738444,0.0015238312027738444,0.0031248073875416588
1772526941.953178,198,0.6844997406005859,1460.9209334726577,15.616861704454282,0.027353207217465963,0.4199943350249452,2.5023327150975367,0.0,0.03933906555175781,0.98,0.0004884438701544483,0.0004884438701544475,0.0017618208799775744
1772526941.9655883,199,0.7152557373046875,1398.1013333333333,15.571135819251145,0.04775893725822523,0.4195495026536966,2.5023327150975367,0.0,0.03933906555175781,0.98,0.0002908541270824054,0.0002908541270824054,0.0007703590866712234
1772526941.978179,200,0.6992816925048828,1430.0388680531878,15.608494086659086,0.03929748300056792,0.41922600043438407,2.5023327150975367,0.0,0.03933906555175781,0.98,0.0005081136971784195,0.0005081136971784187,0.00017646312556066714
1772526941.9905922,201,0.7128715515136719,1402.7772575250835,15.567838913146154,0.0422639291923541,0.41901081234093474,2.5023327150975367,0.0,0.03933906555175781,0.98,0.0005428595377355029,0.0005428595377355029,0.0002095030957844446
1772526942.0031064,202,0.6906986236572266,1447.809458060062,15.591863147867189,0.025498722255985568,0.4188858367351365,2.5023327150975367,0.0,0.03933906555175781,0.98,0.00048785076322630996,0.00048785076322630996,0.0003306235648250091
1772526942.015569,203,0.6999969482421875,1428.5776566757493,15.5780787475209,0.015214063205614761,0.41882116413611703,2.5023327150975367,0.0,0.03933906555175781,0.98,0.0003858341338525308,0.0003858341338525308,0.0003362384655203894
1772526942.0280747,204,0.7071495056152344,1414.1281186783547,15.58713537904418,0.009850734056125712,0.4187954936287493,2.5023327150975367,0.0,0.03933906555175781,0.98,0.0002941608284473516,0.0002941608284473516,0.00028495305110444474
1772526942.040648,205,0.7522106170654297,1329.4148969889065,15.587891232523289,0.004722133221041407,0.4187898803262732,2.5023327150975367,0.0017453275875186497,0.03933906555175781,0.98,0.00022981663401455845,0.00022981663401455845,0.11397256652983685
1772526942.0532768,206,0.8087158203125,1236.5283018867924,15.513627542274193,0.11336634404835524,0.38626440070539725,2.5023327150975367,0.0017453275875186497,0.03933906555175781,0.98,0.039945791280104954,0.039945791280104954,0.07849961384910412
1772526942.0660946,207,0.9872913360595703,1012.8722530789664,15.397834241328724,0.1902413195946812,0.3981549470109928,2.5023327150975367,0.0,0.03933906555175781,0.98,0.012737185055057502,0.012737185055057502,0.04494652743225795
1772526942.0782418,208,0.6072521209716797,1646.762465645858,15.326135293498716,0.11537105408957495,0.4077809668368907,2.5023327150975367,0.0,0.03933906555175781,0.98,0.002836195116304091,0.002836195116304091,0.020519514843888344
1772526942.0901682,209,0.3845691680908203,2600.3124612523247,15.314130890661604,0.056005734935302205,0.41452022765034163,2.5023327150975367,0.0,0.03933906555175781,0.98,0.009503756241532895,0.009503756241532895,0.005317632473401545
1772526942.1027572,210,0.48041343688964844,2081.540446650124,15.507203768261979,0.21106756459139497,0.41862366323909694,2.5023327150975367,0.0,0.03933906555175781,0.98,0.011661445264532723,0.011661445264532723,0.003276531458482187
1772526942.1153102,211,0.5292892456054688,1889.3261261261262,15.583861746989264,0.11341064509905356,0.4208497971106693,2.5023327150975367,0.0,0.03933906555175781,0.98,0.010551204559879283,0.010551204559879282,0.006967278809495591
1772526942.1275754,212,0.3688335418701172,2711.2501616031027,15.587119089358891,0.0794159071199864,0.42168992046076953,2.5023327150975367,0.0,0.03933906555175781,0.98,0.00803985998451009,0.00803985998451009,0.007502482228232972
1772526942.1400836,213,0.3571510314941406,2799.935914552737,15.626237083175583,0.0742448558920697,0.42168639344643727,2.5023327150975367,0.0,0.03933906555175781,0.98,0.005510361965923773,0.005510361965923773,0.006515180827120011
1772526942.152722,214,0.4324913024902344,2312.1852260198457,15.630347985400135,0.0424528100474699,0.4212721363255581,2.5023327150975367,0.0,0.03933906555175781,0.98,0.003249566829619976,0.003249566829619976,0.004863628652645163
1772526942.1657002,215,0.7147789001464844,1399.0340226817877,15.635520655893195,0.028755858522273806,0.42070728783190203,2.5023327150975367,0.0,0.04076957702636719,0.98,0.001577924140474205,0.001577924140474205,0.0031966123646048903
1772526942.1783228,216,0.8306503295898438,1203.8760045924225,15.566187780319618,0.07171140112271245,0.4201561798682059,2.5023327150975367,0.0,0.04076957702636719,0.98,0.0004824758299747024,0.00048247582997470274,0.0017711298219137577
1772526942.190807,217,0.8263587951660156,1210.1281015579918,15.560777316824181,0.018288714203187614,0.41970316608778047,2.5023327150975367,0.0,0.04076957702636719,0.98,0.0002959319356482821,0.0002959319356482821,0.0007790060798572856
1772526942.2041295,218,1.1434555053710938,874.5421184320267,15.653192637211111,0.09413085748406982,0.4193717785942037,2.5023327150975367,0.0,0.043392181396484375,0.98,0.0005325055280027861,0.0005325055280027851,0.000188048295670619
1772526942.2164423,219,1.1258125305175781,888.2473528166031,15.484110103172988,0.16988126256929179,0.41914635808286727,2.5023327150975367,0.0,0.0514984130859375,0.98,0.0005408086060587658,0.0005408086060587658,0.0002252751111398887
1772526942.2287729,220,0.9286403656005859,1076.843132220796,15.525911677750539,0.05158222853835288,0.41901885061335803,2.5023327150975367,0.0,0.0514984130859375,0.98,0.00048607243845623404,0.0004860724384562329,0.00033579452507149593
1772526942.2408943,221,0.8704662322998047,1148.8096411941933,15.524606606334713,0.02526713257958907,0.418950000064114,2.5023327150975367,0.0,0.0514984130859375,0.98,0.00037961230402282296,0.00037961230402281944,0.0003344885734316134
1772526942.253766,222,0.5524158477783203,1810.2304704359085,15.711094640557105,0.18730950033544824,0.4189201113632587,2.5023327150975367,0.0,0.0514984130859375,0.98,0.00031460269335584006,0.00031460269335584006,0.0002978883594824259
1772526942.2673323,223,1.264810562133789,790.6322337417531,15.609949013942677,0.11818352367715573,0.4189071114964327,2.5023327150975367,0.0,0.08487701416015625,0.98,0.00024350898758817576,0.00024350898758817576,0.00022215364930484245
1772526942.279347,224,0.9198188781738281,1087.17055469155,15.434579212929153,0.1755080016035952,0.4189046079210765,2.5023327150975367,0.0,0.08487701416015625,0.98,0.00020061266895761117,0.00020061266895761117,0.00014717375364687154
1772526942.2912896,225,0.7340908050537109,1362.2292952257226,15.451400496232747,0.05846770486669324,0.4189037755640075,2.5023327150975367,0.0,0.08487701416015625,0.98,0.00018922421751815165,0.00018922421751815165,9.717213148046494e-05
1772526942.3035443,226,0.7345676422119141,1361.345017851347,15.56832411715103,0.12501539367473527,0.41889966707109655,2.5023327150975367,0.0,0.08487701416015625,0.98,0.00019031300859015493,0.0001903130085901626,7.039023177937264e-05
1772526942.3160784,227,0.7541179656982422,1326.052481821056,15.667236340063324,0.0992927485151718,0.4188913152563959,2.5023327150975367,0.0,0.08487701416015625,0.98,0.00019536055568521892,0.00019536055568522123,6.089790345109783e-05
1772526942.3287628,228,0.8797645568847656,1136.6677506775068,15.645400094867975,0.04306973227951006,0.41887888453522265,2.5023327150975367,0.0,0.08487701416015625,0.98,0.00019528872983442004,0.00019528872983442004,5.990302366593377e-05
1772526942.3406203,229,0.5445480346679688,1836.385288966725,15.539267809598964,0.10689857100200564,0.41886350046602333,2.5023327150975367,0.0,0.08487701416015625,0.98,0.00018741127327322982,0.00018741127327322982,6.088785519373821e-05
1772526942.3528044,230,0.4267692565917969,2343.1865921787708,15.589979706932358,0.053352023656961706,0.4188467739145341,2.5023327150975367,0.0,0.08487701416015625,0.98,0.00018896149308364327,0.00018896149308364327,6.286429285132427e-05
1772526942.3654008,231,0.48041343688964844,2081.540446650124,15.659600766753739,0.06996944066478791,0.4188288779191053,2.5023327150975367,0.0,0.08487701416015625,0.98,0.00019268791498168236,0.00019268791498168233,6.576300562909944e-05
1772526942.3777263,232,0.3542900085449219,2822.5464333781965,15.613047747248794,0.05040418234572271,0.4188102724057804,2.5023327150975367,0.0,0.08487701416015625,0.98,0.00018968620827213456,0.00018968620827213215,6.920946881299334e-05
1772526942.390102,233,0.37360191345214844,2676.64582003829,15.587440571953872,0.025863203316458017,0.4187920512525544,2.5023327150975367,0.0,0.08487701416015625,0.98,0.000188101476095756,0.000188101476095756,7.316016282156486e-05
1772526942.4026473,234,0.3802776336669922,2629.657680250784,15.61451417802322,0.027179288941870626,0.4187744159280195,2.5023327150975367,0.0,0.08487701416015625,0.98,0.0001898778683200286,0.00018987786832002805,7.752497529285074e-05
1772526942.4153044,235,0.5059242248535156,1976.5805843543826,15.599990764282214,0.015903293110987673,0.4187572115437998,2.5023327150975367,0.0,0.08487701416015625,0.98,0.000188790296447814,0.000188790296447814,8.194155166284688e-05
1772526942.4277208,236,0.3886222839355469,2573.19263803681,15.585502612919608,0.014778656853138505,0.4187407785738072,2.5023327150975367,0.0,0.08487701416015625,0.98,0.00018785352710318004,0.00018785352710317071,8.62873594836557e-05
1772526942.4403052,237,0.41484832763671875,2410.519540229885,15.579442915877493,0.006417202871649835,0.4187251158058351,2.5023327150975367,0.0,0.08487701416015625,0.98,0.00018709450006688176,0.00018709450006688176,9.050416915635011e-05
1772526942.4536192,238,0.6995201110839844,1429.5514655760055,15.641858297781354,0.06478662409973372,0.4187101884284947,2.5023327150975367,0.0,0.08487701416015625,0.98,0.00019366794299998714,0.0001936679429999779,9.498395541079412e-05
1772526942.4655337,239,0.6501674652099609,1538.065273193986,15.42337760464531,0.21864220450443714,0.4186952613867068,2.5023327150975367,0.0,0.08487701416015625,0.98,0.00017606586103486785,0.00017606586103485923,9.82963688238389e-05
1772526942.4780931,240,0.7143020629882812,1399.9679572763685,15.56523031369863,0.14930360132533335,0.41868267037503193,2.5023327150975367,0.0,0.08487701416015625,0.98,0.00018259640434999103,0.00018259640434999103,0.00010188788079993662
1772526942.4901545,241,0.37360191345214844,2676.64582003829,15.580201374835942,0.017620732638065982,0.41866997865217354,2.5023327150975367,0.0,0.08487701416015625,0.98,0.0001789187227473865,0.0001789187227473865,0.0001051368056793472
1772526942.502533,242,0.34546852111816406,2894.6197377501726,15.60280296318244,0.02284988899878007,0.418658182996815,2.5023327150975367,0.0,0.08487701416015625,0.98,0.00017832093126857735,0.00017832093126857735,0.00010823756313716915
1772526942.5149937,243,0.3216266632080078,3109.1949592290584,15.618650769511811,0.02026203497514407,0.418646946084775,2.5023327150975367,0.0,0.08487701416015625,0.98,0.00017830432544220848,0.00017830432544221688,0.00011122866063998322
1772526942.5277,244,0.3724098205566406,2685.213828425096,15.631915219235161,0.026268925001791142,0.4186361906744194,2.5023327150975367,0.0,0.08487701416015625,0.98,0.00017972716851786565,0.000179727168517874,0.00011420127807329048
1772526942.5400784,245,0.3592967987060547,2783.2143331121433,15.553439939740143,0.07945805873413374,0.4186257597676329,2.5023327150975367,0.0,0.08487701416015625,0.98,0.00017408430435450264,0.00017408430435449971,0.00011671694700474483
1772526942.5526547,246,0.3333091735839844,3000.217453505007,15.584994891587268,0.032141525616439286,0.4186163423989051,2.5023327150975367,0.0,0.08487701416015625,0.98,0.00017536766860652358,0.00017536766860652358,0.0001192255283708573
1772526942.5655887,247,0.7035732269287109,1421.3161640121994,15.58470166808194,0.0027171553889849087,0.4186072089712256,2.5023327150975367,0.0,0.08487701416015625,0.98,0.0001741049298866121,0.00017410492988661152,0.00012156628630430368
1772526942.5785387,248,0.904083251953125,1106.0928270042193,15.600711677647148,0.0188141241183909,0.4185986028194942,2.5023327150975367,0.0,0.08487701416015625,0.98,0.00017542020829599097,0.00017542020829599097,0.0001239092246527755
1772526942.5901976,249,0.4143714904785156,2413.2934407364787,15.464630426998022,0.13664060359449612,0.41859024608270834,2.5023327150975367,0.0,0.08487701416015625,0.98,0.0001638611548747032,0.0001638611548747032,0.0001254331286258714
1772526942.6027892,250,0.4296302795410156,2327.5826859045505,15.593097114796418,0.1320661637418099,0.418583404817955,2.5023327150975367,0.0,0.08487701416015625,0.98,0.0001691120973679831,0.0001691120973679831,0.0001272521581327112
1772526942.6155832,251,0.6310939788818359,1584.550056667926,15.612704971363682,0.02201259753771333,0.41857632771481645,2.5023327150975367,0.0,0.08487701416015625,0.98,0.000168053313339658,0.000168053313339658,0.0001289454212207187
1772526942.6285937,252,0.7801055908203125,1281.877750611247,15.625812829046042,0.030211629481596593,0.4185696597200751,2.5023327150975367,0.0,0.08487701416015625,0.98,0.00017010542278532987,0.00017010542278532987,0.00013072022252308977
1772526942.6402714,253,0.42700767517089844,2341.8782802903406,15.439529309804374,0.18643373273078068,0.4185630728145047,2.5023327150975367,0.0,0.08487701416015625,0.98,0.00015607931731577762,0.0001560793173157776,0.00013152731082598568
1772526942.652819,254,0.4589557647705078,2178.859220779221,15.590009498158954,0.15491645811318985,0.41855816110219085,2.5023327150975367,0.0,0.08487701416015625,0.98,0.0001620611220616583,0.0001620611220616583,0.0001327206762770532
1772526942.6656945,255,0.69427490234375,1440.3516483516485,15.632987067245622,0.04462197326586568,0.4185528389378091,2.5023327150975367,0.0,0.08487701416015625,0.98,0.00016215088664052905,0.00016215088664052905,0.00013389359611364168
1772526942.678755,256,0.8482933044433594,1178.8375491849354,15.633769660158393,0.03426948955025333,0.41854772222388187,2.5023327150975367,0.0,0.08487701416015625,0.98,0.00016370918503799608,0.00016370918503799608,0.00013514359266275896
1772526942.6909091,257,0.4773139953613281,2095.056943056943,15.505635312084067,0.12897462813020608,0.4185426577909624,2.5023327150975367,0.0,0.08487701416015625,0.98,0.00015602280098653076,0.00015602280098653076,0.00013585665405212605
1772526942.7029188,258,0.453948974609375,2202.890756302521,15.453661178192453,0.06446509947158888,0.4185385654178857,2.5023327150975367,0.0,0.08487701416015625,0.98,0.00014916163728989957,0.00014916163728989897,0.0001361166247501785
1772526942.7157178,259,0.6606578826904297,1513.6427282569468,15.623646798929073,0.17279039126629278,0.41853530555573115,2.5023327150975367,0.0,0.08487701416015625,0.98,0.00015485247556815376,0.00015485247556815376,0.00013677868356418905
1772526942.727936,260,0.4703998565673828,2125.8509883426254,15.593375255652514,0.032449835905741346,0.4185315830446569,2.5023327150975367,0.0,0.08487701416015625,0.98,0.00015011653596045193,0.00015011653596045193,0.00013712764844066294
1772526942.7404222,261,0.5743503570556641,1741.0975508509755,15.593582169816102,0.006592344398464887,0.4185284689251158,2.5023327150975367,0.0,0.08487701416015625,0.98,0.00014888942406936112,0.00014888942406935307,0.00013741422350611909
1772526942.752997,262,0.6153583526611328,1625.0693529639675,15.608426361714864,0.017525873446058438,0.41852558023914005,2.5023327150975367,0.0,0.08487701416015625,0.98,0.00014851448663506193,0.00014851448663506193,0.00013769779859245168
1772526942.7652962,263,0.5035400390625,1985.939393939394,15.583971975009124,0.02580832820560624,0.41852282285628695,2.5023327150975367,0.0,0.08487701416015625,0.98,0.00014584292909356888,0.00014584292909356145,0.00013782472752783663
1772526942.7779796,264,0.5321502685546875,1879.168458781362,15.611941992388934,0.028856028843215146,0.41852042183277727,2.5023327150975367,0.0,0.08487701416015625,0.98,0.00014673621492846864,0.00014673621492847095,0.00013804145588220976
1772526942.7901807,265,0.43082237243652344,2321.142224681793,15.540282815187295,0.0717124887696804,0.4185180046142852,2.5023327150975367,0.0,0.08487701416015625,0.98,0.00014096940952610594,0.00014096940952610824,0.00013789654306899668
1772526942.802691,266,0.44274330139160156,2258.645126548196,15.589971101447174,0.051316038430389704,0.4185162400501859,2.5023327150975367,0.0,0.08487701416015625,0.98,0.00014179411162274148,0.00014179411162274148,0.00013785215188199764
1772526942.8151581,267,0.4119873046875,2427.259259259259,15.595428599340675,0.005714892944023725,0.4185144343149411,2.5023327150975367,0.0,0.08487701416015625,0.98,0.000140164028262385,0.00014016402826238272,0.00013773669532030986
1772526942.82775,268,0.3910064697265625,2557.5024390243902,15.604596852184494,0.012361029301920446,0.41851283939515777,2.5023327150975367,0.0,0.08487701416015625,0.98,0.00013987984214002566,0.00013987984214001826,0.00013764402755171465
1772526942.8403184,269,0.47326087951660156,2112.9994962216624,15.568831168771696,0.03637928774263998,0.41851131218402504,2.5023327150975367,0.0017453275875186497,0.08487701416015625,0.98,0.00013708499217304575,0.00013708499217304575,0.11402188763552568
1772526942.8531094,270,0.5347728729248047,1869.9527418635755,15.516462781062483,0.09892332805438493,0.3859247572867632,2.5023327150975367,0.0017453275875186497,0.08487701416015625,0.98,0.04018976676742973,0.04018976676742973,0.07868562172494245
1772526942.8658032,271,0.6756782531738281,1479.9943542695837,15.359906205788484,0.21588593877900755,0.397836355207634,2.5023327150975367,0.0,0.08487701416015625,0.98,0.012484768264771252,0.012484768264771254,0.044589207104737724
1772526942.8790085,272,0.9233951568603516,1082.9599793441776,15.385492714130683,0.09823041226063566,0.40746308640136447,2.5023327150975367,0.0,0.08487701416015625,0.98,0.0029713013357803757,0.0029713013357803757,0.020603178717378826
1772526942.891407,273,0.8895397186279297,1124.1768962744572,15.299339177919927,0.09404209508513986,0.41429673142139206,2.5023327150975367,0.0,0.08487701416015625,0.98,0.009726949877283305,0.009726949877283304,0.005068018654101411
1772526942.9044995,274,1.5249252319335938,655.7698561601001,15.408472211707226,0.14273239288838352,0.4184110895872422,2.5023327150975367,0.0,0.1475811004638672,0.98,0.011510201219666146,0.011510201219666146,0.003382663927551746
1772526942.9172704,275,1.4262199401855469,701.1541290538281,15.574510390684539,0.18863156682785215,0.42058103512904005,2.5023327150975367,0.0,0.1475811004638672,0.98,0.01074765122961268,0.01074765122961268,0.007182768883805637
1772526942.9297352,276,1.3995170593261719,714.5321976149914,15.52444618676414,0.0923394111200743,0.4214325072047241,2.5023327150975367,0.0,0.1475811004638672,0.98,0.007919810067355704,0.007919810067355704,0.0075177499028241815
1772526942.9408448,277,0.8628368377685547,1158.967670627245,15.396810734814123,0.15288143067167279,0.42140660063195573,2.5023327150975367,0.0,0.1475811004638672,0.98,0.004887516904735395,0.004887516904735395,0.006010752301693812
1772526942.9534101,278,0.8714199066162109,1147.5523939808481,15.70267932735125,0.31313398207111254,0.4209780637782952,2.5023327150975367,0.0,0.1475811004638672,0.98,0.003207668496543214,0.003207668496543214,0.004715084795131489
1772526942.9658828,279,0.8566379547119141,1167.3543000278319,15.707532922092321,0.04265804782297176,0.4204587582114655,2.5023327150975367,0.0,0.1475811004638672,0.98,0.001532974129517876,0.001532974129517876,0.0031187092771562505
1772526942.978468,280,0.9255409240722656,1080.4492529623906,15.658811593045169,0.0659986309277247,0.4199326966020745,2.5023327150975367,0.0,0.1475811004638672,0.98,0.0004706164261860463,0.0004706164261860463,0.0017521139995896147
1772526942.9906948,281,0.7774829864501953,1286.201778595523,15.589632856238127,0.07297449992659533,0.4194986687558062,2.5023327150975367,0.0,0.1475811004638672,0.98,0.00026026484401753106,0.00026026484401753106,0.0007661456812348855
1772526943.00324,282,0.7770061492919922,1286.9911015648972,15.616383866687075,0.029630320278102616,0.41918499903823825,2.5023327150975367,0.0,0.1475811004638672,0.98,0.0004861392413726538,0.00048613924137265186,0.0001746556013312343
1772526943.015716,283,0.7877349853515625,1269.4624697336562,15.594081396597973,0.025331289516092363,0.41897862246207557,2.5023327150975367,0.0,0.1475811004638672,0.98,0.0005281575643343747,0.0005281575643343747,0.00020683981673806032
1772526943.0282516,284,0.7829666137695312,1277.1936662606577,15.596580937246937,0.008806796798579198,0.41886028117421764,2.5023327150975367,0.0,0.1475811004638672,0.98,0.0004687464815300231,0.0004687464815300231,0.00032803100568465853
1772526943.0407467,285,0.8387565612792969,1192.2410460488913,15.572682367906058,0.024621515769064274,0.4188025522081453,2.5023327150975367,0.0,0.1475811004638672,0.98,0.000362438845784818,0.000362438845784818,0.00033319920334228545
1772526943.0532238,286,0.762939453125,1310.72,15.589061350393987,0.017258662006609225,0.4187832965500818,2.5023327150975367,0.0,0.1475811004638672,0.98,0.0002652578128634596,0.0002652578128634596,0.00028292320155467706
1772526943.0657358,287,0.8375644683837891,1193.9379447765443,15.571882089945463,0.017390491499763877,0.41878355633097664,2.5023327150975367,0.0,0.1475811004638672,0.98,0.00019016449163374252,0.00019016449163374252,0.00021106351887977343
1772526943.0783246,288,0.7700920104980469,1298.5461300309598,15.604480368155949,0.032782173688172024,0.41879194072644876,2.5023327150975367,0.0,0.1475811004638672,0.98,0.00015388265685856056,0.00015388265685856262,0.00014604962920885368
1772526943.090777,289,0.7982254028320312,1252.778972520908,15.557790348134235,0.04691536191258315,0.41880058116878566,2.5023327150975367,0.0,0.1475811004638672,0.98,0.0001382499335959509,0.0001382499335959509,9.579074014469464e-05
1772526943.1031728,290,0.7534027099609375,1327.3113924050633,15.55928058024409,0.009954387214021494,0.4188064443321252,2.5023327150975367,0.0,0.1475811004638672,0.98,0.00013592749646558724,0.00013592749646558724,6.779662649612402e-05
1772526943.1156633,291,0.7541179656982422,1326.052481821056,15.585444964836382,0.02698362808679003,0.4188079595181719,2.5023327150975367,0.0,0.1475811004638672,0.98,0.00013656892062137552,0.00013656892062138324,5.774755586317589e-05
1772526943.128284,292,0.8020401000976562,1246.8204518430439,15.601321213858622,0.01702787106692973,0.41880530020687795,2.5023327150975367,0.0,0.1475811004638672,0.98,0.00013692910560469148,0.00013692910560469148,5.622534746029584e-05
1772526943.1406806,293,0.7722377777099609,1294.9379438098179,15.565247517020776,0.036423686061338556,0.41879926006975327,2.5023327150975367,0.0,0.1475811004638672,0.98,0.00013413418672348216,0.00013413418672348216,5.656770590819659e-05
1772526943.153378,294,0.8091926574707031,1235.799646434885,15.604195416881538,0.03910993623953468,0.418791009428419,2.5023327150975367,0.0,0.1475811004638672,0.98,0.00013569875131771712,0.00013569875131771712,5.747146428837396e-05
1772526943.165872,295,0.8873939514160156,1126.895217624933,15.552143251170401,0.052238137497840446,0.41878113332240163,2.5023327150975367,0.0,0.1475811004638672,0.98,0.0001320948427257418,0.0001320948427257418,5.854573826900913e-05
1772526943.178192,296,0.8308887481689453,1203.5305595408895,15.556115391061631,0.012731571697938046,0.4187707530330263,2.5023327150975367,0.0,0.1475811004638672,0.98,0.00013103912962293392,0.00013103912962293392,6.021058336716166e-05
1772526943.1911716,297,0.8869171142578125,1127.5010752688172,15.652084285640985,0.09650971513103526,0.4187601995370431,2.5023327150975367,0.0,0.1475811004638672,0.98,0.0001361335296358559,0.0001361335296358559,6.265580447611345e-05
1772526943.2033415,298,0.9067058563232422,1102.893505127531,15.493512404617446,0.1588444566120878,0.4187492432795214,2.5023327150975367,0.0,0.1475811004638672,0.98,0.00012720220751280653,0.000127202207512806,6.490756715257128e-05
1772526943.216082,299,1.1539459228515625,866.5917355371901,15.58167216126559,0.09104731985640914,0.41873931244013063,2.5023327150975367,0.0,0.1475811004638672,0.98,0.00013055133119791343,0.00013055133119791343,6.746254016201462e-05
1772526943.2281213,300,0.6220340728759766,1607.6289766193945,15.594694269971608,0.013259340279827706,0.4187293944191501,2.5023327150975367,0.0,0.1475811004638672,0.98,0.00012960988102600217,0.00012960988102600217,6.996217037211831e-05
1772526943.2401884,301,0.4222393035888672,2368.3252399774137,15.545586457400809,0.0492844229098454,0.41871990366731165,2.5023327150975367,0.0,0.1475811004638672,0.98,0.00012569988802341688,0.00012569988802341688,7.21871007780028e-05
1772526943.2527986,302,0.43392181396484375,2304.5626373626374,15.628778243196573,0.0832809235872286,0.41871111704559016,2.5023327150975367,0.0,0.1475811004638672,0.98,0.00012888822740044495,0.00012888822740044438,7.452418240274857e-05
1772526943.2652273,303,0.4749298095703125,2105.574297188755,15.580988625232823,0.04919968423917692,0.4187023591272196,2.5023327150975367,0.0,0.1475811004638672,0.98,0.00012557204865651196,0.00012557204865651196,7.659303081040763e-05
1772526943.27778,304,0.4947185516357422,2021.3513253012047,15.604366845414976,0.023689192136158495,0.41869423339560435,2.5023327150975367,0.0017453275875186497,0.1475811004638672,0.98,0.00012644241456779672,0.00012644241456780824,0.11406240008152045
1772526943.2903235,305,0.5049705505371094,1980.3135033050048,15.515475892597472,0.12420574984432134,0.38611315544953895,2.5023327150975367,0.0017453275875186497,0.1475811004638672,0.98,0.03972580311368328,0.03972580311368328,0.07815240689387964
1772526943.3028345,306,0.5154609680175781,1940.0111008325625,15.386334566547468,0.1959494883539205,0.39798697552990203,2.5023327150975367,0.0,0.1475811004638672,0.98,0.012622796692299985,0.012622796692299985,0.04462606274629335
1772526943.3155417,307,0.6430149078369141,1555.1738969225064,15.363076618227907,0.09406540865625357,0.40757051110074455,2.5023327150975367,0.0,0.1475811004638672,0.98,0.0027553986434897255,0.0027553986434897255,0.020613409144897843
1772526943.3283322,308,0.7445812225341797,1343.0368235670828,15.413281544854643,0.06144599972300665,0.41433214517958206,2.5023327150975367,0.0,0.1475811004638672,0.98,0.009926379807765244,0.009926379807765244,0.005214461872034174
1772526943.3402734,309,0.4684925079345703,2134.505852417303,15.388916069476325,0.08026887822869708,0.41854094462801605,2.5023327150975367,0.0,0.1475811004638672,0.98,0.011235915289300371,0.011235915289300371,0.0031906778331083512
1772526943.3527248,310,0.44465065002441406,2248.9565683646115,15.537544013006306,0.18035170281244522,0.42068057254140095,2.5023327150975367,0.0,0.1475811004638672,0.98,0.010420679813777933,0.010420679813777933,0.006842935386640452
1772526943.365199,311,0.43582916259765625,2294.477024070022,15.60397554278157,0.10497237561159609,0.4215308568998154,2.5023327150975367,0.0,0.1475811004638672,0.98,0.008056807924798418,0.008056807924798418,0.00748461173605014
1772526943.3777058,312,0.4551410675048828,2197.1210057621793,15.620901458769985,0.06294376344143292,0.4215476541478399,2.5023327150975367,0.0,0.1475811004638672,0.98,0.005452259871225672,0.005452259871225673,0.006465092528493279
1772526943.3901308,313,0.3800392150878906,2631.307402760351,15.61866229326253,0.04066002850346279,0.4211414281175118,2.5023327150975367,0.0,0.1475811004638672,0.98,0.0032031708830134106,0.0032031708830134106,0.0048079450584470025
1772526943.402783,314,0.4105567932128906,2435.7166085946574,15.631939867030553,0.028781300187064016,0.42058959792967426,2.5023327150975367,0.0,0.1475811004638672,0.98,0.0015541542929020538,0.0015541542929020538,0.00315947571351791
1772526943.4151692,315,0.4203319549560547,2379.0720363017585,15.572037181666984,0.06215513470682583,0.42005328765551,2.5023327150975367,0.0,0.1475811004638672,0.98,0.0004642178702470661,0.0004642178702470661,0.0017549411066026016
1772526943.4277217,316,0.4372596740722656,2286.970556161396,15.599764976518903,0.030951889721564214,0.41961383965671634,2.5023327150975367,0.0,0.1475811004638672,0.98,0.00026240841794322495,0.00026240841794322495,0.0007782733609816512
1772526943.4401436,317,0.38909912109375,2570.0392156862745,15.587487078847298,0.017411122673622794,0.41929226253523344,2.5023327150975367,0.0,0.1475811004638672,0.98,0.0004847463100677073,0.0004847463100677073,0.0001865016384474838
1772526943.452834,318,0.4489421844482422,2227.458311205523,15.611773120178608,0.027580155171386758,0.4190818292417219,2.5023327150975367,0.0,0.1475811004638672,0.98,0.0005387907113286526,0.0005387907113286526,0.0002182416609458637
1772526943.4659677,319,0.6737709045410156,1484.1840056617127,15.629323793969846,0.032049684394432586,0.418957796191324,2.5023327150975367,0.0,0.1475811004638672,0.98,0.00048557479053789796,0.0004855747905378961,0.00034499228461602944
1772526943.4785583,320,0.8249282836914062,1212.2265895953758,15.50613467189734,0.12382636871865335,0.4188951846634928,2.5023327150975367,0.0,0.1475811004638672,0.98,0.0003611260056568344,0.0003611260056568344,0.0003395498717654262
1772526943.4902072,321,0.43392181396484375,2304.5626373626374,15.443912171567964,0.07457645856457289,0.41887416735553146,2.5023327150975367,0.0,0.019788742065429688,0.98,0.00025097070437640485,0.00025097070437640485,0.00027631784461304394
1772526943.5027065,322,0.42557716369628906,2349.7501400560222,15.616664063755618,0.17682063387598176,0.41887293402195674,2.5023327150975367,0.0,0.0209808349609375,0.98,0.00019092259897673065,0.00019092259897673065,0.00021245933185701842
1772526943.5163522,323,1.1584758758544922,863.2031282156822,15.705230790884638,0.09536000375297292,0.41887731254403515,2.5023327150975367,0.0,0.04291534423828125,0.98,0.0001579184694121182,0.0001579184694121182,0.00014992268693059797
1772526943.5286646,324,1.016855239868164,983.4241500586166,15.538033969277196,0.17131064919296177,0.4188824334556537,2.5023327150975367,0.0,0.04291534423828125,0.98,0.00013760596654168814,0.00013760596654168814,9.618645697000974e-05
1772526943.5403075,325,0.5002021789550781,1999.1916110581506,15.479089423053905,0.06383315744730442,0.41888536594946785,2.5023327150975367,0.0,0.04291534423828125,0.98,0.00013226960751370806,0.00013226960751370806,6.551037083491749e-05
1772526943.5528882,326,0.47469139099121094,2106.631843294827,15.621032897613826,0.14408002451401683,0.4188840109456748,2.5023327150975367,0.0,0.04291534423828125,0.98,0.00013809188141755918,0.00013809188141755918,5.316845107999081e-05
1772526943.565964,327,0.6520748138427734,1533.566361974406,15.666669434812714,0.05392299041945385,0.4188781884174911,2.5023327150975367,0.0,0.04291534423828125,0.98,0.00014122206994393377,0.00014122206994393377,4.970264229563102e-05
1772526943.578482,328,0.7631778717041016,1310.3105279600125,15.53131375931456,0.1372229206893729,0.4188688547473227,2.5023327150975367,0.0,0.04291534423828125,0.98,0.00013493229834520413,0.00013493229834520338,4.815145840597439e-05
1772526943.5904295,329,0.5009174346923828,1996.3369823893383,15.495222876524501,0.04462492324276155,0.418857595996386,2.5023327150975367,0.0,0.04291534423828125,0.98,0.00013145899655475968,0.00013145899655475968,4.723313964559802e-05
1772526943.6028786,330,0.5247592926025391,1905.6356201726487,15.59092676171479,0.09949636732342516,0.41884523799121953,2.5023327150975367,0.0,0.04291534423828125,0.98,0.00013356066571660818,0.0001335606657166082,4.740335229577244e-05
1772526943.6157298,331,0.7348060607910156,1360.9033095392601,15.649864561494486,0.06024373526322916,0.41883206360294256,2.5023327150975367,0.0,0.04291534423828125,0.98,0.00013587783166058002,0.00013587783166058002,4.862761415713631e-05
1772526943.628383,332,0.7181167602539062,1392.531208499336,15.60753727694202,0.050792627452990756,0.4188185176626674,2.5023327150975367,0.0,0.04291534423828125,0.98,0.0001350133666910137,0.00013501336669101112,5.063104638712212e-05
1772526943.6401772,333,0.4096031188964844,2441.3876600698486,15.48382471036193,0.12403310936042251,0.4188052012067826,2.5023327150975367,0.0,0.04291534423828125,0.98,0.0001278990154262939,0.0001278990154262939,5.286416901138761e-05
1772526943.652821,334,0.46825408935546875,2135.5926680244397,15.622932798733588,0.1409994472823122,0.4187928676755389,2.5023327150975367,0.0017453275875186497,0.04291534423828125,0.98,0.00013356563615247785,0.00013356563615247785,0.11399477706157125
1772526943.6658375,335,0.5509853363037109,1814.9303331890956,15.590703713553028,0.10505153350439912,0.38625610769526153,2.5023327150975367,0.0017453275875186497,0.04291534423828125,0.98,0.04110411770735027,0.04110411770735027,0.07963751794015664
1772526943.6787076,336,0.9007453918457031,1110.1916357861303,15.358292029163275,0.28277424344013186,0.3981540135088393,2.5023327150975367,0.0,0.04291534423828125,0.98,0.012413029014526254,0.012413029014526254,0.0446363500901622
1772526943.690621,337,0.5242824554443359,1907.368804001819,15.25821139248485,0.13258889312571298,0.40778963391392514,2.5023327150975367,0.0,0.04291534423828125,0.98,0.002843342170732667,0.002843342170732667,0.020189635313563693
1772526943.7028577,338,0.5013942718505859,1994.4384213029007,15.359359667588192,0.1212646047216634,0.4144389811538803,2.5023327150975367,0.0,0.04291534423828125,0.98,0.00962691729111247,0.00962691729111247,0.005260065505367673
1772526943.715713,339,0.6594657897949219,1516.3788864786695,15.542374632423105,0.19665435701744513,0.41856972169444573,2.5023327150975367,0.0,0.04291534423828125,0.98,0.011795448064716019,0.01179544806471602,0.0034082701558733803
1772526943.728578,340,1.001119613647461,998.8816384853536,15.562963282458817,0.08337713782306917,0.42080349417806767,2.5023327150975367,0.0,0.05555152893066406,0.98,0.010503636153759854,0.010503636153759854,0.00700681139336075
1772526943.741584,341,1.2791156768798828,781.7901211556384,15.604463706564507,0.08885695454720023,0.421625134676131,2.5023327150975367,0.0,0.05555152893066406,0.98,0.008193384280095736,0.008193384280095736,0.007652623012396063
1772526943.7537684,342,1.0573863983154297,945.7280721533258,15.542897564739533,0.08814656987932439,0.4216280267859289,2.5023327150975367,0.0,0.05555152893066406,0.98,0.005339769758358491,0.005339769758358491,0.006422571985853818
1772526943.7665622,343,1.214742660522461,823.2196270853779,15.60330208420762,0.07609005841221672,0.42119895773779487,2.5023327150975367,0.0,0.05555152893066406,0.98,0.0031970847963683205,0.0031970847963683205,0.004804013140015661
1772526943.7786868,344,1.1475086212158203,871.4531477249117,15.529762391539084,0.0795925030490113,0.4206432336347641,2.5023327150975367,0.0,0.05555152893066406,0.98,0.001453095520620078,0.0014530955206200785,0.0030553516978570235
1772526943.7911584,345,0.9884834289550781,1011.6507477086349,15.644464694911713,0.11648838605315659,0.4201069369873791,2.5023327150975367,0.0,0.05555152893066406,0.98,0.00046385230157842787,0.00046385230157842787,0.0017453947406990346
1772526943.8038247,346,1.1391639709472656,877.836751778987,15.62466614722549,0.03132190120306779,0.41966599170208035,2.5023327150975367,0.0,0.05555152893066406,0.98,0.0002726832319676905,0.0002726832319676905,0.0007670818886471077
1772526943.8161674,347,1.003265380859375,996.745247148289,15.583252307416437,0.04532999544856898,0.4193426945867659,2.5023327150975367,0.0,0.0762939453125,0.98,0.0004911783422752481,0.0004911783422752471,0.00018579776749065772
1772526943.8288722,348,0.89263916015625,1120.2735042735044,15.623529094224846,0.04390507483925999,0.41913146221080844,2.5023327150975367,0.0,0.0762939453125,0.98,0.0005482053521222116,0.0005482053521222116,0.00023245787420954993
1772526943.840418,349,0.5586147308349609,1790.1425522833974,15.449136929659762,0.17500076675854584,0.4190054431987049,2.5023327150975367,0.0,0.0762939453125,0.98,0.00044339795609720737,0.00044339795609720737,0.00032312240171800425
1772526943.85291,350,0.5280971527099609,1893.5909706546274,15.631616911689784,0.18579630202313407,0.4189472259466444,2.5023327150975367,0.0017453275875186497,0.0762939453125,0.98,0.0003705528121229468,0.0003705528121229453,0.11339279358113648
1772526943.8661118,351,0.7481575012207031,1336.61695347355,15.634879702135754,0.10776075801223937,0.3865445140466921,2.5023327150975367,0.0017453275875186497,0.0762939453125,0.98,0.041652197295918285,0.041652197295918285,0.08006395142848809
1772526943.8787034,352,0.8473396301269531,1180.1643218908273,15.363272569624254,0.3198543010155778,0.39837123573722777,2.5023327150975367,0.0,0.0762939453125,0.98,0.012436592059118304,0.012436592059118304,0.04468501827955077
1772526943.8904157,353,0.5393028259277344,1854.2458001768346,15.233007990038244,0.15658664944231473,0.4079894795489315,2.5023327150975367,0.0,0.0762939453125,0.98,0.002715329649135423,0.0027153296491354228,0.020184902099099407
1772526943.903608,354,0.8404254913330078,1189.873475177305,15.49774512270972,0.2700895290265881,0.4145839696174453,2.5023327150975367,0.0,0.0762939453125,0.98,0.01015283660615841,0.01015283660615841,0.005209980079233026
1772526943.917003,355,1.4414787292480469,693.7320542507443,15.507691534283161,0.059950769217639685,0.4188414856091421,2.5023327150975367,0.0,0.09775161743164062,0.98,0.011819623273929474,0.011819623273929474,0.003547811618125336
1772526943.9295332,356,1.2631416320800781,791.676859192148,15.512741917405704,0.08527943935418562,0.4210267847560341,2.5023327150975367,0.0,0.09775161743164062,0.98,0.01056483328167056,0.01056483328167056,0.00712031152289944
1772526943.9403603,357,0.5350112915039062,1869.1194295900177,15.341879948408907,0.20124100507630788,0.42182342775456994,2.5023327150975367,0.0,0.09775161743164062,0.98,0.0072449100315921736,0.0072449100315921736,0.006954268360089127
1772526943.9532042,358,0.8223056793212891,1216.0927805160916,15.68203470253271,0.3550286475318935,0.42175303241783063,2.5023327150975367,0.0,0.09775161743164062,0.98,0.005505777662676169,0.00550577766267617,0.006371853223194167
1772526943.9661224,359,0.8463859558105469,1181.4940845070423,15.766315539436828,0.10072379487130351,0.42137919394185436,2.5023327150975367,0.0017453275875186497,0.09775161743164062,0.98,0.003344360417106975,0.003344360417106975,0.12071615306262833
1772526943.9790642,360,0.8804798126220703,1135.7443812618467,15.583546807236742,0.21948983359060517,0.3881193832666716,2.5023327150975367,0.0017453275875186497,0.09775161743164062,0.98,0.039899483474230314,0.039899483474230314,0.07783459653171144
1772526943.9903708,361,0.4477500915527344,2233.3887113951014,15.207271009280822,0.4012578001550943,0.3996476286113362,2.5023327150975367,0.0,0.09775161743164062,0.98,0.011207488739797378,0.011207488739797378,0.04193969495858377
1772526944.0029273,362,0.4639625549316406,2155.3463514902364,15.405633390528633,0.2225888189336334,0.4086808318534319,2.5023327150975367,0.0,0.09775161743164062,0.98,0.0024832668524647442,0.0024832668524647442,0.020052053184056864
1772526944.0158699,363,0.67901611328125,1472.7191011235955,15.505755677231456,0.10555148026167106,0.41509547470907493,2.5023327150975367,0.0,0.09775161743164062,0.98,0.009589737441556582,0.009589737441556582,0.005240646683904651
1772526944.0289161,364,0.8225440979003906,1215.7402898550724,15.546816826616064,0.06587287310045481,0.41914508505895814,2.5023327150975367,0.0,0.09775161743164062,0.98,0.011588307737553283,0.011588307737553283,0.0034286003887790393
1772526944.0403154,365,0.3972053527832031,2517.5894357743095,15.36309316202675,0.20340503179908864,0.42126682538511995,2.5023327150975367,0.0,0.09775161743164062,0.98,0.00942029109532448,0.00942029109532448,0.006310375696730445
1772526944.0531743,366,0.4687309265136719,2133.4201424211597,15.652636579682751,0.30684291150232545,0.42195194635975597,2.5023327150975367,0.0017453275875186497,0.09775161743164062,0.98,0.008045731842403828,0.008045731842403828,0.12205290706391406
1772526944.0661275,367,0.7700920104980469,1298.5461300309598,15.580732434943735,0.09140894623651193,0.3896304746091287,2.5023327150975367,0.0017453275875186497,0.09775161743164062,0.98,0.03531381045442386,0.03531381045442386,0.07311706417946544
1772526944.0790133,368,0.8137226104736328,1228.9200117198945,15.440345020050204,0.19242818618071703,0.40108090882164016,2.5023327150975367,0.0,0.09775161743164062,0.98,0.009707535535119874,0.009707535535119874,0.04068849614540313
1772526944.0904388,369,0.43845176696777344,2280.752582925503,15.20450254495939,0.24567425687745367,0.4101190854944723,2.5023327150975367,0.0,0.09775161743164062,0.98,0.004141395900354038,0.004141395900354038,0.017214352888277815
1772526944.1036367,370,0.7188320159912109,1391.1456053067993,15.524953099834342,0.3256772833555128,0.4161101397780568,2.5023327150975367,0.0,0.09775161743164062,0.98,0.010764946767601006,0.010764946767601006,0.0034794589884802212
1772526944.1161823,371,0.9591579437255859,1042.5811583395475,15.481332535013626,0.06834271003492762,0.41992719850786486,2.5023327150975367,0.0,0.09775161743164062,0.98,0.011404153220744232,0.011404153220744232,0.004168910060057465
1772526944.1279404,372,0.4699230194091797,2128.0081177067477,15.501093802440883,0.08890033125059528,0.42175612961662184,2.5023327150975367,0.0,0.09775161743164062,0.98,0.009823510951503559,0.009823510951503557,0.006974666837424778
1772526944.1401935,373,0.4317760467529297,2316.0154610712316,15.606887070207328,0.13457741027395378,0.4223516684435089,2.5023327150975367,0.0,0.09775161743164062,0.98,0.007553126966777192,0.007553126966777193,0.007294370743401273
1772526944.1528397,374,0.400543212890625,2496.609523809524,15.704903476801071,0.11331417086530025,0.4222479832282864,2.5023327150975367,0.0,0.09775161743164062,0.98,0.00519172725853973,0.00519172725853973,0.006316595812554603
1772526944.165854,375,0.8251667022705078,1211.876336318983,15.66742996156901,0.06205368035869709,0.42178581566441187,2.5023327150975367,0.0,0.09775161743164062,0.98,0.002958740699006845,0.002958740699006844,0.00462711204197032
1772526944.178721,376,0.9188652038574219,1088.2989102231447,15.63556738436707,0.047557930769705645,0.4211979652656972,2.5023327150975367,0.0017453275875186497,0.09775161743164062,0.98,0.0013600824216261382,0.0013600824216261382,0.06888560005680681
1772526944.1905608,377,0.5555152893066406,1800.1304721030042,15.447941815972174,0.1964979946471744,0.3977606222706159,2.5023327150975367,0.0017453317487078485,0.09775161743164062,0.98,0.021575711630983933,0.021575711630983933,0.0852835378787874
1772526944.2037976,378,0.8227825164794922,1215.388003477253,15.411106604977492,0.22364250657087206,0.35732878709983235,2.5023327150975367,0.0017453275875186497,0.09775161743164062,0.98,0.05290554076124186,0.05290554076124186,0.12689356010269043
1772526944.217262,379,0.8254051208496094,1211.526285384171,15.051576499350315,0.6123189008897906,0.2928605371568396,2.5023327150975367,0.0,0.09775161743164062,0.98,0.10127986090372003,0.10127986090372004,0.022186177517280557
1772526944.229412,380,0.8382797241210938,1192.919226393629,14.234647656688793,1.0603247032459258,0.254916022470926,2.5023327150975367,0.0,0.09775161743164062,0.98,0.09510356669900048,0.09510356669900048,0.04474411081903579
1772526944.2408748,381,0.8697509765625,1149.7543859649122,13.674084576603383,0.8958734207039406,0.23931626448800505,2.5023327150975367,0.0,0.09775161743164062,0.98,0.07887365267433913,0.07887365267433913,0.0575768438818264
1772526944.2543216,382,1.094818115234375,913.3937282229965,13.790102813734594,0.7491295741532568,0.23380707594951106,2.5023327150975367,0.001745329668113249,0.09775161743164062,0.98,0.07583271683416633,0.07583271683416633,0.06827129133789858
1772526944.266776,383,1.1818408966064453,846.1375832156547,13.506931508375247,0.7325747712304003,0.2314226280004169,2.5023327150975367,0.0,0.09775161743164062,0.98,0.05357430343182881,0.05357430343182881,0.058288681958844187
1772526944.2791073,384,1.195669174194336,836.3517447657028,13.392836007039872,0.5473256079307235,0.23284916629100097,2.5023327150975367,0.001745329668113249,0.09775161743164062,0.98,0.04018446065286537,0.04018446065286537,0.04168837772202131
1772526944.2919903,385,1.3272762298583984,753.4226693012395,13.473094467665133,0.425624682544739,0.23736714219524313,2.5023327150975367,0.0017453317487078485,0.09775161743164062,0.98,0.033775716114989765,0.033775716114989765,0.07812096735703729
1772526944.3046193,386,1.3599395751953125,735.3267882187938,13.405689668596073,0.4010187550921654,0.22321244365597795,2.5023327150975367,0.0017453286278159494,0.09775161743164062,0.98,0.05884771666796473,0.05884771666796473,0.034963623343853285
1772526944.3165748,387,0.766754150390625,1304.1990049751244,13.34377780220387,0.510057541509369,0.22568705684759788,2.5023327150975367,0.0017453275875186497,0.09775161743164062,0.98,0.06911450869428973,0.06911450869428973,0.0955077637099336
1772526944.3299356,388,0.8716583251953125,1147.238512035011,13.533616071069183,0.8647516204811828,0.2629217359784835,2.5023327150975367,0.0017453296681132508,0.09775161743164062,0.98,0.10631340320202348,0.10631340320202348,0.028064108078806608
1772526944.3413007,389,0.8776187896728516,1139.4468894322195,13.576197820341937,1.3594801270385608,0.3395575728636774,2.5023327150975367,0.0,0.09775161743164062,0.98,0.09898637408489264,0.09898637408489264,0.037189815781680784
1772526944.3540058,390,0.6835460662841797,1462.9591907917684,14.596967042407853,2.0295982954979643,0.39747893762421155,2.5023327150975367,0.0017453275875186497,0.09775161743164062,0.98,0.10772145894793002,0.10772145894793002,0.05950111564097242
1772526944.366793,391,0.9970664978027344,1002.9421329507413,15.793148178500314,2.5757275729500435,0.6062670809360252,2.5023327150975367,0.0,0.09775161743164062,0.98,0.12878457571368623,0.12878457571368623,0.03720744672121686
1772526944.3795874,392,1.401662826538086,713.4383398537166,17.549280909222148,3.5181982187795295,0.7825027541756184,2.5023327150975367,0.0017453359098970611,0.09775161743164062,0.98,0.1318673189500235,0.1318673189500235,0.0630584864103583
1772526944.391864,393,1.2409687042236328,805.8220941402498,19.396300753632246,3.8129444933620205,0.9129834542393661,2.5023327150975367,0.0034906588160778483,0.09775161743164062,0.98,0.12468507452450936,0.12468507452450936,0.0848672314318525
1772526944.404687,394,1.4340877532958984,697.3073981712386,20.73349595903376,3.250129090935919,1.025468552654046,2.5023327150975367,0.0017453291479646,0.09775161743164062,0.98,0.10530079952024536,0.10530079952024536,0.09152962401614544
1772526944.4159963,395,0.8873939514160156,1126.895217624933,21.456202674126274,2.198002454944779,1.1513918614483507,2.5023327150975367,0.0017453294080389242,0.09775161743164062,0.98,0.07608645635273653,0.07608645635273653,0.07907961615317527
1772526944.4299636,396,1.5270709991455078,654.848399687744,22.356733913166625,1.4142225440578282,1.309916235993821,2.5023327150975367,0.0017453292780017621,0.09775161743164062,0.98,0.06915630432831425,0.06915630432831425,0.06852951675506337
1772526944.4408493,397,0.7758140563964844,1288.9686539643515,23.04045138282675,1.288964735632613,1.6004306993305388,2.5023327150975367,0.0017453275875186497,0.09775161743164062,0.98,0.052985189376417545,0.052985189376417545,0.03647848948269825
1772526944.4529665,398,0.5323886871337891,1878.3269144648455,24.830842615609615,2.5283505519728156,1.8259863817716122,2.5023327150975367,0.0017453296681132508,0.09775161743164062,0.98,0.05460461461988779,0.05460461461988779,0.02195114174677311
1772526944.4661996,399,0.7834434509277344,1276.416311625076,26.581975704542543,2.1890463408049388,2.3285110740632042,2.5023327150975367,0.0017453192651402383,0.09775161743164062,0.98,0.057017548199573734,0.057017548199573734,0.01661973588313422
1772526944.4798691,400,1.0294914245605469,971.3534043538675,28.45909521021871,1.9879745786395777,2.9250622252339884,2.5023327150975367,0.0034906572556318988,0.09775161743164062,0.98,0.05744398056188873,0.05744398056188873,0.09189664579707942
1772526944.4906921,401,0.5257129669189453,1902.1786848072563,31.21245984810086,5.846383098489358,3.718387634649589,2.5023327150975367,0.0034906572556318988,0.09775161743164062,0.98,0.06722749032175353,0.06722749032175353,0.09270219231699976
1772526944.503702,402,0.8394718170166016,1191.2252201079239,34.26243527146519,11.684827348280093,3.9435247643915585,2.5023327150975367,0.003490659336226498,0.09775161743164062,0.98,0.11115155695471082,0.11115155695471084,0.08130863091962227
1772526944.517821,403,1.5168190002441406,659.2744419993712,35.495180499241194,13.547282237718838,3.7856647443575624,2.5023327150975367,0.0,0.09775161743164062,0.98,0.12955689348151345,0.12955689348151345,0.07295596249165093
1772526944.5296197,404,1.3124942779541016,761.9080835603996,35.99374543392233,11.592045040533108,4.0559107328645,2.5023327150975367,0.005235986923745148,0.09775161743164062,0.98,0.12178625062495421,0.12178625062495421,0.12336395977362415
1772526944.5415595,405,1.0745525360107422,930.6199245617928,34.745740491509984,8.713860999930818,3.1364581408267616,2.5023327150975367,0.0052359910849343536,0.09775161743164062,0.98,0.18174825610075593,0.18174825610075593,0.18927025990231927
1772526944.5543246,406,0.7901191711425781,1265.6318648159324,31.26787370547731,7.790382396316591,2.045040502414123,2.5023327150975367,0.0017453292780017621,0.09775161743164062,0.98,0.3024420695271644,0.3024420695271644,0.0861750742628795
1772526944.5668752,407,0.9846687316894531,1015.5699757869249,27.742238244650327,6.36837580061186,1.5451958745651615,2.5023327150975367,0.0017453359098970334,0.09775161743164062,0.98,0.2520523824440521,0.2520523824440521,0.1514407195386298
1772526944.5793245,408,0.9584426879882812,1043.3592039800994,25.505279133160116,4.100882630519332,1.3729173948142492,2.5023327150975367,0.0017453291479646,0.09775161743164062,0.98,0.18113204649174192,0.18113204649174192,0.1295263520552724
1772526944.590563,409,0.48232078552246094,2073.308947108255,24.076496528291127,2.5260923129106017,1.3066652741019238,2.5023327150975367,0.0017453291479645992,0.09775161743164062,0.98,0.11127121775742349,0.11127121775742349,0.09384103407992886
1772526944.6030447,410,0.5877017974853516,1701.5432048681541,23.581943453139143,1.4494111999307115,1.2916857407492295,2.5023327150975367,0.001745329668113249,0.09775161743164062,0.98,0.07718276986630107,0.07718276986630107,0.03178558031437215
1772526944.6161244,411,0.9307861328125,1074.360655737705,22.900417511368442,1.198499700185633,1.1682457895291478,2.5023327150975367,0.0017453286278159494,0.09775161743164062,0.98,0.090812765933912,0.090812765933912,0.028629049740268656
1772526944.6292062,412,1.0166168212890625,983.6547842401501,22.097011669801507,1.2323231883084884,1.084627622358317,2.5023327150975367,0.0017453296681132508,0.09775161743164062,0.98,0.08800324042437886,0.08800324042437886,2.3142544085926353
1772526944.6403959,413,0.4734992980957031,2111.9355488418933,23.825510497802828,3.9660317732834693,2.4785901147770484,2.5023327150975367,0.0017453317487078554,0.09775161743164062,0.98,0.5590252751369056,0.5590252751369056,1.1088295382037843
1772526944.6530566,414,0.4725456237792969,2116.1977800201817,25.823442171885528,5.922355853991033,1.8319200993954161,2.5023327150975367,0.0034906582959291985,0.09775161743164062,0.98,0.8925933562853728,0.8925933562853728,0.8654875214194035
1772526944.6659176,415,0.6690025329589844,1494.7626514611547,25.78921885936156,8.715164277528523,0.7054338023385345,2.5023327150975367,0.0017453296681132525,0.09775161743164062,0.98,0.8790878384517415,0.8790878384517415,0.7213154770556195
1772526944.6789844,416,0.8618831634521484,1160.2500691562932,23.580576574584637,4.2454856545013575,0.7702458776519202,2.5023327150975367,0.0017453317487078485,0.09775161743164062,0.98,0.9166462251901656,0.9166462251901656,0.5159256638715035
1772526944.6904678,417,0.45371055603027344,2204.048344718865,21.079396978446066,3.877560171775535,0.7913560736387243,2.5023327150975367,0.0,0.09775161743164062,0.98,0.7608251896810979,0.7608251896810979,2.39697831660766
1772526944.7031066,418,0.4763603210449219,2099.2512512512512,19.200342665358882,3.478399862830897,0.1631197525796644,2.5023327150975367,0.0017453275875186497,0.09775161743164062,0.98,1.4985587518661685,1.4985587518661685,0.580420432686013
1772526944.7159488,419,0.8089542388916016,1236.1638667845564,16.996274071377872,3.486310847620892,0.3944500972499027,2.5023327150975367,0.001745329668113249,0.09775161743164062,0.98,1.6097449313651182,1.6097449313651182,0.465002451958257
1772526944.728969,420,0.8633136749267578,1158.3275338304336,16.852759446767823,3.456399758694346,0.709658101438197,2.5023327150975367,0.0017453275875186497,0.09775161743164062,0.98,1.565194610923021,1.565194610923021,1.6567074906729522
1772526944.7404385,421,0.5121231079101562,1952.655493482309,16.47682771790449,2.0704065408495222,0.1355624076972936,2.5023327150975367,0.0017453275875186497,0.09775161743164062,0.98,1.744821224166929,1.744821224166929,0.3269959174285218
1772526944.7531235,422,0.5087852478027344,1965.4657919400188,16.29067618311948,1.9319979192601646,0.5773421007559597,2.5023327150975367,0.0017453296681132525,0.09775161743164062,0.98,1.928650302456262,1.928650302456262,0.617615640916035
1772526944.7657385,423,0.6313323974609375,1583.95166163142,17.622919771958923,2.1387603550229373,0.9022081802440323,2.5023327150975367,0.0017453317487078485,0.09775161743164062,0.98,1.7760014129167585,1.7760014129167585,1.2541999948116807
1772526944.7788112,424,0.8106231689453125,1233.6188235294117,17.96164324629561,0.8737094411363275,0.21927218263298795,2.5023327150975367,0.001745329668113249,0.09775161743164062,0.98,2.107016486898062,2.107016486898062,0.23485518130112115
1772526944.7903347,425,0.47707557678222656,2096.103948025987,18.449619767606396,2.179621678695546,1.258667307774624,2.5023327150975367,0.0,0.09775161743164062,0.98,1.9016206759950467,1.9016206759950467,0.6984677216969495
1772526944.8031,426,0.48422813415527344,2065.1422944362384,22.546659763168364,4.566230032992592,1.867735791378061,2.5023327150975367,0.0034906572556318988,0.09775161743164062,0.98,1.8893539906869579,1.8893539906869579,1.2407585688768858
1772526944.8155932,427,0.6430149078369141,1555.1738969225064,23.05453685825951,2.093378016470739,0.4104583034777389,2.5023327150975367,0.001745329668113249,0.09775161743164062,0.98,2.172401890377317,2.172401890377317,0.3082661105201565
1772526944.8290317,428,0.8101463317871094,1234.3449087698646,23.085002339751497,3.689054364911161,1.8525538516016538,2.5023327150975367,0.0,0.09775161743164062,0.98,2.2598475811392302,2.2598475811392302,1.0326938711547478
1772526944.8402545,429,0.45609474182128906,2192.526921066388,26.916648565310048,4.651815046265624,2.7867217400658175,2.5023327150975367,0.001745329668113249,0.09775161743164062,0.98,1.6655720136544043,1.6655720136544043,1.4455501360714385
1772526944.852868,430,0.4992485046386719,2003.0105062082139,27.768679228185476,3.8015764148674154,0.5268866507234148,2.5023327150975367,0.0017453317487078485,0.09775161743164062,0.98,2.328503039826395,2.328503039826395,0.43907787748575344
1772526944.8655288,431,0.6492137908935547,1540.3246419390377,27.023875394327458,6.1099556758775195,2.455063378862642,2.5023327150975367,0.0017453275875186497,0.09775161743164062,0.98,2.187559591424962,2.187559591424962,1.234434592611477
1772526944.8791358,432,1.22833251953125,814.111801242236,37.07764065180394,12.582772823516681,7.410977887545151,2.5023327150975367,0.0034906551750372994,0.09775161743164062,0.98,1.7854701065978136,1.7854701065978136,3.8596653932632297
1772526944.8907814,433,0.8602142333984375,1162.50110864745,39.70443238201106,6.5004510675886,3.3237566886489818,2.5023327150975367,0.0017453275875186497,0.09775161743164062,0.98,3.2661214898030826,3.2661214898030826,1.4285601344543664
1772526944.9038782,434,1.0881423950195312,918.9973707274321,33.807826097567876,9.861395243424868,0.6227047586716963,2.5023327150975367,0.0017453275875186497,0.09775161743164062,0.98,2.873774429974078,2.873774429974078,2.3696267592753557
1772526944.916222,435,1.0578632354736328,945.3017804823079,28.18520545888067,8.83171485869752,1.4067261704227365,2.5023327150975367,0.0017453317487078485,0.09775161743164062,0.98,1.7309666905959784,1.7309666905959784,2.363417554072179
1772526944.9296126,436,1.2133121490478516,824.1902141874632,29.524152088165582,9.284006472933955,3.0701953189726843,2.5023327150975367,0.0017453275875186497,0.09775161743164062,0.98,2.5261829204197457,2.5261829204197457,2.5967379763010627
1772526944.9408143,437,0.8687973022460938,1151.0164654226126,30.78060975596173,6.112274638278791,1.2736021442297947,2.5023327150975367,0.0017453275875186497,0.09775161743164062,0.98,2.559132144895603,2.559132144895603,1.030442226741533
1772526944.952946,438,0.5447864532470703,1835.5816192560176,28.613429963030903,4.624164884684208,0.7697442346121348,2.5023327150975367,0.0017453317487078554,0.09775161743164062,0.98,2.5480110407278582,2.5480110407278582,1.9143069858746309
1772526944.9654973,439,0.6120204925537109,1633.9322165952474,26.044246000349478,3.140786560680291,1.0116879680788464,2.5023327150975367,0.0017453317487078554,0.09775161743164062,0.98,2.8491738548490377,2.8491738548490377,1.6164648670955044
1772526944.9787688,440,0.7779598236083984,1285.4134232301562,25.71781521137735,3.0164748545045876,1.7131415319980088,2.5023327150975367,0.0,0.09775161743164062,0.98,3.3848203162069397,3.3848203162069397,1.445293793280705
1772526944.9902308,441,0.4374980926513672,2285.724250681199,25.8540754508964,4.099495799818456,1.1862926409568255,2.5023327150975367,0.0017453275875186497,0.09775161743164062,0.98,2.5636003437191386,2.5636003437191386,1.7315891748763803
1772526945.0029035,442,0.4811286926269531,2078.445986124876,25.274189906600956,2.566348552882137,0.9216596448243911,2.5023327150975367,0.0,0.09775161743164062,0.98,3.0779483144759214,3.0779483144759214,1.3407756929295116
1772526945.015423,443,0.5686283111572266,1758.6180293501047,25.530191010203385,2.128296772123294,1.8377477225020251,2.5023327150975367,0.0017453275875186497,0.09775161743164062,0.98,3.288751716767521,3.288751716767521,1.6732757557885019
1772526945.0283766,444,0.7641315460205078,1308.6751950078003,25.722427279269567,2.39401910724442,0.8275654212106657,2.5023327150975367,0.0,0.09775161743164062,0.98,2.7645421739067078,2.7645421739067078,1.7380315868200482
1772526945.0403068,445,0.4887580871582031,2046.0019512195122,23.804038223552798,3.0625860653690826,0.8524561777881279,2.5023327150975367,0.0017453317487078554,0.09775161743164062,0.98,2.919428402817628,2.919428402817628,1.2109403129485115
1772526945.0529308,446,0.4837512969970703,2067.1779201577133,24.018556271488634,2.5646021531408185,1.6054518491762424,2.5023327150975367,0.0017453317487078485,0.09775161743164062,0.98,3.2563343506306905,3.2563343506306905,1.544755549464599
1772526945.065582,447,0.6625652313232422,1509.2853544440445,24.249890351137314,2.47358439816258,0.7336799599081568,2.5023327150975367,0.0017453359098970472,0.09775161743164062,0.98,2.7197445558967472,2.7197445558967472,1.8422706856514177
1772526945.07842,448,0.7631778717041016,1310.3105279600125,24.16725382767046,3.4031207782475352,1.461488233711962,2.5023327150975367,0.0017453359098970611,0.09775161743164062,0.98,3.0932936351282136,3.0932936351282136,1.233031062748147
1772526945.0903273,449,0.5018711090087891,1992.5434679334917,25.08701824623911,2.886578151211752,1.3036713334126442,2.5023327150975367,0.0034906551750372994,0.09775161743164062,0.98,3.066835831886943,3.066835831886943,1.4580877060028916
1772526945.1033943,450,0.8289813995361328,1206.2996836353177,24.717232554738818,2.3382564224833655,0.628255984223858,2.5023327150975367,0.0017453275875186497,0.09775161743164062,0.98,2.790766055472632,2.790766055472632,2.017635498282324
1772526945.1160073,451,0.9911060333251953,1008.973779167669,29.906287546915937,9.902542904600379,4.311749414677588,2.5023327150975367,0.003490663497415697,0.09775161743164062,0.98,2.9845332827225786,2.9845332827225786,1.200953192828894
1772526945.128959,452,1.1868476867675781,842.568099638409,33.0363778661276,6.45147504781462,0.23751013069957996,2.5023327150975367,0.0034906551750372994,0.09775161743164062,0.98,3.14606581038659,3.14606581038659,1.468883931715801
1772526945.1407335,453,0.8187294006347656,1221.4047757716949,27.34560658918955,6.428780356956211,0.5349459000128158,2.5023327150975367,0.0017453317487078485,0.09775161743164062,0.98,2.590943804063073,2.590943804063073,1.9637559630351005
1772526945.1531155,454,0.5280971527099609,1893.5909706546274,23.193124153607055,5.487288079908715,0.54077693530363,2.5023327150975367,0.003490663497415711,0.09775161743164062,0.98,2.840779888986545,2.840779888986545,1.4944945383303154
1772526945.1656182,455,0.6282329559326172,1591.7662239089184,20.873623082595614,3.999456604674226,0.5879693717053481,2.5023327150975367,0.0034906551750372855,0.09775161743164062,0.98,2.5121010743974845,2.5121010743974845,1.793252221434961
1772526945.1785035,456,0.8153915405273438,1226.4046783625731,20.163081608680134,2.680797829192275,0.7398899925265878,2.5023327150975367,0.0052359910849343605,0.09775161743164062,0.98,2.192967546021235,2.192967546021235,1.8453477647559282
1772526945.1902866,457,0.4525184631347656,2209.854583772392,19.876493247250195,3.1247461701090344,0.6138702021469677,2.5023327150975367,0.0,0.09775161743164062,0.98,2.1961466865484796,2.1961466865484796,1.0010485792203632
1772526945.202892,458,0.453948974609375,2202.890756302521,19.02476567022854,1.8883544443299225,0.2768583724179002,2.5023327150975367,0.0017453275875186497,0.09775161743164062,0.98,2.210657206018025,2.210657206018025,1.1538812873642568
1772526945.2155995,459,0.6456375122070312,1548.8567208271788,17.862316792831315,2.2788666622880807,0.5026988196625507,2.5023327150975367,0.0,0.09775161743164062,0.98,1.999434575679144,1.999434575679144,1.142613848124749
1772526945.2283974,460,0.7486343383789062,1335.7656050955413,22.007071832228583,6.684246088089892,2.5155140730457615,2.5023327150975367,0.0034906551750372855,0.09775161743164062,0.98,2.2076927265451816,2.2076927265451816,0.5296792112209716
1772526945.2403398,461,0.4558563232421875,2193.673640167364,25.102889666638838,4.727242112078034,0.9683239144120416,2.5023327150975367,0.003490663497415711,0.09775161743164062,0.98,2.090052632066843,2.090052632066843,0.855741498485559
1772526945.253384,462,0.8304119110107422,1204.2216480045938,24.69008319445868,6.328673470824429,1.1764747215030489,2.5023327150975367,0.0034906551750372994,0.09775161743164062,0.98,1.9977597539909189,1.9977597539909189,1.2003161609593629
1772526945.265959,463,0.9596347808837891,1042.0631055900622,24.036988325954365,5.653715580419835,0.6723141395354783,2.5023327150975367,0.0034906551750372855,0.09775161743164062,0.98,1.5555811515003628,1.5555811515003628,1.4179761998256386
1772526945.2784204,464,0.7932186126708984,1260.6865043582807,21.979447815533586,3.9719567331107513,0.38245431882268766,2.5023327150975367,0.003490663497415711,0.09775161743164062,0.98,1.0944306699098139,1.0944306699098139,1.145712490523028
1772526945.2903702,465,0.4951953887939453,2019.4049109292248,19.157972546097348,3.885796993640799,0.2290052135381844,2.5023327150975367,0.0017453359098970611,0.09775161743164062,0.98,0.7931482735264075,0.7931482735264075,2.6391357091460277
1772526945.3030477,466,0.5679130554199219,1760.832913518052,18.176240906325905,4.353546785650347,0.8394173824701552,2.5023327150975367,0.0017453359098970611,0.09775161743164062,0.98,1.1881733566304509,1.1881733566304509,1.0936813028408139
1772526945.3155096,467,0.6160736083984375,1623.1826625386998,19.61646904267821,4.023232997270469,0.7314757155757758,2.5023327150975367,0.0017453359098970611,0.09775161743164062,0.98,1.302319163347006,1.302319163347006,2.362937862034294
1772526945.3285685,468,0.8394718170166016,1191.2252201079239,22.295469077273328,4.830517792821581,1.392376643129244,2.5023327150975367,0.0017453359098970611,0.09775161743164062,0.98,0.8130184546039525,0.8130184546039525,1.6619591863891992
1772526945.3403833,469,0.5240440368652344,1908.2365787079164,24.200899163579233,4.100768983720481,1.017855198019392,2.5023327150975367,0.0034906551750372716,0.09775161743164062,0.98,0.4809938711065776,0.4809938711065776,0.9944490746921762
1772526945.3530507,470,0.5481243133544922,1824.4036537625054,23.803948477769797,2.1970842222770193,0.5924076978277065,2.5023327150975367,0.0034906551750372994,0.09775161743164062,0.98,0.42823242056856586,0.42823242056856586,0.5561204984881014
1772526945.3657203,471,0.7295608520507812,1370.6875816993463,22.27823286066524,3.744752793659835,0.595611607152544,2.5023327150975367,0.0017453359098970611,0.09775161743164062,0.98,0.3528478419459282,0.3528478419459282,0.3655398651940926
1772526945.3788002,472,0.8957386016845703,1116.3971253659836,21.7437975120428,4.597266348423269,0.6790242818748127,2.5023327150975367,0.0017453359098970611,0.09775161743164062,0.98,0.28298900430338353,0.28298900430338353,0.2712998627273701
1772526945.3903542,473,0.4906654357910156,2038.0485908649173,21.659867802724026,4.538795164814995,0.6406843872496953,2.5023327150975367,0.0017453275875186497,0.09775161743164062,0.98,0.2111826369836397,0.2111826369836397,0.23873337516662596
1772526945.403127,474,0.5478858947753906,1825.1975630983463,22.012994690544566,3.852931992737647,0.6118037996403983,2.5023327150975367,0.0017453275875186497,0.09775161743164062,0.98,0.20048812003994018,0.20048812003994018,0.15786872029695517
1772526945.41592,475,0.8342266082763672,1198.7150614461275,21.658626013340392,3.1217495091077634,0.6089511515380748,2.5023327150975367,0.0017453359098970611,0.09775161743164062,0.98,0.20611284412208639,0.20611284412208639,0.12219913138493803
1772526945.4286017,476,0.8296966552734375,1205.2597701149425,21.165558710737162,2.9493551952071586,0.6596825141516738,2.5023327150975367,0.0017453192651402383,0.09775161743164062,0.98,0.2064826953256584,0.2064826953256584,0.14600176399291104
1772526945.440317,477,0.47206878662109375,2118.3353535353535,20.768624056990475,2.8065479727095295,0.7263961966842096,2.5023327150975367,0.0017453359098970611,0.09775161743164062,0.98,0.1868332669111382,0.1868332669111382,0.15635853206179634
1772526945.453018,478,0.6074905395507812,1646.116169544741,20.95006963655006,2.5834261006862453,0.820474080786505,2.5023327150975367,0.0017453359098970611,0.09775161743164062,0.98,0.19404691404645913,0.19404691404645913,0.12839871322736032
1772526945.4656918,479,0.6651878356933594,1503.3347670250896,21.11477629789754,2.2760009262956316,0.8879860088429093,2.5023327150975367,0.0017453275875186497,0.09775161743164062,0.98,0.17162795377654744,0.17162795377654744,0.1184325687706264
1772526945.478599,480,0.7779598236083984,1285.4134232301562,21.36157560695482,2.043060717805026,0.9828130054070344,2.5023327150975367,0.0017453359098970611,0.09775161743164062,0.98,0.17421324641181316,0.17421324641181316,0.11668242322756266
1772526945.4902945,481,0.4706382751464844,2124.774062816616,21.505693382415643,1.8224372671209432,1.025084532603105,2.5023327150975367,0.0017453192651402383,0.021219253540039062,0.98,0.14129599684879984,0.14129599684879984,0.11845004565394124
1772526945.503103,482,0.5426406860351562,1842.8400702987697,21.87507089613248,1.4486498251027269,1.0256041412725692,2.5023327150975367,0.0017453359098970611,0.023365020751953125,0.98,0.1230717326411033,0.1230717326411033,0.11301035979066791
1772526945.5157485,483,0.7317066192626953,1366.6679700228087,21.731604390073628,0.9686613038934884,1.0229036513861116,2.5023327150975367,0.0017453275875186497,0.036716461181640625,0.98,0.09775669298322379,0.09775669298322377,0.09726121659326954
1772526945.5286129,484,0.8707046508789062,1148.4950711938664,21.65342877000433,0.8048893403412332,1.0295420825000223,2.5023327150975367,0.0017453275875186497,0.036716461181640625,0.98,0.08451793136533933,0.08451793136533933,0.08556864037217204
1772526945.5403006,485,0.4723072052001953,2117.26602725896,21.53621435975033,0.7744133805402479,1.0468709640164755,2.5023327150975367,0.0,0.036716461181640625,0.98,0.06959993011028773,0.06959993011028773,0.07471927786107638
1772526945.552772,486,0.43582916259765625,2294.477024070022,21.788097953557077,0.7658738991880323,1.0684494017138195,2.5023327150975367,0.0034906551750372994,0.036716461181640625,0.98,0.06078854770918285,0.06078854770918285,0.06901823641979564
1772526945.5655878,487,0.6480216979980469,1543.158204562178,21.93467863034427,0.7011560349447589,1.107697791349015,2.5023327150975367,0.003490663497415697,0.036716461181640625,0.98,0.05648601552285419,0.05648601552285419,0.08063710300524882
1772526945.5784376,488,0.7584095001220703,1318.5488839987424,22.149241156586772,0.8354599667587806,1.1697580579278697,2.5023327150975367,0.0034906551750372994,0.036716461181640625,0.98,0.058270010986474656,0.058270010986474656,0.08523120523521693
1772526945.5903082,489,0.4706382751464844,2124.774062816616,22.49993586347093,1.1356388966060718,1.2508128097569222,2.5023327150975367,0.003490663497415711,0.036716461181640625,0.98,0.05898502983729916,0.05898502983729919,0.07971081790064372
1772526945.6030397,490,0.4572868347167969,2186.81126173097,23.261234560535666,1.5922659837600799,1.3463498214367453,2.5023327150975367,0.0,0.036716461181640625,0.98,0.06612937299290961,0.06612937299290961,0.059374449234184126
1772526945.6154704,491,0.5588531494140625,1789.3788395904437,23.84749523881195,1.7229265877107114,1.4472460822909174,2.5023327150975367,0.0034906551750372994,0.036716461181640625,0.98,0.06351131910600485,0.06351131910600485,0.06288177192193437
1772526945.629097,492,1.1477470397949219,871.2721229746572,24.679752191138295,1.9782137829586866,1.5868169988624827,2.5023327150975367,0.0034906551750372855,0.061511993408203125,0.98,0.07104714490613623,0.07104714490613623,0.06782427237330972
1772526945.640331,493,0.4673004150390625,2139.9510204081635,25.51369956839579,2.270434687958983,1.804008042488443,2.5023327150975367,0.0017453359098970611,0.061511993408203125,0.98,0.0699386170375624,0.0699386170375624,0.057891227377350564
1772526945.653017,494,0.4990100860595703,2003.9675107501193,27.18759347885458,3.155592030015623,2.1076210032292764,2.5023327150975367,0.0017453275875186497,0.061511993408203125,0.98,0.08007807837680227,0.08007807837680227,0.047052632315920266
1772526945.66555,495,0.6172657012939453,1620.0478949401313,28.749775874690524,3.814408859735814,2.4526694360920924,2.5023327150975367,0.0017453275875186497,0.061511993408203125,0.98,0.07444768413764058,0.07444768413764058,0.038967354939756595
1772526945.6786597,496,0.8099079132080078,1234.7082720047101,30.580450472611385,4.982726290893005,2.9016495913365303,2.5023327150975367,0.0,0.061511993408203125,0.98,0.0774356704021184,0.0774356704021184,0.04258476161702554
1772526945.6903172,497,0.4470348358154297,2236.9621333333334,32.54745946272941,6.350660463164601,3.2921871135949923,2.5023327150975367,0.0017453275875186497,0.061511993408203125,0.98,0.0660463925859162,0.0660463925859162,0.03488754434992251
1772526945.7030165,498,0.4849433898925781,2062.0963618485744,34.250646905616186,7.21816867709516,3.5164671401884275,2.5023327150975367,0.0,0.061511993408203125,0.98,0.06684901827191958,0.06684901827191958,0.04196490750458492
1772526945.715532,499,0.5841255187988281,1711.9608163265307,34.78513063350861,7.142111840608005,3.470058129230533,2.5023327150975367,0.0017453359098970472,0.061511993408203125,0.98,0.05543939054203897,0.05543939054203897,0.029325274525605943
1772526945.7286024,500,0.8287429809570312,1206.6467203682394,34.48277349443061,6.310195420353482,3.3082348316397563,2.5023327150975367,0.0017453275875186358,0.061511993408203125,0.98,0.051254118063882755,0.051254118063882755,0.021022968373795775
1772526945.7403307,501,0.4646778106689453,2152.0287326834273,33.92150628766521,5.932225647304684,3.0958994902671155,2.5023327150975367,0.0017453275875186497,0.061511993408203125,0.98,0.053712690656232145,0.053712690656232145,0.12980219634173662
1772526945.753016,502,0.49185752868652344,2033.1090644692197,32.72971085976817,4.540432006388666,2.4761633247777195,2.5023327150975367,0.0017453275875186497,0.061511993408203125,0.98,0.03781781190967861,0.03781781190967861,0.05174407876806155
1772526945.7655535,503,0.5974769592285156,1673.7047086991222,31.18502833391433,2.496973398854317,2.4764614185269656,2.5023327150975367,0.0017453275875186497,0.061511993408203125,0.98,0.027334524810207247,0.027334524810207247,0.07633349807446946
1772526945.778588,504,0.8270740509033203,1209.0815797059672,30.18562636125572,1.9431636712571976,2.2500313663269726,2.5023327150975367,0.0017453359098970611,0.061511993408203125,0.98,0.041709991455014674,0.04170999145501469,0.032887565140788826
1772526945.7903316,505,0.46515464782714844,2149.822655048693,29.23903017936907,2.164576013392626,2.01637277500151,2.5023327150975367,0.0,0.061511993408203125,0.98,0.034876711275539055,0.034876711275539055,0.022649136150909573
1772526945.8028967,506,0.5443096160888672,1837.1896627244853,28.5556136856175,1.2908451658094897,1.854771710039872,2.5023327150975367,0.0017453359098970472,0.061511993408203125,0.98,0.03378334478407069,0.03378334478407069,0.029965432601033497
1772526945.8154655,507,0.6313323974609375,1583.95166163142,27.585211570965058,1.067162742150893,1.7000648303095678,2.5023327150975367,0.0034906551750372994,0.061511993408203125,0.98,0.032074922588689124,0.032074922588689124,0.06580765363984155
1772526945.8285334,508,0.8203983306884766,1218.9200813716943,26.54322687011658,1.732527614052343,1.4759100047762403,2.5023327150975367,0.0017453359098970611,0.061511993408203125,0.98,0.04615704761494747,0.04615704761494747,2.8360800556953856
1772526945.8403444,509,0.4756450653076172,2102.4080200501253,23.49322076669178,4.674199567908554,0.6772735750116335,2.5023327150975367,0.0017453359098970611,0.061511993408203125,0.98,1.1010100089830384,1.1010100089830384,0.8919558932358819
1772526945.8531098,510,0.6325244903564453,1580.966453071994,21.18600529458431,6.631098364349904,0.5466619063943388,2.5023327150975367,0.0034906551750372716,0.061511993408203125,0.98,1.3196507568454712,1.3196507568454712,0.7523379685809588
1772526945.865545,511,0.6029605865478516,1658.483194938711,20.22871735304758,4.3191156731199705,0.5862246758050922,2.5023327150975367,0.0034906551750372994,0.061511993408203125,0.98,1.1550394034485656,1.1550394034485656,0.7921204289009266
1772526945.8786614,512,0.8187294006347656,1221.4047757716949,19.835647770904874,3.246737807367167,0.6759553777395737,2.5023327150975367,0.006981318672452996,0.061511993408203125,0.98,0.9708011055264325,0.9708011055264325,0.7326698682111566
1772526945.8903909,513,0.4673004150390625,2139.9510204081635,19.577774501259043,3.1733169364016494,0.6920980186208744,2.5023327150975367,0.005235991084934347,0.061511993408203125,0.98,0.6991982653887319,0.6991982653887319,0.754832497061606
1772526945.903067,514,0.4749298095703125,2105.574297188755,19.773268509243145,2.5810553151519233,0.6627829789335142,2.5023327150975367,0.00698131867245301,0.061511993408203125,0.98,0.5397171243752968,0.5397171243752968,0.7484745267809477
1772526945.9156184,515,0.6251335144042969,1599.6582761250954,19.346303600842553,1.5291690524350212,0.5559916343671952,2.5023327150975367,0.0034906551750372994,0.061511993408203125,0.98,0.39190699693056247,0.39190699693056247,2.4387919628284624
1772526945.9285674,516,0.8060932159423828,1240.5513161786453,18.18114185589713,2.2474407419103923,0.4050766933299418,2.5023327150975367,0.0034906551750372994,0.061511993408203125,0.98,0.5736285155407402,0.5736285155407402,2.529136988804001
1772526945.9403818,517,0.46443939208984375,2153.1334702258728,16.4583159972118,3.435291777696321,0.16520743598029447,2.5023327150975367,0.0017453359098970611,0.061511993408203125,0.98,1.140111972253312,1.140111972253312,0.992626589093543
1772526945.9530723,518,0.5071163177490234,1971.9341795956746,16.347453388576398,4.429254788005599,0.7957974801435471,2.5023327150975367,0.0034906551750372855,0.061511993408203125,0.98,1.2849672240241714,1.2849672240241714,0.7946174567994713
1772526945.9662313,519,1.0688304901123047,935.6020521971894,22.617910773920784,10.672211941821327,2.41445197721206,2.5023327150975367,0.0034906718197941222,0.061511993408203125,0.98,1.1863505363675086,1.1863505363675086,0.8349537328666342
1772526945.979177,520,1.2319087982177734,811.7484033288175,38.96430499812625,22.938336075346747,7.421181376954956,2.5023327150975367,0.003490663497415711,0.061511993408203125,0.98,1.1239351732026623,1.1239351732026623,0.9490953351576095
1772526945.9908726,521,0.8778572082519531,1139.1374253123302,46.90100637788643,13.130252360784246,3.5803286662797404,2.5023327150975367,0.0034906551750372994,0.061511993408203125,0.98,0.766887770494824,0.766887770494824,3.0761886919142283
1772526946.003429,522,0.8120536804199219,1231.4456840869054,38.987624601774954,10.12328510117293,0.6967409460008479,2.5023327150975367,0.0017453359098970611,0.061511993408203125,0.98,2.46374721536413,2.46374721536413,0.6163999780929516
1772526946.016056,523,1.0046958923339844,995.3260560037969,29.371045111566136,10.231656186264463,0.2823039154980729,2.5023327150975367,0.0017453359098970334,0.061511993408203125,0.98,2.245599571695377,2.245599571695377,1.537303719185833
1772526946.029123,524,1.2149810791015625,823.0580847723705,22.828419763967187,7.189661877744215,0.18945601983067129,2.5023327150975367,0.0034906551750372994,0.061511993408203125,0.98,1.686523728438847,1.686523728438847,2.1689485894324227
1772526946.0408568,525,0.8349418640136719,1197.688178183895,18.715588302799652,4.557270011655536,0.2797534107639445,2.5023327150975367,0.0017453192651402383,0.061511993408203125,0.98,2.2547560680384002,2.2547560680384002,0.4353360388629258
1772526946.0533993,526,0.8041858673095703,1243.493625852357,16.65258707905044,2.8575294879119215,0.3168934828539824,2.5023327150975367,0.0034906718197941222,0.061511993408203125,0.98,2.2518880667721417,2.2518880667721417,1.2442794510904098
1772526946.0659215,527,0.9036064147949219,1106.6765171503957,15.356232680328745,2.0883319075072535,0.17116345263867097,2.5023327150975367,0.0,0.061511993408203125,0.98,1.8888578363512547,1.8888578363512547,1.4027865201898677
1772526946.0787618,528,1.0306835174560547,970.2299329169558,14.362689771620833,1.3122649474134054,0.1827083828249948,2.5023327150975367,0.0017453192651402383,0.061511993408203125,0.98,2.3010742437265934,2.3010742437265934,0.34297168084485397
1772526946.0908346,529,0.8189678192138672,1221.0491994177585,13.806485478912446,1.0656996843595254,0.35425538366788606,2.5023327150975367,0.0017453359098970611,0.061511993408203125,0.98,2.1347528018657758,2.1347528018657758,0.9889202349489233
1772526946.103482,530,0.8358955383300781,1196.3217341699942,13.930836321613166,0.962260071264001,0.28460985867812477,2.5023327150975367,0.0034906551750372994,0.061511993408203125,0.98,1.9658654716006203,1.9658654716006203,1.2617155785546765
1772526946.1160624,531,0.9796619415283203,1020.7602823071306,14.083958797547414,1.159955901758921,0.3160419214275049,2.5023327150975367,0.0017453275875186497,0.061511993408203125,0.98,2.251423678506591,2.251423678506591,0.33675050410954055
1772526946.1291273,532,1.2392997741699219,806.907272027703,14.150861831570522,0.8104758800779007,0.22196134626111272,2.5023327150975367,0.003490659336226498,0.061511993408203125,0.98,2.2702006145815683,2.2702006145815683,3.625505061562173
1772526946.1408522,533,0.8456707000732422,1182.4933746828306,17.553814950491304,4.969705958629825,1.8398248898539113,2.5023327150975367,0.0017453275875186497,0.061511993408203125,0.98,1.1762499475881756,1.1762499475881756,3.5111063632226
1772526946.153704,534,0.8718967437744141,1146.9248017500684,25.779161242754903,10.589715981337086,2.8165919039341936,2.5023327150975367,0.0017453359098970334,0.061511993408203125,0.98,0.9499302756578215,0.9499302756578215,1.9140961445906015
1772526946.1661575,535,0.988006591796875,1012.1389961389962,27.367266189670023,6.293281862789282,0.9865682830646146,2.5023327150975367,0.003490659336226498,0.061511993408203125,0.98,1.3527301952990325,1.3527301952990325,0.7686602153971456
1772526946.1789293,536,1.131296157836914,883.9418335089568,24.120554537081425,7.659004741821154,0.27365315616582064,2.5023327150975367,0.0017453275875186497,0.061511993408203125,0.98,1.4087614756447768,1.4087614756447768,0.9380405192209766
1772526946.1906526,537,0.7288455963134766,1372.032711808963,20.612544361650297,5.365460173587288,0.27881102117055423,2.5023327150975367,0.0017453359098970334,0.061511993408203125,0.98,1.1255950279284832,1.1255950279284832,0.97130922933648
1772526946.2033467,538,0.9083747863769531,1100.8671916010499,18.443960236574235,4.232770426051198,0.4555874182957755,2.5023327150975367,0.003490663497415697,0.061511993408203125,0.98,0.9425628537338148,0.9425628537338148,2.7068547559974037
1772526946.2157307,539,0.6856918334960938,1458.3810848400556,20.473047864181456,7.156701866587625,2.0057064896792163,2.5023327150975367,0.0017453359098970611,0.061511993408203125,0.98,0.4978032589663678,0.4978032589663678,1.5517866849043216
1772526946.228727,540,0.8058547973632812,1240.9183431952663,24.54870319137113,7.197129826696021,1.408143873368263,2.5023327150975367,0.0034906551750372994,0.061511993408203125,0.98,0.6335483374046246,0.6335483374046246,0.7651593537314512
1772526946.2403815,541,0.5011558532714844,1995.3872502378688,25.17063513292799,7.0914445848708745,0.7122391609762008,2.5023327150975367,0.0017453275875186497,0.061511993408203125,0.98,0.6207019161452377,0.6207019161452377,0.5542631953127891
1772526946.2530103,542,0.4894733428955078,2043.01217730151,24.25347003034752,4.365752143898024,0.7669336847798677,2.5023327150975367,0.0017453359098970611,0.061511993408203125,0.98,0.5624259824152924,0.5624259824152924,0.40223953331766915
1772526946.2663693,543,1.1317729949951172,883.569412260375,22.762180102353376,4.424886610939705,0.8624369498118645,2.5023327150975367,0.0017453359098970611,0.061511993408203125,0.98,0.47463219677538604,0.47463219677538604,0.37428657493655165
1772526946.2792914,544,1.2850761413574219,778.1640074211502,22.144656364140896,4.363076127683377,0.9451211713545484,2.5023327150975367,0.0017453192651402383,0.061511993408203125,0.98,0.3900415233322311,0.3900415233322311,0.3137473953046072
1772526946.2909281,545,0.8871555328369141,1127.1980650362805,22.004513275562914,3.4785685584198913,0.9848348877061508,2.5023327150975367,0.0034906551750372994,0.061511993408203125,0.98,0.31103597643549,0.31103597643549,0.2268168448250328
1772526946.3030868,546,0.4913806915283203,2035.0819990295972,22.238266416257428,2.676829692867417,1.014927640110586,2.5023327150975367,0.0034906718197940945,0.061511993408203125,0.98,0.29189433991522756,0.29189433991522756,0.20481220079333537
1772526946.3157969,547,0.6687641143798828,1495.2955436720142,22.181966743948177,2.260944875367632,1.041694474623766,2.5023327150975367,0.005235982762555935,0.061511993408203125,0.98,0.26402172011401615,0.26402172011401615,0.3692472212737289
1772526946.3287752,548,0.7846355438232422,1274.4770586447887,21.93732559025132,2.6860283538340517,0.9813054793232855,2.5023327150975367,0.003490663497415711,0.061511993408203125,0.98,0.2854341317190715,0.2854341317190715,0.3081949582704396
1772526946.3409352,549,0.9076595306396484,1101.7346992382454,21.2233927037813,3.66206682395333,0.8162356289626019,2.5023327150975367,0.0034906551750372994,0.061511993408203125,0.98,0.3160936587322064,0.3160936587322064,0.15288851300153522
1772526946.353582,550,0.8842945098876953,1130.8449716904827,20.735307261737088,3.8390734308041017,0.7009107135328025,2.5023327150975367,0.0017453359098970611,0.061511993408203125,0.98,0.3455689292336981,0.3455689292336981,0.1329405872797642
1772526946.3662496,551,1.0426044464111328,959.1365195517951,19.978790808346684,3.3931594640140585,0.6347808344380605,2.5023327150975367,0.0017453275875186497,0.061511993408203125,0.98,0.33211405539478694,0.33211405539478694,0.1880002180897547
1772526946.3792627,552,1.1820793151855469,845.9669221460266,19.39697259373446,2.770924779850065,0.6126385543141968,2.5023327150975367,0.0034906551750372994,0.061511993408203125,0.98,0.30860779075417627,0.30860779075417627,0.22120878282845002
1772526946.3908598,553,0.8685588836669922,1151.3324183365357,18.788517418952306,2.1223685883982517,0.594758600670198,2.5023327150975367,0.0017453359098970611,0.061511993408203125,0.98,0.247705655744096,0.247705655744096,1.9687528513840207
1772526946.403206,554,0.5590915679931641,1788.615778251599,19.025470372872547,1.5583307946684157,0.8168363511129282,2.5023327150975367,0.0017453359098970611,0.061511993408203125,0.98,0.6829381044163373,0.6829381044163373,0.9271084471161061
1772526946.416347,555,1.1451244354248047,873.2675411201333,19.080557473627472,3.5922379974727625,0.7518124941926757,2.5023327150975367,0.0017453359098970334,0.061511993408203125,0.98,0.8602935375140653,0.8602935375140653,0.5404706516693242
1772526946.429425,556,1.219034194946289,820.321533346372,19.367417314112988,4.959637921017745,0.6637942731021544,2.5023327150975367,0.0017453275875186497,0.061511993408203125,0.98,0.8794279440194268,0.8794279440194268,0.39218411475019976
1772526946.4403946,557,0.45871734619140625,2179.991683991684,19.631535679245772,2.4854259633272546,0.8808057774555998,2.5023327150975367,0.0017453359098970611,0.061511993408203125,0.98,0.7536646351152062,0.7536646351152062,0.3253176539919978
1772526946.4535575,558,0.8754730224609375,1142.2396514161221,20.116373758760723,3.025036408543656,0.7545050810537464,2.5023327150975367,0.0017453359098970611,0.061511993408203125,0.98,0.7793752575558389,0.7793752575558389,0.428865341412349
1772526946.4661531,559,1.0466575622558594,955.4223234624146,20.073625696746205,4.127036188064398,0.6968762198471685,2.5023327150975367,0.0017453359098970611,0.061511993408203125,0.98,0.6588441139276192,0.6588441139276192,1.7673831121503687
1772526946.4791756,560,1.195669174194336,836.3517447657028,19.650969633154524,1.6136996066907006,0.5939669937637336,2.5023327150975367,0.0034906551750372994,0.061511993408203125,0.98,1.1821850672774683,1.1821850672774683,0.6405223382990147
1772526946.4904385,561,0.5075931549072266,1970.0817285110381,18.32601529762403,2.7390911732598084,0.5095745658513863,2.5023327150975367,0.0017453359098970611,0.061511993408203125,0.98,1.247751127438668,1.247751127438668,0.15644569234548858
1772526946.5030766,562,0.6339550018310547,1577.3990221887927,18.5981495998475,2.2191361221565407,0.8201350701723142,2.5023327150975367,0.0017453275875186497,0.061511993408203125,0.98,1.2911640494063459,1.2911640494063459,0.6711701904741376
1772526946.5158656,563,0.7600784301757812,1315.6537013801756,19.209448119831535,1.6162245119874898,0.7152674067181131,2.5023327150975367,0.0034906718197941222,0.061511993408203125,0.98,1.1533717615155255,1.1533717615155255,0.9402081296401666
1772526946.528785,564,0.8141994476318359,1228.2002928257687,19.319162336641583,3.0024580170535766,0.6383111156972603,2.5023327150975367,0.0017453359098970334,0.061511993408203125,0.98,0.9438069875960493,0.9438069875960493,1.3786960699472102
1772526946.5409381,565,0.8847713470458984,1130.2355160334141,19.340946840063587,1.5861560234378373,0.8236014225591199,2.5023327150975367,0.0017453359098970334,0.061511993408203125,0.98,1.238606906761466,1.238606906761466,0.26149029694734904
1772526946.5535038,566,0.9093284606933594,1099.7126376507604,19.289130808770107,2.6709088117179385,0.6564976364348687,2.5023327150975367,0.0017453359098970611,0.061511993408203125,0.98,1.3444334219185352,1.3444334219185352,0.5283080492469803
1772526946.5661993,567,1.0972023010253906,911.4089526292917,19.019876077593008,4.051873426090895,0.5829132602436871,2.5023327150975367,0.0034906551750372855,0.061511993408203125,0.98,1.2114026789838719,1.2114026789838719,0.991740168356527
1772526946.5792944,568,1.209259033203125,826.9526813880126,18.75700917084005,3.063720767120171,0.49658331071610656,2.5023327150975367,0.0034906551750372994,0.061511993408203125,0.98,1.0063429162738269,1.0063429162738269,1.2712313481388602
1772526946.590964,569,0.9388923645019531,1065.084814626714,17.405350873129517,2.2260070952260564,0.2812217515382799,2.5023327150975367,0.0017453359098970611,0.061511993408203125,0.98,0.6700710787648662,0.6700710787648662,1.0781450700946298
1772526946.6035972,570,0.9069442749023438,1102.6035751840168,15.85836817443843,2.1638659657812513,0.15054255572209188,2.5023327150975367,0.0034906551750372994,0.061511993408203125,0.98,0.5708501925637325,0.5708501925637325,0.9758254266615709
1772526946.6162024,571,1.0867118835449219,920.2071083808688,14.810580296827363,2.3852170735189913,0.466017505359297,2.5023327150975367,0.003490663497415697,0.061511993408203125,0.98,0.5234550312622337,0.5234550312622337,0.9540710142297627
1772526946.6294057,572,1.2617111206054688,792.5744520030235,41.44219143034299,31.236506226368636,13.217091427695868,2.5023327150975367,0.0034906551750372994,0.061511993408203125,0.98,0.5962545925996601,0.5962545925996601,0.7855208422666262
1772526946.6404538,573,0.5140304565429688,1945.4100185528757,41.91087754225121,3.1132543900875347,1.5410757688927907,2.5023327150975367,0.003490663497415711,0.061511993408203125,0.98,0.4916799190431374,0.4916799190431374,1.773750568443026
1772526946.6535933,574,0.9174346923828125,1089.995841995842,34.061260738020394,15.253526325498777,3.2500896411384086,2.5023327150975367,0.0017453359098970611,0.061511993408203125,0.98,0.39206725519731617,0.39206725519731617,0.9017595120248416
1772526946.6663833,575,1.1570453643798828,864.2703482382032,30.603156768744878,8.56531416864437,0.9440246796193302,2.5023327150975367,0.0017453359098970056,0.061511993408203125,0.98,0.7408462790528106,0.7408462790528106,0.26601506501488953
1772526946.6795573,576,1.3358592987060547,748.5818311618775,27.477676861106854,5.967956806753212,2.057375764912099,2.5023327150975367,0.003490663497415697,0.061511993408203125,0.98,0.7416547306968001,0.7416547306968001,0.8432829419019855
1772526946.691006,577,0.9722709655761719,1028.5198626777833,26.808299596058692,4.627556498467445,1.6991746848823972,2.5023327150975367,0.0034906551750372994,0.061511993408203125,0.98,0.36089901122423707,0.36089901122423707,0.9633753916643464
1772526946.7031236,578,0.49114227294921875,2036.0699029126213,25.292488433285722,3.445495163212589,0.9927666229904968,2.5023327150975367,0.0052359910849343605,0.061511993408203125,0.98,0.3309377223835538,0.3309377223835538,0.8747477669995347
1772526946.7158027,579,0.6809234619140625,1468.593837535014,23.354122502869618,6.375413024605167,1.3737410225775384,2.5023327150975367,0.008726646259971646,0.061511993408203125,0.98,0.6174599745334286,0.6174599745334286,0.8997785998792676
1772526946.7288818,580,0.8337497711181641,1199.4006291106664,22.230846797107223,5.897358409442992,0.48138653214264754,2.5023327150975367,0.005235982762555949,0.061511993408203125,0.98,0.9732608470809462,0.9732608470809462,0.5602176237454211
1772526946.7404923,581,0.5323886871337891,1878.3269144648455,19.80658195959452,4.755265863687977,0.29639426935934204,2.5023327150975367,0.008726646259971632,0.061511993408203125,0.98,1.0076361192662235,1.0076361192662235,3.1435552098009056
1772526946.753039,582,0.5168914794921875,1934.6420664206642,20.75042693637666,4.355439619494557,1.5893427509808429,2.5023327150975367,0.006981326994831422,0.061511993408203125,0.98,0.16885902397648178,0.16885902397648178,1.0029051339881552
1772526946.7657702,583,0.6825923919677734,1465.0031435557107,23.044369957251423,2.840968004122672,1.1841086691562193,2.5023327150975367,0.006981310350074599,0.061511993408203125,0.98,0.26033487018332513,0.26033487018332513,0.5078534079032562
1772526946.7788477,584,0.8289813995361328,1206.2996836353177,23.600958523661035,4.677983052709391,0.9337740382097741,2.5023327150975367,0.008726646259971632,0.061511993408203125,0.98,0.21833285464037375,0.21833285464037375,0.8397553625076627
1772526946.7904189,585,0.5068778991699219,1972.8617121354657,22.577202535967103,3.9513516537677242,0.7030404705937616,2.5023327150975367,0.006981310350074599,0.061511993408203125,0.98,0.2866886704426076,0.2866886704426076,0.7682964340564661
1772526946.8030605,586,0.45800209045410156,2183.396147839667,21.174133264902334,3.4573287037057887,0.5852812644150561,2.5023327150975367,0.0052359910849343605,0.061511993408203125,0.98,0.5345934284698449,0.5345934284698449,0.5016639631094798
1772526946.8157012,587,0.6194114685058594,1614.4357197844495,19.19270465228424,3.83565365287912,0.322260639447628,2.5023327150975367,0.005235991084934333,0.061511993408203125,0.98,0.6653437144413502,0.6653437144413502,0.31740666484079105
1772526946.8290002,588,0.8122920989990234,1231.084238332844,17.311163286905664,3.414184768887642,0.19346316965709345,2.5023327150975367,0.005235974440177538,0.061511993408203125,0.98,0.7773087962372921,0.7773087962372921,0.18122703138738688
1772526946.8404188,589,0.4928112030029297,2029.1746492501209,15.987395669804908,3.7001950061443463,0.4963099517204281,2.5023327150975367,0.0034906718197941222,0.061511993408203125,0.98,0.7141213001439155,0.7141213001439155,2.3559729016121187
1772526946.8531024,590,0.499725341796875,2001.0992366412213,17.393971154435036,3.8385804742328298,0.8383152132673877,2.5023327150975367,0.0052359910849343605,0.061511993408203125,0.98,0.6344811904544337,0.6344811904544337,1.2399796000075183
1772526946.8657138,591,0.6732940673828125,1485.2351274787536,22.444108805281484,7.721242075138916,2.141750522667174,2.5023327150975367,0.0052359910849343605,0.061511993408203125,0.98,0.7300536498880329,0.7300536498880329,0.5820574033873774
1772526946.8790503,592,0.8373260498046875,1194.2779043280182,24.934011503770243,4.419392769667704,0.5431054793216871,2.5023327150975367,0.0017453359098970611,0.061511993408203125,0.98,0.7904870278699861,0.7904870278699861,0.3958610921922109
1772526946.8904061,593,0.49686431884765625,2012.6218809980805,21.755887487620637,4.334914062135816,0.4506821391971038,2.5023327150975367,0.0034906551750372994,0.061511993408203125,0.98,0.6494894427944701,0.6494894427944701,0.40360061507486206
1772526946.9030168,594,0.4687309265136719,2133.4201424211597,19.55671840816699,4.199844900850393,0.46180695467051,2.5023327150975367,0.0034906551750372994,0.061511993408203125,0.98,0.6402812436751827,0.6402812436751827,0.5067897875717969
1772526946.915739,595,0.6606578826904297,1513.6427282569468,18.30136166315625,3.608685626139444,0.4752431838366096,2.5023327150975367,0.0034906551750372994,0.061511993408203125,0.98,0.5526264203698267,0.5526264203698267,0.5901574510347048
1772526946.9291062,596,0.8575916290283203,1166.056157909369,17.90711025515644,2.728698791118113,0.5264677561420165,2.5023327150975367,0.0017453359098970611,0.061511993408203125,0.98,0.49039365009278524,0.49039365009278524,0.5716017034426568
1772526946.940462,597,0.49042701721191406,2039.0393777345648,17.5345370681761,2.133067315533106,0.6093909067696865,2.5023327150975367,0.0034906551750372994,0.061511993408203125,0.98,0.36797925324619374,0.36797925324619374,0.4864095688363388
1772526946.9533281,598,0.66375732421875,1506.5747126436781,18.18067514524212,2.181353651288822,0.7180192461045631,2.5023327150975367,0.0017453275875186497,0.061511993408203125,0.98,0.3836226567836011,0.3836226567836011,0.3852289915068049
1772526946.9665656,599,1.0879039764404297,919.1987727372343,18.790948002752703,2.1070016022620774,0.8057726568028293,2.5023327150975367,0.003490663497415697,0.061511993408203125,0.98,0.36426206434374087,0.36426206434374087,0.3402712811141684
1772526946.9795282,600,1.18255615234375,845.6258064516129,19.362477834757943,2.1163581358649544,0.8812595690037579,2.5023327150975367,0.0017453275875186497,0.061511993408203125,0.98,0.32620227627593346,0.32620227627593346,0.2992078981726228
1772526946.9904459,601,0.4677772521972656,2137.769622833843,19.725530871658396,2.3990505373406017,0.9560432270964763,2.5023327150975367,0.0017453359098970611,0.061511993408203125,0.98,0.2507589180202545,0.2507589180202545,0.252352247877216
1772526947.0030866,602,0.4487037658691406,2228.6418703506906,20.64516938128834,3.1239957375235448,1.006841652075885,2.5023327150975367,0.003490663497415697,0.061511993408203125,0.98,0.21925529072179503,0.21925529072179503,0.22013989195169473
1772526947.015496,603,0.5495548248291016,1819.6546637744034,20.947908550894407,3.599937357681182,1.0182892319086387,2.5023327150975367,0.0,0.061511993408203125,0.98,0.16290763667807562,0.16290763667807562,0.22125149127569754
1772526947.0288944,604,0.7257461547851562,1377.892247043364,21.190052237099223,3.8995416103209637,0.9856678965398911,2.5023327150975367,0.0017453275875186636,0.061511993408203125,0.98,0.0999437560793624,0.0999437560793624,0.17460162945057975
1772526947.0402648,605,0.46706199645996094,2141.043389484431,20.776210093932228,3.4714403645480756,0.926868264304526,2.5023327150975367,0.0017453359098970611,0.061511993408203125,0.98,0.058999564138168085,0.058999564138168085,0.11443884493875957
1772526947.0528574,606,0.4801750183105469,2082.573982125124,20.684673647524008,2.871348397766317,0.8394242210192019,2.5023327150975367,0.0034906551750372994,0.061511993408203125,0.98,0.06812543176255481,0.06812543176255481,0.09176918694634416
1772526947.0654697,607,0.5736351013183594,1743.2684954280965,19.958603714453993,2.4799319253960577,0.7607332080423097,2.5023327150975367,0.0017453359098970611,0.061511993408203125,0.98,0.05869009888330216,0.05869009888330213,0.07698780116328778
1772526947.0788748,608,0.7839202880859375,1275.639902676399,19.260413778836348,2.140947135603845,0.6974374803960105,2.5023327150975367,0.0034906718197941222,0.061511993408203125,0.98,0.05138539199721033,0.05138539199721033,0.06044983457492484
1772526947.0902402,609,0.4425048828125,2259.862068965517,18.375578259056322,1.8078059379466525,0.6644210879170825,2.5023327150975367,0.0034906551750372994,0.061511993408203125,0.98,0.038064989932135786,0.038064989932135786,0.1230137558470067
1772526947.1029572,610,0.5209445953369141,1919.5899313501145,18.200188441881995,1.3402034599065213,0.6113600676805744,2.5023327150975367,0.0017453359098970611,0.061511993408203125,0.98,0.05331993657370882,0.05331993657370883,0.10218498299218369
1772526947.115535,611,0.5967617034912109,1675.7107471034758,17.68498393733376,1.4461389328334622,0.5543946457777377,2.5023327150975367,0.0017453359098970334,0.061511993408203125,0.98,0.07452834473152531,0.07452834473152531,0.06755363573051919
1772526947.128774,612,0.7910728454589844,1264.1060880048221,17.168712490151897,1.675684641436683,0.4833909385123728,2.5023327150975367,0.0034906551750372994,0.061511993408203125,0.98,0.08332856078045386,0.08332856078045386,0.09570072327330888
1772526947.1402388,613,0.4456043243408203,2244.143392188336,16.273124581924446,2.1059674061684346,0.4137972222217083,2.5023327150975367,0.0,0.061511993408203125,0.98,0.08308941381721276,0.08308941381721276,0.06276673162480993
1772526947.1528687,614,0.5207061767578125,1920.4688644688645,15.893749102150053,2.2528104554977393,0.37587646340567826,2.5023327150975367,0.0034906551750372994,0.061511993408203125,0.98,0.08105204971504573,0.08105204971504573,0.08235382187776533
1772526947.1655133,615,0.5884170532226562,1699.4748784440842,15.48785648359775,2.43482104528384,0.36825932967677494,2.5023327150975367,0.0034906551750372994,0.061511993408203125,0.98,0.08064228896458735,0.08064228896458732,0.10513156493882325
1772526947.1784747,616,0.762939453125,1310.72,15.330255101814172,2.5553653599890973,0.4033276729208237,2.5023327150975367,0.0052359910849343605,0.061511993408203125,0.98,0.0933983267584634,0.0933983267584634,0.1408970274279474
1772526947.1902905,617,0.47135353088378906,2121.549822964087,15.3410922969266,2.6030370709517543,0.4605465585829323,2.5023327150975367,0.0017453359098970611,0.061511993408203125,0.98,0.11247500182027559,0.1124750018202756,0.11868277420945182
1772526947.2033985,618,0.8344650268554688,1198.3725714285715,15.873397900168403,2.6032042666923143,0.49928324097419097,2.5023327150975367,0.0034906551750372994,0.061511993408203125,0.98,0.1467519735884447,0.1467519735884447,0.11274083200204921
1772526947.2160456,619,0.9973049163818359,1002.702366722448,16.16668107699303,2.2517493948046647,0.5089237333046244,2.5023327150975367,0.0052359910849343605,0.061511993408203125,0.98,0.1731656534278134,0.1731656534278134,0.12702679362675906
1772526947.228455,620,0.8215904235839844,1217.1514799767847,16.21652878421399,1.888679636388215,0.47911000745262583,2.5023327150975367,0.006981310350074599,0.061511993408203125,0.98,0.20952510888730194,0.20952510888730194,0.1345089706483127
1772526947.2402556,621,0.457763671875,2184.5333333333333,15.812468198946794,1.6594357529206447,0.4070683094665864,2.5023327150975367,0.005235991084934333,0.061511993408203125,0.98,0.23553826451108775,0.23553826451108775,0.11938083676128576
1772526947.2528503,622,0.4763603210449219,2099.2512512512512,15.230554529802422,1.6483753766746618,0.31866888413958294,2.5023327150975367,0.0017453275875186636,0.061511993408203125,0.98,0.2708827125907251,0.2708827125907251,0.10799654904000934
1772526947.2655613,623,0.6351470947265625,1574.4384384384384,14.351517795337008,1.879176811288926,0.2631885728845741,2.5023327150975367,0.006981326994831394,0.061511993408203125,0.98,0.25376169105490204,0.25376169105490204,0.08569119720277898
1772526947.278436,624,0.7910728454589844,1264.1060880048221,13.585339112020469,2.132731067094348,0.24289416590658403,2.5023327150975367,0.0034906551750372716,0.061511993408203125,0.98,0.25445925707906963,0.25445925707906963,0.0922731267819923
1772526947.2902358,625,0.44035911560058594,2270.8738494856525,13.252969814452392,2.6716290758417043,0.3231129010790136,2.5023327150975367,0.003490655175037327,0.061511993408203125,0.98,0.22681451257061713,0.22681451257061713,0.08538829865919113
1772526947.3029404,626,0.4894733428955078,2043.01217730151,14.588262393693322,3.965911744095241,0.578164087886009,2.5023327150975367,0.0017453359098970611,0.061511993408203125,0.98,0.2231810138282042,0.2231810138282042,0.11847908299358166
1772526947.3155117,627,0.5831718444824219,1714.760425183974,17.964869863632753,5.541522366117369,1.0048620677766513,2.5023327150975367,0.0034906551750372716,0.061511993408203125,0.98,0.1955732615458878,0.1955732615458878,0.07480202107584859
1772526947.3283958,628,0.7612705230712891,1313.5934857500783,24.21643398658543,8.006903325507833,2.278240344595294,2.5023327150975367,0.0017453359098970611,0.061511993408203125,0.98,0.1870897472206079,0.1870897472206079,0.08764682429541575
1772526947.340218,629,0.45752525329589844,2185.6717040125063,34.32724597513494,12.336567983357444,5.35175974489111,2.5023327150975367,0.003490655175037327,0.061511993408203125,0.98,0.16313171870578053,0.16313171870578053,0.05876855312155521
1772526947.3528247,630,0.4456043243408203,2244.143392188336,54.23347587145837,29.54780028231752,17.33090426910162,2.5023327150975367,0.0017453359098970611,0.061511993408203125,0.98,0.16221890437493977,0.16221890437493977,0.07001474436233743
1772526947.365542,631,0.5927085876464844,1687.1697506033788,76.8346175482339,52.133580158409714,33.32036183066019,2.5023327150975367,0.0017453359098970611,0.061511993408203125,0.98,0.14580480408638608,0.14580480408638608,2.5707589811330145
1772526947.3783813,632,0.7510185241699219,1331.5250793650794,54.95811051875429,25.03216167874416,0.23722647117045456,2.5023327150975367,0.0017453359098970611,0.061511993408203125,0.98,1.487070470084028,1.487070470084028,1.3875551755879587
1772526947.3902783,633,0.4820823669433594,2074.3343224530167,35.77758973112318,21.712366801819847,1.1316554709607314,2.5023327150975367,0.0034906718197941222,0.061511993408203125,0.98,1.0882983049057564,1.0882983049057564,0.8518118230758897
1772526947.4028466,634,0.44274330139160156,2258.645126548196,27.816649485139937,11.609475955711131,0.25048325834866153,2.5023327150975367,0.0034906718197940667,0.061511993408203125,0.98,1.077758504567398,1.077758504567398,0.5221232848293583
1772526947.4155495,635,0.6210803985595703,1610.0975047984646,59.184637056841986,43.82866011077685,25.992171855820544,2.5023327150975367,0.0034906385302804765,0.061511993408203125,0.98,1.0029204161542313,1.0029204161542313,0.6051628535961172
1772526947.4284437,636,0.8053779602050781,1241.6530491415037,50.9006342783722,10.979335763010859,0.869013088218882,2.5023327150975367,0.0017453359098970056,0.061511993408203125,0.98,0.847448923806055,0.847448923806055,2.5070858300986227
1772526947.440207,637,0.4267692565917969,2343.1865921787708,36.2111796655472,18.45266079191002,2.3538853387824865,2.5023327150975367,0.0017453359098970611,0.061511993408203125,0.98,1.531556271252958,1.531556271252958,2.6094960485165326
1772526947.4529777,638,0.5290508270263672,1890.1775574583146,34.99566391760581,14.503841740479853,3.4165772757159667,2.5023327150975367,0.0017453359098970611,0.061511993408203125,0.98,0.6438359549232793,0.6438359549232793,1.834917549652433
1772526947.4655643,639,0.6306171417236328,1585.7482041587903,31.149050200421122,6.369046294768861,0.11219888136790734,2.5023327150975367,0.0017453359098970611,0.061511993408203125,0.98,0.4832666348782119,0.4832666348782119,0.6758120374998977
1772526947.4786148,640,0.8041858673095703,1243.493625852357,24.923272526070424,6.991106358006169,1.013495896202939,2.5023327150975367,0.0017453359098970611,0.061511993408203125,0.98,0.7430976614454494,0.7430976614454494,0.38948843724577475
1772526947.4902577,641,0.44155120849609375,2264.742980561555,60.1583249088067,47.579109239046616,26.03025507368178,2.5023327150975367,0.0034906385302804765,0.0209808349609375,0.98,0.5828676883065123,0.5828676883065123,0.4967860877944476
1772526947.5029402,642,0.4870891571044922,2053.01223690651,51.58868842026807,11.424699561747618,3.654715068698368,2.5023327150975367,0.0017453359098970611,0.025033950805664062,0.98,0.4739193419954318,0.4739193419954318,2.666407663203823
1772526947.5156205,643,0.6556510925292969,1525.2014545454545,53.483243704941366,34.979786004991965,13.849863459471457,2.5023327150975367,0.005235974440177538,0.03314018249511719,0.98,1.1508990090577074,1.1508990090577074,0.7888517900213534
1772526947.5284698,644,0.7905960083007812,1264.8685162846803,46.94311349151456,10.712187797729824,0.14958900674479336,2.5023327150975367,0.0017453359098970611,0.03314018249511719,0.98,1.4683774894624921,1.4683774894624921,0.7090982651880638
1772526947.5402462,645,0.4696846008300781,2129.0883248730966,37.310503498165694,15.229270847101578,4.561353124770013,2.5023327150975367,0.0017453359098970611,0.03314018249511719,0.98,1.0971409195383364,1.0971409195383364,0.7156576623492238
1772526947.5530694,646,0.5118846893310547,1953.5649743828599,45.11117186601056,18.83547821485877,9.347293961884445,2.5023327150975367,0.0034906718197941222,0.03314018249511719,0.98,0.9428879558222237,0.9428879558222237,2.432607090401551
1772526947.5655148,647,0.5791187286376953,1726.7616303005352,47.347439638777864,14.258472621804412,7.010165616694024,2.5023327150975367,0.0034906385302804765,0.03314018249511719,0.98,1.6968284805532425,1.6968284805532425,4.224958586683983
1772526947.5783992,648,0.7143020629882812,1399.9679572763685,41.970414690412035,12.774716508212919,0.34294589943762616,2.5023327150975367,0.0034906718197941222,0.03314018249511719,0.98,3.547207468280478,3.547207468280478,1.6059966807577606
1772526947.5902264,649,0.4134178161621094,2418.8604382929643,36.44539597701996,15.526001203401773,4.581214977911413,2.5023327150975367,0.0034906385302804765,0.03314018249511719,0.98,2.7288203754632634,2.7288203754632634,2.0815239562374703
1772526947.6028516,650,0.46133995056152344,2167.5989664082686,37.56390636135192,11.880613451852813,1.7916958563482417,2.5023327150975367,0.005236007729691183,0.03314018249511719,0.98,2.0667401725567354,2.0667401725567354,1.936537236654475
1772526947.6155777,651,0.6015300750732422,1662.4272691240587,31.809406394734776,7.0525307592546564,0.3602958587444504,2.5023327150975367,0.0034906385302804765,0.03314018249511719,0.98,1.4255579504967524,1.4255579504967524,1.4656236889325658
1772526947.6285074,652,0.7641315460205078,1308.6751950078003,25.6187043454249,6.990866506680315,0.29425999706763584,2.5023327150975367,0.0034906718197941222,0.03314018249511719,0.98,1.0703391875608839,1.0703391875608836,1.1377763636549667
1772526947.6402783,653,0.4584789276123047,2181.1253250130007,21.210760671316585,5.1647656072208745,0.30704207718720633,2.5023327150975367,0.006981310350074599,0.03314018249511719,0.98,0.7812144459562855,0.7812144459562855,0.8968213218541494
1772526947.6529107,654,0.4792213439941406,2086.718407960199,18.78267943191497,3.5005425435248196,0.3345269184570675,2.5023327150975367,0.0017453359098970056,0.03314018249511719,0.98,0.6590842767503611,0.6590842767503611,0.7445417003684162
1772526947.6656723,655,0.690460205078125,1448.3093922651933,17.332647165385012,2.649784672940389,0.3606781745255655,2.5023327150975367,0.006981310350074599,0.03719329833984375,0.98,0.5348374411624426,0.5348374411624426,0.6292924806227621
1772526947.678453,656,0.7414817810058594,1348.650803858521,16.553372491110924,2.0124291816952424,0.3951030547713634,2.5023327150975367,0.0034906718197941222,0.03719329833984375,0.98,0.44914462996106513,0.44914462996106513,0.5354255282162829
1772526947.6903183,657,0.4680156707763672,2136.6805909322466,16.058891825690342,1.5964812849327037,0.43344829521057604,2.5023327150975367,0.0034906385302804765,0.03719329833984375,0.98,0.3558161962438363,0.3558161962438363,0.4435398020016701
1772526947.7030046,658,0.48732757568359375,2052.0078277886496,16.115891852611615,1.3125060377816349,0.4795863025123673,2.5023327150975367,0.0017453275875186497,0.03719329833984375,0.98,0.3146578796298605,0.3146578796298605,0.38728434420147545
1772526947.7155876,659,0.6165504455566406,1621.9273008507348,16.21845769351263,1.058625417243567,0.5230236576968897,2.5023327150975367,0.0034906718197941222,0.03719329833984375,0.98,0.25102720474421586,0.25102720474421586,0.32454892509294414
1772526947.7285693,660,0.7493495941162109,1334.490614062997,16.525618983300138,0.9409515885289644,0.5730167588298625,2.5023327150975367,0.0034906718197941222,0.03719329833984375,0.98,0.21421102842300127,0.21421102842300127,0.2773502758377187
1772526947.740296,661,0.4665851593017578,2143.231476750128,16.75526998137315,0.7966735187182216,0.6346547164149658,2.5023327150975367,0.0034906385302804765,0.03719329833984375,0.98,0.17017850796307182,0.17017850796307182,0.23417241205613337
1772526947.752958,662,0.4649162292480469,2150.925128205128,17.450314421248383,1.0018371504959187,0.7096146136944221,2.5023327150975367,0.0034906718197941222,0.03719329833984375,0.98,0.1588833573937341,0.1588833573937341,0.20482832632829298
1772526947.7656233,663,0.6110668182373047,1636.4822473663676,18.07780446639639,0.8719335105301724,0.8055515508218742,2.5023327150975367,0.0034906385302804765,0.03719329833984375,0.98,0.14398390188455018,0.14398390188455015,0.17923949293890654
1772526947.7786484,664,0.7698535919189453,1298.9482812016104,18.910303081790744,1.0018064906307103,0.9305016986251834,2.5023327150975367,0.0034906718197941222,0.03719329833984375,0.98,0.1403122634888507,0.1403122634888507,0.157765101693911
1772526947.7902977,665,0.45037269592285156,2220.3832715722606,19.77850334251932,1.0369820597652253,1.0844075731372125,2.5023327150975367,0.0034906718197940667,0.03719329833984375,0.98,0.12139996549348384,0.12139996549348384,0.1368039787354981
1772526947.8029938,666,0.4658699035644531,2146.5220061412488,21.22747486784708,1.5770979267954257,1.2853714717681288,2.5023327150975367,0.0034906551750372994,0.03719329833984375,0.98,0.12582946192398684,0.12582946192398684,0.1215621893881502
1772526947.8155658,667,0.5855560302734375,1707.7785016286646,22.597300137663467,1.5325908946755245,1.5512139522097752,2.5023327150975367,0.0017453359098970611,0.03719329833984375,0.98,0.11853227157332775,0.11853227157332775,0.11531162328193086
1772526947.8287148,668,0.8618831634521484,1160.2500691562932,24.135482210780932,1.7057875311503932,1.8157489485716887,2.5023327150975367,0.0034906718197941222,0.03719329833984375,0.98,0.10628427062865113,0.10628427062865113,0.09917857352431032
1772526947.8402708,669,0.44155120849609375,2264.742980561555,25.8298280744524,1.8857243514050253,2.235347392892579,2.5023327150975367,0.0034906385302804765,0.03719329833984375,0.98,0.09568366654421698,0.09568366654421698,0.0879785663976674
1772526947.8530529,670,0.4801750183105469,2082.573982125124,28.202852675801033,2.590709125868047,2.820041130586087,2.5023327150975367,0.0034906718197941222,0.03719329833984375,0.98,0.10379741380917318,0.10379741380917318,0.08473338838577453
1772526947.86559,671,0.5962848663330078,1677.0507796881247,31.44408074783574,3.9150742253617814,4.123301427280823,2.5023327150975367,0.0034906385302804765,0.03719329833984375,0.98,0.11574314577565413,0.11574314577565413,0.07435939151688081
1772526947.8786027,672,0.7612705230712891,1313.5934857500783,37.250865462648925,8.394573871547712,6.915261708584373,2.5023327150975367,0.0034906551750372994,0.03719329833984375,0.98,0.1346103142769399,0.1346103142769399,0.08079587621488793
1772526947.8908377,673,0.8633136749267578,1158.3275338304336,46.617027018354925,16.077945414601153,11.725555558137955,2.5023327150975367,0.0034906718197941222,0.03719329833984375,0.98,0.13078477981159164,0.13078477981159164,0.08764113736985754
1772526947.9034972,674,0.8466243743896484,1181.161362996339,58.94166507205636,28.604332045863377,20.849123320220176,2.5023327150975367,0.0034906551750372716,0.038623809814453125,0.98,0.17569966175305154,0.17569966175305154,0.13744548999367637
1772526947.9164035,675,1.1553764343261719,865.5187783739167,67.51814016281779,32.41775490328441,29.531521910290287,2.5023327150975367,0.0034906385302804765,0.049114227294921875,0.98,0.23446333504146458,0.23446333504146458,0.1499469315894604
1772526947.9291472,676,1.1968612670898438,835.5187250996016,60.64598420057694,22.176716071867226,20.813448290098385,2.5023327150975367,0.0034906718197941222,0.06103515625,0.98,0.2592993036847121,0.2592993036847121,0.19317322136897166
1772526947.9407816,677,0.8263587951660156,1210.1281015579918,64.34127878649409,8.164604776739717,28.174956170667745,2.5023327150975367,0.0034906551750372994,0.06103515625,0.98,0.10030530891752586,0.10030530891752586,0.09501658207706776
1772526947.9535542,678,0.8561611175537109,1168.004455583403,62.7422557815383,12.804372304884664,27.815507717517736,2.5023327150975367,0.0017453359098970611,0.06103515625,0.98,0.02690471119383722,0.026904711193837205,0.026398230959892223
1772526947.965915,679,0.9238719940185547,1082.4010322580646,61.72883275699885,8.667161066993332,26.24278589105772,2.5023327150975367,0.0017453359098970611,0.06103515625,0.98,0.017661668311076423,0.017661668311076423,0.01695673176570378
1772526947.9785104,680,0.8122920989990234,1231.084238332844,60.57312934766879,18.48363730827247,23.06694276584399,2.5023327150975367,0.005235974440177538,0.06103515625,0.98,0.02037587260476246,0.020375872604762455,0.07672506991770901
1772526947.9903085,681,0.48351287841796875,2068.197238658777,53.14665573085555,15.693937544244053,8.149044102021765,2.5023327150975367,0.0034906718197940667,0.06103515625,0.98,0.07251458530780718,0.07251458530780718,0.03158537175656656
1772526948.0029676,682,0.44417381286621094,2251.370907139023,42.55864864994448,15.27920809606108,3.661124026694687,2.5023327150975367,0.0017453359098970611,0.06103515625,0.98,0.07573073431141225,0.07573073431141225,0.03464523007065407
1772526948.0157022,683,0.7503032684326172,1332.7944073721005,34.586557078047015,9.65728379343012,2.2141851705801474,2.5023327150975367,0.0017453359098970611,0.06103515625,0.98,0.06078261556356728,0.06078261556356728,0.047554933050576786
1772526948.029084,684,1.1909008026123047,839.7005005005005,29.775040966666293,5.603083839757028,1.951076775903823,2.5023327150975367,0.003490663497415697,0.06103515625,0.98,0.038694315234379086,0.038694315234379086,0.04034450718196625
1772526948.0408783,685,0.9169578552246094,1090.5626625065004,27.67429338214826,2.8397876896342744,1.994616821275099,2.5023327150975367,0.0034906551750372855,0.06103515625,0.98,0.018664053051405727,0.018664053051405727,0.016872515871369075
1772526948.0533931,686,0.8220672607421875,1216.445475638051,27.29685667360277,1.5165244323558358,1.971427886294931,2.5023327150975367,0.0017453359098970611,0.06103515625,0.98,0.014097657916234735,0.014097657916234735,0.014775798491984403
1772526948.0661197,687,1.0306835174560547,970.2299329169558,27.040935383851963,1.1382537485595876,2.004539803909088,2.5023327150975367,0.0034906551750372994,0.06103515625,0.98,0.010252673590464605,0.010252673590464605,0.011262327564332316
1772526948.0789838,688,1.142740249633789,875.0895055288963,26.67421017447932,0.8984025152304542,1.845077938671369,2.5023327150975367,0.003490663497415711,0.06103515625,0.98,0.011457189899322123,0.011457189899322122,0.009466905636848728
1772526948.0909615,689,0.9839534759521484,1016.3082141991762,26.209393105934026,0.771787496824493,1.8138663606884076,2.5023327150975367,0.0034906551750372855,0.06103515625,0.98,0.008817556827408072,0.008817556827408072,0.018047684457876637
1772526948.1034706,690,0.8814334869384766,1134.5155531512037,25.670821707039398,0.7118351420946115,1.538736174390664,2.5023327150975367,0.0034906551750372994,0.06103515625,0.98,0.015279204923267802,0.015279204923267802,0.007413367484635285
1772526948.1155763,691,0.6346702575683594,1575.6213373403457,24.527894268919564,1.2299583480724767,1.3584571335843727,2.5023327150975367,0.005235991084934347,0.06103515625,0.98,0.016540953389798198,0.016540953389798198,0.036362661829162424
1772526948.1286125,692,0.83160400390625,1202.4954128440368,23.105786132407967,1.5471231205642473,0.9900483083324259,2.5023327150975367,0.0034906551750372994,0.06103515625,0.98,0.03397420749638595,0.03397420749638595,0.03818532230616681
1772526948.1403556,693,0.49614906311035156,2015.5233061028352,21.06540124921955,2.192704358507387,0.7146988992065101,2.5023327150975367,0.005236007729691183,0.06103515625,0.98,0.04739829047011946,0.04739829047011946,0.030351380944969378
1772526948.1534784,694,0.8320808410644531,1201.8063037249283,19.462501312865196,1.8682193623814662,0.5734369595725975,2.5023327150975367,0.005235982762555935,0.06103515625,0.98,0.06348900009615015,0.06348900009615015,0.020275988911587065
1772526948.1661017,695,0.9851455688476562,1015.0784123910939,17.975937226016946,1.7800158981822347,0.5305867700361038,2.5023327150975367,0.0052359910849343605,0.06103515625,0.98,0.05482341179614836,0.05482341179614836,0.02299329851762075
1772526948.179033,696,1.1560916900634766,864.9832955248505,17.080428735278,1.2622635042328059,0.4944404599936504,2.5023327150975367,0.005235991084934347,0.06103515625,0.98,0.06430278212741497,0.06430278212741497,0.025360508431536123
1772526948.1907964,697,0.8273124694824219,1208.7331412103747,16.379763205321833,1.0575030297040189,0.4845198735107183,2.5023327150975367,0.005235982762555949,0.06103515625,0.98,0.06858940739529094,0.06858940739529094,0.012513361101046274
1772526948.2033415,698,0.8237361907958984,1213.9808972503617,16.222307409451645,0.7328885449353874,0.48906487668528864,2.5023327150975367,0.005235974440177538,0.06103515625,0.98,0.07476360977056307,0.07476360977056307,0.02777921407253366
1772526948.2161167,699,0.9489059448242188,1053.8452261306534,16.118352766351368,0.6308007276575321,0.5029836096271123,2.5023327150975367,0.0069813436395882444,0.06103515625,0.98,0.08497565820234616,0.08497565820234616,0.03148811605923591
1772526948.2288508,700,1.0313987731933594,969.5570966250577,16.08646377952209,0.5574002596446895,0.5200671926094679,2.5023327150975367,0.006981310350074599,0.06103515625,0.98,0.09587335746771589,0.09587335746771589,0.024034548195580804
1772526948.2408626,701,0.8716583251953125,1147.238512035011,16.06354136810096,0.5276524510317451,0.5329244308626104,2.5023327150975367,0.003490659336226498,0.06103515625,0.98,0.09932732128056633,0.09932732128056633,0.0176223684829143
1772526948.2534106,702,0.8118152618408203,1231.807342143906,16.26901508315076,0.5529074535502538,0.5372923642438999,2.5023327150975367,0.003490659336226498,0.06103515625,0.98,0.09787739878463253,0.09787739878463253,0.03220645525122149
1772526948.2661388,703,0.9953975677490234,1004.6237125748503,16.29592815710108,0.46648500317889185,0.5381130052474711,2.5023327150975367,0.0034906718197940667,0.06103515625,0.98,0.0867593163207094,0.08675931632070939,0.03526563648855583
1772526948.2790203,704,1.1560916900634766,864.9832955248505,16.28748128335435,0.4247699669310772,0.5373097887506865,2.5023327150975367,0.0034906551750372924,0.06103515625,0.98,0.07615303711567674,0.07615303711567674,0.0409105883186222
1772526948.2908745,705,0.8697509765625,1149.7543859649122,16.141054422423636,0.4019172216108035,0.5362419645791041,2.5023327150975367,0.0034906718197941222,0.06103515625,0.98,0.05922199292376374,0.05922199292376375,0.008569741853769759
1772526948.3030145,706,0.5049705505371094,1980.3135033050048,16.242336430955458,0.35405159574815803,0.5347203043431812,2.5023327150975367,0.003490659336226505,0.06103515625,0.98,0.06128567645198784,0.06128567645198784,0.053045631341308117
1772526948.3162396,707,1.0716915130615234,933.1043381535039,16.257152491486437,0.2885617376240641,0.5345264771514401,2.5023327150975367,0.0017453359098970056,0.06103515625,0.98,0.04566857393918362,0.04566857393918362,0.0320217743101605
1772526948.3289704,708,1.1444091796875,873.8133333333334,16.173948073729875,0.25205750673871213,0.5346108223231925,2.5023327150975367,0.005235986923745148,0.06103515625,0.98,0.03660196723550814,0.03660196723550814,0.014270166094083674
1772526948.3408349,709,0.8378028869628906,1193.5981787137166,16.06175887610709,0.23060750344645778,0.5346225402980929,2.5023327150975367,0.0017453359098970056,0.06103515625,0.98,0.03308184767315842,0.03308184767315842,0.013099954636197396
1772526948.3534057,710,0.8020401000976562,1246.8204518430439,16.193584076813796,0.22566036865315164,0.5342694104968468,2.5023327150975367,0.0017453317487078485,0.06103515625,0.98,0.03378354470923901,0.03378354470923901,0.020892960442468758
1772526948.366172,711,1.0297298431396484,971.1285019680481,16.184383982815696,0.1651233221381577,0.5347792956032764,2.5023327150975367,0.0034906572556318988,0.07152557373046875,0.98,0.028812519834393324,0.028812519834393324,0.017342559015424946
1772526948.3785026,712,0.7379055023193359,1355.1870759289177,16.156722930161877,0.15411985526208286,0.5354636917841854,2.5023327150975367,0.0017453359098970056,0.07152557373046875,0.98,0.025383419638906918,0.025383419638906918,0.01506693991925209
1772526948.390398,713,0.4897117614746094,2042.0175267770205,16.093764212258744,0.1525794339426212,0.5359616541392477,2.5023327150975367,0.0034906572556318988,0.07152557373046875,0.98,0.02221785341357775,0.02221785341357775,0.014370311510014134
1772526948.4030783,714,0.47326087951660156,2112.9994962216624,16.23463905560831,0.19761016870035553,0.535029416152718,2.5023327150975367,0.0034906593362265016,0.07152557373046875,0.98,0.025167578906520743,0.025167578906520743,0.014299970912319703
1772526948.4158247,715,0.6222724914550781,1607.0130268199234,16.19380459353001,0.15092193301669682,0.5356370415797351,2.5023327150975367,0.0017453359098970611,0.07152557373046875,0.98,0.022090512423667368,0.022090512423667368,0.014137868355415199
1772526948.4285204,716,0.7276535034179688,1374.2804718217562,16.16553409006477,0.14574532965201972,0.5365443395839077,2.5023327150975367,0.0034906572556318988,0.07152557373046875,0.98,0.019336306234264983,0.019336306234264983,0.013882039300975292
1772526948.440371,717,0.4553794860839844,2195.9706806282725,16.099302339295175,0.14781567309736757,0.5379897696666042,2.5023327150975367,0.0052359879640424475,0.07152557373046875,0.98,0.01611557450075654,0.01611557450075654,0.01928579452223083
1772526948.4530337,718,0.46944618225097656,2130.169629253428,16.258111830087202,0.20834825924557077,0.5361660107701274,2.5023327150975367,0.0034906582959292,0.07152557373046875,0.98,0.020958628960869623,0.020958628960869623,0.029447175314594756
1772526948.465878,719,0.6575584411621094,1520.7773749093546,16.22210330817485,0.17402012463461303,0.5306404054794093,2.5023327150975367,0.005235987964042448,0.07152557373046875,0.98,0.029841921759423018,0.029841921759423018,0.00803483252841171
1772526948.4784763,720,0.7216930389404297,1385.630657416584,16.12308300818209,0.24083223218198513,0.5270734187432287,2.5023327150975367,0.0034906718197941222,0.07152557373046875,0.98,0.030489851511365743,0.030489851511365743,0.008095916960413741
1772526948.4904194,721,0.5013942718505859,1994.4384213029007,16.038376075158236,0.26774425698321996,0.5226203186921026,2.5023327150975367,0.0017453359098970056,0.07152557373046875,0.98,0.030815900902517592,0.030815900902517592,0.01014900062943902
1772526948.5040658,722,1.0867118835449219,920.2071083808688,16.167694358176647,0.31428037203980563,0.5163855706578595,2.5023327150975367,0.005235974440177538,0.07152557373046875,0.98,0.03602683211751571,0.03602683211751571,0.02390807839931372
1772526948.5162742,723,1.0325908660888672,968.4377741861002,15.920779266793524,0.4113052769818526,0.5040770998323857,2.5023327150975367,0.0052359877039681235,0.07152557373046875,0.98,0.041499866817936465,0.04149986681793646,0.017281394157376655
1772526948.529324,724,1.2712478637695312,786.6286571642911,15.905800842925117,0.3802539022408265,0.4908147824902758,2.5023327150975367,0.0034906582959291985,0.07152557373046875,0.98,0.04879714022865321,0.04879714022865321,0.012856926299218573
1772526948.5408506,725,0.8513927459716797,1174.5460655278634,15.633127464336333,0.5088461177761585,0.47590089972141847,2.5023327150975367,0.005236007729691128,0.07152557373046875,0.98,0.04828167008105957,0.04828167008105956,0.035082152494817935
1772526948.5534232,726,0.8177757263183594,1222.8291545189504,15.665056695307253,0.4984576797253264,0.45099172958593164,2.5023327150975367,0.003490638530280532,0.07152557373046875,0.98,0.06329876817537304,0.06329876817537304,0.011831959737545344
1772526948.5660396,727,1.0080337524414062,992.0302743614002,15.425698686272646,0.6368788807418682,0.4285414181201715,2.5023327150975367,0.003490659336226498,0.07152557373046875,0.98,0.0652754209798632,0.0652754209798632,0.021807039916228586
1772526948.5787454,728,0.7445812225341797,1343.0368235670828,15.245069755861914,0.6636638518472748,0.41583055925414314,2.5023327150975367,0.005236041019204829,0.07152557373046875,0.98,0.06083260103071555,0.06083260103071555,0.00762385089060685
1772526948.5903764,729,0.46706199645996094,2141.043389484431,14.840358132300661,0.7406442505236195,0.3980729034639867,2.5023327150975367,0.003490605240766831,0.07152557373046875,0.98,0.05453262224053677,0.05453262224053677,0.010531294259115203
1772526948.6030738,730,0.4630088806152344,2159.7857878475797,14.837884522908952,0.6146051227955924,0.37753098334276386,2.5023327150975367,0.0069813436395882444,0.07152557373046875,0.98,0.06126503535533376,0.06126503535533376,0.012412282807363896
1772526948.6157417,731,0.5860328674316406,1706.3889340927583,14.61065264518133,0.700342365292226,0.35399632916170626,2.5023327150975367,0.005235974440177538,0.07152557373046875,0.98,0.06392113704732907,0.06392113704732907,0.0239102865848638
1772526948.6293151,732,1.207590103149414,828.0955577492596,14.41699277737798,0.7854230708991431,0.32607898635547206,2.5023327150975367,0.005235974440177538,0.07152557373046875,0.98,0.07399321904333715,0.07399321904333715,0.010382527999623926
1772526948.6408882,733,0.8487701416015625,1178.1752808988765,13.937106771503124,0.9903993500793328,0.3031197751101751,2.5023327150975367,0.0069813436395882444,0.07152557373046875,0.98,0.06894271050817465,0.06894271050817463,0.01445588896139039
1772526948.653398,734,0.8058547973632812,1240.9183431952663,13.880297598841933,0.9870458855555813,0.2846432731497188,2.5023327150975367,0.006981343639588133,0.07152557373046875,0.98,0.07659451550370545,0.07659451550370545,0.015819541789848617
1772526948.6661925,735,1.0383129119873047,963.100803673938,13.80062241179842,1.1751551841537236,0.27294602628303355,2.5023327150975367,0.006981277060560953,0.07152557373046875,0.98,0.08076522540606643,0.08076522540606643,0.011935667342718713
1772526948.6792142,736,1.0852813720703125,921.4200351493848,13.88495601851589,1.4145288538800138,0.27749376017605043,2.5023327150975367,0.0069813436395882444,0.07152557373046875,0.98,0.08577792252409067,0.08577792252409067,0.008812065634409571
1772526948.6902976,737,0.44417381286621094,2251.370907139023,13.919989054363581,1.6187734227999058,0.3099512218211566,2.5023327150975367,0.0052359910849343605,0.07152557373046875,0.98,0.07697643635804181,0.07697643635804181,0.018194783592267068
1772526948.7029974,738,0.4425048828125,2259.862068965517,14.836335293019978,2.0259721929209507,0.35594919741440784,2.5023327150975367,0.012217318079765782,0.07152557373046875,0.98,0.07991791595223728,0.07991791595223728,0.0033374328782037736
1772526948.715874,739,0.6492137908935547,1540.3246419390377,16.00947080724243,2.2567729336448545,0.467526735602707,2.5023327150975367,0.006981326994831422,0.07152557373046875,0.98,0.07986248672717547,0.07986248672717546,0.015137002670251637
1772526948.728919,740,0.7855892181396484,1272.9298937784522,17.67976599142242,2.6184207889625584,0.6240541092731241,2.5023327150975367,0.0069813436395882444,0.07152557373046875,0.98,0.07801952771825245,0.07801952771825245,0.009689058523748588
1772526948.7404745,741,0.461578369140625,2166.4793388429753,19.685172978717386,2.8779863445261604,0.901988893378742,2.5023327150975367,0.0034906718197941222,0.07152557373046875,0.98,0.06943475443031781,0.06943475443031781,0.022657821593030935
1772526948.7529423,742,0.4782676696777344,2090.879361914257,22.693605478777737,3.600907921531384,1.2043929100068753,2.5023327150975367,0.0069813436395882444,0.07152557373046875,0.98,0.06885119019659978,0.06885119019659978,0.015395576391607161
1772526948.7658885,743,0.6270408630371094,1594.7923954372623,25.977465088286817,3.7765327391713828,1.766623410192176,2.5023327150975367,0.005235986923745148,0.07152557373046875,0.98,0.06764024559999046,0.06764024559999046,0.023493972155798525
1772526948.7789567,744,0.8039474487304688,1243.8623962040333,29.686564428720942,4.180062158459983,2.5385111483855147,2.5023327150975367,0.005235974440177538,0.07152557373046875,0.98,0.06362915698360662,0.06362915698360662,0.024737163691627526
1772526948.790455,745,0.44846534729003906,2229.8266879319513,34.07139228606964,4.905994664991189,3.6603784528498275,2.5023327150975367,0.005235974440177538,0.07152557373046875,0.98,0.05342951852764707,0.05342951852764707,0.01104355565477892
1772526948.803039,746,0.4703998565673828,2125.8509883426254,40.11668883698866,6.617574047488509,5.985736340744991,2.5023327150975367,0.0034906551750372994,0.07152557373046875,0.98,0.05647614544785235,0.05647614544785235,0.02598277008154482
1772526948.8157413,747,0.6225109100341797,1606.3975488318652,46.34340580777123,7.099615971264166,9.005126369324387,2.5023327150975367,0.005235974440177538,0.07152557373046875,0.98,0.05079277608017666,0.05079277608017666,0.019815209052108932
1772526948.8289247,748,0.7815361022949219,1279.5314215985356,53.004445829566684,7.920255485226139,14.682366685016282,2.5023327150975367,0.0034906718197941222,0.07152557373046875,0.98,0.04922305499714698,0.04922305499714698,1.9600520241332882
1772526948.840467,749,0.4527568817138672,2208.6908899420746,45.39707615901843,8.286667221932895,0.13442128866740968,2.5023327150975367,0.003490605240766942,0.07152557373046875,0.98,0.4935044455171439,0.4935044455171439,1.0102268495399076
1772526948.8530662,750,0.4494190216064453,2225.0949602122014,31.603167092134353,14.427392839435694,0.12586446459657816,2.5023327150975367,0.003490663497415711,0.07152557373046875,0.98,0.26557228718813736,0.26557228718813736,1.3974798882869477
1772526948.8657854,751,0.6062984466552734,1649.3527329925284,35.618367978890504,28.025318722098035,6.448840769876373,2.5023327150975367,0.005235982762555935,0.07152557373046875,0.98,0.5438001529459519,0.5438001529459519,1.3230900357904423
1772526948.8790336,752,0.8342266082763672,1198.7150614461275,37.52100387773023,8.486198294606693,0.9315800309920008,2.5023327150975367,0.0034906718197941222,0.07152557373046875,0.98,0.3164766746470194,0.3164766746470194,0.9339109204837069
1772526948.8904696,753,0.4661083221435547,2145.424040920716,27.2338509155265,12.650698229044535,0.16063391804942379,2.5023327150975367,0.0017453026203834154,0.07152557373046875,0.98,0.264953031198592,0.264953031198592,0.6526918098855778
1772526948.902959,754,0.4456043243408203,2244.143392188336,21.21881733445797,7.441716417277167,0.18873046735255994,2.5023327150975367,0.0034906551750372994,0.07152557373046875,0.98,0.33713485647848884,0.33713485647848884,0.37150982253671017
1772526948.9159107,755,0.66375732421875,1506.5747126436781,19.411338347143676,5.66532068750084,1.2579794503736088,2.5023327150975367,0.0017453275875186636,0.07152557373046875,0.98,0.40061871502620616,0.40061871502620616,0.18305324737610285
1772526948.9291368,756,0.8242130279541016,1213.278565229968,89.30422638187225,78.73043991980289,80.84502771332392,2.5023327150975367,0.0017453691994107068,0.07152557373046875,0.98,0.3970611019472915,0.3970611019472915,0.28299264488781717
1772526948.9405088,757,0.4992485046386719,2003.0105062082139,63.83474935583152,30.40679390346772,3.140219896474286,2.5023327150975367,0.0017453359098970611,0.07152557373046875,0.98,0.3866625659590737,0.3866625659590737,2.567824187849844
1772526948.9530253,758,0.469207763671875,2131.2520325203254,45.721694820159634,25.949839538496967,3.080242269976004,2.5023327150975367,0.0017453691994107068,0.07152557373046875,0.98,1.5846220681692675,1.5846220681692675,1.3829916401580502
1772526948.9658616,759,0.640869140625,1560.3809523809523,36.73305767454559,13.88540081290634,0.1530250462360972,2.5023327150975367,0.0017453359098970611,0.07152557373046875,0.98,1.4394607270474098,1.4394607270474098,0.7252464121403494
1772526948.97884,760,0.7989406585693359,1251.657415696807,40.180401574445334,15.409634148048623,8.754555210452065,2.5023327150975367,0.0017453026203834154,0.07152557373046875,0.98,1.4082254515409043,1.4082254515409043,0.7359623220790394
1772526948.9904017,761,0.5025863647460938,1989.707779886148,40.24132319308697,7.2499752369043495,0.3478925703400431,2.5023327150975367,0.0017453691994107068,0.07152557373046875,0.98,1.0905607370191448,1.0905607370191448,2.0207400557388793
1772526949.002997,762,0.461578369140625,2166.4793388429753,31.567067543655956,10.322533977091792,0.9645729424111337,2.5023327150975367,0.0034906718197941222,0.07152557373046875,0.98,1.7211878482559575,1.7211878482559575,0.3194529335504914
1772526949.017173,763,1.4338493347167969,697.4233455271034,26.71598085893609,7.192834274538941,0.8235642215986918,2.5023327150975367,0.0017453026203834154,0.07987022399902344,0.98,1.905815706578852,1.905815706578852,0.7354164757033159
1772526949.0295978,764,1.3031959533691406,767.3443102817416,23.290172016318877,4.608631654333912,0.3027101643601024,2.5023327150975367,0.0017453275875186497,0.07987022399902344,0.98,1.5738265748570939,1.5738265748570939,1.7659645767054473
1772526949.0409138,765,0.8981227874755859,1113.4335014600479,20.426578884301865,3.482933997875179,0.43640966582293145,2.5023327150975367,0.0017453691994107068,0.07987022399902344,0.98,1.912353719932983,1.912353719932983,0.14588553987456412
1772526949.053563,766,0.92315673828125,1083.2396694214876,24.694120102609656,6.873038644922537,3.2095349293372273,2.5023327150975367,0.0017453317487078485,0.07987022399902344,0.98,2.0990729807325432,2.0990729807325432,0.8850290007236786
1772526949.0662787,767,1.0957717895507812,912.5987815491732,27.40448736621933,4.354693399625406,0.17104536927246422,2.5023327150975367,0.0034906718197941222,0.07987022399902344,0.98,1.842747903768011,1.842747903768011,1.397565157906575
1772526949.0795074,768,1.3248920440673828,754.778477595825,23.35045175976839,4.790817328498584,0.39745526943866966,2.5023327150975367,0.0034906718197941222,0.07987022399902344,0.98,2.2999385794770135,2.2999385794770135,0.2331418544668878
1772526949.0910375,769,1.0151863098144531,985.0408642555191,70.67975684471196,57.344934807626565,39.83263957274985,2.5023327150975367,0.0017453275875186497,0.07987022399902344,0.98,2.008162251938902,2.008162251938902,0.9517150125892969
1772526949.1035402,770,0.9644031524658203,1036.9107540173054,54.28443281118012,19.614545844764844,0.14521085773302195,2.5023327150975367,0.0034906718197941222,0.07987022399902344,0.98,1.8993385326059917,1.8993385326059917,1.2550592769487723
1772526949.11677,771,1.1458396911621094,872.722430295464,34.59778135080862,21.53711275062402,0.4189393144973347,2.5023327150975367,0.005235974440177538,0.07987022399902344,0.98,2.3143660576177,2.3143660576177,0.3076837588436219
1772526949.1300557,772,1.2896060943603516,775.4305786651877,48.00779004345674,24.47274891006346,16.691119075569972,2.5023327150975367,0.0034906718197941222,0.07987022399902344,0.98,2.2576170474484965,2.2576170474484965,1.1213733359344131
1772526949.1411307,773,1.043081283569336,958.6980571428571,47.071733748548986,4.332622156073711,0.13927857796722135,2.5023327150975367,0.0,0.07987022399902344,0.98,1.6572443156164218,1.6572443156164218,1.2596703836478937
1772526949.1532128,774,0.5753040313720703,1738.2113551595523,33.800526602760634,14.965679774176815,0.8035255717673382,2.5023327150975367,0.0017453275875186497,0.07987022399902344,0.98,2.1657906282248156,2.1657906282248156,0.1502246310485502
1772526949.1655612,775,0.6132125854492188,1630.755832037325,30.89417166691426,8.072024953399094,3.484165848900526,2.5023327150975367,0.0034906718197941222,0.07987022399902344,0.98,2.092498224145154,2.092498224145154,0.9911069420321754
1772526949.1798606,776,1.2278556823730469,814.4279611650486,30.261470002024147,5.237194831817652,0.2410145204809461,2.5023327150975367,0.0017453691994107068,0.07987022399902344,0.98,2.0017975447201755,2.0017975447201755,1.3523926834875988
1772526949.1910508,777,1.0182857513427734,982.0426129712012,24.489918143186724,6.538044588030057,0.5767161876076671,2.5023327150975367,0.003490605240766831,0.07987022399902344,0.98,1.9887173255445625,1.9887173255445625,0.19323833473386523
1772526949.203535,778,0.8285045623779297,1206.9939568345324,25.17079910518679,1.9233160199803847,2.412148650413703,2.5023327150975367,0.0034906718197941222,0.07987022399902344,0.98,2.1725685844910845,2.1725685844910845,1.076401122792748
1772526949.2161539,779,1.0442733764648438,957.6036529680365,25.695092783269935,2.1618052507043313,0.27547818053623296,2.5023327150975367,0.0034906551750372994,0.07987022399902344,0.98,1.8226197020356452,1.8226197020356452,1.368980842310675
1772526949.2297826,780,1.2385845184326172,807.3732435033686,23.198330240329803,3.8139047730337423,0.9366295049548171,2.5023327150975367,0.0034906718197941222,0.07987022399902344,0.98,2.370477971502468,2.370477971502468,0.301919579657367
1772526949.2407403,781,0.8561611175537109,1168.004455583403,28.973536777548503,6.725519514926216,4.697532404423827,2.5023327150975367,0.0017453359098970611,0.07987022399902344,0.98,1.9008812590214141,1.9008812590214141,0.9900872340252191
1772526949.253246,782,0.8282661437988281,1207.3413932066783,31.79186777164734,3.6509661724033373,0.38854427585176193,2.5023327150975367,0.005235982762555935,0.07987022399902344,0.98,1.8061194948365198,1.8061194948365198,1.4484910060801406
1772526949.2661366,783,1.062631607055664,941.0599057662105,26.8829712137234,6.426476702259597,1.0848972622546875,2.5023327150975367,0.003490663497415697,0.07987022399902344,0.98,2.263118146024474,2.263118146024474,0.26675188708608233
1772526949.278892,784,1.1775493621826172,849.2212998582709,25.654482998957146,2.557051119512559,1.6613563193029608,2.5023327150975367,0.0017453275875186636,0.07987022399902344,0.98,2.177389863497005,2.177389863497005,1.1696598643589398
1772526949.2907352,785,0.8399486541748047,1190.548963951178,24.66217926219571,1.9502303781910169,0.4463182502585954,2.5023327150975367,0.003490663497415697,0.07987022399902344,0.98,1.7102558327613913,1.7102558327613913,1.5376656819344483
1772526949.3033843,786,0.8749961853027344,1142.8621253405995,23.216101632063015,2.8043651601108723,1.1613637318584566,2.5023327150975367,0.006981310350074599,0.07987022399902344,0.98,2.2458002915426296,2.2458002915426296,0.25059113928747445
1772526949.3160686,787,1.020669937133789,979.7486568558747,23.569817820767806,1.2952058509063462,1.26125315318985,2.5023327150975367,0.0034906551750372716,0.07987022399902344,0.98,2.1564117524636806,2.1564117524636806,1.163661789682041
1772526949.3284798,788,0.7903575897216797,1265.2500754147813,23.358992168126637,2.1866642345977203,0.5503624342912261,2.5023327150975367,0.0017453359098970334,0.07987022399902344,0.98,1.7792719473216285,1.7792719473216285,1.53963186275201
1772526949.3403232,789,0.4787445068359375,2088.796812749004,22.42890280645403,2.040010820325677,1.1339318539457544,2.5023327150975367,0.0034906551750372994,0.07987022399902344,0.98,2.148689956553756,2.148689956553756,0.23925830711113769
1772526949.352906,790,0.48804283142089844,2049.000488519785,22.410726245093166,1.4194284482209991,0.7819856876672713,2.5023327150975367,0.0017453359098970611,0.07987022399902344,0.98,2.156942829056802,2.156942829056802,1.1566186008500687
1772526949.3656702,791,0.6570816040039062,1521.8809869375907,21.926470127238435,1.998739729113554,0.7101835945686303,2.5023327150975367,0.0052359910849343605,0.07987022399902344,0.98,1.7829647151713583,1.7829647151713583,1.5275946925116555
1772526949.3791037,792,1.2402534484863281,806.2868127643214,22.375606555172553,1.9179170517033506,1.3949870396760486,2.5023327150975367,0.005235974440177538,0.07987022399902344,0.98,2.2977034485290173,2.2977034485290173,0.32126078979859457
1772526949.3907802,793,0.8645057678222656,1156.73028130171,22.555228663173732,1.6086441716697,0.6945224046534689,2.5023327150975367,0.0052359910849343605,0.07987022399902344,0.98,2.020599142865078,2.020599142865078,1.1343668989217934
1772526949.403347,794,0.8604526519775391,1162.1789969520644,22.992434948996546,2.7126304355025948,1.1863416001241796,2.5023327150975367,0.006981326994831394,0.07987022399902344,0.98,1.74043881706383,1.74043881706383,1.5865090170469067
1772526949.416015,795,0.9980201721191406,1001.9837553750597,24.984706746415824,2.9799463211157318,1.9635051076134327,2.5023327150975367,0.010471965525111898,0.07987022399902344,0.98,2.2262605468407672,2.2262605468407672,0.3042217035474137
1772526949.4290395,796,1.2650489807128906,790.483226535997,24.909661284108054,2.9074592759264015,0.3109119093601254,2.5023327150975367,0.006981326994831394,0.07987022399902344,0.98,2.1624970772443297,2.1624970772443297,1.283964707537681
1772526949.4402869,797,0.4715919494628906,2120.4772497472195,26.575005962938018,6.085661475269173,3.079278214210293,2.5023327150975367,0.00872664625997166,0.07987022399902344,0.98,1.563457320754781,1.563457320754781,1.7648288904364053
1772526949.453325,798,0.8106231689453125,1233.6188235294117,32.856770812557436,7.204846440074078,3.842723351311093,2.5023327150975367,0.005235974440177538,0.07987022399902344,0.98,2.252940709778252,2.252940709778252,0.29844678153070786
1772526949.4661152,799,1.035928726196289,965.3173762945914,31.7244050836094,5.501032413861695,0.21337910546928318,2.5023327150975367,0.005235991084934333,0.07987022399902344,0.98,2.1021088623950925,2.1021088623950925,1.3671299839375828
1772526949.4782631,800,0.7047653198242188,1418.9120433017592,63.21512270435279,54.03529658019106,23.708916182389856,2.5023327150975367,0.0034906551750372994,0.07987022399902344,0.98,1.48756662601594,1.48756662601594,1.3835896554088818
1772526949.4903727,801,0.5826950073242188,1716.163666121113,66.77356506557777,31.309308204702244,18.05874767710446,2.5023327150975367,0.006981310350074599,0.07987022399902344,0.98,0.9913041568470812,0.9913041568470812,2.2499302687884914
1772526949.5029097,802,0.47206878662109375,2118.3353535353535,69.9391315403456,26.69716180694721,30.385678774667426,2.5023327150975367,0.0034906718197941222,0.025272369384765625,0.98,1.7367118489081896,1.7367118489081896,0.3825972809490307
1772526949.5156503,803,0.67138671875,1489.4545454545455,53.2876305645003,17.81631299588312,0.32631114254922716,2.5023327150975367,0.0034906551750372716,0.026941299438476562,0.98,1.6838247680451277,1.6838247680451277,0.757858433979045
1772526949.528488,804,0.8213520050048828,1217.5047895500725,35.82243262141607,19.101206149213194,1.2557764236375173,2.5023327150975367,0.0017453026203834154,0.038623809814453125,0.98,1.5022506870603807,1.5022506870603807,1.021484975836554
1772526949.5402937,805,0.4985332489013672,2005.8842659014826,33.7559344385369,14.607071683369268,4.089363979792079,2.5023327150975367,0.0034906718197941222,0.038623809814453125,0.98,1.170409091609082,1.170409091609082,1.7125543929196554
1772526949.5527878,806,0.4792213439941406,2086.718407960199,45.96854820172966,25.075378355059108,9.798240393662523,2.5023327150975367,0.0034906718197941222,0.038623809814453125,0.98,1.6305631200526642,1.6305631200526642,0.25707169230605514
1772526949.5657105,807,0.6620883941650391,1510.372344256392,43.2881416861113,8.649496954350091,0.3911008717081767,2.5023327150975367,0.0017453192651402383,0.038623809814453125,0.98,1.826142845855393,1.826142845855393,1.048918767281941
1772526949.578455,808,0.7829666137695312,1277.1936662606577,30.699060922168343,13.106060728913416,0.22545577800689257,2.5023327150975367,0.0034906551750372994,0.038623809814453125,0.98,1.2524434319032376,1.2524434319032376,1.072539953121692
1772526949.590794,809,0.8258819580078125,1210.8267898383372,23.053093853219533,8.143578228462601,0.24644623128916632,2.5023327150975367,0.0034906718197941222,0.038623809814453125,0.98,0.8416672279082286,0.8416672279082286,0.8202709911961723
1772526949.603988,810,1.3968944549560547,715.873698583376,19.050169508178474,4.47784580073485,0.24642145937300686,2.5023327150975367,0.0017453359098970611,0.038623809814453125,0.98,0.6385676381286699,0.6385676381286699,0.6620021133704836
1772526949.6161041,811,1.0297298431396484,971.1285019680481,16.85148513362187,2.5810363075763054,0.26176044845271323,2.5023327150975367,0.005235974440177538,0.04076957702636719,0.98,0.4762993519455279,0.47629935194552797,0.5508898611364063
1772526949.6288297,812,1.1341571807861328,881.7120033634644,15.736939561890333,1.586304388106296,0.2961624896643493,2.5023327150975367,0.0017453691994107068,0.04267692565917969,0.98,0.36699869353600173,0.36699869353600173,0.441965859967818
1772526949.6408176,813,0.9102821350097656,1098.5605028810896,15.16753346536495,1.3864442835677406,0.3353391485716447,2.5023327150975367,0.0034906718197940945,0.04267692565917969,0.98,0.27930746183401356,0.27930746183401356,0.3505512597775236
1772526949.6533172,814,0.8420944213867188,1187.515288788222,15.194470824482902,1.4031723567379364,0.37753436526222706,2.5023327150975367,0.0034906718197941222,0.04267692565917969,0.98,0.24227229851009954,0.24227229851009954,0.2864202994745794
1772526949.6661155,815,1.0197162628173828,980.6649520692074,15.396272130418604,1.3504180093857379,0.4203677546645058,2.5023327150975367,0.0034906551750372994,0.046253204345703125,0.98,0.21513380057667417,0.21513380057667417,0.23942573314438667
1772526949.678915,816,1.1374950408935547,879.1247118004611,15.649908026362708,1.2110746165581177,0.4602883346277325,2.5023327150975367,0.0052359910849343605,0.046253204345703125,0.98,0.1958128202685403,0.1958128202685403,0.20698318772757907
1772526949.690938,817,1.0018348693847656,998.1684911946692,15.803496476426389,1.0148807522620438,0.4933956637097561,2.5023327150975367,0.0034906551750372994,0.046253204345703125,0.98,0.16886599225347973,0.16886599225347973,0.1820492436675738
1772526949.7029545,818,0.46706199645996094,2141.043389484431,16.144513715432645,0.906633790142768,0.5149569692614338,2.5023327150975367,0.005235991084934333,0.046253204345703125,0.98,0.15718801970413473,0.15718801970413473,0.16601176866674705
1772526949.7161136,819,1.0030269622802734,996.9821725695269,16.338768734433764,0.6453963651658523,0.528913689305417,2.5023327150975367,0.006981310350074599,0.057220458984375,0.98,0.14277956933498015,0.14277956933498015,0.1527003125658642
1772526949.7285502,820,0.81634521484375,1224.9719626168223,16.359436060134904,0.445927222072764,0.5359385478418964,2.5023327150975367,0.0017453359098970611,0.057220458984375,0.98,0.1261089253445188,0.1261089253445188,0.13683899572836034
1772526949.7403297,821,0.5154609680175781,1940.0111008325625,16.306160118455026,0.36890655757453256,0.5449964823654891,2.5023327150975367,0.0034906551750372994,0.057220458984375,0.98,0.10867212435636175,0.10867212435636175,0.12550073242619986
1772526949.7528355,822,0.5171298980712891,1933.7501152604887,16.47955366079752,0.3683678238865252,0.5457315077152777,2.5023327150975367,0.0034906551750372994,0.057220458984375,0.98,0.1024546922104556,0.1024546922104556,0.11456057151454589
1772526949.7656074,823,0.6213188171386719,1609.4796623177283,16.49548771539509,0.24534401988726787,0.5471276498427673,2.5023327150975367,0.0034906551750372994,0.057220458984375,0.98,0.09482403012173629,0.09482403012173629,0.10632031978104907
1772526949.7783415,824,0.7352828979492188,1360.0207522697795,16.411611419796316,0.22483640506642522,0.5464590573322833,2.5023327150975367,0.0017453359098970611,0.057220458984375,0.98,0.08653673666628312,0.08653673666628312,0.09993752668659267
1772526949.7903159,825,0.5385875701904297,1856.7082779991147,16.282860508719633,0.23632843081463625,0.5407501975807197,2.5023327150975367,0.0017453359098970611,0.057220458984375,0.98,0.0763253842526852,0.0763253842526852,0.091600729199167
1772526949.8028603,826,0.5476474761962891,1825.9921636917718,16.341805866036342,0.20590585386711752,0.5341343708561713,2.5023327150975367,0.0034906551750372716,0.057220458984375,0.98,0.07316587543149936,0.07316587543149936,0.08541943823643205
1772526949.815569,827,0.6394386291503906,1563.8717375093213,16.273630851321748,0.19065428955346642,0.5269813947571563,2.5023327150975367,0.0017453026203834154,0.057220458984375,0.98,0.06873422639344988,0.06873422639344988,0.07975183914411862
1772526949.8283963,828,0.7529258728027344,1328.1519949335022,16.169454584990856,0.19509041359499774,0.5257960361040082,2.5023327150975367,0.003490659336226498,0.057220458984375,0.98,0.06442797447766199,0.06442797447766199,0.07496111466074554
1772526949.8402908,829,0.4889965057373047,2045.0043881033641,16.00012555609472,0.2216606353855137,0.5223902223652128,2.5023327150975367,0.0034906718197940667,0.057220458984375,0.98,0.05718199067656268,0.05718199067656268,0.06996052520815699
1772526949.8528292,830,0.5052089691162109,1979.3789523360076,16.085746146906224,0.1570035714382579,0.5218055173644499,2.5023327150975367,0.0017453275875186497,0.057220458984375,0.98,0.055280986904268234,0.055280986904268234,0.06611367896144806
1772526949.8656378,831,0.6763935089111328,1478.429326753613,16.09383001762959,0.10628263559955721,0.5238773751456491,2.5023327150975367,0.0017453691994105958,0.057220458984375,0.98,0.05243246006257895,0.05243246006257895,0.06276223136974976
1772526949.8784392,832,0.8084774017333984,1236.8929519315836,16.060015956436015,0.09415518383377863,0.528430043036069,2.5023327150975367,0.0017453359098970611,0.057220458984375,0.98,0.04946650373775843,0.04946650373775843,0.0585898847889277
1772526949.8902388,833,0.4627704620361328,2160.898505924781,15.970851955266873,0.11934847879638866,0.5290298773758068,2.5023327150975367,0.0017453275875186497,0.057220458984375,0.98,0.04418811157199479,0.04418811157199479,0.05513982869103223
1772526949.902821,834,0.5259513854980469,1901.3164097914778,16.117278814472815,0.16924781169318742,0.5266779241416655,2.5023327150975367,0.0017453359098970611,0.057220458984375,0.98,0.04321168498481414,0.04321168498481414,0.05249403073357184
1772526949.9156716,835,0.6701946258544922,1492.1038776236214,16.131785607957458,0.07329966559160325,0.5223257891595122,2.5023327150975367,0.0034906593362265016,0.057220458984375,0.98,0.04160818968839758,0.041608189688397565,0.04993440230416306
1772526949.9289844,836,1.1916160583496094,839.1964785914366,16.042930449320227,0.11904054742130592,0.5171447677245867,2.5023327150975367,0.001745319265140266,0.057220458984375,0.98,0.03987467173914811,0.0398746717391481,0.04740879742338653
1772526949.9407396,837,0.8158683776855469,1225.687901811806,15.83925853913105,0.218646554890827,0.5124078231468496,2.5023327150975367,0.0017453359098970611,0.057220458984375,0.98,0.03552958875677189,0.03552958875677189,0.04477201970478254
1772526949.9530804,838,0.5102157592773438,1959.955140186916,15.946397764221631,0.13977224066017385,0.5071869120633925,2.5023327150975367,0.0034906572556318988,0.057220458984375,0.98,0.03560420818427424,0.035604208184274226,0.042703772317452864
1772526949.9661322,839,1.046895980834961,955.2047369619677,15.885933643410985,0.10944185154783824,0.5029689785879868,2.5023327150975367,0.003490659336226498,0.057220458984375,0.98,0.03377957366450212,0.03377957366450212,0.04074905804448295
1772526949.979008,840,1.123189926147461,890.3213755041393,15.835551715421104,0.10549346632048404,0.49882441043044273,2.5023327150975367,0.0034906582959292,0.057220458984375,0.98,0.032887953001688626,0.03288795300168863,0.03915977257970311
1772526949.990879,841,0.9627342224121094,1038.7082714214957,15.636041057636362,0.2158153237241421,0.49558691381669984,2.5023327150975367,0.0017453026203835265,0.057220458984375,0.98,0.029230647942794008,0.029230647942794008,0.03878995334416277
1772526950.0039432,842,1.1098384857177734,901.0320085929109,15.809657447999909,0.1884968195426743,0.49772577221696557,2.5023327150975367,0.0034906582959291985,0.07557868957519531,0.98,0.029672489774289424,0.029672489774289424,0.03613163301137384
1772526950.016237,843,1.1532306671142578,867.129212321687,15.66974887947212,0.15263804839540565,0.4987820333409107,2.5023327150975367,0.0034906582959291993,0.07557868957519531,0.98,0.02671091328261005,0.02671091328261005,0.034159456296328765
1772526950.029181,844,1.3079643249511719,764.5468465184105,15.773729290026463,0.1179214437180453,0.4987008110652254,2.5023327150975367,0.0034906586860406863,0.07557868957519531,0.98,0.026889793468101556,0.026889793468101556,0.03286793104793018
1772526950.0407982,845,0.9036064147949219,1106.6765171503957,15.615931332827033,0.16672660830321892,0.4974694437708682,2.5023327150975367,0.0017453292780017621,0.07557868957519531,0.98,0.023870726300176698,0.023870726300176698,0.033613065419859624
1772526950.0533974,846,0.8368492126464844,1194.9584045584045,15.805799194771225,0.20059481377889724,0.502843592849925,2.5023327150975367,0.0017453691994105958,0.07557868957519531,0.98,0.024533863797215297,0.024533863797215297,0.03238530066899385
1772526950.0661566,847,1.0068416595458984,993.2048306890836,15.823050172154556,0.06700056267420061,0.5106749242566135,2.5023327150975367,0.0034906585560035243,0.07557868957519531,0.98,0.024406526506708336,0.024406526506708336,0.02924475765522642
1772526950.0790927,848,1.2552738189697266,796.6389363722697,15.842910016162744,0.07484422707567844,0.5119288497826596,2.5023327150975367,0.003490671819794011,0.07557868957519531,0.98,0.023407447115866724,0.023407447115866724,0.03023146289560388
1772526950.0903728,849,0.5407333374023438,1849.3403880070546,15.7540985530529,0.12102531826022944,0.520827618335422,2.5023327150975367,0.0034906582959291993,0.07557868957519531,0.98,0.022253895330377825,0.022253895330377825,0.030125113836361062
1772526950.103467,850,0.865936279296875,1154.819383259912,16.05583379653635,0.3211138734551697,0.5325809572896959,2.5023327150975367,0.0017453691994105958,0.07557868957519531,0.98,0.025630594795381493,0.025630594795381493,0.027166917219138522
1772526950.1161387,851,0.9877681732177734,1012.3832971276853,16.099272715383346,0.12245595556017214,0.5443465988629794,2.5023327150975367,0.0017453286278159494,0.07557868957519531,0.98,0.026208707969712655,0.02620870796971266,0.02522415005394453
1772526950.1291764,852,1.2581348419189453,794.8273640325942,16.208250892389902,0.17117184967497154,0.5550969506585451,2.5023327150975367,0.0017453691994107068,0.07557868957519531,0.98,0.02700395305017994,0.02700395305017994,0.02395186371711394
1772526950.1409824,853,1.0213851928710938,979.062558356676,16.1809243316321,0.1448415003033767,0.564573285866555,2.5023327150975367,0.003490605240766831,0.07557868957519531,0.98,0.024683917667092724,0.024683917667092724,0.025885073753288246
1772526950.1531065,854,0.5135536193847656,1947.2163416898793,16.494923313248474,0.35267098512112655,0.5805109676373871,2.5023327150975367,0.0034906718197941222,0.07557868957519531,0.98,0.02887512516338546,0.02887512516338546,0.02458025757494196
1772526950.1656425,855,0.6403923034667969,1561.5428145941921,16.6217054102614,0.2033813240533379,0.5987848641929444,2.5023327150975367,0.0034906385302804765,0.07557868957519531,0.98,0.031206701869229372,0.031206701869229372,0.023426758978164996
1772526950.1786237,856,0.8635520935058594,1158.0077305356158,16.801946033723766,0.24151536999549084,0.6070216881766558,2.5023327150975367,0.0034906718197941222,0.07557868957519531,0.98,0.029054122164674092,0.029054122164674092,0.022648116142503952
1772526950.1902945,857,0.45871734619140625,2179.991683991684,16.75731136072856,0.1507066506606047,0.6134610870849808,2.5023327150975367,0.003490605240766831,0.07557868957519531,0.98,0.024348132017191843,0.024348132017191843,0.01962758405737168
1772526950.2029812,858,0.5390644073486328,1855.0659000442283,17.023067794656896,0.2991025933186254,0.6241560393321884,2.5023327150975367,0.005235974440177538,0.07557868957519531,0.98,0.02614429037366433,0.02614429037366433,0.019238762418382228
1772526950.215549,859,0.6234645843505859,1603.94034416826,17.07074875839055,0.12060940130376377,0.6323977941877598,2.5023327150975367,0.005236007729691128,0.07557868957519531,0.98,0.024589258478453002,0.024589258478453006,0.019520091636647804
1772526950.2285717,860,0.7681846618652344,1301.770328988206,17.176544069854454,0.14212828717554596,0.6380319818831026,2.5023327150975367,0.0034906718197941222,0.07557868957519531,0.98,0.02352214466060639,0.02352214466060639,0.018205034618065562
1772526950.2403533,861,0.4744529724121094,2107.6904522613067,17.074758596173456,0.13377066950670322,0.6480236335481891,2.5023327150975367,0.0034906718197941222,0.07557868957519531,0.98,0.022201680813796306,0.022201680813796306,0.020211696476196785
1772526950.2528405,862,0.4703998565673828,2125.8509883426254,17.309701493993092,0.2532874464382589,0.6504375279043041,2.5023327150975367,0.005235974440177538,0.07557868957519531,0.98,0.020280507544147362,0.020280507544147362,0.018331203231022594
1772526950.2656574,863,0.6117820739746094,1634.568978955573,17.384856917758757,0.09655342995524063,0.6531237363466315,2.5023327150975367,0.0017453359098970611,0.07557868957519531,0.98,0.01871992369180074,0.01871992369180074,0.020013539344756238
1772526950.2791,864,1.2469291687011719,801.97017208413,17.36514420453662,0.05258666237557906,0.6520853648857129,2.5023327150975367,0.0017453691994107068,0.07557868957519531,0.98,0.01644897346489988,0.01644897346489988,0.016304802371323736
1772526950.2908247,865,0.86212158203125,1159.929203539823,17.20549766996172,0.1668169177844799,0.6544806929972976,2.5023327150975367,0.0034906385302804765,0.07557868957519531,0.98,0.014720542590580674,0.014720542590580674,0.017516548323278532
1772526950.3033495,866,0.83160400390625,1202.4954128440368,17.390093363080666,0.19536911258633524,0.6524336035295121,2.5023327150975367,0.0017453691994107068,0.07557868957519531,0.98,0.013859801019341067,0.013859801019341067,0.015305199020929756
1772526950.3161325,867,1.0218620300292969,978.6056929538031,17.40391553886512,0.04894833195802741,0.6544565133219329,2.5023327150975367,0.0017453359098970611,0.07557868957519531,0.98,0.013765984280481577,0.013765984280481577,0.014866392852982694
1772526950.3288841,868,0.9398460388183594,1064.0040588533739,17.381913605996456,0.05031676686403162,0.654427685042834,2.5023327150975367,0.0034906572556318988,0.07653236389160156,0.98,0.013290652104761118,0.013290652104761118,0.019088088453110674
1772526950.340886,869,0.8821487426757812,1133.5956756756757,17.21371618882914,0.1738520402057934,0.6478443018362042,2.5023327150975367,0.0034906385302804765,0.07653236389160156,0.98,0.011402547448278247,0.011402547448278247,0.02248462576282754
1772526950.353397,870,0.8294582366943359,1205.6062086806553,17.341786338838425,0.14202070139278916,0.6357608742996895,2.5023327150975367,0.003490659336226498,0.07653236389160156,0.98,0.013608580841296116,0.013608580841296116,0.014011188152775782
1772526950.3661282,871,1.0263919830322266,974.286643437863,17.26027079808326,0.11506853918139139,0.628606116469159,2.5023327150975367,0.003490659336226498,0.07653236389160156,0.98,0.01381873460446697,0.01381873460446697,0.014180072951469664
1772526950.3790793,872,1.1835098266601562,844.9443996776793,17.169200249253667,0.12892159337179526,0.6253610880785856,2.5023327150975367,0.0017453275875186497,0.07653236389160156,0.98,0.012751550242376267,0.012751550242376267,0.013254582125369365
1772526950.3908505,873,0.8661746978759766,1154.5015139003578,16.9549716919016,0.22870746874170048,0.6185601541652003,2.5023327150975367,0.0017453317487078485,0.07653236389160156,0.98,0.0123372518714086,0.0123372518714086,0.012949566156676709
1772526950.4032497,874,0.8141994476318359,1228.2002928257687,17.055663154855967,0.12349763923629029,0.6150368347488558,2.5023327150975367,0.0017453359098970611,0.07653236389160156,0.98,0.011957682742125976,0.011957682742125967,0.012809570563935356
1772526950.4159787,875,0.9448528289794922,1058.3658844309866,17.0431474734534,0.06244617424563684,0.6122121474676102,2.5023327150975367,0.0017453359098970611,0.07653236389160156,0.98,0.01126986342720769,0.01126986342720769,0.011998419986998372
1772526950.428597,876,0.7994174957275391,1250.9108261258575,16.96581732046821,0.09766937762339664,0.6075790989658295,2.5023327150975367,0.0017453359098970611,0.07653236389160156,0.98,0.01140092951270209,0.011400929512702098,0.015840743495775644
1772526950.4408977,877,0.9026527404785156,1107.8457474907555,16.81225999107503,0.15886868230656426,0.6092238548858663,2.5023327150975367,0.0034906385302804765,0.07653236389160156,0.98,0.00934058747754865,0.00934058747754865,0.014987860021477492
1772526950.4533827,878,0.8361339569091797,1195.9806102081552,16.903082648614568,0.0971619614307371,0.6017071583479295,2.5023327150975367,0.0034906718197940667,0.07653236389160156,0.98,0.010722052988781976,0.010722052988781976,0.011578457329149366
1772526950.465687,879,0.6513595581054688,1535.2503660322109,16.852426305080204,0.06540562396794693,0.5960052359330533,2.5023327150975367,0.005235974440177538,0.07653236389160156,0.98,0.011050340112503772,0.011050340112503772,0.011102445485138834
1772526950.4787297,880,0.7979869842529297,1253.1532715864953,16.831909412430754,0.058782946354259236,0.5913259612957753,2.5023327150975367,0.005236007729691183,0.07653236389160156,0.98,0.011248587495059748,0.011248587495059748,0.0110340713482097
1772526950.490344,881,0.47898292541503906,2087.757093081135,16.586551488459794,0.2511061855041647,0.5873495210432298,2.5023327150975367,0.0034906385302804765,0.07653236389160156,0.98,0.009853714454306314,0.009853714454306314,0.010741096412864132
1772526950.5029023,882,0.4754066467285156,2103.4623871614845,16.74526964645444,0.16788421291759764,0.5839118217865075,2.5023327150975367,0.0034906718197941222,0.07653236389160156,0.98,0.010067402755564512,0.010067402755564512,0.01072177641323432
1772526950.516433,883,1.1377334594726562,878.940486169321,16.741722739777757,0.0622803103337812,0.5816341504242901,2.5023327150975367,0.0034906718197941222,0.07653236389160156,0.98,0.009713240918124788,0.009713240918124788,0.010110838724638863
1772526950.5291452,884,1.1837482452392578,844.7742195367573,16.568883784361883,0.18466342248042078,0.5794936073467909,2.5023327150975367,0.005235974440177538,0.07653236389160156,0.98,0.009056388040695739,0.009056388040695747,0.009597911401213109
1772526950.5404193,885,0.5173683166503906,1932.8589861751152,16.416017356288055,0.1602285096203125,0.5760574498490656,2.5023327150975367,0.0034906718197941222,0.07653236389160156,0.98,0.008462204698397032,0.008462204698397032,0.010876687024651673
1772526950.5534148,886,0.8978843688964844,1113.7291556027615,16.633573949910772,0.2241305453600352,0.5701218634826941,2.5023327150975367,0.006981310350074543,0.07653236389160156,0.98,0.009991111758544866,0.009991111758544866,0.009788521248882373
1772526950.5661156,887,1.0492801666259766,953.0343103840037,16.556793427529218,0.09779876274826481,0.5640186436218686,2.5023327150975367,0.003490638530280532,0.07653236389160156,0.98,0.01064524924769787,0.01064524924769787,0.008888075625069618
1772526950.5786307,888,0.759124755859375,1317.3065326633166,16.468175360720924,0.11265638279581887,0.5595870699255726,2.5023327150975367,0.006981343639588189,0.07653236389160156,0.98,0.010582898559701886,0.010582898559701886,0.012927918221717639
1772526950.5909798,889,0.9894371032714844,1010.6756626506024,16.271124170797012,0.208755463304092,0.5499564293715293,2.5023327150975367,0.006981310350074599,0.07653236389160156,0.98,0.012290132392495458,0.012290132392495458,0.009278321009327939
1772526950.6032388,890,0.8032321929931641,1244.9700207776789,16.3134104656318,0.08449497651938395,0.5438961682497306,2.5023327150975367,0.005235974440177538,0.07653236389160156,0.98,0.012595526347280232,0.012595526347280232,0.009182293893962265
1772526950.616072,891,0.9858608245849609,1014.3419588875454,16.27963132257969,0.0917802693241974,0.5361493782775,2.5023327150975367,0.005236007729691183,0.07653236389160156,0.98,0.013706254515166284,0.013706254515166284,0.013806203303829949
1772526950.6288278,892,1.0631084442138672,940.6378111684235,16.142500695469778,0.17124530125405943,0.5238597903096605,2.5023327150975367,0.0034906551750372994,0.07653236389160156,0.98,0.01706955952062438,0.01706955952062438,0.010544528145270276
1772526950.6412013,893,1.1701583862304688,854.5851670741646,15.927953141813711,0.2406699238107972,0.5121747393581608,2.5023327150975367,0.0034906718197941222,0.07653236389160156,0.98,0.01829230806632018,0.01829230806632018,0.009187968355881567
1772526950.653758,894,0.8115768432617188,1232.1692126909518,15.943785376429386,0.11837730445011287,0.5014278706306811,2.5023327150975367,0.005235974440177538,0.07653236389160156,0.98,0.020522475320197995,0.020522475320197995,0.01033595281263106
1772526950.6666284,895,1.1684894561767578,855.8057539277698,15.728399747346307,0.25028303963860965,0.4944288615151622,2.5023327150975367,0.0017453359098970472,0.07653236389160156,0.98,0.01799458506902851,0.01799458506902851,0.00877872055829758
1772526950.6790366,896,1.2171268463134766,821.6070519098922,15.608091034954521,0.16161171246199624,0.4880696365062148,2.5023327150975367,0.0017453359098970611,0.07653236389160156,0.98,0.016513418958421813,0.016513418958421813,0.01777520603406385
1772526950.691127,897,1.0921955108642578,915.5869897402314,15.555280577779028,0.09847762209311296,0.48842449900291574,2.5023327150975367,0.0017453359098970056,0.07653236389160156,0.98,0.01196936409759841,0.01196936409759841,0.00778587173564459
1772526950.7033672,898,0.8187294006347656,1221.4047757716949,15.627393163121747,0.09555146180676881,0.48493631221276967,2.5023327150975367,0.0017453359098970611,0.07653236389160156,0.98,0.01170761388993093,0.01170761388993093,0.008234326918833326
1772526950.7161138,899,0.9970664978027344,1002.9421329507413,15.594503781814709,0.0693469915360587,0.4819531747309881,2.5023327150975367,0.0034906551750372994,0.07653236389160156,0.98,0.011004578125861765,0.011004578125861765,0.009615814094722674
1772526950.7290273,900,1.1997222900390625,833.5262321144675,15.534312107101263,0.08336208526204295,0.480071632483228,2.5023327150975367,0.0034906718197940945,0.07653236389160156,0.98,0.009945736972896952,0.009945736972896952,0.008671742870634287
1772526950.741009,901,1.0118484497070312,988.2902921771913,15.379201396651698,0.15985505709495673,0.4764350830758066,2.5023327150975367,0.005235974440177538,0.07653236389160156,0.98,0.009310125838380947,0.009310125838380947,0.010656214716387944
1772526950.7529318,902,0.5273818969726562,1896.1591320072332,15.438979943111926,0.06782068793840806,0.47020315429737436,2.5023327150975367,0.006981326994831422,0.07653236389160156,0.98,0.010817752620791841,0.010817752620791841,0.014856637928520213
1772526950.7661223,903,0.8754730224609375,1142.2396514161221,15.465834259318578,0.06962359108911231,0.45973812297909494,2.5023327150975367,0.006981310350074599,0.07653236389160156,0.98,0.015135193304713294,0.015135193304713294,0.017841461475264896
1772526950.778622,904,0.8144378662109375,1227.84074941452,15.226204731691897,0.2633149858077881,0.4452311106158785,2.5023327150975367,0.0034906551750372716,0.07653236389160156,0.98,0.019901695891522842,0.019901695891522842,0.008827002624616918
1772526950.7904062,905,0.4985332489013672,2005.8842659014826,15.015236972207555,0.2440000106576948,0.4338583178124566,2.5023327150975367,0.0052359910849343605,0.07653236389160156,0.98,0.020681868444800522,0.020681868444800522,0.0077591989669701066
1772526950.8028555,906,0.453948974609375,2202.890756302521,15.020152378821988,0.13736513786776494,0.42353407569811824,2.5023327150975367,0.0034906551750372994,0.07653236389160156,0.98,0.022289912378051863,0.022289912378051863,0.00796772509651013
1772526950.815681,907,0.6625652313232422,1509.2853544440445,14.916316800023267,0.18681497113874418,0.4148977454263517,2.5023327150975367,0.0034906718197941222,0.07653236389160156,0.98,0.02167543369378065,0.02167543369378065,0.015106163982983497
1772526950.8285346,908,0.7753372192382812,1289.7613776137762,14.779643196028875,0.20310460174636538,0.41149884193663655,2.5023327150975367,0.008726646259971632,0.07653236389160156,0.98,0.017537496915245077,0.017537496915245077,0.008471566123785197
1772526950.840323,909,0.4878044128417969,2050.001955034213,14.541491647527048,0.2683614027581661,0.4022303120716155,2.5023327150975367,0.00872664625997166,0.07653236389160156,0.98,0.017786685625069035,0.017786685625069035,0.008584739615169193
1772526950.8529208,910,0.5445480346679688,1836.385288966725,14.593335079195857,0.11542665742270138,0.3968037438456636,2.5023327150975367,0.01047196552511187,0.07653236389160156,0.98,0.017221492702718163,0.017221492702718163,0.008612075748325999
1772526950.865687,911,0.6644725799560547,1504.9529960531038,14.532622454323784,0.13091237885323326,0.3877678408460421,2.5023327150975367,0.010471982169868721,0.07653236389160156,0.98,0.01884327007901592,0.01884327007901592,0.0075677439364374875
1772526950.878621,912,0.8060932159423828,1240.5513161786453,14.419857330890933,0.17331163965394134,0.3794057698800484,2.5023327150975367,0.008726646259971632,0.07653236389160156,0.98,0.019576940942256017,0.019576940942256017,0.007853510816056055
1772526950.8903396,913,0.4992485046386719,2003.0105062082139,14.159411004695343,0.29083526738399434,0.37039309659367087,2.5023327150975367,0.0034906718197941222,0.07653236389160156,0.98,0.01902120158339101,0.01902120158339101,0.020181538371953668
1772526950.9029346,914,0.5486011505126953,1822.8179052585833,14.218653764036482,0.12295898989929167,0.3708960641617243,2.5023327150975367,0.0034906718197941222,0.07653236389160156,0.98,0.01403925347281054,0.01403925347281054,0.03780992921436473
1772526950.915676,915,0.6511211395263672,1535.8125228853899,14.226187842906509,0.07494254576340997,0.3817454747660905,2.5023327150975367,0.0034906718197941222,0.07653236389160156,0.98,0.005625273909449233,0.005625273909449233,0.040294353540243716
1772526950.9285493,916,0.8106231689453125,1233.6188235294117,14.291468930032584,0.08217831334022635,0.3992608957151298,2.5023327150975367,0.005235974440177538,0.07653236389160156,0.98,0.013853440015254688,0.013853440015254688,0.024211447065547204
1772526950.9404948,917,0.5567073822021484,1796.2758029978586,14.326386717895573,0.13690188251094132,0.41538070415529543,2.5023327150975367,0.006981318672452996,0.07653236389160156,0.98,0.01974437428079406,0.01974437428079406,0.024289873454207977
1772526950.953043,918,0.5373954772949219,1860.8269742679681,14.64345293079777,0.3828884895720997,0.4346873672373779,2.5023327150975367,0.0034906718197941222,0.07653236389160156,0.98,0.02771466446358454,0.02771466446358454,0.018423400027290763
1772526950.9659173,919,0.8566379547119141,1167.3543000278319,14.894335728219916,0.3552970512728481,0.4545357814665458,2.5023327150975367,0.006981310350074599,0.07653236389160156,0.98,0.032613175089530856,0.032613175089530856,0.03067220580146278
1772526950.979375,920,1.2104511260986328,826.1382706322631,15.206426659970967,0.4234331118367981,0.4840085820866445,2.5023327150975367,0.0034906718197941222,0.07653236389160156,0.98,0.04439076645276217,0.04439076645276217,0.029359037169437743
1772526950.9909437,921,0.9443759918212891,1058.9002777076496,15.254550548752048,0.3347028676653019,0.5189214376724169,2.5023327150975367,0.005235974440177538,0.07653236389160156,0.98,0.04771321187670126,0.047713211876701245,0.028403634869897186
1772526951.0033267,922,0.7786750793457031,1284.232700551133,15.86043302884578,0.7256580369561212,0.5554037479685846,2.5023327150975367,0.0034906718197941222,0.07653236389160156,0.98,0.05953897884743721,0.05953897884743721,0.017932572787489512
1772526951.0164208,923,0.9984970092773438,1001.5052531041069,16.322048697922746,0.6069096049749881,0.5905107292194341,2.5023327150975367,0.006981318672452996,0.07653236389160156,0.98,0.06413033812695332,0.06413033812695332,0.022381485213647422
1772526951.0305583,924,1.7597675323486328,568.2568757620919,16.682147374833214,0.5370117163150591,0.6323661165716861,2.5023327150975367,0.0052359910849343605,0.08440017700195312,0.98,0.07216008651076937,0.07216008651076937,0.02084257261676664
1772526951.0416095,925,1.071929931640625,932.8967971530249,16.756933907723496,0.43377726334182554,0.677319982835197,2.5023327150975367,0.003490663497415697,0.08440017700195312,0.98,0.06514776779258115,0.06514776779258115,0.018503069701055967
1772526951.053576,926,0.9644031524658203,1036.9107540173054,17.455458953800175,0.842164541750751,0.7142636446243155,2.5023327150975367,0.005235974440177538,0.08440017700195312,0.98,0.06759835540870869,0.06759835540870869,0.02229651486679766
1772526951.0665607,927,1.0294914245605469,971.3534043538675,18.097237001344418,0.7865568618090689,0.762593374082681,2.5023327150975367,0.005235991084934333,0.08440017700195312,0.98,0.07863137234356588,0.07863137234356588,0.019005407631589578
1772526951.079936,928,1.394033432006836,717.3429108944758,18.3590999787091,0.5409894700671795,0.8094530551934243,2.5023327150975367,0.0034906551750372994,0.08440017700195312,0.98,0.0781240678841853,0.0781240678841853,0.018443605049310502
1772526951.0913098,929,1.1980533599853516,834.6873631840796,18.512192453171536,0.5358095505779477,0.8575760574742366,2.5023327150975367,0.006981326994831422,0.08440017700195312,0.98,0.06787691489898776,0.06787691489898776,0.017609202386272768
1772526951.1036985,930,0.9264945983886719,1079.3371075656203,19.326634154194608,0.9801567375258131,0.9036328809083739,2.5023327150975367,0.0034906718197941222,0.08440017700195312,0.98,0.07641993996728755,0.07641993996728755,0.016989781293159686
1772526951.1164129,931,1.0368824005126953,964.4295240285123,19.687539025619255,0.681592660095646,0.959343698131085,2.5023327150975367,0.0034906634974157247,0.08440017700195312,0.98,0.07815072734211624,0.07815072734211624,0.02279297490497914
1772526951.1280222,932,0.5083084106445312,1967.3095684803002,19.975769698787456,0.6988709484485808,1.0086531262170868,2.5023327150975367,0.0017453359098970611,0.08440017700195312,0.98,0.07065087097045132,0.07065087097045133,0.02528858130649419
1772526951.141183,933,1.0859966278076172,920.81317233809,20.518235359097687,0.8547100472358946,1.0488012963316478,2.5023327150975367,0.0034906551750372994,0.08440017700195312,0.98,0.069088298156195,0.069088298156195,0.023135450242872117
1772526951.1536517,934,0.7927417755126953,1261.4448120300751,20.786125064308962,0.7201434732704373,1.090542233057393,2.5023327150975367,0.0034906551750372994,0.08440017700195312,0.98,0.06539130753961005,0.06539130753961005,0.026402272948952015
1772526951.166379,935,1.0154247283935547,984.8095797135478,21.000553740496688,0.6980749220718054,1.1243498327189192,2.5023327150975367,0.005235991084934333,0.08440017700195312,0.98,0.058727433981105956,0.058727433981105956,0.016296226896536283
1772526951.1792479,936,1.1413097381591797,876.1863379987466,21.32026029629652,0.7460496209781422,1.1654070749696337,2.5023327150975367,0.0017453359098970611,0.08440017700195312,0.98,0.05985533484090659,0.05985533484090659,0.022636411038850033
1772526951.1909049,937,0.8108615875244141,1233.2561011467214,21.54225373055945,0.7382385462988683,1.198074386480568,2.5023327150975367,0.0034906551750372994,0.08440017700195312,0.98,0.05242102227010672,0.05242102227010672,0.019845911975910287
1772526951.20345,938,0.8373260498046875,1194.2779043280182,22.017589870989127,0.8573882554623904,1.2265327681912492,2.5023327150975367,0.0017453359098970611,0.08440017700195312,0.98,0.0529402921105977,0.0529402921105977,0.0300402713401012
1772526951.2166803,939,1.1403560638427734,876.9190884382186,22.137118575578523,0.7066217247627999,1.2375118244098884,2.5023327150975367,0.0034906551750372994,0.08440017700195312,0.98,0.04802577892929916,0.04802577892929916,0.023907598849520942
1772526951.2287562,940,1.0907649993896484,916.7877595628415,22.065034722509022,0.6368656948346147,1.2496739282839424,2.5023327150975367,0.0017453359098970611,0.08440017700195312,0.98,0.04130198657851368,0.04130198657851368,0.01753818491358263
1772526951.2415345,941,1.3744831085205078,727.5462272333044,22.37345566750877,0.6773699296830229,1.2732474158139861,2.5023327150975367,0.0017453359098970611,0.08440017700195312,0.98,0.04343201844637617,0.04343201844637617,0.02010137857731829
1772526951.2536569,942,1.0068416595458984,993.2048306890836,22.500697560222658,0.6509551548079121,1.2943291155290924,2.5023327150975367,0.0,0.08440017700195312,0.98,0.0417502451103229,0.0417502451103229,0.02753472427253713
1772526951.2664785,943,1.163482666015625,859.4885245901639,22.59865846700097,0.6388301676481154,1.2972563523067855,2.5023327150975367,0.0017453359098970334,0.08440017700195312,0.98,0.03770410075827954,0.03770410075827954,0.025360945227436885
1772526951.2802002,944,1.6088485717773438,621.5625370480142,22.574192282147155,0.5671750186843096,1.2990624619227886,2.5023327150975367,0.0017453359098970611,0.08440017700195312,0.98,0.036001211374042205,0.036001211374042205,0.019431846193433515
1772526951.2911046,945,0.9624958038330078,1038.965568491454,22.450275976237723,0.5622766565127837,1.334727340473206,2.5023327150975367,0.006981310350074599,0.08440017700195312,0.98,0.03199695954177597,0.03199695954177597,0.0211104772146609
1772526951.3038373,946,1.1594295501708984,862.4931112482006,23.206394807873057,1.0373836825428941,1.4052620466566805,2.5023327150975367,0.008726646259971632,0.08440017700195312,0.98,0.04043513669768849,0.04043513669768849,0.02143397521925151
1772526951.3171685,947,1.5912055969238281,628.4543002697034,23.60921438510539,1.2709722799268803,1.536571718415855,2.5023327150975367,0.006981310350074599,0.08440017700195312,0.98,0.04936213426535948,0.04936213426535952,0.01561066421169597
1772526951.3302073,948,1.7511844635009766,571.0420694349898,24.13104242940492,1.9574625921232665,1.6784767550725428,2.5023327150975367,0.0034906718197941222,0.09369850158691406,0.98,0.049899070012542845,0.049899070012542845,0.018004730705853164
1772526951.3414247,949,1.3129711151123047,761.6313782458689,25.032500783006185,2.5787235841784963,1.8377164401242048,2.5023327150975367,0.006981310350074599,0.09369850158691406,0.98,0.043243896154487066,0.043243896154487066,0.014710321852467597
1772526951.3542876,950,1.3136863708496094,761.2166969147005,26.57418169051894,3.332272304589871,2.0934701092575803,2.5023327150975367,0.005235991084934333,0.09369850158691406,0.98,0.05457679577842159,0.05457679577842159,0.015415781720583008
1772526951.3669033,951,1.3766288757324219,726.412192587461,27.76123892482379,4.1391935014019925,2.434576342692172,2.5023327150975367,0.0034906551750372994,0.09369850158691406,0.98,0.05550686717455594,0.05550686717455594,0.017644471653826464
1772526951.3801796,952,1.645803451538086,607.6059684195277,29.378114104590534,5.379873675971713,2.819418983678123,2.5023327150975367,0.00872664625997166,0.09369850158691406,0.98,0.059552783060341466,0.059552783060341466,0.016759349044608504
1772526951.3914566,953,1.3222694396972656,756.2755138838803,31.531584835748497,6.9489979156034085,3.2964415679363075,2.5023327150975367,0.010471982169868693,0.09369850158691406,0.98,0.05397301893320622,0.05397301893320622,0.012727085467524058
1772526951.404682,954,1.374959945678711,727.29391364661,33.63763705797722,8.61479611361601,3.779255597767953,2.5023327150975367,0.005235974440177538,0.09369850158691406,0.98,0.06659635530041465,0.06659635530041465,0.023324581194533713
1772526951.4173028,955,1.6283988952636719,614.1001464128843,34.7695988376901,9.795767880196335,3.90216340476772,2.5023327150975367,0.0052359910849343605,0.09369850158691406,0.98,0.05897382894125984,0.05897382894125984,0.02077039628089173
1772526951.4302602,956,1.725912094116211,579.4037850531842,34.80204735695347,9.17003604795371,3.702222987176497,2.5023327150975367,0.0052359910849343605,0.09369850158691406,0.98,0.0574938699899482,0.0574938699899482,0.02029183019794672
1772526951.4410942,957,0.9713172912597656,1029.5297005400098,33.98552574676717,7.809859122219471,3.262920256165539,2.5023327150975367,0.0052359910849343605,0.09369850158691406,0.98,0.04826352107908464,0.04826352107908464,0.016899492426387237
1772526951.4539194,958,1.2111663818359375,825.6503937007874,32.365866714404355,6.574375796091231,2.7089144019250706,2.5023327150975367,0.0034906551750372855,0.09369850158691406,0.98,0.0534071414053006,0.0534071414053006,0.01605691350370202
1772526951.467087,959,1.4951229095458984,668.8413331207144,30.171738889085002,5.599628276786671,2.3721155345670017,2.5023327150975367,0.0052359910849343605,0.09369850158691406,0.98,0.051269059022065265,0.051269059022065265,0.030568762521657137
1772526951.4802923,960,1.7366409301757812,575.8242723778144,28.729163970985393,3.8895907072660707,2.2908004436054887,2.5023327150975367,0.005235991084934347,0.09369850158691406,0.98,0.04478716342092781,0.04478716342092781,0.01816376202389371
1772526951.49188,961,1.6207695007324219,616.9908796704913,28.06224422592039,2.419224700269551,2.145466748070811,2.5023327150975367,0.0034906551750372994,0.09369850158691406,0.98,0.03721801513884209,0.037218015138842084,0.01872916564782212
1772526951.5039985,962,1.0995864868164062,909.4327840416305,27.830340535777253,1.6288199152211076,2.058873715004406,2.5023327150975367,0.0034906718197941222,0.059604644775390625,0.98,0.0375734897729322,0.0375734897729322,0.020977676752468782
1772526951.5169654,963,1.3537406921386719,738.693906305037,27.135103346649743,1.348403363345351,2.006333153708156,2.5023327150975367,0.005235974440177538,0.059604644775390625,0.98,0.035242764947539994,0.035242764947539994,0.01931689896222175
1772526951.5286725,964,1.0235309600830078,977.0100163056138,26.67282154196869,1.0134928975995041,1.9327248204467413,2.5023327150975367,0.0034906551750372855,0.059604644775390625,0.98,0.030872149725904154,0.030872149725904154,0.020980392241495952
1772526951.5414307,965,1.2898445129394531,775.2872458410351,26.5934856798769,0.717560867555899,1.9100037230095717,2.5023327150975367,0.003490663497415711,0.059604644775390625,0.98,0.02977299872591285,0.02977299872591283,0.02149819412339486
1772526951.5529013,966,0.47850608825683594,2089.837568510214,26.377675847893837,0.5567481626890345,1.9124579747258328,2.5023327150975367,0.0034906551750372716,0.059604644775390625,0.98,0.0270298712167508,0.027029871216750816,0.01971971960346479
1772526951.5661557,967,1.020193099975586,980.2065903248423,26.283650379857214,0.37761408577398536,1.89530948823548,2.5023327150975367,0.0034906718197941222,0.059604644775390625,0.98,0.026190753172344212,0.026190753172344195,0.01862714374759125
1772526951.5790846,968,1.241445541381836,805.5125792202804,25.994026083992377,0.417006678514962,1.849283190002962,2.5023327150975367,0.0017453359098970611,0.059604644775390625,0.98,0.02445467768061389,0.024454677680613875,0.021284403366175875
1772526951.5921614,969,1.962423324584961,509.57404932571984,25.656787887275655,0.5062475793845167,1.734597959851465,2.5023327150975367,0.0017453359098970611,0.15115737915039062,0.98,0.023939711782124964,0.023939711782124964,0.016139312481551468
1772526951.605247,970,1.6703605651855469,598.6731373108764,25.311821979770908,0.5881823438534112,1.7006822090698872,2.5023327150975367,0.0034906551750372994,0.15115737915039062,0.98,0.02395752375254605,0.023957523752546055,0.017638092452583534
1772526951.6177766,971,1.3871192932128906,720.918528704022,24.66238580780762,0.8342464637546585,1.594437160108023,2.5023327150975367,0.0034906551750372716,0.15115737915039062,0.98,0.024151023950946576,0.024151023950946576,0.01540064826750154
1772526951.6304224,972,1.5819072723388672,632.148304446119,24.45641563790833,0.5731443421246942,1.5702946134456248,2.5023327150975367,0.0034906551750372716,0.15115737915039062,0.98,0.020823700913701042,0.020823700913701042,0.011773952239686225
1772526951.6420703,973,1.695871353149414,589.6673696049487,24.369357700784384,0.46826643258566125,1.5452109902415554,2.5023327150975367,0.0,0.15115737915039062,0.98,0.017481237401039972,0.017481237401039972,0.012920757828127544
1772526951.6549296,974,1.4426708221435547,693.1588167245084,24.56107397042367,0.38775086966690353,1.5400653118825436,2.5023327150975367,0.001745319265140266,0.15115737915039062,0.98,0.01831812166191906,0.01831812166191906,0.011394956098641815
1772526951.6676764,975,1.7135143280029297,583.5959371086684,24.07222321704038,0.5484289178634253,1.5230247007728326,2.5023327150975367,0.0017453359098970611,0.15115737915039062,0.98,0.01631754561439067,0.01631754561439067,0.011495444184188585
1772526951.6807086,976,1.848459243774414,540.9911002192699,23.99342012497385,0.2147368536730509,1.506950125175458,2.5023327150975367,0.0017453192651402383,0.15115737915039062,0.98,0.01607718829740198,0.01607718829740198,0.011558926244215588
1772526951.6914816,977,1.392364501953125,718.2027397260274,23.809655387323172,0.2763145585448666,1.4840440289069476,2.5023327150975367,0.0017453359098970611,0.15115737915039062,0.98,0.013277012630555704,0.013277012630555708,0.01092731757659882
1772526951.7048173,978,1.4202594757080078,704.0966929662582,24.170334027107188,0.3993680351442559,1.4589642119426434,2.5023327150975367,0.001745319265140266,0.15115737915039062,0.98,0.015889572592315864,0.015889572592315864,0.012922446285634414
1772526951.7176013,979,1.6112327575683594,620.6427937259544,23.5895216571202,0.6049160434752653,1.4557416267606513,2.5023327150975367,0.0017453359098970611,0.15115737915039062,0.98,0.013113854652062993,0.013113854652062993,0.011501305640207985
1772526951.7306962,980,1.9114017486572266,523.1762504677561,23.491502481106462,0.17007801548504425,1.4270649991879196,2.5023327150975367,0.0017453359098970611,0.15115737915039062,0.98,0.01377265008311065,0.01377265008311065,0.010076426866868925
1772526951.740367,981,0.45609474182128906,2192.526921066388,23.339526578478406,0.23509246560283228,1.4141391264713943,2.5023327150975367,0.006981310350074599,0.15115737915039062,0.98,0.010862106947444295,0.010862106947444295,0.02718816486103143
1772526951.7528875,982,0.4405975341796875,2269.6450216450216,23.712185530226257,0.41928931203462605,1.3282078291702735,2.5023327150975367,0.005235991084934333,0.15115737915039062,0.98,0.02107070873097355,0.02107070873097355,0.035682264047986696
1772526951.765718,983,0.6442070007324219,1552.2960769800147,22.97046365539553,0.8340892805560924,1.2099707563630921,2.5023327150975367,0.0034906551750372716,0.15115737915039062,0.98,0.03675138361061741,0.0367513836106174,0.017954548875509853
1772526951.778923,984,0.8883476257324219,1125.6854535695115,22.124339719694664,1.0079094275150893,1.1202363550053849,2.5023327150975367,0.0017453359098970611,0.15115737915039062,0.98,0.04572769687946486,0.04572769687946485,0.005154175448740256
1772526951.7905014,985,0.48160552978515625,2076.388118811881,21.35776993879248,0.9650518292848552,1.0597408682637712,2.5023327150975367,0.0034906718197940667,0.15115737915039062,0.98,0.041604160081289754,0.04160416008128976,0.005548428459488459
1772526951.8029397,986,0.4696846008300781,2129.0883248730966,21.16684303596651,0.5840944449643014,1.011120966867043,2.5023327150975367,0.0034906551750372716,0.15115737915039062,0.98,0.04411956097634707,0.044119560976347054,0.008879045228073985
1772526951.8168092,987,1.3549327850341797,738.0439908499033,20.79783809253674,0.6043105213840975,0.9738528552717087,2.5023327150975367,0.0034906718197941222,0.15115737915039062,0.98,0.04335213786398073,0.04335213786398073,0.008641992707571171
1772526951.829382,988,1.253366470336914,797.8512459577706,20.256095295143364,0.6678025597632049,0.9413099094585085,2.5023327150975367,0.005235974440177538,0.15115737915039062,0.98,0.03933230250894152,0.03933230250894152,0.01477886082360954
1772526951.8405228,989,0.6029605865478516,1658.483194938711,19.931968289866024,0.44973795336813144,0.9213417771705961,2.5023327150975367,0.005236007729691183,0.15115737915039062,0.98,0.03098849393429771,0.03098849393429771,0.004163670719734662
1772526951.85295,990,0.4565715789794922,2190.2370757180156,20.062039781466602,0.2832443940101612,0.8991920640487954,2.5023327150975367,0.0017453359098970611,0.15115737915039062,0.98,0.03251988654221147,0.03251988654221147,0.009515903879220102
1772526951.8658962,991,0.7181167602539062,1392.531208499336,19.82533333817165,0.31119021658937424,0.8831455081302019,2.5023327150975367,0.0034906718197941222,0.15115737915039062,0.98,0.02942619881480698,0.029426198814806976,0.00960714773388464
1772526951.8792963,992,0.8304119110107422,1204.2216480045938,19.569034570354926,0.312682571576351,0.8705905849813761,2.5023327150975367,0.006981310350074599,0.15115737915039062,0.98,0.02708431915654877,0.02708431915654877,0.007197674540683275
1772526951.890326,993,0.5004405975341797,1998.2391615054787,19.08406068809896,0.5121868159915233,0.84839293541893,2.5023327150975367,0.0017453359098970611,0.15115737915039062,0.98,0.025284202196741032,0.025284202196741032,0.010734888526356647
1772526951.9032896,994,0.8561611175537109,1168.004455583403,19.439944892118643,0.39582595240240503,0.8401275731328213,2.5023327150975367,0.0034906718197941222,0.15115737915039062,0.98,0.024327158819662575,0.024327158819662575,0.01732679306574025
1772526951.9162192,995,1.1246204376220703,889.188891244435,19.296429255809844,0.19777101459695762,0.8381422009697358,2.5023327150975367,0.0017453275875186497,0.15115737915039062,0.98,0.01811680261412428,0.01811680261412428,0.016358490225055138
1772526951.9288278,996,1.129150390625,885.6216216216217,19.12185343446969,0.20705598682905046,0.8406118311715151,2.5023327150975367,0.0017453359098970611,0.15115737915039062,0.98,0.012848405333831896,0.012848405333831896,0.017296996642025837
1772526951.940259,997,0.453948974609375,2202.890756302521,19.048875476614878,0.1179518836159108,0.8484208076435248,2.5023327150975367,0.0017453359098970611,0.15115737915039062,0.98,0.009004454251137562,0.009004454251137562,0.005978393982546883
1772526951.9528906,998,0.46181678771972656,2165.360867320599,19.269402457462757,0.2358839137699975,0.8520409601903092,2.5023327150975367,0.0017453359098970611,0.15115737915039062,0.98,0.008996859909745145,0.008996859909745145,0.005695003794596435
1772526951.9658153,999,0.7164478302001953,1395.7750415973378,19.248780300768203,0.06552904714487948,0.8517828568949609,2.5023327150975367,0.0017453359098970611,0.15115737915039062,0.98,0.00900334318982544,0.00900334318982544,0.0066198887329550395
1772526951.9785283,1000,0.7791519165039062,1283.4467564259485,19.183996971938228,0.0845720743729037,0.857247317800288,2.5023327150975367,0.0017453359098970611,0.15115737915039062,0.98,0.00847502229408282,0.008475022294082831,0.005431299123308037
1772526951.9903357,1001,0.4851818084716797,2061.0830466830466,19.146689240383807,0.06922727120432577,0.858205751502335,2.5023327150975367,0.0034906385302804765,0.15115737915039062,0.98,0.007940382518853102,0.007940382518853093,0.011398670252599942
1772526952.002894,1002,0.4634857177734375,2157.5637860082306,19.360765676186638,0.22185473421804724,0.8681803674203399,2.5023327150975367,0.0034906718197941222,0.15115737915039062,0.98,0.008463779614874553,0.008463779614874553,0.013944576570676513
1772526952.0157864,1003,0.6852149963378906,1459.3959638135004,19.404878315023435,0.05803761932555247,0.8837248605742316,2.5023327150975367,0.0034906551750372994,0.15115737915039062,0.98,0.01133944742538695,0.01133944742538695,0.012722901400840187
1772526952.0285447,1004,0.7565021514892578,1321.8733060195398,19.440295091729638,0.056406494193612156,0.9027606294154313,2.5023327150975367,0.003490659336226498,0.15115737915039062,0.98,0.014888754898093957,0.014888754898093957,0.007026473644964936
1772526952.040323,1005,0.48089027404785156,2079.476450173525,19.497119214765647,0.09321466109536583,0.9197023364866851,2.5023327150975367,0.003490659336226498,0.15115737915039062,0.98,0.014904581919145432,0.014904581919145432,0.015335770959414963
1772526952.052934,1006,0.4825592041015625,2072.284584980237,19.864479829268124,0.37898561732717434,0.9470911218053689,2.5023327150975367,0.003490655175037327,0.15115737915039062,0.98,0.02086904226699249,0.02086904226699248,0.008703992760221355
1772526952.065714,1007,0.6573200225830078,1521.328980776206,20.0104233570718,0.17514162960195126,0.9738226435393557,2.5023327150975367,0.006981326994831394,0.15115737915039062,0.98,0.022784668428326754,0.022784668428326754,0.0071897279215729065
1772526952.078699,1008,0.8065700531005859,1239.8179130948863,20.16533866549018,0.18898370727541278,0.9990713471501439,2.5023327150975367,0.005235991084934333,0.15115737915039062,0.98,0.023221955847468077,0.023221955847468077,0.00742017848701341
1772526952.090359,1009,0.5009174346923828,1996.3369823893383,20.238077693794065,0.13759306688404527,1.0242634068148406,2.5023327150975367,0.006981316591858397,0.15115737915039062,0.98,0.02071479734345404,0.02071479734345404,0.015573259507780565
1772526952.102904,1010,0.4603862762451172,2172.089073019161,20.70951994717669,0.4892571227683687,1.0653026328348532,2.5023327150975367,0.00872664625997165,0.15115737915039062,0.98,0.027413722167651974,0.027413722167651984,0.010988353154802614
1772526952.116229,1011,1.0120868682861328,988.0574793875147,20.959335872233762,0.28755206959438745,1.1113388944663407,2.5023327150975367,0.008726646259971646,0.15115737915039062,0.98,0.03108825459948607,0.03108825459948607,0.011959052146292691
1772526952.1291687,1012,1.1892318725585938,840.878909382518,21.121582214537156,0.22890385625509843,1.1443314592882599,2.5023327150975367,0.008726645739822998,0.15115737915039062,0.98,0.027053367660667696,0.027053367660667696,0.014677087725795032
1772526952.1408203,1013,0.8518695831298828,1173.8886090120347,21.299416195576434,0.23934651523987074,1.1680912481434576,2.5023327150975367,0.010471975668010572,0.15115737915039062,0.98,0.020187999517457634,0.020187999517457634,0.014273583170118214
1772526952.1532953,1014,0.7221698760986328,1384.7157477715418,21.7352502544366,0.4548818226526996,1.1815455269081683,2.5023327150975367,0.012217304295826521,0.15115737915039062,0.98,0.016133140232261988,0.016133140232261988,0.009302080228861422
1772526952.1660779,1015,0.9663105010986328,1034.8640513200098,21.799177232655886,0.1182138475873525,1.197793072479172,2.5023327150975367,0.012217305596198148,0.15115737915039062,0.98,0.013639333647091774,0.013639333647091774,0.01048988065103335
1772526952.1790042,1016,0.9744167327880859,1026.254954734524,21.886616547930526,0.12892685813341392,1.2326107448771648,2.5023327150975367,0.013962635264311393,0.15115737915039062,0.98,0.017154719840372274,0.01715471984037224,0.009688940539295438
1772526952.1903927,1017,0.5021095275878906,1991.5973409306744,21.95905723159142,0.1324553311117024,1.273999834375592,2.5023327150975367,0.0139626331837168,0.15115737915039062,0.98,0.017888476827497512,0.017888476827497512,0.009049566595127055
1772526952.2032056,1018,0.6549358367919922,1526.8671277757553,22.540181362348765,0.5987104913887932,1.317092212443255,2.5023327150975367,0.015707960771235444,0.15115737915039062,0.98,0.021399675689177566,0.0213996756891776,0.008334960894676726
1772526952.2158809,1019,0.7166862487792969,1395.3107119095143,22.688324316566952,0.22656226688461112,1.3554700665945048,2.5023327150975367,0.020943956017359003,0.15115737915039062,0.98,0.02014749390781536,0.02014749390781536,0.01468090238631851
1772526952.2287378,1020,0.8203983306884766,1218.9200813716943,22.931811871212737,0.3262145810833248,1.4285755799914,2.5023327150975367,0.012217301435008945,0.15115737915039062,0.98,0.025450062461503803,0.025450062461503803,0.009229007001058158
1772526952.2404525,1021,0.5202293395996094,1922.2291475710358,23.2906169387795,0.4576508843952784,1.5013026535148017,2.5023327150975367,0.012217301435008932,0.15115737915039062,0.98,0.02465470010245208,0.02465470010245208,0.021636742668962122
1772526952.2530186,1022,0.46825408935546875,2135.5926680244397,23.839392295627228,0.6143921830460158,1.5131837928557685,2.5023327150975367,0.013962637344905993,0.15115737915039062,0.98,0.017312584958444083,0.017312584958444087,0.010163858191319014
1772526952.265921,1023,0.7081031799316406,1412.223569023569,23.940666672276503,0.2530141289670403,1.5463114433203624,2.5023327150975367,0.01396263734490602,0.15115737915039062,0.98,0.015385680710664736,0.015385680710664767,0.009332328349321645
1772526952.2791119,1024,1.0368824005126953,964.4295240285123,24.02898861566921,0.22875290266005505,1.589843690372587,2.5023327150975367,0.008726646259971632,0.15115737915039062,0.98,0.015626937051608836,0.015626937051608836,0.011567695132641767
1772526952.2904634,1025,0.5273818969726562,1896.1591320072332,24.175335466415994,0.24808307532171994,1.611219127668816,2.5023327150975367,0.010471965525111898,0.15115737915039062,0.98,0.011742252732702525,0.011742252732702525,0.011373854348861668
1772526952.3030262,1026,0.5452632904052734,1833.9763882815917,24.629441190607157,0.48539775131855417,1.6188225166584518,2.5023327150975367,0.010471982169868693,0.15115737915039062,0.98,0.010399813526129021,0.010399813526129021,0.011472694118649785
1772526952.3162916,1027,1.0151863098144531,985.0408642555191,24.62165323992451,0.1846530154538898,1.663000679080514,2.5023327150975367,0.006981310350074599,0.15115737915039062,0.98,0.012064717787034194,0.012064717787034192,0.011802511156957103
1772526952.3288352,1028,0.8161067962646484,1225.329827636576,24.683603649433568,0.23611452505293004,1.7221375229973568,2.5023327150975367,0.006981326994831394,0.15115737915039062,0.98,0.013788377803030098,0.013788377803030098,0.013857464057925303
1772526952.3404422,1029,0.4973411560058594,2010.692233940556,24.93636657621684,0.3626093066127583,1.7292219835865699,2.5023327150975367,0.006981310350074599,0.15115737915039062,0.98,0.009469274804923905,0.009469274804923903,0.012078530971225266
1772526952.3530195,1030,0.49877166748046875,2004.925430210325,25.28642367842638,0.4120491096792321,1.7268459264469298,2.5023327150975367,0.0052359910849343605,0.15115737915039062,0.98,0.008126459012351503,0.008126459012351454,0.02266558818605165
1772526952.365766,1031,0.6601810455322266,1514.7360057782594,25.035765153662116,0.29022506991965435,1.656550262883448,2.5023327150975367,0.0052359910849343605,0.15115737915039062,0.98,0.010354001538211446,0.010354001538211446,0.026537557503004988
1772526952.3788888,1032,0.7996559143066406,1250.5378652355396,24.5591224843056,0.5083043610294504,1.5465790911805242,2.5023327150975367,0.006981310350074599,0.15115737915039062,0.98,0.020911024092672918,0.020911024092672915,0.018457514327621907
1772526952.3904545,1033,0.5564689636230469,1797.0454155955442,23.942403179017326,0.6766101931232141,1.4481521481185504,2.5023327150975367,0.005235991084934333,0.15115737915039062,0.98,0.02457202031642468,0.02457202031642468,0.01340275729217732
1772526952.4029584,1034,0.49757957458496094,2009.7287973167226,23.760980171421416,0.4020495943692337,1.3746077717876186,2.5023327150975367,0.006981310350074599,0.15115737915039062,0.98,0.02864213187892944,0.028642131878929444,0.012296387016032357
1772526952.415912,1035,0.6885528564453125,1452.3213296398892,23.187866991877332,0.6827750367779677,1.3072879427550228,2.5023327150975367,0.0034906551750372994,0.15115737915039062,0.98,0.030061902680811915,0.030061902680811877,0.012181178006133477
1772526952.4289305,1036,0.8106231689453125,1233.6188235294117,22.62455764986429,0.6512226289144561,1.2538027480026996,2.5023327150975367,0.006981326994831394,0.15115737915039062,0.98,0.029474307282865663,0.029474307282865663,0.011875848061706093
1772526952.4404223,1037,0.5054473876953125,1978.445283018868,22.15862006967705,0.5336426552473185,1.204463828345257,2.5023327150975367,0.006981310350074599,0.15115737915039062,0.98,0.026633941085549225,0.026633941085549225,0.015793993826245963
1772526952.4529684,1038,0.5090236663818359,1964.5451990632318,22.145594364719905,0.22327066501588952,1.149655112993952,2.5023327150975367,0.00872664625997166,0.15115737915039062,0.98,0.033093449456053414,0.033093449456053414,0.014535954050770291
1772526952.4663851,1039,1.1305809020996094,884.501054407423,21.70496642542589,0.49446971021542635,1.095832315663816,2.5023327150975367,0.010471982169868721,0.15115737915039062,0.98,0.03780973709665753,0.03780973709665754,0.01742090601882282
1772526952.479347,1040,1.1951923370361328,836.6854179134251,21.138617520467534,0.616010486566253,1.0387741146269232,2.5023327150975367,0.006981326994831394,0.15115737915039062,0.98,0.043953737010807,0.043953737010807,0.012597151020343218
1772526952.4904876,1041,0.5056858062744141,1977.5124941065535,20.58248146095122,0.608934112613665,0.9904802636904557,2.5023327150975367,0.013962620700149198,0.15115737915039062,0.98,0.04114512861547003,0.04114512861547003,0.01593285101709646
1772526952.5033636,1042,0.8366107940673828,1195.298945568538,20.59916349380385,0.2544914544918862,0.9433934028200056,2.5023327150975367,0.020943964339737386,0.15115737915039062,0.98,0.04977524265128369,0.049775242651283705,0.022037631732645318
1772526952.5162365,1043,1.0368824005126953,964.4295240285123,20.15175906906681,0.5236404758636197,0.8878668416536791,2.5023327150975367,0.01570795661004626,0.15115737915039062,0.98,0.05880329506068649,0.05880329506068649,0.011198033313366308
1772526952.5290616,1044,1.1420249938964844,875.6375782881003,19.61850261355037,0.6074746531026779,0.8417144933529599,2.5023327150975367,0.013962620700149142,0.15115737915039062,0.98,0.060985420951890947,0.060985420951890947,0.010929606542471038
1772526952.5410793,1045,1.0597705841064453,943.600449943757,19.10639849701744,0.5884772757189664,0.7979171510912677,2.5023327150975367,0.01570795661004626,0.15115737915039062,0.98,0.05949717980637563,0.05949717980637563,0.012803600212454564
1772526952.5533645,1046,0.8158683776855469,1225.687901811806,18.928886093761903,0.33209531765193584,0.7663158601351432,2.5023327150975367,0.01570798989955985,0.15115737915039062,0.98,0.05847362629613353,0.05847362629613353,0.016587196225825683
1772526952.5664027,1047,1.1513233184814453,868.5657486021951,18.621697082587573,0.4044819852046459,0.7404251929529623,2.5023327150975367,0.019198595140326735,0.15115737915039062,0.98,0.05376654095797413,0.05376654095797413,0.010501726162391447
1772526952.5790126,1048,1.1382102966308594,878.5722664432342,18.23313296208233,0.4623971620903692,0.7055625811179752,2.5023327150975367,0.01919862842984038,0.15115737915039062,0.98,0.05656244805972958,0.05656244805972958,0.007209320167961704
1772526952.59109,1049,1.0950565338134766,913.1948617461354,17.858932088525656,0.44985840783937664,0.6733920632466721,2.5023327150975367,0.015707956610046203,0.15115737915039062,0.98,0.055430253189583875,0.055430253189583875,0.015688156194205365
1772526952.6030157,1050,0.4978179931640625,2008.766283524904,17.73639965820114,0.2779539525932526,0.6530515998731359,2.5023327150975367,0.013962653989662843,0.15115737915039062,0.98,0.05200558686511132,0.05200558686511132,0.012039072262988977
1772526952.6164892,1051,1.2094974517822266,826.7896708062291,17.516193479097126,0.33076785593057334,0.6337330634767387,2.5023327150975367,0.010471982169868665,0.15115737915039062,0.98,0.04932197745805381,0.04932197745805381,0.025081346198570505
1772526952.6292803,1052,1.295328140258789,772.0051536904105,17.21417011891245,0.377153018962354,0.6239246516731969,2.5023327150975367,0.00872664625997166,0.15115737915039062,0.98,0.03992187053008449,0.03992187053008449,0.022958336104220982
1772526952.6412485,1053,1.0771751403808594,928.3541389995573,16.97556562939261,0.2974151270005525,0.6183980077092129,2.5023327150975367,0.012217284790252136,0.15115737915039062,0.98,0.03047027690252451,0.03047027690252451,0.005748726514145457
1772526952.6534355,1054,0.9157657623291016,1091.9822962770113,17.020031170236425,0.15430356540298298,0.6078352324378546,2.5023327150975367,0.0017453026203834154,0.15115737915039062,0.98,0.03037318019248736,0.03037318019248736,0.02335141140816446
1772526952.666127,1055,1.0881423950195312,918.9973707274321,17.01136479671041,0.12727031372917735,0.6080637272182178,2.5023327150975367,0.0034906385302804765,0.15115737915039062,0.98,0.02364531422422567,0.02364531422422567,0.03758294606681961
1772526952.6787326,1056,0.8342266082763672,1198.7150614461275,16.989480619522226,0.11035895972763492,0.6199283786635285,2.5023327150975367,0.0017453359098970611,0.15115737915039062,0.98,0.015543054184376362,0.015543054184376362,0.025811824200250928
1772526952.6907222,1057,0.8428096771240234,1186.507496463932,16.8717106274535,0.1633255960774565,0.6323887319730291,2.5023327150975367,0.0017453359098970611,0.15115737915039062,0.98,0.01391724614704557,0.01391724614704557,0.01643998483495583
1772526952.7032826,1058,0.8580684661865234,1165.4081689358154,17.154483993523073,0.322392934308604,0.6431903709963872,2.5023327150975367,0.0017453359098970611,0.15115737915039062,0.98,0.016180870608260383,0.016180870608260373,0.025642691417681468
1772526952.7162175,1059,1.1103153228759766,900.6450504616706,17.297879227663145,0.23243592278688444,0.6625485469526241,2.5023327150975367,0.0017453275875186497,0.15115737915039062,0.98,0.022242543426880822,0.022242543426880822,0.011387671367831984
1772526952.728724,1060,0.8478164672851562,1179.5005624296964,17.37666663294543,0.21913817746137396,0.67434793020914,2.5023327150975367,0.0017453691994107068,0.15115737915039062,0.98,0.02193094704821066,0.02193094704821066,0.011866647046197087
1772526952.7408514,1061,0.93841552734375,1065.6260162601627,17.387082358667477,0.19961662483850165,0.6844189516124346,2.5023327150975367,0.0017453026203834154,0.15115737915039062,0.98,0.01942806757242432,0.01942806757242432,0.01134003549721594
1772526952.753102,1062,0.6206035614013672,1611.3346139070304,17.68561093118855,0.3495629674367219,0.6928474354713623,2.5023327150975367,0.008726646259971604,0.15115737915039062,0.98,0.01917244903761635,0.01917244903761635,0.02413216656775885
1772526952.7661977,1063,1.1205673217773438,892.4051063829787,17.808150786345017,0.20823808957502368,0.7146075572089046,2.5023327150975367,0.006981310350074599,0.15115737915039062,0.98,0.026450817399206294,0.026450817399206294,0.03541294184262526
1772526952.7787852,1064,1.079559326171875,926.303886925795,17.938836389459823,0.24936888744444846,0.7488420214192535,2.5023327150975367,0.006981310350074599,0.15115737915039062,0.98,0.038666741120619706,0.038666741120619706,0.02942172260797321
1772526952.7908008,1065,0.89263916015625,1120.2735042735044,18.141487228526863,0.35943274750481985,0.7875370743381552,2.5023327150975367,0.0034906718197941222,0.15115737915039062,0.98,0.04663795025495316,0.04663795025495316,0.014330741941764896
1772526952.803168,1066,0.5967617034912109,1675.7107471034758,18.59852000892707,0.5845121156338873,0.8183527946523906,2.5023327150975367,0.006981310350074599,0.15115737915039062,0.98,0.05007706871125119,0.05007706871125119,0.01378670175067282
1772526952.8157735,1067,0.6954669952392578,1437.882756256428,18.853717200213996,0.4697105525750506,0.8506905040119469,2.5023327150975367,0.005235974440177538,0.15115737915039062,0.98,0.050180817106844626,0.050180817106844626,0.017527157770080275
1772526952.8289318,1068,1.1630058288574219,859.840918409184,19.157421273514064,0.5204360704935911,0.8908210000137428,2.5023327150975367,0.005236007729691128,0.15115737915039062,0.98,0.055727887654159924,0.055727887654159924,0.014538850401106715
1772526952.8408432,1069,0.942230224609375,1061.3117408906883,19.36566824307097,0.4910239553226682,0.9246370618162669,2.5023327150975367,0.006981310350074599,0.15115737915039062,0.98,0.05054228877680026,0.05054228877680026,0.015307318965059918
1772526952.8532636,1070,0.8223056793212891,1216.0927805160916,19.850988443445058,0.673362046975058,0.966514448677444,2.5023327150975367,0.003490638530280532,0.15115737915039062,0.98,0.05624005359673167,0.056240053596731655,0.013702293816719991
1772526952.866148,1071,1.0755062103271484,929.7947240079804,20.1425524356067,0.5740659983196851,1.003058243089725,2.5023327150975367,0.005236007729691128,0.15115737915039062,0.98,0.054249789792114554,0.054249789792114554,0.012859523583817409
1772526952.8789265,1072,1.186370849609375,842.9067524115756,20.373992045738333,0.5721214648173951,1.0402523949143851,2.5023327150975367,0.0034906385302804765,0.15115737915039062,0.98,0.052053844910403595,0.0520538449104036,0.020882645200739687
1772526952.89091,1073,0.9698867797851562,1031.0481809242872,20.584976335405877,0.5696982555540779,1.0660396664765768,2.5023327150975367,0.0017453359098970611,0.15115737915039062,0.98,0.043213609025970524,0.043213609025970524,0.02191104166586317
1772526952.9034164,1074,0.8285045623779297,1206.9939568345324,20.947967588263644,0.61173209389924,1.0811482223063222,2.5023327150975367,0.005236007729691183,0.15115737915039062,0.98,0.037844766358039794,0.037844766358039794,0.009256437039951278
1772526952.9167383,1075,1.382589340209961,723.2805656147611,21.063567725813034,0.486025587537655,1.108817516318498,2.5023327150975367,0.005235974440177538,0.15115737915039062,0.98,0.038539624816899834,0.038539624816899834,0.010492258013289936
1772526952.928538,1076,0.8134841918945312,1229.2801875732707,21.12668444358214,0.49063498390455085,1.134813253176715,2.5023327150975367,0.010471982169868721,0.15115737915039062,0.98,0.03564305688443219,0.03564305688443219,0.015266467874756487
1772526952.9402752,1077,0.4730224609375,2114.064516129032,21.454598181808763,0.6448783284011876,1.179669843659275,2.5023327150975367,0.006981310350074543,0.15115737915039062,0.98,0.03966454230042942,0.03966454230042942,0.009225501977501386
1772526952.9528723,1078,0.4513263702392578,2215.691494981511,21.907590205730063,0.8058520104108792,1.219784040704507,2.5023327150975367,0.00872664625997166,0.15115737915039062,0.98,0.0423343112114137,0.0423343112114137,0.010019914840921205
1772526952.9656672,1079,0.6802082061767578,1470.1381002453559,22.091746196289026,0.8130212316445331,1.2647777874571469,2.5023327150975367,0.012217318079765782,0.15115737915039062,0.98,0.0416347936009736,0.0416347936009736,0.02360066853369032
1772526952.97853,1080,0.7610321044921875,1314.0050125313282,22.451962886254563,1.0951374358789476,1.3664130731313466,2.5023327150975367,0.010471948880355075,0.15115737915039062,0.98,0.05184034091163458,0.05184034091163458,0.016967566209036382
1772526952.990327,1081,0.4978179931640625,2008.766283524904,23.073930352928173,1.6406722102568698,1.5152273164064363,2.5023327150975367,0.012217318079765727,0.15115737915039062,0.98,0.05471792551385159,0.05471792551385159,0.014810159922032157
1772526953.0033128,1082,0.8482933044433594,1178.8375491849354,24.315242648566702,2.5698685501467877,1.733237936310865,2.5023327150975367,0.010471982169868721,0.15115737915039062,0.98,0.06333599515623217,0.06333599515623217,0.00939525522164707
1772526953.0161142,1083,1.0411739349365234,960.454316464392,25.65629063925996,3.6232257187648966,2.040234773407179,2.5023327150975367,0.010471982169868721,0.15115737915039062,0.98,0.06407517711085513,0.06407517711085513,0.01450746318870336
1772526953.0285716,1084,0.7407665252685547,1349.9530093337626,27.383108275974962,4.944151361366086,2.379146601924986,2.5023327150975367,0.008726646259971604,0.15115737915039062,0.98,0.060690361432416386,0.060690361432416386,0.008723117819822717
1772526953.0403135,1085,0.492095947265625,2032.124031007752,29.607200875091465,6.719059982234287,2.860462738974792,2.5023327150975367,0.010471948880355075,0.15115737915039062,0.98,0.05671117199178882,0.05671117199178883,0.008174934771776271
1772526953.0528595,1086,0.45490264892578125,2198.272536687631,32.06764463772729,8.81807927083864,3.3204583669898504,2.5023327150975367,0.010471982169868721,0.15115737915039062,0.98,0.05958711812187864,0.05958711812187864,0.00807835068889403
1772526953.065846,1087,0.7216930389404297,1385.630657416584,33.61795384534922,10.578736733422637,3.5335376910775165,2.5023327150975367,0.005236007729691183,0.15115737915039062,0.98,0.05971223889153285,0.05971223889153285,0.010507376452705441
1772526953.0790837,1088,1.203298568725586,831.0489399643352,33.79737551232897,10.573734395164193,3.2750219862319967,2.5023327150975367,0.005235974440177538,0.15115737915039062,0.98,0.058472841551438226,0.058472841551438226,0.009198945673515318
1772526953.0908976,1089,0.9512901306152344,1051.2040100250626,32.677692006385,8.995135346884982,2.781625507634649,2.5023327150975367,0.0034906718197941222,0.15115737915039062,0.98,0.054862794001653274,0.054862794001653274,0.008593790732059433
1772526953.1036224,1090,0.9548664093017578,1047.2669163545568,30.784500004961817,7.19481690314596,2.317267258819028,2.5023327150975367,0.006981310350074599,0.15115737915039062,0.98,0.060073831437932684,0.060073831437932684,0.01534262841598036
1772526953.1160412,1091,1.0204315185546875,979.977570093458,28.79848821872658,5.491743134696604,2.0451705909790174,2.5023327150975367,0.0017453691994107068,0.15115737915039062,0.98,0.052076430841436004,0.052076430841436004,0.010738014534032147
1772526953.1288316,1092,1.0635852813720703,940.2160950459538,27.40847090068197,3.8759905075629213,1.8440945389158454,2.5023327150975367,0.0034906551750372716,0.15115737915039062,0.98,0.05063997483865012,0.05063997483865008,0.019638672000147944
1772526953.1408947,1093,1.0328292846679688,968.2142197599261,26.30901123779762,2.7614015560432903,1.7344652222192014,2.5023327150975367,0.005235991084934388,0.15115737915039062,0.98,0.04102700082628186,0.04102700082628186,0.009433347334501862
1772526953.1529953,1094,0.5006790161132812,1997.287619047619,25.662436758492163,1.966193330951765,1.613180849682163,2.5023327150975367,0.008726646259971604,0.15115737915039062,0.98,0.042615169278794364,0.042615169278794364,0.010112328513828666
1772526953.1657565,1095,0.6704330444335938,1491.5732574679944,24.82458611640405,1.727597096458776,1.4952329024813282,2.5023327150975367,0.00872664625997166,0.15115737915039062,0.98,0.04450157136041251,0.04450157136041251,0.021987388165965592
1772526953.178564,1096,0.8177757263183594,1222.8291545189504,24.025289531714247,1.6105770835265336,1.366924510175511,2.5023327150975367,0.010471982169868721,0.15115737915039062,0.98,0.053159677887979095,0.053159677887979095,0.01666821928169379
1772526953.1904247,1097,0.6136894226074219,1629.4887334887335,23.25648154404761,1.558460792664331,1.2633581306570139,2.5023327150975367,0.008726646259971632,0.15115737915039062,0.98,0.056568444751278806,0.056568444751278806,0.02226960623036645
1772526953.2029052,1098,0.5059242248535156,1976.5805843543826,22.764989087182595,1.3747925714976803,1.173385481457721,2.5023327150975367,0.0017453359098970611,0.15115737915039062,0.98,0.06910081302582873,0.06910081302582873,0.010763659937889785
1772526953.2164075,1099,0.9825229644775391,1017.7879155544771,22.075777655040568,1.3353225857337843,1.11646330919153,2.5023327150975367,0.0034906718197941222,0.15115737915039062,0.98,0.067982731949659,0.067982731949659,0.008297306767896808
1772526953.2294848,1100,1.3778209686279297,725.7836996020072,21.37671473103013,1.1621340013146668,1.0657285056134693,2.5023327150975367,0.0034906718197941222,0.15115737915039062,0.98,0.06300950644119721,0.06300950644119721,0.007223737675709382
1772526953.2403536,1101,0.5209445953369141,1919.5899313501145,20.94632294634133,0.8441126526461867,1.016641999208142,2.5023327150975367,0.005235974440177538,0.15115737915039062,0.98,0.059313803682096794,0.059313803682096794,0.020325449233143885
1772526953.2529206,1102,0.47469139099121094,2106.631843294827,20.912413534103305,0.5841730818343007,0.9640784802376299,2.5023327150975367,0.0017453359098970611,0.15115737915039062,0.98,0.07272907441468203,0.07272907441468203,0.018773961908451518
1772526953.2665954,1103,1.3341903686523438,749.518227305218,20.43200726533085,0.6679066273896368,0.92952070734899,2.5023327150975367,0.005235974440177538,0.15115737915039062,0.98,0.06681831996831514,0.06681831996831514,0.01720945040643132
1772526953.2790897,1104,1.2314319610595703,812.0627299128752,19.903439919026592,0.6446026364044146,0.8990168738561762,2.5023327150975367,0.0052359910849343605,0.15115737915039062,0.98,0.0585738591287774,0.0585738591287774,0.0354159765764809
1772526953.290472,1105,0.5986690521240234,1670.3719633612106,19.607038337920507,0.4139873725255317,0.8857186191404113,2.5023327150975367,0.003490671819794011,0.15115737915039062,0.98,0.04235555327528409,0.04235555327528409,0.018565837134031093
1772526953.3031075,1106,0.5965232849121094,1676.3804956035171,19.67974627608873,0.23850188166527286,0.8723739191812239,2.5023327150975367,0.0017453359098970611,0.15115737915039062,0.98,0.038425997765521365,0.03842599776552138,0.0337742432154319
1772526953.31608,1107,0.9543895721435547,1047.7901573819636,19.500405138343,0.24224833538330814,0.8717683958882895,2.5023327150975367,0.0034906551750372994,0.15115737915039062,0.98,0.026766561092635227,0.026766561092635227,0.01860616380464959
1772526953.3291545,1108,1.1069774627685547,903.3607581305191,19.389286551145364,0.17518626764114287,0.8696501698726554,2.5023327150975367,0.0017453359098970611,0.15115737915039062,0.98,0.022451381211338457,0.022451381211338457,0.01488371614612499
1772526953.3409092,1109,0.8614063262939453,1160.8923332410739,19.19347142645577,0.23018376056308879,0.8684821442363814,2.5023327150975367,0.0017453192651402383,0.15115737915039062,0.98,0.01802890600378999,0.018028906003789973,0.01479819137724477
1772526953.353855,1110,1.0640621185302734,939.7947568899843,19.422362193225243,0.2589711674611408,0.8701719338877072,2.5023327150975367,0.0017453359098970611,0.15115737915039062,0.98,0.01705275918440363,0.017052759184403632,0.013534287294258538
1772526953.3662493,1111,0.9686946868896484,1032.317007137583,19.31761247190693,0.1353071708880739,0.8629630598437519,2.5023327150975367,0.0017453359098970334,0.15115737915039062,0.98,0.017526139582037338,0.017526139582037335,0.013056098752943708
1772526953.379089,1112,1.184225082397461,844.434064827864,19.307188538458472,0.07041144057753392,0.8631135767413324,2.5023327150975367,0.0017453359098970611,0.15115737915039062,0.98,0.016069234072228582,0.016069234072228582,0.011340372056579654
1772526953.3908632,1113,0.9326934814453125,1072.1635991820042,19.21059546338515,0.11429886582190169,0.8610275754886838,2.5023327150975367,0.0017453359098970611,0.15115737915039062,0.98,0.014653748784132498,0.014653748784132498,0.011217351282431511
1772526953.4033344,1114,0.7991790771484375,1251.2840095465394,19.38668604185719,0.18584637786097902,0.8604276072082307,2.5023327150975367,0.0034906718197941222,0.15115737915039062,0.98,0.01460490179260514,0.01460490179260514,0.01089695120245002
1772526953.4163573,1115,1.0988712310791016,910.024734215665,19.317472624124854,0.08700736470571759,0.8574893987336194,2.5023327150975367,0.0017453359098970611,0.15115737915039062,0.98,0.014714861171821652,0.014714861171821652,0.011149005796016118
1772526953.42948,1116,1.2331008911132812,810.9636504253674,19.19448833911768,0.1358155256343145,0.8532773620297923,2.5023327150975367,0.0017453359098970611,0.15115737915039062,0.98,0.015144801628249879,0.015144801628249863,0.0163454828844461
1772526953.4409907,1117,1.0771751403808594,928.3541389995573,18.985442323241145,0.21495930339032157,0.8576608169591109,2.5023327150975367,0.0034906718197941222,0.15115737915039062,0.98,0.011489820300337497,0.0114898203003375,0.011948662560149323
1772526953.4533331,1118,0.8232593536376953,1214.68404286128,19.370420597957004,0.39180032676422777,0.861313685297313,2.5023327150975367,0.0034906385302804765,0.15115737915039062,0.98,0.011898403802478695,0.011898403802478691,0.013925645545106127
1772526953.4658165,1119,0.6382465362548828,1566.7926783713112,19.335012188929742,0.05985800435619765,0.8567714524641125,2.5023327150975367,0.0034906551750372994,0.15115737915039062,0.98,0.012225723378870087,0.012225723378870087,0.010440925136091106
1772526953.4789681,1120,0.8294582366943359,1205.6062086806553,19.24403011692625,0.10799128358468046,0.8578335908898252,2.5023327150975367,0.0034906718197941222,0.15115737915039062,0.98,0.011803133541804118,0.011803133541804121,0.009990117821319403
1772526953.4907372,1121,0.7879734039306641,1269.0783661119515,19.03843726730691,0.21132490578611016,0.8585362875728099,2.5023327150975367,0.0017453359098970611,0.15115737915039062,0.98,0.010286170387544565,0.010286170387544565,0.009448302417498127
1772526953.5032468,1122,0.5984306335449219,1671.0374501992032,19.34575930914386,0.3137050089759514,0.8599156116145686,2.5023327150975367,0.0034906551750372716,0.15115737915039062,0.98,0.010739026251498128,0.010739026251498128,0.011983631647813258
1772526953.51599,1123,0.7379055023193359,1355.1870759289177,19.29773567077137,0.06952054540758679,0.8652874242595464,2.5023327150975367,0.003490655175037327,0.03170967102050781,0.98,0.010752281822878035,0.010752281822878013,0.009110586836045795
1772526953.5289595,1124,0.8666515350341797,1153.8662998624484,19.27273709923942,0.05691197756765465,0.8657726151676235,2.5023327150975367,0.0034906551750372716,0.03743171691894531,0.98,0.010570912083864637,0.010570912083864637,0.009458483920251292
1772526953.5405998,1125,0.5998611450195312,1667.052464228935,19.134164530774232,0.1469194430485099,0.8695600431147349,2.5023327150975367,0.0017453359098970611,0.03743171691894531,0.98,0.009824892913265685,0.009824892913265685,0.012968529239961779
1772526953.5529222,1126,0.4494190216064453,2225.0949602122014,19.410406350386683,0.2818348620964936,0.8651200024642655,2.5023327150975367,0.0034906718197941222,0.03743171691894531,0.98,0.009781001657551353,0.009781001657551353,0.00932878047211078
1772526953.565902,1127,0.7157325744628906,1397.169886742172,19.394929595620834,0.03706471636760527,0.8620061799144295,2.5023327150975367,0.0017453359098970611,0.03743171691894531,0.98,0.010109221433088888,0.010109221433088915,0.021495556052048694
1772526953.5792868,1128,1.293182373046875,773.2861356932153,19.232395915333626,0.17039936390037058,0.8475713137975651,2.5023327150975367,0.005236007729691183,0.050067901611328125,0.98,0.014681065379543182,0.014681065379543157,0.008409539700375418
1772526953.5909612,1129,1.0478496551513672,954.3353811149033,18.99105903166772,0.2463767847974457,0.8394774788046436,2.5023327150975367,0.0017453359098970611,0.05221366882324219,0.98,0.013643905848441431,0.013643905848441435,0.01012278955796625
1772526953.6030328,1130,0.5099773406982422,1960.871435250117,19.196126356976027,0.2142408686214821,0.8360088297816589,2.5023327150975367,0.0017453359098970611,0.05221366882324219,0.98,0.012605277776963988,0.012605277776963988,0.008908811335532538
1772526953.6158822,1131,0.713348388671875,1401.8395721925133,19.12329277241664,0.0909573225103345,0.8320045331645094,2.5023327150975367,0.0,0.05221366882324219,0.98,0.011669345390383333,0.011669345390383333,0.009994250230946074
1772526953.6290514,1132,0.8549690246582031,1169.633017289459,19.022834903227036,0.1135212535616014,0.8303875214189711,2.5023327150975367,0.001745302620383471,0.05221366882324219,0.98,0.01049910212418718,0.01049910212418718,0.012870138347183882
1772526953.6405735,1133,0.6377696990966797,1567.9641121495326,18.76053165504801,0.2640503343973783,0.8203380369131599,2.5023327150975367,0.0017453359098970056,0.05221366882324219,0.98,0.011564138785110622,0.011564138785110622,0.012770439796844486
1772526953.6534266,1134,0.9083747863769531,1100.8671916010499,19.01844800727842,0.2627008237576099,0.8082479565861315,2.5023327150975367,0.0017453359098970611,0.05221366882324219,0.98,0.01563331318089389,0.01563331318089389,0.011023119217361863
1772526953.6665072,1135,1.196146011352539,836.0183376519833,18.90285001307604,0.13606879971855795,0.7946785137036866,2.5023327150975367,0.0017453359098970611,0.05221366882324219,0.98,0.01870467666458563,0.01870467666458563,0.008116156622359868
1772526953.6794734,1136,1.451253890991211,689.0593067192377,18.66022723390457,0.2585053539889266,0.7848882909329334,2.5023327150975367,0.0017453359098970611,0.06270408630371094,0.98,0.017793524902823012,0.017793524902823002,0.0077750696540145854
1772526953.6912844,1137,1.3022422790527344,767.9062614426949,18.44378114325836,0.2303158334097075,0.7739570578076683,2.5023327150975367,0.0017453359098970611,0.06651878356933594,0.98,0.016786782407103407,0.016786782407103407,0.00997488839673427
1772526953.7035048,1138,0.9443759918212891,1058.9002777076496,18.601440716585447,0.17869114487266854,0.7601449570190657,2.5023327150975367,0.0,0.06651878356933594,0.98,0.020142357624660174,0.020142357624660174,0.01060071111210404
1772526953.7165093,1139,1.2328624725341797,811.1204795977567,18.485160566248112,0.1485307034794503,0.7529034802293985,2.5023327150975367,0.0017453359098970611,0.06651878356933594,0.98,0.01759860463583475,0.01759860463583474,0.007936900275790228
1772526953.7287672,1140,0.843048095703125,1186.1719457013576,18.277216978037757,0.22665254495620663,0.7411233020509492,2.5023327150975367,0.0,0.06651878356933594,0.98,0.018304904165560174,0.018304904165560174,0.010907182704096678
1772526953.74049,1141,0.5664825439453125,1765.2794612794612,18.114239796397477,0.17845190635334635,0.7355935509988747,2.5023327150975367,0.0017453359098970611,0.06651878356933594,0.98,0.014603747117746473,0.014603747117746485,0.007111184482052057
1772526953.7530262,1142,0.49185752868652344,2033.1090644692197,18.244839677048382,0.14590987089969776,0.7277756466904118,2.5023327150975367,0.0017453359098970611,0.06651878356933594,0.98,0.015248859548214552,0.015248859548214552,0.007601840705725092
1772526953.7659328,1143,0.7197856903076172,1389.3024180192117,18.14061535137012,0.12777766697914827,0.717652291891835,2.5023327150975367,0.0017453359098970611,0.06651878356933594,0.98,0.016441517975530052,0.016441517975530045,0.009918203978729508
1772526953.779124,1144,0.8668899536132812,1153.5489548954895,18.00669251312679,0.15652467954992097,0.7130228956120688,2.5023327150975367,0.0,0.06651878356933594,0.98,0.014367139283181956,0.014367139283181956,0.01206737721753501
1772526953.7905567,1145,0.6144046783447266,1627.591773379899,17.71237174253966,0.29872222227946554,0.7117392142499087,2.5023327150975367,0.0034906551750372994,0.06651878356933594,0.98,0.009961096941768116,0.009961096941768112,0.012715381480542617
1772526953.8042736,1146,1.2669563293457031,789.293187805796,18.039088363812215,0.3305350605789995,0.7008732323039139,2.5023327150975367,0.0017453359098970611,0.0762939453125,0.98,0.014722434020030411,0.014722434020030411,0.013997577632050244
1772526953.8166475,1147,1.2900829315185547,775.143965995195,17.76618204937275,0.28260730799172873,0.6856881331111253,2.5023327150975367,0.001745319265140266,0.0762939453125,0.98,0.018094028138274144,0.018094028138274137,0.008967899695490125
1772526953.8288054,1148,0.9293556213378906,1076.0143663417136,17.663193203622672,0.1307957818659348,0.6717943788416094,2.5023327150975367,0.0034906551750372716,0.0762939453125,0.98,0.02038065384741372,0.02038065384741372,0.006684639831782922
1772526953.8405082,1149,0.5962848663330078,1677.0507796881247,17.50896112950786,0.18074628117810862,0.659232025144919,2.5023327150975367,0.0052359910849343605,0.0762939453125,0.98,0.02008226202468051,0.02008226202468051,0.006428878963535985
1772526953.8530445,1150,0.5345344543457031,1870.7867975022302,17.563502498807974,0.11649744720764092,0.648102346358174,2.5023327150975367,0.0034906551750372994,0.0762939453125,0.98,0.021017757093474577,0.021017757093474577,0.018078921656478893
1772526953.8660169,1151,0.7774829864501953,1286.201778595523,17.3765527042917,0.22952522119210553,0.6257081321552528,2.5023327150975367,0.0034906718197941222,0.0762939453125,0.98,0.027733452135467646,0.027733452135467643,0.006737185332349529
1772526953.8789132,1152,0.8709430694580078,1148.1806734191075,17.114406373227112,0.3028820985512023,0.6112798555932384,2.5023327150975367,0.006981310350074571,0.0762939453125,0.98,0.026734150875429023,0.026734150875429023,0.015375435222115512
1772526953.8905382,1153,0.6399154663085938,1562.7064083457526,16.76855396553759,0.37697473158809236,0.5872527359348282,2.5023327150975367,0.0034906718197941222,0.0762939453125,0.98,0.029448011278409843,0.029448011278409847,0.01131579152523352
1772526953.903064,1154,0.5147457122802734,1942.706808707735,16.81667498228671,0.17396061596995224,0.5642378212769962,2.5023327150975367,0.005235974440177538,0.0762939453125,0.98,0.03530975047563351,0.03530975047563351,0.005849125679307187
1772526953.9157724,1155,0.6957054138183594,1437.3899931459905,16.553005741050367,0.3323570115599779,0.5434347179275866,2.5023327150975367,0.005235991084934333,0.0762939453125,0.98,0.035117786516081995,0.03511778651608201,0.008407422166522464
1772526953.9291248,1156,0.9162425994873047,1091.4139994795732,16.332356268696536,0.31769592778004757,0.519497898350204,2.5023327150975367,0.0034906718197941222,0.0762939453125,0.98,0.03924713199271463,0.03924713199271464,0.016707522865617358
1772526953.9406312,1157,0.7221698760986328,1384.7157477715418,15.774026847683682,0.609172897571212,0.48779433251145504,2.5023327150975367,0.005235991084934333,0.0762939453125,0.98,0.03994763102655873,0.03994763102655874,0.0081569273557182
1772526953.9530735,1158,0.5180835723876953,1930.1905200184078,15.742324180889804,0.2617040936092291,0.4616119766169851,2.5023327150975367,0.0034906385302804765,0.0762939453125,0.98,0.04562892114681116,0.04562892114681116,0.0058179450555304
1772526953.9659324,1159,0.7748603820800781,1290.555076923077,15.4393178455981,0.4319116144465195,0.43463236445593606,2.5023327150975367,0.0017453691994105958,0.0762939453125,0.98,0.04672903692120431,0.04672903692120431,0.0066521885068984874
1772526953.9788303,1160,0.8692741394042969,1150.3850795392211,15.096727599128076,0.4796178215917622,0.41184825297772365,2.5023327150975367,0.0034906718197940945,0.0762939453125,0.98,0.045665476461239835,0.045665476461239835,0.005188441573019781
1772526953.9911237,1161,1.1551380157470703,865.6974200206398,14.638057466601822,0.5701394276532707,0.38665451610960355,2.5023327150975367,0.003490671819794011,0.0762939453125,0.98,0.04337773531636814,0.04337773531636814,0.01104226255488486
1772526954.003541,1162,0.9787082672119141,1021.7549330085262,14.471285620644585,0.39071829169697764,0.35926125120975755,2.5023327150975367,0.0034906718197941222,0.0762939453125,0.98,0.04898912954738225,0.04898912954738224,0.005263758801336724
1772526954.0163386,1163,1.1487007141113281,870.5487754254877,14.167119129532455,0.500632279495984,0.336383374408056,2.5023327150975367,0.0034906718197941222,0.0762939453125,0.98,0.04837039068384453,0.04837039068384453,0.008669003040681847
1772526954.029093,1164,1.2345314025878906,810.0239474700657,13.831097739634131,0.5390452899429973,0.3171383967785995,2.5023327150975367,0.003490605240766831,0.0762939453125,0.98,0.04594973986216797,0.04594973986216797,0.004125210292186355
1772526954.0412934,1165,1.3012886047363281,768.4690362770245,13.430897545027147,0.5834383719270725,0.29583818849251203,2.5023327150975367,0.0034906718197941222,0.0762939453125,0.98,0.04401177714794149,0.04401177714794149,0.003854599426114289
1772526954.0535462,1166,0.9493827819824219,1053.3159216474135,13.263254087990866,0.46857476110684054,0.27678210584555807,2.5023327150975367,0.0017453691994107068,0.0762939453125,0.98,0.04609610447063133,0.04609610447063133,0.009462743496983214
1772526954.0666094,1167,1.3241767883300781,755.186172128196,13.031837511943971,0.521432865755539,0.26163020903260503,2.5023327150975367,0.003490605240766831,0.0762939453125,0.98,0.04394844439589862,0.04394844439589862,0.005123721693824318
1772526954.0792704,1168,1.394033432006836,717.3429108944758,12.74500206691593,0.558727420288264,0.24623963294505002,2.5023327150975367,0.0017453691994107068,0.0762939453125,0.98,0.04244145565226981,0.04244145565226981,0.0170628857500875
1772526954.091292,1169,1.2936592102050781,773.0011057869517,12.435612533320443,0.5517867598208211,0.23700320623782659,2.5023327150975367,0.0034906718197941222,0.0762939453125,0.98,0.03581406965715344,0.03581406965715344,0.003864476954543202
1772526954.1034899,1170,0.9169578552246094,1090.5626625065004,12.370678361081424,0.44314522715384824,0.22497788100640456,2.5023327150975367,0.0017453359098970611,0.0762939453125,0.98,0.03762856763576225,0.03762856763576225,0.006276880760532538
1772526954.1162598,1171,1.1603832244873047,861.7842613519622,12.237269113131163,0.4686165226200856,0.21505770074201103,2.5023327150975367,0.0034906718197941222,0.0762939453125,0.98,0.036296183739270814,0.036296183739270814,0.004490116525528517
1772526954.1287982,1172,0.8437633514404297,1185.166431195253,12.116639912702745,0.4821303646966118,0.20471329173814898,2.5023327150975367,0.0017453359098970611,0.0762939453125,0.98,0.03750794491479559,0.03750794491479558,0.003957752290301646
1772526954.1404295,1173,0.5354881286621094,1867.4550311665182,11.832255576831622,0.5567091434513223,0.19579436533745467,2.5023327150975367,0.0017453691994107068,0.0762939453125,0.98,0.03500003358170324,0.03500003358170324,0.006165378747634913
1772526954.1535594,1174,0.9565353393554688,1045.4396809571285,11.858132747123978,0.5073468133047999,0.18829925452054905,2.5023327150975367,0.003490605240766831,0.0762939453125,0.98,0.03893285876527297,0.03893285876527297,0.009940223079034463
1772526954.1665888,1175,1.2865066528320312,777.2987398072646,11.786815843901048,0.5798825226781019,0.18205990127166763,2.5023327150975367,0.0034906718197941222,0.0762939453125,0.98,0.041394131048134386,0.04139413104813436,0.0030292266744687286
1772526954.1787417,1176,0.9405612945556641,1063.1949302915082,11.669683297025628,0.6434819311935076,0.17948188850289734,2.5023327150975367,0.0034906718197941222,0.0762939453125,0.98,0.04048423006864874,0.04048423006864873,0.0038373143569786234
1772526954.190617,1177,0.7054805755615234,1417.473470767151,11.587283497803922,0.6719894751820096,0.18004633403603015,2.5023327150975367,0.0017453359098970611,0.0762939453125,0.98,0.03950498592152694,0.03950498592152694,0.002967413273546479
1772526954.2029884,1178,0.5328655242919922,1876.6460850111857,11.738759656845275,0.7225082072246033,0.183908553438596,2.5023327150975367,0.0034906718197941222,0.0762939453125,0.98,0.041198779720014636,0.04119877972001465,0.005217622903178115
1772526954.216066,1179,0.7765293121337891,1287.781393920786,11.933166626649628,0.7600227581676348,0.19070571010390408,2.5023327150975367,0.0034906718197941222,0.0762939453125,0.98,0.04129399052466322,0.04129399052466322,0.005287730789787633
1772526954.2288508,1180,0.8571147918701172,1166.7048678720446,12.068438609353182,0.7476273964711256,0.201003517527637,2.5023327150975367,0.0034906718197941222,0.0762939453125,0.98,0.039804220048514145,0.039804220048514145,0.00437604352780649
1772526954.2408845,1181,0.9682178497314453,1032.8254124599853,12.149478801749698,0.7355355618266358,0.21833721213095858,2.5023327150975367,0.0034906718197941222,0.09131431579589844,0.98,0.03795248411908077,0.03795248411908077,0.008832141427590375
1772526954.2529366,1182,0.4894733428955078,2043.01217730151,12.571053075453595,0.8845780884232187,0.24413169518802932,2.5023327150975367,0.003490605240766831,0.09131431579589844,0.98,0.041450549478105954,0.041450549478105954,0.006860108846894244
1772526954.2658951,1183,0.7305145263671875,1368.8981723237598,13.103139152293737,0.9914402026720175,0.27956651515272335,2.5023327150975367,0.0017453691994107068,0.09131431579589844,0.98,0.04382382018094427,0.04382382018094427,0.0027989066083473576
1772526954.279325,1184,1.2364387512207031,808.7743925954493,13.698904057175353,1.0692761153409762,0.32258568768414747,2.5023327150975367,0.003490671819794011,0.09131431579589844,0.98,0.04483392958887952,0.04483392958887952,0.004575005171554547
1772526954.2907019,1185,0.7531642913818359,1327.7315606204495,14.157024413896256,1.0261223967846735,0.381983516081721,2.5023327150975367,0.0017453359098970611,0.09131431579589844,0.98,0.04116072147185023,0.04116072147185024,0.006959186381866215
1772526954.3030097,1186,0.5016326904296875,1993.490494296578,15.144209856014111,1.356459655328428,0.43361182745748333,2.5023327150975367,0.001745302620383471,0.09131431579589844,0.98,0.04279326860209022,0.04279326860209021,0.015084234401761943
1772526954.3160071,1187,0.7615089416503906,1313.1822166562304,16.025511517805963,1.1999717887249643,0.481801472384843,2.5023327150975367,0.0017453691994105958,0.09131431579589844,0.98,0.040718077985931335,0.040718077985931335,0.02009800664697023
1772526954.3289452,1188,0.8740425109863281,1144.1091107474085,16.69375138158467,0.9473101641002714,0.5223873577510209,2.5023327150975367,0.0017453359098970056,0.09131431579589844,0.98,0.036847540808460616,0.036847540808460616,0.020242847898522903
1772526954.3408427,1189,0.8118152618408203,1231.807342143906,17.09621251714365,0.6733037976678778,0.5588800132516384,2.5023327150975367,0.0017453359098970611,0.09131431579589844,0.98,0.030640777100340397,0.030640777100340397,0.0260983287465811
1772526954.3530138,1190,0.5223751068115234,1914.333181195801,17.70901067251393,0.7369936619462044,0.5694585342313958,2.5023327150975367,0.0034906718197941222,0.09131431579589844,0.98,0.02715721119694086,0.02715721119694086,0.032951001917665555
1772526954.3659377,1191,0.7123947143554688,1403.7161981258366,18.014799965141854,0.39024118928907636,0.5554893989147014,2.5023327150975367,0.0017453026203835265,0.09131431579589844,0.98,0.02186766514122727,0.02186766514122727,0.022807758427588302
1772526954.37898,1192,0.8878707885742188,1126.2900107411385,18.02225348569168,0.16542344152050112,0.5516509746453627,2.5023327150975367,0.0017453359098970611,0.09131431579589844,0.98,0.018155444591071886,0.018155444591071893,0.019269163797327273
1772526954.390627,1193,0.7116794586181641,1405.1269681742044,17.745836173952025,0.29841621638631105,0.5462516249893894,2.5023327150975367,0.0017453359098970611,0.09131431579589844,0.98,0.013603391529457458,0.013603391529457458,0.01978648405502322
1772526954.4029114,1194,0.5016326904296875,1993.490494296578,17.89650265341935,0.19370097369858943,0.5290282451933964,2.5023327150975367,0.0017453275875186497,0.09131431579589844,0.98,0.011476428591750049,0.01147642859175005,0.027388534957228747
1772526954.4158099,1195,0.7321834564208984,1365.7779225008142,17.782226507620436,0.20816491829440567,0.49202230445563383,2.5023327150975367,0.001745302620383471,0.09131431579589844,0.98,0.00862372753051743,0.008623727530517418,0.015356966692609728
1772526954.4286444,1196,0.9052753448486328,1104.6362918093232,17.44741234058023,0.40455950131761104,0.47119628588739054,2.5023327150975367,0.0017453359098970611,0.09131431579589844,0.98,0.007477642270603318,0.007477642270603318,0.019427325742408397
1772526954.4404805,1197,0.6434917449951172,1554.0214894405335,16.9874105547984,0.512524617853431,0.4395149781393031,2.5023327150975367,0.0017453359098970611,0.09131431579589844,0.98,0.007292432152884062,0.007292432152884077,0.0064260798330003435
1772526954.4529154,1198,0.5161762237548828,1937.3228637413395,16.833155078110398,0.2671497314560328,0.432178314150861,2.5023327150975367,0.0017453359098970611,0.09131431579589844,0.98,0.007343301648116643,0.007343301648116643,0.006492894631869545
1772526954.4656503,1199,0.7250308990478516,1379.2515619861888,16.612552336161798,0.2948801198931854,0.4204445069408373,2.5023327150975367,0.0,0.09131431579589844,0.98,0.007550849700230512,0.007550849700230512,0.005097304399671988
1772526954.4784415,1200,0.8130073547363281,1230.0011730205279,16.433742341202564,0.2424820844337998,0.4116705584974418,2.5023327150975367,0.0,0.09131431579589844,0.98,0.007763323024692463,0.007763323024692463,0.004704289298033809
1772526954.490478,1201,0.6568431854248047,1522.433393829401,16.16081019472706,0.2992913249620148,0.405311185058424,2.5023327150975367,0.0017453359098970611,0.09131431579589844,0.98,0.00736706981844611,0.00736706981844611,0.005740612250401295
1772526954.502932,1202,0.5652904510498047,1769.002108814846,16.140280063995565,0.10194219854044013,0.39537807229631994,2.5023327150975367,0.0017453026203834154,0.09131431579589844,0.98,0.007863593396480713,0.007863593396480713,0.006542150484868901
1772526954.5157907,1203,0.7266998291015625,1376.0839895013123,16.042889319980418,0.14763992039375362,0.3834112086173284,2.5023327150975367,0.0017453359098970611,0.09131431579589844,0.98,0.008355938140669046,0.008355938140669046,0.0074405474558305665
1772526954.5285943,1204,0.8552074432373047,1169.3069417340396,15.85401872618398,0.23013692614091466,0.36928843241563497,2.5023327150975367,0.0017453359098970611,0.09131431579589844,0.98,0.008946453721253023,0.008946453721253023,0.007312038005154993
1772526954.5406163,1205,0.7443428039550781,1343.4670083279948,15.54583978991873,0.3372782910462567,0.35521626036690596,2.5023327150975367,0.0017453691994105958,0.09131431579589844,0.98,0.009067673989481743,0.009067673989481741,0.006133520916307798
1772526954.552924,1206,0.5121231079101562,1952.655493482309,15.495529507895185,0.14777681192305053,0.348700797329141,2.5023327150975367,0.0034906385302804765,0.09131431579589844,0.98,0.009176363602603668,0.009176363602603668,0.00737592101939027
1772526954.5659914,1207,0.8211135864257812,1217.8583042973287,15.401894243963687,0.18143902328032627,0.3363539056867268,2.5023327150975367,0.0017453275875186497,0.09131431579589844,0.98,0.009941741608694165,0.009941741608694165,0.008541412427699785
1772526954.5788233,1208,0.9047985076904297,1105.218445322793,15.194538312697325,0.2544510513553649,0.33471963545435746,2.5023327150975367,0.0034906718197941222,0.09131431579589844,0.98,0.008984608595568648,0.008984608595568648,0.008360756444049738
1772526954.590651,1209,0.7593631744384766,1316.8929356357928,14.93532930509668,0.27743631818367304,0.3336404871371985,2.5023327150975367,0.0017453691994105958,0.09131431579589844,0.98,0.007871940314777112,0.007871940314777112,0.009897294536113087
1772526954.6029565,1210,0.4992485046386719,2003.0105062082139,15.038767038984082,0.12763930840251503,0.33683498280212476,2.5023327150975367,0.0017453359098970056,0.09131431579589844,0.98,0.0075763234471107705,0.0075763234471107705,0.00663605605144931
1772526954.6159325,1211,0.7491111755371094,1334.915340547422,15.092989739241782,0.07587504753768648,0.3360167724623308,2.5023327150975367,0.001745302620383471,0.09131431579589844,0.98,0.007471889185201026,0.007471889185201026,0.00815590607419664
1772526954.6286094,1212,0.9043216705322266,1105.801212760348,15.028051579131494,0.08426706482800309,0.3388608145119421,2.5023327150975367,0.0017453359098970611,0.09131431579589844,0.98,0.006973907376275766,0.006973907376275766,0.0060108513153400945
1772526954.6405544,1213,0.7104873657226562,1407.4845637583892,14.935450728627439,0.1095313801740185,0.3375398395425255,2.5023327150975367,0.0017453691994107068,0.09131431579589844,0.98,0.006571750144159182,0.006571750144159182,0.009277725034819979
1772526954.6529675,1214,0.5087852478027344,1965.4657919400188,15.076750712913245,0.15515561857674479,0.34393101820267996,2.5023327150975367,0.0017453359098970056,0.09131431579589844,0.98,0.006461163913966413,0.006461163913966411,0.009856574818993075
1772526954.6659505,1215,0.7443428039550781,1343.4670083279948,15.17243710170783,0.11594357742776092,0.352985391501481,2.5023327150975367,0.0034906718197941222,0.09131431579589844,0.98,0.006459245006654254,0.006459245006654254,0.014753858463037948
1772526954.6787665,1216,0.8900165557861328,1123.5746048754354,15.22951735904437,0.11997358882221774,0.3714145454026651,2.5023327150975367,0.0017453359098970611,0.09131431579589844,0.98,0.007274530790044257,0.007274530790044257,0.012685022679327822
1772526954.6904728,1217,0.6067752838134766,1648.0565815324164,15.265332447132774,0.18802439080701083,0.39194862093791255,2.5023327150975367,0.0017453691994107068,0.09131431579589844,0.98,0.007848330620032233,0.007848330620032233,0.013316157313189513
1772526954.702963,1218,0.5419254302978516,1845.2723273207216,15.693124916002196,0.4954264001860914,0.41803243255160855,2.5023327150975367,0.0017453359098970611,0.09131431579589844,0.98,0.009837560315230953,0.009837560315230953,0.009777011737265157
1772526954.7163365,1219,0.8909702301025391,1122.3719561145303,16.107203055324998,0.48891121950951627,0.4437521798627512,2.5023327150975367,0.001745319265140266,0.09131431579589844,0.98,0.011349482640516346,0.011349482640516344,0.006109318534938384
1772526954.7289002,1220,0.8835792541503906,1131.7603885590934,16.265189809630165,0.3019065454746866,0.4592815768069271,2.5023327150975367,0.0034906718197940667,0.09131431579589844,0.98,0.010500342594372991,0.010500342594372991,0.008201540354078234
1772526954.7404995,1221,0.5846023559570312,1710.5644371941273,16.3827294963803,0.2659563040481012,0.46688353973068114,2.5023327150975367,0.0034906718197941222,0.09131431579589844,0.98,0.008944158857392337,0.008944158857392337,0.006061676375420793
1772526954.7529807,1222,0.5240440368652344,1908.2365787079164,16.816897024512087,0.47931673308434797,0.48649177716843617,2.5023327150975367,0.0034906718197941222,0.09131431579589844,0.98,0.009959593434888838,0.009959593434888829,0.00677469609388173
1772526954.7660234,1223,0.7700920104980469,1298.5461300309598,17.08065168799616,0.3058080363063472,0.4975839449993615,2.5023327150975367,0.003490605240766831,0.09131431579589844,0.98,0.009706486624367305,0.009706486624367305,0.005223048617434625
1772526954.7786295,1224,0.8485317230224609,1178.506322000562,17.138659431109208,0.15063195069828655,0.5142558681243526,2.5023327150975367,0.0034906718197941222,0.09131431579589844,0.98,0.009559755533147788,0.009559755533147788,0.005656851061871687
1772526954.7905717,1225,0.7212162017822266,1386.5467768595042,17.227032798528406,0.1785034328270178,0.5278496060476999,2.5023327150975367,0.005235974440177538,0.09131431579589844,0.98,0.009074764877830228,0.009074764877830228,0.012508359226220955
1772526954.8028996,1226,0.5276203155517578,1895.3023045639404,17.624490151075694,0.43933915349445213,0.5673072846782616,2.5023327150975367,0.0034906718197941222,0.09131431579589844,0.98,0.011576547109480147,0.011576547109480147,0.007058008357913327
1772526954.815908,1227,0.7507801055908203,1331.9479199745952,18.00461594986431,0.43629510706436675,0.603123067499794,2.5023327150975367,0.0034906718197941222,0.09131431579589844,0.98,0.012947522269974567,0.012947522269974565,0.00624567083496274
1772526954.828814,1228,0.8842945098876953,1130.8449716904827,18.320910453332598,0.402263433607471,0.6430664460713461,2.5023327150975367,0.005235974440177538,0.09131431579589844,0.98,0.0137813547205009,0.013781354720500908,0.005188087811183226
1772526954.8409348,1229,0.8525848388671875,1172.903803131991,18.593819769979827,0.3958505353629467,0.6820953757785517,2.5023327150975367,0.0034906718197941222,0.09131431579589844,0.98,0.01338509332200325,0.013385093322003253,0.010349729174017766
1772526954.8529673,1230,0.5171298980712891,1933.7501152604887,19.179384547421268,0.6662050880441257,0.7429802926115916,2.5023327150975367,0.0034906718197941222,0.09131431579589844,0.98,0.015348414291602996,0.015348414291602996,0.009447665042836695
1772526954.866122,1231,0.7588863372802734,1317.7203895695884,19.88908051467505,0.776378578341196,0.8159549355699817,2.5023327150975367,0.0017453359098970611,0.09131431579589844,0.98,0.017872934952568784,0.01787293495256878,0.006066675454472239
1772526954.8787975,1232,0.8356571197509766,1196.6630527817404,20.37986748598987,0.593041771198373,0.8883125754770975,2.5023327150975367,0.0034906385302804765,0.09131431579589844,0.98,0.017654494177838237,0.017654494177838237,0.005488733952688906
1772526954.8909435,1233,0.8587837219238281,1164.437534702943,20.983320366483873,0.7063072584628809,0.9660943354753558,2.5023327150975367,0.0017453359098970611,0.09131431579589844,0.98,0.017023292960610004,0.017023292960610004,0.0053282244090743945
1772526954.9029696,1234,0.4851818084716797,2061.0830466830466,21.790309309116257,0.8772529450225247,1.0410937864170653,2.5023327150975367,0.0017453691994107068,0.09131431579589844,0.98,0.016697621422055758,0.01669762142205575,0.00424527086867264
1772526954.9162354,1235,0.7586479187011719,1318.134506599623,22.56550183840059,0.8264263152351258,1.1338719415621124,2.5023327150975367,0.0017453359098970611,0.09131431579589844,0.98,0.017719288273856517,0.017719288273856514,0.0104919987985321
1772526954.9289253,1236,0.8790493011474609,1137.5926227285056,22.963542762396035,0.4667544382621579,1.1872106023831965,2.5023327150975367,0.0017453359098970611,0.09131431579589844,0.98,0.015023087228014006,0.015023087228014006,0.0163893990119361
1772526954.9406729,1237,0.7252693176269531,1378.7981591058515,23.307404575938012,0.4043785667464961,1.1886069960817482,2.5023327150975367,0.0017453026203834154,0.09131431579589844,0.98,0.011409334701363181,0.011409334701363186,0.01781920269698938
1772526954.9529893,1238,0.49185752868652344,2033.1090644692197,23.704125565264263,0.41647163365183887,1.1527817202290385,2.5023327150975367,0.0017453359098970611,0.09131431579589844,0.98,0.009594006930341136,0.009594006930341134,0.012984572560832842
1772526954.966118,1239,0.7441043853759766,1343.8974687600128,23.55431479348799,0.26643106400871935,1.1293230799175726,2.5023327150975367,0.0017453359098970611,0.09131431579589844,0.98,0.00798664729840172,0.00798664729840173,0.015107345611136615
1772526954.978864,1240,0.8220672607421875,1216.445475638051,23.146125962047964,0.43932163554583176,1.082018908182585,2.5023327150975367,0.0,0.09131431579589844,0.98,0.0060792479644044784,0.0060792479644044784,0.01198364138064994
1772526954.9907305,1241,0.8008480072021484,1248.6763917832689,22.783405095530256,0.38964766784760074,1.0396976379360157,2.5023327150975367,0.0034906718197941222,0.09131431579589844,0.98,0.0047036927455330795,0.0047036927455330795,0.009590454618410404
1772526955.0030832,1242,0.5300045013427734,1886.7764282501125,22.9013103743137,0.15810097030991724,1.0601630696180806,2.5023327150975367,0.0017453275875186497,0.09131431579589844,0.98,0.005328665086201703,0.0053286650862017036,0.009733972553001678
1772526955.016126,1243,0.7886886596679688,1267.9274486094316,22.88246834942935,0.06956078388436714,1.1067530322512544,2.5023327150975367,0.0017453691994105958,0.09131431579589844,0.98,0.0071802339917990165,0.0071802339917990165,0.006487073442748089
1772526955.0289438,1244,0.8594989776611328,1163.4685159500693,22.97712036729246,0.14940734801269095,1.1551433434570844,2.5023327150975367,0.0017453359098970611,0.09131431579589844,0.98,0.008006567337061538,0.008006567337061538,0.00499687717531888
1772526955.0411515,1245,1.0788440704345703,926.9180110497238,23.18680006413281,0.30617826086019206,1.192317440602878,2.5023327150975367,0.0034906551750372994,0.09131431579589844,0.98,0.006875107080706367,0.006875107080706374,0.005822616029367409
1772526955.053119,1246,0.5593299865722656,1787.85336743393,23.76653288636745,0.6092375509810803,1.2506622506224507,2.5023327150975367,0.0034906551750372855,0.09131431579589844,0.98,0.007717790118223189,0.007717790118223208,0.007379665658615317
1772526955.0660782,1247,0.7412433624267578,1349.0845931167578,24.196347299830943,0.4594032692389031,1.3330949836453325,2.5023327150975367,0.0034906718197941222,0.09131431579589844,0.98,0.009113194015892919,0.009113194015892945,0.010658169934736738
1772526955.079049,1248,0.8611679077148438,1161.2137320044296,24.646250922316252,0.49145733310103856,1.455971951884781,2.5023327150975367,0.0034906551750372994,0.09131431579589844,0.98,0.011570854503180522,0.01157085450318052,0.009429885253797343
1772526955.090711,1249,0.7474422454833984,1337.8960127591706,25.303209595567697,0.7521350876791455,1.608346067008641,2.5023327150975367,0.005235991084934347,0.09131431579589844,0.98,0.01200680906135904,0.01200680906135904,0.008127232813502886
1772526955.1029804,1250,0.5156993865966797,1939.1141932501155,26.567369128240788,1.3102689690538054,1.778768543434789,2.5023327150975367,0.005235982762555949,0.09131431579589844,0.98,0.013800348492294771,0.013800348492294789,0.0073903935023253275
1772526955.1159885,1251,0.7319450378417969,1366.2228013029317,27.509718572205948,0.9991365493795613,1.989251958403807,2.5023327150975367,0.005235991084934347,0.09131431579589844,0.98,0.014907100640326475,0.014907100640326475,0.004945639582747474
1772526955.129314,1252,1.058816909790039,944.4503490204909,28.338601693575967,0.8961025515891191,2.1729131448116403,2.5023327150975367,0.005235986923745148,0.09131431579589844,0.98,0.014536066688830094,0.014536066688830094,0.005691041133912968
1772526955.1410837,1253,0.9686946868896484,1032.317007137583,29.23063522380925,0.9870826159972281,2.34115549800916,2.5023327150975367,0.006981318672452996,0.09131431579589844,0.98,0.012157013152319002,0.012157013152319004,0.004605027636906912
1772526955.1530101,1254,0.5121231079101562,1952.655493482309,30.493220332319122,1.3072802636058978,2.5413536600852695,2.5023327150975367,0.005235986923745148,0.09131431579589844,0.98,0.013473672483613175,0.013473672483613175,0.005792453072757979
1772526955.166228,1255,0.7853507995605469,1273.3163327261689,31.27742151241555,0.864020205644577,2.787697790994467,2.5023327150975367,0.0034906718197940667,0.09131431579589844,0.98,0.01566553068505351,0.015665530685053514,0.009258345532301525
1772526955.1791117,1256,0.99945068359375,1000.5496183206106,31.855762781137198,0.660567943226306,2.9167800913941027,2.5023327150975367,0.005235986923745148,0.09131431579589844,0.98,0.013402834330558475,0.013402834330558475,0.005345537013329155
1772526955.1907215,1257,0.7653236389160156,1306.6367601246106,32.72522349227546,0.9608544903626987,3.0835247080976593,2.5023327150975367,0.0034906718197941222,0.09131431579589844,0.98,0.011733784667573782,0.01173378466757378,0.00994779652666791
1772526955.2029955,1258,0.4916191101074219,2034.0950533462658,33.90809280677039,1.2222240409183456,3.472352938557658,2.5023327150975367,0.0017453317487078485,0.09131431579589844,0.98,0.015180504519288238,0.015180504519288238,0.007617502939644869
1772526955.2161143,1259,0.7634162902832031,1309.9013116801998,35.004816296511855,1.1809865556619819,4.013949503990009,2.5023327150975367,0.0034906718197941222,0.09131431579589844,0.98,0.016760555541231764,0.016760555541231747,0.013588523215092078
1772526955.2291417,1260,0.8881092071533203,1125.9876510067113,36.98618003943833,2.164701677963248,5.023386758229963,2.5023327150975367,0.0017453691994107068,0.09131431579589844,0.98,0.020024721494203514,0.020024721494203514,0.01044959603107596
1772526955.240775,1261,0.7917881011962891,1262.964167419452,40.658223734793324,4.017238199551582,6.468755399109698,2.5023327150975367,0.0017453026203834154,0.09131431579589844,0.98,0.018444780354535117,0.018444780354535117,0.008951154032558018
1772526955.2529502,1262,0.49042701721191406,2039.0393777345648,44.43011346252848,4.257369746745904,8.508372215693315,2.5023327150975367,0.0034906718197941222,0.09131431579589844,0.98,0.020303781575488487,0.020303781575488487,0.0137461791105485
1772526955.2663019,1263,0.7483959197998047,1336.19114367633,48.91229205928443,5.728403534060416,12.864277607894396,2.5023327150975367,0.0017453359098970056,0.09131431579589844,0.98,0.02539764909450827,0.02539764909450827,0.010655617875583981
1772526955.2792795,1264,0.9722709655761719,1028.5198626777833,55.40920621764203,8.445524610869592,18.872236724317773,2.5023327150975367,0.0017453691994107068,0.09131431579589844,0.98,0.021706144314049713,0.021706144314049713,0.0040315372876476435
1772526955.2909858,1265,0.988006591796875,1012.1389961389962,64.85656503365888,12.68734280544912,29.729817656321703,2.5023327150975367,0.0017453026203834154,0.09131431579589844,0.98,0.021267535837384315,0.021267535837384315,0.003546009956820918
1772526955.3030152,1266,0.5414485931396484,1846.8974020255393,73.17267849020443,18.736825735797325,48.45686614514815,2.5023327150975367,0.001745302620383471,0.09131431579589844,0.98,0.023974273078990922,0.023974273078990922,0.014558878847809846
1772526955.3160582,1267,0.7886886596679688,1267.9274486094316,78.99329782291187,19.320031926689047,68.05933002405703,2.5023327150975367,0.0017453359098970056,0.09131431579589844,0.98,0.021379851724611498,0.021379851724611498,0.022097406788317647
1772526955.328908,1268,0.9524822235107422,1049.8883604505631,76.82785935133809,10.027140626333496,70.98458435773978,2.5023327150975367,0.0017453359098970611,0.09131431579589844,0.98,0.019406983605952954,0.019406983605952954,0.017473426945370907
1772526955.3408837,1269,0.8778572082519531,1139.1374253123302,78.49542375692356,4.748681663317838,71.17699527013643,2.5023327150975367,0.0017453359098970611,0.09131431579589844,0.98,0.016748812974706647,0.016748812974706647,0.03457182568317619
1772526955.352976,1270,0.5617141723632812,1780.264855687606,74.13387514343647,17.738736087758,50.99223808053171,2.5023327150975367,0.0017453359098970611,0.09131431579589844,0.98,0.013252104163985706,0.013252104163985706,0.027225528502947603
1772526955.3659778,1271,0.8029937744140625,1245.3396674584324,68.63733981254816,14.546047549790547,34.623167695290654,2.5023327150975367,0.005235974440177538,0.09131431579589844,0.98,0.013786033031841186,0.013786033031841196,0.028618078963392118
1772526955.3792956,1272,1.2416839599609375,805.357910906298,61.834390979614334,9.609209901368558,21.812082718885517,2.5023327150975367,0.0017453359098970611,0.09131431579589844,0.98,0.015978310688008878,0.01597831068800889,0.03385257327427552
1772526955.3907428,1273,0.7870197296142578,1270.616176916086,56.73260905311853,7.1952100204245255,12.689677214043446,2.5023327150975367,0.006981310350074599,0.09131431579589844,0.98,0.021369413650366268,0.02136941365036627,0.02708910891337907
1772526955.4030855,1274,0.6954669952392578,1437.882756256428,50.03600835713294,8.021368508676913,8.496295970206036,2.5023327150975367,0.0034906718197941222,0.09131431579589844,0.98,0.016369954025044202,0.016369954025044202,0.024571852921139215
1772526955.4159493,1275,0.8227825164794922,1215.388003477253,44.37158188213126,6.512111288164416,5.721126820342299,2.5023327150975367,0.006981310350074599,0.09131431579589844,0.98,0.021187727486492634,0.021187727486492655,0.03104739688818887
1772526955.4287689,1276,0.8630752563476562,1158.6475138121548,39.51501060966808,5.400038754212801,3.777639329236487,2.5023327150975367,0.005235974440177538,0.09131431579589844,0.98,0.02922922300708938,0.02922922300708938,0.0242982422424355
1772526955.4407885,1277,0.8320808410644531,1201.8063037249283,35.47788424044823,4.403615422288413,2.6487372328476293,2.5023327150975367,0.005236007729691128,0.09131431579589844,0.98,0.029598233635877713,0.029598233635877713,0.019160039277748016
1772526955.4529903,1278,0.5233287811279297,1910.8446469248292,32.1461318288577,3.6121962857684204,1.9803856500432435,2.5023327150975367,0.0017453317487078485,0.09131431579589844,0.98,0.03175635488562644,0.03175635488562644,0.012286973761998585
1772526955.4659808,1279,0.8313655853271484,1202.8402638371092,29.179027777483327,3.163393615153294,1.5873001661498556,2.5023327150975367,0.00872664625997166,0.09131431579589844,0.98,0.03129218602795195,0.031292186027951974,0.012935108281860027
1772526955.4789739,1280,0.8788108825683594,1137.901247965274,26.7390832008138,2.587713760056711,1.2543332181177136,2.5023327150975367,0.0034906718197941222,0.09131431579589844,0.98,0.034528012728259456,0.034528012728259456,0.005696907927855825
1772526955.4909234,1281,0.9648799896240234,1036.3983197430196,24.612212044080664,2.2326017934428943,1.030272639655944,2.5023327150975367,0.0034906718197941222,0.09131431579589844,0.98,0.031913380075196764,0.03191338007519677,0.0027558044106049708
1772526955.5029895,1282,0.484466552734375,2064.1259842519685,23.320719565629425,1.4195162084406936,0.8834602698844721,2.5023327150975367,0.0017453275875186497,0.09131431579589844,0.98,0.033802747596162495,0.0338027475961625,0.007965700617330712
1772526955.5164125,1283,0.7965564727783203,1255.4037713259504,22.030160804315802,1.4059920707364486,0.7816179251877896,2.5023327150975367,0.0017453359098970611,0.09131431579589844,0.98,0.033926594945922414,0.03392659494592241,0.007516261179233843
1772526955.529285,1284,0.9660720825195312,1035.1194471865745,20.72502177291723,1.3907439826705699,0.6963261684417524,2.5023327150975367,0.0,0.05078315734863281,0.98,0.03159276310115918,0.03159276310115918,0.01491422796266195
1772526955.54105,1285,1.0344982147216797,966.6522240147499,19.721087795368675,1.077317584471607,0.6482144589018738,2.5023327150975367,0.0017453359098970611,0.06031990051269531,0.98,0.02651259766451333,0.02651259766451333,0.014091258142223714
1772526955.553281,1286,0.7488727569580078,1335.3403374721427,19.39778301320671,0.46288538664073525,0.6153149634777858,2.5023327150975367,0.0017453275875186497,0.06031990051269531,0.98,0.025746611664071075,0.025746611664071075,0.018107926269074745
1772526955.5660446,1287,0.6959438323974609,1436.8975676601576,19.01455479387792,0.47242362450647174,0.5965443709136976,2.5023327150975367,0.0,0.06031990051269531,0.98,0.023250970871136974,0.023250970871136974,0.019610380026577327
1772526955.579027,1288,0.8754730224609375,1142.2396514161221,18.616104005995076,0.45391901332537443,0.5887182533466451,2.5023327150975367,0.0017453359098970611,0.06031990051269531,0.98,0.01986582748346594,0.019865827483465943,0.02369861577315855
1772526955.5907192,1289,0.7002353668212891,1428.0912495743955,18.245871792559864,0.40079931742503117,0.5992787812752646,2.5023327150975367,0.0,0.06031990051269531,0.98,0.01454953183969569,0.01454953183969569,0.0203252722557775
1772526955.6029506,1290,0.45371055603027344,2204.048344718865,18.47117110352609,0.2767746004866923,0.6160494217351654,2.5023327150975367,0.0,0.06031990051269531,0.98,0.012132341680084592,0.012132341680084596,0.017696480640744184
1772526955.6158915,1291,0.7281303405761719,1373.3804846103471,18.63160109924364,0.2015447626168708,0.6338578553279324,2.5023327150975367,0.0034906551750372924,0.06031990051269531,0.98,0.009646971466912463,0.009646971466912463,0.01966698308135554
1772526955.6291356,1292,0.9438991546630859,1059.4352109118465,18.79128946727685,0.20930803031258585,0.665672781370845,2.5023327150975367,0.003490659336226505,0.06031990051269531,0.98,0.007311786329268352,0.007311786329268352,0.016825077029130404
1772526955.6407187,1293,0.6914138793945312,1446.311724137931,18.77407581260167,0.19922684475944574,0.7011261874479031,2.5023327150975367,0.003490659336226498,0.06031990051269531,0.98,0.005259295324094256,0.0052592953240942495,0.00991270724701226
1772526955.652925,1294,0.48828125,2048.0,19.33407282889244,0.6058642925151068,0.7232866654194903,2.5023327150975367,0.003490659336226498,0.06031990051269531,0.98,0.004961604964783298,0.004961604964783291,0.008560463998158666
1772526955.6661034,1295,0.7495880126953125,1334.0661577608143,19.71410915433366,0.41324914916334116,0.7468823077747323,2.5023327150975367,0.005235986923745148,0.06031990051269531,0.98,0.005111184868842237,0.005111184868842242,0.012113130529610546
1772526955.6790838,1296,0.8647441864013672,1156.411359250069,19.856512098901074,0.20678197660109443,0.7883988711218147,2.5023327150975367,0.0034906551750372994,0.06031990051269531,0.98,0.005752710294578992,0.00575271029457899,0.009349587636583551
1772526955.6904826,1297,0.5514621734619141,1813.3610030263726,19.96053673708126,0.23700072920582357,0.8295264564527057,2.5023327150975367,0.0017453359098970472,0.06031990051269531,0.98,0.005903512134704211,0.005903512134704211,0.006840103134373009
1772526955.7029307,1298,0.48613548278808594,2057.0397253555666,20.668910468119957,0.7410258251744454,0.8648633037437636,2.5023327150975367,0.005235982762555949,0.06031990051269531,0.98,0.006803802454887272,0.006803802454887277,0.006386548840892789
1772526955.7161205,1299,0.7505416870117188,1332.3710292249048,21.012266884893492,0.3777620415548764,0.883513362026229,2.5023327150975367,0.005235991084934347,0.06031990051269531,0.98,0.006536459291600165,0.0065364592916001656,0.00511191537434153
1772526955.7289515,1300,0.8254051208496094,1211.526285384171,21.06596668214624,0.13163334507003308,0.9051212385131179,2.5023327150975367,0.0017453359098970611,0.06031990051269531,0.98,0.006252144442807651,0.006252144442807648,0.006643937417756561
1772526955.7405899,1301,0.6341934204101562,1576.806015037594,21.07456526538645,0.12595319648110598,0.9089505408744106,2.5023327150975367,0.0017453359098970611,0.06031990051269531,0.98,0.0051960693658460585,0.0051960693658460585,0.006290904581988957
1772526955.7530725,1302,0.5326271057128906,1877.4861235452104,21.523790625658066,0.45922024709409137,0.9291202925847365,2.5023327150975367,0.0017453359098970611,0.06031990051269531,0.98,0.005389222206357494,0.005389222206357494,0.0057942091691572765
1772526955.76635,1303,0.8254051208496094,1211.526285384171,21.629342090791823,0.15190119582954786,0.9308936481577794,2.5023327150975367,0.0017453026203834154,0.06031990051269531,0.98,0.004857054067395714,0.004857054067395709,0.004405380373467437
1772526955.7789502,1304,0.8866786956787109,1127.8042484538855,21.508660270626134,0.12984656254259846,0.9502002381099414,2.5023327150975367,0.0017453026203834154,0.06031990051269531,0.98,0.004685943763536837,0.004685943763536837,0.006624072271855115
1772526955.790513,1305,0.6172657012939453,1620.0478949401313,21.51383277638992,0.11918287211628978,0.9433393760497772,2.5023327150975367,0.0,0.06031990051269531,0.98,0.003587955533617508,0.0035879555336175073,0.0056449966122659725
1772526955.802905,1306,0.4665851593017578,2143.231476750128,21.831967547320783,0.32225753180253114,0.9353285516627443,2.5023327150975367,0.0017453026203834154,0.06031990051269531,0.98,0.0032207118138772944,0.0032207118138772944,0.004010504271939913
1772526955.8160791,1307,0.7491111755371094,1334.915340547422,21.824079983501903,0.11436856909161763,0.9474383367601626,2.5023327150975367,0.0017453691994107068,0.06031990051269531,0.98,0.0033274690679091427,0.0033274690679091427,0.004828261521346638
1772526955.8287127,1308,0.8296966552734375,1205.2597701149425,21.675759069112363,0.15274660897835643,0.9644690422670681,2.5023327150975367,0.0,0.06031990051269531,0.98,0.0036499805332864976,0.003649980533286503,0.0034265882211641447
1772526955.840784,1309,0.736236572265625,1358.259067357513,21.734332878891813,0.12179861397007885,0.9775710925904831,2.5023327150975367,0.0,0.06031990051269531,0.98,0.0035443506903743613,0.0035443506903743613,0.0033488499480196143
1772526955.8529968,1310,0.4889965057373047,2045.0043881033641,22.01213785675017,0.2890760320810001,0.9870736201947119,2.5023327150975367,0.0,0.06031990051269531,0.98,0.0033906475642851036,0.0033906475642851036,0.0034173090736733394
1772526955.8659215,1311,0.6945133209228516,1439.8571918983866,22.119179893442908,0.12271893356903793,0.9939757147879906,2.5023327150975367,0.0017453026203834154,0.06031990051269531,0.98,0.0031187954378965018,0.003118795437896496,0.006522172334503681
1772526955.878844,1312,0.8258819580078125,1210.8267898383372,22.14905692403044,0.06512561196705989,1.0288301615505446,2.5023327150975367,0.0,0.06031990051269531,0.98,0.004257684938750786,0.004257684938750786,0.003919144110797329
1772526955.890862,1313,0.8699893951416016,1149.4392984379283,22.194865332157875,0.1423793684015989,1.0579836514835672,2.5023327150975367,0.0034906718197941222,0.06031990051269531,0.98,0.004220737129518976,0.004220737129518976,0.006779072987549489
1772526955.902875,1314,0.5321502685546875,1879.168458781362,22.69402663081617,0.5225331692323715,1.1083080662605345,2.5023327150975367,0.0017453359098970611,0.06031990051269531,0.98,0.005373462108947251,0.005373462108947257,0.004268665154180351
1772526955.916026,1315,0.7064342498779297,1415.5599055011812,23.028726992147384,0.35544477464238305,1.125316132355871,2.5023327150975367,0.0017453359098970056,0.06031990051269531,0.98,0.004849871965081241,0.004849871965081241,0.009764218169760048
1772526955.929184,1316,0.8671283721923828,1153.2317844377235,22.98507717951283,0.1256211299530851,1.1110988624947442,2.5023327150975367,0.0017453359098970611,0.06031990051269531,0.98,0.0036775765081888847,0.0036775765081888843,0.012363547384300788
1772526955.9404905,1317,0.6737709045410156,1484.1840056617127,22.672225908938113,0.32829655054285517,1.0699984960150717,2.5023327150975367,0.0017453359098970611,0.06031990051269531,0.98,0.003924287637994919,0.003924287637994919,0.007006770005114898
1772526955.9528468,1318,0.5164146423339844,1936.4284395198522,22.976911098802972,0.31731877065694714,1.0416960342490078,2.5023327150975367,0.0017453359098970611,0.06031990051269531,0.98,0.004672246176154119,0.004672246176154119,0.01393134418938811
1772526955.9657757,1319,0.7519721984863281,1329.8363982244769,22.646148882284972,0.404175283664081,0.9735416522416276,2.5023327150975367,0.0,0.06031990051269531,0.98,0.00676173375390839,0.00676173375390839,0.009135556276490056
1772526955.978393,1320,0.782012939453125,1278.7512195121951,22.088992808745715,0.6078885626971311,0.9199299988736173,2.5023327150975367,0.0,0.06031990051269531,0.98,0.006626987281448148,0.006626987281448136,0.006530226405734298
1772526955.9904428,1321,0.6351470947265625,1574.4384384384384,21.58812450403249,0.5377544504664273,0.8791889598532971,2.5023327150975367,0.0017453359098970611,0.06031990051269531,0.98,0.00588136202327188,0.00588136202327188,0.01359855961226833
1772526956.0028906,1322,0.5137920379638672,1946.3127610208817,21.282059836316098,0.3691577294017428,0.8080547388324396,2.5023327150975367,0.0017453359098970611,0.06031990051269531,0.98,0.008872083657715699,0.008872083657715699,0.01195724839711445
1772526956.0157886,1323,0.7035732269287109,1421.3161640121994,20.753033133055812,0.5952719580925349,0.7397816911301162,2.5023327150975367,0.0017453359098970611,0.06031990051269531,0.98,0.011290191865289989,0.011290191865289989,0.008627360272431765
1772526956.0285861,1324,0.8473396301269531,1180.1643218908273,20.10194886699637,0.7184125678427185,0.6810338576793121,2.5023327150975367,0.0017453359098970611,0.06031990051269531,0.98,0.012446139783581445,0.012446139783581445,0.007280482507273957
1772526956.040531,1325,0.6463527679443359,1547.142751752121,19.411700924647892,0.748409374666841,0.627748602993086,2.5023327150975367,0.0,0.06031990051269531,0.98,0.012954054941897384,0.012954054941897384,0.0034628219409963243
1772526956.052903,1326,0.5407333374023438,1849.3403880070546,19.049050337447962,0.4580868085070491,0.5921876162816017,2.5023327150975367,0.0017453026203834154,0.06031990051269531,0.98,0.013226165995057552,0.013226165995057552,0.003676661763051868
1772526956.065805,1327,0.7476806640625,1337.469387755102,18.614755183486608,0.5198465185688628,0.553037325546507,2.5023327150975367,0.0017453359098970611,0.06031990051269531,0.98,0.013969228797228155,0.013969228797228155,0.0018929220212876218
1772526956.0785205,1328,0.8389949798583984,1191.9022449559534,18.126734014565372,0.5587004570382467,0.5253038125132493,2.5023327150975367,0.0,0.06031990051269531,0.98,0.013680856711747567,0.013680856711747567,0.0053653397303253195
1772526956.0904627,1329,0.6530284881591797,1531.3267615918219,17.659623577950562,0.5178657630681118,0.5073143344827266,2.5023327150975367,0.0,0.06031990051269531,0.98,0.0120897523917387,0.0120897523917387,0.007322608207634377
1772526956.1028864,1330,0.499725341796875,2001.0992366412213,17.529755662727414,0.22207559314786113,0.49708437261585087,2.5023327150975367,0.0017453275875186497,0.06031990051269531,0.98,0.01118421916869258,0.01118421916869258,0.008710822152387552
1772526956.1158037,1331,0.705718994140625,1416.9945945945947,17.37187257835065,0.21525306075683132,0.4919210154336476,2.5023327150975367,0.0017453691994107068,0.06031990051269531,0.98,0.009705878253086752,0.009705878253086752,0.0033272752421557323
1772526956.1285431,1332,0.8170604705810547,1223.8996206594688,17.167923829497006,0.23525994152747726,0.4789780786385713,2.5023327150975367,0.003490663497415711,0.06031990051269531,0.98,0.009218538159750083,0.009218538159750083,0.003353879489485078
1772526956.140416,1333,0.5891323089599609,1697.4115742614326,16.899413022774464,0.28740548582336783,0.46312419606898597,2.5023327150975367,0.0017453359098970611,0.06031990051269531,0.98,0.008997451494373303,0.00899745149437329,0.010008672856340623
1772526956.1529868,1334,0.6017684936523438,1661.7686212361332,16.85842076433563,0.13852608193409766,0.43425769789769214,2.5023327150975367,0.0017453691994107068,0.06031990051269531,0.98,0.011538644427465473,0.011538644427465473,0.014274174786149648
1772526956.16643,1335,1.1456012725830078,872.9040582726327,16.6203738917005,0.3399027452774205,0.3974238077858205,2.5023327150975367,0.0034906551750372855,0.07104873657226562,0.98,0.014943651358561284,0.01494365135856128,0.01683124295998284
1772526956.1786656,1336,0.8423328399658203,1187.1791678460231,16.077758068312924,0.6384021289988416,0.3570906802103368,2.5023327150975367,0.003490663497415711,0.07104873657226562,0.98,0.017705565833686203,0.017705565833686203,0.016995821277329223
1772526956.1906283,1337,0.7419586181640625,1347.784061696658,15.499350771442783,0.7021533415720403,0.31899430119348526,2.5023327150975367,0.0034906718197941222,0.07104873657226562,0.98,0.01995480516906877,0.01995480516906877,0.015917343138534934
1772526956.2029436,1338,0.5249977111816406,1904.770208900999,15.145300435062817,0.5925071739123564,0.28563945707774263,2.5023327150975367,0.0017453359098970611,0.07104873657226562,0.98,0.023825500229549365,0.023825500229549365,0.00787250434580063
1772526956.215876,1339,0.7436275482177734,1344.7592176979801,14.696196000211899,0.7069458139137443,0.26095202569221926,2.5023327150975367,0.003490663497415697,0.07104873657226562,0.98,0.025332647741298897,0.025332647741298897,0.014674699831592702
1772526956.2285652,1340,0.8311271667480469,1203.1853126792885,14.17390451950352,0.7828007598902031,0.2347148978857575,2.5023327150975367,0.0034906551750372994,0.07104873657226562,0.98,0.02785385537087565,0.02785385537087565,0.0106022274034035
1772526956.2405388,1341,0.6780624389648438,1474.790436005626,13.605918104356363,0.8266562238069495,0.21472057858337443,2.5023327150975367,0.003490663497415697,0.07104873657226562,0.98,0.02838831469123184,0.02838831469123184,0.005212488505670041
1772526956.2528906,1342,0.5309581756591797,1883.3875168387965,13.300514920356095,0.6750183356654945,0.20439545941114332,2.5023327150975367,0.0017453359098970611,0.07104873657226562,0.98,0.028597715807233283,0.02859771580723328,0.0023831392674064423
1772526956.2658465,1343,0.7412433624267578,1349.0845931167578,13.03753855092352,0.637861997544762,0.1950504145325996,2.5023327150975367,0.003490663497415697,0.07104873657226562,0.98,0.02892721326856109,0.028927213268561076,0.003212045639780389
1772526956.2786224,1344,0.8916854858398438,1121.4716577540107,12.734221375521694,0.6253539927425804,0.18795085550316323,2.5023327150975367,0.005235974440177538,0.07104873657226562,0.98,0.028138605924534866,0.028138605924534866,0.005783108034275193
1772526956.290626,1345,0.7596015930175781,1316.4795982423102,12.387749174272516,0.6237169016669428,0.1814977951910502,2.5023327150975367,0.005236007729691128,0.07104873657226562,0.98,0.02775041071717884,0.02775041071717884,0.009691553332233857
1772526956.3031852,1346,0.7431507110595703,1345.6220725056144,12.292045168264274,0.5433472422571062,0.17736070270749704,2.5023327150975367,0.006981310350074599,0.07104873657226562,0.98,0.031032058020462782,0.0310320580204628,0.02400887512322317
1772526956.3158858,1347,0.7495880126953125,1334.0661577608143,12.16783001753597,0.6043567736192851,0.17633788528467612,2.5023327150975367,0.0034906551750372855,0.07104873657226562,0.98,0.036478870209471735,0.036478870209471735,0.015896218443167357
1772526956.3287752,1348,0.8749961853027344,1142.8621253405995,12.042090152867917,0.6905658416854635,0.18050327722894882,2.5023327150975367,0.0034906718197941222,0.07104873657226562,0.98,0.04014225709056747,0.04014225709056747,0.005639975522054802
1772526956.3414254,1349,1.447439193725586,690.8753088453302,11.84991341200583,0.7556822616586923,0.1873478097122318,2.5023327150975367,0.0017453359098970611,0.07104873657226562,0.98,0.03881089594454552,0.03881089594454552,0.0041383231871639165
1772526956.3534048,1350,0.8981227874755859,1113.4335014600479,11.887164938548768,0.7542142588896559,0.19567222361321635,2.5023327150975367,0.0017453359098970611,0.07104873657226562,0.98,0.03992136092330247,0.03992136092330247,0.011388253828310935
1772526956.365705,1351,0.7092952728271484,1409.8500840336135,11.957307910451888,0.7123092384170355,0.20309281189399175,2.5023327150975367,0.0017453359098970611,0.07104873657226562,0.98,0.037407227504288106,0.03740722750428814,0.01169400798430661
1772526956.3791087,1352,1.2965202331542969,771.2953291651343,12.084587231418901,0.6452588407498402,0.21050791401536673,2.5023327150975367,0.0017453359098970611,0.07104873657226562,0.98,0.03575004593552644,0.03575004593552644,0.010768792944831868
1772526956.3913307,1353,1.3806819915771484,724.2797444310137,12.020029456360836,0.5401049138804191,0.21830429744600732,2.5023327150975367,0.0034906718197940667,0.07295608520507812,0.98,0.031024500377125116,0.031024500377125116,0.004724905269110136
1772526956.4032326,1354,0.6163120269775391,1622.554738878143,12.161319605637344,0.5184175777890159,0.22946966562143364,2.5023327150975367,0.0017453691994107068,0.07295608520507812,0.98,0.03305596091482484,0.03305596091482484,0.00461396333759747
1772526956.415811,1355,0.7636547088623047,1309.4923509210116,12.255404849286005,0.4666380341686469,0.24006043847875944,2.5023327150975367,0.0034906718197941222,0.07295608520507812,0.98,0.03187165356553793,0.03187165356553793,0.005324163787973029
1772526956.4285944,1356,0.8683204650878906,1151.6485447556288,12.413676929733374,0.4705588532456022,0.2536154846095128,2.5023327150975367,0.0017453359098970611,0.07295608520507812,0.98,0.03354917823615528,0.03354917823615528,0.0034630550012723863
1772526956.4406717,1357,0.8106231689453125,1233.6188235294117,12.47529083971164,0.4386974521339309,0.2671839772701578,2.5023327150975367,0.0017453192651402383,0.07295608520507812,0.98,0.03200925291258977,0.03200925291258977,0.004946710286771705
1772526956.452966,1358,0.5612373352050781,1781.7774001699236,12.729548860246299,0.5059733964209946,0.2794874950254512,2.5023327150975367,0.0017453691994107068,0.07295608520507812,0.98,0.03228924087968983,0.03228924087968983,0.007405059151143709
1772526956.4665732,1359,1.3327598571777344,750.3227191413238,12.967726984146958,0.4649646451629859,0.290816241312809,2.5023327150975367,0.0017453359098970611,0.07295608520507812,0.98,0.03132364051508135,0.03132364051508135,0.028909236621204294
1772526956.4787805,1360,0.9055137634277344,1104.3454449710373,13.017233240773933,0.3336715574520097,0.2919474634725623,2.5023327150975367,0.0017453275875186497,0.07295608520507812,0.98,0.022103998895668487,0.022103998895668487,0.017307691525553434
1772526956.4906254,1361,0.7784366607666016,1284.6260336906585,12.97250035622817,0.2628455302663292,0.29399262282223165,2.5023327150975367,0.0017453691994107068,0.07295608520507812,0.98,0.016308239508528683,0.016308239508528666,0.007310027677511174
1772526956.5034263,1362,0.9205341339111328,1086.3258223258224,13.190838693969884,0.3042378155692201,0.2983631606914284,2.5023327150975367,0.0017453359098970611,0.07295608520507812,0.98,0.0157475806618095,0.015747580661809497,0.008279825806473231
1772526956.5161266,1363,0.9992122650146484,1000.7883560009544,13.234906105244868,0.1464064011011985,0.30196945710518835,2.5023327150975367,0.0017453359098970611,0.07295608520507812,0.98,0.013698121444815458,0.01369812144481546,0.009018198541139819
1772526956.5285108,1364,0.8521080017089844,1173.5601566871853,13.235323697327628,0.12402872942015347,0.31119141392444855,2.5023327150975367,0.0017453691994107068,0.07295608520507812,0.98,0.015479196235843809,0.01547919623584381,0.009984260108873821
1772526956.540674,1365,0.8549690246582031,1169.633017289459,13.252280358584022,0.1526215805722279,0.32248963030706684,2.5023327150975367,0.003490671819794011,0.07295608520507812,0.98,0.017441124253443085,0.017441124253443085,0.01690922383447737
1772526956.553024,1366,0.5905628204345703,1693.2999596285829,13.498655319704767,0.3174618643017271,0.3390625171782152,2.5023327150975367,0.0017453275875186497,0.07295608520507812,0.98,0.023327511150011467,0.023327511150011467,0.007038726100272997
1772526956.565829,1367,0.7991790771484375,1251.2840095465394,13.689236112487372,0.29908164100637075,0.3541756448932893,2.5023327150975367,0.0017453026203834154,0.07295608520507812,0.98,0.02550204436525681,0.02550204436525681,0.008772307419693927
1772526956.5791285,1368,1.2819766998291016,780.0453784638274,13.897103942996223,0.335852135860732,0.37193617300287457,2.5023327150975367,0.0034906718197941222,0.07295608520507812,0.98,0.028749313849043535,0.028749313849043535,0.00260501225324314
1772526956.5906765,1369,0.8447170257568359,1183.8283940163703,13.941423331635361,0.28974508286750905,0.38773590491065474,2.5023327150975367,0.003490671819794011,0.07295608520507812,0.98,0.026749784611016146,0.026749784611016146,0.0029754622261068055
1772526956.6029565,1370,0.5474090576171875,1826.787456445993,14.314423118399226,0.48205342364461107,0.40135861692913527,2.5023327150975367,0.003490663497415697,0.07295608520507812,0.98,0.027681064562288683,0.027681064562288676,0.00790942563581414
1772526956.6164913,1371,1.323699951171875,755.4582132564841,14.55744159364742,0.35557797300198013,0.4124114167336544,2.5023327150975367,0.006981343639588133,0.07295608520507812,0.98,0.025702155838938902,0.025702155838938902,0.00545141257521323
1772526956.62916,1372,1.2598037719726562,793.77441332324,14.665282203006095,0.255518116099706,0.4296096862476647,2.5023327150975367,0.0017453359098970611,0.07295608520507812,0.98,0.027245697415520645,0.027245697415520645,0.013691460307669535
1772526956.6413474,1373,1.3070106506347656,765.1047063115651,14.704174243100233,0.22370235177036932,0.43708145270906346,2.5023327150975367,0.0034906718197941222,0.07295608520507812,0.98,0.021487251794576712,0.021487251794576712,0.0047875053553174535
1772526956.653505,1374,0.9031295776367188,1107.260823653643,14.956716518199276,0.3321011908835387,0.4515990464688454,2.5023327150975367,0.0034906551750372994,0.07295608520507812,0.98,0.023496281395764023,0.023496281395764023,0.014018354537650149
1772526956.6662421,1375,1.1076927185058594,902.7774429616875,15.125618322128956,0.24583325370597559,0.45671830130310126,2.5023327150975367,0.003490663497415697,0.07295608520507812,0.98,0.018888221097308495,0.018888221097308495,0.005222615568895372
1772526956.6791124,1376,1.2664794921875,789.5903614457832,15.23719537674869,0.18197552897323518,0.46481276697735946,2.5023327150975367,0.0034906718197941222,0.07295608520507812,0.98,0.01773273409683045,0.017732734096830457,0.016371597751938076
1772526956.6913595,1377,1.3322830200195312,750.5912670007158,15.194949189786705,0.12342821442667234,0.46509639649064893,2.5023327150975367,0.0034906718197941222,0.07295608520507812,0.98,0.011646733691738312,0.011646733691738312,0.012358891476822871
1772526956.7030241,1378,0.5612373352050781,1781.7774001699236,15.2915050503325,0.13781596563845216,0.46433863123306324,2.5023327150975367,0.0017453691994107068,0.07295608520507812,0.98,0.008007641533900387,0.008007641533900387,0.012222084618169432
1772526956.7164416,1379,1.2700557708740234,787.3669983104937,15.388530824951491,0.11207015205696215,0.46144226748404993,2.5023327150975367,0.0034906385302804765,0.07295608520507812,0.98,0.004900726559733398,0.004900726559733398,0.02516468083962926
1772526956.728528,1380,0.8835792541503906,1131.7603885590934,15.244202647956511,0.14987981653398452,0.44861919126896654,2.5023327150975367,0.0017453192651402383,0.07295608520507812,0.98,0.006489991645919849,0.006489991645919849,0.004447508756338341
1772526956.740662,1381,0.8389949798583984,1191.9022449559534,15.120620585206805,0.1368262983711963,0.4454005161671992,2.5023327150975367,0.0017453359098970611,0.07295608520507812,0.98,0.006099466363538,0.006099466363537997,0.004467228420851069
1772526956.7529082,1382,0.5648136138916016,1770.4955677501055,15.147580428672015,0.07225271091320686,0.44306878489993906,2.5023327150975367,0.0017453359098970611,0.07295608520507812,0.98,0.005721088020392635,0.005721088020392638,0.007976249410572194
1772526956.7656925,1383,0.7021427154541016,1424.211884550085,15.12951280336472,0.06499320098916998,0.4442378514590914,2.5023327150975367,0.0,0.07295608520507812,0.98,0.003812495368375437,0.003812495368375437,0.005507451249097612
1772526956.7782862,1384,0.7486343383789062,1335.7656050955413,15.058779123737095,0.0854141976788829,0.44547553591552436,2.5023327150975367,0.0,0.07295608520507812,0.98,0.0029952480558747534,0.0029952480558747534,0.003555630841315084
1772526956.7904744,1385,0.6856918334960938,1458.3810848400556,14.999595753130123,0.0663414835552448,0.4465066121254529,2.5023327150975367,0.0017453026203834154,0.07295608520507812,0.98,0.002787273875750746,0.002787273875750782,0.005181419202388866
1772526956.8029492,1386,0.5171298980712891,1933.7501152604887,15.103893664405057,0.10805287909242232,0.44396760442626854,2.5023327150975367,0.0017453359098970611,0.07295608520507812,0.98,0.003178116259334406,0.003178116259334407,0.003476143512694256
1772526956.8157783,1387,0.6935596466064453,1441.837057408044,15.083364576192741,0.03610998787618196,0.4415966834994096,2.5023327150975367,0.0017453359098970611,0.07295608520507812,0.98,0.0036251250196192427,0.003625125019619283,0.0045027137225779916
1772526956.8285754,1388,0.8490085601806641,1177.8444257231115,15.03709086106499,0.05491260515511822,0.44258110751311475,2.5023327150975367,0.0017453359098970611,0.07295608520507812,0.98,0.0029208360962682685,0.0029208360962682685,0.004716598955625778
1772526956.84065,1389,0.7770061492919922,1286.9911015648972,14.930913259651977,0.10834346737762672,0.439574857043602,2.5023327150975367,0.0017453359098970611,0.07295608520507812,0.98,0.003487486276603493,0.003487486276603493,0.004039283870563491
1772526956.8533702,1390,0.9026527404785156,1107.8457474907555,15.04129253108012,0.1135686799846336,0.4403585800847686,2.5023327150975367,0.0034906385302804765,0.07295608520507812,0.98,0.002967564368607633,0.002967564368607633,0.009979008250195143
1772526956.8664262,1391,1.2450218200683594,803.1987744159326,15.071444013332318,0.03735597172786513,0.44538566538705154,2.5023327150975367,0.0034906718197941222,0.07295608520507812,0.98,0.0038438069028107194,0.0038438069028107267,0.0035196668819581847
1772526956.8791978,1392,1.3277530670166016,753.1520919375113,15.042354068135817,0.04109748263898622,0.4450043829748615,2.5023327150975367,0.0017453359098970611,0.07295608520507812,0.98,0.0033203308573221124,0.0033203308573221007,0.0020644190296579636
1772526956.8912866,1393,1.2805461883544922,780.916775274623,14.952810471009002,0.09461169507942108,0.4465214849248694,2.5023327150975367,0.003490638530280532,0.07295608520507812,0.98,0.0034337281398569455,0.0034337281398569455,0.001975404707746981
1772526956.9035063,1394,0.9026527404785156,1107.8457474907555,15.079902439763853,0.1345579614752843,0.4469928677106324,2.5023327150975367,0.0017453359098970056,0.07295608520507812,0.98,0.003474953397157364,0.003474953397157364,0.006729806666502447
1772526956.916404,1395,1.238107681274414,807.684190256114,15.115309246460074,0.04570264655503605,0.44410308973346263,2.5023327150975367,0.0017453691994107068,0.07295608520507812,0.98,0.003266865040506064,0.003266865040506055,0.011738417963077268
1772526956.9291499,1396,1.3246536254882812,754.9143268538517,15.10875849421504,0.03246353609068398,0.45030449822861446,2.5023327150975367,0.003490605240766831,0.07295608520507812,0.98,0.004830754933454573,0.004830754933454569,0.02343745412150134
1772526956.941314,1397,1.3408660888671875,745.7866287339972,15.066118985144204,0.06923800528136322,0.46578728428573185,2.5023327150975367,0.005236041019204829,0.07295608520507812,0.98,0.011790385255991296,0.011790385255991303,0.0331578655894929
1772526956.9530103,1398,0.5745887756347656,1740.3751037344398,15.288458754774858,0.257331504715003,0.4918811132734337,2.5023327150975367,0.005235974440177538,0.07295608520507812,0.98,0.02330200515806879,0.02330200515806879,0.03794726027157441
1772526956.9658687,1399,0.7441043853759766,1343.8974687600128,15.631893399681678,0.4040532131773877,0.5285259739228221,2.5023327150975367,0.005235974440177538,0.07295608520507812,0.98,0.037708222261933814,0.037708222261933814,0.033606254163635954
1772526956.9785666,1400,0.8146762847900391,1227.481416447176,15.952699338709118,0.44361680896751804,0.5722627248349086,2.5023327150975367,0.0017453359098970611,0.07295608520507812,0.98,0.049630487995564014,0.049630487995564014,0.0072028048185277015
1772526956.9906442,1401,0.7874965667724609,1269.8468059339993,16.269473681585815,0.4905950399086778,0.6061295583104136,2.5023327150975367,0.0069813436395882444,0.07295608520507812,0.98,0.048918445746207094,0.04891844574620709,0.020911012402148772
1772526957.0029438,1402,0.5235671997070312,1909.9744990892532,16.84486565782157,0.7051606159352504,0.6497556129461632,2.5023327150975367,0.005235974440177538,0.07295608520507812,0.98,0.05854418145304338,0.058544181453043374,0.014701086448929299
1772526957.0160758,1403,0.8406639099121094,1189.5360181508793,17.305329465536456,0.6149777664705535,0.6955952810736465,2.5023327150975367,0.0034906718197941222,0.07295608520507812,0.98,0.06516727076951079,0.06516727076951079,0.009217541441907489
1772526957.0285313,1404,0.7996559143066406,1250.5378652355396,17.622392106993516,0.5202443486466624,0.7417161643814307,2.5023327150975367,0.005235974440177538,0.07295608520507812,0.98,0.06570148860020379,0.06570148860020379,0.01160759823830178
1772526957.0407355,1405,0.8387565612792969,1192.2410460488913,18.028981278595673,0.5781035919231258,0.7774978728040484,2.5023327150975367,0.003490671819794011,0.07295608520507812,0.98,0.060448839370271644,0.060448839370271644,0.009573306824150907
1772526957.0529385,1406,0.4940032958984375,2024.2779922779923,18.52222697020658,0.6248740686793518,0.8114820844846876,2.5023327150975367,0.0034906718197941222,0.07295608520507812,0.98,0.05926069894633773,0.05926069894633773,0.01686770089940385
1772526957.065765,1407,0.7040500640869141,1420.353538774128,18.83052070123022,0.46012952045542355,0.838709738661757,2.5023327150975367,0.0034906718197941222,0.07295608520507812,0.98,0.05358744329217011,0.05358744329217011,0.012251739853987078
1772526957.0786643,1408,0.8206367492675781,1218.5659500290528,19.031172105329635,0.3684783039738571,0.8651751347669615,2.5023327150975367,0.005235974440177538,0.07295608520507812,0.98,0.04959922500271341,0.04959922500271342,0.009238987488420582
1772526957.0906482,1409,0.7886886596679688,1267.9274486094316,19.16301267931453,0.3389960672039878,0.901918385275385,2.5023327150975367,0.0017453359098970611,0.07295608520507812,0.98,0.04966290027351142,0.04966290027351142,0.009356097352332022
1772526957.103057,1410,0.5207061767578125,1920.4688644688645,19.624613167936868,0.5650848838495499,0.9278596964626297,2.5023327150975367,0.0034906718197941222,0.07295608520507812,0.98,0.048977887840883215,0.048977887840883215,0.006613844637671359
1772526957.1157954,1411,0.7097721099853516,1408.9029224051058,19.827039684350662,0.4008015200334491,0.9629471591032766,2.5023327150975367,0.0034906718197941222,0.07295608520507812,0.98,0.05103406827732631,0.05103406827732631,0.012583490781859174
1772526957.1286483,1412,0.8180141448974609,1222.472748469834,20.042149930292876,0.43471281016262536,0.9881580821157255,2.5023327150975367,0.0034906718197941222,0.07295608520507812,0.98,0.04694339958716151,0.04694339958716151,0.0071944712250596905
1772526957.1407423,1413,0.9026527404785156,1107.8457474907555,20.170160757153955,0.41901374126359253,1.0150205466834679,2.5023327150975367,0.0017453359098970611,0.07295608520507812,0.98,0.04197792632607019,0.04197792632607019,0.011032587997414326
1772526957.1529708,1414,0.5660057067871094,1766.7666385846671,20.555398041323855,0.5568902831646738,1.0359706688506627,2.5023327150975367,0.0017453359098970611,0.07295608520507812,0.98,0.03943622085261466,0.03943622085261466,0.0163267915295357
1772526957.1658409,1415,0.7710456848144531,1296.940012368584,20.708055570508407,0.41271822342498365,1.05157507806773,2.5023327150975367,0.0034906718197941222,0.07295608520507812,0.98,0.03365445119855053,0.03365445119855053,0.003780904998711216
1772526957.1787038,1416,0.8440017700195312,1184.8316384180791,20.76996796739846,0.379856440055901,1.074578435929142,2.5023327150975367,0.005235974440177538,0.07295608520507812,0.98,0.03425471999231632,0.03425471999231632,0.010190104663036886
1772526957.1906667,1417,0.8323192596435547,1201.462045259238,20.847141504348862,0.4237190442143023,1.1060508264818925,2.5023327150975367,0.0034906718197941222,0.07295608520507812,0.98,0.03600908387314504,0.03600908387314504,0.018843480809921237
1772526957.202946,1418,0.5290508270263672,1890.1775574583146,21.245939913548366,0.5948592241295585,1.11907849485473,2.5023327150975367,0.0034906718197941222,0.07295608520507812,0.98,0.030334972148563604,0.030334972148563604,0.0032773762586895284
1772526957.2157345,1419,0.7200241088867188,1388.8423841059603,21.372021568982625,0.46921599955207066,1.1429238090429292,2.5023327150975367,0.0034906718197941222,0.07295608520507812,0.98,0.031191058240729014,0.03119105824072901,0.004865909901428403
1772526957.2288175,1420,1.161813735961914,860.7231684793761,21.46095086021441,0.5047672147925872,1.17121134833544,2.5023327150975367,0.0034906718197941222,0.07295608520507812,0.98,0.03305483625196641,0.03305483625196641,0.013460816647105932
1772526957.2412689,1421,1.2035369873046875,830.8843106180666,21.641973033957164,0.6347363162330291,1.2130089480767752,2.5023327150975367,0.0034906385302804765,0.07295608520507812,0.98,0.038289153280889957,0.038289153280889957,0.012839097694104339
1772526957.253447,1422,0.9210109710693359,1085.7633963241005,21.939173003331696,0.7703209511428976,1.2393457298842332,2.5023327150975367,0.0017453359098970611,0.07295608520507812,0.98,0.033505632598293464,0.033505632598293464,0.015074667250430232
1772526957.266416,1423,1.2598037719726562,793.77441332324,22.19536124077386,0.7602524201791193,1.2589476378395847,2.5023327150975367,0.0034906718197941222,0.07295608520507812,0.98,0.02888822556424465,0.028888225564244648,0.012791730303401864
1772526957.2794926,1424,1.4586448669433594,685.5678326250409,22.281206824959728,0.6637971198414521,1.2765981313591275,2.5023327150975367,0.0034906718197941222,0.07295608520507812,0.98,0.02530009896986535,0.025300098969865348,0.0045550140025448875
1772526957.2914064,1425,1.2598037719726562,793.77441332324,22.32509721516586,0.6274298269071714,1.3063947814626018,2.5023327150975367,0.0017453691994107068,0.07295608520507812,0.98,0.025051922970361108,0.025051922970361108,0.006090875596920511
1772526957.3029132,1426,0.5390644073486328,1855.0659000442283,22.7295141318804,0.7864370034256649,1.3421718533108247,2.5023327150975367,0.0017453359098970611,0.07295608520507812,0.98,0.027445156819236472,0.027445156819236517,0.0046842882497943935
1772526957.3155818,1427,0.6308555603027344,1585.148904006047,23.049471892063114,0.8409187640866229,1.3779629390044985,2.5023327150975367,0.003490655175037327,0.07295608520507812,0.98,0.02863441226077573,0.02863441226077573,0.007062083428834451
1772526957.328505,1428,0.7891654968261719,1267.161329305136,23.159057938205194,0.8950377944961154,1.4141976505532154,2.5023327150975367,0.0017453359098970611,0.07295608520507812,0.98,0.02801652876047472,0.028016528760474724,0.011364652310331532
1772526957.3406007,1429,0.7576942443847656,1319.7935808684708,23.272267523701753,0.9360185376418231,1.4432521106414027,2.5023327150975367,0.0017453359098970611,0.07295608520507812,0.98,0.023861481695217956,0.023861481695217956,0.020652872732528565
1772526957.3528576,1430,0.46896934509277344,2132.3355363497712,23.59712472305236,0.8730421483595923,1.4474890869097532,2.5023327150975367,0.0017453359098970611,0.07295608520507812,0.98,0.018972273923376637,0.018972273923376637,0.010720840822353743
1772526957.3656766,1431,0.6427764892578125,1555.7507418397627,23.642790099939653,0.6404276906046507,1.461150549387723,2.5023327150975367,0.0017453359098970611,0.07295608520507812,0.98,0.017824743120296208,0.01782474312029621,0.01486890563661812
1772526957.378564,1432,0.7948875427246094,1258.0395920815836,23.598905683939147,0.4908301924111579,1.4629898697275547,2.5023327150975367,0.0017453359098970334,0.07295608520507812,0.98,0.01565452080045188,0.01565452080045188,0.011214533401425881
1772526957.3906283,1433,0.7662773132324219,1305.0105787181083,23.58630409805805,0.36065998790403153,1.466205013647226,2.5023327150975367,0.0017453359098970611,0.07295608520507812,0.98,0.01392093773818533,0.013920937738185328,0.008904195607610271
1772526957.402911,1434,0.4825592041015625,2072.284584980237,23.82526952237464,0.39364970493224266,1.4818857615804135,2.5023327150975367,0.0017453359098970611,0.07295608520507812,0.98,0.014877901653235593,0.014877901653235583,0.00900958839598922
1772526957.415701,1435,0.6601810455322266,1514.7360057782594,23.857850911707853,0.3625009139658509,1.5044132348052752,2.5023327150975367,0.0017453359098970334,0.07295608520507812,0.98,0.01596807735508454,0.01596807735508454,0.009495695250919563
1772526957.4284933,1436,0.7932186126708984,1260.6865043582807,23.884497994822457,0.43910370169419005,1.5186598309618435,2.5023327150975367,0.0017453359098970611,0.07295608520507812,0.98,0.0154053265194857,0.0154053265194857,0.01355888200941754
1772526957.4406395,1437,0.7832050323486328,1276.8048706240488,23.93823093685008,0.4215139092781363,1.5192161180863275,2.5023327150975367,0.0017453691994107068,0.07295608520507812,0.98,0.01307132857781152,0.01307132857781153,0.016043856241789695
1772526957.4529674,1438,0.5037784576416016,1984.9995267392333,24.195679965803222,0.5155803947784041,1.560126423376789,2.5023327150975367,0.0017453359098970611,0.07295608520507812,0.98,0.017377451405807792,0.017377451405807792,0.008573457366738889
1772526957.4658022,1439,0.6897449493408203,1449.8112685793294,24.304447908697682,0.6180382797571224,1.5968241841929012,2.5023327150975367,0.0034906718197941222,0.07295608520507812,0.98,0.01916827953204933,0.01916827953204933,0.011953064128068944
1772526957.4785016,1440,0.8137226104736328,1228.9200117198945,24.492220899351008,0.8811086890032327,1.6602071234784828,2.5023327150975367,0.0017453359098970611,0.07295608520507812,0.98,0.023505344871035463,0.023505344871035512,0.00814784388314262
1772526957.4905918,1441,0.7538795471191406,1326.471853257432,24.834017225155325,1.1370528530469053,1.7078566923286194,2.5023327150975367,0.0034906718197941222,0.07295608520507812,0.98,0.022160211870961264,0.02216021187096131,0.015416275415791277
1772526957.5029118,1442,0.5006790161132812,1997.287619047619,25.388713097923155,1.488639064938402,1.8146285451177555,2.5023327150975367,0.0034906718197941222,0.07295608520507812,0.98,0.030160721358035325,0.030160721358035374,0.009327677272285591
1772526957.5157285,1443,0.6604194641113281,1514.1891696750902,25.769528968327922,1.75099482744813,1.88993892478137,2.5023327150975367,0.0034906551750372994,0.07295608520507812,0.98,0.02874987209066301,0.02874987209066301,0.009763046514116252
1772526957.5285654,1444,0.8027553558349609,1245.7095337095336,26.26033391869469,2.1705828195912202,2.0347605082454576,2.5023327150975367,0.0034906718197941222,0.07295608520507812,0.98,0.03378892803568265,0.03378892803568265,0.006780932227093757
1772526957.5406725,1445,0.8094310760498047,1235.4356406480117,27.090667159872392,2.9493200676737032,2.216615714419894,2.5023327150975367,0.0034906718197941222,0.0362396240234375,0.98,0.03540624510179645,0.03540624510179647,0.015068042729998683
1772526957.552906,1446,0.4687309265136719,2133.4201424211597,28.372771801854114,4.266050159833842,2.495514427922229,2.5023327150975367,0.0017453359098970611,0.0362396240234375,0.98,0.04307030800672635,0.04307030800672636,0.014176436182482554
1772526957.5657847,1447,0.6968975067138672,1434.9312350325008,29.43714326655503,5.28310202530127,2.6396512587500824,2.5023327150975367,0.005236041019204718,0.0362396240234375,0.98,0.03752029243200199,0.03752029243200199,0.00944444276291616
1772526957.578568,1448,0.7829666137695312,1277.1936662606577,30.31907961100383,6.273554383593015,2.8210111953386576,2.5023327150975367,0.003490605240766831,0.0362396240234375,0.98,0.03805028153426616,0.03805028153426615,0.011680622170549881
1772526957.5905366,1449,0.7016658782958984,1425.1797485558955,31.01118336328729,6.942056187752047,2.7709042324305706,2.5023327150975367,0.0034906718197941222,0.03719329833984375,0.98,0.032354149527414215,0.0323541495274142,0.011155634329363853
1772526957.6029453,1450,0.5002021789550781,1999.1916110581506,30.897819902057655,6.8010987837795795,2.57599176425525,2.5023327150975367,0.0017453691994107068,0.03719329833984375,0.98,0.03459168273287848,0.03459168273287848,0.010098434988204437
1772526957.6157703,1451,0.6806850433349609,1469.10823117338,29.791137577124864,6.404920606820341,2.2811477715023885,2.5023327150975367,0.003490605240766831,0.03719329833984375,0.98,0.03753082996888246,0.03753082996888246,0.007990609300932825
1772526957.6286602,1452,0.8020401000976562,1246.8204518430439,28.44949863299916,5.558538173076578,2.016487218438361,2.5023327150975367,0.005236041019204829,0.03719329833984375,0.98,0.039376501710858096,0.039376501710858096,0.018143553930194525
1772526957.6406736,1453,0.8094310760498047,1235.4356406480117,27.127413120347445,4.654182546948097,1.7455619876651538,2.5023327150975367,0.0017453359098970611,0.03719329833984375,0.98,0.04201322360982804,0.04201322360982804,0.014836134711599766
1772526957.6528912,1454,0.4622936248779297,2163.127385250129,26.147419586437913,3.8194092515956997,1.6077477455082814,2.5023327150975367,0.0034906718197941222,0.03719329833984375,0.98,0.040894411336630486,0.040894411336630486,0.013668566099308666
1772526957.6663961,1455,1.2063980102539062,828.9138339920949,25.139852002854976,3.0661227254832526,1.508411404302229,2.5023327150975367,0.0017453359098970611,0.049591064453125,0.98,0.038895608932318956,0.038895608932318956,0.01405109519946154
1772526957.67927,1456,1.3341903686523438,749.518227305218,24.319471364501247,2.3336700962552714,1.4443353059062478,2.5023327150975367,0.0034906718197941222,0.06461143493652344,0.98,0.03431671219185002,0.03431671219185002,0.011455283513728081
1772526957.6912172,1457,1.22833251953125,814.111801242236,23.822368288883435,1.6846170452108133,1.4003330971044496,2.5023327150975367,0.0017453359098970611,0.06461143493652344,0.98,0.02884344075156262,0.02884344075156262,0.0018815672857046219
1772526957.7034395,1458,0.8797645568847656,1136.6677506775068,23.65378881567554,1.2515204379078575,1.3443245271549302,2.5023327150975367,0.0017453691994107068,0.06461143493652344,0.98,0.030100177536844408,0.030100177536844408,0.006282356527593184
1772526957.716212,1459,1.1332035064697266,882.4540290342941,23.261588911714682,1.0823179307450503,1.3063587137602675,2.5023327150975367,0.0017453192651402383,0.06461143493652344,0.98,0.028249867401364818,0.028249867401364818,0.008628913526179663
1772526957.7289293,1460,1.191854476928711,839.0286057211442,22.910794755621183,0.9116142084481347,1.279850727578646,2.5023327150975367,0.0017453691994107068,0.06461143493652344,0.98,0.025911885008524274,0.025911885008524274,0.008395278434255976
1772526957.7413127,1461,1.2576580047607422,795.1287203791469,22.634344672603493,0.7509354136721723,1.258562922114829,2.5023327150975367,0.0017453359098970334,0.06461143493652344,0.98,0.02305706482688034,0.023057064826880334,0.007867007125197915
1772526957.7533984,1462,0.8554458618164062,1168.9810479375697,22.551943785032392,0.5864198502545042,1.2401883161089298,2.5023327150975367,0.0017453359098970611,0.06461143493652344,0.98,0.0216755587219509,0.0216755587219509,0.01022114893004156
1772526957.766179,1463,1.0421276092529297,959.575383207504,22.438675132731902,0.48703648649430015,1.2314578404185978,2.5023327150975367,0.0017453359098970611,0.06461143493652344,0.98,0.019771090022952305,0.019771090022952312,0.01743154448115676
1772526957.7787542,1464,1.0759830474853516,929.3826722800798,22.308825676775097,0.3842655468534145,1.241000377105764,2.5023327150975367,0.0017453359098970334,0.06461143493652344,0.98,0.016687977209083556,0.016687977209083556,0.013651659119201836
1772526957.7907643,1465,0.7758140563964844,1288.9686539643515,22.302601804375712,0.25666674849872245,1.2508297955916274,2.5023327150975367,0.0017453691994107068,0.06461143493652344,0.98,0.015309400547632485,0.015309400547632487,0.011306775530217326
1772526957.8034353,1466,0.8711814880371094,1147.8664477285167,22.396409153208594,0.21069133847251587,1.2443641425890064,2.5023327150975367,0.0017453359098970611,0.06461143493652344,0.98,0.014806490667179432,0.014806490667179432,0.010607006644106954
1772526957.8164372,1467,1.1870861053466797,842.3988752761599,22.345839167735665,0.15617522349103094,1.2415185237993267,2.5023327150975367,0.0017453192651402383,0.06461143493652344,0.98,0.014262086151355196,0.014262086151355196,0.01236216662109222
1772526957.8293512,1468,1.3699531555175781,729.9519665854508,22.250514457057218,0.15539977205425895,1.2469421818164732,2.5023327150975367,0.0034906551750372994,0.06461143493652344,0.98,0.01347973373451557,0.01347973373451557,0.013466060374601007
1772526957.8418314,1469,1.3926029205322266,718.0797808594418,22.22599752788504,0.10161067622511091,1.2574090776858968,2.5023327150975367,0.0034906718197941222,0.06461143493652344,0.98,0.012751265770469708,0.012751265770469708,0.012042444506565391
1772526957.853612,1470,0.6508827209472656,1536.3750915750916,22.365629724717795,0.1684575123151447,1.2638798952135266,2.5023327150975367,0.0017453359098970611,0.07748603820800781,0.98,0.012161780326719022,0.012161780326719024,0.01304001499105311
1772526957.8659906,1471,0.7581710815429688,1318.9635220125786,22.441038449967223,0.10905064322109173,1.2567163880671364,2.5023327150975367,0.0017453359098970611,0.07748603820800781,0.98,0.010725369841478065,0.010725369841478052,0.011466927537226336
1772526957.8785348,1472,0.8289813995361328,1206.2996836353177,22.465383537817928,0.06381342844797484,1.2461426673652525,2.5023327150975367,0.0017453359098970611,0.07748603820800781,0.98,0.010402048541869338,0.010402048541869338,0.011293302833114562
1772526957.8909516,1473,0.9059906005859375,1103.7642105263158,22.334830760075317,0.15127448447089326,1.2304276863771089,2.5023327150975367,0.0017453359098970611,0.07748603820800781,0.98,0.010456035564681023,0.010456035564681028,0.011179655704244194
1772526957.902927,1474,0.4851818084716797,2061.0830466830466,22.296533319074808,0.09804929782591963,1.2316879093212403,2.5023327150975367,0.0034906551750372994,0.07748603820800781,0.98,0.009284148956732866,0.009284148956732866,0.010166931402883767
1772526957.9164526,1475,1.1949539184570312,836.8523543495611,22.2955236776473,0.07849830361777432,1.2344309243826586,2.5023327150975367,0.0034906551750372994,0.07748603820800781,0.98,0.009167427082869965,0.00916742708287001,0.016067557192080854
1772526957.9292572,1476,1.2378692626953125,807.8397534668721,22.08276054605119,0.22949555852955764,1.2079912018169439,2.5023327150975367,0.0017453359098970611,0.07748603820800781,0.98,0.010565240116621364,0.01056524011662136,0.020209269384069327
1772526957.9415112,1477,1.2631416320800781,791.676859192148,22.009878656608247,0.10205572257605652,1.226975945616398,2.5023327150975367,0.001745302620383471,0.07748603820800781,0.98,0.008194596849141514,0.008194596849141514,0.009268518135613937
1772526957.9535205,1478,0.9400844573974609,1063.7342125285315,22.172847751053485,0.17640414006828775,1.2201492398812008,2.5023327150975367,0.0017453359098970611,0.07748603820800781,0.98,0.007603545696193666,0.007603545696193666,0.007566999317137009
1772526957.9662507,1479,1.0297298431396484,971.1285019680481,22.244012199149964,0.0819067589199111,1.2162724188930483,2.5023327150975367,0.0017453359098970611,0.07748603820800781,0.98,0.0075897486745503265,0.007589748674550321,0.014171821124278288
1772526957.9787536,1480,0.8172988891601562,1223.5425904317385,22.155007315727488,0.1053532622266661,1.2348311631632585,2.5023327150975367,0.0017453359098970334,0.07748603820800781,0.98,0.008453727029116797,0.008453727029116797,0.011553359040275895
1772526957.9909117,1481,0.8070468902587891,1239.0853766617429,22.10265950641547,0.08231705816748597,1.226084924596313,2.5023327150975367,0.0,0.07748603820800781,0.98,0.006611125462119405,0.00661112546211937,0.007640714623893368
1772526958.002894,1482,0.4775524139404297,2094.010983524713,22.23951434883685,0.14607791153920627,1.2203151645621924,2.5023327150975367,0.0017453359098970334,0.07748603820800781,0.98,0.0065617036075547065,0.0065617036075547065,0.012733063717100307
1772526958.0158393,1483,0.6875991821289062,1454.3356449375867,22.298341460641435,0.0750026638934771,1.2372819134352775,2.5023327150975367,0.0017453359098970334,0.07748603820800781,0.98,0.007111958326808883,0.007111958326808897,0.007690605750584984
1772526958.0286834,1484,0.797271728515625,1254.2775119617224,22.211522757245536,0.11881590540024814,1.249239814743714,2.5023327150975367,0.0017453359098970611,0.07748603820800781,0.98,0.007458984842056663,0.007458984842056663,0.007064678870670033
1772526958.0409954,1485,0.8292198181152344,1205.9528464634848,22.215497873407003,0.10303084508476708,1.256077662186737,2.5023327150975367,0.0017453359098970334,0.07748603820800781,0.98,0.006644007988473694,0.006644007988473697,0.007061585292871156
1772526958.052903,1486,0.47469139099121094,2106.631843294827,22.380600311755487,0.19949476304377156,1.2590988361864595,2.5023327150975367,0.0,0.07748603820800781,0.98,0.00581679216684884,0.005816792166848839,0.0068427517583840945
1772526958.0657506,1487,0.6723403930664062,1487.3418439716313,22.51018110014354,0.15611209114797966,1.2597214055520654,2.5023327150975367,0.0017453359098970611,0.07748603820800781,0.98,0.005398101943893446,0.005398101943893446,0.006316203261297641
1772526958.078596,1488,0.7500648498535156,1333.2180546726001,22.399829775260823,0.1357135552522454,1.2597922141602367,2.5023327150975367,0.0034906551750372994,0.07748603820800781,0.98,0.005074014797352447,0.005074014797352437,0.005975967196058396
1772526958.0909178,1489,0.7929801940917969,1261.065544197234,22.31059559652191,0.10122445087035474,1.2602400844070778,2.5023327150975367,0.0017453359098970334,0.07748603820800781,0.98,0.004677218472198284,0.004677218472198284,0.005716432372948596
1772526958.1033776,1490,0.8051395416259766,1242.0207284572105,22.428728869808936,0.12681303649805067,1.260187153163545,2.5023327150975367,0.0017453359098970611,0.07748603820800781,0.98,0.004525344761484378,0.004525344761484379,0.006583572153069645
1772526958.1166177,1491,1.1746883392333984,851.2896285772275,22.465001946049263,0.063980411258726,1.2658554575554146,2.5023327150975367,0.0017453359098970334,0.07748603820800781,0.98,0.004809864479573266,0.004809864479573266,0.0055981254348947546
1772526958.1291714,1492,1.1060237884521484,904.1396852769993,22.34162230391155,0.13845206680006825,1.269342723147959,2.5023327150975367,0.0,0.07748603820800781,0.98,0.0046288108033706405,0.004628810803370642,0.005391243778491812
1772526958.1411965,1493,1.2011528015136719,832.5335450575625,22.37442399935367,0.08927868824830532,1.2704943216022455,2.5023327150975367,0.0017453359098970611,0.07748603820800781,0.98,0.004076310299613084,0.004076310299613084,0.0051433903714283875
1772526958.1530292,1494,0.5269050598144531,1897.875113122172,22.616200744527298,0.25291158454203444,1.2707390493791175,2.5023327150975367,0.0,0.07748603820800781,0.98,0.003973204348841932,0.003973204348841932,0.004962030621252573
1772526958.1663346,1495,1.0538101196289062,948.937556561086,22.586454927354342,0.08309463370492642,1.2702718552327408,2.5023327150975367,0.0017453192651402105,0.07748603820800781,0.98,0.003886157271442174,0.003886157271442174,0.005419721079365949
1772526958.1791446,1496,1.2445449829101562,803.5065134099617,22.415870096785607,0.1852497054167812,1.2751750291252066,2.5023327150975367,0.0017453359098970334,0.07748603820800781,0.98,0.00392790827007088,0.00392790827007088,0.00469730452236084
1772526958.191699,1497,1.219034194946289,820.321533346372,22.42267892783149,0.06297903997041825,1.2776900892023293,2.5023327150975367,0.0017453359098970611,0.07748603820800781,0.98,0.003748043841504981,0.003748043841504981,0.0051506891787056405
1772526958.2033033,1498,0.7903575897216797,1265.2500754147813,22.480954273340522,0.1050943574428859,1.284101060616717,2.5023327150975367,0.0,0.07748603820800781,0.98,0.003821401381956117,0.003821401381956115,0.004520222799776167
1772526958.2160332,1499,0.9570121765136719,1044.918784255107,22.72356394248575,0.25659912203317936,1.2870242928157856,2.5023327150975367,0.0017453359098970334,0.07748603820800781,0.98,0.0037566256186397193,0.0037566256186397193,0.01081679851140019
1772526958.2287529,1500,1.0471343994140625,954.9872495446266,22.682944232725127,0.13249969914383822,1.3125290943215724,2.5023327150975367,0.0,0.07748603820800781,0.98,0.006938092576876684,0.006938092576876684,0.004854320845069328
1772526958.2412195,1501,1.1887550354003906,841.2162053750501,22.700834085743274,0.1780334154636745,1.3272050124197474,2.5023327150975367,0.0,0.07748603820800781,0.98,0.006558506689639323,0.006558506689639323,0.0059565700201099775
1772526958.2531164,1502,0.7562637329101562,1322.2900378310214,22.844295166518805,0.238961714280955,1.3330187996773994,2.5023327150975367,0.0,0.07748603820800781,0.98,0.004808402090301216,0.004808402090301216,0.0059494133006058126
1772526958.2656066,1503,0.5452632904052734,1833.9763882815917,22.979850754972983,0.209063185333257,1.3336409865042038,2.5023327150975367,0.0017453192651402383,0.07748603820800781,0.98,0.003394408862382962,0.0033944088623829587,0.005274418826995092
1772526958.2786112,1504,0.7376670837402344,1355.6250808015513,22.877002604232953,0.15941727460319707,1.3312284559310228,2.5023327150975367,0.0,0.07748603820800781,0.98,0.002648963331683612,0.002648963331683612,0.004321703728935355
1772526958.2909708,1505,0.7956027984619141,1256.9086005394067,22.771259168172666,0.12434813300965554,1.3285816971324111,2.5023327150975367,0.0,0.07748603820800781,0.98,0.0024603212114326484,0.0024603212114326796,0.0038374417493962838
1772526958.30273,1506,0.41222572326660156,2425.8554077501444,22.887118241154134,0.1319181835804663,1.3265789870618296,2.5023327150975367,0.0,0.07748603820800781,0.98,0.002401495116040715,0.002401495116040715,0.003638867625806233
1772526958.3155105,1507,0.499725341796875,2001.0992366412213,23.015224033491716,0.13430711515112614,1.3253504053539518,2.5023327150975367,0.0,0.07748603820800781,0.98,0.002433480417410377,0.0024334804174103585,0.003515393456292652
1772526958.3289506,1508,0.8072853088378906,1238.719432959244,22.84664065589559,0.1912840335823268,1.3247619785011957,2.5023327150975367,0.0,0.07748603820800781,0.98,0.002388061933020555,0.0023880619330205496,0.0033838088708351382
1772526958.3406138,1509,0.6737709045410156,1484.1840056617127,22.62108481655013,0.23060169185472082,1.3245915293845583,2.5023327150975367,0.0,0.07748603820800781,0.98,0.002011634355979325,0.002011634355979308,0.0031948324203508265
1772526958.3527439,1510,0.4227161407470703,2365.6536943034407,22.977140269291475,0.36423849814514003,1.3244691731206981,2.5023327150975367,0.0017453691994107068,0.07748603820800781,0.98,0.0020240487562502582,0.0020240487562502617,0.019295668574492532
1772526958.3659904,1511,0.6945133209228516,1439.8571918983866,23.060665223184664,0.1549797988553617,1.3700546834588485,2.5023327150975367,0.0,0.07748603820800781,0.98,0.008995672434509173,0.008995672434509192,0.004545986924358062
1772526958.3783944,1512,0.7004737854003906,1427.6051735874744,23.003904802329107,0.2729221362232995,1.3990878736649495,2.5023327150975367,0.0,0.07748603820800781,0.98,0.009319438681558307,0.009319438681558321,0.006305913902120375
1772526958.390349,1513,0.5662441253662109,1766.0227368421054,23.25761245509642,0.41359922563052975,1.4108047820683831,2.5023327150975367,0.0,0.07748603820800781,0.98,0.006719366432242252,0.006719366432242253,0.007087514921902461
1772526958.402753,1514,0.4405975341796875,2269.6450216450216,23.516324348136497,0.37957554931842197,1.4119661986581513,2.5023327150975367,0.0,0.07748603820800781,0.98,0.00401957896564573,0.00401957896564573,0.0060093687302099135
1772526958.415607,1515,0.6427764892578125,1555.7507418397627,23.445809471080256,0.2083381841247667,1.4082756435384574,2.5023327150975367,0.0017453359098970334,0.07748603820800781,0.98,0.0019542211704782855,0.0019542211704782985,0.004326708925499339
1772526958.4285622,1516,0.8349418640136719,1197.688178183895,23.324730632592473,0.17003643814648134,1.40326745391427,2.5023327150975367,0.0017453359098970611,0.07748603820800781,0.98,0.0016360520308326585,0.0016360520308326585,0.010549932000422743
1772526958.4406168,1517,0.8015632629394531,1247.5621653777514,23.309367593696106,0.10358371091122608,1.4315601090815444,2.5023327150975367,0.0,0.07748603820800781,0.98,0.003958005506574827,0.003958005506574827,0.003840872316627945
1772526958.452993,1518,0.5388259887695312,1855.8867256637168,23.610614217221485,0.3387398311208904,1.447397402261573,2.5023327150975367,0.0017453359098970334,0.07748603820800781,0.98,0.004478211236295099,0.0044782112362951095,0.00663888735720053
1772526958.4658055,1519,0.6611347198486328,1512.5510277677606,23.676663701489648,0.2454169694840966,1.477533681918949,2.5023327150975367,0.0,0.07748603820800781,0.98,0.006734197845018401,0.006734197845018401,0.00436692145314529
1772526958.4786232,1520,0.8509159088134766,1175.2042588960494,23.726757476575386,0.30122727949705064,1.4915055121742018,2.5023327150975367,0.0017453359098970611,0.07748603820800781,0.98,0.005434030132484353,0.005434030132484354,0.012366160328933848
1772526958.4908473,1521,0.8335113525390625,1199.7437070938215,23.915475112060115,0.42928408551688935,1.5532840682234879,2.5023327150975367,0.0017453359098970611,0.07748603820800781,0.98,0.010047816946241203,0.010047816946241203,0.005240337546460339
1772526958.5030432,1522,0.4863739013671875,2056.0313725490196,24.334114091049187,0.6598629714703336,1.604984572116022,2.5023327150975367,0.0017453359098970611,0.07748603820800781,0.98,0.011091677001040155,0.011091677001040155,0.00829963781761743
1772526958.5158372,1523,0.6427764892578125,1555.7507418397627,24.662096390045427,0.7292737841862468,1.6841002298592003,2.5023327150975367,0.0017453691994107068,0.07748603820800781,0.98,0.013745319826843704,0.013745319826843704,0.008314057790089785
1772526958.5297408,1524,1.5842914581298828,631.1969902182092,25.012457171572258,0.9153063321122243,1.7863120288087813,2.5023327150975367,0.0017453359098970611,0.13256072998046875,0.98,0.01618775788900973,0.01618775788900973,0.008501072043923016
1772526958.5415483,1525,1.3415813446044922,745.3890172383153,25.382282066087118,1.0103761157509883,1.8400159180207043,2.5023327150975367,0.0034906551750372994,0.13256072998046875,0.98,0.010863527865589782,0.010863527865589782,0.005677469993536466
1772526958.5534089,1526,0.8375644683837891,1193.9379447765443,26.0089586134168,1.1069495687332411,1.9092795488893006,2.5023327150975367,0.0017453359098970611,0.13256072998046875,0.98,0.009568951393078147,0.009568951393078147,0.006335022332845911
1772526958.5666625,1527,1.3091564178466797,763.8506647240939,26.30118010198061,0.9186039910265318,1.9550366292747103,2.5023327150975367,0.0017453359098970611,0.13256072998046875,0.98,0.0070909597731775706,0.0070909597731775706,0.010717771224029782
1772526958.5792203,1528,1.2559890747070312,796.1852695520122,26.25582152485869,0.7225136780962798,1.9372542107080999,2.5023327150975367,0.0017453359098970611,0.13256072998046875,0.98,0.002616596270260866,0.0026165962702608676,0.006652444875479492
1772526958.5915363,1529,1.2896060943603516,775.4305786651877,26.262019568666418,0.4800160431247149,1.9092661401130184,2.5023327150975367,0.0017453359098970611,0.13256072998046875,0.98,0.004123128183341902,0.004123128183341902,0.006446542878945588
1772526958.6034124,1530,0.8835792541503906,1131.7603885590934,26.34960660527166,0.36737019566591483,1.920807835533728,2.5023327150975367,0.0017453359098970611,0.13256072998046875,0.98,0.0033097184128664157,0.003309718412866418,0.006227172072010974
1772526958.6163468,1531,1.1315345764160156,883.755583649389,26.407633486667045,0.37814828739852585,1.9425583906622867,2.5023327150975367,0.0017453275875186636,0.13256072998046875,0.98,0.002915867057213716,0.002915867057213716,0.004146211665632776
1772526958.6293738,1532,1.2493133544921875,800.4396946564885,26.285941198240156,0.4692021176946641,1.9541719482857278,2.5023327150975367,0.001745319265140266,0.13256072998046875,0.98,0.00304522310843454,0.00304522310843454,0.004437965611141228
1772526958.6419556,1533,1.210927963256836,825.8129553061626,26.27846581323146,0.518665174085043,1.9764422218688793,2.5023327150975367,0.0017453359098970611,0.13256072998046875,0.98,0.0030634948255700706,0.0030634948255700597,0.006109781246837115
1772526958.6535234,1534,0.8718967437744141,1146.9248017500684,26.600318655001466,0.6992468816408128,2.023834956638217,2.5023327150975367,0.0017453691994107068,0.13256072998046875,0.98,0.0037258234044848172,0.0037258234044848276,0.007452783231798418
1772526958.6665356,1535,1.1525154113769531,867.6673562267273,27.068973438445454,0.9052866220344545,2.098968107307696,2.5023327150975367,0.0017453359098970611,0.13256072998046875,0.98,0.006113149925937614,0.006113149925937614,0.0050177179864497315
1772526958.6796148,1536,1.2764930725097656,783.3963391856556,27.118437446548448,1.00638142706098,2.1779723531231916,2.5023327150975367,0.0017453026203834154,0.13256072998046875,0.98,0.0071156869193299156,0.00711568691932991,0.00519150817614285
1772526958.6910555,1537,0.8265972137451172,1209.7790597057974,27.48616181496254,1.2587580363386885,2.269217009395311,2.5023327150975367,0.0017453359098970611,0.13256072998046875,0.98,0.006966875242287639,0.006966875242287639,0.0051135539249503965
1772526958.7027829,1538,0.48923492431640625,2044.007797270955,28.280623349921584,1.553589268128116,2.3582598432323034,2.5023327150975367,0.0017453691994107068,0.13256072998046875,0.98,0.006986504100835636,0.006986504100835632,0.008522918015857119
1772526958.7155664,1539,0.6186962127685547,1616.302119460501,28.726853140178324,1.6468770630768246,2.5007239223487434,2.5023327150975367,0.0017453359098970611,0.13256072998046875,0.98,0.008901464436338644,0.008901464436338642,0.005602722454409342
1772526958.729097,1540,1.2443065643310547,803.6604713546657,28.91464444945816,1.8940764966792338,2.608077554114846,2.5023327150975367,0.0017453192651402383,0.13256072998046875,0.98,0.007859513821585406,0.007859513821585404,0.007399005182640981
1772526958.7415218,1541,1.3494491577148438,741.043109540636,29.21687641316817,1.8700427205139731,2.6294617268084526,2.5023327150975367,0.0017453359098970611,0.13256072998046875,0.98,0.0056741488184370885,0.0056741488184370885,0.014436325329422973
1772526958.7532346,1542,0.8134841918945312,1229.2801875732707,29.903494583126335,2.1365841068240394,2.821074988343406,2.5023327150975367,0.0017453359098970611,0.13256072998046875,0.98,0.0070507306684182425,0.0070507306684182425,0.008031909570256816
1772526958.766157,1543,1.0712146759033203,933.5196973069219,30.490136877028686,2.5902305265402394,2.9470018534524156,2.5023327150975367,0.0017453359098970611,0.13256072998046875,0.98,0.007379668315336803,0.0073796683153368025,0.0086877305607849
1772526958.7786674,1544,0.7698535919189453,1298.9482812016104,30.788237333387013,3.0078209854305538,3.0572764250587463,2.5023327150975367,0.0,0.13256072998046875,0.98,0.007912731351515762,0.00791273135151576,0.007273787860189259
1772526958.7906437,1545,0.8244514465332031,1212.9277038750722,31.25359884261496,3.098329920064822,3.0690598602866905,2.5023327150975367,0.0017453691994107068,0.13256072998046875,0.98,0.00927726346471087,0.009277263464710873,0.007285928117351084
1772526958.803275,1546,0.8220672607421875,1216.445475638051,31.482966969174683,2.834380845057708,3.0677462951596888,2.5023327150975367,0.0017453359098970611,0.13256072998046875,0.98,0.011755460234609622,0.011755460234609626,0.006773643096155234
1772526958.8162968,1547,1.1615753173828125,860.8998357963875,31.18678776052037,2.6540122171015765,3.0470882403907815,2.5023327150975367,0.0017453275875186636,0.13256072998046875,0.98,0.012444369172167402,0.0124443691721674,0.007277372289383868
1772526958.8289654,1548,1.1968612670898438,835.5187250996016,31.02454293043227,2.4295903906784404,3.036461498320082,2.5023327150975367,0.0017453275875186358,0.13256072998046875,0.98,0.011392227376999648,0.011392227376999638,0.0064636264055938425
1772526958.8413365,1549,1.1932849884033203,838.0227772227772,31.062477812968545,2.1520287268940463,3.0335365317114564,2.5023327150975367,0.0017453275875186358,0.13256072998046875,0.98,0.009483772486629584,0.009483772486629584,0.005642286658772151
1772526958.8528426,1550,0.4990100860595703,2003.9675107501193,31.21983606547526,1.8385001368421405,3.044964748667249,2.5023327150975367,0.0017453359098970611,0.13256072998046875,0.98,0.00790909842642118,0.00790909842642118,0.0041004197796569095
1772526958.8656273,1551,0.6208419799804688,1610.715821812596,31.196470542232543,1.547245101094661,3.0619397608811205,2.5023327150975367,0.0,0.13256072998046875,0.98,0.007581332596502715,0.007581332596502715,0.00335469943929908
1772526958.8783762,1552,0.762939453125,1310.72,31.034037874364472,1.3347640513929164,3.0803653856682858,2.5023327150975367,0.0017453359098970611,0.13256072998046875,0.98,0.00729810164656265,0.007298101646562649,0.0014788106499689351
1772526958.8906887,1553,0.8337497711181641,1199.4006291106664,31.134227564599215,1.245445615802076,3.085055001006472,2.5023327150975367,0.0,0.13256072998046875,0.98,0.007051128211781813,0.007051128211781821,0.0019380274111765676
1772526958.9028566,1554,0.4596710205078125,2175.46887966805,31.24539645937672,1.244901149740003,3.0878800854737554,2.5023327150975367,0.0017453359098970611,0.13256072998046875,0.98,0.007041649900729244,0.007041649900729244,0.0036588915348425293
1772526958.915703,1555,0.6711483001708984,1489.9836589698045,31.154715678955707,1.1242287255638843,3.0978636105496244,2.5023327150975367,0.0017453275875186497,0.13256072998046875,0.98,0.006930665679451889,0.0069306656794518775,0.004061877903492703
1772526958.9290476,1556,1.2328624725341797,811.1204795977567,31.021051650216013,0.8926677032931853,3.108516926312624,2.5023327150975367,0.0034906551750372994,0.13256072998046875,0.98,0.006854168051552835,0.006854168051552824,0.005589008463493685
1772526958.9414384,1557,1.270294189453125,787.2192192192192,31.112210864406425,0.6031579165960507,3.1289342261891053,2.5023327150975367,0.003490663497415697,0.13256072998046875,0.98,0.006472286497842637,0.0064722864978426315,0.005574114624910037
1772526958.9533072,1558,0.8428096771240234,1186.507496463932,31.38055636005083,0.45045328949839564,3.140398457343906,2.5023327150975367,0.0017453359098970611,0.13256072998046875,0.98,0.006061577863385443,0.006061577863385443,0.0066288615902002175
1772526958.966096,1559,0.9601116180419922,1041.5455674199156,31.367806791297294,0.2694894061350722,3.159582319335938,2.5023327150975367,0.0017453275875186497,0.13256072998046875,0.98,0.006069450091972597,0.006069450091972597,0.0065556511142180265
1772526958.9784684,1560,0.7846355438232422,1274.4770586447887,31.278555451658843,0.3470493810600138,3.1681971486573937,2.5023327150975367,0.003490663497415711,0.13256072998046875,0.98,0.005368484093617357,0.005368484093617362,0.007120549809297995
1772526958.9906461,1561,0.8213520050048828,1217.5047895500725,31.461267780801446,0.4811676743004171,3.1810965834649294,2.5023327150975367,0.0017453359098970611,0.13256072998046875,0.98,0.004778312239237558,0.004778312239237552,0.0074507530745937765
1772526959.002822,1562,0.47779083251953125,2092.9660678642713,31.589368671805893,0.6162413392628578,3.191181947612094,2.5023327150975367,0.0017453359098970611,0.13256072998046875,0.98,0.004384970073351817,0.004384970073351818,0.0064731629381659
1772526959.0159576,1563,0.7669925689697266,1303.7935965184954,31.354680981833315,0.6790329503087561,3.168037292190071,2.5023327150975367,0.0017453691994107068,0.13256072998046875,0.98,0.004015492297137665,0.004015492297137672,0.0058054467808124136
1772526959.02861,1564,0.7855892181396484,1272.9298937784522,31.153046406451264,0.5192851421658344,3.133366040319907,2.5023327150975367,0.0017453275875186497,0.13256072998046875,0.98,0.004199035238430825,0.004199035238430819,0.003871108456844876
1772526959.0407867,1565,0.7681846618652344,1301.770328988206,31.22250735934625,0.23762254861086504,3.0880489557831563,2.5023327150975367,0.0034906718197941222,0.13256072998046875,0.98,0.004761737654326093,0.004761737654326093,0.0035463052401304832
1772526959.0528584,1566,0.469207763671875,2131.2520325203254,31.20940508467791,0.3264905800817722,3.028719967019841,2.5023327150975367,0.0017453359098970611,0.13256072998046875,0.98,0.005989876419592304,0.005989876419592301,0.002406595461185712
1772526959.0663443,1567,1.1835098266601562,844.9443996776793,30.872281852047298,0.8813530678236208,2.9950596696124827,2.5023327150975367,0.0017453691994107068,0.13256072998046875,0.98,0.005809801690369137,0.005809801690369138,0.0030223130957446878
1772526959.0788774,1568,1.1382102966308594,878.5722664432342,30.62480296078256,1.1418032641231475,2.9748886820798264,2.5023327150975367,0.0017453359098970611,0.13256072998046875,0.98,0.004998653602631115,0.00499865360263112,0.0034705645561071306
1772526959.0915172,1569,1.230478286743164,812.6921139314086,30.628987372504977,1.2837796686819762,2.9447899959736628,2.5023327150975367,0.0017453691994107068,0.13256072998046875,0.98,0.005393537551549651,0.005393537551549648,0.003643096855907687
1772526959.1028166,1570,0.5047321319580078,1981.248937175248,30.730756359475702,1.4046763305668553,2.9143018857786407,2.5023327150975367,0.0017453359098970056,0.13256072998046875,0.98,0.005428641377149592,0.005428641377149613,0.004521883242442467
1772526959.1157708,1571,0.7102489471435547,1407.9570325612622,30.71501923355203,1.3420063631103543,2.915083011331728,2.5023327150975367,0.0017453359098970611,0.13256072998046875,0.98,0.00450334670858777,0.0045033467085877745,0.003573288979798755
1772526959.1285274,1572,0.8013248443603516,1247.9333531686998,30.43266835035738,1.124504825462292,2.9220910114932703,2.5023327150975367,0.0017453359098970611,0.13256072998046875,0.98,0.003773194373434062,0.0037731943734340806,0.001971959657334704
1772526959.1413786,1573,1.2426376342773438,804.7398311588641,30.450936127237473,0.7804172728235814,2.9246680898157087,2.5023327150975367,0.0017453359098970611,0.13256072998046875,0.98,0.003589967429319471,0.0035899674293194783,0.003002604488218342
1772526959.152955,1574,0.5116462707519531,1954.475302889096,30.63054798818105,0.567761615565987,2.9394354453719167,2.5023327150975367,0.0,0.13256072998046875,0.98,0.0036531360835342316,0.0036531360835342316,0.0022783987337936734
1772526959.165624,1575,0.6327629089355469,1580.3707611152977,30.686454492926362,0.37016866211176747,2.946606243790949,2.5023327150975367,0.0017453359098970611,0.13256072998046875,0.98,0.0037159652638419412,0.003715965263841947,0.0026361498389161474
1772526959.1785467,1576,0.8146762847900391,1227.481416447176,30.518020473577316,0.33019385867547624,2.9442335572216916,2.5023327150975367,0.0017453192651402383,0.13256072998046875,0.98,0.0035078274610718554,0.0035078274610718554,0.0027603629712034854
1772526959.1907296,1577,0.8051395416259766,1242.0207284572105,30.544643887493937,0.25462896847944505,2.938589945023236,2.5023327150975367,0.0017453026203834154,0.13256072998046875,0.98,0.003159107839862565,0.00315910783986258,0.005457008784727751
1772526959.2029097,1578,0.48923492431640625,2044.007797270955,30.619387287877828,0.3537958654203383,2.8903845458574424,2.5023327150975367,0.0017453359098970611,0.13256072998046875,0.98,0.003913858513221089,0.003913858513221089,0.0016726278549324576
1772526959.2158542,1579,0.7131099700927734,1402.3082581076562,30.364509291270675,0.5954130994057268,2.8611436430839365,2.5023327150975367,0.0017453359098970334,0.13256072998046875,0.98,0.004096912480306998,0.004096912480306998,0.0022228990899190266
1772526959.228466,1580,0.7386207580566406,1353.8747579083279,30.170335556737967,0.6418518129103292,2.8455047694965354,2.5023327150975367,0.0017453359098970611,0.13256072998046875,0.98,0.0035527959516288353,0.003552795951628811,0.00817483991381703
1772526959.2421217,1581,1.5223026275634766,656.8996084573218,30.13465763381921,0.4038051244195565,2.893824840256083,2.5023327150975367,0.001745302620383471,0.13256072998046875,0.98,0.00396925159027845,0.00396925159027845,0.005126974230729762
1772526959.252827,1582,0.4630088806152344,2159.7857878475797,30.465607879739515,0.4084083173758096,2.9447214011028686,2.5023327150975367,0.0017453359098970611,0.13256072998046875,0.98,0.004827875936821157,0.004827875936821157,0.011481927687000383
1772526959.2657635,1583,0.7417201995849609,1348.2172934747668,30.71995287408197,0.31804183898502647,2.8722048825825,2.5023327150975367,0.0034906551750372994,0.13256072998046875,0.98,0.0033742877636004274,0.0033742877636004304,0.0036712518784743067
1772526959.2791798,1584,1.3704299926757812,729.6979819067502,30.171267068290334,0.601739933541189,2.820286444454082,2.5023327150975367,0.0017453691994107068,0.13256072998046875,0.98,0.004680158814276188,0.004680158814276188,0.0017737991689876626
1772526959.2908194,1585,0.8492469787597656,1177.513756316676,30.03183007567966,0.48030532932196146,2.785321644343287,2.5023327150975367,0.003490671819794011,0.13256072998046875,0.98,0.004187912963150909,0.004187912963150912,0.002404685507048809
1772526959.3028693,1586,0.4801750183105469,2082.573982125124,30.12727061609912,0.5731385299865089,2.739966715126337,2.5023327150975367,0.0017453359098970611,0.13256072998046875,0.98,0.005094840245769405,0.005094840245769405,0.0011517838190572007
1772526959.316028,1587,0.888824462890625,1125.0815450643777,29.828060530572152,0.6938446572791009,2.6996055800012195,2.5023327150975367,0.0034906551750372994,0.13256072998046875,0.98,0.0052935018326809085,0.005293501832680909,0.004103830943242844
1772526959.3287795,1588,0.8320808410644531,1201.8063037249283,29.513135431086283,0.6323338136070984,2.6876647136499594,2.5023327150975367,0.0034906718197941222,0.13256072998046875,0.98,0.0035327385308240567,0.0035327385308240576,0.003964166123887976
1772526959.340843,1589,0.7905960083007812,1264.8685162846803,29.589685439200533,0.35352636063909754,2.6910125634024054,2.5023327150975367,0.0034906551750372716,0.13256072998046875,0.98,0.0023648106638733775,0.0023648106638733775,0.007082719165617415
1772526959.352935,1590,0.5121231079101562,1952.655493482309,29.71992886250612,0.32800781931554274,2.6247411694460787,2.5023327150975367,0.0017453359098970611,0.13256072998046875,0.98,0.004874048256781101,0.004874048256781105,0.012642365241832312
1772526959.3658252,1591,0.7140636444091797,1400.4353923205342,29.565368265106322,0.25227956421544917,2.6834339431739025,2.5023327150975367,0.0034906718197941222,0.13256072998046875,0.98,0.00338383547455525,0.0033838354745552514,0.011423524046943172
1772526959.3785357,1592,0.7987022399902344,1252.0310447761194,29.612113873986214,0.46773938635813145,2.7827417733418414,2.5023327150975367,0.0052359910849343605,0.13256072998046875,0.98,0.008263517297224202,0.008263517297224198,0.006019466220747934
1772526959.3916867,1593,1.3887882232666016,720.0521888412018,29.909716701655288,1.0621098172399208,2.8401707357613084,2.5023327150975367,0.0052359910849343605,0.13256072998046875,0.98,0.007798470510219775,0.007798470510219775,0.014686064127556034
1772526959.4033334,1594,0.8549690246582031,1169.633017289459,30.116190788378784,0.9333566622321757,2.7701886226766987,2.5023327150975367,0.0034906551750372994,0.13256072998046875,0.98,0.0017570822979325984,0.0017570822979326207,0.004347190002615377
1772526959.4164596,1595,1.2314319610595703,812.0627299128752,30.056048630574825,0.514107373029572,2.7573834674188338,2.5023327150975367,0.005235991084934333,0.13256072998046875,0.98,0.002024949145943808,0.002024949145943818,0.010423522547955798
1772526959.4290342,1596,1.2187957763671875,820.4820031298905,29.89165381871337,0.5438393749302599,2.815504141228848,2.5023327150975367,0.0034906718197941222,0.13256072998046875,0.98,0.0032892772984557898,0.0032892772984557876,0.00840075834033877
1772526959.4415815,1597,1.2929439544677734,773.4287294855246,30.12595326648557,0.9371145851609278,2.876238242660493,2.5023327150975367,0.0034906551750372994,0.13256072998046875,0.98,0.004762849673978481,0.004762849673978484,0.0070405605620537035
1772526959.4534423,1598,0.8597373962402344,1163.1458679977816,30.451678583984123,1.3325457512990757,2.906734334096257,2.5023327150975367,0.0034906551750372994,0.13256072998046875,0.98,0.003613948060898396,0.003613948060898397,0.008503689415194795
1772526959.466573,1599,1.318216323852539,758.6008319768493,30.476973050502046,1.3204439610245693,2.867252193138632,2.5023327150975367,0.003490663497415711,0.13256072998046875,0.98,0.002447601416158951,0.002447601416158947,0.009107147104347369
1772526959.479078,1600,1.2900829315185547,775.143965995195,30.142905920931263,0.9581267760694003,2.769842057657878,2.5023327150975367,0.0034906551750372994,0.13256072998046875,0.98,0.006804093555785754,0.0068040935557857575,0.009525202451943013
1772526959.4922595,1601,1.543283462524414,647.9691024254596,29.91378046333624,0.6404851147967194,2.780353590242558,2.5023327150975367,0.0034906551750372994,0.13256072998046875,0.98,0.003727920143433521,0.0037279201434335203,0.004130639270794713
1772526959.503673,1602,0.9098052978515625,1099.1362683438156,29.938290860178657,0.5832030707161965,2.7604718964658415,2.5023327150975367,0.0034906551750372716,0.13256072998046875,0.98,0.0032823388905316073,0.0032823388905316073,0.0031648028067851547
1772526959.5157318,1603,0.7231235504150391,1382.8895483020112,30.14136943449279,0.556457321376858,2.7294613932482537,2.5023327150975367,0.0034906551750372716,0.13256072998046875,0.98,0.003776314714155723,0.003776314714155728,0.002720730395787771
1772526959.5286498,1604,0.835418701171875,1197.0045662100456,29.85342222753287,0.49215603650481154,2.6949373433786508,2.5023327150975367,0.0034906551750372994,0.13256072998046875,0.98,0.004227966720167696,0.004227966720167695,0.004523970234107726
1772526959.5408385,1605,0.7719993591308594,1295.33786287832,29.639171164548223,0.34276194043624725,2.690766567105689,2.5023327150975367,0.0017453691994105958,0.029802322387695312,0.98,0.0024738168872650195,0.002473816887265024,0.005082230678186853
1772526959.553293,1606,0.7264614105224609,1376.5356087955365,29.666689605282844,0.16956323293611616,2.642124659160849,2.5023327150975367,0.0034906718197941222,0.03647804260253906,0.98,0.00410332399037276,0.004103323990372761,0.0036316392408020214
1772526959.5660534,1607,0.9429454803466797,1060.5067003792667,29.474704642274258,0.38533181604514555,2.6099388305419446,2.5023327150975367,0.0017453359098970611,0.05698204040527344,0.98,0.004072777706314885,0.004072777706314861,0.004066353645366081
1772526959.579192,1608,1.2984275817871094,770.1623209695189,29.237755994370573,0.5843243474434054,2.58340111046531,2.5023327150975367,0.0017453359098970611,0.07557868957519531,0.98,0.003886119014653283,0.003886119014653288,0.003817703790596738
1772526959.5912232,1609,0.8161067962646484,1225.329827636576,29.120493346404704,0.6195961068046794,2.5655666076055006,2.5023327150975367,0.0034906385302804765,0.07557868957519531,0.98,0.003136115626944634,0.003136115626944633,0.003913324412282227
1772526959.6031842,1610,0.7023811340332031,1423.7284453496266,29.274713393595288,0.5884534905991146,2.5577259650650768,2.5023327150975367,0.0017453359098970611,0.07557868957519531,0.98,0.00221151543337473,0.00221151543337473,0.004656036974950468
1772526959.616638,1611,1.2934207916259766,773.1435944700461,29.26965892654826,0.4294634525037488,2.5706523217287804,2.5023327150975367,0.0017453359098970611,0.07557868957519531,0.98,0.0009577854152023617,0.0009577854152023617,0.003219855600473817
1772526959.6290908,1612,1.2054443359375,829.5696202531645,29.037700878462214,0.3888431015677231,2.5602158935708497,2.5023327150975367,0.0017453691994107068,0.07557868957519531,0.98,0.0012176407962110887,0.0012176407962110967,0.0035768004255420037
1772526959.6416152,1613,1.2371540069580078,808.3068028521873,29.088823838482668,0.32079647210635664,2.5408739802632985,2.5023327150975367,0.0017453275875186636,0.07557868957519531,0.98,0.00198242850290551,0.0019824285029055202,0.004799470016192907
1772526959.6534061,1614,0.8261203765869141,1210.4773448773449,29.19230243434038,0.29849150564260934,2.555771335369974,2.5023327150975367,0.0017453359098970611,0.07557868957519531,0.98,0.0008562231858088399,0.0008562231858088399,0.0026324020175428676
1772526959.6664248,1615,1.1663436889648438,857.380212591987,29.227089015807937,0.18513450322769706,2.5501161561986363,2.5023327150975367,0.0034906718197941222,0.07557868957519531,0.98,0.000926618553701612,0.0009266185537016126,0.007583987714341308
1772526959.6792066,1616,1.2867450714111328,777.1547155827311,28.941724291568054,0.3886623322556235,2.4979548219213865,2.5023327150975367,0.0034906718197941222,0.07557868957519531,0.98,0.004018604315859813,0.004018604315859813,0.008629468127599436
1772526959.6915407,1617,1.2094974517822266,826.7896708062291,28.746496781830253,0.6311533936826671,2.421759905375108,2.5023327150975367,0.003490605240766831,0.07557868957519531,0.98,0.007578458476680624,0.007578458476680624,0.008222102588125516
1772526959.70336,1618,0.8311271667480469,1203.1853126792885,28.62800988592247,1.0411039345846969,2.3444880655094544,2.5023327150975367,0.0034906385302804765,0.07557868957519531,0.98,0.00995529410586462,0.009955294105864619,0.010675653016478819
1772526959.7163558,1619,1.1641979217529297,858.9604751177554,28.479730577224093,1.2284460075435462,2.3422727212897714,2.5023327150975367,0.0034906718197941222,0.07557868957519531,0.98,0.006027870969830517,0.006027870969830517,0.006414845785447263
1772526959.728873,1620,1.0986328125,910.2222222222222,28.182405063487256,1.2230075801140503,2.300186908268961,2.5023327150975367,0.0034906718197941222,0.07557868957519531,0.98,0.007449191614663364,0.007449191614663364,0.014450937729718685
1772526959.74164,1621,1.2600421905517578,793.6242194891202,27.916319262024537,1.3557124550352426,2.192511318062231,2.5023327150975367,0.0034906718197941222,0.07557868957519531,0.98,0.014943705900348044,0.014943705900348063,0.009683287156366325
1772526959.7533495,1622,0.8296966552734375,1205.2597701149425,27.649966245301897,1.597307835864095,2.1234566869216596,2.5023327150975367,0.005235991084934333,0.07557868957519531,0.98,0.015030982649728656,0.015030982649728663,0.011454260397341702
1772526959.7664566,1623,1.1899471282958984,840.3734722500501,27.41326445398375,1.7629351174283452,2.034431232868295,2.5023327150975367,0.005235991084934333,0.07557868957519531,0.98,0.01999049360799295,0.019990493607992956,0.012836538983815775
1772526959.7790527,1624,1.2290477752685547,813.6380213385063,26.83420957733022,2.0094765225168034,1.9365172530457513,2.5023327150975367,0.0034906718197941222,0.07557868957519531,0.98,0.023434409061788793,0.023434409061788793,0.014284240286885358
1772526959.7917328,1625,1.219034194946289,820.321533346372,26.399644173921285,2.0607909635579413,1.8422690131461206,2.5023327150975367,0.00872664625997166,0.07557868957519531,0.98,0.02731222502570662,0.027312225025706606,0.01598904725730609
1772526959.8033578,1626,0.8265972137451172,1209.7790597057974,25.981924427560887,2.0746425367589656,1.7471024754851456,2.5023327150975367,0.006981310350074599,0.07557868957519531,0.98,0.02937937605413141,0.02937937605413137,0.018443274397235556
1772526959.8162985,1627,1.1491775512695312,870.1875518672199,25.730155091402754,1.969572515780812,1.676116367585404,2.5023327150975367,0.006981326994831394,0.07557868957519531,0.98,0.031254199631310695,0.031254199631310695,0.0229114055785745
1772526959.8291283,1628,1.2507438659667969,799.5242089210827,25.16813032479263,1.8659085049409256,1.6240529280066214,2.5023327150975367,0.006981310350074599,0.07557868957519531,0.98,0.0274149172593425,0.0274149172593425,0.020465708710600227
1772526959.841774,1629,1.2323856353759766,811.4343199845231,24.72151925719382,1.5747780513827396,1.575669597853911,2.5023327150975367,0.006981310350074599,0.07557868957519531,0.98,0.024389837710567488,0.02438983771056748,0.022791198883885696
1772526959.8533702,1630,0.8440017700195312,1184.8316384180791,24.47435936207873,1.2425325538143266,1.5453321353653273,2.5023327150975367,0.006981343639588189,0.07557868957519531,0.98,0.01756520198140651,0.01756520198140651,0.015266946707805094
1772526959.866602,1631,1.2454986572265625,802.8912710566616,24.444773202513666,0.9814418220019159,1.5081374906264657,2.5023327150975367,0.00872664625997166,0.07557868957519531,0.98,0.017518418126101828,0.017518418126101876,0.017711167893356576
1772526959.8790784,1632,1.2197494506835938,819.8405003909304,24.026960752509794,0.9239651168780242,1.479988184811318,2.5023327150975367,0.006981310350074599,0.07557868957519531,0.98,0.012544106740541674,0.012544106740541674,0.013418308962132239
1772526959.8917024,1633,1.1758804321289062,850.426601784266,23.827975606487133,0.7156281689382636,1.4522900521672122,2.5023327150975367,0.0034906551750372994,0.07557868957519531,0.98,0.01021618658681472,0.01021618658681472,0.014564868851337577
1772526959.9033556,1634,0.8232593536376953,1214.68404286128,23.660987893265972,0.5855428231459205,1.4372934016285006,2.5023327150975367,0.0069813436395882444,0.07557868957519531,0.98,0.005870473841882976,0.005870473841882974,0.008280882181174261
1772526959.9162285,1635,1.0907649993896484,916.7877595628415,23.743844687062673,0.4599737622833168,1.41716001389489,2.5023327150975367,0.0034906551750372994,0.07557868957519531,0.98,0.0058444497135373055,0.0058444497135373055,0.009415373179417087
1772526959.9290404,1636,1.1937618255615234,837.688036748552,23.49785622337634,0.44903557968334473,1.40619340039859,2.5023327150975367,0.005236007729691128,0.07557868957519531,0.98,0.004608878525060866,0.004608878525060868,0.005829921992586458
1772526959.9417353,1637,1.2044906616210938,830.2264449722882,23.29068743014542,0.37539048366944167,1.3898986383646112,2.5023327150975367,0.0034906718197941222,0.07557868957519531,0.98,0.004792747364514838,0.00479274736451484,0.01586113398916516
1772526959.9534473,1638,0.8530616760253906,1172.2481833426496,23.248563281394613,0.2234211528408405,1.4014614302681638,2.5023327150975367,0.0017453359098970611,0.07557868957519531,0.98,0.006771355515170904,0.006771355515170922,0.004401235385086474
1772526959.9662611,1639,1.0652542114257812,938.7430617726052,23.47113512755623,0.25957076642328564,1.4027422195816035,2.5023327150975367,0.0017453359098970611,0.07557868957519531,0.98,0.007162748633675398,0.0071627486336753995,0.007955818639088171
1772526959.9790554,1640,1.1982917785644531,834.5212892956625,23.400104782405613,0.16655831228258777,1.4182933882393596,2.5023327150975367,0.0017453359098970611,0.07557868957519531,0.98,0.009712078740335835,0.009712078740335837,0.005039305525892649
1772526959.9915855,1641,1.2106895446777344,825.9755809373769,23.393352165410892,0.23333928463121204,1.4338961393302097,2.5023327150975367,0.0017453359098970611,0.07557868957519531,0.98,0.01027373629920909,0.010273736299209099,0.005343148667147053
1772526960.0030944,1642,0.5385875701904297,1856.7082779991147,23.518835877061814,0.3183359934911359,1.4483400267206157,2.5023327150975367,0.001745319265140266,0.07557868957519531,0.98,0.009127280044691127,0.009127280044691138,0.0058010660302045
1772526960.0161953,1643,0.9281635284423828,1077.3963524274338,23.769461907174104,0.39492344433688115,1.4625335709195648,2.5023327150975367,0.0017453359098970611,0.07557868957519531,0.98,0.008555654764847997,0.008555654764847997,0.005510629646451199
1772526960.0287406,1644,0.8273124694824219,1208.7331412103747,23.71093016569333,0.31383399087055475,1.4803732039822675,2.5023327150975367,0.0017453359098970611,0.07557868957519531,0.98,0.007932360015663902,0.007932360015663909,0.005558216711594529
1772526960.0412264,1645,0.8184909820556641,1221.7605592775997,23.79031130277539,0.3289532101884243,1.5003647535741207,2.5023327150975367,0.0017453691994107068,0.07557868957519531,0.98,0.007602849212486235,0.007602849212486235,0.006486179080337564
1772526960.0529456,1646,0.49495697021484375,2020.3776493256262,23.987889246071184,0.42411568833445534,1.5310640536768114,2.5023327150975367,0.0034906385302804765,0.07557868957519531,0.98,0.00852286894728528,0.008522868947285283,0.011675465392797608
1772526960.0658448,1647,0.7002353668212891,1428.0912495743955,24.366047050776817,0.6570292204433418,1.5869692009605416,2.5023327150975367,0.0017453359098970611,0.07557868957519531,0.98,0.013372368642547507,0.013372368642547507,0.007875053330304391
1772526960.0786614,1648,0.8111000061035156,1232.8935920047031,24.489678252524097,0.8078540268515982,1.646968609747267,2.5023327150975367,0.0017453359098970611,0.07557868957519531,0.98,0.014749937327861543,0.014749937327861545,0.007375178557281118
1772526960.091258,1649,0.8571147918701172,1166.7048678720446,24.731529281699636,1.0052351360704865,1.6927324056982604,2.5023327150975367,0.0034906551750372994,0.07557868957519531,0.98,0.012429902500004019,0.012429902500004022,0.006904575070121278
1772526960.1029336,1650,0.4792213439941406,2086.718407960199,25.112729428120815,1.1191726069042167,1.7452213535575631,2.5023327150975367,0.0017453691994107068,0.07557868957519531,0.98,0.011137081874368284,0.011137081874368286,0.010445007889787654
1772526960.1158884,1651,0.7407665252685547,1349.9530093337626,25.506222857378095,1.076327457552559,1.760821413082578,2.5023327150975367,0.0034906551750372994,0.07557868957519531,0.98,0.007073037356296173,0.007073037356296175,0.0067891010227978926
1772526960.1286728,1652,0.8349418640136719,1197.688178183895,25.451644584819096,0.8734599413589301,1.7777886067120374,2.5023327150975367,0.0034906551750372994,0.07557868957519531,0.98,0.004959583177861452,0.004959583177861452,0.006790573424596155
1772526960.1412482,1653,0.8282661437988281,1207.3413932066783,25.452147394303736,0.7062104312679015,1.7773663256614538,2.5023327150975367,0.0017453359098970611,0.07557868957519531,0.98,0.0035267991569600384,0.0035267991569600384,0.004832570695103638
1772526960.153465,1654,0.8654594421386719,1155.45564738292,25.53263834986137,0.5455035111833643,1.7719749406854197,2.5023327150975367,0.005235974440177538,0.07557868957519531,0.98,0.0037602744496846754,0.0037602744496846754,0.0037342756854995434
1772526960.16667,1655,1.2450218200683594,803.1987744159326,25.608393722158254,0.41936552821051876,1.7621171131030007,2.5023327150975367,0.0017453359098970611,0.07557868957519531,0.98,0.004630434464767517,0.0046304344647675145,0.006320950998400969
1772526960.1789846,1656,0.83160400390625,1202.4954128440368,25.419796147228954,0.41944666783674034,1.7760151991490147,2.5023327150975367,0.0034906551750372716,0.07557868957519531,0.98,0.0037704529858717506,0.003770452985871762,0.0032844239423154547
1772526960.19117,1657,0.8511543273925781,1174.8750700280111,25.488005441207797,0.41252095601919825,1.7831286014944605,2.5023327150975367,0.003490655175037327,0.07557868957519531,0.98,0.003636220877918123,0.003636220877918113,0.005260740150770377
1772526960.2029383,1658,0.4780292510986328,2091.9221945137156,25.74734210464085,0.5430167363485013,1.8046645586793568,2.5023327150975367,0.0034906718197940667,0.07557868957519531,0.98,0.004149051182445441,0.004149051182445441,0.003005398904422258
1772526960.2160256,1659,0.7212162017822266,1386.5467768595042,25.86288072257731,0.5569485265294927,1.816061785230102,2.5023327150975367,0.0017453359098970611,0.07557868957519531,0.98,0.004516803828980433,0.004516803828980433,0.003876684506249232
1772526960.228785,1660,0.8141994476318359,1228.2002928257687,25.667031910303265,0.5665277736489905,1.814287627609602,2.5023327150975367,0.0034906551750372716,0.07557868957519531,0.98,0.003907049572923631,0.003907049572923631,0.002747688051378436
1772526960.2413108,1661,0.8523464202880859,1173.231888111888,25.67862440149704,0.4400142644912118,1.8143272615730157,2.5023327150975367,0.0017453359098970611,0.07557868957519531,0.98,0.003779310418981185,0.003779310418981204,0.0026500697142427614
1772526960.2530231,1662,0.4730224609375,2114.064516129032,25.788648980556466,0.3712373673923077,1.812987303641241,2.5023327150975367,0.0017453359098970611,0.07557868957519531,0.98,0.0035876585339694195,0.003587658533969396,0.006039246491906815
1772526960.2665868,1663,1.2514591217041016,799.0672509049343,25.862335979598907,0.24614519717327865,1.7882704335080282,2.5023327150975367,0.001745319265140266,0.07557868957519531,0.98,0.004780224865832551,0.004780224865832551,0.0026492161878780267
1772526960.2792623,1664,1.2619495391845703,792.4247118836199,25.555470725687744,0.34155108141040497,1.775010224072459,2.5023327150975367,0.0017453359098970611,0.07557868957519531,0.98,0.00466369759790174,0.004663697597901752,0.0031432184145793406
1772526960.2915597,1665,0.888824462890625,1125.0815450643777,25.479609573163632,0.13492082925264479,1.7702426967530966,2.5023327150975367,0.0017453192651402105,0.07557868957519531,0.98,0.0040915891505189485,0.004091589150518946,0.0032455605079252654
1772526960.303017,1666,0.57220458984375,1747.6266666666668,25.52836067994421,0.12695628828993466,1.7696284875032071,2.5023327150975367,0.001745302620383471,0.07557868957519531,0.98,0.0033497617559905568,0.0033497617559905633,0.005866705312631642
1772526960.3159437,1667,0.6918907165527344,1445.314955203308,25.817274787535364,0.30384836961214773,1.7887306545193487,2.5023327150975367,0.0,0.07557868957519531,0.98,0.0037621854708444875,0.003762185470844495,0.0024166714470510737
1772526960.3288102,1668,0.8196830749511719,1219.9837114601512,25.607895162381805,0.30406591137263184,1.801130194645907,2.5023327150975367,0.0017453359098970611,0.07557868957519531,0.98,0.003986544946781254,0.003986544946781254,0.003149775315578241
1772526960.3412824,1669,0.8008480072021484,1248.6763917832689,25.577998584171535,0.25758682578499525,1.803984986879749,2.5023327150975367,0.0017453359098970611,0.07557868957519531,0.98,0.0034224062617732366,0.0034224062617732366,0.0032160127161536167
1772526960.3529637,1670,0.4916191101074219,2034.0950533462658,25.765923213283607,0.33641991438018115,1.8220289451959164,2.5023327150975367,0.0017453359098970611,0.07557868957519531,0.98,0.0038357168639101876,0.0038357168639101876,0.0021601036670527286
1772526960.3666544,1671,1.3587474822998047,735.9719248991051,25.97018409904537,0.33971154956899957,1.8302644483072488,2.5023327150975367,0.0017453026203834154,0.07557868957519531,0.98,0.003947598754066996,0.003947598754066996,0.0028238208198927673
1772526960.3791342,1672,1.2128353118896484,824.5142520149401,25.765921563585135,0.316958499601134,1.8326187690965858,2.5023327150975367,0.0017453359098970611,0.07557868957519531,0.98,0.0034248868495363087,0.0034248868495363087,0.002748245963045925
1772526960.3917701,1673,1.2392997741699219,806.907272027703,25.78419839575372,0.17739555270393534,1.8315624896201206,2.5023327150975367,0.0017453359098970611,0.07557868957519531,0.98,0.0031969141665544273,0.0031969141665544273,0.002187350651351427
1772526960.4033122,1674,0.7917881011962891,1262.964167419452,25.86344131660528,0.1656672778776095,1.8339826602939127,2.5023327150975367,0.0017453359098970611,0.07557868957519531,0.98,0.0029916574743089307,0.0029916574743089086,0.003433499267544107
1772526960.416188,1675,1.0602474212646484,943.1760737575894,26.08965505146324,0.2645131936865517,1.8493527738551134,2.5023327150975367,0.0,0.07557868957519531,0.98,0.003760791223247405,0.003760791223247405,0.0018054660541189486
1772526960.4290688,1676,1.153707504272461,866.7708204174417,25.946543990111785,0.24882075900117337,1.8576204765834154,2.5023327150975367,0.0017453359098970611,0.07557868957519531,0.98,0.0037327949415754723,0.0037327949415754754,0.0019369548587186297
1772526960.4411733,1677,1.0013580322265625,998.6438095238095,25.930977586408602,0.2627323916302277,1.8746299452746602,2.5023327150975367,0.0034906385302804765,0.07557868957519531,0.98,0.003927500469123941,0.003927500469123941,0.007277380566673459
1772526960.452969,1678,0.4916191101074219,2034.0950533462658,26.118959380115275,0.3028877201337746,1.8538631452262246,2.5023327150975367,0.0017453359098970611,0.07557868957519531,0.98,0.0030547153101289403,0.0030547153101289403,0.00285052162535808
1772526960.465982,1679,0.8757114410400391,1141.928668663218,26.09383307009177,0.13217910440689803,1.84295718156243,2.5023327150975367,0.0017453359098970611,0.07557868957519531,0.98,0.0034544434424001918,0.0034544434424001918,0.00910061973944178
1772526960.4786642,1680,0.9622573852539062,1039.222993062438,25.837778817790007,0.28749685856164225,1.7989568475245648,2.5023327150975367,0.0017453359098970611,0.07557868957519531,0.98,0.006439220773904723,0.006439220773904723,0.009301036012446817
1772526960.4912522,1681,0.9338855743408203,1070.7949961705388,25.59827558526728,0.4521855694158289,1.7430361490770625,2.5023327150975367,0.0017453359098970611,0.07557868957519531,0.98,0.010016379112887783,0.010016379112887785,0.01413336967676225
1772526960.5029666,1682,0.49376487731933594,2025.2554321583775,25.33343296383255,0.7547805752189676,1.665109527337941,2.5023327150975367,0.0034906718197941222,0.07557868957519531,0.98,0.015377330115259073,0.015377330115259071,0.022052106729252056
1772526960.5163505,1683,0.8180141448974609,1222.472748469834,25.03009505343268,1.1514057077431572,1.5618625255530436,2.5023327150975367,0.0017453359098970056,0.07557868957519531,0.98,0.0274426040228305,0.0274426040228305,0.014203514002314026
1772526960.5293806,1684,1.117706298828125,894.6894197952219,24.317893676446435,1.637685600813164,1.4808720455167423,2.5023327150975367,0.0017453026203834154,0.07963180541992188,0.98,0.03242781574880414,0.03242781574880412,0.014892960924273222
1772526960.5412264,1685,0.8559226989746094,1168.3298050139276,23.927839924584198,1.608437268867294,1.4371698864660127,2.5023327150975367,0.0034906718197941222,0.07963180541992188,0.98,0.02964279941885925,0.02964279941885929,0.016820856446432123
1772526960.5529222,1686,0.46324729919433594,2158.6742151312405,23.859548444411846,1.4992739264810762,1.3815462678982977,2.5023327150975367,0.005235974440177538,0.07963180541992188,0.98,0.03675068261408901,0.03675068261408901,0.026237267743753435
1772526960.566101,1687,0.7967948913574219,1255.0281268701376,23.605482832575138,1.5500545345580814,1.316065555966274,2.5023327150975367,0.0034906718197941222,0.07963180541992188,0.98,0.05438137866668806,0.05438137866668806,0.021735356727939612
1772526960.5788383,1688,0.8347034454345703,1198.030277063696,22.979321769099492,1.739277694129327,1.2674727653832136,2.5023327150975367,0.0034906718197941222,0.07963180541992188,0.98,0.06072508081454916,0.06072508081454916,0.02528940005536889
1772526960.59142,1689,0.8797645568847656,1136.6677506775068,22.580833121098795,1.6758285384566483,1.2232733134500247,2.5023327150975367,0.003490671819794011,0.07963180541992188,0.98,0.0689119232776031,0.0689119232776031,0.029079536050341876
1772526960.6029239,1690,0.4611015319824219,2168.719751809721,22.30561805293935,1.5706449023856905,1.1874828764312062,2.5023327150975367,0.005235974440177538,0.07963180541992188,0.98,0.06849410699388783,0.06849410699388782,0.0302008923870286
1772526960.6161103,1691,0.7426738739013672,1346.4860353130016,22.27047115825595,1.421935280622579,1.152040200793988,2.5023327150975367,0.0034906718197941222,0.07963180541992188,0.98,0.08293217043069585,0.08293217043069585,0.033619058072590545
1772526960.629303,1692,1.1456012725830078,872.9040582726327,21.746593470702226,1.4311515263923102,1.109858165619636,2.5023327150975367,0.0017453359098970611,0.07963180541992188,0.98,0.09040593005744715,0.09040593005744715,0.04812726299398928
1772526960.641153,1693,0.8416175842285156,1188.1881019830028,21.332494195803886,1.2603014561522152,1.078365886844234,2.5023327150975367,0.0017453359098970611,0.07963180541992188,0.98,0.07907541946842017,0.07907541946842017,0.048892032915874406
1772526960.652945,1694,0.4723072052001953,2117.26602725896,21.22620897711626,0.9972781547136679,1.0521889699505371,2.5023327150975367,0.0017453691994107068,0.07963180541992188,0.98,0.07096840614728787,0.07096840614728786,0.04361145315883234
1772526960.66603,1695,0.7417201995849609,1348.2172934747668,21.113967877819874,0.8155798817559816,1.0251708750933928,2.5023327150975367,0.0034906718197941222,0.07963180541992188,0.98,0.0695380433950868,0.0695380433950868,0.04616341370462127
1772526960.6790571,1696,0.8709430694580078,1148.1806734191075,20.70307186650221,0.7803161930345301,1.0012703921919273,2.5023327150975367,0.005236007729691128,0.07963180541992188,0.98,0.06055192661157783,0.06055192661157783,0.057761079966632545
1772526960.6912873,1697,0.9121894836425781,1096.263460533194,20.378721406649476,0.6136586743199013,0.9905670092815477,2.5023327150975367,0.0017453691994107068,0.07963180541992188,0.98,0.041124098438230124,0.041124098438230124,0.03272535342871209
1772526960.7031133,1698,0.6098747253417969,1639.6810007818608,20.356519966100418,0.41511744115305665,0.9724797309282399,2.5023327150975367,0.001745319265140266,0.07963180541992188,0.98,0.03703682008359825,0.03703682008359825,0.03824511010960256
1772526960.7157958,1699,0.7162094116210938,1396.2396804260986,20.40426886522632,0.343408018541415,0.9632062798060201,2.5023327150975367,0.0034906718197940945,0.07963180541992188,0.98,0.029351790825821494,0.029351790825821494,0.030255612724333168
1772526960.7289886,1700,0.8034706115722656,1244.60059347181,20.214367718092966,0.3449846067706007,0.9534572885157248,2.5023327150975367,0.0017453359098970611,0.07963180541992188,0.98,0.02429644826293111,0.024296448262931106,0.0335421877581926
1772526960.741242,1701,0.789642333984375,1266.3961352657004,19.919931644837614,0.38025212104855777,0.9505917837585325,2.5023327150975367,0.0017453192651402383,0.07963180541992188,0.98,0.014295446738602923,0.014295446738602923,0.020718891469861913
1772526960.753012,1702,0.4413127899169922,2265.9665045921124,19.962261261670687,0.21960121046889342,0.941155861688524,2.5023327150975367,0.001745302620383471,0.07963180541992188,0.98,0.013690529429718611,0.013690529429718616,0.018850897352471724
1772526960.7658813,1703,0.6754398345947266,1480.5167666784328,20.088766859066112,0.2372113221674544,0.9318442238830699,2.5023327150975367,0.0017453359098970611,0.07963180541992188,0.98,0.013974905990400587,0.013974905990400587,0.01792115745518484
1772526960.7787476,1704,0.7832050323486328,1276.8048706240488,19.92879488465293,0.25846837373829207,0.9242588918881723,2.5023327150975367,0.0,0.07963180541992188,0.98,0.012432310418913656,0.01243231041891366,0.017533901947213364
1772526960.7912436,1705,0.7686614990234375,1300.9627791563275,19.74266466097228,0.2702790012076751,0.9193022021603974,2.5023327150975367,0.0034906718197941222,0.07963180541992188,0.98,0.009426580418499914,0.009426580418499914,0.023842377851861135
1772526960.8028357,1706,0.46634674072265625,2144.3271983640084,19.648801438243957,0.2220652319945477,0.9017297917799588,2.5023327150975367,0.0017453359098970611,0.07963180541992188,0.98,0.016033403974510273,0.01603340397451027,0.017838849016621857
1772526960.8160756,1707,0.7011890411376953,1426.1489289357362,19.80738641039224,0.27553566578691124,0.8842814154054159,2.5023327150975367,0.0017453359098970611,0.07963180541992188,0.98,0.02295806093391755,0.022958060933917553,0.014152733100274208
1772526960.8291202,1708,0.8165836334228516,1224.6143065693432,19.48491541041142,0.409960028648358,0.872549524348781,2.5023327150975367,0.0017453359098970611,0.07963180541992188,0.98,0.020719812662726367,0.02071981266272637,0.01362641847374897
1772526960.840956,1709,0.7946491241455078,1258.4170417041705,19.18325844198918,0.3869873141672232,0.8554679440077615,2.5023327150975367,0.0017453359098970611,0.07963180541992188,0.98,0.021738358040304193,0.021738358040304197,0.014170469566571071
1772526960.852809,1710,0.5109310150146484,1957.2113859076062,19.303603496831734,0.2585808998938114,0.8462993401668678,2.5023327150975367,0.0017453691994107068,0.07963180541992188,0.98,0.019086313832780068,0.019086313832780068,0.014787625320981842
1772526960.8657324,1711,0.7016658782958984,1425.1797485558955,19.328302089109147,0.21274882586513774,0.8278890368013961,2.5023327150975367,0.0017453691994107068,0.07963180541992188,0.98,0.02498853921094847,0.02498853921094847,0.01011119245769911
1772526960.878696,1712,0.7483959197998047,1336.19114367633,19.057593151894825,0.34699079831411034,0.8116587442596847,2.5023327150975367,0.0017453691994107068,0.07963180541992188,0.98,0.026021540226968193,0.026021540226968193,0.010000403895775094
1772526960.8908796,1713,0.8001327514648438,1249.792610250298,18.730101657966326,0.38354570686293316,0.7971400305112742,2.5023327150975367,0.0017453359098970611,0.07963180541992188,0.98,0.023524174182349738,0.023524174182349734,0.009038025948551737
1772526960.902832,1714,0.4794597625732422,2085.680755842864,18.726582144914993,0.18283080277625435,0.783298813826107,2.5023327150975367,0.0017453359098970056,0.07963180541992188,0.98,0.02327235614413511,0.02327235614413511,0.011258111130827095
1772526960.9156263,1715,0.667572021484375,1497.9657142857143,18.723167490075223,0.16669133408592507,0.7730666165561026,2.5023327150975367,0.0017453359098970611,0.07963180541992188,0.98,0.0212699678798461,0.0212699678798461,0.014762998724035494
1772526960.9284706,1716,0.8311271667480469,1203.1853126792885,18.561473672062093,0.21993696642995506,0.7671845842025634,2.5023327150975367,0.0017453359098970056,0.07963180541992188,0.98,0.016511223778239822,0.016511223778239822,0.00802924533514474
1772526960.9410152,1717,0.8761882781982422,1141.3072108843537,18.392014671924922,0.20883368343714326,0.7589251185869212,2.5023327150975367,0.0017453359098970611,0.07963180541992188,0.98,0.014888550547250209,0.014888550547250207,0.00681102037662969
1772526960.9528322,1718,0.46324729919433594,2158.6742151312405,18.29608945693005,0.14178761490980202,0.7480538436167657,2.5023327150975367,0.0017453026203834154,0.07963180541992188,0.98,0.015397598685620236,0.015397598685620236,0.006671739295044482
1772526960.9657042,1719,0.6697177886962891,1493.1662513349947,18.360527787330863,0.12075407126278241,0.736448581577025,2.5023327150975367,0.0017453691994107068,0.07963180541992188,0.98,0.017446906405293252,0.017446906405293252,0.014988890696960008
1772526960.9784646,1720,0.8182525634765625,1222.1165501165501,18.177795488209533,0.22015491508925986,0.7168701921549869,2.5023327150975367,0.0017453359098970611,0.07963180541992188,0.98,0.023126371348115665,0.023126371348115665,0.021233445108947212
1772526960.9921532,1721,1.405477523803711,711.5019508057676,17.988426565829442,0.24825800336963819,0.6896324298649694,2.5023327150975367,0.0017453359098970611,0.08130073547363281,0.98,0.0326970774692426,0.0326970774692426,0.006072036539299558
1772526961.0031016,1722,0.5764961242675781,1734.6170388751034,17.51678456378516,0.5051815021061968,0.6677072844314992,2.5023327150975367,0.0034906718197940667,0.08130073547363281,0.98,0.029724840123418347,0.029724840123418347,0.01814245522226106
1772526961.016109,1723,0.8990764617919922,1112.2524529302573,17.641610315604684,0.23740616486060256,0.6384148956158627,2.5023327150975367,0.0017453359098970611,0.08130073547363281,0.98,0.039899649036410585,0.039899649036410585,0.005806781935963329
1772526961.0284908,1724,0.8172988891601562,1223.5425904317385,17.320137745627306,0.39742053528221477,0.6150546948617079,2.5023327150975367,0.0017453359098970611,0.08130073547363281,0.98,0.03807471370038553,0.03807471370038553,0.01762834522882918
1772526961.0410213,1725,0.8955001831054688,1116.6943556975507,17.075273282074566,0.3330924473559759,0.6017749769022549,2.5023327150975367,0.001745302620383471,0.08130073547363281,0.98,0.03190032326993635,0.03190032326993635,0.010042507229437746
1772526961.052833,1726,0.4978179931640625,2008.766283524904,16.847455145373296,0.3008583971994925,0.5873843769533283,2.5023327150975367,0.0,0.08130073547363281,0.98,0.027962762100115605,0.027962762100115605,0.019296907779763756
1772526961.0655286,1727,0.6003379821777344,1665.7283558379665,16.813799798913557,0.16595238247238842,0.5816611955931492,2.5023327150975367,0.0017453359098970611,0.08130073547363281,0.98,0.02201850146471083,0.02201850146471083,0.02127218988980658
1772526961.0784485,1728,0.8339881896972656,1199.0577472841624,16.701502578152137,0.17183414850546383,0.5809981813928001,2.5023327150975367,0.0,0.08130073547363281,0.98,0.014411107124000243,0.014411107124000243,0.017576479484656102
1772526961.090912,1729,0.812530517578125,1230.7230046948357,16.577312412186625,0.15097033944176286,0.5828088013898187,2.5023327150975367,0.0017453359098970611,0.08130073547363281,0.98,0.00799933829215451,0.00799933829215451,0.005937273024218166
1772526961.102952,1730,0.47469139099121094,2106.631843294827,16.558736846383248,0.05677455723345246,0.5809362340319993,2.5023327150975367,0.001745302620383471,0.08130073547363281,0.98,0.006329411468123525,0.006329411468123527,0.006861364011481035
1772526961.115867,1731,0.728607177734375,1372.4816753926702,16.630041500629183,0.0852766582486467,0.5734703170337209,2.5023327150975367,0.0017453359098970611,0.08130073547363281,0.98,0.008694690548200506,0.008694690548200507,0.003474827561583473
1772526961.1285594,1732,0.7467269897460938,1339.1775223499362,16.554431654884837,0.0928935356239447,0.5683758850604239,2.5023327150975367,0.0017453359098970056,0.08130073547363281,0.98,0.008595251900400253,0.008595251900400253,0.005451222303108405
1772526961.1414106,1733,1.020669937133789,979.7486568558747,16.478860909053303,0.09220466180872296,0.5658415883264591,2.5023327150975367,0.0017453359098970056,0.08130073547363281,0.98,0.007051731753181595,0.007051731753181597,0.0036545655567276993
1772526961.1529126,1734,0.5004405975341797,1998.2391615054787,16.300135399355465,0.18398095688090327,0.5603258415928856,2.5023327150975367,0.0,0.08130073547363281,0.98,0.0071919481146189125,0.0071919481146189125,0.003968389101611837
1772526961.1656048,1735,0.629425048828125,1588.7515151515152,16.484748223774783,0.19090311588988848,0.5575729413394008,2.5023327150975367,0.0017453359098970611,0.08130073547363281,0.98,0.006682036894675048,0.006682036894675048,0.0029053038620528607
1772526961.1784444,1736,0.7638931274414062,1309.083645443196,16.4527789185784,0.06493977952060087,0.5528493797864047,2.5023327150975367,0.0017453359098970611,0.08130073547363281,0.98,0.007155738616697016,0.007155738616697016,0.0033562889687203503
1772526961.1910374,1737,0.7877349853515625,1269.4624697336562,16.31069156823003,0.1557450634171093,0.5471654451850461,2.5023327150975367,0.0017453359098970611,0.08130073547363281,0.98,0.007836097906721549,0.007836097906721549,0.018697708531768248
1772526961.2029266,1738,0.49495697021484375,2020.3776493256262,16.1509659384302,0.17316660946005794,0.5308957526231807,2.5023327150975367,0.0017453359098970611,0.08130073547363281,0.98,0.014061396978225586,0.014061396978225586,0.017870319983537927
1772526961.2156963,1739,0.6611347198486328,1512.5510277677606,16.146993455077826,0.10085647710417615,0.5114670910633805,2.5023327150975367,0.0017453359098970611,0.08130073547363281,0.98,0.021258280709321717,0.021258280709321713,0.013940117628735843
1772526961.2285438,1740,0.7929801940917969,1261.065544197234,15.95443837042863,0.25007290773334806,0.49042499338914103,2.5023327150975367,0.0017453359098970611,0.08130073547363281,0.98,0.02660190548320451,0.02660190548320451,0.013521806356105087
1772526961.2417443,1741,1.28173828125,780.1904761904761,15.676479412640822,0.34734255117289226,0.4668411422766212,2.5023327150975367,0.0017453359098970611,0.08130073547363281,0.98,0.03163404108798433,0.03163404108798433,0.00573042811688547
1772526961.2529285,1742,0.4680156707763672,2136.6805909322466,15.287869642837784,0.4473968716611839,0.4512825674292459,2.5023327150975367,0.0017453026203834154,0.08130073547363281,0.98,0.027674112119289815,0.027674112119289815,0.006436256895091308
1772526961.265824,1743,0.7007122039794922,1427.119428376999,15.292827079772186,0.2166253876091262,0.4387265273129838,2.5023327150975367,0.0017453026203834154,0.08130073547363281,0.98,0.027552074984975264,0.027552074984975274,0.01180732060840131
1772526961.279268,1744,1.3949871063232422,716.8525038454965,15.130398343077097,0.27170969964929914,0.4296295530165416,2.5023327150975367,0.0034906718197941222,0.08130073547363281,0.98,0.023742861314057253,0.023742861314057253,0.00441424510116562
1772526961.291695,1745,1.3017654418945312,768.1875457875458,14.870332143949705,0.3302774603088579,0.41428753146197506,2.5023327150975367,0.0017453359098970611,0.08130073547363281,0.98,0.02443376986790659,0.02443376986790659,0.0043258759254513265
1772526961.3034818,1746,0.9200572967529297,1086.8888313034465,14.649338110221146,0.2865977154455991,0.4027160568396531,2.5023327150975367,0.0017453359098970611,0.08130073547363281,0.98,0.022389395637018465,0.022389395637018465,0.007823121044840326
1772526961.3163216,1747,1.1985301971435547,834.355281480008,14.649096584316586,0.1699057778071969,0.39455035206881284,2.5023327150975367,0.0,0.08130073547363281,0.98,0.020845452033584958,0.020845452033584958,0.014295339093856737
1772526961.3292031,1748,1.3201236724853516,757.5047859851906,14.560852111124667,0.18848977458587637,0.3909491480689628,2.5023327150975367,0.0017453359098970611,0.08130073547363281,0.98,0.01631494137797645,0.01631494137797645,0.00564520423831047
1772526961.3417373,1749,1.3074874877929688,764.8256746900073,14.390785382670082,0.22340660233060836,0.3849825520225761,2.5023327150975367,0.0017453192651402383,0.08130073547363281,0.98,0.014308966453238316,0.014308966453238316,0.008172567441999809
1772526961.3533704,1750,0.8661746978759766,1154.5015139003578,14.237349991321436,0.1869625177935613,0.3815809254385221,2.5023327150975367,0.0,0.08130073547363281,0.98,0.011249582239882884,0.011249582239882878,0.009438996587648822
1772526961.3666296,1751,1.2993812561035156,769.5970642201835,14.382786935921677,0.1668617544709322,0.38057920554005914,2.5023327150975367,0.0017453359098970611,0.08130073547363281,0.98,0.009109311308574569,0.009109311308574569,0.009731522282277997
1772526961.379113,1752,1.2907981872558594,774.714444033986,14.273113862045562,0.13451152205038325,0.380971282579394,2.5023327150975367,0.0017453359098970611,0.08130073547363281,0.98,0.005964216497131807,0.005964216497131807,0.006205852296268179
1772526961.391372,1753,0.9021759033203125,1108.431289640592,14.267392975765668,0.047978100245328795,0.38108588973937035,2.5023327150975367,0.0017453275875186358,0.08130073547363281,0.98,0.004485736861970965,0.004485736861970976,0.004160527492526459
1772526961.403552,1754,0.9605884552001953,1041.0285430627948,14.177059107470047,0.09475640442786887,0.3806532599544712,2.5023327150975367,0.0017453026203834154,0.08130073547363281,0.98,0.0035577103599866654,0.0035577103599866637,0.004002485305800375
1772526961.4164963,1755,1.2755393981933594,783.9820560747663,14.313668025256247,0.1383835681516671,0.3778021510159102,2.5023327150975367,0.0017453275875186636,0.08130073547363281,0.98,0.004344703818240597,0.004344703818240599,0.003159346649671571
1772526961.4291968,1756,1.2776851654052734,782.6654226534802,14.283010115477667,0.04938422269603432,0.37511834804653915,2.5023327150975367,0.0017453359098970611,0.08130073547363281,0.98,0.004679200217779281,0.004679200217779281,0.008783912177990237
1772526961.441931,1757,1.2967586517333984,771.1535208678066,14.204492207053853,0.09379308789309515,0.36842789958127553,2.5023327150975367,0.0017453359098970611,0.08130073547363281,0.98,0.0072851760990725704,0.0072851760990725704,0.003196255837024456
1772526961.4534914,1758,0.8895397186279297,1124.1768962744572,14.005052678901045,0.20697039082266988,0.36367305126332666,2.5023327150975367,0.0017453359098970611,0.08130073547363281,0.98,0.00739398373521902,0.00739398373521902,0.009395396110109684
1772526961.466621,1759,1.3322830200195312,750.5912670007158,14.128128505382904,0.14210001692275556,0.3551727053991934,2.5023327150975367,0.0034906385302804765,0.08130073547363281,0.98,0.011001119740807874,0.011001119740807874,0.01393381993956088
1772526961.4791424,1760,1.3155937194824219,760.113084450888,13.991296860509424,0.18254125770909999,0.34254920946942213,2.5023327150975367,0.0017453359098970611,0.08130073547363281,0.98,0.015372103515999056,0.015372103515999045,0.0024861340160088436
1772526961.4917176,1761,1.2466907501220703,802.1235417861924,13.854761871351522,0.20444291547801416,0.33454100540038423,2.5023327150975367,0.0034906718197940667,0.08130073547363281,0.98,0.015710306891620864,0.015710306891620864,0.00737117019161034
1772526961.503471,1762,0.9150505065917969,1092.8358520062532,13.616976576834329,0.29090480711155015,0.3233967090718712,2.5023327150975367,0.0034906385302804765,0.08130073547363281,0.98,0.017079000268555713,0.017079000268555713,0.002751963071005493
1772526961.5166018,1763,1.3403892517089844,746.0519388118107,13.632919772157459,0.17917645779122215,0.3154484138362653,2.5023327150975367,0.0017453359098970611,0.08130073547363281,0.98,0.01793670341132681,0.017936703411326804,0.009774573905379908
1772526961.5292487,1764,1.3165473937988281,759.5624773632742,13.496803975293293,0.23423906280829493,0.3113588960460631,2.5023327150975367,0.0017453359098970611,0.08130073547363281,0.98,0.014759633710730859,0.014759633710730859,0.00708114017247941
1772526961.54189,1765,1.3489723205566406,741.3050547896784,13.362359245874975,0.21477247360803625,0.3075116386435207,2.5023327150975367,0.0034906718197941222,0.05054473876953125,0.98,0.012560264082521236,0.012560264082521236,0.010428439121136278
1772526961.553239,1766,0.5388259887695312,1855.8867256637168,13.214248874117931,0.19383622586209293,0.3063778042712123,2.5023327150975367,0.0017453359098970611,0.05054473876953125,0.98,0.009026292755232023,0.009026292755232023,0.008294506926066546
1772526961.5666885,1767,1.3356208801269531,748.7154587647269,13.323533084227666,0.13914910152355728,0.30595237022849625,2.5023327150975367,0.0017453359098970611,0.057697296142578125,0.98,0.0071698409008265,0.0071698409008265,0.003459337172384039
1772526961.5792491,1768,1.3287067413330078,752.611519827741,13.276525306336165,0.08916821332878432,0.30390778775023525,2.5023327150975367,0.0034906718197941222,0.06842613220214844,0.98,0.006396602087870769,0.006396602087870769,0.01251379535342236
1772526961.5920312,1769,1.3477802276611328,741.9607288165575,13.278884659164861,0.05215576103716151,0.30685681935259845,2.5023327150975367,0.0017453359098970611,0.06842613220214844,0.98,0.003676606214357498,0.003676606214357498,0.006976736734659043
1772526961.6035686,1770,1.001119613647461,998.8816384853536,13.137249701876643,0.14378903112587627,0.30883851702254483,2.5023327150975367,0.0017453275875186497,0.06842613220214844,0.98,0.0029868400115476003,0.0029868400115476033,0.003542666898170441
1772526961.616513,1771,1.2614727020263672,792.7242487242487,13.343792983205145,0.21050458790861962,0.30954217367895814,2.5023327150975367,0.0034906551750372994,0.06842613220214844,0.98,0.0031962233353218486,0.0031962233353218486,0.004194191700675691
1772526961.629098,1772,1.268148422241211,788.5512314344802,13.345024495848119,0.03146961165653163,0.30867507716695514,2.5023327150975367,0.0017453359098970611,0.06842613220214844,0.98,0.00309141987993355,0.00309141987993355,0.003963973637043778
1772526961.6419108,1773,1.386404037475586,721.2904557179708,13.340766154266387,0.029722339242087975,0.3074638672107889,2.5023327150975367,0.0017453359098970611,0.06842613220214844,0.98,0.0032962225700390963,0.003296222570039096,0.003539968635300222
1772526961.653593,1774,0.9131431579589844,1095.1185378590078,13.208530375680244,0.1342141791549485,0.3060812960796044,2.5023327150975367,0.0017453359098970611,0.06842613220214844,0.98,0.0033857721276034872,0.0033857721276034872,0.011131348034072858
1772526961.6663067,1775,1.1336803436279297,882.0828601472134,13.284379501444137,0.08232121468781577,0.30032327668140624,2.5023327150975367,0.0017453359098970611,0.06842613220214844,0.98,0.006026467947439812,0.006026467947439808,0.01364012040381536
1772526961.6793087,1776,1.3468265533447266,742.4861037351743,13.281514631561132,0.07129321420055929,0.29185129081222977,2.5023327150975367,0.0017453192651402105,0.06842613220214844,0.98,0.010214097294861384,0.01021409729486136,0.007491360623897812
1772526961.69192,1777,1.3153553009033203,760.2508609751677,13.143363160468796,0.17397329459665317,0.2906352921440588,2.5023327150975367,0.0017453359098970611,0.06842613220214844,0.98,0.007927785472382863,0.00792778547238287,0.006368149612591637
1772526961.7035189,1778,0.9191036224365234,1088.0166018158236,12.962596978529142,0.20086189499317525,0.28997518940695094,2.5023327150975367,0.0017453359098970611,0.06842613220214844,0.98,0.0059022326231339215,0.0059022326231339215,0.008957461821850095
1772526961.7166214,1779,1.2798309326171875,781.3532041728763,13.11502963379096,0.16505404152163347,0.2915378890722051,2.5023327150975367,0.0017453359098970611,0.06842613220214844,0.98,0.004248724663588043,0.004248724663588043,0.005041251058204737
1772526961.729398,1780,1.4460086822509766,691.5587798845837,13.079152194465212,0.060440548851645765,0.2923113606123625,2.5023327150975367,0.0017453359098970611,0.06842613220214844,0.98,0.0034926395107412844,0.0034926395107412844,0.0035982847457722918
1772526961.7415023,1781,0.8578300476074219,1165.7320733740967,13.070662678922552,0.02935766580495041,0.2929072057734388,2.5023327150975367,0.0017453359098970611,0.06842613220214844,0.98,0.0032008850509699515,0.00320088505096995,0.007226184496103908
1772526961.7530096,1782,0.5331039428710938,1875.8067978533095,12.956072219885456,0.11706307461147353,0.2957638304786307,2.5023327150975367,0.0017453275875186358,0.06842613220214844,0.98,0.0032609010910299966,0.003260901091029998,0.0027897077027296724
1772526961.7665288,1783,1.1835098266601562,844.9443996776793,13.20399819358269,0.2523533904250617,0.2970052002598752,2.5023327150975367,0.0017453359098970611,0.06842613220214844,0.98,0.003644567074334671,0.003644567074334671,0.0030065828781464968
1772526961.7795217,1784,1.4140605926513672,707.1832743213623,13.187058141450464,0.04296486147172628,0.29714760745806357,2.5023327150975367,0.0017453359098970611,0.06842613220214844,0.98,0.003201399616016034,0.003201399616016034,0.004339467708262415
1772526961.7919703,1785,1.3179779052734375,758.7380607814761,13.116805546481627,0.07827875267368758,0.2994843818260138,2.5023327150975367,0.0017453275875186497,0.06842613220214844,0.98,0.00371352700499928,0.0037135270049992878,0.0025285700301721495
1772526961.8029628,1786,0.5583763122558594,1790.9069171648164,13.004202567084441,0.12221681643699835,0.3002308853680009,2.5023327150975367,0.0017453359098970611,0.06842613220214844,0.98,0.003190932453450981,0.003190932453450983,0.002563211682306272
1772526961.815855,1787,0.7331371307373047,1364.0013008130081,13.259758185675556,0.2633653054570706,0.3007458246224264,2.5023327150975367,0.0,0.06842613220214844,0.98,0.0031761429270224357,0.0031761429270224357,0.0028401333488988446
1772526961.82841,1788,0.7302761077880859,1369.345086516487,13.255742504065756,0.02596156518233139,0.30098452294487826,2.5023327150975367,0.0,0.06842613220214844,0.98,0.0027085831635819254,0.0027085831635819254,0.002870039848776705
1772526961.8414657,1789,1.0640621185302734,939.7947568899843,13.267742736873648,0.027409160123310253,0.3009945279859215,2.5023327150975367,0.0017453359098970611,0.06842613220214844,0.98,0.002368307482864299,0.002368307482864296,0.010259543192652513
1772526961.8529744,1790,0.5106925964355469,1958.125116713352,13.072895837814546,0.19541288348628844,0.2968338077286533,2.5023327150975367,0.0,0.06842613220214844,0.98,0.002815680551091381,0.0028156805510913927,0.0046950198585657575
1772526961.8655436,1791,0.5962848663330078,1677.0507796881247,13.169762428276,0.10185929490099278,0.2939924996525913,2.5023327150975367,0.0,0.06842613220214844,0.98,0.003944829426003498,0.003944829426003498,0.0024291183472796023
1772526961.878624,1792,0.8058547973632812,1240.9183431952663,13.219183899800854,0.06722919349233245,0.2921342091857291,2.5023327150975367,0.0017453026203834154,0.06842613220214844,0.98,0.004144220891958913,0.004144220891958913,0.017094194137490915
1772526961.8914518,1793,0.8819103240966797,1133.9021357123547,13.101417756735232,0.146328931508752,0.282897212793439,2.5023327150975367,0.0017453359098970611,0.06842613220214844,0.98,0.00930045714538551,0.009300457145385512,0.008878548338935326
1772526961.9030979,1794,0.5309581756591797,1883.3875168387965,12.857205060011808,0.2681480561250207,0.2752636839286379,2.5023327150975367,0.0017453359098970611,0.06842613220214844,0.98,0.01104940199961804,0.011049401999618038,0.008893902200375458
1772526961.9160116,1795,0.7731914520263672,1293.3407338883749,12.909132010901144,0.14742602031790583,0.2670524162325548,2.5023327150975367,0.0017453359098970611,0.06842613220214844,0.98,0.014346731703360371,0.014346731703360371,0.0031253842958798147
1772526961.9285622,1796,0.8068084716796875,1239.451536643026,12.791623336044356,0.21337336061343062,0.2613063816523952,2.5023327150975367,0.0,0.06842613220214844,0.98,0.013848410336535388,0.013848410336535388,0.007287326067039195
1772526961.9411683,1797,0.8618831634521484,1160.2500691562932,12.699183983191897,0.20330922374216281,0.25826831033448827,2.5023327150975367,0.0017453359098970611,0.06842613220214844,0.98,0.011807057155208711,0.011807057155208711,0.003108736896129256
1772526961.95299,1798,0.5085468292236328,1966.3872480075013,12.54868418509873,0.2253297121721817,0.2527532466995037,2.5023327150975367,0.0,0.06842613220214844,0.98,0.011852832211905327,0.011852832211905315,0.0049145584263381
1772526961.9659762,1799,0.7593631744384766,1316.8929356357928,12.600919795419571,0.16343958801157019,0.24969033427390308,2.5023327150975367,0.0017453359098970611,0.06842613220214844,0.98,0.011167409778625651,0.01116740977862568,0.005851705524177198
1772526961.9788764,1800,0.8800029754638672,1136.3597940937416,12.542427566338871,0.16344443896175656,0.24740761518401597,2.5023327150975367,0.0017453275875186497,0.06842613220214844,0.98,0.009513436718872394,0.009513436718872394,0.005838255151768588
1772526961.9912307,1801,0.8199214935302734,1219.6289619075312,12.418681194809462,0.17621676060794783,0.2458251402434334,2.5023327150975367,0.0017453359098970611,0.06842613220214844,0.98,0.007692203932877953,0.007692203932877952,0.007604833270473915
1772526962.0029979,1802,0.5044937133789062,1982.1852551984878,12.315714580638403,0.14454849956477153,0.24022139966055886,2.5023327150975367,0.0017453275875186358,0.06842613220214844,0.98,0.00944029636708847,0.00944029636708847,0.0021905878568490972
1772526962.0160348,1803,0.7503032684326172,1332.7944073721005,12.42815455374609,0.15609036380458358,0.23624714759210766,2.5023327150975367,0.0017453359098970056,0.06842613220214844,0.98,0.01053392093855344,0.01053392093855344,0.005264488034055392
1772526962.0288146,1804,0.8459091186523438,1182.1600901916572,12.351910627251652,0.16359412194711873,0.23076030564059247,2.5023327150975367,0.0017453359098970611,0.06842613220214844,0.98,0.01187239007287712,0.01187239007287712,0.0018896690225394034
1772526962.0413206,1805,0.9026527404785156,1107.8457474907555,12.229853042764352,0.1985440044821669,0.22696639316216807,2.5023327150975367,0.0017453359098970611,0.06842613220214844,0.98,0.011430500079318283,0.011430500079318279,0.002233445116514111
1772526962.0529697,1806,0.48422813415527344,2065.1422944362384,12.085655935713296,0.20716792788119665,0.223684194105371,2.5023327150975367,0.0,0.06842613220214844,0.98,0.010487213203777239,0.010487213203777239,0.005557627277246522
1772526962.0660536,1807,0.7870197296142578,1270.616176916086,12.19536672136916,0.17734043771831834,0.22194870012892728,2.5023327150975367,0.0017453275875186497,0.06842613220214844,0.98,0.00973162205792329,0.009731622057923292,0.005767930850055453
1772526962.0788672,1808,0.8473396301269531,1180.1643218908273,12.15098202636459,0.1458324510362145,0.2205833456799276,2.5023327150975367,0.0017453275875186497,0.06842613220214844,0.98,0.008114599214710725,0.008114599214710725,0.005166538008018347
1772526962.091206,1809,0.8480548858642578,1179.16896260894,12.041788142904396,0.1551860348864676,0.21958189594844285,2.5023327150975367,0.0017453026203834154,0.06842613220214844,0.98,0.0066038117907732865,0.006603811790773297,0.0033076722449232546
1772526962.103106,1810,0.5395412445068359,1853.4264250994256,11.987370500663815,0.0995013944415852,0.2167227542825836,2.5023327150975367,0.0017453359098970611,0.06842613220214844,0.98,0.007195898639748908,0.007195898639748908,0.011048303577426104
1772526962.116011,1811,0.7719993591308594,1295.33786287832,12.063084730735897,0.12233457815374027,0.21145095682435935,2.5023327150975367,0.0,0.06842613220214844,0.98,0.0105063828413722,0.0105063828413722,0.0022819691564040638
1772526962.1287167,1812,0.8680820465087891,1151.9648448228509,12.01146491451211,0.14678701922254442,0.20799085569612055,2.5023327150975367,0.0017453691994107068,0.06842613220214844,0.98,0.01087028141268761,0.01087028141268761,0.00382543554869851
1772526962.1409395,1813,0.827789306640625,1208.036866359447,11.890509581083617,0.1987383859478422,0.204136778935234,2.5023327150975367,0.0,0.06842613220214844,0.98,0.011418144650124184,0.011418144650124184,0.0034884044136505427
1772526962.1529875,1814,0.5662441253662109,1766.0227368421054,11.846121757833611,0.16811287345535453,0.2018776169458156,2.5023327150975367,0.0017453359098970611,0.06842613220214844,0.98,0.010597487366337891,0.010597487366337891,0.00593443177677012
1772526962.1668868,1815,1.4917850494384766,670.3378615950136,11.944441365220518,0.20491283272669564,0.19786881034919218,2.5023327150975367,0.0034906718197941222,0.06842613220214844,0.98,0.012946231382284876,0.012946231382284876,0.012855261004153193
1772526962.1795256,1816,1.3685226440429688,730.7149825783972,11.823563545901035,0.254945100074244,0.19220150838783814,2.5023327150975367,0.0017453359098970611,0.06842613220214844,0.98,0.016030960807560293,0.01603096080756028,0.004482789229220379
1772526962.1919246,1817,1.369476318359375,730.2061281337047,11.681255367621482,0.27902806541032893,0.18962904793024643,2.5023327150975367,0.0034906718197941222,0.06842613220214844,0.98,0.014517283853465096,0.014517283853465098,0.0020969711262645925
1772526962.203569,1818,0.9479522705078125,1054.9054325955735,11.583094488061489,0.2534186021014166,0.18702315129113212,2.5023327150975367,0.0017453691994107068,0.06842613220214844,0.98,0.013788318591161149,0.013788318591161149,0.0030168033309470764
1772526962.2164686,1819,1.2164115905761719,822.0901607212858,11.693412625116736,0.25556691460956305,0.18501318510733125,2.5023327150975367,0.0034906385302804765,0.06842613220214844,0.98,0.013892932068861977,0.013892932068861977,0.007990269016212673
1772526962.2293224,1820,1.2309551239013672,812.3773000193686,11.725143735921684,0.22789291842543874,0.18390510940137866,2.5023327150975367,0.0017453691994107068,0.07915496826171875,0.98,0.012026279865223796,0.012026279865223796,0.002689380686460454
1772526962.2417684,1821,1.1813640594482422,846.4791120080727,11.64582041119082,0.2164510900183537,0.18243726798903148,2.5023327150975367,0.0017453359098970611,0.07915496826171875,0.98,0.011130836399451425,0.011130836399451456,0.005725597087074756
1772526962.2529795,1822,0.48732757568359375,2052.0078277886496,11.508165660455075,0.2127417257714355,0.18158498470642187,2.5023327150975367,0.0034906385302804765,0.07915496826171875,0.98,0.009193455483116356,0.009193455483116356,0.0037727960122670413
1772526962.2665427,1823,1.0833740234375,923.0422535211268,11.720619797005789,0.2588479088603783,0.18005655025126163,2.5023327150975367,0.005236007729691128,0.07915496826171875,0.98,0.011111586209250174,0.011111586209250174,0.0011837194032523876
1772526962.2797399,1824,1.458883285522461,685.4557934302991,11.705727527324472,0.17062468641658618,0.17883581904998494,2.5023327150975367,0.0017453691994107068,0.11444091796875,0.98,0.011066151082502826,0.011066151082502826,0.007319745716871999
1772526962.29213,1825,1.322031021118164,756.4119026149684,11.605479622919717,0.20884385996554422,0.1773924289580705,2.5023327150975367,0.0034906385302804765,0.11444091796875,0.98,0.012461868116575783,0.012461868116575783,0.0017726901632855244
1772526962.3036144,1826,0.9872913360595703,1012.8722530789664,11.466403519917588,0.23626621815195967,0.17670729038488497,2.5023327150975367,0.0034906718197941222,0.11444091796875,0.98,0.01134595268433133,0.01134595268433133,0.0059369604093926385
1772526962.3167918,1827,1.3327598571777344,750.3227191413238,11.676740466774767,0.2851860090637129,0.17637570217444234,2.5023327150975367,0.0034906385302804765,0.11444091796875,0.98,0.011060433541184248,0.011060433541184248,0.008583630157308312
1772526962.3294027,1828,1.3391971588134766,746.7160405910629,11.676750821208767,0.1780954816726199,0.17616801384856415,2.5023327150975367,0.0034906718197941222,0.11444091796875,0.98,0.008815380067458066,0.008815380067458066,0.002140099173965104
1772526962.3417113,1829,1.2676715850830078,788.8478465299982,11.646286853118456,0.15011830903834225,0.17593554107864767,2.5023327150975367,0.0017453359098970611,0.11444091796875,0.98,0.008315325026015626,0.008315325026015626,0.0017561116920095708
1772526962.3533797,1830,0.9357929229736328,1068.612484076433,11.576919827351045,0.14167134185324706,0.1758382266944561,2.5023327150975367,0.0034906718197941222,0.11444091796875,0.98,0.007797245904981894,0.007797245904981894,0.004311465480551204
1772526962.366437,1831,1.3463497161865234,742.7490703028157,11.72420042568246,0.18396411708098,0.1758088225021336,2.5023327150975367,0.0,0.11444091796875,0.98,0.007365802761662712,0.007365802761662712,0.005427530261014486
1772526962.378826,1832,1.168966293334961,855.456659188252,11.735878046141538,0.10080633414351534,0.17578512168609492,2.5023327150975367,0.0034906718197941222,0.11444091796875,0.98,0.0061026926748201215,0.0061026926748201215,0.00857417051441532
1772526962.3910606,1833,0.8847713470458984,1130.2355160334141,11.728498770732163,0.10048302306091068,0.17613807050146998,2.5023327150975367,0.0017453359098970611,0.11444091796875,0.98,0.007994492423749926,0.007994492423749926,0.002037223744007332
1772526962.4033635,1834,0.9160041809082031,1091.6980739198334,11.680488500851363,0.12825334673348118,0.17656255309148844,2.5023327150975367,0.0017453026203834154,0.11444091796875,0.98,0.008224590902755926,0.008224590902755926,0.005437296423557032
1772526962.4164379,1835,1.2753009796142578,784.1286221723686,11.785613967175584,0.1807408324832922,0.1774661439893534,2.5023327150975367,0.0,0.11444091796875,0.98,0.009875164921110843,0.009875164921110843,0.0010403118236291015
1772526962.4288695,1836,1.1475086212158203,871.4531477249117,11.780518395885647,0.17388935996292346,0.1782778102300649,2.5023327150975367,0.0017453691994105958,0.11444091796875,0.98,0.00959003890783289,0.009590038907832903,0.006791842403903455
1772526962.4410384,1837,0.8423328399658203,1187.1791678460231,11.79086575561785,0.19520292162181543,0.18022175545582347,2.5023327150975367,0.0017453026203835265,0.11444091796875,0.98,0.011043480692789797,0.011043480692789797,0.007482336534775266
1772526962.4529355,1838,0.5097389221191406,1961.7885874649205,11.792126985960488,0.2262421774840468,0.18312218384247866,2.5023327150975367,0.0017453026203834154,0.11444091796875,0.98,0.012346801391136624,0.012346801391136622,0.00749715550493379
1772526962.4666214,1839,1.3654232025146484,732.373668587393,11.999212241714352,0.33988324759220406,0.18708931213972319,2.5023327150975367,0.0034906718197941222,0.11444091796875,0.98,0.014829991867505384,0.014829991867505384,0.013974028588458727
1772526962.479135,1840,1.313924789428711,761.0785701324623,12.03393010415153,0.3264417597941853,0.1946859655337935,2.5023327150975367,0.0017453691994105958,0.11444091796875,0.98,0.017312955256193887,0.017312955256193887,0.010080109903667703
1772526962.4916115,1841,1.203298568725586,831.0489399643352,12.164426057031244,0.41255296835288763,0.20384195029460034,2.5023327150975367,0.0017453026203834154,0.11444091796875,0.98,0.019549893991122978,0.019549893991122978,0.010782023089919936
1772526962.5034037,1842,0.9446144104003906,1058.63301362948,12.208863411702332,0.4495920837552484,0.21648624449065249,2.5023327150975367,0.0017453359098970611,0.11444091796875,0.98,0.020285535269403996,0.020285535269403996,0.013786022458049486
1772526962.5165412,1843,1.3272762298583984,753.4226693012395,12.618852405476282,0.6621957599136447,0.23419571321962693,2.5023327150975367,0.0017453691994105958,0.11444091796875,0.98,0.024724681397393304,0.024724681397393304,0.008006849455672675
1772526962.529252,1844,1.3933181762695312,717.7111567419576,12.922825738678672,0.6439468000631164,0.25466820993634776,2.5023327150975367,0.0034906718197941222,0.11444091796875,0.98,0.02590438250546967,0.02590438250546967,0.010434844997374506
1772526962.541853,1845,1.428842544555664,699.8671783747706,13.263726671602337,0.7027336490219103,0.282463477445242,2.5023327150975367,0.0017453026203834154,0.11444091796875,0.98,0.027809585393910156,0.027809585393910156,0.004766545934948323
1772526962.5536094,1846,1.0669231414794922,937.2746368715084,13.588165199610858,0.7207266166350935,0.31188780015204715,2.5023327150975367,0.0017453026203834154,0.11444091796875,0.98,0.02727385002677802,0.02727385002677802,0.001494607974909711
1772526962.5665824,1847,1.2867450714111328,777.1547155827311,14.239312565735052,0.9198855690990279,0.3416352731267009,2.5023327150975367,0.0017453691994107068,0.11444091796875,0.98,0.029340436330167304,0.029340436330167304,0.002388498643505078
1772526962.579008,1848,1.2438297271728516,803.9685643089898,14.684007209694867,0.7486404962671207,0.3746068947218743,2.5023327150975367,0.0017453026203834154,0.11444091796875,0.98,0.028039420025052355,0.028039420025052355,0.0039047384020909387
1772526962.5916646,1849,1.3608932495117188,734.811492641906,15.193956053268172,0.7607235352915765,0.40818452446994746,2.5023327150975367,0.0017453359098970611,0.11444091796875,0.98,0.027524812641517325,0.027524812641517325,0.00897195593512812
1772526962.6033356,1850,0.8919239044189453,1121.1718791766907,15.594930811561817,0.6459373581691633,0.4376881588805656,2.5023327150975367,0.0017453691994107068,0.11444091796875,0.98,0.024703760279888954,0.024703760279888954,0.007118764902361029
1772526962.6162257,1851,1.116037368774414,896.0273445844905,16.207884677303245,0.7572909559902599,0.4683545643488879,2.5023327150975367,0.0,0.11444091796875,0.98,0.024672326423059967,0.024672326423059967,0.012842130866943543
1772526962.6281404,1852,0.6194114685058594,1614.4357197844495,16.549607657328522,0.4976892263097767,0.4911980866981295,2.5023327150975367,0.0017453275875186497,0.11444091796875,0.98,0.02153026239126764,0.02153026239126764,0.011351012569605981
1772526962.6412187,1853,0.8375644683837891,1193.9379447765443,16.970803840030946,0.5137789258522106,0.5119217678044764,2.5023327150975367,0.0017453026203834154,0.11444091796875,0.98,0.020221479360465585,0.020221479360465585,0.007493127814487462
1772526962.6530118,1854,0.5567073822021484,1796.2758029978586,17.097867934739515,0.2783382693793029,0.5389062540522048,2.5023327150975367,0.0017453691994107068,0.11444091796875,0.98,0.017516364258921828,0.017516364258921828,0.006660293963906889
1772526962.6664264,1855,1.2254714965820312,816.0124513618678,17.585651334023073,0.5397554109002722,0.5635349677062357,2.5023327150975367,0.0017453359098970611,0.11444091796875,0.98,0.017504710971346846,0.017504710971346846,0.013766639464935237
1772526962.6785321,1856,0.7889270782470703,1267.5442731943185,17.767400181960653,0.25577712104706624,0.5731230976189785,2.5023327150975367,0.0017453359098970611,0.11444091796875,0.98,0.014424434410882573,0.014424434410882573,0.01618739055352234
1772526962.691129,1857,0.8313655853271484,1202.8402638371092,17.935468212317254,0.21060274816625685,0.5701198316691477,2.5023327150975367,0.0017453359098970611,0.11444091796875,0.98,0.011538857886548529,0.011538857886548529,0.017535269495776117
1772526962.702946,1858,0.5080699920654297,1968.2327545753167,17.90439063385383,0.07575479684510428,0.5571183587808408,2.5023327150975367,0.0017453359098970056,0.11444091796875,0.98,0.00814421843130059,0.00814421843130059,0.007869074088234484
1772526962.7158008,1859,0.7109642028808594,1406.540576794098,18.035126071821196,0.1452865144584987,0.5578993610983052,2.5023327150975367,0.0017453359098970611,0.11444091796875,0.98,0.007139257048036756,0.007139257048036756,0.00819077414307634
1772526962.7285314,1860,0.7927417755126953,1261.4448120300751,17.97434210357061,0.1008285579672312,0.5554833108311313,2.5023327150975367,0.0017453691994107068,0.11444091796875,0.98,0.005622292038793585,0.005622292038793585,0.004761802564759254
1772526962.741034,1861,0.797271728515625,1254.2775119617224,17.879142834401307,0.10707038307758736,0.5578752347949859,2.5023327150975367,0.0,0.11444091796875,0.98,0.004729244323340005,0.004729244323340005,0.0045881649948168995
1772526962.7529535,1862,0.5357265472412109,1866.623943035158,17.8128999937554,0.0796532286897565,0.5580989327310818,2.5023327150975367,0.0017453359098970611,0.11444091796875,0.98,0.003796123011344149,0.003796123011344149,0.001990554452295552
1772526962.7660842,1863,0.87738037109375,1139.7565217391304,18.009663851578534,0.1983921496072894,0.5633888498880877,2.5023327150975367,0.0017453359098970611,0.11444091796875,0.98,0.00388439079769402,0.00388439079769402,0.005759257343424575
1772526962.7785172,1864,0.8189678192138672,1221.0491994177585,17.920955339348595,0.09346102201964372,0.5592423911640084,2.5023327150975367,0.0017453359098970611,0.11444091796875,0.98,0.0026805328237642823,0.0026805328237642823,0.0019132291750765672
1772526962.791129,1865,0.8091926574707031,1235.799646434885,17.934607764081004,0.026572269937764053,0.5629573798165268,2.5023327150975367,0.0017453691994107068,0.11444091796875,0.98,0.002662469008806681,0.00266246900880668,0.0013002616026088858
1772526962.8029246,1866,0.49877166748046875,2004.925430210325,17.86832919046603,0.08128543501673871,0.569939949047088,2.5023327150975367,0.0034906718197941222,0.11444091796875,0.98,0.00274507738674016,0.0027450773867401528,0.013549259756574762
1772526962.8157845,1867,0.7343292236328125,1361.787012987013,18.158560370136357,0.30334167521636973,0.6060004966513676,2.5023327150975367,0.0017453359098970611,0.11444091796875,0.98,0.005899310365457734,0.005899310365457734,0.010318583190208296
1772526962.8290906,1868,1.2867450714111328,777.1547155827311,18.411373694979236,0.2916463930947237,0.6456559957029866,2.5023327150975367,0.0034906718197941222,0.11444091796875,0.98,0.008028100210239685,0.008028100210239685,0.010926472894229686
1772526962.8415902,1869,1.2161731719970703,822.2513232699471,18.697126792579358,0.368730576561266,0.6970255318404956,2.5023327150975367,0.001745302620383471,0.11444091796875,0.98,0.009933773066843106,0.009933773066843104,0.007730250238035438
1772526962.8529108,1870,0.5311965942382812,1882.5421903052065,19.07955229212551,0.5003871296980983,0.7501097801091285,2.5023327150975367,0.005236007729691128,0.11444091796875,0.98,0.01053922269209014,0.01053922269209014,0.004935782686992087
1772526962.866467,1871,1.1665821075439453,857.2049867157164,19.836065398452202,0.8092087669144522,0.7802044442913462,2.5023327150975367,0.003490605240766831,0.11444091796875,0.98,0.010607881503257236,0.010607881503257236,0.006630273134552101
1772526962.8788013,1872,0.8509159088134766,1175.2042588960494,20.119741208066397,0.37926352377702427,0.8421649484071867,2.5023327150975367,0.0017453691994107068,0.11444091796875,0.98,0.011577531335278607,0.01157753133527861,0.004017137856254974
1772526962.891252,1873,0.8141994476318359,1228.2002928257687,20.585225258051427,0.541770401702353,0.9039431499388616,2.5023327150975367,0.0017453359098970611,0.11444091796875,0.98,0.01222252631592569,0.01222252631592569,0.0033408203608337288
1772526962.9029198,1874,0.4990100860595703,2003.9675107501193,21.1009532491663,0.6020856070567951,0.970410992574426,2.5023327150975367,0.0017453691994107068,0.11444091796875,0.98,0.012208260168458732,0.012208260168458732,0.001854754102915125
1772526962.9159005,1875,0.7295608520507812,1370.6875816993463,21.898631048408333,0.844371165732948,1.035522177152059,2.5023327150975367,0.0034906718197941222,0.11444091796875,0.98,0.013270554604263272,0.013270554604263272,0.002785642059885516
1772526962.9285655,1876,0.8313655853271484,1202.8402638371092,22.322732645851495,0.49331850168742913,1.1014630472829405,2.5023327150975367,0.0017453026203834154,0.11444091796875,0.98,0.012664546589916283,0.012664546589916283,0.0027569782744675943
1772526962.9411514,1877,0.7860660552978516,1272.157719138611,22.83652111445626,0.576978891625703,1.1873480094013131,2.5023327150975367,0.0017453691994107068,0.11444091796875,0.98,0.013252540912608109,0.013252540912608109,0.0012557474778702815
1772526962.9528286,1878,0.4596710205078125,2175.46887966805,23.380384620587396,0.6301244371281512,1.2745501112584399,2.5023327150975367,0.0017453359098970472,0.11444091796875,0.98,0.01262473593368977,0.01262473593368977,0.004963049040389905
1772526962.9657605,1879,0.7059574127197266,1416.516041877744,24.28719607565376,0.9584753068388258,1.3898720797265305,2.5023327150975367,0.0017453275875186497,0.11444091796875,0.98,0.014678183842711164,0.014678183842711164,0.002552421684647166
1772526962.9784539,1880,0.7913112640380859,1263.725218439289,24.875264182932153,0.6662410477086326,1.497069666438269,2.5023327150975367,0.0017453691994107068,0.11444091796875,0.98,0.014209598702207692,0.014209598702207683,0.002482098168484475
1772526962.9910524,1881,0.7750988006591797,1290.1581051984006,25.57246870320371,0.7747636098790803,1.6354902166923282,2.5023327150975367,0.0017453026203834154,0.11444091796875,0.98,0.014744766142209539,0.014744766142209539,0.00400905954738099
1772526963.0028331,1882,0.46944618225097656,2130.169629253428,26.435536521133507,0.9614515659376677,1.8120889797076094,2.5023327150975367,0.0017453359098970611,0.11444091796875,0.98,0.015006828534478418,0.015006828534478418,0.0050001431583025216
1772526963.0158753,1883,0.6997585296630859,1429.064395229983,27.625538789222748,1.270592140061047,2.0313090552411452,2.5023327150975367,0.0017453691994107068,0.11444091796875,0.98,0.017226158389988748,0.017226158389988748,0.005082724995629576
1772526963.0284977,1884,0.8020401000976562,1246.8204518430439,28.66028308876054,1.1800867765434986,2.321452387446221,2.5023327150975367,0.001745302620383471,0.11444091796875,0.98,0.01781591211815138,0.01781591211815138,0.004466786498224066
1772526963.0409725,1885,0.743865966796875,1344.3282051282051,30.024745534354867,1.5340707118002275,2.620300150712266,2.5023327150975367,0.0,0.11444091796875,0.98,0.017125779113977994,0.017125779113977994,0.007197759695741124
1772526963.0528235,1886,0.4863739013671875,2056.0313725490196,31.36574234945407,1.5339030075467848,2.8737512834928918,2.5023327150975367,0.0,0.11444091796875,0.98,0.01489848413382949,0.01489848413382949,0.008298225715157688
1772526963.0656643,1887,0.6086826324462891,1642.8922835879357,32.39816350642818,1.2189542171591892,3.0586837545778973,2.5023327150975367,0.0017453275875186497,0.11444091796875,0.98,0.014027567177074315,0.014027567177074315,0.005196604365625878
1772526963.0784748,1888,0.7691383361816406,1300.1562306261624,33.11439306798477,0.921279820206564,3.359499362924656,2.5023327150975367,0.0017453691994105958,0.11444091796875,0.98,0.014237792783955202,0.014237792783955202,0.0037828804284223104
1772526963.0910091,1889,0.7684230804443359,1301.3664287930499,34.23380894206431,1.3022765748134004,3.7428368425617946,2.5023327150975367,0.0017453275875186497,0.11444091796875,0.98,0.014887941430139088,0.014887941430139088,0.005243305198568241
1772526963.1029634,1890,0.5018711090087891,1992.5434679334917,35.83470722614927,1.8473538422862692,4.291899484765879,2.5023327150975367,0.0017453026203834154,0.11444091796875,0.98,0.016157228939347706,0.016157228939347706,0.00446361205814092
1772526963.1165848,1891,1.2331008911132812,810.9636504253674,37.46212007107661,2.042301846502207,5.032734792244268,2.5023327150975367,0.0017453691994105958,0.11444091796875,0.98,0.01851482279253459,0.01851482279253459,0.00458576697129661
1772526963.129174,1892,1.2941360473632812,772.7162859248342,39.63786120279649,2.8680113967706182,6.110575437332567,2.5023327150975367,0.0034906718197941222,0.11444091796875,0.98,0.0185528788226564,0.0185528788226564,0.012569648778993971
1772526963.1416957,1893,1.2960433959960938,771.579102281089,43.12568666763429,4.72276895780414,8.104516243128717,2.5023327150975367,0.0017453026203834154,0.11444091796875,0.98,0.022648835710611263,0.02264883571061126,0.008931591789620615
1772526963.153319,1894,0.8132457733154297,1229.6405746115508,48.18209094606883,7.433268601528696,11.163274343970906,2.5023327150975367,0.0017453026203835265,0.11444091796875,0.98,0.022347125139958252,0.022347125139958252,0.007608409610671812
1772526963.1664147,1895,1.1858940124511719,843.2456775231202,53.15408113613553,9.923333485128117,15.827959704662309,2.5023327150975367,0.0017453691994105958,0.11444091796875,0.98,0.023952274049353545,0.023952274049353545,0.0058881098650522355
1772526963.1794133,1896,1.4767646789550781,677.1559573781078,60.25707111541179,15.842142781267803,23.39724856550698,2.5023327150975367,0.0034906718197941222,0.11444091796875,0.98,0.02418932125302597,0.02418932125302597,0.014502500933344223
1772526963.191307,1897,0.8170604705810547,1223.8996206594688,73.22357270976725,33.685667528952955,36.867946861307715,2.5023327150975367,0.0,0.11444091796875,0.98,0.028981431136471825,0.028981431136471825,0.012804869775661436
1772526963.2028697,1898,0.5190372467041016,1926.6440055121727,78.62742449293673,31.834107579158893,44.06876665966918,2.5023327150975367,0.0017453359098970056,0.11444091796875,0.98,0.02429772161561679,0.02429772161561679,0.004741148674390973
1772526963.2157767,1899,0.7205009460449219,1387.923229649239,73.54175748512118,27.41935402152328,38.18701464370162,2.5023327150975367,0.0017453026203834154,0.11444091796875,0.98,0.02687438146907836,0.02687438146907836,0.003402456698932162
1772526963.2285528,1900,0.7739067077636719,1292.1454097350586,67.04664177048012,19.621591110042793,26.29796321067214,2.5023327150975367,0.0,0.11444091796875,0.98,0.026615347024830052,0.026615347024830052,0.009429322219128778
1772526963.2409637,1901,0.8153915405273438,1226.4046783625731,61.46428941378713,13.585779723580057,19.199803108914107,2.5023327150975367,0.0017453691994107068,0.11444091796875,0.98,0.02392376606134358,0.02392376606134358,0.005900566043257324
1772526963.2528882,1902,0.4639625549316406,2155.3463514902364,56.29325882377566,9.442886069955392,13.737104153968733,2.5023327150975367,0.0,0.11444091796875,0.98,0.02342136469158763,0.02342136469158763,0.009378272710832115
1772526963.2657359,1903,0.6613731384277344,1512.0057678442681,51.556975995880855,7.309810694594927,11.001961133520341,2.5023327150975367,0.0,0.11444091796875,0.98,0.022336769708366715,0.022336769708366715,0.01308743087290329
1772526963.2784805,1904,0.7536411285400391,1326.891490034799,48.67347246273103,4.586820260074682,9.527365792062877,2.5023327150975367,0.0017453026203834154,0.11444091796875,0.98,0.019822713793404532,0.019822713793404532,0.009101366259878297
1772526963.2912745,1905,1.0232925415039062,977.237651444548,46.54680708871645,3.220412637515039,8.147730028875001,2.5023327150975367,0.0017453275875186497,0.11444091796875,0.98,0.01858862265677253,0.018588622656772528,0.010427389236123637
1772526963.3029325,1906,0.49996376037597656,2000.144969003338,45.18819981702041,2.2961609994773453,7.346596367409871,2.5023327150975367,0.0017453691994107068,0.11444091796875,0.98,0.01588981570543962,0.01588981570543962,0.005704344652931431
1772526963.3157604,1907,0.6611347198486328,1512.5510277677606,43.156396462463015,2.6067203253975464,6.247614161526263,2.5023327150975367,0.0017453359098970611,0.11444091796875,0.98,0.017252285056753254,0.017252285056753223,0.011916899850137492
1772526963.3284838,1908,0.7584095001220703,1318.5488839987424,41.410867289305564,2.2271164366271146,5.75261495004079,2.5023327150975367,0.0017453359098970611,0.11444091796875,0.98,0.014460213679179726,0.014460213679179726,0.010019876589326994
1772526963.3410928,1909,0.8332729339599609,1200.086981402003,40.483701025772135,1.3092388932270638,5.440099423362172,2.5023327150975367,0.0034906718197941222,0.11444091796875,0.98,0.012527368111790864,0.012527368111790864,0.007768130702927848
1772526963.3529322,1910,0.4985332489013672,2005.8842659014826,40.00215383791024,0.8019470060828376,5.139576421567825,2.5023327150975367,0.0017453359098970611,0.11444091796875,0.98,0.010783767591766762,0.010783767591766762,0.004581699291546308
1772526963.3657992,1911,0.7021427154541016,1424.211884550085,39.03398627629832,1.1475264562767558,4.701698448933993,2.5023327150975367,0.0017453691994107068,0.11444091796875,0.98,0.011146259858365185,0.011146259858365185,0.0019467478253900384
1772526963.378528,1912,0.7808208465576172,1280.7035114503817,37.75158711762509,1.4428679953233507,4.250289358587056,2.5023327150975367,0.005236007729691183,0.11444091796875,0.98,0.011088483798293693,0.011088483798293693,1.9662382594041417
1772526963.3910623,1913,0.835418701171875,1197.0045662100456,31.833298613699412,6.15348552283962,0.11516587501904921,2.5023327150975367,0.0017453359098970056,0.11444091796875,0.98,0.4822280966639998,0.4822280966639998,0.9347846430822414
1772526963.4029865,1914,0.4868507385253906,2054.0176297747307,23.728808820920865,8.534401571609703,0.10677625647322887,2.5023327150975367,0.0017453275875186497,0.11444091796875,0.98,0.1943117564106144,0.1943117564106144,1.4252974048189564
1772526963.4158006,1915,0.6990432739257812,1430.5266030013643,80.72579284452917,73.93272783599886,51.68790462505115,2.5023327150975367,0.0034906718197941222,0.11444091796875,0.98,0.5214143531865592,0.5214143531865592,1.5839062950834562
1772526963.4286149,1916,0.7824897766113281,1277.971968312005,52.74270918601151,28.156264957718264,0.17591122402096293,2.5023327150975367,0.0017453359098970056,0.11444091796875,0.98,2.4149075771197515,2.4149075771197515,1.6993329247925626
1772526963.44107,1917,0.8218288421630859,1216.7983753988976,32.751877827853995,22.86815226452288,1.8656836232707703,2.5023327150975367,0.0017453691994107068,0.11444091796875,0.98,1.1514026669308244,1.1514026669308244,1.0254511022389876
1772526963.4529266,1918,0.49233436584472656,2031.1399515738499,76.94945930541148,67.77702468988771,39.853406302272646,2.5023327150975367,0.0017453359098970611,0.11444091796875,0.98,0.693110047084955,0.693110047084955,3.085603518857709
1772526963.4658358,1919,0.7343292236328125,1361.787012987013,53.975772230137096,24.986323269077328,1.8905529204705367,2.5023327150975367,0.0017453359098970611,0.11444091796875,0.98,2.5017138350802948,2.5017138350802948,1.1128791521757408
1772526963.4786322,1920,0.8032321929931641,1244.9700207776789,36.022449742605794,21.476772799174455,0.4659289700726198,2.5023327150975367,0.0017453275875186428,0.11444091796875,0.98,2.131814624739559,2.131814624739559,1.2726446857605769
1772526963.491055,1921,0.7951259613037109,1257.6623688155921,27.712263658927977,10.627050462194177,0.6112473789468634,2.5023327150975367,0.0017453275875186497,0.11444091796875,0.98,1.6560424028609104,1.6560424028609104,2.0682496988947947
1772526963.5030203,1922,0.5049705505371094,1980.3135033050048,23.92383816420935,5.843718675878203,0.7394073661521069,2.5023327150975367,0.0017453359098970611,0.11444091796875,0.98,2.2486866372220295,2.2486866372220295,0.37067532203365416
1772526963.5159128,1923,0.7729530334472656,1293.739666872301,37.54744972987043,21.6718407817405,9.120308966453793,2.5023327150975367,0.0,0.11444091796875,0.98,2.2768111048134747,2.2768111048134747,1.8618258403236334
1772526963.5284033,1924,0.7870197296142578,1270.616176916086,40.25409342221641,4.927354266177816,1.1282495194246354,2.5023327150975367,0.0017453359098970611,0.11444091796875,0.98,2.81660162939059,2.81660162939059,0.4640421924900056
1772526963.5410714,1925,0.7917881011962891,1262.964167419452,40.71667543799777,19.266002492023027,7.673847392021307,2.5023327150975367,0.0017453359098971166,0.11444091796875,0.98,2.716310354819535,2.716310354819535,1.56838924548089
1772526963.5528674,1926,0.44846534729003906,2229.8266879319513,40.14649056299674,9.184045340410062,0.590033052743768,2.5023327150975367,0.0,0.02384185791015625,0.98,3.1340692227572227,3.1340692227572227,0.8178875981803192
1772526963.565749,1927,0.6771087646484375,1476.867605633803,31.663643926944697,9.396161378975973,0.8502530338648804,2.5023327150975367,0.0017453317487078554,0.026464462280273438,0.98,3.018029159703526,3.018029159703526,1.2719157034865047
1772526963.57859,1928,0.7688999176025391,1300.5593798449613,25.533700673379524,6.749031836975941,0.38571998612657415,2.5023327150975367,0.0,0.031948089599609375,0.98,3.464362157733445,3.464362157733445,1.1035613136068665
1772526963.59092,1929,0.7567405700683594,1321.4568367989918,21.164767782345145,4.777885094973749,0.2918374323551777,2.5023327150975367,0.0017453026203834154,0.03886222839355469,0.98,3.0138905767897914,3.0138905767897914,1.0164350006402811
1772526963.602974,1930,0.4665851593017578,2143.231476750128,18.398096879147037,3.090763621437761,0.3354740159480884,2.5023327150975367,0.0017453359098970611,0.03886222839355469,0.98,3.2947451815669035,3.2947451815669035,0.9820454112218185
1772526963.6159058,1931,0.7624626159667969,1311.5397123202001,16.7162464918556,1.9679749773739716,0.2646529766509247,2.5023327150975367,0.0034906718197941222,0.05173683166503906,0.98,3.120809656116782,3.120809656116782,0.8873842797729694
1772526963.6290286,1932,1.1401176452636719,877.1024675867837,15.622742016954469,1.3675388622727407,0.32338586206766967,2.5023327150975367,0.0034906385302804765,0.0553131103515625,0.98,3.4006578148588944,3.4006578148588944,1.0220604196209524
1772526963.6412818,1933,0.7951259613037109,1257.6623688155921,14.790016924552578,1.0722299090683913,0.22006350283297058,2.5023327150975367,0.0017453359098971166,0.0553131103515625,0.98,3.0566294122073683,3.0566294122073683,0.8456229155342805
1772526963.6530337,1934,0.5044937133789062,1982.1852551984878,14.218554446284777,0.8341031873223483,0.33624118971341715,2.5023327150975367,0.0017453359098970611,0.0553131103515625,0.98,3.133913596574962,3.133913596574962,0.8721546169764702
1772526963.6659155,1935,0.7596015930175781,1316.4795982423102,14.24280614895738,0.5390449332755486,0.30326025555183184,2.5023327150975367,0.0017453359098970611,0.0553131103515625,0.98,3.0700252928968377,3.0700252928968377,0.8771641402122233
1772526963.6785996,1936,0.7925033569335938,1261.8243080625753,14.42295264964355,0.5217969321175698,0.3850708848336648,2.5023327150975367,0.0017453359098971166,0.0553131103515625,0.98,3.314384909300045,3.314384909300045,0.9361122766167126
1772526963.691745,1937,1.2307167053222656,812.5346764819838,14.570894382315242,0.4164477398945804,0.2871141948094601,2.5023327150975367,0.0017453359098970611,0.08082389831542969,0.98,3.0792009607415496,3.0792009607415496,0.8594790788376133
1772526963.7030127,1938,0.48804283142089844,2049.000488519785,14.478502883966435,0.31002397734304293,0.38272777352006837,2.5023327150975367,0.0017453359098971166,0.08082389831542969,0.98,3.0884754998659876,3.0884754998659876,0.8517659233516316
1772526963.7159557,1939,0.7436275482177734,1344.7592176979801,14.886803925001454,0.581285106513686,0.3888860765590784,2.5023327150975367,0.0017453026203834154,0.08082389831542969,0.98,3.0652267318292012,3.0652267318292012,0.9016334900694319
1772526963.7285926,1940,0.812530517578125,1230.7230046948357,15.250463455635598,0.49831328006838926,0.4399639989783473,2.5023327150975367,0.0,0.08082389831542969,0.98,3.2815558864384915,3.2815558864384915,0.9238338497916597
1772526963.7412276,1941,0.8447170257568359,1183.8283940163703,15.474051405396587,0.33917725194783793,0.36140189940568707,2.5023327150975367,0.0017453359098970056,0.08082389831542969,0.98,3.0253762265021154,3.0253762265021154,0.9059570433393206
1772526963.7529395,1942,0.4928112030029297,2029.1746492501209,15.488007708820096,0.2411463875747097,0.4472646153311988,2.5023327150975367,0.0017453359098971166,0.08082389831542969,0.98,3.1232891100783715,3.1232891100783715,0.8703698389536969
1772526963.7658596,1943,0.7183551788330078,1392.0690341851976,15.957292590923636,0.5783300229220651,0.4789684805834068,2.5023327150975367,0.0017453359098970056,0.08082389831542969,0.98,3.058131812700089,3.058131812700089,0.9255898575173678
1772526963.7785566,1944,0.7603168487548828,1315.2411414236437,16.31939633600818,0.4504432275671449,0.4870840466879623,2.5023327150975367,0.0,0.08082389831542969,0.98,3.3126066036488058,3.3126066036488058,0.9634828885735494
1772526963.79115,1945,0.8504390716552734,1175.8631903560415,16.421585999761792,0.20550098478227946,0.4277801256915757,2.5023327150975367,0.0017453359098971166,0.08082389831542969,0.98,2.989402727158452,2.989402727158452,0.9353134152692218
1772526963.803003,1946,0.4639625549316406,2155.3463514902364,16.43511707906875,0.23648851214195357,0.5032457771061187,2.5023327150975367,0.0017453026203834154,0.08082389831542969,0.98,3.1765735430286077,3.1765735430286077,0.9133753170824553
1772526963.815962,1947,0.8375644683837891,1193.9379447765443,16.86001761039679,0.5214112611364868,0.5640728547124712,2.5023327150975367,0.0017453359098970056,0.08082389831542969,0.98,3.0182137155607895,3.0182137155607895,0.9537281556120086
1772526963.828785,1948,0.881195068359375,1134.8225108225108,17.285015501680462,0.48307259972037603,0.5477960888342588,2.5023327150975367,0.0017453359098971166,0.08082389831542969,0.98,3.3517529287803263,3.3517529287803263,1.0102059520150406
1772526963.84102,1949,0.7498264312744141,1333.6419713831478,17.35853073946867,0.1861070768673449,0.5232347448524521,2.5023327150975367,0.0,0.08082389831542969,0.98,2.9315372436476377,2.9315372436476377,0.9788427452017741
1772526963.8529973,1950,0.47087669372558594,2123.6982278481014,17.48275804543096,0.3050436411588933,0.5834862777343656,2.5023327150975367,0.003490671819794011,0.08082389831542969,0.98,3.1756260692822877,3.1756260692822877,0.9280444757070732
1772526963.8659086,1951,0.6871223449707031,1455.3448993754337,18.232551093190583,0.9117266713837273,0.7721055158058764,2.5023327150975367,0.0,0.08082389831542969,0.98,3.0348616519821774,3.0348616519821774,0.985290156003969
1772526963.8789775,1952,1.1637210845947266,859.3124359762344,18.764450827423122,0.6834931764367477,0.6050690322421555,2.5023327150975367,0.0017453359098970611,0.08082389831542969,0.98,3.3153900922296144,3.3153900922296144,1.0048271051683637
1772526963.8918183,1953,1.2111663818359375,825.6503937007874,18.916586035865762,0.2757527952270929,0.6660382135104039,2.5023327150975367,0.0017453026203835265,0.08082389831542969,0.98,3.037086705675975,3.037086705675975,0.9673082312647916
1772526963.903049,1954,0.5049705505371094,1980.3135033050048,18.633518234295536,0.3593633714857724,0.586155943797813,2.5023327150975367,0.0017453359098970611,0.08082389831542969,0.98,3.083083624481678,3.083083624481678,0.9095510901112058
1772526963.915881,1955,0.7467269897460938,1339.1775223499362,19.421823590868716,1.031568030316833,0.961758884648311,2.5023327150975367,0.0017453359098970611,0.08082389831542969,0.98,3.007692464960821,3.007692464960821,1.0224538403200825
1772526963.929052,1956,0.9737014770507812,1027.0088148873654,20.10015427546666,0.7876393922638778,0.658702030223625,2.5023327150975367,0.0017453275875186497,0.08082389831542969,0.98,3.4151701499305958,3.4151701499305958,1.0513970314367178
1772526963.9419842,1957,1.285552978515625,777.8753709198813,19.788280707883807,0.5093775018015912,0.6599969995624249,2.5023327150975367,0.0017453359098970611,0.08082389831542969,0.98,3.0089241627583623,3.0089241627583623,0.9863929807234716
1772526963.9534328,1958,0.8697509765625,1149.7543859649122,19.133130891684832,0.8175849095252167,0.5943783277171935,2.5023327150975367,0.0017453359098970611,0.08082389831542969,0.98,3.0754565392713324,3.0754565392713324,0.9214989125923765
1772526963.9664297,1959,1.2049674987792969,829.8979026513653,19.9022681442769,1.0147884588973313,1.0558407548048276,2.5023327150975367,0.0017453359098970611,0.08082389831542969,0.98,3.0361100595440154,3.0361100595440154,1.0081085079025554
1772526963.979146,1960,1.3127326965332031,761.7697057755177,20.512811224878583,0.7308981244447507,0.6738946374416745,2.5023327150975367,0.0017453359098970611,0.08082389831542969,0.98,3.318577656550498,3.318577656550498,1.0158632648289654
1772526963.9916282,1961,1.238107681274414,807.684190256114,20.517528574719016,0.15181502405820307,0.8262108351839599,2.5023327150975367,0.001745329668113249,0.08082389831542969,0.98,2.99000238194679,2.99000238194679,1.0115161020529126
1772526964.0035007,1962,0.8683204650878906,1151.6485447556288,20.21058011548248,0.5038088334971821,0.6567958255271117,2.5023327150975367,0.001745329668113249,0.08082389831542969,0.98,3.198003285655084,3.198003285655084,0.966354610510165
1772526964.0163345,1963,1.129150390625,885.6216216216217,20.549517971167546,0.41502923136579495,0.9943529986747852,2.5023327150975367,0.0017453359098970611,0.08082389831542969,0.98,3.0106282779413016,3.0106282779413016,1.020462941778408
1772526964.0289905,1964,1.1565685272216797,864.6266749123891,20.735183788714096,0.20850581281023078,0.6776288043623118,2.5023327150975367,0.0017453359098971166,0.08082389831542969,0.98,3.3328089303853172,3.3328089303853172,1.0509519014142863
1772526964.0410876,1965,0.8466243743896484,1181.161362996339,20.640596929404076,0.11797082840162959,0.8810554650131368,2.5023327150975367,0.0,0.08082389831542969,0.98,2.944727373115131,2.944727373115131,1.0272724558613902
1772526964.0528612,1966,0.4439353942871094,2252.580021482277,20.513334691732517,0.3872674991129883,0.7099966268427581,2.5023327150975367,0.0,0.08082389831542969,0.98,3.178073162382876,3.178073162382876,0.9511868827356784
1772526964.0654783,1967,0.5578994750976562,1792.4376068376068,21.365303114151118,1.0800347078756574,1.2339917709106663,2.5023327150975367,0.0,0.08082389831542969,0.98,2.9856167527094573,2.9856167527094573,1.0521257417841499
1772526964.0785522,1968,0.8826255798339844,1132.9832522960562,21.95203079833601,0.7332214098898518,0.7312075854614857,2.5023327150975367,0.0,0.08082389831542969,0.98,3.393534622950544,3.393534622950544,1.0659905966252716
1772526964.0911493,1969,0.7913112640380859,1263.725218439289,21.591187358773897,0.4989190571088207,0.8909186034619351,2.5023327150975367,0.0017453359098970611,0.08082389831542969,0.98,3.03328092123341,3.03328092123341,0.9937971707698099
1772526964.1029,1970,0.4754066467285156,2103.4623871614845,20.870327569971693,0.8494033617759592,0.6632674492703226,2.5023327150975367,0.0,0.08082389831542969,0.98,3.160225974892573,3.160225974892573,0.989620689870271
1772526964.1161096,1971,0.7395744323730469,1352.1289490651193,21.499610187336284,0.8572945093036858,1.2447779210906769,2.5023327150975367,0.0017453026203834154,0.08082389831542969,0.98,3.0946928147966455,3.0946928147966455,0.9936410747480396
1772526964.1290135,1972,0.8623600006103516,1159.608515344208,21.807320334048143,0.516136563003487,0.6895716597764977,2.5023327150975367,0.0,0.08082389831542969,0.98,3.3730848655841035,3.3730848655841035,1.1018694405474299
1772526964.1413174,1973,0.7603168487548828,1315.2411414236437,21.36455857647909,0.5039648170827551,0.9096832371890002,2.5023327150975367,0.0,0.08082389831542969,0.98,2.904489108424972,2.904489108424972,1.0352175094308371
1772526964.1529722,1974,0.5099773406982422,1960.871435250117,21.039681169921124,0.8147087149121898,0.7670324756797327,2.5023327150975367,0.0017453359098971166,0.08082389831542969,0.98,3.099378338191377,3.099378338191377,0.9211591334311886
1772526964.165854,1975,0.6778240203857422,1475.3091804431938,23.210435730255494,2.854602536636858,1.9500210368563848,2.5023327150975367,0.0,0.08082389831542969,0.98,3.021583608730629,3.021583608730629,1.0593328448633008
1772526964.179208,1976,1.2660026550292969,789.887758945386,24.614038218897093,2.037229457013278,0.7999437368155203,2.5023327150975367,0.0017453359098970611,0.08082389831542969,0.98,3.4013897752317868,3.4013897752317868,1.0940658287471163
1772526964.191864,1977,1.1992454528808594,833.8576540755467,23.919494723012562,1.02574151391702,1.1618586602709877,2.5023327150975367,0.0,0.08082389831542969,0.98,2.998831252454711,2.998831252454711,1.038508416838446
1772526964.203067,1978,0.5095005035400391,1962.706598034628,22.796651162824297,1.4832939501202917,0.7373596928332551,2.5023327150975367,0.0017453359098970611,0.08082389831542969,0.98,3.09311540161624,3.09311540161624,0.9731643124545246
1772526964.2158422,1979,0.6818771362304688,1466.5398601398601,24.590594001645698,2.4077413896743365,2.1943927864932533,2.5023327150975367,0.0,0.08082389831542969,0.98,3.0010770830201623,3.0010770830201623,1.0730175712713557
1772526964.2286375,1980,0.7739067077636719,1292.1454097350586,25.697776238489194,1.501040138942818,0.8457138796821597,2.5023327150975367,0.0,0.08082389831542969,0.98,3.3612969948146887,3.3612969948146887,1.0765242292081127
1772526964.2410893,1981,0.7283687591552734,1372.9309328968905,25.142500173635312,0.8890609217056986,1.4529427755311985,2.5023327150975367,0.0,0.08082389831542969,0.98,2.963863601018611,2.963863601018611,1.0661871936259684
1772526964.2529602,1982,0.45371055603027344,2204.048344718865,24.269671840931082,1.3446861584104288,0.812075332545107,2.5023327150975367,0.0,0.08082389831542969,0.98,3.193328912456319,3.193328912456319,1.004004343453339
1772526964.2654579,1983,0.5478858947753906,1825.1975630983463,25.261230425704746,1.310537375179629,2.0570107367836252,2.5023327150975367,0.0,0.08082389831542969,0.98,2.950756330487633,2.950756330487633,1.0998225859590305
1772526964.2783165,1984,0.6330013275146484,1579.775517890772,25.82340842423638,0.7194886396591609,0.8720692141220647,2.5023327150975367,0.0,0.08082389831542969,0.98,3.4096841343067688,3.4096841343067688,1.1064166492932428
1772526964.2906086,1985,0.6172657012939453,1620.0478949401313,25.05412304537962,1.0075617538427484,1.4166294988245751,2.5023327150975367,0.0,0.08082389831542969,0.98,2.919384225960296,2.919384225960296,1.088720606962949
1772526964.3027732,1986,0.4341602325439453,2303.2970895112576,24.30716000412232,1.1936420076123415,0.8374229931817988,2.5023327150975367,0.0,0.08082389831542969,0.98,3.277332404594663,3.277332404594663,1.0482962233822783
1772526964.3153527,1987,0.5023479461669922,1990.6521120075938,24.78227050830954,0.7284048053363215,1.7962927498309957,2.5023327150975367,0.0,0.08082389831542969,0.98,2.976069608068496,2.976069608068496,1.0862374924033102
1772526964.3281047,1988,0.5412101745605469,1847.711013215859,24.982070182582266,0.33125118944447496,0.8289017382125298,2.5023327150975367,0.0,0.08082389831542969,0.98,3.390179085730541,3.390179085730541,1.116153780528741
1772526964.3404741,1989,0.5769729614257812,1733.1834710743801,24.40663364925883,0.6686084542277498,1.371289647080093,2.5023327150975367,0.0,0.08082389831542969,0.98,2.923312331172324,2.923312331172324,1.082109845757031
1772526964.3526826,1990,0.38695335388183594,2584.290819470117,23.87612810795275,0.866773233837782,0.8312518797285463,2.5023327150975367,0.0,0.08082389831542969,0.98,3.2768808725249263,3.2768808725249263,1.0450524358625697
1772526964.365356,1991,0.49185752868652344,2033.1090644692197,24.447804604665244,0.8054360255285543,1.739212319260285,2.5023327150975367,0.0,0.08082389831542969,0.98,2.9885474540525685,2.9885474540525685,1.0755159153816671
1772526964.3781245,1992,0.5440711975097656,1837.9947414548642,24.68284206430356,0.41569603184859816,0.8162200600493446,2.5023327150975367,0.0,0.08082389831542969,0.98,3.384094589771235,3.384094589771235,1.1132724620118264
1772526964.391183,1993,0.8056163787841797,1241.285587451909,24.21619553439158,0.5693110760618638,1.3445846888848207,2.5023327150975367,0.0017453026203834154,0.08082389831542969,0.98,3.040703801018062,3.040703801018062,1.0312618558525282
1772526964.402984,1994,0.4470348358154297,2236.9621333333334,23.385317841657947,0.9639701907373633,0.7477898397696748,2.5023327150975367,0.0,0.08082389831542969,0.98,3.1705801190359737,3.1705801190359737,1.0223125960071384
1772526964.415959,1995,0.6873607635498047,1454.8400971210544,24.34643507680124,1.3674623982566865,1.8625109440518235,2.5023327150975367,0.0017453359098970611,0.08082389831542969,0.98,3.021977886564832,3.021977886564832,1.0635426175494977
1772526964.4288845,1996,0.8280277252197266,1207.6890296573567,24.806342561069595,0.7151628066880155,0.8036687903490306,2.5023327150975367,0.0017453026203834154,0.08082389831542969,0.98,3.369179644542478,3.369179644542478,1.0922688151843656
1772526964.4413493,1997,0.7555484771728516,1323.5418112969392,24.122993603671784,0.906377385828177,1.2746366925492776,2.5023327150975367,0.0017453359098970611,0.08082389831542969,0.98,2.950535951276626,2.950535951276626,1.0682489006531422
1772526964.4529893,1998,0.4496574401855469,2223.915164369035,23.30152769156332,1.2279870968271334,0.7898417819997006,2.5023327150975367,0.0017453026203834154,0.08082389831542969,0.98,3.1165143675340596,3.1165143675340596,0.9474449482897163
1772526964.466008,1999,0.7081031799316406,1412.223569023569,24.951857238210117,2.148977359778443,2.1599960485690417,2.5023327150975367,0.0017453359098970056,0.08082389831542969,0.98,3.0504547829553657,3.0504547829553657,1.0860697127978154
1772526964.4788818,2000,0.80108642578125,1248.304761904762,25.663720750088316,1.2774026964197314,0.7686322022534271,2.5023327150975367,0.0017453359098970611,0.08082389831542969,0.98,3.397459105013652,3.397459105013652,1.0997278656694813
1772526964.491605,2001,0.8893013000488281,1124.4782841823057,24.191718909588584,1.8186528622531433,1.0551852752260737,2.5023327150975367,0.0034906718197940667,0.08082389831542969,0.98,3.005165913692752,3.005165913692752,1.0545136931692856
1772526964.5030198,2002,0.5292892456054688,1889.3261261261262,22.5707801377724,2.076993238156395,0.6895227002181338,2.5023327150975367,0.003490638530280532,0.08082389831542969,0.98,3.085220723534964,3.085220723534964,0.931369611171474
1772526964.5160477,2003,0.74005126953125,1351.2577319587629,23.026798013901374,0.9132991084842822,1.4780544148289398,2.5023327150975367,0.0017453359098970056,0.08082389831542969,0.98,3.0877047004483553,3.0877047004483553,1.0507760369857628
1772526964.5289948,2004,0.9403228759765625,1063.4645030425963,23.102638355604736,0.48941620598446295,0.6766628342055961,2.5023327150975367,0.0017453359098971166,0.08082389831542969,0.98,3.4027506924583593,3.4027506924583593,1.0911294609291038
1772526964.5417376,2005,1.0755062103271484,929.7947240079804,21.909207996525534,1.4705360010770023,0.7669626120540053,2.5023327150975367,0.0017453359098970056,0.08082389831542969,0.98,3.028010579538229,3.028010579538229,1.0043649147213087
1772526964.553025,2006,0.4723072052001953,2117.26602725896,20.59576751094298,1.6279000155706287,0.6158495302243966,2.5023327150975367,0.0017453359098971166,0.08082389831542969,0.98,3.1109901903752033,3.1109901903752033,0.9286533193852257
1772526964.5660203,2007,0.7867813110351562,1271.0012121212121,20.680846227700783,0.4763981331085187,0.9975012049495383,2.5023327150975367,0.0017453026203834154,0.08082389831542969,0.98,3.067573710796865,3.067573710796865,1.0240177522472447
1772526964.578955,2008,0.9329319000244141,1071.8895987733197,20.66590452459617,0.31272889171575563,0.6153999281692545,2.5023327150975367,0.0,0.08082389831542969,0.98,3.393172418434925,3.393172418434925,1.0651092846019006
1772526964.5914683,2009,0.9264945983886719,1079.3371075656203,19.937764064460666,0.8691322825507471,0.629727144143954,2.5023327150975367,0.0017453359098970056,0.08082389831542969,0.98,3.0005701119036874,3.0005701119036874,0.9914251476101279
1772526964.6030195,2010,0.4711151123046875,2122.6234817813765,19.15500356305342,0.9901469085161556,0.5800280868979412,2.5023327150975367,0.0017453359098971166,0.08082389831542969,0.98,3.156723884014643,3.156723884014643,0.9356773199126992
1772526964.616268,2011,0.9074211120605469,1102.0241723594324,19.292553341297072,0.3001192154804227,0.792715450458355,2.5023327150975367,0.0017453359098970056,0.08082389831542969,0.98,3.1007370957587876,3.1007370957587876,0.9855223719862406
1772526964.629057,2012,0.9753704071044922,1025.2515277438279,19.23293300148494,0.24316927934583904,0.5556295101490805,2.5023327150975367,0.001745329668113249,0.08082389831542969,0.98,3.3686597904328615,3.3686597904328615,1.0438901248641754
1772526964.6416051,2013,0.9834766387939453,1016.8009696969697,18.677776642070686,0.6167811503079443,0.5364371185528835,2.5023327150975367,0.0017453359098970056,0.08082389831542969,0.98,2.9961359141173682,2.9961359141173682,0.9805862479448184
1772526964.6530511,2014,0.5052089691162109,1979.3789523360076,18.059839652891675,0.7641442812824244,0.5372212643417142,2.5023327150975367,0.0017453359098970056,0.08082389831542969,0.98,3.120476175056023,3.120476175056023,0.8936930252443033
1772526964.6660438,2015,0.7927417755126953,1261.4448120300751,18.272784464389495,0.30981948206520465,0.6834795470247635,2.5023327150975367,0.0,0.08082389831542969,0.98,3.0753295809906236,3.0753295809906236,0.9824537887539033
1772526964.6790156,2016,0.8149147033691406,1227.1222937390287,18.375028626323513,0.22864936582880077,0.52783866639902,2.5023327150975367,0.0017453026203835265,0.08082389831542969,0.98,3.4249160846613824,3.4249160846613824,1.049544934283661
1772526964.6914964,2017,0.8695125579833984,1150.0696462846174,17.8026375645202,0.6437224766681032,0.4433825230212591,2.5023327150975367,0.0,0.08082389831542969,0.98,2.9802333213506054,2.9802333213506054,0.9591490794971664
1772526964.7030141,2018,0.4935264587402344,2026.2338164251207,17.212928617329958,0.7432044093779356,0.5031596021911799,2.5023327150975367,0.0017453359098971166,0.08082389831542969,0.98,3.102768761413905,3.102768761413905,0.8774303800178002
1772526964.7159698,2019,0.759124755859375,1317.3065326633166,17.475149908805683,0.3530065227733479,0.6186554629611345,2.5023327150975367,0.0,0.08082389831542969,0.98,3.0674727931879113,3.0674727931879113,0.9764340304972341
1772526964.729215,2020,0.9665489196777344,1034.6087814504194,17.720560360084967,0.34648283335630964,0.50626244833246,2.5023327150975367,0.0017453359098970056,0.08082389831542969,0.98,3.47150811851443,3.47150811851443,1.0552442044836323
1772526964.7418072,2021,1.1909008026123047,839.7005005005005,17.15070234320338,0.6353670329818178,0.3804334814242186,2.5023327150975367,0.0017453359098970611,0.08678436279296875,0.98,2.964182228481043,2.964182228481043,0.9457092668124372
1772526964.7532308,2022,0.6363391876220703,1571.4889471712252,16.59119928949759,0.7128260941634165,0.4754326893303772,2.5023327150975367,0.0017453359098970056,0.08678436279296875,0.98,3.098761890051449,3.098761890051449,0.8694433654568935
1772526964.7657595,2023,0.64849853515625,1542.0235294117647,16.80768755231695,0.3162962338957736,0.5588649385514763,2.5023327150975367,0.0,0.08678436279296875,0.98,3.013928365556373,3.013928365556373,0.9865396476039513
1772526964.7785509,2024,0.7188320159912109,1391.1456053067993,17.11301181284164,0.3559024068971618,0.5057630376646115,2.5023327150975367,0.0,0.08678436279296875,0.98,3.364515456323965,3.364515456323965,0.9809270269996252
1772526964.790554,2025,0.5691051483154297,1757.1445328864684,16.89173943332453,0.23521670644812231,0.4208008561502063,2.5023327150975367,0.0,0.08678436279296875,0.98,2.9182718324615737,2.9182718324615737,0.9808598326708226
1772526964.8028626,2026,0.4260540008544922,2347.1203133743707,16.81296403172285,0.2975545799925952,0.504249132827848,2.5023327150975367,0.0017453359098970056,0.08678436279296875,0.98,3.2821308736328914,3.2821308736328914,0.9431444182937659
1772526964.8164566,2027,1.0106563568115234,989.4560037744751,16.904319901848975,0.11459461530390445,0.472669114540976,2.5023327150975367,0.0017453359098970611,0.08678436279296875,0.98,3.163730209657139,3.163730209657139,0.9107981595816232
1772526964.8290875,2028,0.957489013671875,1044.398406374502,16.605568844229445,0.35316203727791445,0.42106281749156094,2.5023327150975367,0.0017453192651402105,0.08678436279296875,0.98,3.330259221382569,3.330259221382569,1.0323092183889846
1772526964.8416445,2029,0.8814334869384766,1134.5155531512037,16.21563643347399,0.4122440629892043,0.37729246355482066,2.5023327150975367,0.0017453359098970611,0.08678436279296875,0.98,3.0212077586303954,3.0212077586303954,0.9303894322242384
1772526964.8530414,2030,0.5018711090087891,1992.5434679334917,15.799342270244937,0.46899727382445683,0.4432369769360704,2.5023327150975367,0.0017453359098970611,0.08678436279296875,0.98,3.0413953964205334,3.0413953964205334,0.8375745522281905
1772526964.8662035,2031,0.8175373077392578,1223.185768445611,16.276579504519837,0.5576169727634058,0.5309030934770799,2.5023327150975367,0.0017453359098970056,0.08678436279296875,0.98,3.1077234355910965,3.1077234355910965,0.9506533998496304
1772526964.879242,2032,0.9267330169677734,1079.059428865449,16.590107073500036,0.41613112989958206,0.4484372874136296,2.5023327150975367,0.0017453192651402105,0.08678436279296875,0.98,3.4129919329829743,3.4129919329829743,1.008091371794721
1772526964.8916905,2033,0.8847713470458984,1130.2355160334141,16.213509627502333,0.4347270288924551,0.3309194975432357,2.5023327150975367,0.0017453359098970056,0.08678436279296875,0.98,2.9768279432533906,2.9768279432533906,0.9370577962787083
1772526964.903128,2034,0.4925727844238281,2030.1568247821879,15.721944107156007,0.6269229645460662,0.42296771388534626,2.5023327150975367,0.0017453359098971166,0.08678436279296875,0.98,3.0585322660688083,3.0585322660688083,0.8166248355534549
1772526964.9161716,2035,0.7145404815673828,1399.500834167501,15.952612298371301,0.26253507957571964,0.45440947177456303,2.5023327150975367,0.001745329668113249,0.08678436279296875,0.98,3.109352461699398,3.109352461699398,0.9452101448744826
1772526964.9292202,2036,0.7605552673339844,1314.828840125392,16.037636896596666,0.24303005743489262,0.40349726021818066,2.5023327150975367,0.0017453359098970611,0.08678436279296875,0.98,3.4278373177722092,3.4278373177722092,1.0041918075020642
1772526964.941224,2037,0.8111000061035156,1232.8935920047031,15.457079245837814,0.6244705377694624,0.27524141931986307,2.5023327150975367,0.0017453275875186497,0.08678436279296875,0.98,2.874656743989479,2.874656743989479,0.9649662723606408
1772526964.953373,2038,0.8614063262939453,1160.8923332410739,15.15816991294293,0.5117001413847652,0.4086062157206377,2.5023327150975367,0.0017453359098971166,0.08678436279296875,0.98,3.1694168082746765,3.1694168082746765,0.8382728625717771
1772526964.9663467,2039,1.1582374572753906,863.3808151502676,15.235120715263115,0.15640547094081186,0.35522545772681413,2.5023327150975367,0.003490638530280421,0.08678436279296875,0.98,3.101890340927972,3.101890340927972,0.9248401800396923
1772526964.9792242,2040,1.220703125,819.2,15.157816599814259,0.19623473517885123,0.3584716536149582,2.5023327150975367,0.0034906718197941222,0.08678436279296875,0.98,3.385488154519756,3.385488154519756,0.9741460353629587
1772526964.991638,2041,1.2063980102539062,828.9138339920949,14.733443110539284,0.47181917722310995,0.241506195369367,2.5023327150975367,0.003490638530280532,0.08678436279296875,0.98,3.007886188133325,3.007886188133325,0.9220424440560905
1772526965.00321,2042,0.8132457733154297,1229.6405746115508,14.252254524666508,0.5516308863102241,0.32266224340311944,2.5023327150975367,0.005235974440177538,0.08678436279296875,0.98,3.1232780393905846,3.1232780393905846,0.8436593202514482
1772526965.016469,2043,1.2006759643554688,832.8641779189833,14.23162232909531,0.19112190057322803,0.2806349138671316,2.5023327150975367,0.0069813436395882444,0.08678436279296875,0.98,3.1526290987381573,3.1526290987381573,0.8843297182722583
1772526965.028444,2044,0.7665157318115234,1304.60466562986,13.997587952846242,0.3070103012181488,0.3010147666739183,2.5023327150975367,0.0034906385302804765,0.08678436279296875,0.98,3.2542888307501148,3.2542888307501148,0.9084674340114149
1772526965.0409613,2045,0.774383544921875,1291.3497536945813,13.781435683649393,0.28552286843123187,0.21916766020039025,2.5023327150975367,0.005236007729691183,0.08678436279296875,0.98,3.046814291738978,3.046814291738978,0.8741750815954908
1772526965.0528214,2046,0.4761219024658203,2100.3024536805206,13.533220278367514,0.32082725194735034,0.3046844786885096,2.5023327150975367,0.005235974440177538,0.08678436279296875,0.98,3.176977272013559,3.176977272013559,0.8418303354795076
1772526965.0657072,2047,0.6680488586425781,1496.8965024982156,13.528692127833821,0.12642627378619775,0.2293293391963762,2.5023327150975367,0.0017453359098971166,0.08678436279296875,0.98,3.103501906493914,3.103501906493914,0.8667245566879611
1772526965.080119,2048,1.287698745727539,776.5791520088873,13.623795882343762,0.14535229709281125,0.29011478548510083,2.5023327150975367,0.006981310350074599,0.08678436279296875,0.98,3.6561386069483217,3.6561386069483217,1.0908096300644277
1772526965.0912054,2049,0.9951591491699219,1004.8643986583613,12.875111561047305,0.8067497312556213,0.13908039828260513,2.5023327150975367,0.0034906718197941222,0.08678436279296875,0.98,2.7162602581446054,2.7162602581446054,0.914880945745957
1772526965.1030273,2050,0.6821155548095703,1466.027263194687,12.806818901822718,0.5105643236926424,0.3270138099556716,2.5023327150975367,0.005235974440177538,0.08678436279296875,0.98,3.1222602906412797,3.1222602906412797,0.7620138756170826
1772526965.11604,2051,0.9036064147949219,1106.6765171503957,13.113910668211888,0.33428775056858423,0.24674451662999922,2.5023327150975367,0.005235974440177538,0.08678436279296875,0.98,3.113246991850043,3.113246991850043,0.8872890443214759
1772526965.1286852,2052,0.9887218475341797,1011.4068000964553,13.203174471178805,0.2563347167091398,0.2861377238219497,2.5023327150975367,0.0034906718197941222,0.08678436279296875,0.98,3.2939053710771926,3.2939053710771926,3.5469475663880337
1772526965.1412036,2053,1.0006427764892578,999.3576364069573,13.949060944578829,1.5432859046734573,0.5333407273104956,2.5023327150975367,0.0034906718197941222,0.08678436279296875,0.98,2.3113606518859493,2.3113606518859493,0.33773912657364574
1772526965.1529055,2054,0.537872314453125,1859.177304964539,19.568276970952468,9.583555304555254,2.6463339943055173,2.5023327150975367,0.003490605240766831,0.08678436279296875,0.98,2.127143598366675,2.127143598366675,1.1256813174563662
1772526965.1657674,2055,0.7221698760986328,1384.7157477715418,24.922456518980965,7.654711836612447,0.15046973305803882,2.5023327150975367,0.0017453691994107068,0.08678436279296875,0.98,1.856777853667143,1.856777853667143,1.5455019987091052
1772526965.178497,2056,0.8101463317871094,1234.3449087698646,21.21753976999973,4.252671963488071,0.16810645283044498,2.5023327150975367,0.0017453359098970611,0.08678436279296875,0.98,1.3759863436647632,1.3759863436647632,1.4180661122287608
1772526965.1910412,2057,0.8137226104736328,1228.9200117198945,17.330604032108972,4.78634339761493,0.2081704727090108,2.5023327150975367,0.0017453275875186497,0.08678436279296875,0.98,1.0028125575651534,1.0028125575651534,1.158186549981933
1772526965.2028713,2058,0.5257129669189453,1902.1786848072563,14.956291858768433,3.4914740359533663,0.18829796928346443,2.5023327150975367,0.0034906718197941222,0.08678436279296875,0.98,0.6945474531616326,0.6945474531616326,0.8893545673832249
1772526965.215823,2059,0.762939453125,1310.72,13.78126516815597,2.300106305320483,0.1665205760713455,2.5023327150975367,0.0017453359098970611,0.08678436279296875,0.98,0.5166419454729084,0.5166419454729084,0.7056129495212348
1772526965.228529,2060,0.8807182312011719,1135.4369247428262,13.017507050654286,1.5732013206953104,0.19127028230404852,2.5023327150975367,0.0034906718197941222,0.08678436279296875,0.98,0.35234933565748666,0.35234933565748666,0.5177029284387716
1772526965.2409408,2061,0.8122920989990234,1231.084238332844,12.899624474040573,1.5646493470320952,0.3230666603803635,2.5023327150975367,0.0017453691994105958,0.08678436279296875,0.98,0.254099184632046,0.254099184632046,0.37611464168353753
1772526965.2528298,2062,0.5121231079101562,1952.655493482309,14.348331284239844,3.142694042525316,0.6710813996494633,2.5023327150975367,0.0017453026203835265,0.08678436279296875,0.98,0.19623373538016392,0.19623373538016392,0.28223439223695057
1772526965.265779,2063,0.7643699645996094,1308.2669993761697,18.950692434074686,6.206627726479719,1.3992235614917392,2.5023327150975367,0.0017453317487078485,0.08678436279296875,0.98,0.16843048549876025,0.16843048549876025,0.23452119928634954
1772526965.2784734,2064,0.8134841918945312,1229.2801875732707,25.977026040702725,8.625587029202658,2.624614337844938,2.5023327150975367,0.0,0.08678436279296875,0.98,0.13601403438939685,0.13601403438939685,0.20019788444879183
1772526965.2909806,2065,0.8530616760253906,1172.2481833426496,33.821155770559365,10.464366941775866,4.65934309843964,2.5023327150975367,0.0034906718197941222,0.08678436279296875,0.98,0.11542134246431848,0.11542134246431848,0.17602294719700204
1772526965.3029199,2066,0.5381107330322266,1858.3535666814355,41.332404068429746,10.898847928564479,7.355310021864419,2.5023327150975367,0.0017453691994105958,0.08678436279296875,0.98,0.11587748459386071,0.11587748459386071,0.1750937921629277
1772526965.3158286,2067,0.7793903350830078,1283.0541449984705,47.772136638801854,8.611532863757503,11.855515628628233,2.5023327150975367,0.003490605240766942,0.08678436279296875,0.98,0.15940500427826018,0.15940500427826018,0.16871500398208933
1772526965.328604,2068,0.8838176727294922,1131.4550849743728,52.95498194065178,10.865716954063187,16.02258330626383,2.5023327150975367,0.0017453691994105958,0.08678436279296875,0.98,0.14736785334457075,0.14736785334457075,0.18516588452375327
1772526965.3410487,2069,0.8399486541748047,1190.548963951178,55.08483060241548,14.077397375104269,14.615002666345713,2.5023327150975367,0.0034906718197941222,0.08678436279296875,0.98,0.06873033766807257,0.06873033766807259,0.1557855707677548
1772526965.3529289,2070,0.4954338073730469,2018.4331087584217,52.65740308710554,10.795905195980223,10.433629892806618,2.5023327150975367,0.0034906718197941222,0.08678436279296875,0.98,0.1170346393580043,0.1170346393580043,0.14056498311412577
1772526965.365862,2071,0.7417201995849609,1348.2172934747668,46.58856450178366,9.385101549392152,6.2332876162132385,2.5023327150975367,0.0034906718197941222,0.08678436279296875,0.98,0.10953580704302134,0.10953580704302134,0.1343379404473003
1772526965.3789268,2072,0.9715557098388672,1029.277055214724,40.81976519222077,7.8626108355484625,4.143210825198202,2.5023327150975367,0.0034906718197941222,0.08678436279296875,0.98,0.06368471083838374,0.06368471083838374,0.10113701569038286
1772526965.3910623,2073,0.8234977722167969,1214.332368268674,36.63510017124044,5.582578161736817,2.9897628581979867,2.5023327150975367,0.0017453359098970611,0.08678436279296875,0.98,0.029461171273098302,0.029461171273098302,0.0638472774456079
1772526965.4028573,2074,0.47397613525390625,2109.810865191147,33.545615740253105,4.0018816895212455,2.3362008397344236,2.5023327150975367,0.0034906718197941222,0.08678436279296875,0.98,0.027576987432263445,0.027576987432263445,0.0444295530692654
1772526965.4154963,2075,0.6053447723388672,1651.9511618747538,30.972752487809306,3.1345053343317333,1.9001523260503417,2.5023327150975367,0.0034906718197941222,0.08678436279296875,0.98,0.034003120086396985,0.034003120086396985,0.04038481630719803
1772526965.429552,2076,1.5902519226074219,628.8311844077961,28.508295393561017,2.7955860623409534,1.4979913568936438,2.5023327150975367,0.005235974440177538,0.08678436279296875,0.98,0.041127242819369934,0.041127242819369934,0.03745509080681447
1772526965.4408877,2077,0.9329319000244141,1071.8895987733197,26.046679437426423,2.642503047560242,1.1559525876022745,2.5023327150975367,0.005235974440177538,0.08678436279296875,0.98,0.039275778141475995,0.039275778141475995,0.029185815259936507
1772526965.4536428,2078,1.0843276977539062,922.2304309586632,24.361947896837584,1.8735185115004183,0.9319459881328505,2.5023327150975367,0.003490605240766831,0.08678436279296875,0.98,0.04107284944554159,0.041072849445541584,0.02375363375389168
1772526965.4666853,2079,1.3768672943115234,726.2864069264069,22.571568978489616,1.945724428500493,0.7618972528718649,2.5023327150975367,0.0034906718197941222,0.08678436279296875,0.98,0.040691644183019605,0.040691644183019605,0.017800106921276097
1772526965.4791136,2080,1.255035400390625,796.790273556231,20.91551977023583,1.794809323995108,0.6376986042916164,2.5023327150975367,0.0034906718197941222,0.08678436279296875,0.98,0.03898446415424819,0.03898446415424819,0.0160777995190732
1772526965.4918444,2081,1.4159679412841797,706.230678565415,19.57907969902526,1.4868953034551184,0.5267874930822742,2.5023327150975367,0.0017453359098970611,0.08678436279296875,0.98,0.04057582177994083,0.04057582177994083,0.011975530728134964
1772526965.5030334,2082,0.5042552947998047,1983.1224586288415,18.302791108077994,1.4267335075004237,0.44204838040897615,2.5023327150975367,0.0034906718197941222,0.08678436279296875,0.98,0.03953373504366897,0.039533735043668944,0.0077622017740160715
1772526965.5165741,2083,1.2819766998291016,780.0453784638274,17.46851046500883,1.0636912342266809,0.38251516689536663,2.5023327150975367,0.005235974440177538,0.08678436279296875,0.98,0.04261760827751896,0.04261760827751896,0.011433053186312062
1772526965.5286849,2084,0.9310245513916016,1074.0855313700383,16.428269917918936,1.245512519439571,0.3245406537117274,2.5023327150975367,0.0034906718197941222,0.08678436279296875,0.98,0.04250744179600311,0.04250744179600309,0.012428408093529991
1772526965.5412347,2085,0.8065700531005859,1239.8179130948863,15.588427923437214,1.1023532490523138,0.2785462338283851,2.5023327150975367,0.005235974440177538,0.08678436279296875,0.98,0.04479272305189481,0.044792723051894814,0.014140421356279948
1772526965.5528076,2086,0.4782676696777344,2090.879361914257,14.673273313689432,1.1772303111969,0.24025465857582862,2.5023327150975367,0.0034906718197941222,0.02574920654296875,0.98,0.043694712002695486,0.0436947120026955,0.008726808191081835
1772526965.565883,2087,0.7183551788330078,1392.0690341851976,14.203221859473212,0.9152140097362724,0.21759766733217023,2.5023327150975367,0.005235974440177538,0.034809112548828125,0.98,0.04747962393532723,0.04747962393532725,0.010769248286203764
1772526965.5785646,2088,0.8387565612792969,1192.2410460488913,13.588554344663336,1.0155160674994677,0.1979752640808144,2.5023327150975367,0.005236041019204718,0.034809112548828125,0.98,0.04717961730719496,0.04717961730719496,0.010481201668475517
1772526965.5910704,2089,0.797271728515625,1254.2775119617224,13.068693394830744,0.9691752268453081,0.18555675860719245,2.5023327150975367,0.005235974440177538,0.034809112548828125,0.98,0.04751266356375769,0.047512663563757704,0.020055435399643724
1772526965.6029203,2090,0.5056858062744141,1977.5124941065535,12.597895171989132,0.9604577606564206,0.1780347269174349,2.5023327150975367,0.006981277060560953,0.034809112548828125,0.98,0.049017866085729375,0.049017866085729375,0.023491480211604437
1772526965.6159976,2091,0.7069110870361328,1414.6050590219224,12.427946206426837,0.9290922990471715,0.17882474191049091,2.5023327150975367,0.0017453691994107068,0.045299530029296875,0.98,0.05661908831115559,0.05661908831115559,0.01092380800232903
1772526965.6293402,2092,1.3053417205810547,766.0829223744292,12.2217945353466,0.9810101559536579,0.18502653055436513,2.5023327150975367,0.0034906718197941222,0.0476837158203125,0.98,0.055798779293226124,0.055798779293226124,0.011356095231473582
1772526965.6417093,2093,1.3184547424316406,758.4636528028933,12.03350737037369,0.9667430815015717,0.19486089172693358,2.5023327150975367,0.005235974440177538,0.0476837158203125,0.98,0.053164509246110166,0.053164509246110166,0.011107685527882745
1772526965.6533973,2094,0.8301734924316406,1204.5674899483056,11.98099550361895,0.9174639931314676,0.20795495232964833,2.5023327150975367,0.005235974440177538,0.0476837158203125,0.98,0.0519591585136018,0.0519591585136018,0.01497970631409717
1772526965.6665587,2095,1.2135505676269531,824.0282907662082,12.209398935658815,0.9269206107727906,0.22657115159079352,2.5023327150975367,0.0017453359098970611,0.05435943603515625,0.98,0.05788585476471289,0.05788585476471289,0.011944993427348127
1772526965.6789749,2096,1.1293888092041016,885.4346632890015,12.32548067747298,0.8503333210113785,0.24531634030784796,2.5023327150975367,0.0034906718197941222,0.05435943603515625,0.98,0.05510027406628009,0.05510027406628009,0.010911953792356377
1772526965.6909914,2097,0.8211135864257812,1217.8583042973287,12.486153535932429,0.8199627313338235,0.26648627616174875,2.5023327150975367,0.0034906718197940667,0.05435943603515625,0.98,0.05392401795740479,0.05392401795740478,0.017976596780276796
1772526965.7029455,2098,0.5204677581787109,1921.3486028401283,12.719526546246223,0.7825951648560785,0.28296421924374493,2.5023327150975367,0.0034906718197941222,0.05435943603515625,0.98,0.04951654756708141,0.04951654756708141,0.02117596214708405
1772526965.7158542,2099,0.7290840148925781,1371.5840418574232,13.06037656649039,0.7398280745185495,0.2963570145311626,2.5023327150975367,0.0034906385302804765,0.05435943603515625,0.98,0.046428632521842254,0.046428632521842254,0.03361273159250638
1772526965.7284827,2100,0.8442401885986328,1184.4970347359504,13.193278410433768,0.5329990307430891,0.30235932064317483,2.5023327150975367,0.0017453359098970611,0.05435943603515625,0.98,0.03631681832185115,0.03631681832185115,0.03107188544481652
1772526965.7409785,2101,0.7669925689697266,1303.7935965184954,13.285284172072405,0.4012391106418099,0.30466869885802966,2.5023327150975367,0.0017453359098970611,0.05435943603515625,0.98,0.028185662575126526,0.028185662575126526,0.029680857226285676
1772526965.7529554,2102,0.52642822265625,1899.5942028985507,13.259664470682118,0.27135198120764836,0.30354356107079633,2.5023327150975367,0.0017453359098970611,0.05435943603515625,0.98,0.020186826670680592,0.020186826670680603,0.021761341434407194
1772526965.765803,2103,0.7116794586181641,1405.1269681742044,13.362095069114769,0.20962090033030117,0.30233038537165213,2.5023327150975367,0.0,0.05435943603515625,0.98,0.016600327641192725,0.016600327641192725,0.019038120379446435
1772526965.778329,2104,0.7071495056152344,1414.1281186783547,13.299410367438663,0.11712233544595164,0.30039358695914237,2.5023327150975367,0.0,0.05435943603515625,0.98,0.01327923378046451,0.01327923378046451,0.015888422250080622
1772526965.790938,2105,0.7658004760742188,1305.8231631382316,13.252356634137357,0.08589467488281434,0.2982347885225397,2.5023327150975367,0.0017453691994107068,0.05435943603515625,0.98,0.011526923562447397,0.011526923562447397,0.011912374763173774
1772526965.8028672,2106,0.45371055603027344,2204.048344718865,13.166982449641667,0.1058843590391594,0.3003211236484249,2.5023327150975367,0.0017453026203834154,0.05435943603515625,0.98,0.010535407208108766,0.010535407208108766,0.013768616789642084
1772526965.8158507,2107,0.6866455078125,1456.3555555555556,13.27678857483923,0.12310652893683419,0.3055463523646341,2.5023327150975367,0.0017453026203834154,0.05435943603515625,0.98,0.011538742112527544,0.011538742112527544,0.014455817750294024
1772526965.8286986,2108,0.8461475372314453,1181.8269935193011,13.29650020684295,0.04764689915342458,0.31318868670104727,2.5023327150975367,0.0017453691994107068,0.05435943603515625,0.98,0.013220902721917163,0.013220902721917163,0.013375668356088286
1772526965.8410943,2109,0.7929801940917969,1261.065544197234,13.309749251359229,0.0880258562267603,0.32229729597490236,2.5023327150975367,0.0017453026203834154,0.05435943603515625,0.98,0.015110647516425367,0.01511064751642534,0.011610685391008598
1772526965.8529313,2110,0.49114227294921875,2036.0699029126213,13.37096816633256,0.15552259499496623,0.33215707351970747,2.5023327150975367,0.0034906718197941222,0.05435943603515625,0.98,0.01656421610821934,0.01656421610821934,0.016661632218981898
1772526965.8664424,2111,1.1730194091796875,852.5008130081301,13.686112463207426,0.3670259167281063,0.34672637488222624,2.5023327150975367,0.0017453359098970611,0.057220458984375,0.98,0.022162784547890165,0.022162784547890165,0.010770964795276214
1772526965.8784738,2112,0.7982254028320312,1252.778972520908,13.729796443547839,0.19777987444570747,0.3536209427558399,2.5023327150975367,0.0069813436395882444,0.057220458984375,0.98,0.018878865803130043,0.018878865803130043,0.029366440284522337
1772526965.890952,2113,0.7750988006591797,1290.1581051984006,13.91829592223867,0.29987162025676134,0.37767067877576366,2.5023327150975367,0.003490605240766831,0.057220458984375,0.98,0.027890505550749452,0.027890505550749446,0.01645333774280094
1772526965.902889,2114,0.4630088806152344,2159.7857878475797,14.120151802290527,0.3489886365768795,0.40030747073704304,2.5023327150975367,0.0034906718197941222,0.057220458984375,0.98,0.031764690971239525,0.031764690971239525,0.007933135099579307
1772526965.9157102,2115,0.6480216979980469,1543.158204562178,14.483995714577858,0.48221808768174407,0.4177863896794145,2.5023327150975367,0.0034906718197941222,0.057220458984375,0.98,0.0331571654058942,0.0331571654058942,0.008569280900671649
1772526965.9286275,2116,0.8225440979003906,1215.7402898550724,14.715604496279708,0.3804352503488697,0.43432163497763954,2.5023327150975367,0.005235974440177538,0.057220458984375,0.98,0.03215882435401788,0.03215882435401788,0.01710269183828799
1772526965.9410691,2117,0.8361339569091797,1195.9806102081552,14.88012488889539,0.3454970999642066,0.4615638328141199,2.5023327150975367,0.005236007729691183,0.057220458984375,0.98,0.03655562545205917,0.03655562545205917,0.014180577543232088
1772526965.9529593,2118,0.5271434783935547,1897.0167345092718,15.13320359619477,0.4176848855078426,0.49004366416481693,2.5023327150975367,0.005235974440177538,0.057220458984375,0.98,0.03958943009183948,0.03958943009183948,0.011205279327255166
1772526965.9657626,2119,0.7176399230957031,1393.4564784053157,15.560949486928868,0.542451523792949,0.5085244978809914,2.5023327150975367,0.005236041019204718,0.057220458984375,0.98,0.03850187799062628,0.03850187799062628,0.008842097827138046
1772526965.9786339,2120,0.8537769317626953,1171.266126780229,15.829731301222795,0.4037969018462127,0.5342788242381948,2.5023327150975367,0.005235974440177538,0.057220458984375,0.98,0.04056747066109366,0.04056747066109366,0.01694247412975146
1772526965.9910817,2121,0.7927417755126953,1261.4448120300751,16.037479859237624,0.36833191474935556,0.5684008371060852,2.5023327150975367,0.0034906718197941222,0.057220458984375,0.98,0.04532978364755031,0.04532978364755031,0.010878015272478711
1772526966.0029426,2122,0.5216598510742188,1916.9579524680073,16.29578782101741,0.40740230410625894,0.5908638173551998,2.5023327150975367,0.0034906718197941222,0.057220458984375,0.98,0.04104506779860211,0.04104506779860211,0.009302483372654883
1772526966.0157778,2123,0.6988048553466797,1431.0146707608326,16.730807765134905,0.5259175444255177,0.6118430584334895,2.5023327150975367,0.005236041019204829,0.057220458984375,0.98,0.04099621866482292,0.04099621866482292,0.007986977916575724
1772526966.0285306,2124,0.8521080017089844,1173.5601566871853,16.93806118343046,0.3316051374071149,0.6392881149229541,2.5023327150975367,0.0034906385302804765,0.057220458984375,0.98,0.042427703058456265,0.042427703058456265,0.01424216455061299
1772526966.0410235,2125,0.7817745208740234,1279.1412015858493,17.12742141659321,0.3069152154879022,0.6567213464612881,2.5023327150975367,0.0034906718197941222,0.057220458984375,0.98,0.03760920991154116,0.03760920991154117,0.010544813157453937
1772526966.0528908,2126,0.5071163177490234,1971.9341795956746,17.27397112779339,0.2657063907721456,0.6737510398882479,2.5023327150975367,0.0034906718197941222,0.057220458984375,0.98,0.03318817379486916,0.03318817379486916,0.006116428978983139
1772526966.0665681,2127,1.2059211730957031,829.2415974693555,17.647083870027426,0.4222862041337947,0.6931104278284442,2.5023327150975367,0.0034906718197941222,0.057220458984375,0.98,0.03600191835085563,0.03600191835085563,0.008227891409610086
1772526966.0793006,2128,1.2836456298828125,779.0312035661218,17.67640881495257,0.1809932628712722,0.7177684438270763,2.5023327150975367,0.0034906718197941222,0.05793571472167969,0.98,0.03708923727790907,0.03708923727790907,0.007066716015581596
1772526966.0917754,2129,1.299142837524414,769.7383006056157,17.850944738482802,0.26372303621052723,0.7418263877384149,2.5023327150975367,0.003490605240766831,0.05793571472167969,0.98,0.03818956661468153,0.03818956661468153,0.006692181819712469
1772526966.1034708,2130,0.9174346923828125,1089.995841995842,18.06798070029435,0.30346048995370317,0.7617989888608616,2.5023327150975367,0.005236041019204829,0.05793571472167969,0.98,0.035472371176618715,0.035472371176618715,0.025792941742068885
1772526966.116642,2131,1.3022422790527344,767.9062614426949,18.518334615321212,0.5025642801705638,0.7974813765219122,2.5023327150975367,0.0034906385302804765,0.06031990051269531,0.98,0.04854835462033654,0.04854835462033654,0.014389053898597837
1772526966.1290843,2132,1.2714862823486328,786.481155072192,18.622883015981728,0.2532036877022142,0.8172881098863493,2.5023327150975367,0.0034906718197941222,0.06031990051269531,0.98,0.04187592073440305,0.04187592073440305,0.007026296277875241
1772526966.1416998,2133,1.2156963348388672,822.5738380074524,18.85242136963112,0.3321201061693923,0.8434371556684308,2.5023327150975367,0.0034906718197941222,0.06031990051269531,0.98,0.04456356761629742,0.04456356761629742,0.00909882506028531
1772526966.1535435,2134,0.9293556213378906,1076.0143663417136,18.983821617779515,0.27598128513733544,0.8637149198360037,2.5023327150975367,0.005235986923745148,0.06031990051269531,0.98,0.03963751635177059,0.03963751635177059,0.02733790846277124
1772526966.16665,2135,1.2753009796142578,784.1286221723686,19.38477228094249,0.47923640490338243,0.9002470400344368,2.5023327150975367,0.0017453359098970611,0.06031990051269531,0.98,0.05369241583890322,0.05369241583890322,0.013586674098685298
1772526966.1789837,2136,1.2059211730957031,829.2415974693555,19.490254478665943,0.30851857137248534,0.9219525164188951,2.5023327150975367,0.0017453359098970611,0.06031990051269531,0.98,0.046723157368805335,0.046723157368805335,0.011188402300855674
1772526966.1917703,2137,1.2691020965576172,787.9586699229758,19.744627205398086,0.3910499509553015,0.9414073823902619,2.5023327150975367,0.0034906718197941222,0.06031990051269531,0.98,0.04396299887276019,0.043962998872760194,0.00566926614261331
1772526966.2035165,2138,0.9145736694335938,1093.405630865485,19.83857082353,0.31853863816874034,0.966956963160733,2.5023327150975367,0.0017453691994105958,0.06031990051269531,0.98,0.04308040033133869,0.04308040033133869,0.004226643065439369
1772526966.2165632,2139,1.2445449829101562,803.5065134099617,20.212330555663065,0.4934731858215559,0.9897800954376359,2.5023327150975367,0.0017453359098970611,0.06031990051269531,0.98,0.04556775100437514,0.04556775100437514,0.011811313884895494
1772526966.2290666,2140,1.2989044189453125,769.8795888399412,20.271940794698917,0.34322955401669436,1.008903434989449,2.5023327150975367,0.003490671819794011,0.06031990051269531,0.98,0.03985840376239219,0.03985840376239219,0.00586785027431704
1772526966.241715,2141,1.2469291687011719,801.97017208413,20.467997942150497,0.4111314252626436,1.033575897955754,2.5023327150975367,0.0017453026203835265,0.06031990051269531,0.98,0.04279218795245331,0.04279218795245331,0.013688270692195552
1772526966.2534893,2142,0.9226799011230469,1083.7994832041343,20.551807410795053,0.39214181970165235,1.0511618688155842,2.5023327150975367,0.0017453691994105958,0.06031990051269531,0.98,0.03532136540791492,0.03532136540791492,0.016047743589677026
1772526966.2666717,2143,1.3554096221923828,737.7843447669305,20.881385942345293,0.4942377051932657,1.0634736611807132,2.5023327150975367,0.003490605240766942,0.06031990051269531,0.98,0.03126188336195135,0.031261883361951355,0.0063935128353690505
1772526966.2785912,2144,0.8068084716796875,1239.451536643026,20.865262759531586,0.35055362748674174,1.079621423149312,2.5023327150975367,0.0017453691994105958,0.06031990051269531,0.98,0.028503177766223315,0.028503177766223315,0.009168896269116864
1772526966.291852,2145,1.3127326965332031,761.7697057755177,21.018589747785306,0.36921074858098973,1.092448336148742,2.5023327150975367,0.0017453359098970611,0.06031990051269531,0.98,0.026403244208206108,0.026403244208206108,0.012860570790055046
1772526966.3035626,2146,0.9667873382568359,1034.353637484587,21.004142029442757,0.31245124499005156,1.1015058713389216,2.5023327150975367,0.0017453359098970611,0.06031990051269531,0.98,0.02026620360051843,0.020266203600518427,0.005535457613929851
1772526966.3163757,2147,1.1644363403320312,858.7846027846028,21.297480428099593,0.4094015680990924,1.1122001210297603,2.5023327150975367,0.0017453691994105958,0.06031990051269531,0.98,0.020314036512111607,0.020314036512111607,0.00503538054416276
1772526966.329055,2148,1.192331314086914,838.6930613877224,21.30263022795879,0.2856943924487192,1.1236632912861417,2.5023327150975367,0.0,0.06031990051269531,0.98,0.019729573983552334,0.019729573983552334,0.011978698899613793
1772526966.3416767,2149,1.24359130859375,804.1226993865031,21.29850660808217,0.2739366216941929,1.1292571277341987,2.5023327150975367,0.0017453359098970611,0.06031990051269531,0.98,0.01575170924388956,0.01575170924388956,0.004748232056267222
1772526966.3533769,2150,0.8325576782226562,1201.1179839633448,21.352165843074005,0.26425958520356435,1.1396775021416952,2.5023327150975367,0.0017453026203834154,0.06031990051269531,0.98,0.015442744388905298,0.015442744388905298,0.005390565759494697
1772526966.3664675,2151,1.1811256408691406,846.6499798142914,21.611177343599053,0.37356965066370496,1.151394227179436,2.5023327150975367,0.0,0.06031990051269531,0.98,0.017626799644452712,0.017626799644452712,0.00901870937512677
1772526966.3788683,2152,1.1415481567382812,876.0033416875522,21.54265770457848,0.29197747761176496,1.1580569012710977,2.5023327150975367,0.0017453026203835265,0.06031990051269531,0.98,0.014700537138250869,0.014700537138250869,0.005004856806596716
1772526966.3917208,2153,0.8966922760009766,1115.209784631747,21.630161623942506,0.29831870353543694,1.1675175278924594,2.5023327150975367,0.0017453359098970611,0.06031990051269531,0.98,0.01577936213476376,0.01577936213476376,0.0069862668726340515
1772526966.4029107,2154,0.47588348388671875,2101.3547094188375,21.50740254521674,0.3313525337487681,1.1822640004145115,2.5023327150975367,0.0017453691994105958,0.06031990051269531,0.98,0.0156541630415015,0.01565416304150151,0.004828698292688467
1772526966.4165113,2155,1.1754035949707031,850.7716024340771,22.011269330966535,0.603979381335748,1.1937301610381792,2.5023327150975367,0.0017453359098970611,0.06031990051269531,0.98,0.018032701007227953,0.018032701007227953,0.013703186595285065
1772526966.4289856,2156,1.2028217315673828,831.3783944499504,21.852045193026786,0.36777295373226826,1.1969907957043093,2.5023327150975367,0.0017453026203834154,0.06031990051269531,0.98,0.01317917797943575,0.01317917797943575,0.005167717271455165
1772526966.4418888,2157,1.2385845184326172,807.3732435033686,21.911193639471474,0.2973256462801731,1.2050527785135379,2.5023327150975367,0.0017453691994107068,0.06031990051269531,0.98,0.013727961773159207,0.013727961773159207,0.010365658423431958
1772526966.45337,2158,0.8018016815185547,1247.19119833482,21.875307271978624,0.30569723909693625,1.222325087544274,2.5023327150975367,0.0017453026203834154,0.06031990051269531,0.98,0.015811408107545954,0.01581140810754595,0.009249225140533213
1772526966.4666116,2159,1.237630844116211,807.9953766133693,22.22754163656896,0.47565458381778564,1.2279370616857737,2.5023327150975367,0.0017453026203834154,0.06031990051269531,0.98,0.014750453568732027,0.014750453568732029,0.0051780860181181824
1772526966.4785671,2160,0.7662773132324219,1305.0105787181083,22.127722899097694,0.3419403068908966,1.2390867899333176,2.5023327150975367,0.0017453359098970611,0.06031990051269531,0.98,0.014434482801406018,0.014434482801406051,0.012002350112302048
1772526966.4919276,2161,1.2357234954833984,809.2425236349604,22.26632224826382,0.4055262423294382,1.2626201032486004,2.5023327150975367,0.0017453691994107068,0.06031990051269531,0.98,0.0197022846191542,0.0197022846191542,0.006096621296192013
1772526966.5034034,2162,0.8609294891357422,1161.5353087787316,22.264626086673285,0.4922524371784905,1.2872829131657009,2.5023327150975367,0.001745319265140266,0.06031990051269531,0.98,0.019583058468664632,0.019583058468664632,0.004799540016118118
1772526966.5165174,2163,1.130819320678711,884.314568838288,22.729624289625843,0.7437915593787947,1.3108147157693792,2.5023327150975367,0.0017453359098970611,0.06031990051269531,0.98,0.022300449951397152,0.022300449951397152,0.005690774096206258
1772526966.528871,2164,1.1246204376220703,889.188891244435,22.710516174763644,0.6490345311879238,1.3365396926081548,2.5023327150975367,0.0017453691994107068,0.06031990051269531,0.98,0.020641236964467898,0.0206412369644679,0.005401147953121728
1772526966.5422008,2165,1.3425350189208984,744.8595276149885,22.917184066116913,0.7098464540927543,1.362415784653298,2.5023327150975367,0.0017453359098970611,0.06031990051269531,0.98,0.021602893772269028,0.02160289377226903,0.004700406155825569
1772526966.5533652,2166,0.8037090301513672,1244.2313853455948,22.920056973835045,0.7123841170391683,1.396618659805936,2.5023327150975367,0.0017453026203834154,0.06031990051269531,0.98,0.019483982202146168,0.019483982202146168,0.004757893497077695
1772526966.5665004,2167,1.196146011352539,836.0183376519833,23.522963149928202,0.9678072307630428,1.4352084705313897,2.5023327150975367,0.0017453359098970611,0.06031990051269531,0.98,0.022866864978058687,0.022866864978058687,0.005380250066427184
1772526966.5790708,2168,1.2314319610595703,812.0627299128752,23.617563655791763,0.9003120029634437,1.4898676779979692,2.5023327150975367,0.0017453359098970611,0.06031990051269531,0.98,0.02433167276980171,0.024331672769801707,0.004238634401818572
1772526966.5918288,2169,1.1947154998779297,837.0193574136899,23.89984332735687,1.1072288415230138,1.5487107085701264,2.5023327150975367,0.0017453359098970611,0.06031990051269531,0.98,0.025371703466045604,0.025371703466045604,0.014492264658712443
1772526966.603442,2170,0.8296966552734375,1205.2597701149425,24.16419957981884,1.149165382999394,1.57668149854969,2.5023327150975367,0.0017453359098970611,0.06031990051269531,0.98,0.01920015269364305,0.019200152693643044,0.007303672880731551
1772526966.6165125,2171,1.1866092681884766,842.7373920032148,24.70079393861769,1.2622446820656923,1.6492195108689602,2.5023327150975367,0.0,0.06031990051269531,0.98,0.023867241801691506,0.023867241801691502,0.010687678584689917
1772526966.6286714,2172,1.0018348693847656,998.1684911946692,24.865418436628,1.2236322847523287,1.691360433567912,2.5023327150975367,0.0,0.06031990051269531,0.98,0.020132708422209957,0.020132708422209957,0.013552267171804081
1772526966.6414435,2173,1.110076904296875,900.8384879725086,25.13275311427538,1.142343935892387,1.7077654637444892,2.5023327150975367,0.0,0.06031990051269531,0.98,0.01734141682932591,0.01734141682932591,0.012287603741841194
1772526966.6530747,2174,0.5035400390625,1985.939393939394,25.18525162899602,0.9021040534707975,1.7144229781823792,2.5023327150975367,0.0017453691994107068,0.06031990051269531,0.98,0.014422436142013806,0.014422436142013806,0.00596214269358516
1772526966.6660385,2175,0.7503032684326172,1332.7944073721005,25.3902114177167,0.7923543674631085,1.749712522485747,2.5023327150975367,0.0017453359098970056,0.06031990051269531,0.98,0.016045333611369873,0.016045333611369873,0.007818430077544288
1772526966.6786866,2176,0.8695125579833984,1150.0696462846174,25.475802254449004,0.8737553472735043,1.8180801197258287,2.5023327150975367,0.0017453359098970611,0.06031990051269531,0.98,0.01819609520393822,0.01819609520393822,0.013042967356248901
1772526966.6910229,2177,0.8091926574707031,1235.799646434885,25.930859962195214,1.3750093938905852,1.946367574044992,2.5023327150975367,0.0017453691994107068,0.06031990051269531,0.98,0.023119691993120133,0.02311969199312011,0.007926674819957012
1772526966.7029157,2178,0.46515464782714844,2149.822655048693,26.702069104509516,2.1133833347615107,2.103338139452433,2.5023327150975367,0.0017453359098970611,0.06031990051269531,0.98,0.02613988030668701,0.02613988030668701,0.006506180260810973
1772526966.7157316,2179,0.6656646728515625,1502.2578796561604,27.620543703359562,2.889935825930571,2.3038529013986144,2.5023327150975367,0.0017453359098970611,0.06031990051269531,0.98,0.030075881458012987,0.030075881458012987,0.017663640154145625
1772526966.7285264,2180,0.7867813110351562,1271.0012121212121,28.235143451050877,3.122935210495269,2.3745976383014256,2.5023327150975367,0.0,0.06031990051269531,0.98,0.023967719471449576,0.023967719471449572,0.017119845092916895
1772526966.7414088,2181,0.8687973022460938,1151.0164654226126,28.498283470412616,2.6547942083874516,2.387345552877256,2.5023327150975367,0.0017453359098970611,0.06031990051269531,0.98,0.019887903716929334,0.019887903716929334,0.012029332210592564
1772526966.753057,2182,0.4794597625732422,2085.680755842864,28.632434308200477,1.9959572614548922,2.398467905139779,2.5023327150975367,0.0017453691994107068,0.06031990051269531,0.98,0.01730344677651129,0.01730344677651129,0.007259555354608385
1772526966.7660413,2183,0.7824897766113281,1277.971968312005,28.901310467406244,1.7127273765537385,2.4974992319559663,2.5023327150975367,0.0034906718197941222,0.06031990051269531,0.98,0.02012816330592658,0.02012816330592658,0.006228685834371212
1772526966.77873,2184,0.8442401885986328,1184.4970347359504,29.100386781245515,1.945660597472858,2.628447216046863,2.5023327150975367,0.0017453359098970611,0.06031990051269531,0.98,0.021573665536019866,0.021573665536019866,0.008930178240609698
1772526966.7913465,2185,0.9443759918212891,1058.9002777076496,29.53988981955008,2.2437356900916354,2.6999318679776656,2.5023327150975367,0.0034906718197941222,0.06031990051269531,0.98,0.020314051044392475,0.020314051044392475,0.0045967041304045015
1772526966.8029408,2186,0.469207763671875,2131.2520325203254,30.118398830305214,2.519814903660991,2.8251790616153536,2.5023327150975367,0.0017453359098970611,0.06031990051269531,0.98,0.02038721564727321,0.02038721564727321,0.006533851184821258
1772526966.816295,2187,0.8809566497802734,1135.1296346414074,30.467277007946272,2.6670264812663995,2.89680273635753,2.5023327150975367,0.0017453691994107068,0.06031990051269531,0.98,0.021277871850116318,0.02127787185011631,0.00302610282943851
1772526966.8292842,2188,1.3628005981445312,733.7830650804758,30.583362862388988,2.9575854838048854,2.9788221358336706,2.5023327150975367,0.003490605240766831,0.09751319885253906,0.98,0.020214758221421093,0.020214758221421096,0.003519957171033205
1772526966.8417273,2189,1.2004375457763672,833.0295928500497,30.94660020819445,3.402953785708128,3.0170020870885215,2.5023327150975367,0.0017453691994107068,0.09751319885253906,0.98,0.01989590332398178,0.01989590332398178,0.0037337997570127267
1772526966.8532908,2190,0.8742809295654297,1143.797109353695,31.303895153278894,3.7768305332963537,3.0095939310610675,2.5023327150975367,0.0034906718197941222,0.09751319885253906,0.98,0.018389872894991017,0.018389872894991017,0.003465405855390956
1772526966.8664732,2191,1.2180805206298828,820.9637893912703,31.30287308009805,3.8776012192644713,2.966181598309921,2.5023327150975367,0.0034906718197941222,0.09751319885253906,0.98,0.020353803656862797,0.020353803656862797,0.00993931744758944
1772526966.8800886,2192,1.772165298461914,564.2814475985471,30.622228372536156,4.20341670493132,2.827612373084059,2.5023327150975367,0.0017453359098970611,0.09775161743164062,0.98,0.02278277564023022,0.02278277564023022,0.005998095487997702
1772526966.8921392,2193,1.2776851654052734,782.6654226534802,30.215547868481572,4.224533601584391,2.688698104071387,2.5023327150975367,0.0017453359098970611,0.09775161743164062,0.98,0.022246548524671745,0.022246548524671745,0.005987875690971541
1772526966.9034913,2194,0.9186267852783203,1088.5813651699973,30.11777418211334,3.6614694023160506,2.575987292427634,2.5023327150975367,0.0034906718197941222,0.09775161743164062,0.98,0.0202350774314834,0.0202350774314834,0.005987623277911614
1772526966.916402,2195,1.1830329895019531,845.2849657396212,29.686912080757153,3.110690060711963,2.433625323783019,2.5023327150975367,0.0,0.09775161743164062,0.98,0.023769349330875683,0.023769349330875683,0.008185496713495737
1772526966.9289632,2196,1.1599063873291016,862.1385405960946,28.803166237171347,2.7627984664037424,2.346880898520904,2.5023327150975367,0.0034906718197941222,0.09775161743164062,0.98,0.021355203005987478,0.021355203005987478,0.007925848828312296
1772526966.941974,2197,1.2557506561279297,796.3364344028859,28.109021985173353,2.340594550860029,2.1895197423362958,2.5023327150975367,0.0,0.09775161743164062,0.98,0.024991691857992257,0.024991691857992264,0.00888438476218578
1772526966.9533489,2198,0.8082389831542969,1237.2578171091445,27.619617192935593,2.0058109971480707,2.1151561742301754,2.5023327150975367,0.0017453026203834154,0.09775161743164062,0.98,0.01999728547470602,0.01999728547470602,0.005091896494590581
1772526966.9667366,2199,1.1777877807617188,849.0493927125506,27.436554047743204,1.59037236478907,2.0578093788432468,2.5023327150975367,0.0017453691994107068,0.09775161743164062,0.98,0.020756429919694605,0.020756429919694605,0.003129034164097808
1772526966.9792352,2200,1.2407302856445312,805.9769408147579,26.78156498902283,1.4820731412827808,1.9663010447382907,2.5023327150975367,0.0034906718197940667,0.09775161743164062,0.98,0.020333094847079576,0.020333094847079576,0.007984637767301059
1772526966.9921048,2201,1.325368881225586,754.5069257060622,26.506164723931118,1.170867595634377,1.9266703873982767,2.5023327150975367,0.0017453691994105958,0.09775161743164062,0.98,0.01845938728500928,0.018459387285009274,0.00564998532752373
1772526967.0031295,2202,0.5879402160644531,1700.853203568532,26.189143785500562,1.042872997635815,1.8452416980062485,2.5023327150975367,0.0034906385302804765,0.09775161743164062,0.98,0.018042600220252062,0.018042600220252062,0.006300254991717773
1772526967.0160763,2203,0.7679462432861328,1302.174479975163,26.15968933262673,0.8795985198144592,1.8080034889036738,2.5023327150975367,0.0017453359098970611,0.09775161743164062,0.98,0.017758599849425013,0.017758599849425013,0.007099845788578707
1772526967.028915,2204,0.8335113525390625,1199.7437070938215,25.66091986361799,0.8976700710242097,1.780458985902377,2.5023327150975367,0.0017453359098970611,0.09775161743164062,0.98,0.015826401035573166,0.015826401035573166,0.006432970017056127
1772526967.0416057,2205,0.8704662322998047,1148.8096411941933,25.37883065744004,0.6634372407848877,1.7572756733744457,2.5023327150975367,0.0034906718197941222,0.09775161743164062,0.98,0.014383036193499416,0.014383036193499439,0.006600804463013713
1772526967.0530744,2206,0.5207061767578125,1920.4688644688645,25.333959663381474,0.48355601712727975,1.739259576728001,2.5023327150975367,0.0017453359098970611,0.09775161743164062,0.98,0.012418145824417621,0.012418145824417621,0.010751422393336353
1772526967.0660906,2207,0.7643699645996094,1308.2669993761697,25.524369340513992,0.39019219688420403,1.7473743364539884,2.5023327150975367,0.0017453359098970611,0.09775161743164062,0.98,0.012277022695856609,0.012277022695856609,0.008682220604257303
1772526967.0789127,2208,0.7913112640380859,1263.725218439289,25.27603563622041,0.3311407296427126,1.7550921678411573,2.5023327150975367,0.0017453359098970611,0.09775161743164062,0.98,0.01187264785434747,0.01187264785434747,0.008477554033565843
1772526967.091469,2209,0.8494853973388672,1177.1832725231548,25.18640622820726,0.1831933771531058,1.7444199416398967,2.5023327150975367,0.0,0.09775161743164062,0.98,0.010948601167150632,0.010948601167150632,0.008045155148974166
1772526967.1030521,2210,0.5037784576416016,1984.9995267392333,25.286138165283052,0.18884868068768904,1.7382388890086122,2.5023327150975367,0.0017453359098970611,0.09775161743164062,0.98,0.009942797673294914,0.009942797673294914,0.008595946036593818
1772526967.1161842,2211,0.7655620574951172,1306.2298349423857,25.443236251168678,0.19410627608650977,1.7428850067130033,2.5023327150975367,0.0017453317487078554,0.09775161743164062,0.98,0.010328531418803459,0.010328531418803476,0.008800397968569932
1772526967.1289725,2212,0.8366107940673828,1195.298945568538,25.20109002683392,0.2584023413173016,1.7517447985754406,2.5023327150975367,0.0017453359098970611,0.09775161743164062,0.98,0.009875159562707776,0.009875159562707783,0.00896044875748804
1772526967.1415741,2213,0.8738040924072266,1144.4212824010915,25.150430209732335,0.08280983960444085,1.7379884519327775,2.5023327150975367,0.0017453359098970611,0.09775161743164062,0.98,0.009089993148469158,0.00908999314846916,0.007949799294977298
1772526967.153008,2214,0.5495548248291016,1819.6546637744034,25.241470398575547,0.14207985830474038,1.7366439774272862,2.5023327150975367,0.0017453691994105958,0.09775161743164062,0.98,0.0080670609052392,0.0080670609052392,0.008596702828664092
1772526967.1661344,2215,0.78582763671875,1272.5436893203882,25.432368633724746,0.21034943431453498,1.7158198926709987,2.5023327150975367,0.0,0.09775161743164062,0.98,0.008838067132123602,0.008838067132123602,0.0069613932300209595
1772526967.178914,2216,0.8347034454345703,1198.030277063696,25.06187559817967,0.3951605510212698,1.704099508772518,2.5023327150975367,0.001745319265140266,0.09775161743164062,0.98,0.008420251102830867,0.008420251102830867,0.007051494350062511
1772526967.1916056,2217,0.8842945098876953,1130.8449716904827,24.93238643239441,0.1752757970335974,1.699382787328473,2.5023327150975367,0.0,0.09775161743164062,0.98,0.00784502057404141,0.007845020574041416,0.007059301509290791
1772526967.2030828,2218,0.5230903625488281,1911.7155879671832,24.984167803248134,0.13061657946153712,1.6989979693056145,2.5023327150975367,0.0017453359098970611,0.09775161743164062,0.98,0.0068236673155431405,0.0068236673155431275,0.007568579882848654
1772526967.2161682,2219,0.7395744323730469,1352.1289490651193,25.20658723689322,0.23493990760948646,1.681738061557306,2.5023327150975367,0.0017453359098970611,0.09775161743164062,0.98,0.007707787096721793,0.007707787096721793,0.01199168930911354
1772526967.2289236,2220,0.8218288421630859,1216.7983753988976,24.81983248718363,0.41447993716832066,1.6349804577204954,2.5023327150975367,0.0017453359098970611,0.09775161743164062,0.98,0.010622200549397814,0.010622200549397814,0.017183004747547095
1772526967.241558,2221,0.8680820465087891,1151.9648448228509,24.49716868639147,0.43351291007806736,1.558947216497267,2.5023327150975367,0.0017453359098970611,0.09775161743164062,0.98,0.017488588714449426,0.017488588714449426,0.0051957152955942575
1772526967.253083,2222,0.5099773406982422,1960.871435250117,24.217261789182913,0.5201690020590874,1.501684522623676,2.5023327150975367,0.0034906718197941222,0.09775161743164062,0.98,0.0181667885752889,0.0181667885752889,0.018450265066184253
1772526967.2663386,2223,0.8246898651123047,1212.5770453888408,24.059006258944482,0.5782174731846522,1.4166491158116974,2.5023327150975367,0.0017453691994105958,0.09775161743164062,0.98,0.0288610557286952,0.0288610557286952,0.005414643292992573
1772526967.2798293,2224,1.226663589477539,815.219436345967,23.376753630518465,0.9322333231386465,1.3669938601671607,2.5023327150975367,0.0034906718197941222,0.09775161743164062,0.98,0.026953511618111464,0.026953511618111464,0.003268169487069222
1772526967.292129,2225,1.3077259063720703,764.6862351868733,22.866617279334868,0.7828182987735717,1.3182663869071358,2.5023327150975367,0.003490605240766831,0.09775161743164062,0.98,0.024681670808194445,0.024681670808194445,0.005945846100754758
1772526967.303404,2226,0.8144378662109375,1227.84074941452,22.780840981554284,0.5485732887366739,1.270204802618376,2.5023327150975367,0.0017453691994107068,0.09775161743164062,0.98,0.025700119649671362,0.025700119649671362,0.013378508595888993
1772526967.3169029,2227,1.3234615325927734,755.5943073320122,22.805071637441547,0.4645292963995304,1.2489159400197918,2.5023327150975367,0.0017453359098970056,0.09775161743164062,0.98,0.023161953311702,0.023161953311702,0.021299917802690457
1772526967.329133,2228,1.1742115020751953,851.6353299492386,22.299675591417074,0.6210103120645891,1.2426608204554306,2.5023327150975367,0.0017453359098970611,0.09775161743164062,0.98,0.013078433115649912,0.01307843311564991,0.009582838546602421
1772526967.342041,2229,1.2271404266357422,814.9026617447057,22.251086760741373,0.25462371905356473,1.235611156190429,2.5023327150975367,0.0034906718197941222,0.09775161743164062,0.98,0.010129058331388255,0.010129058331388255,0.006075498704960237
1772526967.35295,2230,0.4508495330810547,2218.034902168165,22.044364100628787,0.2905312860617508,1.2157941120776334,2.5023327150975367,0.0034906385302804765,0.09775161743164062,0.98,0.011051336506306486,0.011051336506306486,0.004664293576664828
1772526967.3662417,2231,0.7936954498291016,1259.9291078401923,22.309915219863274,0.322701667299223,1.1983111130363067,2.5023327150975367,0.0017453691994107068,0.09775161743164062,0.98,0.014110592687184051,0.014110592687184051,0.011507927763527112
1772526967.378856,2232,0.7874965667724609,1269.8468059339993,21.898297737248082,0.4660132143691133,1.1685719534021697,2.5023327150975367,0.0017453359098970611,0.09775161743164062,0.98,0.018490253256682437,0.018490253256682437,0.004030844325566261
1772526967.3915784,2233,0.8525848388671875,1172.903803131991,21.675369151289388,0.33950482714556657,1.1461154501695043,2.5023327150975367,0.0017453691994107068,0.09775161743164062,0.98,0.01942097910758831,0.01942097910758831,0.010548274174486503
1772526967.4030128,2234,0.44345855712890625,2255.0021505376344,21.505587702513782,0.31646279941825267,1.135393727815064,2.5023327150975367,0.0034906385302804765,0.09775161743164062,0.98,0.014220423578430806,0.014220423578430806,0.012650098136615159
1772526967.4161935,2235,0.7240772247314453,1381.068159367797,21.712436314691054,0.30791818281385486,1.1326439176836176,2.5023327150975367,0.0034906718197941222,0.09775161743164062,0.98,0.01066226805267815,0.01066226805267815,0.010253714486166639
1772526967.4289489,2236,0.77056884765625,1297.7425742574258,21.450188271781897,0.3175977611285558,1.130799863253324,2.5023327150975367,0.0017453359098970611,0.09775161743164062,0.98,0.007115592492319157,0.007115592492319157,0.005864682579093444
1772526967.441552,2237,0.8444786071777344,1184.1626199887069,21.350097964581877,0.16660270878818265,1.1293210190045,2.5023327150975367,0.0017453026203834154,0.09775161743164062,0.98,0.005792942290754266,0.0057929422907542745,0.009314981693511505
1772526967.4535651,2238,1.0173320770263672,982.9632059995313,21.37117400476791,0.12196063525942852,1.1343754301365159,2.5023327150975367,0.0034906718197941222,0.09775161743164062,0.98,0.004811559037458565,0.004811559037458565,0.0033225117667671764
1772526967.4661903,2239,0.7338523864746094,1362.6718648473034,21.640147207381098,0.2830416062544892,1.1324157122542389,2.5023327150975367,0.0017453359098970611,0.09775161743164062,0.98,0.005155361631479989,0.005155361631479989,0.012720948914375056
1772526967.478979,2240,0.7908344268798828,1264.487187217365,21.410189310539472,0.24988412540128585,1.1184246123410826,2.5023327150975367,0.0017453359098970611,0.09775161743164062,0.98,0.007274822490772873,0.007274822490772873,0.0030645417838303384
1772526967.4915786,2241,0.8265972137451172,1209.7790597057974,21.26528817149902,0.1822541487016354,1.1106288781766247,2.5023327150975367,0.0017453359098970611,0.09775161743164062,0.98,0.007475550483606212,0.0074755504836062124,0.014743905958037493
1772526967.503086,2242,0.5192756652832031,1925.7594123048668,21.18633650132002,0.1666989328429087,1.08946857470036,2.5023327150975367,0.0017453359098970611,0.09775161743164062,0.98,0.012142357178228523,0.012142357178228523,0.004748346304482878
1772526967.5161529,2243,0.7717609405517578,1295.7380290392339,21.369706329100236,0.24553701840390169,1.0801636418033695,2.5023327150975367,0.0017453026203834154,0.09775161743164062,0.98,0.01164853953333389,0.01164853953333389,0.010331751995275687
1772526967.5289526,2244,0.7386207580566406,1353.8747579083279,21.103395545777104,0.3134167770523752,1.0770031217548415,2.5023327150975367,0.0017453691994107068,0.09775161743164062,0.98,0.007786773911909705,0.007786773911909698,0.002816999569267598
1772526967.5415988,2245,0.8726119995117188,1145.984699453552,20.926871903291406,0.21877376576331817,1.070906997214813,2.5023327150975367,0.0017453275875186428,0.09775161743164062,0.98,0.0070599440935035914,0.007059944093503594,0.003889434413650938
1772526967.5529892,2246,0.47469139099121094,2106.631843294827,20.89889293562424,0.12412707804078248,1.0620420221844877,2.5023327150975367,0.0017453691994107068,0.026941299438476562,0.98,0.007566821623826663,0.007566821623826663,0.01698867275542157
1772526967.5661094,2247,0.7321834564208984,1365.7779225008142,21.122466366573747,0.2507945999843367,1.0410255275259215,2.5023327150975367,0.003490605240766831,0.03528594970703125,0.98,0.015234862106309265,0.015234862106309265,0.013715950948549752
1772526967.5786738,2248,0.78582763671875,1272.5436893203882,20.774581374146152,0.3824684548864688,1.017028576243563,2.5023327150975367,0.0,0.03528594970703125,0.98,0.020381767067704136,0.020381767067704136,0.0068060476265494755
1772526967.5915468,2249,0.8511543273925781,1174.8750700280111,20.611313804985173,0.24299481923508184,1.0051689999794717,2.5023327150975367,0.0017453691994107068,0.03528594970703125,0.98,0.018226232251085862,0.018226232251085862,0.005477765134147773
1772526967.6030738,2250,0.49567222595214844,2017.4622414622415,20.380157851738506,0.2892753625806132,0.9943863586726759,2.5023327150975367,0.0017453359098970611,0.03528594970703125,0.98,0.01488446175710868,0.01488446175710868,0.0031592895746192693
1772526967.6160707,2251,0.7505416870117188,1332.3710292249048,20.569023724918658,0.24493585344297836,0.9845379332867268,2.5023327150975367,0.0017453359098970611,0.039577484130859375,0.98,0.015287122156004486,0.015287122156004486,0.0023525816180799256
1772526967.6289544,2252,0.7920265197753906,1262.583985550873,20.361299317029356,0.25362810869101615,0.9721925814261254,2.5023327150975367,0.0017453691994107068,0.039577484130859375,0.98,0.015369517070686971,0.015369517070686971,0.003440191011374528
1772526967.6414902,2253,0.8282661437988281,1207.3413932066783,20.14153264246988,0.25459043396455877,0.9618067208483708,2.5023327150975367,0.0034906385302804765,0.039577484130859375,0.98,0.013956006139948888,0.013956006139948888,0.0025559963286610286
1772526967.6531115,2254,0.5204677581787109,1921.3486028401283,20.061044155253807,0.14733110085345466,0.9506688668351442,2.5023327150975367,0.0034906718197941222,0.039577484130859375,0.98,0.012869765854668255,0.012869765854668255,0.002458924875500594
1772526967.666176,2255,0.7562637329101562,1322.2900378310214,20.23431783906311,0.20680697726337932,0.9389039228101191,2.5023327150975367,0.0017453359098970611,0.039577484130859375,0.98,0.014142355250230894,0.014142355250230897,0.010322516432113817
1772526967.6790175,2256,0.762939453125,1310.72,19.974768666611567,0.2914571511061584,0.9196138738409678,2.5023327150975367,0.0034906385302804765,0.04029273986816406,0.98,0.018312540361910046,0.018312540361910046,0.009062662018414764
1772526967.6916258,2257,0.8630752563476562,1158.6475138121548,19.70823800701719,0.30373966610856834,0.898362285290128,2.5023327150975367,0.0017453691994107068,0.04029273986816406,0.98,0.02132631809774299,0.02132631809774299,0.0036355703176615293
1772526967.70306,2258,0.4935264587402344,2026.2338164251207,19.55001738622139,0.22459571347038912,0.8830709825404595,2.5023327150975367,0.0034906718197941222,0.04029273986816406,0.98,0.019128873639572618,0.01912887363957262,0.01564925818671849
1772526967.7162309,2259,0.7498264312744141,1333.6419713831478,19.701205573596447,0.22925154854697874,0.85769515717033,2.5023327150975367,0.0034906718197941222,0.04029273986816406,0.98,0.027785128113533723,0.027785128113533723,0.010859532127745075
1772526967.7287908,2260,0.8137226104736328,1228.9200117198945,19.336328390774845,0.4125341765305637,0.8434582122392681,2.5023327150975367,0.0034906385302804765,0.04029273986816406,0.98,0.02261996851897197,0.02261996851897197,0.018569397614278876
1772526967.7416115,2261,0.8561611175537109,1168.004455583403,19.19097594149383,0.21976579379926509,0.8378936752611126,2.5023327150975367,0.0017453359098970611,0.04029273986816406,0.98,0.01573215940214223,0.01573215940214223,0.017945798407643293
1772526967.7530053,2262,0.46181678771972656,2165.360867320599,18.997576696789764,0.22692586179856258,0.8367742320623145,2.5023327150975367,0.0034906718197941222,0.04029273986816406,0.98,0.008396932527369547,0.008396932527369547,0.011322257467754436
1772526967.7662196,2263,0.7326602935791016,1364.889033517735,19.28616920226823,0.2999100899877878,0.8371190136601183,2.5023327150975367,0.0017453359098970611,0.04029273986816406,0.98,0.00607707709865902,0.00607707709865902,0.008714446813252744
1772526967.7793481,2264,1.1379718780517578,878.7563377330819,19.108904708167,0.1929087766758369,0.8382173667921083,2.5023327150975367,0.0034906718197941222,0.05698204040527344,0.98,0.005123649970491087,0.005123649970491091,0.003615204548327399
1772526967.7918992,2265,1.310586929321289,763.0169183190832,18.98587703387237,0.1356683871253952,0.8364819878469082,2.5023327150975367,0.0017453359098970611,0.05698204040527344,0.98,0.004723881448164449,0.004723881448164449,0.0042445823552163635
1772526967.8029432,2266,0.47135353088378906,2121.549822964087,19.00686596731517,0.07025579150343386,0.8347434042798136,2.5023327150975367,0.0034906385302804765,0.05698204040527344,0.98,0.004271502308178488,0.004271502308178472,0.004031175821820289
1772526967.8161423,2267,0.7524490356445312,1328.9936628643852,19.297575903467216,0.2939659616287201,0.8342317258411543,2.5023327150975367,0.0034906718197940667,0.05698204040527344,0.98,0.004523276380682118,0.004523276380682118,0.008378811200665755
1772526967.8289928,2268,0.7753372192382812,1289.7613776137762,19.08802482834432,0.21970212238357442,0.8290225411176293,2.5023327150975367,0.0017453359098970611,0.05698204040527344,0.98,0.005312270166099898,0.005312270166099898,0.0035306523683397277
1772526967.8414772,2269,0.8635520935058594,1158.0077305356158,18.92209020153084,0.17117293315043228,0.8265086787145718,2.5023327150975367,0.0034906718197941222,0.05698204040527344,0.98,0.005009219239982859,0.005009219239982859,0.004251884420137692
1772526967.8529549,2270,0.4849433898925781,2062.0963618485744,18.91320316618314,0.0599988324698397,0.8221845820286509,2.5023327150975367,0.0034906385302804765,0.05698204040527344,0.98,0.005459075828215778,0.005459075828215778,0.011640579680730661
1772526967.8660986,2271,0.7388591766357422,1353.4378831881252,19.157445329593923,0.2505709036183262,0.8120223338564282,2.5023327150975367,0.0034906551750372716,0.05698204040527344,0.98,0.01008792532404347,0.01008792532404347,0.005246612416410332
1772526967.8789334,2272,0.7874965667724609,1269.8468059339993,18.918387313190465,0.256447756921914,0.802526288792563,2.5023327150975367,0.0017453359098970611,0.05698204040527344,0.98,0.011767736602189105,0.011767736602189105,0.0030940538226475883
1772526967.8916304,2273,0.8871555328369141,1127.1980650362805,18.725039332072775,0.21316564663243168,0.7936286552390406,2.5023327150975367,0.0017453359098970611,0.05698204040527344,0.98,0.012307872132285985,0.01230787213228599,0.012340301096348321
1772526967.9030569,2274,0.48804283142089844,2049.000488519785,18.614689737236823,0.13810504154585138,0.7926560609514363,2.5023327150975367,0.0017453691994107068,0.05698204040527344,0.98,0.007275407997315557,0.007275407997315557,0.004069739486852798
1772526967.9163637,2275,0.7958412170410156,1256.532055122828,18.890530506571732,0.28314759117890925,0.7897427903199636,2.5023327150975367,0.0034906551750372716,0.05698204040527344,0.98,0.006877469158721215,0.006877469158721215,0.005896000881412533
1772526967.9290972,2276,0.8058547973632812,1240.9183431952663,18.672242856243898,0.23002085883820364,0.7820963852121242,2.5023327150975367,0.0017453026203834154,0.05698204040527344,0.98,0.008597949969948638,0.008597949969948638,0.0031288844869803555
1772526967.9414783,2277,0.8206367492675781,1218.5659500290528,18.517524040165036,0.16301749844753102,0.7777999489780294,2.5023327150975367,0.0017453275875186497,0.05698204040527344,0.98,0.007566404621876956,0.007566404621876961,0.002635144866027167
1772526967.9530847,2278,0.5109310150146484,1957.2113859076062,18.50782672273289,0.059431890327475694,0.772524483716513,2.5023327150975367,0.0034906718197941222,0.05698204040527344,0.98,0.007536471862678909,0.007536471862678909,0.005002808203819173
1772526967.9659843,2279,0.7131099700927734,1402.3082581076562,18.710653530932568,0.2083734674032127,0.7702836561349858,2.5023327150975367,0.0017453691994107068,0.05698204040527344,0.98,0.006519678348233163,0.006519678348233163,0.0027499710660050854
1772526967.978919,2280,0.8726119995117188,1145.984699453552,18.57310819306317,0.1519398876750108,0.7654990305606947,2.5023327150975367,0.0017453359098970611,0.05698204040527344,0.98,0.007003774653447522,0.007003774653447523,0.015103511113241746
1772526967.9916131,2281,0.8242130279541016,1213.278565229968,18.39932300480919,0.18642257269623824,0.7524752106543297,2.5023327150975367,0.0017453691994105958,0.05698204040527344,0.98,0.012483060634642117,0.012483060634642117,0.017497519999892793
1772526968.0030997,2282,0.5230903625488281,1911.7155879671832,18.17819390378949,0.2366175586412157,0.7345108285760699,2.5023327150975367,0.0017453359098970611,0.05698204040527344,0.98,0.017720507119174698,0.017720507119174698,0.01513563589993304
1772526968.0159585,2283,0.7319450378417969,1366.2228013029317,18.336011372462476,0.20120379475363456,0.7148351531191136,2.5023327150975367,0.003490655175037327,0.05698204040527344,0.98,0.025153080607628248,0.025153080607628248,0.022444637602653587
1772526968.0289595,2284,0.7519721984863281,1329.8363982244769,18.111950321756616,0.29589324069169914,0.6866161472244043,2.5023327150975367,0.0034906551750372716,0.05698204040527344,0.98,0.03493275773856961,0.03493275773856961,0.008688791976733659
1772526968.041522,2285,0.8351802825927734,1197.3462746217529,17.694360351358675,0.4812234837049473,0.6610299143579073,2.5023327150975367,0.0017453359098970611,0.05698204040527344,0.98,0.036633515998980244,0.036633515998980244,0.0037778364348207273
1772526968.0529857,2286,0.5068778991699219,1972.8617121354657,17.402539753544772,0.38387274712760716,0.6388743911947433,2.5023327150975367,0.0017453691994107068,0.05698204040527344,0.98,0.03464606334942844,0.03464606334942844,0.003704902584025994
1772526968.066749,2287,1.169443130493164,855.1078491335372,17.50677970489156,0.2794706282094533,0.618805313993,2.5023327150975367,0.003490655175037327,0.05698204040527344,0.98,0.03882776902730088,0.03882776902730088,0.008016101411757444
1772526968.079043,2288,1.1682510375976562,855.9804081632653,17.037284377838027,0.5441917927502349,0.5925562300597943,2.5023327150975367,0.0017453359098970611,0.05698204040527344,0.98,0.038663432309392426,0.038663432309392426,0.004200259877099818
1772526968.0920107,2289,1.2786388397216797,782.081670706694,16.87874756732818,0.3154915603714156,0.5710138512352748,2.5023327150975367,0.003490671819794011,0.05888938903808594,0.98,0.040358946584959754,0.040358946584959754,0.0045970971227611325
1772526968.1033828,2290,0.8060932159423828,1240.5513161786453,16.46464741224581,0.4952626900293211,0.5474660371466779,2.5023327150975367,0.0034906718197942332,0.05888938903808594,0.98,0.03754330767959362,0.03754330767959364,0.006260509533171752
1772526968.116349,2291,1.1382102966308594,878.5722664432342,16.474874514347487,0.2759769856389506,0.5245089241711709,2.5023327150975367,0.0017453192651402383,0.05888938903808594,0.98,0.042541024410320656,0.042541024410320656,0.014656254486653954
1772526968.1293807,2292,1.0399818420410156,961.5552498853737,16.24756106882565,0.3765515151525436,0.5092174246049765,2.5023327150975367,0.0034906718197942332,0.05888938903808594,0.98,0.038560880431639404,0.038560880431639404,0.004906027496336945
1772526968.1421812,2293,1.253366470336914,797.8512459577706,15.8429230344925,0.4976489199205257,0.4906545558181376,2.5023327150975367,0.0017453691994107068,0.06771087646484375,0.98,0.035883117108096725,0.035883117108096725,0.013751395513696371
1772526968.1534102,2294,0.8082389831542969,1237.2578171091445,15.525745736662723,0.4014699172886679,0.4789857714509935,2.5023327150975367,0.003490605240766831,0.06771087646484375,0.98,0.02872805180200558,0.02872805180200558,0.004132505740147162
1772526968.166809,2295,1.1227130889892578,890.6995115735825,15.73029953563871,0.3081792086696462,0.4632482224966899,2.5023327150975367,0.005235974440177538,0.06771087646484375,0.98,0.033642342361047836,0.033642342361047836,0.010161336515839038
1772526968.1792476,2296,1.1110305786132812,900.0652360515021,15.379559848761692,0.4388412327569554,0.44177344026761045,2.5023327150975367,0.0017453359098970611,0.06771087646484375,0.98,0.03518375346219663,0.03518375346219663,0.008495702917976989
1772526968.1920362,2297,1.2078285217285156,827.9320963284642,15.177077963192493,0.33536767633507414,0.428284229508352,2.5023327150975367,0.0034906551750372994,0.06771087646484375,0.98,0.033251527235482185,0.033251527235482185,0.00941585380499829
1772526968.20353,2298,0.9288787841796875,1076.5667351129364,14.85069082710453,0.4128781474390187,0.4164195280057931,2.5023327150975367,0.0017453359098970611,0.07891654968261719,0.98,0.027982443911255983,0.027982443911255983,0.004391697517260642
1772526968.2165294,2299,1.088857650756836,918.3936938909569,14.958944507317495,0.2646575385738334,0.4040766582996041,2.5023327150975367,0.0017453359098970334,0.07891654968261719,0.98,0.030353749772058916,0.030353749772058916,0.004029731991220822
1772526968.229189,2300,1.0869503021240234,920.0052643123493,14.730543261614718,0.34903149872111017,0.390012184241438,2.5023327150975367,0.0034906718197941222,0.07891654968261719,0.98,0.029923609757074355,0.029923609757074355,0.009345095662078948
1772526968.2420695,2301,1.247406005859375,801.6636085626911,14.524637891391444,0.3291450461741457,0.380254824823037,2.5023327150975367,0.0034906551750372994,0.07891654968261719,0.98,0.027305418410460285,0.027305418410460285,0.004713172523942966
1772526968.253348,2302,0.7991790771484375,1251.2840095465394,14.20167738482858,0.39632802282684215,0.36904150474833763,2.5023327150975367,0.0034906551750372994,0.07891654968261719,0.98,0.024311676775967402,0.024311676775967402,0.0118389347521492
1772526968.2666974,2303,1.1565685272216797,864.6266749123891,14.380237601035242,0.2755025449368036,0.36319998640051004,2.5023327150975367,0.0034906551750372994,0.07891654968261719,0.98,0.023691267040662458,0.023691267040662458,0.0048638017143285
1772526968.278973,2304,1.1610984802246094,861.2533880903491,14.128365088830115,0.33158343586117484,0.3537966295833159,2.5023327150975367,0.0017453359098970611,0.07891654968261719,0.98,0.021683919133054907,0.0216839191330549,0.012456891141632563
1772526968.2920914,2305,1.3377666473388672,747.5145250400998,14.11438291091859,0.1917139743616733,0.3495443762357469,2.5023327150975367,0.0017453359098970611,0.07891654968261719,0.98,0.019190948566344776,0.01919094856634478,0.007131924072683039
1772526968.3032997,2306,0.5602836608886719,1784.8102127659574,13.836849179416056,0.3231448215839596,0.3438591821317028,2.5023327150975367,0.0052359910849343605,0.07891654968261719,0.98,0.015926304906246674,0.015926304906246674,0.020961071553566704
1772526968.316883,2307,0.9875297546386719,1012.6277160791888,13.980516623654871,0.21796926072752099,0.32890549213101644,2.5023327150975367,0.0034906718197940945,0.07891654968261719,0.98,0.02469306202052992,0.02469306202052992,0.004582025730145266
1772526968.3292346,2308,1.1103153228759766,900.6450504616706,13.681373324885719,0.36859773118173433,0.31982537480518375,2.5023327150975367,0.0017453359098970611,0.07891654968261719,0.98,0.02228759719523648,0.02228759719523648,0.008570635099208647
1772526968.3419452,2309,1.201629638671875,832.2031746031746,13.597630869180787,0.24262864775438506,0.3081919159893753,2.5023327150975367,0.005235991084934333,0.07891654968261719,0.98,0.025469714636116265,0.025469714636116265,0.0037305961429040225
1772526968.35323,2310,0.8363723754882812,1195.6396807297606,13.323222851830796,0.37030832482569676,0.29842613943404556,2.5023327150975367,0.0034906551750372994,0.07891654968261719,0.98,0.023629681488213344,0.023629681488213344,0.01144828617655466
1772526968.366451,2311,1.1472702026367188,871.6342477140482,13.48085885258039,0.29819411986437155,0.29378539947639426,2.5023327150975367,0.0017453359098970611,0.07891654968261719,0.98,0.02299307664661336,0.02299307664661336,0.008135772483701903
1772526968.378871,2312,1.2323856353759766,811.4343199845231,13.271440661789505,0.3326857187606733,0.28827546060025716,2.5023327150975367,0.0034906718197941222,0.07891654968261719,0.98,0.019572678068954515,0.01957267806895453,0.013783557024283594
1772526968.3916204,2313,1.33514404296875,748.9828571428571,13.227290474568022,0.22187256092741026,0.2861231133902105,2.5023327150975367,0.0017453192651402383,0.07891654968261719,0.98,0.01615771253850252,0.01615771253850252,0.01503236439510082
1772526968.402891,2314,0.5335807800292969,1874.130473637176,13.056941810165279,0.2350769373248934,0.2856237261217956,2.5023327150975367,0.0034906551750372994,0.07891654968261719,0.98,0.011155703556768102,0.011155703556768102,0.012923021061784465
1772526968.4178576,2315,1.3747215270996094,727.4200485605272,13.367958286229308,0.33436734389777883,0.286126294937752,2.5023327150975367,0.0,0.08535385131835938,0.98,0.009406042142260837,0.009406042142260837,0.011596838486829505
1772526968.4301798,2316,1.489400863647461,671.4109172402754,12.978806435474267,0.404746048826023,0.2868589586972086,2.5023327150975367,0.0052359910849343605,0.08535385131835938,0.98,0.0054250875855260785,0.005425087585526091,0.008999595874740468
1772526968.44183,2317,1.3427734375,744.7272727272727,12.906333287550568,0.08674939846884737,0.28805666766600246,2.5023327150975367,0.0017453359098970611,0.08535385131835938,0.98,0.003777912036649374,0.003777912036649374,0.004716858024556423
1772526968.4532533,2318,0.7646083831787109,1307.859058309947,13.047175092740638,0.1612757463689717,0.2878046217877703,2.5023327150975367,0.0034906551750372994,0.08535385131835938,0.98,0.003389430502220449,0.003389430502220449,0.0085269839360764
1772526968.466648,2319,1.2917518615722656,774.1424880029531,13.29940438704106,0.25533788134115726,0.2846805250640458,2.5023327150975367,0.0034906551750372994,0.08535385131835938,0.98,0.00507678772870028,0.005076787728700276,0.004012719633593526
1772526968.4797673,2320,1.2662410736083984,789.7390321973263,13.284478657234661,0.07872023682381411,0.28258749578132397,2.5023327150975367,0.0034906551750372994,0.08535385131835938,0.98,0.005696492377958408,0.005696492377958411,0.008494496208874868
1772526968.49153,2321,1.1806488037109375,846.9919224555736,12.968231459528331,0.3244550345253287,0.27833009953445986,2.5023327150975367,0.0034906551750372994,0.08535385131835938,0.98,0.007242350282535045,0.007242350282535045,0.002694309250215648
1772526968.5032218,2322,0.80108642578125,1248.304761904762,12.9616827705342,0.0637776237357793,0.2759067175498391,2.5023327150975367,0.0034906551750372994,0.08535385131835938,0.98,0.00755668625497031,0.00755668625497031,0.0039408000346198855
1772526968.5162146,2323,1.0306835174560547,970.2299329169558,13.118030681431502,0.1737122231975315,0.27462350432400817,2.5023327150975367,0.0034906718197941222,0.08535385131835938,0.98,0.007151613673249286,0.007151613673249286,0.0026737412185018723
1772526968.5292876,2324,1.3594627380371094,735.5847071203086,13.081618460726641,0.10553009432934303,0.2729198303234328,2.5023327150975367,0.0034906718197940945,0.08535385131835938,0.98,0.006804642889057108,0.006804642889057108,0.004468491290314668
1772526968.5419004,2325,1.264333724975586,790.9304167452385,12.979131575395172,0.13589123347188953,0.27215894726532935,2.5023327150975367,0.0034906551750372994,0.08535385131835938,0.98,0.005650328621999148,0.005650328621999148,0.002473459023307265
1772526968.553185,2326,0.7815361022949219,1279.5314215985356,12.780552792584075,0.20678625093907368,0.27083950355594816,2.5023327150975367,0.0034906718197940945,0.08535385131835938,0.98,0.005009100492028652,0.005009100492028652,0.0032452135322691097
1772526968.5667198,2327,1.3775825500488281,725.9093111803393,13.027503850323956,0.2519319720371292,0.2702315801853084,2.5023327150975367,0.0034906718197941222,0.08535385131835938,0.98,0.004976494030158882,0.004976494030158889,0.00231401520539543
1772526968.5792203,2328,1.2803077697753906,781.0621973929236,12.97235207889283,0.0824462822634008,0.26887409766925685,2.5023327150975367,0.0034906551750372994,0.08535385131835938,0.98,0.0049284513283227365,0.004928451328322742,0.002927552977795528
1772526968.5917513,2329,1.2521743774414062,798.6108149276466,12.90147349060397,0.08905897592881118,0.26708496065584,2.5023327150975367,0.0034906551750372994,0.08535385131835938,0.98,0.005336192636393256,0.005336192636393256,0.0025581347844170293
1772526968.6033592,2330,0.8807182312011719,1135.4369247428262,12.776650363816366,0.13225252476452976,0.26614329739217035,2.5023327150975367,0.0017453359098970611,0.08535385131835938,0.98,0.0046998468106236235,0.0046998468106236235,0.0032351871513776834
1772526968.6163206,2331,1.0559558868408203,947.0092571686611,12.953867330793624,0.1820470984762231,0.2657435049914404,2.5023327150975367,0.0034906551750372994,0.08535385131835938,0.98,0.004428495386443514,0.004428495386443514,0.00233264186619862
1772526968.6293244,2332,1.2984275817871094,770.1623209695189,12.934739153591485,0.061288355054271416,0.264567811928034,2.5023327150975367,0.0034906551750372994,0.08535385131835938,0.98,0.004537804459964987,0.004537804459964987,0.002701110200424631
1772526968.6416733,2333,1.2290477752685547,813.6380213385063,12.82306236136675,0.12248232772623635,0.2639788755011245,2.5023327150975367,0.0034906551750372716,0.08535385131835938,0.98,0.004021029877053451,0.004021029877053451,0.0029012057848427034
1772526968.6533208,2334,0.8032321929931641,1244.9700207776789,12.753641224999324,0.07684055622505859,0.2636993651792903,2.5023327150975367,0.0017453359098970611,0.08535385131835938,0.98,0.003490496101938682,0.003490496101938682,0.0029868866921765663
1772526968.6666915,2335,1.3861656188964844,721.4145166838665,12.919839373885258,0.16870217180762392,0.2636544327046002,2.5023327150975367,0.0052359910849343605,0.08535385131835938,0.98,0.003326205385084832,0.0033262053850848313,0.011250636529226912
1772526968.6795511,2336,1.3914108276367188,718.6949965729953,12.902776164359967,0.05659238213153188,0.2600410252294021,2.5023327150975367,0.0034906551750372994,0.08535385131835938,0.98,0.006098763471739301,0.006098763471739301,0.012885206895249574
1772526968.692033,2337,1.38092041015625,724.1546961325967,12.768953138473707,0.15583025603525152,0.25515470646660976,2.5023327150975367,0.003490663497415697,0.08535385131835938,0.98,0.009471442348765334,0.009471442348765334,0.015918739238661387
1772526968.7033522,2338,0.8161067962646484,1225.329827636576,12.610536793624052,0.19640729709261479,0.24880129504816745,2.5023327150975367,0.0034906634974157247,0.08535385131835938,0.98,0.013264169138501198,0.013264169138501198,0.012206593041874287
1772526968.7166672,2339,1.3990402221679688,714.7757327880028,12.74956632225492,0.22382698841063312,0.24289982129006413,2.5023327150975367,0.0034906551750372994,0.08535385131835938,0.98,0.017937514651552317,0.017937514651552317,0.0038056617595526618
1772526968.7299268,2340,1.5902519226074219,628.8311844077961,12.73481715288693,0.2468208987378428,0.23930460765285713,2.5023327150975367,0.0017453359098970611,0.08535385131835938,0.98,0.017722054515235314,0.017722054515235317,0.009300687789153472
1772526968.7421303,2341,1.5759468078613281,634.5391830559757,12.502376386119538,0.3407890426866154,0.2374119314713892,2.5023327150975367,0.005235991084934333,0.08535385131835938,0.98,0.013921721866918061,0.013921721866918061,0.006505418530188862
1772526968.753346,2342,0.8480548858642578,1179.16896260894,12.405379858972033,0.22540962676451445,0.23591155887688015,2.5023327150975367,0.0017453275875186497,0.08535385131835938,0.98,0.011822048433875984,0.011822048433875984,0.008821432198158952
1772526968.7664337,2343,1.1479854583740234,871.0911734164071,12.594535463640828,0.25350547325912426,0.23534870018835274,2.5023327150975367,0.0052359910849343605,0.08535385131835938,0.98,0.010273237656935313,0.010273237656935313,0.00908524733753807
1772526968.779619,2344,1.3344287872314453,749.3843130248347,12.624817625660961,0.15123228868706382,0.23522143526027722,2.5023327150975367,0.0034906551750372994,0.08535385131835938,0.98,0.007868728381996648,0.007868728381996648,0.007928189107136482
1772526968.792274,2345,1.7671585083007812,565.8801942795467,12.475670204034538,0.18064478411985696,0.2353909988352809,2.5023327150975367,0.003490663497415697,0.09489059448242188,0.98,0.005545806557004151,0.005545806557004155,0.006006980437111468
1772526968.803613,2346,1.1088848114013672,901.8069232423135,12.394590182257199,0.09328083965171355,0.23565346194623946,2.5023327150975367,0.003490663497415711,0.09489059448242188,0.98,0.004158641545443719,0.004158641545443713,0.005380653725306918
1772526968.8168604,2347,1.5494823455810547,645.3768272041852,12.625708907618584,0.23361799469581782,0.23609057830773836,2.5023327150975367,0.0034906551750372994,0.09489059448242188,0.98,0.003631938215746182,0.0036319382157461713,0.009202938168755575
1772526968.8299258,2348,1.2602806091308594,793.474082482028,12.68917439666468,0.08250528761117158,0.23763872203305877,2.5023327150975367,0.003490663497415711,0.09489059448242188,0.98,0.0030216685562045316,0.0030216685562045316,0.008050009757867372
1772526968.8419483,2349,1.3880729675292969,720.4232222603916,12.431081472985122,0.2629812210691883,0.23950151115218316,2.5023327150975367,0.0034906551750372994,0.09489059448242188,0.98,0.0034323109361049636,0.0034323109361049636,0.0038841342394694664
1772526968.8532364,2350,0.7722377777099609,1294.9379438098179,12.43487637391547,0.09080087973496843,0.24010417899836187,2.5023327150975367,0.0034906551750372855,0.09489059448242188,0.98,0.003187788649892627,0.003187788649892627,0.004169570241521904
1772526968.867105,2351,1.4615058898925781,684.2257748776509,12.744164205391524,0.31916949638296616,0.2403324768212259,2.5023327150975367,0.003490663497415697,0.09489059448242188,0.98,0.003206282142844713,0.003206282142844722,0.00465932152314987
1772526968.8801777,2352,1.3818740844726562,723.6549344375431,12.726713089510632,0.06678215153888006,0.24165285589498386,2.5023327150975367,0.003490663497415711,0.09489059448242188,0.98,0.0037298662778516315,0.0037298662778515925,0.009807596972422752
1772526968.8921676,2353,1.5702247619628906,636.8515031885819,12.452764739370027,0.27733008029843065,0.24050306927056062,2.5023327150975367,0.0034906718197941222,0.09489059448242188,0.98,0.0028988418431755533,0.0028988418431755516,0.02139352466667472
1772526968.903753,2354,1.1301040649414062,884.8742616033755,12.471539286506385,0.06027844269496238,0.23636870519761363,2.5023327150975367,0.003490663497415697,0.09489059448242188,0.98,0.007305748816145348,0.007305748816145353,0.022001241597942072
1772526968.9166384,2355,1.4290809631347656,699.7504170837504,12.631273664134598,0.18514468247017715,0.23145360271397342,2.5023327150975367,0.0034906551750372994,0.09489059448242188,0.98,0.014009230763188238,0.014009230763188238,0.0066957318891466
1772526968.930337,2356,1.699209213256836,588.5090500912024,12.716459357749239,0.22013381018715267,0.2285909844182513,2.5023327150975367,0.003490659336226498,0.09489059448242188,0.98,0.01648157366170749,0.01648157366170749,0.012472455620747166
1772526968.9414952,2357,0.9908676147460938,1009.2165543792108,12.358362433446548,0.44551503916626206,0.22492878238599087,2.5023327150975367,0.003490659336226498,0.09489059448242188,0.98,0.01724059384602809,0.01724059384602809,0.012951243659944787
1772526968.9533331,2358,0.6265640258789062,1596.0060882800608,12.367475199106757,0.2997542146673954,0.22192776317192017,2.5023327150975367,0.003490663497415697,0.09489059448242188,0.98,0.020812246604368156,0.020812246604368145,0.008166444842939321
1772526968.9660401,2359,0.9145736694335938,1093.405630865485,12.461946075296396,0.3664621148251555,0.22001304660929072,2.5023327150975367,0.005235986923745148,0.09489059448242188,0.98,0.02288894784986888,0.02288894784986888,0.005344536214230692
1772526968.979355,2360,1.224517822265625,816.6479750778816,12.578195705538239,0.42029503419267317,0.21911216321083873,2.5023327150975367,0.003490659336226505,0.09489059448242188,0.98,0.024222929031285367,0.024222929031285367,0.007744987862667875
1772526968.9916844,2361,1.2118816375732422,825.1630926618138,12.458698564362692,0.4257233731292721,0.2189212820771883,2.5023327150975367,0.003490663497415697,0.09489059448242188,0.98,0.02103108633608555,0.02103108633608555,0.011485686307816044
1772526969.003304,2362,0.8494853973388672,1177.1832725231548,12.395156991874712,0.3660761338440901,0.2190125115599577,2.5023327150975367,0.0034906551750372994,0.09489059448242188,0.98,0.017345114715443175,0.017345114715443175,0.013350097200317669
1772526969.016374,2363,1.1029243469238281,906.6805015131863,12.614557807079835,0.3748771619089672,0.21911404669153114,2.5023327150975367,0.005235986923745148,0.09489059448242188,0.98,0.01517382224998596,0.01517382224998596,0.013740339195211457
1772526969.0295799,2364,1.2962818145751953,771.4371896266323,12.698045123216106,0.2542086139686869,0.21917778708375502,2.5023327150975367,0.003490659336226498,0.09489059448242188,0.98,0.01195915694096509,0.01195915694096509,0.013042758506011196
1772526969.0418403,2365,1.321554183959961,756.684827710626,12.539406740758356,0.22190848885437195,0.2192522494263355,2.5023327150975367,0.003490659336226498,0.09489059448242188,0.98,0.008342087968179281,0.008342087968179281,0.005201600667835435
1772526969.0534635,2366,0.9677410125732422,1033.3343187977334,12.501349887645437,0.09607268256316942,0.21966039669081477,2.5023327150975367,0.0034906572556318988,0.09489059448242188,0.98,0.007462759204563711,0.007462759204563711,0.006340808101874875
1772526969.0667162,2367,1.4052391052246094,711.6226671191042,12.726432394737039,0.236852282293339,0.22047644919496237,2.5023327150975367,0.003490659336226498,0.09489059448242188,0.98,0.008988219240682138,0.008988219240682138,0.009949085551115797
1772526969.0799217,2368,1.2080669403076172,827.7686994276693,12.831288618300679,0.15294262124674501,0.22201777743785986,2.5023327150975367,0.003490659336226498,0.09489059448242188,0.98,0.011634298783145123,0.011634298783145123,0.0067997866520859394
1772526969.0917027,2369,1.1699199676513672,854.7593234155288,12.573859434289245,0.2978562035104657,0.2240739860705316,2.5023327150975367,0.0017453296681132525,0.09489059448242188,0.98,0.011723802500569331,0.011723802500569331,0.007962826939830242
1772526969.1047783,2370,1.0733604431152344,931.6534873389604,12.799898090715388,0.29969160108068943,0.2269041058904769,2.5023327150975367,0.006981316591858397,0.09489059448242188,0.98,0.014984955934495852,0.01498495593449585,0.00913910461005395
1772526969.1181128,2371,1.669168472290039,599.1006999000143,12.83901192453528,0.2592297155120724,0.23134966629013115,2.5023327150975367,0.0034906582959291985,0.10132789611816406,0.98,0.016926194433522758,0.016926194433522758,0.007515585144614482
1772526969.1311448,2372,1.6903877258300781,591.5802538787024,12.944280862580225,0.3316050085679564,0.23699708414663426,2.5023327150975367,0.003490659336226498,0.10418891906738281,0.98,0.018991016433400038,0.018991016433400038,0.005947637450495107
1772526969.1438754,2373,1.7542839050292969,570.0331611851046,12.976842850725049,0.3615890316804903,0.24402073524634882,2.5023327150975367,0.005235987443893798,0.10418891906738281,0.98,0.019494567555872762,0.019494567555872762,0.003732575387035908
1772526969.1555529,2374,1.5954971313476562,626.7638971906754,12.974835993712128,0.3799059720361094,0.2505901758042602,2.5023327150975367,0.0017453291479646,0.10418891906738281,0.98,0.01778939307743032,0.01778939307743032,0.007208504678269791
1772526969.1681857,2375,1.5277862548828125,654.541822721598,13.35086601402345,0.5323389285338307,0.2550400654129564,2.5023327150975367,0.005235987964042448,0.10418891906738281,0.98,0.01753658955848175,0.01753658955848175,0.0029827280412606273
1772526969.1805067,2376,1.8420219421386719,542.8816981620503,13.435813006940169,0.35221148784210804,0.26208357317275877,2.5023327150975367,0.0,0.10418891906738281,0.98,0.01619814770655452,0.01619814770655452,0.007200040290839993
1772526969.1928113,2377,1.4128684997558594,707.7799527505906,13.724177089836438,0.42642822684346804,0.2664799944454737,2.5023327150975367,0.0034906572556318988,0.10418891906738281,0.98,0.015584267660113648,0.015584267660113648,0.002328208367523851
1772526969.2037764,2378,1.0204315185546875,979.977570093458,13.60200661198904,0.3039760819879109,0.2744767385819793,2.5023327150975367,0.0017453691994107068,0.10418891906738281,0.98,0.013760531173916957,0.013760531173916957,0.003276612711199685
1772526969.21667,2379,1.2404918670654297,806.1318470113396,14.031564106040078,0.5133682806687385,0.283482902968556,2.5023327150975367,0.0034906586860406863,0.10418891906738281,0.98,0.016055266828347025,0.016055266828347025,0.0025487917310322915
1772526969.2296321,2380,1.4004707336425781,714.0456247871978,14.221926839100565,0.3446433968296698,0.2941509988206634,2.5023327150975367,0.0034906582959291993,0.10418891906738281,0.98,0.01641143158760608,0.01641143158760608,0.009269233449527625
1772526969.242035,2381,1.3473033905029297,742.2233233056096,14.251324047937443,0.27926460258518515,0.2990611035538267,2.5023327150975367,0.003490671819794011,0.10418891906738281,0.98,0.013923815804913682,0.013923815804913682,0.010535089967021426
1772526969.2537036,2382,1.1761188507080078,850.254206365295,14.23825207626533,0.23625711041615344,0.3015638960521068,2.5023327150975367,0.0034906718197942332,0.10418891906738281,0.98,0.011181869515207266,0.011181869515207266,0.0071475712125126075
1772526969.2672927,2383,1.3318061828613281,750.8600071607591,14.635612661599637,0.4380195508461007,0.3049761472857235,2.5023327150975367,0.0017453359098970611,0.10418891906738281,0.98,0.011322877913534344,0.011322877913534344,0.009084724064445314
1772526969.2799175,2384,1.38092041015625,724.1546961325967,14.527652593217741,0.17001216351825402,0.30673844102465087,2.5023327150975367,0.003490659336226498,0.10418891906738281,0.98,0.008873770480457288,0.00887377048045729,0.0034915349277930747
1772526969.2921386,2385,1.3813972473144531,723.904729030031,14.474559560222499,0.12092982368164122,0.3130115671756486,2.5023327150975367,0.0034906718197942332,0.10418891906738281,0.98,0.008585153077691065,0.008585153077691065,0.008001451511234737
1772526969.3035245,2386,0.9343624114990234,1070.2485327889767,14.490795392323793,0.11356422673775281,0.31354370081860533,2.5023327150975367,0.0017453275875186497,0.10418891906738281,0.98,0.0068813222257927565,0.006881322225792756,0.011440283111547132
1772526969.3167005,2387,1.1675357818603516,856.5047988564427,14.82638174757709,0.3423059615500042,0.309918716434999,2.5023327150975367,0.0017453691994107068,0.10418891906738281,0.98,0.005583888260819627,0.005583888260819627,0.004667100179027365
1772526969.3289754,2388,1.247406005859375,801.6636085626911,14.679997297448553,0.1587057302691737,0.3105262975348362,2.5023327150975367,0.0017453359098970611,0.10418891906738281,0.98,0.004678149936298526,0.004678149936298518,0.004819484637219095
1772526969.3420563,2389,1.2850761413574219,778.1640074211502,14.816658391565078,0.14642113421095054,0.3161820677905232,2.5023327150975367,0.003490671819794011,0.10418891906738281,0.98,0.005678248112213622,0.005678248112213622,0.003974528237472283
1772526969.3535585,2390,0.9088516235351562,1100.289611752361,14.590884265712727,0.23083753564263165,0.31723533123946496,2.5023327150975367,0.0017453291479646,0.10418891906738281,0.98,0.004594599915740072,0.004594599915740088,0.0063210890918889906
1772526969.3666472,2391,1.1141300201416016,897.5613096511877,14.856058860327217,0.2750385492387191,0.3250375491339718,2.5023327150975367,0.0034906718197941222,0.10418891906738281,0.98,0.006189889093618466,0.006189889093618466,0.00357735533278069
1772526969.3790753,2392,1.2547969818115234,796.9416682500475,14.805842789434937,0.09363353582162255,0.32719651106897657,2.5023327150975367,0.003490605240766942,0.10418891906738281,0.98,0.005338490933050311,0.005338490933050311,0.002447268668508042
1772526969.3921268,2393,1.3070106506347656,765.1047063115651,14.98246098308459,0.1995053383495904,0.3318619630465768,2.5023327150975367,0.0034906718197940667,0.10418891906738281,0.98,0.005882003136744028,0.005882003136744035,0.006519325953583528
1772526969.4034357,2394,0.8864402770996094,1128.1075847229692,14.808447180814325,0.2106052599917189,0.34159753983911645,2.5023327150975367,0.0034906718197941222,0.10418891906738281,0.98,0.006267912308040692,0.006267912308040691,0.0034053543221316857
1772526969.416406,2395,1.1572837829589844,864.0922950144211,15.148065348046389,0.37276266365406385,0.34661352250050903,2.5023327150975367,0.0034906718197941222,0.10418891906738281,0.98,0.006842432524685386,0.006842432524685386,0.004763679394016682
1772526969.4289923,2396,1.199960708618164,833.3606199086032,15.24129127359931,0.17953918475855216,0.35522754213666385,2.5023327150975367,0.005235974440177538,0.10418891906738281,0.98,0.007377340637650832,0.007377340637650832,0.004986736020857198
1772526969.4419963,2397,1.215219497680664,822.8966058465764,15.395485659334964,0.23165474248017962,0.3638518370862928,2.5023327150975367,0.0034906718197941222,0.10418891906738281,0.98,0.008233719742007569,0.008233719742007569,0.006927998534541359
1772526969.4535217,2398,0.8563995361328125,1167.6792873051224,15.255956870383432,0.22393248704327698,0.3658930406974683,2.5023327150975367,0.0034906718197941222,0.10418891906738281,0.98,0.0071794830853830855,0.007179483085383073,0.00777682278645596
1772526969.4666586,2399,1.0712146759033203,933.5196973069219,15.573587073283882,0.35385834647755954,0.3640593196999169,2.5023327150975367,0.0034906718197941222,0.10418891906738281,0.98,0.00755249428257927,0.00755249428257927,0.0034363661955606885
1772526969.479469,2400,1.0516643524169922,950.8737247789617,15.577097108449763,0.13072559014903204,0.36835476408663953,2.5023327150975367,0.0034906718197941222,0.10418891906738281,0.98,0.007496628129775078,0.007496628129775078,0.006300123764195867
1772526969.4920835,2401,1.3399124145507812,746.31743772242,15.480353313646717,0.15139542418957713,0.3670727053875017,2.5023327150975367,0.0017453691994107068,0.10418891906738281,0.98,0.0070470942340622525,0.007047094234062273,0.008137083711871038
1772526969.5029483,2402,0.5409717559814453,1848.5253415601587,15.352476951097616,0.1735379904148206,0.36240467078509797,2.5023327150975367,0.005235974440177538,0.10418891906738281,0.98,0.00629047688100935,0.00629047688100935,0.007273012948315765
1772526969.516319,2403,0.8349418640136719,1197.688178183895,15.714244995189425,0.378408080474254,0.3578667093432337,2.5023327150975367,0.0034906718197941222,0.10418891906738281,0.98,0.006911341866408621,0.006911341866408621,0.009908261364813615
1772526969.5294917,2404,0.8702278137207031,1149.1243835616438,15.613058796515869,0.19715534560427742,0.34959966685690236,2.5023327150975367,0.003490605240766831,0.10418891906738281,0.98,0.0070044259786886,0.0070044259786886,0.011731192906714085
1772526969.5424623,2405,1.277923583984375,782.5194029850746,15.322243518345815,0.34408887161420504,0.3387516113735323,2.5023327150975367,0.0034906718197941222,0.10418891906738281,0.98,0.007221610579787125,0.007221610579787121,0.008093465371580932
1772526969.55307,2406,0.5242824554443359,1907.368804001819,14.937989720752567,0.43266478126071717,0.3308151052535207,2.5023327150975367,0.0034906718197941222,0.026702880859375,0.98,0.006640425554516271,0.006640425554516258,0.008370961503358441
1772526969.5674388,2407,0.8466243743896484,1181.161362996339,15.397769380785448,0.5141594077895524,0.32291090242272447,2.5023327150975367,0.0034906718197941222,0.03457069396972656,0.98,0.008815501079824433,0.008815501079824447,0.006060077922320456
1772526969.580599,2408,0.9717941284179688,1029.0245338567222,15.041346793569291,0.44089584586119773,0.31932169131935706,2.5023327150975367,0.0017453359098970056,0.06628036499023438,0.98,0.007394801849689926,0.007394801849689938,0.005588654434947933
1772526969.593975,2409,2.5348663330078125,394.4981188863807,14.655019681827358,0.43874290814440436,0.31439085525385957,2.5023327150975367,0.0069813436395882444,0.07414817810058594,0.98,0.006776643139480012,0.006776643139480012,0.013237809580625752
1772526969.6036851,2410,1.0461807250976562,955.8577939835916,14.432581483601657,0.3149992661978194,0.30278326441894793,2.5023327150975367,0.005235974440177538,0.07414817810058594,0.98,0.008324689639724762,0.008324689639724762,0.005949190522457311
1772526969.6171503,2411,1.3697147369384766,730.0790252393385,14.869672178704919,0.49779333568811757,0.2971119789063872,2.5023327150975367,0.003490671819794011,0.07414817810058594,0.98,0.010389476612468161,0.010389476612468156,0.006782823237247277
1772526969.6300325,2412,1.4405250549316406,694.1913273750414,14.706696041422315,0.30894373438458683,0.294553701810287,2.5023327150975367,0.0034906718197941222,0.07414817810058594,0.98,0.009130417759879507,0.009130417759879507,0.005165510618288623
1772526969.6425729,2413,1.5628337860107422,639.8633104500382,14.447295428106731,0.34746871561627757,0.2904109000650197,2.5023327150975367,0.005235974440177538,0.07414817810058594,0.98,0.008856257469091572,0.008856257469091572,0.005099307608489752
1772526969.6529808,2414,0.5009174346923828,1996.3369823893383,14.135379125936593,0.3710335810602633,0.28756156366776997,2.5023327150975367,0.005235974440177538,0.07414817810058594,0.98,0.007811603576696702,0.007811603576696702,0.008505503401101016
1772526969.6663795,2415,0.8111000061035156,1232.8935920047031,14.45886453376292,0.38204943873837394,0.28144795566574343,2.5023327150975367,0.0034906718197941222,0.07414817810058594,0.98,0.010589570807312492,0.010589570807312492,0.006606807276271018
1772526969.6793678,2416,0.9253025054931641,1080.7276475135275,14.32703613210018,0.26333800632454957,0.27603329638317387,2.5023327150975367,0.005235974440177538,0.07414817810058594,0.98,0.011204477784621969,0.011204477784621964,0.010490367946572241
1772526969.6916955,2417,0.8828639984130859,1132.67728868485,14.06058450942665,0.3676613871887123,0.2690387562076562,2.5023327150975367,0.0034906718197941222,0.07414817810058594,0.98,0.01273090095487695,0.01273090095487695,0.008268738169040423
1772526969.7029119,2418,0.48613548278808594,2057.0397253555666,13.779343658033971,0.4021852758801468,0.26352767764626345,2.5023327150975367,0.0034906718197941222,0.07414817810058594,0.98,0.013165530298161723,0.013165530298161728,0.007450909082436479
1772526969.7161171,2419,0.7038116455078125,1420.8346883468835,13.982271456859992,0.3832607585544974,0.2591793997791313,2.5023327150975367,0.005235974440177538,0.07414817810058594,0.98,0.016085607348871125,0.016085607348871125,0.0092357028708796
1772526969.728881,2420,0.7071495056152344,1414.1281186783547,13.832383079651581,0.3819420508375224,0.2546081120113481,2.5023327150975367,0.0034906718197941222,0.07414817810058594,0.98,0.017503062264588806,0.017503062264588802,0.007430172711238575
1772526969.7415798,2421,0.9272098541259766,1078.5044998714322,13.621496395642357,0.4306160348608581,0.2515250584151284,2.5023327150975367,0.005235974440177538,0.07414817810058594,0.98,0.018137724941713194,0.018137724941713194,0.006582443119279511
1772526969.75304,2422,0.4992485046386719,2003.0105062082139,13.391290796785,0.4425171046635042,0.2503541007972648,2.5023327150975367,0.005235974440177538,0.07414817810058594,0.98,0.016432680698424046,0.016432680698424046,0.005925247321798533
1772526969.7661982,2423,0.8156299591064453,1226.046185325928,13.529415128272666,0.396983518359246,0.24951704726046064,2.5023327150975367,0.0069813436395882444,0.07414817810058594,0.98,0.017983272613351163,0.017983272613351163,0.008857519512102788
1772526969.7786458,2424,0.8459091186523438,1182.1600901916572,13.386097835865048,0.3811964679447642,0.2487770205456435,2.5023327150975367,0.005236007729691183,0.07414817810058594,0.98,0.018736784849221512,0.018736784849221512,0.012032671717644498
1772526969.7916539,2425,0.8637905120849609,1157.6881037813966,13.394998532490959,0.3757666807547457,0.2489336161761535,2.5023327150975367,0.010471948880355075,0.07414817810058594,0.98,0.022338946104157213,0.022338946104157213,0.010061827308597057
1772526969.8029609,2426,0.4973411560058594,2010.692233940556,13.091932575838618,0.501932757543706,0.25053590697911604,2.5023327150975367,0.005235974440177538,0.07414817810058594,0.98,0.021587718156801154,0.021587718156801154,0.015004000650837717
1772526969.8160949,2427,0.7314682006835938,1367.1134289439374,13.297339189058135,0.5014202551878376,0.25365012065964065,2.5023327150975367,0.006981343639588133,0.07414817810058594,0.98,0.027802462474206268,0.027802462474206268,0.00771424175969684
1772526969.8287718,2428,0.7863044738769531,1271.7719830200122,13.243983329480299,0.47176688649902193,0.2576877836756139,2.5023327150975367,0.0069813436395882444,0.07414817810058594,0.98,0.027125120118185613,0.027125120118185613,0.009913482312455013
1772526969.8416038,2429,0.8263587951660156,1210.1281015579918,13.232664545803324,0.48660648496034264,0.26328813227083037,2.5023327150975367,0.006981277060560953,0.07414817810058594,0.98,0.029164052802854622,0.029164052802854622,0.0079759614884224
1772526969.8529618,2430,0.5140304565429688,1945.4100185528757,13.045103976488813,0.5225170381163948,0.2695503080119892,2.5023327150975367,0.005235974440177538,0.07414817810058594,0.98,0.02682332317111132,0.02682332317111132,0.007909125387602538
1772526969.8661258,2431,0.7021427154541016,1424.211884550085,13.338757276807033,0.5780160265356933,0.2755505846277877,2.5023327150975367,0.00872664625997166,0.07414817810058594,0.98,0.02962964079067626,0.029629640790676256,0.01322217692074025
1772526969.878813,2432,0.7555484771728516,1323.5418112969392,13.337863180228887,0.46046209360592993,0.28512279329746737,2.5023327150975367,0.005236041019204829,0.07414817810058594,0.98,0.03179782553825824,0.03179782553825824,0.009812732491184554
1772526969.891768,2433,0.9148120880126953,1093.1206671879072,13.389311054632874,0.4770775331003426,0.29499442522071356,2.5023327150975367,0.006981277060560953,0.07414817810058594,0.98,0.03375445996887356,0.03375445996887356,0.014466825775767638
1772526969.9029944,2434,0.4832744598388672,2069.217562900839,13.269987707222212,0.5058383894992521,0.30770412032600103,2.5023327150975367,0.0069813436395882444,0.07414817810058594,0.98,0.033623710828778346,0.033623710828778346,0.023986625433627836
1772526969.916156,2435,0.7712841033935547,1296.5391035548687,13.671222000299574,0.6818511815760276,0.3241665419393521,2.5023327150975367,0.005235974440177538,0.07414817810058594,0.98,0.04470973218837815,0.04470973218837815,0.0109619818848357
1772526969.9288263,2436,0.7410049438476562,1349.5186615186615,13.796272316927139,0.5675788700670317,0.34025645029225304,2.5023327150975367,0.0069813436395882444,0.07414817810058594,0.98,0.04553570910574552,0.04553570910574552,0.009739365826681856
1772526969.9415486,2437,0.8699893951416016,1149.4392984379283,13.925290098044432,0.5838073354577424,0.35636373503064606,2.5023327150975367,0.006981277060560953,0.07414817810058594,0.98,0.04626846478774545,0.04626846478774545,0.009317496232224706
1772526969.95304,2438,0.4889965057373047,2045.0043881033641,13.978342054680304,0.5601006614940756,0.3711864498718624,2.5023327150975367,0.0069813436395882444,0.07414817810058594,0.98,0.042403818790474494,0.042403818790474494,0.008920367803207478
1772526969.9661734,2439,0.774383544921875,1291.3497536945813,14.383384148588434,0.6728617651513163,0.38502065702610216,2.5023327150975367,0.006981277060560953,0.07414817810058594,0.98,0.04549465607550701,0.04549465607550701,0.009454391475215823
1772526969.9788108,2440,0.8103847503662109,1233.9817593409825,14.49632736994689,0.4864429528850877,0.40187394790816916,2.5023327150975367,0.010472015459382256,0.07414817810058594,0.98,0.045706758878452526,0.045706758878452526,0.01717137621715934
1772526969.9917336,2441,0.8678436279296875,1152.2813186813187,14.675101524680548,0.4997784763160703,0.4222845292519442,2.5023327150975367,0.006981277060560953,0.07414817810058594,0.98,0.051587343319955015,0.051587343319955015,0.009142699569088749
1772526970.002999,2442,0.46324729919433594,2158.6742151312405,14.666364029597908,0.46832180602396106,0.4404209913047499,2.5023327150975367,0.0069813436395882444,0.07414817810058594,0.98,0.047184790401458045,0.047184790401458045,0.010852742721786686
1772526970.016156,2443,0.7212162017822266,1386.5467768595042,15.167198477399374,0.6875013670619484,0.4535152221004,2.5023327150975367,0.00872664625997166,0.07414817810058594,0.98,0.050009702777071195,0.050009702777071195,0.009138192479942908
1772526970.028887,2444,0.7920265197753906,1262.583985550873,15.276365611518381,0.423697764489593,0.4705496551799068,2.5023327150975367,0.005235974440177538,0.07414817810058594,0.98,0.049904167022897815,0.049904167022897815,0.010127360112222705
1772526970.0417109,2445,0.8533000946044922,1171.9206482257614,15.407033124708308,0.4101527170116804,0.483895616031138,2.5023327150975367,0.00872664625997166,0.07414817810058594,0.98,0.04793213574877586,0.04793213574877586,0.009356832863466568
1772526970.0528557,2446,0.4706382751464844,2124.774062816616,15.368038227129578,0.3748160047913589,0.49927126140021083,2.5023327150975367,0.0069813436395882444,0.07414817810058594,0.98,0.04418891609373511,0.04418891609373511,0.009273269979375063
1772526970.0660973,2447,0.7851123809814453,1273.7030063771638,15.886256761080487,0.6395809951202299,0.5127592612457286,2.5023327150975367,0.006981277060560953,0.07414817810058594,0.98,0.051390563338877954,0.051390563338877954,0.008211141777574071
1772526970.079111,2448,0.5877017974853516,1701.5432048681541,15.99180762762963,0.34963414830523604,0.5265213470668288,2.5023327150975367,0.01745329251994332,0.07414817810058594,0.98,0.05247091181371164,0.05247091181371164,0.049610478878908126
1772526970.091454,2449,0.8380413055419922,1193.2586059743956,15.897795822484163,0.37904949850118,0.5504992784455214,2.5023327150975367,0.0,0.07414817810058594,0.98,0.06465749635932908,0.06465749635932908,0.014372468320277805
1772526970.102874,2450,0.47016143798828125,2126.9290060851927,16.101580935111723,0.4660467870868848,0.5612878268245631,2.5023327150975367,0.013962687279176378,0.07414817810058594,0.98,0.05809426400095329,0.05809426400095329,0.03029018170793448
1772526970.116723,2451,1.001596450805664,998.4060937871935,16.630594051569965,0.6817611416543805,0.5765570871701204,2.5023327150975367,0.006981277060560953,0.07414817810058594,0.98,0.07743107143099652,0.07743107143099655,0.011685777405649824
1772526970.1290793,2452,1.003265380859375,996.745247148289,16.50106731688353,0.4605695337259992,0.5880852833041738,2.5023327150975367,0.0069813436395882444,0.07414817810058594,0.98,0.07329642337138075,0.07329642337138075,0.00949045982655802
1772526970.141654,2453,1.2199878692626953,819.6802814148915,16.617749416229465,0.4747523395283308,0.5953227652234286,2.5023327150975367,0.006981277060560953,0.07414817810058594,0.98,0.07187997326653352,0.07187997326653352,0.010660187707043457
1772526970.1528108,2454,0.4754066467285156,2103.4623871614845,16.698398745038975,0.46082935492610394,0.5999576471133202,2.5023327150975367,0.00872664625997166,0.07414817810058594,0.98,0.06574892414107439,0.06574892414107439,0.022770832218244278
1772526970.1657846,2455,0.7412433624267578,1349.0845931167578,17.003802896362078,0.5527998365428655,0.6029432761460121,2.5023327150975367,0.005236041019204829,0.07414817810058594,0.98,0.07804713928089994,0.07804713928089996,0.010873616681760163
1772526970.1785972,2456,0.8530616760253906,1172.2481833426496,16.95807088092358,0.4947607083105474,0.6035645855031687,2.5023327150975367,0.010471948880355075,0.07414817810058594,0.98,0.07485739803112018,0.0748573980311202,0.013953496240179627
1772526970.1916027,2457,1.2557506561279297,796.3364344028859,16.873003563331512,0.5502775378380899,0.6021163016064125,2.5023327150975367,0.0069813436395882444,0.07414817810058594,0.98,0.07678704604081707,0.07678704604081707,0.017072055253780853
1772526970.2032375,2458,0.820159912109375,1219.2744186046511,16.791039243013902,0.6288299233501569,0.6006971090824355,2.5023327150975367,0.005235974440177538,0.07414817810058594,0.98,0.07617551067458278,0.07617551067458278,0.011939176417870132
1772526970.216263,2459,1.0263919830322266,974.286643437863,17.035570920118875,0.7739154625988697,0.6026765346750907,2.5023327150975367,0.006981277060560953,0.07414817810058594,0.98,0.07773168921110675,0.07773168921110675,0.012544755037056383
1772526970.2289958,2460,1.2598037719726562,793.77441332324,16.987360288528446,0.8751022686078489,0.6104743180371315,2.5023327150975367,0.005236041019204718,0.07414817810058594,0.98,0.07047467035420699,0.07047467035420699,0.015693208338622755
1772526970.2416875,2461,1.359701156616211,735.4557250569876,17.106340049101597,1.0291348568680032,0.6253577152704122,2.5023327150975367,0.005235974440177538,0.07414817810058594,0.98,0.06441941629427586,0.06441941629427586,0.01574246006793636
1772526970.25328,2462,0.8361339569091797,1195.9806102081552,17.247937796489097,1.1777770477559346,0.648713581554324,2.5023327150975367,0.006981277060560953,0.07414817810058594,0.98,0.05510898713383067,0.05510898713383067,0.01855619663647646
1772526970.2662024,2463,0.9551048278808594,1047.0054917623565,17.824254004940382,1.549322876731835,0.7131431736722799,2.5023327150975367,0.0034906718197941222,0.07414817810058594,0.98,0.0625864174627044,0.0625864174627044,0.012699232835161039
1772526970.2789996,2464,1.2438297271728516,803.9685643089898,18.307875228239926,1.904923740793804,0.7966560373843785,2.5023327150975367,0.0069813436395882444,0.07414817810058594,0.98,0.05488947753114008,0.05488947753114008,0.012798423604600906
1772526970.291554,2465,1.2049674987792969,829.8979026513653,19.328230714628948,2.6316307055863115,0.9667538012675868,2.5023327150975367,0.0034906718197941222,0.07414817810058594,0.98,0.05555187485383707,0.05555187485383707,0.012242211781228349
1772526970.3033085,2466,0.8282661437988281,1207.3413932066783,20.712754736205195,3.3959470443703244,1.1481625779594955,2.5023327150975367,0.006981277060560953,0.07414817810058594,0.98,0.048958806756050556,0.04895880675605055,0.01440987572435889
1772526970.3165777,2467,1.271963119506836,786.1863167760075,22.716805457299586,4.499858987375155,1.4731439758584968,2.5023327150975367,0.0034906718197941222,0.07414817810058594,0.98,0.053424174485354026,0.053424174485354026,0.008913815858040032
1772526970.3291166,2468,1.247406005859375,801.6636085626911,24.76202102055303,5.6130997002101015,1.821341087707725,2.5023327150975367,0.0034906718197941222,0.07414817810058594,0.98,0.050839920719050774,0.050839920719050774,0.007515424523042951
1772526970.3418338,2469,1.3587474822998047,735.9719248991051,26.89908856481102,6.436299928850194,2.1338114664687526,2.5023327150975367,0.005235974440177538,0.07414817810058594,0.98,0.051599328561473465,0.051599328561473465,0.014117618629214715
1772526970.3532987,2470,0.8397102355957031,1190.8869960249858,28.679578708816244,6.936657692127215,2.4543118618504955,2.5023327150975367,0.0034906718197941222,0.07414817810058594,0.98,0.04985404047330911,0.04985404047330911,0.012597618512245168
1772526970.3659084,2471,0.7505416870117188,1332.3710292249048,29.95220098089067,7.062541051495546,2.6392832378882614,2.5023327150975367,0.003490638530280421,0.07414817810058594,0.98,0.05387438022160814,0.05387438022160814,0.01259600206353598
1772526970.378716,2472,0.8826255798339844,1132.9832522960562,30.247818644832645,6.7003708602508185,2.7016622177117755,2.5023327150975367,0.0034906718197941222,0.07414817810058594,0.98,0.05296571559353239,0.05296571559353239,0.011663333809673604
1772526970.3912086,2473,0.8630752563476562,1158.6475138121548,30.212536720003687,5.914157263432034,2.666035785766492,2.5023327150975367,0.005235974440177538,0.07414817810058594,0.98,0.050155480081977434,0.050155480081977434,0.008636415303671487
1772526970.4029398,2474,0.46515464782714844,2149.822655048693,29.958284336107873,5.0658476176825795,2.538036474120506,2.5023327150975367,0.0034906718197941222,0.07414817810058594,0.98,0.04999885460412468,0.04999885460412468,0.0070371164617067765
1772526970.4160283,2475,0.8788108825683594,1137.901247965274,29.371528249724157,4.385240022013303,2.3848361201086137,2.5023327150975367,0.0017453359098971166,0.07414817810058594,0.98,0.05331072380411659,0.0533107238041166,0.016465737689845012
1772526970.4290743,2476,1.1987686157226562,834.189339697693,28.46756189541112,3.670708884566463,2.2631165430166664,2.5023327150975367,0.003490638530280421,0.07414817810058594,0.98,0.04706469636660192,0.04706469636660192,0.004785114405759599
1772526970.4415867,2477,1.203298568725586,831.0489399643352,27.764101050648254,2.8698902799295802,2.1206691862587688,2.5023327150975367,0.0017453359098971166,0.07414817810058594,0.98,0.045902210819925154,0.04590221081992512,0.019103409032956126
1772526970.4533205,2478,0.8459091186523438,1182.1600901916572,27.31062570685984,2.1813952795271287,2.039650911546466,2.5023327150975367,0.003490671819794011,0.07414817810058594,0.98,0.03687969890922611,0.03687969890922611,0.007162112100507233
1772526970.4664276,2479,1.0616779327392578,941.905232427577,26.871657374010017,1.6796589806863556,1.9445805622516057,2.5023327150975367,0.0017453026203835265,0.07414817810058594,0.98,0.03903196800102791,0.03903196800102791,0.011127897366638143
1772526970.478972,2480,1.172780990600586,852.6741207562512,26.17678810221828,1.465026805899021,1.8675929265656204,2.5023327150975367,0.003490671819794011,0.07414817810058594,0.98,0.033928500859028314,0.033928500859028314,0.009321151199164435
1772526970.491567,2481,1.1906623840332031,839.868642370845,25.800044646561247,1.1491716325236436,1.7810815928540356,2.5023327150975367,0.0017453359098971166,0.07414817810058594,0.98,0.03525892163149245,0.03525892163149245,0.009116681504116828
1772526970.503339,2482,0.8640289306640625,1157.3686534216336,25.42950497315459,1.021748324765774,1.714073810547608,2.5023327150975367,0.0017453359098970611,0.07414817810058594,0.98,0.031664381190311494,0.03166438119031149,0.009095275599134756
1772526970.5163996,2483,1.111745834350586,899.4861677031954,25.172423616042217,0.8648573320772152,1.658409823874933,2.5023327150975367,0.003490638530280532,0.07414817810058594,0.98,0.0316436686485288,0.0316436686485288,0.01149504747570494
1772526970.5291965,2484,1.3065338134765625,765.3839416058394,24.604764414469052,0.9391760529477498,1.5826861726111565,2.5023327150975367,0.0017453359098970611,0.07414817810058594,0.98,0.034009397586208565,0.034009397586208565,0.008318831062873323
1772526970.5415711,2485,1.2385845184326172,807.3732435033686,24.211718532266204,0.8025341438563048,1.5271465032298173,2.5023327150975367,0.0034906718197941222,0.09655952453613281,0.98,0.031761709552749935,0.031761709552749935,0.011409970178209121
1772526970.5529404,2486,0.4744529724121094,2107.6904522613067,23.91036285330477,0.7195992032272345,1.4574437358356467,2.5023327150975367,0.003490638530280532,0.09655952453613281,0.98,0.03317478124288753,0.03317478124288753,0.012594969031345871
1772526970.5659676,2487,0.7445812225341797,1343.0368235670828,23.720408240113766,0.6665392540717435,1.3857976476049674,2.5023327150975367,0.0017453359098970056,0.09655952453613281,0.98,0.04045714654773344,0.04045714654773344,0.007925397963134559
1772526970.5785613,2488,0.8206367492675781,1218.5659500290528,23.120436862497726,0.8640599243181699,1.3308463820438357,2.5023327150975367,0.0034906718197941222,0.09655952453613281,0.98,0.036846855587870174,0.036846855587870174,0.006284629867803502
1772526970.5911021,2489,0.8168220520019531,1224.25685931115,22.71079863859417,0.7053112349390508,1.2709960981331252,2.5023327150975367,0.0017453359098970611,0.09655952453613281,0.98,0.03820795432168582,0.038207954321685826,0.02230043635786418
1772526970.60281,2490,0.46181678771972656,2165.360867320599,22.401220805808155,0.5774398304280884,1.2450625180345747,2.5023327150975367,0.005235974440177538,0.09655952453613281,0.98,0.027588516745999606,0.027588516745999606,0.005479363623269452
1772526970.615908,2491,0.7355213165283203,1359.5799027552673,22.31529340505357,0.4021139877492013,1.2066957591158094,2.5023327150975367,0.0034906718197941222,0.09655952453613281,0.98,0.029698667954964356,0.029698667954964352,0.01134673814812076
1772526970.6286397,2492,0.8013248443603516,1247.9333531686998,21.850975666450164,0.5824154464105374,1.1554386304332882,2.5023327150975367,0.005235974440177538,0.09655952453613281,0.98,0.03319090809894555,0.03319090809894555,0.027077249792926836
1772526970.641238,2493,0.8132457733154297,1229.6405746115508,21.44187129363681,0.552499358577499,1.082923816902928,2.5023327150975367,0.005235974440177538,0.09655952453613281,0.98,0.044127604710427405,0.044127604710427405,0.025752531406381566
1772526970.6529744,2494,0.4642009735107422,2154.2393425783257,20.97800024939869,0.6345789337148006,1.0033032874826786,2.5023327150975367,0.0069813436395882444,0.09655952453613281,0.98,0.05245920534955664,0.05245920534955664,0.035619059791955496
1772526970.6659133,2495,0.7297992706298828,1370.2397909180006,20.59992919366701,0.635253369364485,0.9098316436591378,2.5023327150975367,0.005235974440177538,0.09655952453613281,0.98,0.07114158712953537,0.07114158712953537,0.0165006498127532
1772526970.678664,2496,0.7793903350830078,1283.0541449984705,19.836264508665703,0.9615349951834476,0.8228003956357295,2.5023327150975367,0.006981310350074543,0.09655952453613281,0.98,0.07814122600133999,0.07814122600133999,0.019598727259760373
1772526970.6911373,2497,0.8149147033691406,1227.1222937390287,19.021230013330786,1.0185162856438417,0.7325654845667833,2.5023327150975367,0.005236007729691183,0.09655952453613281,0.98,0.08409567917460128,0.08409567917460128,0.006310512166165999
1772526970.7029374,2498,0.4725456237792969,2116.1977800201817,18.29674281642133,0.9429867500675938,0.6574346336105853,2.5023327150975367,0.006981310350074599,0.09655952453613281,0.98,0.08242250714296091,0.08242250714296091,0.00785492495748743
1772526970.715935,2499,0.7495880126953125,1334.0661577608143,17.751306255697664,0.8090580962459614,0.5865724651191263,2.5023327150975367,0.0034906385302804765,0.09655952453613281,0.98,0.08904489027229186,0.08904489027229186,0.01957366706728472
1772526970.7285328,2500,0.8265972137451172,1209.7790597057974,16.98353955223104,0.96862003581187,0.5322017588309783,2.5023327150975367,0.00872664625997166,0.09655952453613281,0.98,0.08078645286517445,0.08078645286517445,0.021949808243548776
1772526970.741237,2501,0.8351802825927734,1197.3462746217529,16.28266075864359,0.9168282954335408,0.46017348724344753,2.5023327150975367,0.0034906718197941222,0.09655952453613281,0.98,0.08963015385294133,0.08963015385294133,0.012080315501033955
1772526970.752958,2502,0.47588348388671875,2101.3547094188375,15.495116981626778,0.9954465712096301,0.4079258718527987,2.5023327150975367,0.008726646259971604,0.09655952453613281,0.98,0.08184373293989218,0.08184373293989218,0.01871653375385495
1772526970.7659075,2503,0.7085800170898438,1411.2732166890983,14.972758620138721,0.8372318247371666,0.349132249585176,2.5023327150975367,0.0034906718197941222,0.09655952453613281,0.98,0.09324138611167418,0.09324138611167418,0.01810195047888926
1772526970.778641,2504,0.7882118225097656,1268.6944948578343,14.267259587912186,1.0139670155766383,0.3080929336789351,2.5023327150975367,0.006981310350074599,0.09655952453613281,0.98,0.0870614436049533,0.0870614436049533,0.00771191673279502
1772526970.7912023,2505,0.8001327514648438,1249.792610250298,13.591804125593592,1.0304299570102942,0.26760985456817843,2.5023327150975367,0.005235974440177538,0.09655952453613281,0.98,0.08580026463306532,0.08580026463306532,0.007405502341864583
1772526970.8029754,2506,0.5013942718505859,1994.4384213029007,12.939410393455175,1.0511792575435794,0.23268635302105378,2.5023327150975367,0.005236007729691183,0.09655952453613281,0.98,0.08229631362749248,0.08229631362749248,0.007527645906964063
1772526970.8159647,2507,0.7681846618652344,1301.770328988206,12.568953860213927,0.9811364237196877,0.2046609566701648,2.5023327150975367,0.005235974440177538,0.09655952453613281,0.98,0.0883414875691855,0.0883414875691855,0.009912398847439144
1772526970.829837,2508,1.3959407806396484,716.3627668659266,12.205417101859483,1.1153319689057448,0.1824195029019749,2.5023327150975367,0.00872664625997166,0.10442733764648438,0.98,0.09464512427019725,0.09464512427019725,0.026706548803569746
1772526970.841964,2509,1.260519027709961,793.3240022697182,11.670437048434371,1.3329970570745973,0.1729993592092964,2.5023327150975367,0.005235974440177538,0.10442733764648438,0.98,0.09355959758986483,0.09355959758986483,0.01441137198729682
1772526970.8531928,2510,0.7681846618652344,1301.770328988206,11.460563531576152,1.4462047510077052,0.18888673629249286,2.5023327150975367,0.0034906718197940667,0.10442733764648438,0.98,0.09279595967780985,0.09279595967780985,0.009499758568734914
1772526970.8659012,2511,0.7452964782714844,1341.747920665387,11.877986022793937,1.7317680275424239,0.22516255089610385,2.5023327150975367,0.0034906718197941222,0.10442733764648438,0.98,0.09872216851593367,0.09872216851593367,0.019491083879631173
1772526970.878503,2512,0.8027553558349609,1245.7095337095336,12.551401816436227,1.9213809201318055,0.28341425301468903,2.5023327150975367,0.005235974440177538,0.10442733764648438,0.98,0.09380254289897683,0.09380254289897683,0.010895619253279275
1772526970.8910468,2513,0.7929801940917969,1261.065544197234,13.599890003703914,2.1084768391548887,0.38100481348067133,2.5023327150975367,0.0034906718197941222,0.10442733764648438,0.98,0.09212217263887289,0.09212217263887289,0.015856190269780055
1772526970.9028387,2514,0.4794597625732422,2085.680755842864,14.966679823585867,2.259798365254148,0.516542040076796,2.5023327150975367,0.0034906385302804765,0.10442733764648438,0.98,0.08566074046446587,0.08566074046446587,0.017148295953447107
1772526970.91587,2515,0.7171630859375,1394.3829787234042,16.972645677603786,2.6502255378562216,0.6983607823131172,2.5023327150975367,0.005236007729691183,0.10442733764648438,0.98,0.08806121961179794,0.08806121961179794,0.008953865501661116
1772526970.9285166,2516,0.7927417755126953,1261.4448120300751,19.290372242984365,2.8675934906226304,1.0394319712404483,2.5023327150975367,0.0034906385302804765,0.10442733764648438,0.98,0.0857105855648503,0.0857105855648503,0.016414727747267988
1772526970.9412062,2517,0.8223056793212891,1216.0927805160916,22.394927426019077,3.548101574958446,1.531454654116375,2.5023327150975367,0.0034906718197941222,0.10442733764648438,0.98,0.0830300719506939,0.0830300719506939,0.019549818277980788
1772526970.9529483,2518,0.4508495330810547,2218.034902168165,26.302695981102488,4.297440505340981,2.309422036607296,2.5023327150975367,0.005235974440177538,0.10442733764648438,0.98,0.07534106997700189,0.07534106997700189,0.009276418354347907
1772526970.965888,2519,0.7355213165283203,1359.5799027552673,31.827744682677288,5.977138717796034,3.9128674186086814,2.5023327150975367,0.0017453359098970611,0.10442733764648438,0.98,0.0792518305893145,0.0792518305893145,0.023741904195797216
1772526970.9789846,2520,1.2013912200927734,832.3683270490177,38.87166149649307,8.02734054341677,6.778530635367732,2.5023327150975367,0.0034906718197940667,0.10442733764648438,0.98,0.07437388772577402,0.07437388772577401,0.02459968844930256
1772526970.9917145,2521,1.3401508331298828,746.1846646504181,48.471557502647464,12.250354885600828,12.69571288392299,2.5023327150975367,0.006981310350074599,0.10442733764648438,0.98,0.06956781644494558,0.06956781644494558,0.02785072144243692
1772526971.002891,2522,0.46944618225097656,2130.169629253428,78.02978746589075,50.40984736421753,42.57957492890866,2.5023327150975367,0.0017453359098970611,0.10442733764648438,0.98,0.07784821314500003,0.07784821314500001,0.024567795059978127
1772526971.0159802,2523,0.7250308990478516,1379.2515619861888,90.76712789503468,61.621246092981806,52.22958630016202,2.5023327150975367,0.005235974440177538,0.10442733764648438,0.98,0.09596715336698239,0.09596715336698239,0.037450061297481185
1772526971.0286307,2524,0.7789134979248047,1283.8396082032446,67.96761375004618,29.177130553922662,14.689041368759273,2.5023327150975367,0.006981310350074599,0.10442733764648438,0.98,0.09479223596739568,0.09479223596739568,2.270125125368248
1772526971.041061,2525,0.8254051208496094,1211.526285384171,49.07412070331739,21.78094711257021,0.11859596340392362,2.5023327150975367,0.0034906718197941222,0.10442733764648438,0.98,0.9098112548609544,0.9098112548609544,1.2214879401276315
1772526971.0532758,2526,0.8542537689208984,1170.6123360312588,35.89223332122118,14.138601521061489,2.403077532032797,2.5023327150975367,0.005235974440177538,0.10442733764648438,0.98,0.8514209046366492,0.8514209046366492,0.7975597977872384
1772526971.0659316,2527,0.6761550903320312,1478.950634696756,29.7690303458306,8.468033682557218,0.738695555772278,2.5023327150975367,0.005236007729691128,0.10442733764648438,0.98,0.8325547954324652,0.8325547954324652,0.5514620589995063
1772526971.0785165,2528,0.7777214050292969,1285.8074800735744,24.67030123865409,7.735103880089264,0.32949193823671974,2.5023327150975367,0.005235974440177538,0.10442733764648438,0.98,0.7482679260268168,0.7482679260268168,0.39672258321890336
1772526971.0911033,2529,0.8268356323242188,1209.4302191464822,21.262657595061416,5.111619128278212,0.2906233981287453,2.5023327150975367,0.006981310350074599,0.10442733764648438,0.98,0.6719151000877599,0.6719151000877599,0.5014164365512134
1772526971.1028872,2530,0.5173683166503906,1932.8589861751152,19.383606107641793,3.3970976336015912,0.5916507558355398,2.5023327150975367,0.005235974440177538,0.10442733764648438,0.98,0.49858561008972463,0.49858561008972463,0.5545087074580678
1772526971.1160011,2531,0.8111000061035156,1232.8935920047031,19.24987854752544,3.132821501799605,0.3948561005194867,2.5023327150975367,0.005235974440177538,0.10442733764648438,0.98,0.3647658093447842,0.3647658093447842,0.545065293144609
1772526971.1286082,2532,0.8020401000976562,1246.8204518430439,18.625064565005257,1.8229336371550504,0.2666241479239959,2.5023327150975367,0.005235974440177538,0.10442733764648438,0.98,0.20334579701208888,0.20334579701208888,0.4402320460019845
1772526971.141073,2533,0.7712841033935547,1296.5391035548687,17.504260761584845,1.7850709227069572,0.3159525804058314,2.5023327150975367,0.006981310350074599,0.10442733764648438,0.98,0.10540081129612994,0.10540081129612994,0.33424628227962017
1772526971.152929,2534,0.4627704620361328,2160.898505924781,16.65447230199632,2.3067862263763406,0.4035643926186159,2.5023327150975367,0.005236007729691183,0.10442733764648438,0.98,0.09929896550291169,0.09929896550291169,0.2369820229870259
1772526971.1659439,2535,0.7328987121582031,1364.4450227716331,16.713061323485704,2.547636333170431,0.4958707118354263,2.5023327150975367,0.006981310350074543,0.10442733764648438,0.98,0.146962912876992,0.146962912876992,0.1788911082902197
1772526971.1786358,2536,0.7898807525634766,1266.0138846966495,17.091558620438708,2.405626009722678,0.586986550379583,2.5023327150975367,0.006981310350074599,0.10442733764648438,0.98,0.18622082082701744,0.18622082082701744,0.11290107958826619
1772526971.1912773,2537,0.8182525634765625,1222.1165501165501,17.60179908501907,2.1074722180139807,0.6527523554398138,2.5023327150975367,0.006981310350074599,0.10442733764648438,0.98,0.20708099396551924,0.20708099396551924,0.07789217810861855
1772526971.2028687,2538,0.4799365997314453,2083.6085444610035,17.91060737981739,1.8505013774808663,0.6904509985105458,2.5023327150975367,0.013962653989662843,0.10442733764648438,0.98,0.1997865004917909,0.1997865004917909,0.11108906515713361
1772526971.215974,2539,0.7469654083251953,1338.750079795723,18.343714619468017,2.0367361030840527,0.6919323150820864,2.5023327150975367,0.010471982169868665,0.10442733764648438,0.98,0.25073951047434495,0.25073951047434495,0.0797114488235944
1772526971.2285914,2540,0.7851123809814453,1273.7030063771638,18.159859812621328,2.77196255249384,0.6694766116592041,2.5023327150975367,0.006981310350074599,0.10442733764648438,0.98,0.26372565819230254,0.26372565819230254,0.07234863829868549
1772526971.2411804,2541,0.8389949798583984,1191.9022449559534,18.175055826600545,4.40572302449007,0.7557422101308294,2.5023327150975367,0.006981310350074599,0.10442733764648438,0.98,0.25669216295523206,0.25669216295523206,0.07473236350505218
1772526971.2529955,2542,0.4928112030029297,2029.1746492501209,19.21232126721731,6.638628041350517,1.020852952211465,2.5023327150975367,0.00872664625997166,0.10442733764648438,0.98,0.24184622854056312,0.24184622854056312,0.07257733197134154
1772526971.2659757,2543,0.7147789001464844,1399.0340226817877,21.793489008897957,7.965730522936551,1.2427535081040235,2.5023327150975367,0.0034906718197941222,0.10442733764648438,0.98,0.25936297866500374,0.25936297866500374,0.1178329268563218
1772526971.2786021,2544,0.7574558258056641,1320.2090022033365,23.53064209249161,6.911409642770328,1.257527123283438,2.5023327150975367,0.005235974440177538,0.10442733764648438,0.98,0.23373087609431523,0.23373087609431523,0.0766368441712443
1772526971.2911055,2545,0.8013248443603516,1247.9333531686998,23.76500972223268,5.244594385304956,1.2055537749470082,2.5023327150975367,0.005235974440177538,0.10442733764648438,0.98,0.21680405805107675,0.21680405805107675,0.03669152970644314
1772526971.3034787,2546,0.9183883666992188,1088.8639667705088,23.134838939693022,4.140998402074096,1.0992017726790824,2.5023327150975367,0.0034906718197941222,0.10442733764648438,0.98,0.20554473500987788,0.20554473500987788,0.04473982130245489
1772526971.316423,2547,1.0416507720947266,960.0146486610208,22.29197694128181,3.27036829102931,0.9904642758776548,2.5023327150975367,0.0052359910849343605,0.10442733764648438,0.98,0.2074706597240855,0.2074706597240855,0.05352800836153617
1772526971.328651,2548,0.8223056793212891,1216.0927805160916,21.056794548006142,2.6307698012540643,0.8471318963817471,2.5023327150975367,0.003490638530280532,0.10442733764648438,0.98,0.20309706517524448,0.20309706517524448,0.053890920345001855
1772526971.3416464,2549,1.2257099151611328,815.8537249562341,20.01680141429748,2.0218052546862717,0.7520540744202621,2.5023327150975367,0.0034906718197941222,0.10442733764648438,0.98,0.1921574236538904,0.19215742365389044,0.03977062835086541
1772526971.352904,2550,0.5240440368652344,1908.2365787079164,18.848486097355682,1.7353983788959042,0.6354919633836127,2.5023327150975367,0.0034906551750372716,0.10442733764648438,0.98,0.17951895119793118,0.17951895119793118,0.034655123468632705
1772526971.3659759,2551,0.7061958312988281,1416.037812288994,18.03162374210964,1.3372417581028297,0.5424202158800908,2.5023327150975367,0.0034906551750372994,0.10442733764648438,0.98,0.19024133080881545,0.19024133080881545,0.032804543204199586
1772526971.3786705,2552,0.7700920104980469,1298.5461300309598,16.813893425133756,1.5461797301228095,0.4369014642052732,2.5023327150975367,0.0034906551750372994,0.10442733764648438,0.98,0.18753044809967195,0.18753044809967195,0.02876807305160577
1772526971.3910358,2553,0.8203983306884766,1218.9200813716943,15.600236475429549,1.5657335327277049,0.3432243858442962,2.5023327150975367,0.0034906551750372994,0.10442733764648438,0.98,0.1850575596290696,0.1850575596290696,0.0270870788659051
1772526971.402905,2554,0.47278404235839844,2115.130610186586,14.496664276709799,1.5631455899304676,0.27142623449812053,2.5023327150975367,0.0034906718197941222,0.10442733764648438,0.98,0.1806740395761587,0.1806740395761587,0.031568688075135284
1772526971.4159315,2555,0.7493495941162109,1334.490614062997,13.615538195417145,1.5700346754203192,0.22278210852589125,2.5023327150975367,0.0034906551750372994,0.10442733764648438,0.98,0.18405915412185922,0.18405915412185922,0.030144279357291116
1772526971.4290354,2556,1.1067390441894531,903.5553640672124,12.77512960005312,1.7664418279955976,0.19537091774914067,2.5023327150975367,0.0034906551750372716,0.10442733764648438,0.98,0.18024184730082587,0.18024184730082587,0.028187843653524017
1772526971.4416068,2557,0.988006591796875,1012.1389961389962,12.206155456067473,1.9772426787577289,0.2068241950008301,2.5023327150975367,0.0052359910849343605,0.10442733764648438,0.98,0.17516408236708977,0.17516408236708977,0.045852880040325145
1772526971.453376,2558,0.8132457733154297,1229.6405746115508,12.219008477297129,2.4654694416431377,0.31831946725144006,2.5023327150975367,0.0017453359098970611,0.10442733764648438,0.98,0.1717048295694211,0.1717048295694211,0.04031742968526472
1772526971.466425,2559,1.096963882446289,911.6070419474028,13.744734549508504,3.5118446740890668,0.48989057028245814,2.5023327150975367,0.0034906718197941222,0.10442733764648438,0.98,0.1779339837831354,0.1779339837831354,2.176308938729092
1772526971.4790967,2560,1.1701583862304688,854.5851670741646,17.267562193562135,5.5788833959120065,1.1957242744877683,2.5023327150975367,0.005235974440177538,0.10442733764648438,0.98,0.6901592570052874,0.6901592570052874,1.383289650520229
1772526971.4915433,2561,1.1837482452392578,844.7742195367573,28.913700230441368,18.86345545082705,5.062767643377897,2.5023327150975367,0.0034906718197940945,0.10442733764648438,0.98,1.2082280480832288,1.2082280480832288,0.4931924685278782
1772526971.5033422,2562,0.8175373077392578,1223.185768445611,34.58846127643939,9.3388664795278,0.7269153307236079,2.5023327150975367,0.0034906385302804765,0.10442733764648438,0.98,1.4151887311660463,1.4151887311660463,2.304226655048903
1772526971.516685,2563,1.1699199676513672,854.7593234155288,47.42334815698146,26.952224931263196,13.83102039039297,2.5023327150975367,0.0034906718197941222,0.10442733764648438,0.98,1.457371392136105,1.457371392136105,3.810393554096056
1772526971.5290818,2564,1.1265277862548828,887.6833862433863,43.54425070321527,7.3277631538633115,0.1366872973817005,2.5023327150975367,0.0034906718197941222,0.10442733764648438,0.98,2.753748941252668,2.753748941252668,0.9162407588281433
1772526971.5419378,2565,1.2507438659667969,799.5242089210827,29.71252551647678,14.406106632549776,0.3290156100741242,2.5023327150975367,0.0034906551750372994,0.10442733764648438,0.98,2.5495707158847694,2.5495707158847694,1.8130747711613673
1772526971.5531547,2566,0.5362033843994141,1864.9639839928857,21.70367612272321,8.481134115000364,0.17808190081584072,2.5023327150975367,0.0034906718197941222,0.10442733764648438,0.98,1.8126616515532636,1.8126616515532636,1.3586868826790701
1772526971.5666208,2567,1.1289119720458984,885.8086589229144,17.512085617637993,4.807732755921051,0.17505051191404483,2.5023327150975367,0.0034906551750372994,0.05340576171875,0.98,2.2657449266018093,2.2657449266018093,0.7510444077275559
1772526971.5790138,2568,1.0607242584228516,942.7520791189031,15.416864349886975,2.55043364172545,0.40614226063197983,2.5023327150975367,0.0034906551750372994,0.05340576171875,0.98,2.0567229919164096,2.0567229919164096,1.1665250968901781
1772526971.5917807,2569,1.253366470336914,797.8512459577706,14.505109146544207,1.567036958422955,0.15100104693336547,2.5023327150975367,0.0034906718197940945,0.05340576171875,0.98,1.812553692642782,1.812553692642782,1.170245236833895
1772526971.6034498,2570,0.8924007415771484,1120.5728025647877,13.907672707728548,1.2758102315846307,0.3409316222268301,2.5023327150975367,0.005235974440177538,0.05340576171875,0.98,1.9678285337968608,1.9678285337968608,0.4043962799825051
1772526971.6164548,2571,0.9996891021728516,1000.3109945146673,15.194073537718731,2.3522473562673976,0.7953733937115903,2.5023327150975367,0.0034906718197941222,0.05340576171875,0.98,2.0919725674056404,2.0919725674056404,0.972471555495154
1772526971.6286738,2572,0.7045269012451172,1419.3922165820643,20.602554090256366,6.852704847345877,2.1589255489404495,2.5023327150975367,0.005235974440177538,0.05340576171875,0.98,1.8120976866607637,1.8120976866607637,1.3651254522419671
1772526971.6417732,2573,1.2156963348388672,822.5738380074524,42.96836193110708,32.0487681638738,11.37915569900274,2.5023327150975367,0.0034906718197940945,0.05340576171875,0.98,1.5715588435892818,1.5715588435892818,1.009021706222494
1772526971.6535225,2574,0.9045600891113281,1105.5097522403796,51.48853119119832,20.65083805365298,9.221926000442945,2.5023327150975367,0.0017453359098970334,0.05340576171875,0.98,1.6575366992372709,1.6575366992372709,0.1198679198058624
1772526971.6663764,2575,1.018524169921875,981.812734082397,42.04442929553471,15.220863665806078,1.2284448878910763,2.5023327150975367,0.0034906551750372994,0.05340576171875,0.98,1.7821394492366125,1.7821394492366125,0.7393662318537837
1772526971.67913,2576,1.0645389556884766,939.3737961926092,29.750893345298486,13.118500776248075,0.34143496470059187,2.5023327150975367,0.003490663497415697,0.05340576171875,0.98,1.607250383641274,1.607250383641274,0.9909598701394937
1772526971.6916797,2577,1.2242794036865234,816.8070107108082,21.976566169438446,8.232842003788901,0.26992561003852567,2.5023327150975367,0.0017453192651402383,0.05340576171875,0.98,1.397715284371372,1.397715284371372,1.029752305993064
1772526971.7033672,2578,0.8175373077392578,1223.185768445611,17.588413812282,4.897385627083708,0.2610090154916574,2.5023327150975367,0.0017453359098970611,0.05340576171875,0.98,1.18391148777373,1.18391148777373,1.4589805175985435
1772526971.7162654,2579,1.0180473327636719,982.2725995316159,15.060722801165845,3.0645630974634206,0.10461051527670788,2.5023327150975367,0.0017453359098970611,0.09393692016601562,0.98,1.439391990386981,1.439391990386981,0.3141916558097463
1772526971.729116,2580,1.0995864868164062,909.4327840416305,14.512068413194184,1.6461017259460693,0.739489615652629,2.5023327150975367,0.0017453359098970611,0.09393692016601562,0.98,1.4388161327870492,1.4388161327870492,0.38793187398182793
1772526971.7420077,2581,1.306295394897461,765.5236356999452,15.011313348985723,1.8689440848663565,0.22240164614626348,2.5023327150975367,0.0034906718197940667,0.09393692016601562,0.98,1.371326999979832,1.371326999979832,0.71004040108809
1772526971.7533672,2582,0.8153915405273438,1226.4046783625731,14.050374658107417,1.3953935011676246,0.12815793311020793,2.5023327150975367,0.0034906385302804765,0.09393692016601562,0.98,1.1273435493387274,1.1273435493387274,0.8713882740123986
1772526971.7664268,2583,1.0540485382080078,948.7229133680163,13.089402593908165,1.2756443253701042,0.16581969209694036,2.5023327150975367,0.0034906634974157247,0.09393692016601562,0.98,1.039427078592441,1.039427078592441,0.9348804448503109
1772526971.7790914,2584,1.1374950408935547,879.1247118004611,12.18219686724706,1.3619774774383329,0.16765211680491215,2.5023327150975367,0.0017453275875186358,0.09393692016601562,0.98,0.8139332468079222,0.8139332468079222,0.8910905145688119
1772526971.7918448,2585,1.2559890747070312,796.1852695520122,11.60205665444525,1.1423893649498975,0.14433114005275843,2.5023327150975367,0.0017453359098970611,0.09393692016601562,0.98,0.63338469358898,0.63338469358898,0.8078723144536807
1772526971.8034017,2586,0.8275508880615234,1208.384903486027,11.042283218541524,0.929346825564252,0.11926665062925434,2.5023327150975367,0.0017453359098970611,0.09393692016601562,0.98,0.4410802774962691,0.4410802774962691,0.6745319063553084
1772526971.8159673,2587,0.7016658782958984,1425.1797485558955,10.740122237395145,0.5798225515210107,0.10440310150029934,2.5023327150975367,0.001745329668113249,0.09393692016601562,0.98,0.33771234321599986,0.33771234321599986,0.567140206168466
1772526971.8287034,2588,0.7622241973876953,1311.9499530810135,10.408648463363006,0.5471160351408704,0.11653732346373158,2.5023327150975367,0.0017453275875186358,0.09393692016601562,0.98,0.22699873839957638,0.22699873839957638,0.4592888939542943
1772526971.8414075,2589,0.8227825164794922,1215.388003477253,10.338734100225125,0.8188041286079076,0.18271700168440025,2.5023327150975367,0.0017453359098970611,0.09393692016601562,0.98,0.1389702082893488,0.1389702082893488,0.35467622182906255
1772526971.852983,2590,0.469207763671875,2131.2520325203254,10.838018461507174,1.454166181121129,0.3107995344182702,2.5023327150975367,0.0,0.09393692016601562,0.98,0.06908870018264875,0.06908870018264875,0.25508223616438797
1772526971.8660157,2591,0.6618499755859375,1510.9164265129682,12.605055228713637,2.505220129727954,0.4789893255247313,2.5023327150975367,0.001745329668113249,0.09393692016601562,0.98,0.05111743474335868,0.05111743474335868,0.16970658862961135
1772526971.8785691,2592,0.7340908050537109,1362.2292952257226,14.830234646532647,2.7943723342426035,0.6519517077228794,2.5023327150975367,0.0,0.09393692016601562,0.98,0.07027661219490018,0.07027661219490018,0.09323045295043311
1772526971.8920941,2593,1.3136863708496094,761.2166969147005,17.045383459978638,2.6527151458483433,0.7938296721487051,2.5023327150975367,0.0034906551750372994,0.09393692016601562,0.98,0.09155666017430883,0.09155666017430883,0.10424417452543798
1772526971.902919,2594,0.5068778991699219,1972.8617121354657,18.512994516282973,1.960207414891018,0.9534338612861174,2.5023327150975367,0.0017453317487078485,0.09393692016601562,0.98,0.06950671208122103,0.06950671208122103,0.09551032441133349
1772526971.9157794,2595,0.7278919219970703,1373.830330822142,20.288543671067718,2.1763219076627647,1.1292999596308297,2.5023327150975367,0.005235991084934347,0.09393692016601562,0.98,0.07846365734593279,0.07846365734593279,0.032871850331141546
1772526971.9285035,2596,0.8175373077392578,1223.185768445611,21.471520988276993,1.7173176122712723,1.2980726541472867,2.5023327150975367,0.001745329668113249,0.09393692016601562,0.98,0.07916565769297557,0.07916565769297557,0.043078525165373395
1772526971.9410493,2597,0.8573532104492188,1166.3804226918799,22.431462560720608,1.6087474060483655,1.41134686651002,2.5023327150975367,0.0017453359098970611,0.09393692016601562,0.98,0.07017816885191341,0.07017816885191341,0.04320002962031749
1772526971.9529378,2598,0.49686431884765625,2012.6218809980805,23.207484182055126,1.4567231599607104,1.4858644903125244,2.5023327150975367,0.003490663497415711,0.09393692016601562,0.98,0.06204657443659044,0.06204657443659044,0.04380635012969098
1772526971.966073,2599,0.7696151733398438,1299.3506815365552,23.892661690861868,1.4506408649529001,1.5955977410194764,2.5023327150975367,0.003490659336226498,0.09393692016601562,0.98,0.06435131874978917,0.06435131874978917,0.051086583872577
1772526971.9786556,2600,0.7061958312988281,1416.037812288994,24.38633041761276,1.7762892638912635,1.7429066028302924,2.5023327150975367,0.0017453275875186497,0.09393692016601562,0.98,0.06607860784630427,0.06607860784630427,0.04004064096710194
1772526971.9913177,2601,0.8268356323242188,1209.4302191464822,25.03952425164334,2.2761165838826636,1.806966498496345,2.5023327150975367,0.0017453359098970611,0.09393692016601562,0.98,0.059635778439901505,0.059635778439901505,0.045390594181513866
1772526972.0029397,2602,0.48470497131347656,2063.110673880964,25.497688590385764,2.3210208170298574,1.801469698180644,2.5023327150975367,0.005235991084934388,0.09393692016601562,0.98,0.050598607288840365,0.050598607288840323,0.12141879538317275
1772526972.015992,2603,0.6968975067138672,1434.9312350325008,25.388663915642805,1.6986436041463977,1.6074188215259768,2.5023327150975367,0.0034906551750372994,0.09393692016601562,0.98,0.07996640090611908,0.07996640090611908,0.05449914290461786
1772526972.028703,2604,0.7429122924804688,1346.0539152759948,24.401676230304336,1.413256690242007,1.4817931807272264,2.5023327150975367,0.003490655175037327,0.09393692016601562,0.98,0.09557812395280466,0.09557812395280466,0.05678854486099184
1772526972.0413966,2605,0.8039474487304688,1243.8623962040333,23.555145126214516,1.0996237766810824,1.3503343024831589,2.5023327150975367,0.005235991084934333,0.09393692016601562,0.98,0.11226603727096361,0.11226603727096361,0.08236908897595469
1772526972.05294,2606,0.47206878662109375,2118.3353535353535,22.762728703957578,0.941597651943015,1.2036194591512077,2.5023327150975367,0.0034906551750372716,0.09393692016601562,0.98,0.1349996258072664,0.1349996258072664,0.061378686907039674
1772526972.0665925,2607,1.0814666748046875,924.6701940035273,22.204359693646335,0.7066230167884543,1.1001548979285645,2.5023327150975367,0.0017453359098970611,0.09393692016601562,0.98,0.15928727936950413,0.15928727936950413,0.06656815251724965
1772526972.0790734,2608,1.0800361633300781,925.8949227373068,21.207700298025323,1.0982812997176181,1.0229635454563266,2.5023327150975367,0.0017453275875186497,0.09393692016601562,0.98,0.13826926524381605,0.13826926524381605,0.09467593934128633
1772526972.091677,2609,0.9114742279052734,1097.123724823437,20.698515953627506,0.7791452536963516,0.9762453081483187,2.5023327150975367,0.0017453359098970334,0.09393692016601562,0.98,0.11221154810357871,0.11221154810357871,0.060315237643469126
1772526972.1033444,2610,0.8161067962646484,1225.329827636576,20.160961086696673,0.8326715489237944,0.9070618016408668,2.5023327150975367,0.0017453275875186497,0.09393692016601562,0.98,0.12247027707916178,0.12247027707916178,0.03500625548908155
1772526972.1164465,2611,1.0590553283691406,944.2377307519135,20.02084498052433,0.5344358531895993,0.8579873980399032,2.5023327150975367,0.0034906718197941222,0.09393692016601562,0.98,0.13834606113330425,0.13834606113330425,0.04479807259968894
1772526972.1292567,2612,1.0716915130615234,933.1043381535039,19.415202092280886,0.7238647607608606,0.8083953558978902,2.5023327150975367,0.0034906551750372994,0.09393692016601562,0.98,0.15085016078579275,0.15085016078579275,0.10392384159394905
1772526972.1422968,2613,1.7032623291015625,587.1086226203807,18.853972117987805,0.6761980308187273,0.7543794674604647,2.5023327150975367,0.003490663497415697,0.09393692016601562,0.98,0.18631491158512675,0.18631491158512675,0.08423100943429788
1772526972.1530004,2614,0.5047321319580078,1981.248937175248,18.438791603042755,0.7384663039891783,0.7134280192110259,2.5023327150975367,0.0034906551750372994,0.09393692016601562,0.98,0.20549723669816655,0.20549723669816655,0.04883387754275996
1772526972.1664693,2615,0.9970664978027344,1002.9421329507413,18.412080708676235,0.9055050019430592,0.695203726289806,2.5023327150975367,0.0034906551750372994,0.09393692016601562,0.98,0.23532534937683436,0.23532534937683436,0.06921927045532225
1772526972.1791768,2616,1.0564327239990234,946.5818099751749,18.090218614168247,1.359233711925382,0.7124004340577903,2.5023327150975367,0.0034906551750372994,0.09393692016601562,0.98,0.25176630999884136,0.25176630999884136,0.12353063313100593
1772526972.1918182,2617,1.184701919555664,844.0941839404306,18.533273364441815,2.4692286156884005,0.9255603826896645,2.5023327150975367,0.003490663497415697,0.09393692016601562,0.98,0.2956527548483701,0.2956527548483701,0.09351044355774127
1772526972.203301,2618,0.7948875427246094,1258.0395920815836,22.88138336611069,7.887123890949244,2.4736633101516494,2.5023327150975367,0.0034906551750372994,0.09393692016601562,0.98,0.3129482003279107,0.3129482003279107,0.010197680322470225
1772526972.2164714,2619,0.9837150573730469,1016.5545322346098,53.390113651848964,43.58895798187887,16.25785685785296,2.5023327150975367,0.0052359910849343605,0.09393692016601562,0.98,0.34724780669769034,0.34724780669769034,5.570231354061926
1772526972.2286677,2620,0.6842613220214844,1461.4299651567944,46.47983773520058,12.16770316113423,2.3114731014671617,2.5023327150975367,0.006981326994831422,0.09393692016601562,0.98,3.8278612799132703,3.8278612799132703,1.5079442059893482
1772526972.2415133,2621,0.8218288421630859,1216.7983753988976,33.715372747172054,17.956020881603653,0.6378271497748351,2.5023327150975367,0.005235974440177538,0.09393692016601562,0.98,3.0034289314724463,3.0034289314724463,2.3894844927286893
1772526972.252987,2622,0.49424171447753906,2023.3014954172697,28.029096577032465,9.5383855820507,1.8241216384926893,2.5023327150975367,0.008726646259971632,0.09393692016601562,0.98,1.8404413226775114,1.8404413226775114,2.018233787804113
1772526972.266198,2623,0.6496906280517578,1539.194128440367,26.808139941312294,6.731884201276433,1.1493495956750648,2.5023327150975367,0.00872664625997166,0.09393692016601562,0.98,1.2509235558860883,1.2509235558860883,1.8296015559463052
1772526972.278798,2624,0.6611347198486328,1512.5510277677606,24.095368907918086,3.691112460668008,0.6881846343723286,2.5023327150975367,0.008726646259971632,0.09393692016601562,0.98,0.66907222678331,0.66907222678331,1.3042293983208217
1772526972.2916083,2625,0.8654594421386719,1155.45564738292,22.1149689678611,4.075834050935501,1.1125795959805564,2.5023327150975367,0.01745329251994332,0.09393692016601562,0.98,0.542618343958384,0.542618343958384,1.1044344203241607
1772526972.3029106,2626,0.453948974609375,2202.890756302521,25.63257874099089,10.030500577883826,3.109259271697863,2.5023327150975367,0.010471982169868693,0.09393692016601562,0.98,0.5957269823179521,0.5957269823179521,0.8756727234422675
1772526972.3161416,2627,0.6654262542724609,1502.7961304192045,30.91194633568918,10.93989782219809,2.885143994399125,2.5023327150975367,0.010471982169868693,0.09393692016601562,0.98,0.8737134810974103,0.8737134810974103,0.8178203624863917
1772526972.328675,2628,0.7338523864746094,1362.6718648473034,30.408984044183367,7.97783067249414,0.9342800406689178,2.5023327150975367,0.013962629022527595,0.09393692016601562,0.98,0.9830820722366639,0.9830820722366639,0.5462688431827937
1772526972.3421385,2629,1.386880874633789,721.042461750043,26.01201746652562,5.655303968144786,0.6650969348987454,2.5023327150975367,0.012217301435008945,0.09393692016601562,0.98,1.0048253426557467,1.0048253426557467,0.4557016550099832
1772526972.3534086,2630,0.8482933044433594,1178.8375491849354,21.821643667549118,5.383000612422084,0.47239732797363326,2.5023327150975367,0.013962637344906006,0.09393692016601562,0.98,0.9615473593723124,0.9615473593723124,0.20043443497373262
1772526972.36712,2631,1.3816356658935547,723.7798101811907,19.327388113113972,3.736762691800831,0.31116373951536475,2.5023327150975367,0.010471973847490296,0.09393692016601562,0.98,1.0691217644918445,1.0691217644918445,3.0668755510025543
1772526972.379583,2632,1.1913776397705078,839.3644186511907,16.96284801220996,3.0716758074927157,0.26821915838369903,2.5023327150975367,0.013962637344905993,0.09393692016601562,0.98,0.1160980197908857,0.1160980197908857,1.000501809220199
1772526972.3920152,2633,1.3720989227294922,728.810425716768,15.035983385458227,2.3037268331210865,0.14784913185731124,2.5023327150975367,0.013962629022527595,0.09393692016601562,0.98,0.17105077028913018,0.17105077028913024,0.1961006685328249
1772526972.4033635,2634,0.8194446563720703,1220.3386674425371,13.570545354374573,1.8990673911582732,0.2041223190724651,2.5023327150975367,0.013962637344906,0.09393692016601562,0.98,0.15995911007323235,0.15995911007323235,0.26387548549697953
1772526972.4165676,2635,1.0967254638671875,911.8052173913044,13.30418448583347,1.6127489282003238,0.34447381258200926,2.5023327150975367,0.012217301435008945,0.09393692016601562,0.98,0.1331949957174772,0.1331949957174772,0.5931525150876873
1772526972.4289298,2636,1.1594295501708984,862.4931112482006,14.94903299527933,2.7277744557844597,0.9088656002953415,2.5023327150975367,0.010471978008679494,0.09393692016601562,0.98,0.07204491071967155,0.07204491071967155,0.6118194883923608
1772526972.441408,2637,0.8552074432373047,1169.3069417340396,19.590250110297635,6.048235770720075,1.7167798284743463,2.5023327150975367,0.00872664625997165,0.09393692016601562,0.98,0.1298421687537193,0.1298421687537193,0.6189333645590827
1772526972.4529722,2638,0.4992485046386719,2003.0105062082139,24.394257704380472,8.454816277933862,1.9236923611279548,2.5023327150975367,0.008726645219674346,0.09393692016601562,0.98,0.21600243054483212,0.21600243054483212,1.8912813603792116
1772526972.4661,2639,0.6694793701171875,1493.6980056980058,46.914951227851816,25.56366094870168,15.70825874620921,2.5023327150975367,0.006981310350074599,0.09393692016601562,0.98,0.8769400465935122,0.8769400465935122,0.8850048886357452
1772526972.478699,2640,0.7059574127197266,1416.516041877744,44.40947818228351,4.586488883814098,3.879972482144831,2.5023327150975367,0.006981326994831394,0.09393692016601562,0.98,1.5503660145389648,1.5503660145389648,1.0470573555088183
1772526972.49153,2641,0.8473396301269531,1180.1643218908273,32.70888075094025,12.435311272128553,1.0066400663851356,2.5023327150975367,0.00872664625997166,0.09393692016601562,0.98,0.854297608881494,0.854297608881494,1.0500111845820135
1772526972.5030026,2642,0.46324729919433594,2158.6742151312405,24.168082347352808,8.939132651438896,0.28837872160157285,2.5023327150975367,0.008726646259971632,0.09393692016601562,0.98,0.3374557989606477,0.3374557989606477,0.6547605046599094
1772526972.5162034,2643,0.5939006805419922,1683.783219590526,19.1425881362986,6.159547409818217,0.36635001496387737,2.5023327150975367,0.006981310350074599,0.09393692016601562,0.98,0.369584523567611,0.36958452356761107,0.49689642277000506
1772526972.5286613,2644,0.732421875,1365.3333333333333,16.585122717605525,5.030950781569358,0.3957635869377858,2.5023327150975367,0.005235991084934347,0.09393692016601562,0.98,0.4485199616719701,0.4485199616719701,0.3460161157481351
1772526972.5415483,2645,0.8363723754882812,1195.6396807297606,15.692947436436523,3.416044555990024,0.23985982008736553,2.5023327150975367,0.0052359910849343605,0.09393692016601562,0.98,0.5601232157648642,0.5601232157648642,2.5295490362415425
1772526972.55306,2646,0.5068778991699219,1972.8617121354657,16.77184503593514,3.9684627495723426,1.2230366445550513,2.5023327150975367,0.0017453292780017621,0.09393692016601562,0.98,0.5400533810770918,0.5400533810770918,1.1556235317832941
1772526972.5661893,2647,0.5948543548583984,1681.0837675350701,18.33447990555974,3.1272023328220255,0.16656135270281272,2.5023327150975367,0.0017453275875186497,0.09393692016601562,0.98,0.8452255727077809,0.8452255727077809,0.40303219942824675
1772526972.5787997,2648,0.6613731384277344,1512.0057678442681,16.594425342811164,2.455618369320736,0.23674413300750147,2.5023327150975367,0.0017453275875186497,0.09393692016601562,0.98,0.862982175449629,0.862982175449629,0.3931507789050825
1772526972.591596,2649,0.8480548858642578,1179.16896260894,15.799206104880195,3.95130446380323,0.5761010074524013,2.5023327150975367,0.0017453317487078554,0.09393692016601562,0.98,0.7943329014373257,0.7943329014373257,0.5963457958585036
1772526972.6030064,2650,0.46062469482421875,2170.9648033126296,18.212116412842988,5.953574907866338,1.1596261028328723,2.5023327150975367,0.00698131867245301,0.09393692016601562,0.98,0.6224797627061689,0.6224797627061689,3.12870871279492
1772526972.6161888,2651,0.6840229034423828,1461.9393516904845,20.3272032007202,3.2193547204214474,0.48646277459060705,2.5023327150975367,0.005235991084934347,0.09393692016601562,0.98,1.3650104023865062,1.3650104023865062,1.1250617087796624
1772526972.6288636,2652,0.6697177886962891,1493.1662513349947,18.986652816370047,2.5159445494962336,0.34192865006895123,2.5023327150975367,0.0017453275875186497,0.09393692016601562,0.98,1.6150741994255595,1.6150741994255595,0.3551115576231343
1772526972.6415484,2653,0.8144378662109375,1227.84074941452,17.875998881159497,3.641736719819303,0.6260673175103089,2.5023327150975367,0.005235991084934347,0.09393692016601562,0.98,1.5321553849402376,1.5321553849402376,1.012177963202629
1772526972.6531203,2654,0.5328655242919922,1876.6460850111857,17.6514296727372,3.987092114725526,0.3962803436417677,2.5023327150975367,0.0017453291479646,0.09393692016601562,0.98,1.1587197593459002,1.1587197593459002,2.025036265384887
1772526972.666115,2655,0.6451606750488281,1550.0014781966001,18.140288134553767,3.1379244042004246,0.5797096668064922,2.5023327150975367,0.0017453317487078485,0.09393692016601562,0.98,1.4901834652871928,1.4901834652871928,1.1068762851889153
1772526972.6787922,2656,0.6625652313232422,1509.2853544440445,17.57502099490909,1.390608443004533,0.30964838816218726,2.5023327150975367,0.0017453291479646,0.09393692016601562,0.98,1.4072327617347524,1.4072327617347524,0.8438564221330592
1772526972.6916332,2657,0.7951259613037109,1257.6623688155921,17.715275127346047,2.183748528635764,0.9476936469735636,2.5023327150975367,0.0017453291479646,0.09393692016601562,0.98,1.3164945994063133,1.3164945994063133,0.8121172518263103
1772526972.703022,2658,0.4761219024658203,2100.3024536805206,19.855237593063027,4.770028867340299,1.2953741082134536,2.5023327150975367,0.0017453359098970472,0.09393692016601562,0.98,1.0665451352995257,1.0665451352995257,1.5401197049197222
1772526972.7161717,2659,0.6105899810791016,1637.760249902382,22.744089425210415,6.2026346168793145,1.2858044866298413,2.5023327150975367,0.0017453317487078554,0.09393692016601562,0.98,1.562820087683281,1.562820087683281,0.4374223801013046
1772526972.7286646,2660,0.6873607635498047,1454.8400971210544,22.181734313889542,4.554591070639489,0.5106335047716491,2.5023327150975367,0.005235986923745148,0.09393692016601562,0.98,1.5531307787868018,1.5531307787868018,0.4744179786563803
1772526972.7415695,2661,0.7998943328857422,1250.165126676602,19.912785287017968,4.521804399107651,0.4423221137840288,2.5023327150975367,0.003490659336226498,0.09393692016601562,0.98,1.5211390854320166,1.5211390854320166,0.8432257385993944
1772526972.752967,2662,0.4897117614746094,2042.0175267770205,18.162687848602598,4.542815518498459,0.5692872095364696,2.5023327150975367,0.005235986923745148,0.09393692016601562,0.98,1.2268109448806819,1.2268109448806819,1.210794076186909
1772526972.766361,2663,0.5650520324707031,1769.748523206751,17.366145650295696,3.389215752567985,0.16363963841825147,2.5023327150975367,0.0017453317487078485,0.09393692016601562,0.98,1.6785988231561626,1.6785988231561626,0.2218368727960652
1772526972.779003,2664,0.5867481231689453,1704.3088175538398,16.250541730573723,2.7760855237294573,0.52055468043821,2.5023327150975367,0.0,0.09393692016601562,0.98,1.6262469803703599,1.6262469803703599,0.4570954664757269
1772526972.7912605,2665,0.804901123046875,1242.3886255924172,15.59568833077457,2.3067596761940465,0.22906099165513905,2.5023327150975367,0.0,0.09393692016601562,0.98,1.4670315724397698,1.4670315724397698,0.8204014171230002
1772526972.802883,2666,0.43964385986328125,2274.5683297180044,14.839230028942918,2.1098419541946125,0.26245988118830516,2.5023327150975367,0.0034906551750372994,0.09393692016601562,0.98,1.256414622967981,1.256414622967981,0.9994256038610807
1772526972.816198,2667,0.5869865417480469,1703.61657189277,14.80857237695113,2.247543592569151,0.3133406009153585,2.5023327150975367,0.0017453317487078485,0.09393692016601562,0.98,1.124962503170835,1.124962503170835,1.3782969643178495
1772526972.8288307,2668,0.6687641143798828,1495.2955436720142,14.733169124330402,1.7478710440569056,0.2960718371555828,2.5023327150975367,0.0017453275875186497,0.09393692016601562,0.98,1.4124637003869451,1.4124637003869451,0.24832122428218714
1772526972.8419144,2669,0.8082389831542969,1237.2578171091445,14.93515240133589,0.7912011233207293,0.3943137170467659,2.5023327150975367,0.0017453317487078554,0.09393692016601562,0.98,1.5136001285244685,1.5136001285244685,0.5209625228505482
1772526972.8529372,2670,0.5574226379394531,1793.9709153122326,15.036166086336522,1.40914462142768,0.413177529748894,2.5023327150975367,0.0017453275875186497,0.09393692016601562,0.98,1.1860211012178665,1.1860211012178665,0.7604815516623297
1772526972.866096,2671,0.5974769592285156,1673.7047086991222,16.20643598529314,2.2063486398224095,0.46974414394949665,2.5023327150975367,0.0034906582959292,0.09393692016601562,0.98,1.1770685903089488,1.1770685903089488,0.9527778519577891
1772526972.8788588,2672,0.7376670837402344,1355.6250808015513,17.032209449615145,2.3096748776196083,0.5421284727002901,2.5023327150975367,0.0017453317487078485,0.09393692016601562,0.98,0.8685327287775215,0.8685327287775215,0.9746709094197907
1772526972.8917394,2673,0.8387565612792969,1192.2410460488913,18.14162425498847,2.680528206720278,0.7004381575356576,2.5023327150975367,0.003490659336226498,0.09393692016601562,0.98,0.6316201646233841,0.6316201646233841,0.7478868622771047
1772526972.9031584,2674,0.6959438323974609,1436.8975676601576,19.382875144602973,2.7206992737130413,0.893674317866034,2.5023327150975367,0.0017453275875186497,0.09393692016601562,0.98,0.456718380536951,0.456718380536951,0.513087842044866
1772526972.9163988,2675,0.701904296875,1424.695652173913,21.520318133866727,3.4616880178605043,1.0959780472409122,2.5023327150975367,0.001745329668113249,0.09393692016601562,0.98,0.4699695050500915,0.4699695050500915,0.457651682778417
1772526972.9290774,2676,0.6606578826904297,1513.6427282569468,23.4110759043821,3.816842788972919,1.4711452665215878,2.5023327150975367,0.0017453317487078485,0.09393692016601562,0.98,0.4117506781120741,0.4117506781120741,0.43182651187272686
1772526972.9416566,2677,0.8184909820556641,1221.7605592775997,25.45551341197011,4.808767502950676,1.6598233798205082,2.5023327150975367,0.003490659336226498,0.09393692016601562,0.98,0.36879722329684983,0.36879722329684983,0.4082463330424067
1772526972.9529386,2678,0.522613525390625,1913.4598540145985,26.15864029032772,5.947527636437487,1.1591941980092897,2.5023327150975367,0.0017453275875186497,0.09393692016601562,0.98,0.29501836139862087,0.29501836139862087,0.3811618385217315
1772526972.9659672,2679,0.690460205078125,1448.3093922651933,25.87643537581441,6.264131215360682,0.7231092844513204,2.5023327150975367,0.001745329668113249,0.09393692016601562,0.98,0.29274649840477246,0.29274649840477246,2.9725648644789446
1772526972.9787772,2680,0.6670951843261719,1499.036454610436,25.07451745109004,4.150126168253016,1.263292341466801,2.5023327150975367,0.0017453317487078554,0.09393692016601562,0.98,1.451741654642367,1.451741654642367,0.8970124498578363
1772526972.9916573,2681,0.8196830749511719,1219.9837114601512,23.57741692248384,3.119107889099526,0.5496215493343286,2.5023327150975367,0.0034906572556318988,0.09393692016601562,0.98,1.7270764101921081,1.7270764101921081,3.4533335563879355
1772526973.0028121,2682,0.49686431884765625,2012.6218809980805,21.917653115532925,3.1525054942479147,0.8749754199415769,2.5023327150975367,0.001745329668113249,0.09393692016601562,0.98,0.5342528909026585,0.5342528909026585,1.7009847833851437
1772526973.015899,2683,0.6632804870605469,1507.6578001437815,21.42283646704846,1.8224154075120533,0.530171857781701,2.5023327150975367,0.0,0.09393692016601562,0.98,0.16303243366659947,0.16303243366659947,0.9567607739958466
1772526973.0282102,2684,0.6859302520751953,1457.8741744873132,19.478940821301386,2.984824630813376,0.1938500339708267,2.5023327150975367,0.0017453317487078554,0.09393692016601562,0.98,0.26628944258223564,0.26628944258223564,0.47020517132385325
1772526973.0415328,2685,0.8099079132080078,1234.7082720047101,17.747800224936963,2.9995104213810557,0.2711641798888039,2.5023327150975367,0.0034906572556318988,0.09393692016601562,0.98,0.37055264864290494,0.37055264864290494,0.2503256353656531
1772526973.052811,2686,0.49686431884765625,2012.6218809980805,16.726576572858125,3.4276250359712708,0.5129010946034934,2.5023327150975367,0.001745329668113249,0.09393692016601562,0.98,0.3285056466323298,0.3285056466323298,0.195183747084132
1772526973.0657744,2687,0.7007122039794922,1427.119428376999,18.376444305366924,4.3572718172807265,0.873972680154511,2.5023327150975367,0.0,0.09393692016601562,0.98,0.33487247194028624,0.3348724719402863,0.23675540039494966
1772526973.0783353,2688,0.7355213165283203,1359.5799027552673,21.31220644477539,4.744832098323182,1.3108165627738095,2.5023327150975367,0.001745329668113249,0.09393692016601562,0.98,0.26528856977911913,0.26528856977911913,0.2750226735022139
1772526973.0911736,2689,0.843048095703125,1186.1719457013576,23.574415537353005,3.4370733417012977,1.31722239329903,2.5023327150975367,0.0017453286278159494,0.09393692016601562,0.98,0.1768237507888373,0.1768237507888373,0.2586104948967356
1772526973.1029398,2690,0.4742145538330078,2108.750125691302,23.586352095933503,1.346729995704016,1.0345443285502551,2.5023327150975367,0.0017453296681132508,0.09393692016601562,0.98,0.08811818474669682,0.08811818474669682,0.19256228037290515
1772526973.1157377,2691,0.6957054138183594,1437.3899931459905,22.472890106378223,1.4555387850508992,0.7764341334396995,2.5023327150975367,0.0,0.09393692016601562,0.98,0.052409458544478385,0.052409458544478385,0.12142740122987397
1772526973.1283777,2692,0.7607936859130859,1314.4167972422438,20.82911386440953,1.916234508387539,0.6455617997981703,2.5023327150975367,0.0034906582959291985,0.09393692016601562,0.98,0.04459496792531514,0.04459496792531513,0.12528891288526647
1772526973.1410358,2693,0.8513927459716797,1174.5460655278634,19.354995490896382,1.7286252305016727,0.5256979270426201,2.5023327150975367,0.0017453296681132525,0.09393692016601562,0.98,0.0453146615876267,0.04531466158762669,0.09493483638173436
1772526973.1533628,2694,0.9191036224365234,1088.0166018158236,18.096726887855027,1.4669939821043951,0.45556484153541393,2.5023327150975367,0.0017453291479646,0.09393692016601562,0.98,0.04709863099295261,0.04709863099295261,0.08180618433309945
1772526973.1662643,2695,1.1250972747802734,888.8120364484001,17.22904177184761,1.0976883693614206,0.40559777418312176,2.5023327150975367,0.0017453296681132525,0.09393692016601562,0.98,0.053647202002473485,0.053647202002473485,0.07944964498745927
1772526973.1790273,2696,1.192331314086914,838.6930613877224,16.391079539668947,1.0556633818449965,0.36351588514443645,2.5023327150975367,0.0017453292780017621,0.09393692016601562,0.98,0.060126381402566494,0.060126381402566494,0.06762675509581619
1772526973.1915624,2697,1.24359130859375,804.1226993865031,15.642245360610469,0.9771312329648343,0.3337483593554337,2.5023327150975367,0.0017453292780017621,0.09393692016601562,0.98,0.06346045977607247,0.06346045977607245,0.05867795149609693
1772526973.2034225,2698,0.9329319000244141,1071.8895987733197,15.029351699724739,0.8658019742150646,0.3118216355527757,2.5023327150975367,0.0017453275875186497,0.09393692016601562,0.98,0.06435846306513125,0.06435846306513125,0.04337892666327666
1772526973.216213,2699,1.0404586791992188,961.1145737855179,14.727213285087851,0.6611203252112501,0.2984933201094183,2.5023327150975367,0.0017453296681132525,0.09393692016601562,0.98,0.06491595145719231,0.06491595145719231,0.04572599872826082
1772526973.2285695,2700,0.8549690246582031,1169.633017289459,14.333201071272855,0.6408614791768744,0.2899485375869995,2.5023327150975367,0.0017453296681132525,0.09393692016601562,0.98,0.05586023867132567,0.05586023867132567,0.0381858049102022
1772526973.241041,2701,0.8485317230224609,1178.506322000562,14.050909842775981,0.498932402368203,0.2813792566702685,2.5023327150975367,0.0017453296681132525,0.09393692016601562,0.98,0.05033595436616507,0.05033595436616507,0.043924003795747665
1772526973.2535048,2702,0.9601116180419922,1041.5455674199156,13.806063930496135,0.4064831335603362,0.2748452538398489,2.5023327150975367,0.0,0.09393692016601562,0.98,0.04312173250576544,0.04312173250576543,0.03863802883677074
1772526973.2662535,2703,1.0495185852050781,952.8178100863244,13.711373621118463,0.2924117575759561,0.26890246500037185,2.5023327150975367,0.0017453317487078485,0.09393692016601562,0.98,0.039663031722835834,0.03966303172283583,0.03939225600937066
1772526973.2784998,2704,0.7808208465576172,1280.7035114503817,13.533501360171769,0.2899956713704332,0.2674502467036553,2.5023327150975367,0.0017453275875186428,0.09393692016601562,0.98,0.04000811096549029,0.040008110965490305,0.0257169346970814
1772526973.291256,2705,0.8175373077392578,1223.185768445611,13.475957605216268,0.18626770631959585,0.2673292115177353,2.5023327150975367,0.0017453275875186497,0.09393692016601562,0.98,0.04081850606032347,0.04081850606032347,0.09237765815812807
1772526973.3029003,2706,0.5109310150146484,1957.2113859076062,13.328324374675416,0.31396894744178155,0.29115765097857454,2.5023327150975367,0.0017453292780017621,0.09393692016601562,0.98,0.051720279449502186,0.051720279449502186,0.05411011507843866
1772526973.31609,2707,0.8294582366943359,1205.6062086806553,13.651580860333532,0.6792021105841225,0.3188550262542478,2.5023327150975367,0.0017453292780017621,0.09393692016601562,0.98,0.06596292407262368,0.06596292407262368,0.07173245698493105
1772526973.3285918,2708,0.8177757263183594,1222.8291545189504,13.75357122074673,0.7035746788405022,0.3099999315754148,2.5023327150975367,0.0017453275875186497,0.09393692016601562,0.98,0.04558565929941014,0.04558565929941015,0.03962653792902768
1772526973.3410895,2709,0.8063316345214844,1240.1845062093437,13.894787624539191,0.6779216208475891,0.3355858523895918,2.5023327150975367,0.0017453294080389242,0.09393692016601562,0.98,0.051087857242875116,0.051087857242875116,0.07324314920374363
1772526973.3529196,2710,0.5118846893310547,1953.5649743828599,13.93231815545989,0.5297479099049287,0.3195215429852622,2.5023327150975367,0.0017453291479646,0.09393692016601562,0.98,0.03302281740328694,0.03302281740328694,0.05630289319200137
1772526973.3659277,2711,0.7200241088867188,1388.8423841059603,14.1458139876861,0.47302004293595756,0.34738482234880785,2.5023327150975367,0.0017453275875186497,0.09393692016601562,0.98,0.048127409946089154,0.04812740994608916,0.018338760639336142
1772526973.3786511,2712,0.7774829864501953,1286.201778595523,14.241512793528448,0.45409714492808145,0.36991381828530717,2.5023327150975367,0.0017453291479645992,0.09393692016601562,0.98,0.04941280428202566,0.04941280428202566,0.08045478178039672
1772526973.3911047,2713,0.8182525634765625,1222.1165501165501,14.254487250799489,0.3692934492105028,0.3435274095671059,2.5023327150975367,0.0034906582959291985,0.09393692016601562,0.98,0.030967708552138703,0.030967708552138703,0.03680232011342997
1772526973.4029179,2714,0.5266666412353516,1898.7342688999547,14.14337362959988,0.26308932483248726,0.3304828329016012,2.5023327150975367,0.0,0.09393692016601562,0.98,0.030088251793356387,0.030088251793356387,0.030664116736555946
1772526973.4158816,2715,0.7731914520263672,1293.3407338883749,14.135053040993368,0.2631970914831709,0.3165862468546382,2.5023327150975367,0.001745329668113249,0.09393692016601562,0.98,0.030831037705346107,0.03083103770534611,0.029403174531090627
1772526973.4286683,2716,0.8463859558105469,1181.4940845070423,13.909165474226006,0.4125224810630292,0.3001867023402106,2.5023327150975367,0.0017453296681132508,0.09393692016601562,0.98,0.0287957665968352,0.0287957665968352,0.023560328858200964
1772526973.4411075,2717,0.8580684661865234,1165.4081689358154,13.602225117331852,0.49775914276208094,0.29024462325269074,2.5023327150975367,0.0017453286278159494,0.09393692016601562,0.98,0.028747923932385573,0.028747923932385573,0.031079752567703726
1772526973.4529452,2718,0.5011558532714844,1995.3872502378688,13.374871379713015,0.44276665804224985,0.28505680484047896,2.5023327150975367,0.001745329668113249,0.09393692016601562,0.98,0.030259800311756783,0.030259800311756783,0.0237492092080586
1772526973.4662426,2719,1.0457038879394531,956.2936616507068,13.379989053995121,0.35053962433292174,0.2794767847461903,2.5023327150975367,0.0,0.09393692016601562,0.98,0.03372278376940274,0.03372278376940274,0.01648079836682872
1772526973.4787953,2720,1.0595321655273438,943.8127812781278,13.193990475743307,0.3641542279262584,0.2711729774627373,2.5023327150975367,0.001745329668113249,0.09393692016601562,0.98,0.03254169323539383,0.03254169323539383,0.02133511340763138
1772526973.4911036,2721,0.8182525634765625,1222.1165501165501,13.067218049936708,0.302403499138926,0.26704431414361823,2.5023327150975367,0.001745329668113249,0.09393692016601562,0.98,0.03410862387670886,0.03410862387670886,0.013701168322611652
1772526973.5029058,2722,0.4971027374267578,2011.6565947242207,12.88790385278388,0.30007490966595846,0.25964814023385946,2.5023327150975367,0.001745329668113249,0.09393692016601562,0.98,0.03244196677437938,0.03244196677437938,0.013515405795580934
1772526973.516048,2723,0.7035732269287109,1421.3161640121994,12.939739894371552,0.22581686573075105,0.2506465165608548,2.5023327150975367,0.0,0.09393692016601562,0.98,0.0341368640238189,0.0341368640238189,0.012694191037966792
1772526973.5285013,2724,0.8413791656494141,1188.5247945593653,12.694774769532643,0.32471062153679664,0.2411126475799547,2.5023327150975367,0.001745329668113249,0.09393692016601562,0.98,0.03163428235790336,0.03163428235790336,0.015375252676997872
1772526973.5413787,2725,0.9427070617675781,1060.7749114820435,12.59568182093547,0.22802285241040832,0.2312253965498779,2.5023327150975367,0.0,0.09393692016601562,0.98,0.03207855271626097,0.03207855271626097,0.013246969860042129
1772526973.5529246,2726,0.5190372467041016,1926.6440055121727,12.303816733305162,0.3576616063218398,0.22258002532114804,2.5023327150975367,0.0,0.09393692016601562,0.98,0.02927967195881924,0.029279671958819243,0.01266845837192635
1772526973.5657432,2727,0.7486343383789062,1335.7656050955413,12.2959053354398,0.20099467185451886,0.2159096105472639,2.5023327150975367,0.0,0.09393692016601562,0.98,0.030669679335869032,0.030669679335869036,0.013437746504985465
1772526973.5783608,2728,0.7541179656982422,1326.052481821056,12.173534466645403,0.24133274972811322,0.21008020742527042,2.5023327150975367,0.001745329668113249,0.03218650817871094,0.98,0.02991388577309376,0.029913885773093764,0.019121670593481563
1772526973.5911906,2729,0.8389949798583984,1191.9022449559534,12.062213829907254,0.2303305116593215,0.20368947313753732,2.5023327150975367,0.0,0.03218650817871094,0.98,0.0296447166663918,0.029644716666391794,0.01864803184422514
1772526973.6029673,2730,0.5292892456054688,1889.3261261261262,11.8306763170008,0.29498134541482157,0.1988548688467317,2.5023327150975367,0.0017453275875186497,0.03218650817871094,0.98,0.027260973736488246,0.027260973736488246,0.018740874331848564
1772526973.6160712,2731,0.7469654083251953,1338.750079795723,11.87587198642737,0.16471141329481226,0.19586070946516732,2.5023327150975367,0.001745329668113249,0.04315376281738281,0.98,0.028559512007739114,0.028559512007739114,0.022201134460251494
1772526973.6285925,2732,0.7517337799072266,1330.2581668252458,11.745887992860114,0.19946752335092455,0.1921822804576473,2.5023327150975367,0.0,0.04315376281738281,0.98,0.026850176044790584,0.026850176044790584,0.0219236101761696
1772526973.6410267,2733,0.8103847503662109,1233.9817593409825,11.64356768675533,0.1606645308550935,0.18986846668058158,2.5023327150975367,0.001745329668113249,0.04315376281738281,0.98,0.02570605143588597,0.02570605143588596,0.024672576603936226
1772526973.652974,2734,0.5049705505371094,1980.3135033050048,11.577852138543209,0.12143399398799498,0.18740951744590892,2.5023327150975367,0.0,0.04315376281738281,0.98,0.02459979055746991,0.02459979055746991,0.023923221305266324
1772526973.6657848,2735,0.6594657897949219,1516.3788864786695,11.630377867179623,0.10627955166134517,0.18599858095984054,2.5023327150975367,0.0,0.04315376281738281,0.98,0.02476149175209023,0.02476149175209023,0.02362070288310887
1772526973.6784215,2736,0.7541179656982422,1326.052481821056,11.581930723367488,0.10073844568205147,0.1851141960487059,2.5023327150975367,0.0,0.04315376281738281,0.98,0.023587723963556833,0.023587723963556833,0.02329091414162057
1772526973.690882,2737,0.7808208465576172,1280.7035114503817,11.536026599071649,0.08195839144074551,0.18484913038408954,2.5023327150975367,0.001745329668113249,0.04315376281738281,0.98,0.022646784361787662,0.022646784361787662,0.025343693486759
1772526973.7029305,2738,0.5161762237548828,1937.3228637413395,11.484150635218276,0.0714857021105996,0.18398861154239993,2.5023327150975367,0.0,0.04315376281738281,0.98,0.02146093476606869,0.02146093476606869,0.024454261791075255
1772526973.7157128,2739,0.6465911865234375,1546.5722713864307,11.545732098091092,0.07403504491720779,0.18376364722296773,2.5023327150975367,0.0,0.04315376281738281,0.98,0.02144421577809327,0.02144421577809327,0.023851240300597727
1772526973.7283218,2740,0.7038116455078125,1420.8346883468835,11.523684928614871,0.04572205756284031,0.1837999560184175,2.5023327150975367,0.0,0.04315376281738281,0.98,0.020430160845164216,0.020430160845164216,0.023245896907570635
1772526973.7406974,2741,0.6754398345947266,1480.5167666784328,11.491296111709978,0.04385543839234767,0.18419689393403502,2.5023327150975367,0.0,0.04315376281738281,0.98,0.01947950071236638,0.019479500712366378,0.022612313639061736
1772526973.7534173,2742,0.9369850158691406,1067.2529262086514,11.499769190087411,0.024180110974340085,0.18483575659063678,2.5023327150975367,0.0,0.04315376281738281,0.98,0.01885853005968133,0.018858530059681335,0.021995435216732456
1772526973.7661252,2743,1.0485649108886719,953.6844020009095,11.538391707852105,0.04363086090571025,0.18557949368728155,2.5023327150975367,0.0017453275875186497,0.04458427429199219,0.98,0.018463087319519175,0.018463087319519175,0.02197637129818992
1772526973.7790742,2744,1.1892318725585938,840.878909382518,11.572495006451044,0.039368384577415226,0.18606623222573515,2.5023327150975367,0.0,0.04744529724121094,0.98,0.01811350979041694,0.018113509790416947,0.021405835611284608
1772526973.791828,2745,1.5566349029541016,642.4113953132179,11.498241657132423,0.07660861618315334,0.1866183133903755,2.5023327150975367,0.0017453286278159494,0.060558319091796875,0.98,0.016858543412607813,0.016858543412607806,0.09481502276104951
1772526973.802937,2746,0.4870891571044922,2053.01223690651,11.385537984762395,0.15149315121843027,0.1624489118492865,2.5023327150975367,0.0,0.060558319091796875,0.98,0.030208633556177047,0.030208633556177047,0.04484442667936718
1772526973.8158422,2747,0.6208419799804688,1610.715821812596,11.375130455082635,0.32910507784852305,0.15143775098945758,2.5023327150975367,0.0,0.060558319091796875,0.98,0.04229308140593194,0.04229308140593194,0.016504916597605973
1772526973.8285508,2748,0.7975101470947266,1253.9025411061286,11.201067487895346,0.5664378590948699,0.1468423095294046,2.5023327150975367,0.0017453317487078485,0.060558319091796875,0.98,0.04326380068428165,0.04326380068428165,0.10324548676698307
1772526973.841264,2749,0.8444786071777344,1184.1626199887069,11.104218861799026,0.533537594512809,0.15096887196074696,2.5023327150975367,0.0017453317487078485,0.060558319091796875,0.98,0.021604510423085505,0.021604510423085508,0.030747637719168372
1772526973.852942,2750,0.4856586456298828,2059.0594010800196,10.948212209757605,0.41918420575624965,0.14646302502887912,2.5023327150975367,0.0,0.060558319091796875,0.98,0.02488134579470871,0.02488134579470871,0.01440688371342088
1772526973.8658667,2751,0.6914138793945312,1446.311724137931,11.046494890944532,0.36065645708274763,0.14471162877849542,2.5023327150975367,0.0,0.060558319091796875,0.98,0.02794880084226851,0.02794880084226851,0.012326460602056085
1772526973.878502,2752,0.8108615875244141,1233.2561011467214,11.02482168106603,0.33293346098376964,0.14395284311768336,2.5023327150975367,0.001745329668113249,0.060558319091796875,0.98,0.0263284279473601,0.0263284279473601,0.015549969679305059
1772526973.8915062,2753,1.0988712310791016,910.024734215665,11.044440525507573,0.3118907421214067,0.14366319268447886,2.5023327150975367,0.0,0.09298324584960938,0.98,0.024651140595988757,0.024651140595988757,0.018171269556358234
1772526973.9034097,2754,0.8664131164550781,1154.1838194826637,10.924207250526672,0.2927299623912867,0.14344739099784376,2.5023327150975367,0.0,0.09298324584960938,0.98,0.02056110180883746,0.02056110180883749,0.018546282051076314
1772526973.915997,2755,0.9407997131347656,1062.9254941713127,11.0011134219215,0.22765160576825078,0.14326731460259137,2.5023327150975367,0.0,0.09298324584960938,0.98,0.018884500144934386,0.018884500144934386,0.018396277214073345
1772526973.9287765,2756,1.0912418365478516,916.3871531570898,11.048823372833937,0.164274414908889,0.14305084974301896,2.5023327150975367,0.0,0.09298324584960938,0.98,0.016709436449884665,0.016709436449884665,0.017578277165049096
1772526973.941409,2757,1.1515617370605469,868.3859213250518,11.047192024589817,0.10232711379776227,0.1428526068181594,2.5023327150975367,0.0,0.09298324584960938,0.98,0.014762232397661317,0.014762232397661317,0.016357393553447758
1772526973.9532766,2758,0.8482933044433594,1178.8375491849354,10.965892246736962,0.09775619553134664,0.1427130180423702,2.5023327150975367,0.0,0.09298324584960938,0.98,0.012840306829222872,0.012840306829222872,0.014914692136078218
1772526973.965817,2759,0.8838176727294922,1131.4550849743728,11.022728765016302,0.06348160656650079,0.1426758411058523,2.5023327150975367,0.0,0.09298324584960938,0.98,0.012332538868163639,0.012332538868163639,0.013797979194544624
1772526973.9785516,2760,0.9407997131347656,1062.9254941713127,11.067150257501844,0.056791481043663404,0.1426777851525341,2.5023327150975367,0.0,0.09298324584960938,0.98,0.011883857299171685,0.011883857299171685,0.01289589735581724
1772526973.9913323,2761,1.0018348693847656,998.1684911946692,11.064671085967182,0.048490694673550834,0.14272789146021136,2.5023327150975367,0.0,0.09298324584960938,0.98,0.011484349287241749,0.011484349287241749,0.012204258777286823
1772526974.0032175,2762,0.8287429809570312,1206.6467203682394,10.937946516676892,0.13760358829299424,0.1428233519501003,2.5023327150975367,0.0,0.09298324584960938,0.98,0.010529063380225714,0.010529063380225714,0.011637647971748705
1772526974.0159528,2763,0.9999275207519531,1000.072484501669,11.0094720346602,0.09406734915297099,0.142991777801651,2.5023327150975367,0.0,0.09298324584960938,0.98,0.010770829938984967,0.010770829938984967,0.011316645167613784
1772526974.0285494,2764,0.6968975067138672,1434.9312350325008,11.07637151307865,0.08641133672616577,0.14313762038359792,2.5023327150975367,0.0017453275875186428,0.09298324584960938,0.98,0.01079516247951183,0.01079516247951183,0.08619499070055685
1772526974.0412505,2765,0.7936954498291016,1259.9291078401923,11.033408126159314,0.15838933094578866,0.14883114612644047,2.5023327150975367,0.0,0.09298324584960938,0.98,0.0224085669845401,0.0224085669845401,0.05044957954982239
1772526974.0529206,2766,0.4849433898925781,2062.0963618485744,10.943070486305164,0.3773371860677636,0.1606796221998005,2.5023327150975367,0.0,0.09298324584960938,0.98,0.029833242968135436,0.029833242968135436,0.028113474694475706
1772526974.0659444,2767,0.7357597351074219,1359.1393389500972,11.17885283713463,0.6107393677636622,0.1737598584129265,2.5023327150975367,0.0017453275875186428,0.09298324584960938,0.98,0.03573898230741369,0.03573898230741368,0.08654919113075075
1772526974.078858,2768,0.7450580596923828,1342.17728,11.325326442088276,0.5541525342268568,0.16319924263416402,2.5023327150975367,0.0017453275875186428,0.09298324584960938,0.98,0.01585822323847316,0.01585822323847316,0.03290362181484388
1772526974.0913482,2769,0.8325576782226562,1201.1179839633448,11.30599409042728,0.4028620280313204,0.17429370259974913,2.5023327150975367,0.0,0.09298324584960938,0.98,0.020049912219921442,0.020049912219921442,0.020651752951066086
1772526974.1030512,2770,0.5071163177490234,1971.9341795956746,11.300204957525748,0.37296416114205233,0.1841413281778892,2.5023327150975367,0.0,0.09298324584960938,0.98,0.02050678213227683,0.02050678213227683,0.018151957042114007
1772526974.1157188,2771,0.6079673767089844,1644.8250980392156,11.509732765852773,0.42305221802965104,0.1918616945619348,2.5023327150975367,0.0,0.09298324584960938,0.98,0.020158442293962155,0.020158442293962155,0.019748809375084726
1772526974.129004,2772,1.0783672332763672,927.3278797258457,11.685070505438464,0.36893638710153653,0.19760892153835788,2.5023327150975367,0.0,0.09298324584960938,0.98,0.017542563786570903,0.0175425637865709,0.020954815193424833
1772526974.1410098,2773,0.9546279907226562,1047.5284715284715,11.650918310307649,0.27374667078560594,0.20141044334724673,2.5023327150975367,0.0,0.09298324584960938,0.98,0.013064062724648664,0.013064062724648655,0.02012901748575028
1772526974.1536818,2774,0.9424686431884766,1061.0432582848468,11.799695367486837,0.27593496897251985,0.20361525973492894,2.5023327150975367,0.0017453296681132508,0.09298324584960938,0.98,0.010622613738968641,0.010622613738968627,0.015205169176435133
1772526974.166414,2775,1.0387897491455078,962.6587101216434,11.862674457334311,0.1765656264042197,0.20618093811597368,2.5023327150975367,0.0,0.09298324584960938,0.98,0.00900490311284402,0.00900490311284402,0.014743862775706818
1772526974.1789155,2776,1.0895729064941406,917.7908096280088,11.854952060174737,0.12012428492135582,0.20786898506416565,2.5023327150975367,0.0,0.09298324584960938,0.98,0.00753192796732024,0.007531927967320242,0.013917639088705533
1772526974.191021,2777,0.9856224060058594,1014.5873246250604,11.829106078028534,0.09817780124768029,0.20901248843302175,2.5023327150975367,0.0,0.09298324584960938,0.98,0.006395272899847873,0.006395272899847873,0.013000164809013767
1772526974.2033284,2778,0.8580684661865234,1165.4081689358154,11.91242225386783,0.11332682473904819,0.20988379570000718,2.5023327150975367,0.0017453275875186497,0.09298324584960938,0.98,0.005843872715139149,0.005843872715139149,0.012479618432910214
1772526974.2162998,2779,1.0514259338378906,951.0893424036282,12.014645991950927,0.11105481391052599,0.21045871277007877,2.5023327150975367,0.0,0.09298324584960938,0.98,0.005436620545616209,0.005436620545616219,0.011717932837480753
1772526974.2282674,2780,0.6210803985595703,1610.0975047984646,11.934081263076404,0.08544506879560282,0.21101040137103658,2.5023327150975367,0.0,0.09298324584960938,0.98,0.004691609796268805,0.004691609796268803,0.010961998366035697
1772526974.2414942,2781,0.8463859558105469,1181.4940845070423,12.032971157146475,0.1024246186697145,0.21164346998628122,2.5023327150975367,0.001745329668113249,0.09298324584960938,0.98,0.004505474051742581,0.00450547405174258,0.010049019879311406
1772526974.2530208,2782,0.4849433898925781,2062.0963618485744,11.855851177512255,0.1786249957341329,0.21267597144261244,2.5023327150975367,0.0,0.09298324584960938,0.98,0.0036146210197492657,0.003614621019749263,0.00931098679866312
1772526974.2665665,2783,0.9582042694091797,1043.6188106494153,12.0691504925607,0.21680266372522178,0.2137419648103131,2.5023327150975367,0.0,0.09298324584960938,0.98,0.003689357263889978,0.003689357263889978,0.008784887031515181
1772526974.2784152,2784,0.7030963897705078,1422.28009494744,11.933641841907317,0.13755741362714505,0.2147082565282004,2.5023327150975367,0.0,0.09298324584960938,0.98,0.0031752861116803107,0.0031752861116803102,0.008266721394412984
1772526974.2914333,2785,0.8187294006347656,1221.4047757716949,12.07878440149147,0.14930218098514988,0.2157062697344942,2.5023327150975367,0.0017453275875186497,0.09298324584960938,0.98,0.003264315558443454,0.003264315558443454,0.007897954129272739
1772526974.3029268,2786,0.47469139099121094,2106.631843294827,11.930192473046628,0.1514088915315463,0.21681531438529647,2.5023327150975367,0.0,0.09298324584960938,0.98,0.0028134362915243323,0.0028134362915243323,0.007501292574518135
1772526974.316728,2787,1.0480880737304688,954.1182893539582,12.197737951811304,0.27065956727553536,0.21792945087631937,2.5023327150975367,0.001745329668113249,0.09298324584960938,0.98,0.0030506574039958893,0.0030506574039958893,0.0076917933495159515
1772526974.3282852,2788,0.6487369537353516,1541.4568173465639,11.990515589501948,0.20974452392899928,0.21853477658964002,2.5023327150975367,0.0,0.09298324584960938,0.98,0.0026368719356428595,0.0026368719356428595,0.007250780107620566
1772526974.3411973,2789,0.7658004760742188,1305.8231631382316,12.134170944350043,0.14904821675437996,0.21929873781952394,2.5023327150975367,0.0,0.09298324584960938,0.98,0.002785338259520469,0.002785338259520474,0.006920729787902828
1772526974.352725,2790,0.40435791015625,2473.056603773585,12.013093392912271,0.12405193980520127,0.22007949471329707,2.5023327150975367,0.0,0.09298324584960938,0.98,0.0024795379660091455,0.002479537966009145,0.00659665480895056
1772526974.365607,2791,0.5347728729248047,1869.9527418635755,12.197883198343378,0.18863878361479233,0.22097150924350395,2.5023327150975367,0.0,0.09298324584960938,0.98,0.002584959106247939,0.002584959106247939,0.006327620927573571
1772526974.3781397,2792,0.5967617034912109,1675.7107471034758,12.180294558096831,0.02954239187807251,0.22185456628391156,2.5023327150975367,0.0,0.09298324584960938,0.98,0.0024020824459926845,0.0024020824459926845,0.006058221312495555
1772526974.390556,2793,0.5230903625488281,1911.7155879671832,12.167586571398497,0.02475368551313258,0.22278635048916112,2.5023327150975367,0.0,0.09298324584960938,0.98,0.00227145111353094,0.00227145111353094,0.005795552624976293
1772526974.4026113,2794,0.3933906555175781,2542.0024242424242,12.12995717048943,0.04510548645852049,0.22373377290495267,2.5023327150975367,0.0,0.09298324584960938,0.98,0.00209846988745523,0.0020984698874552342,0.005532933217648862
1772526974.4152417,2795,0.45013427734375,2221.5593220338983,12.219762927875445,0.09490536056361275,0.22469007679418776,2.5023327150975367,0.0,0.09298324584960938,0.98,0.0020585746301710335,0.0020585746301710335,0.005292351227004418
1772526974.428294,2796,0.7050037384033203,1418.432194792019,12.283303851612342,0.0669723536856281,0.22562167547396988,2.5023327150975367,0.0017453275875186428,0.09298324584960938,0.98,0.0020036954844666996,0.0020036954844667,0.09007326629474043
1772526974.4409726,2797,0.8325576782226562,1201.1179839633448,12.147922213538056,0.17445450008553998,0.19807878433107762,2.5023327150975367,0.0,0.09298324584960938,0.98,0.026383062079898396,0.026383062079898396,0.03921715522554745
1772526974.4528513,2798,0.5133152008056641,1948.1207617278217,11.90198183375787,0.4042456064059423,0.18322737009890894,2.5023327150975367,0.0,0.09298324584960938,0.98,0.035698191507239956,0.035698191507239956,0.01214874824544003
1772526974.4654903,2799,0.5762577056884766,1735.3347124534546,11.778073881440653,0.5097989128511726,0.17538781876915283,2.5023327150975367,0.0,0.09298324584960938,0.98,0.038090153911482724,0.038090153911482724,0.016300305034469727
1772526974.478075,2800,0.576019287109375,1736.0529801324503,11.63736672547451,0.5989583298862803,0.17085632836792564,2.5023327150975367,0.0,0.09298324584960938,0.98,0.034408567970223715,0.034408567970223715,0.0226613867193523
1772526974.490668,2801,0.6473064422607422,1544.8633517495396,11.527057611449838,0.5768560794297434,0.1680127829926986,2.5023327150975367,0.0,0.09298324584960938,0.98,0.02884729644357074,0.02884729644357074,0.023898459845698217
1772526974.5028286,2802,0.43082237243652344,2321.142224681793,11.440727550530616,0.4872515773502072,0.16605257482269015,2.5023327150975367,0.0,0.09298324584960938,0.98,0.02301912914930691,0.02301912914930691,0.022167663332692347
1772526974.5154004,2803,0.5097389221191406,1961.7885874649205,11.435468972402328,0.36926726421438466,0.16465262872095257,2.5023327150975367,0.0,0.09298324584960938,0.98,0.018483540898746202,0.018483540898746202,0.019718186241254206
1772526974.5281878,2804,0.6229877471923828,1605.16800612323,11.457293203448373,0.26464034800160335,0.16363246737394035,2.5023327150975367,0.0,0.09298324584960938,0.98,0.01468262415915664,0.01468262415915664,0.017194819640055342
1772526974.540611,2805,0.6310939788818359,1584.550056667926,11.401212205904416,0.18166044999778286,0.16291103788899977,2.5023327150975367,0.0,0.09298324584960938,0.98,0.01102257828070396,0.011022578280703956,0.014497869454941432
1772526974.5526962,2806,0.4379749298095703,2283.2357103973873,11.35325151149025,0.11154971383262662,0.16244593221490905,2.5023327150975367,0.0,0.09298324584960938,0.98,0.008189304864922337,0.008189304864922337,0.012029564546124317
1772526974.5653136,2807,0.47659873962402344,2098.201100550275,11.404778545030876,0.07840591079536471,0.1621480006904082,2.5023327150975367,0.0,0.09298324584960938,0.98,0.00624965134144874,0.006249651341448732,0.010028541983951941
1772526974.578105,2808,0.54168701171875,1846.0845070422536,11.430444346326894,0.05584319064809021,0.16193771459005443,2.5023327150975367,0.0,0.09298324584960938,0.98,0.004597147694757885,0.004597147694757885,0.008232796925302899
1772526974.5904338,2809,0.5271434783935547,1897.0167345092718,11.352543852671426,0.0903357641412106,0.16178660759071262,2.5023327150975367,0.0,0.09298324584960938,0.98,0.003215709976580548,0.0032157099765805454,0.006548894873619667
1772526974.6027653,2810,0.40984153747558594,2439.9674229203024,11.350129806893621,0.04391859765244002,0.16166589338175222,2.5023327150975367,0.0,0.09298324584960938,0.98,0.0024444037379827517,0.002444403737982748,0.005197612776218355
1772526974.615301,2811,0.4744529724121094,2107.6904522613067,11.357695113652454,0.042289307550694974,0.16153385549417418,2.5023327150975367,0.0,0.09298324584960938,0.98,0.002032320644491544,0.0020323206444915363,0.00412592511916273
1772526974.6279533,2812,0.48661231994628906,2055.0240078392944,11.380883472188872,0.042983300392721496,0.16137988917765717,2.5023327150975367,0.0,0.09298324584960938,0.98,0.001910680471039568,0.001910680471039568,0.0033193040367772105
1772526974.640474,2813,0.5381107330322266,1858.3535666814355,11.353709840393778,0.03988167956626923,0.16119652862201966,2.5023327150975367,0.0017453296681132508,0.09298324584960938,0.98,0.001879789981266032,0.0018797899812660307,0.0038110641317008697
1772526974.652979,2814,0.4782676696777344,2090.879361914257,11.347234990761168,0.020253573453789354,0.16075394566630233,2.5023327150975367,0.0,0.09298324584960938,0.98,0.0017786493778733552,0.001778649377873355,0.0026189783257763556
1772526974.6656432,2815,0.6024837493896484,1659.7958053027305,11.339940775665601,0.01307167940553931,0.16036914944196748,2.5023327150975367,0.0,0.09298324584960938,0.98,0.001876540283889139,0.001876540283889139,0.0018589504190998796
1772526974.6783354,2816,0.6644725799560547,1504.9529960531038,11.336544009457134,0.017585413248746677,0.16003642761055134,2.5023327150975367,0.0,0.09298324584960938,0.98,0.0019678884492885036,0.0019678884492884867,0.0015001798534497275
1772526974.690876,2817,0.7212162017822266,1386.5467768595042,11.304555146165537,0.03990662738446169,0.1597490375608123,2.5023327150975367,0.0017453275875186428,0.09298324584960938,0.98,0.001968360360250492,0.0019683603602505136,0.08435137947007947
1772526974.7029104,2818,0.5061626434326172,1975.649552520019,11.272860077632467,0.09274135603875572,0.16980147619567096,2.5023327150975367,0.0,0.09298324584960938,0.98,0.019008350992483197,0.019008350992483197,0.0453680205739243
1772526974.7155995,2819,0.5192756652832031,1925.7594123048668,11.423515740239331,0.3455862557604668,0.18388523963758355,2.5023327150975367,0.0,0.09298324584960938,0.98,0.030260821090470416,0.030260821090470423,0.020446983808237982
1772526974.7282305,2820,0.5848407745361328,1709.867101508357,11.550602600081865,0.5200166929821518,0.19845308603980327,2.5023327150975367,0.0,0.09298324584960938,0.98,0.03332092393572959,0.03332092393572959,0.012912243391511802
1772526974.7405338,2821,0.5805492401123047,1722.5067761806981,11.69823364700735,0.6218527436483501,0.2109069630356606,2.5023327150975367,0.0,0.09298324584960938,0.98,0.031340892796636204,0.031340892796636204,0.01813244790903034
1772526974.7527258,2822,0.40984153747558594,2439.9674229203024,11.907522448592685,0.6387811149284558,0.2201112709636877,2.5023327150975367,0.0,0.09298324584960938,0.98,0.0270514664908498,0.027051466490849795,0.021977065271186605
1772526974.7654047,2823,0.5085468292236328,1966.3872480075013,12.13946618712961,0.5725956563095126,0.22615108286408564,2.5023327150975367,0.0,0.09298324584960938,0.98,0.021736182159846247,0.021736182159846247,0.0226995218803068
1772526974.7781136,2824,0.5598068237304688,1786.3304940374787,12.275727628543226,0.42160388515207303,0.22963232265226097,2.5023327150975367,0.0,0.09298324584960938,0.98,0.015797124258587196,0.015797124258587196,0.020530115551418014
1772526974.7908862,2825,0.6711483001708984,1489.9836589698045,12.322065376654411,0.28075110214422705,0.23124926870239632,2.5023327150975367,0.0,0.09298324584960938,0.98,0.010823711445913084,0.010823711445913084,0.016810165057197998
1772526974.8033698,2826,0.8513927459716797,1174.5460655278634,12.276420056989176,0.18507346903265087,0.2318278923920405,2.5023327150975367,0.0,0.09298324584960938,0.98,0.007538855682714569,0.007538855682714569,0.012895173965348814
1772526974.8162193,2827,0.926971435546875,1078.7818930041153,12.362940944793708,0.1447142669266114,0.23197901341124577,2.5023327150975367,0.0,0.09298324584960938,0.98,0.006578504015843799,0.006578504015843801,0.010165198927547447
1772526974.828851,2828,1.2090206146240234,827.1157562610925,12.288678341693613,0.10036982170012733,0.23218020398241185,2.5023327150975367,0.0,0.09298324584960938,0.98,0.005848398632076256,0.0058483986320762545,0.008385600232073817
1772526974.8417227,2829,1.1396408081054688,877.4694560669456,12.377130823006468,0.1085118848338037,0.2324910692339742,2.5023327150975367,0.0,0.09298324584960938,0.98,0.005687043126600156,0.005687043126600156,0.007542967395947026
1772526974.8532677,2830,0.7574558258056641,1320.2090022033365,12.213406021648261,0.1717752863230677,0.2330551546689323,2.5023327150975367,0.0,0.09298324584960938,0.98,0.004592414021449997,0.004592414021449998,0.00675851575323493
1772526974.8661034,2831,0.8025169372558594,1246.0796197266786,12.381031472998242,0.1767567867721853,0.2337637122847849,2.5023327150975367,0.0,0.09298324584960938,0.98,0.004255000958432465,0.0042550009584324516,0.006173482689776125
1772526974.8789327,2832,1.0540485382080078,948.7229133680163,12.382837533748958,0.03452344740743846,0.23467993665859874,2.5023327150975367,0.0,0.09298324584960938,0.98,0.0035418101954812885,0.0035418101954812877,0.005429952730079149
1772526974.8915007,2833,1.2049674987792969,829.8979026513653,12.349701505817192,0.04017634808252435,0.23569863390169343,2.5023327150975367,0.0,0.09298324584960938,0.98,0.003038491483438263,0.003038491483438263,0.004628419967389724
1772526974.90328,2834,0.8122920989990234,1231.084238332844,12.319546753457555,0.03883032549962475,0.23677204107287933,2.5023327150975367,0.0,0.09298324584960938,0.98,0.0027520641549864883,0.0027520641549864883,0.003879857597791863
1772526974.9160984,2835,0.9939670562744141,1006.0695610458143,12.455598085560455,0.13968132610185865,0.2378583879153767,2.5023327150975367,0.0,0.09298324584960938,0.98,0.0028459438579326716,0.0028459438579326733,0.0032753592825743604
1772526974.9290452,2836,0.9901523590087891,1009.9455815073441,12.512957681296694,0.06642923692079397,0.23898063195745958,2.5023327150975367,0.0,0.09298324584960938,0.98,0.0029400053560592696,0.002940005356059269,0.0027813055521853634
1772526974.9421742,2837,1.3704299926757812,729.6979819067502,12.460695324931617,0.0651443469094847,0.24010748377876226,2.5023327150975367,0.0017453296681132508,0.09298324584960938,0.98,0.0029535251036704254,0.002953525103670423,0.005780781969261493
1772526974.9534783,2838,0.8118152618408203,1231.807342143906,12.303153868164262,0.16375907704365594,0.24279551189915052,2.5023327150975367,0.0017453296681132508,0.09298324584960938,0.98,0.0030152171318661683,0.0030152171318661644,0.003509468608835105
1772526974.9667895,2839,1.2035369873046875,830.8843106180666,12.555835417456352,0.26185048815531914,0.2433316069646674,2.5023327150975367,0.0017453296681132508,0.09298324584960938,0.98,0.003099639389991128,0.0030996393899911296,0.003774863283557562
1772526974.979228,2840,1.0554790496826172,947.4370905805285,12.534687814197987,0.046794941621754654,0.2455905297282142,2.5023327150975367,0.0017453296681132508,0.09298324584960938,0.98,0.003299894973087058,0.003299894973087058,0.004480489307116985
1772526974.9919572,2841,1.2824535369873047,779.7553448596393,12.521235053051157,0.04340563914890023,0.24576542981337943,2.5023327150975367,0.0,0.09298324584960938,0.98,0.0029321738399482014,0.0029321738399482014,0.0029051523351860333
1772526975.0029004,2842,0.46443939208984375,2153.1334702258728,12.414331860198192,0.1152641131218374,0.24605409527386404,2.5023327150975367,0.0017453296681132508,0.09298324584960938,0.98,0.002762387851421233,0.002762387851421234,0.004410315917617835
1772526975.0159438,2843,0.6103515625,1638.4,12.680034224769793,0.27009865017896584,0.2480334750928726,2.5023327150975367,0.0017453296681132508,0.09298324584960938,0.98,0.003116518333194559,0.003116518333194561,0.09308045035665005
1772526975.0285707,2844,0.6864070892333984,1456.861410211879,12.570586424660979,0.1610399339849352,0.21784632384662758,2.5023327150975367,0.0017453275875186428,0.09298324584960938,0.98,0.02696300777995092,0.026963007779950924,0.050802219586778684
1772526975.0424597,2845,1.5361309051513672,650.9861865590564,12.47650832065971,0.258620431109976,0.22435437639319145,2.5023327150975367,0.0017453296681132508,0.09298324584960938,0.98,0.012441029877865899,0.012441029877865899,0.038557235358551704
1772526975.0533211,2846,0.8127689361572266,1230.361982986213,12.129972774089808,0.38547033241427514,0.2321846791122799,2.5023327150975367,0.0,0.09298324584960938,0.98,0.003004909711325729,0.003004909711325729,0.020286640388338256
1772526975.066245,2847,0.949859619140625,1052.7871485943774,12.380828903121078,0.25930347376422097,0.23876652441113466,2.5023327150975367,0.0,0.09298324584960938,0.98,0.006445889062590618,0.006445889062590619,0.009657553562760579
1772526975.078328,2848,0.6151199340820312,1625.6992248062015,12.425206875481535,0.07528641963573995,0.24424532314884806,2.5023327150975367,0.0,0.09298324584960938,0.98,0.008351568966377952,0.00835156896637795,0.004018696269895009
1772526975.0915246,2849,1.079559326171875,926.303886925795,12.554659854912043,0.18346162037297198,0.2483275075607804,2.5023327150975367,0.0,0.09298324584960938,0.98,0.008826068970404567,0.00882606897040456,0.004401100927785787
1772526975.1032658,2850,0.7750988006591797,1290.1581051984006,12.500785698748984,0.16248174869735,0.2512768179269625,2.5023327150975367,0.0017453275875186428,0.09298324584960938,0.98,0.007396354429337583,0.007396354429337583,0.09251284759621806
1772526975.1166627,2851,1.1157989501953125,896.2188034188034,12.655228901437566,0.16067958190399417,0.22209370213784882,2.5023327150975367,0.0017453275875186428,0.09298324584960938,0.98,0.021173534847743106,0.021173534847743106,0.046742838881798976
1772526975.1282206,2852,0.5562305450439453,1797.8156879554222,12.395624486115976,0.2880953224042223,0.2295534175047376,2.5023327150975367,0.0,0.09298324584960938,0.98,0.006312160956751744,0.006312160956751744,0.0275386672141526
1772526975.141255,2853,0.8022785186767578,1246.4499257057948,12.44809528704129,0.10841296922866063,0.23643833893167718,2.5023327150975367,0.0,0.09298324584960938,0.98,0.003227189530104871,0.003227189530104871,0.01453858281106446
1772526975.1529677,2854,0.4932880401611328,2027.2131464475592,12.336356052741655,0.11359791394882696,0.24226910754596373,2.5023327150975367,0.0017453275875186428,0.09298324584960938,0.98,0.006302731840940004,0.006302731840940004,0.08238712258931874
1772526975.166425,2855,0.9686946868896484,1032.317007137583,12.484012648954552,0.1555881012591211,0.2172726680321832,2.5023327150975367,0.0,0.09298324584960938,0.98,0.018620299144775625,0.018620299144775625,0.040342204197984094
1772526975.1783822,2856,0.6062984466552734,1649.3527329925284,12.249876264273853,0.33903777898103316,0.20188394502413776,2.5023327150975367,0.0,0.09298324584960938,0.98,0.028218068266983976,0.028218068266983976,0.016006914880253294
1772526975.190874,2857,0.6756782531738281,1479.9943542695837,12.084492077339698,0.4297482727604417,0.19273140739283093,2.5023327150975367,0.0,0.09298324584960938,0.98,0.030837993135586154,0.030837993135586158,0.01523436721405664
1772526975.2028153,2858,0.4525184631347656,2209.854583772392,11.885815670998385,0.516199782379546,0.18688433090214135,2.5023327150975367,0.0,0.09298324584960938,0.98,0.027797411953815306,0.027797411953815306,0.019436138619995928
1772526975.215493,2859,0.4940032958984375,2024.2779922779923,11.860998198892887,0.48459299332826183,0.18293054795092195,2.5023327150975367,0.0,0.09298324584960938,0.98,0.024942909977432995,0.024942909977432995,0.021207437470112795
1772526975.2281556,2860,0.5617141723632812,1780.264855687606,11.789273849743871,0.44110045693705097,0.17997971188663361,2.5023327150975367,0.0,0.09298324584960938,0.98,0.02046743437201831,0.02046743437201831,0.02036621865493307
1772526975.2405198,2861,0.5512237548828125,1814.1453287197232,11.688643824277033,0.36183592694955413,0.17775299020148744,2.5023327150975367,0.0,0.09298324584960938,0.98,0.016145220837629377,0.016145220837629398,0.018271394451422077
1772526975.2527125,2862,0.45800209045410156,2183.396147839667,11.631683115457811,0.2605479304370661,0.17604376092402338,2.5023327150975367,0.0,0.09298324584960938,0.98,0.012767686106492999,0.012767686106492999,0.01608705064723267
1772526975.2657342,2863,0.5166530609130859,1935.534840793724,11.716907375004714,0.20170466164707057,0.17469249658584735,2.5023327150975367,0.0,0.09298324584960938,0.98,0.010687493871062253,0.010687493871062253,0.014471739540594223
1772526975.2787366,2864,0.6690025329589844,1494.7626514611547,11.669449327696737,0.14354398278728187,0.17357248548234144,2.5023327150975367,0.0,0.09298324584960938,0.98,0.008220106324595616,0.008220106324595614,0.012759451744637714
1772526975.2918925,2865,0.8635520935058594,1158.0077305356158,11.619635293189459,0.1046355953699171,0.17266368245737568,2.5023327150975367,0.0,0.09298324584960938,0.98,0.00630179496518024,0.006301794965180239,0.011213640849873438
1772526975.3027353,2866,0.4520416259765625,2212.1856540084386,11.30827601301408,0.3154893458560575,0.17188184396234804,2.5023327150975367,0.0017453275875186428,0.09298324584960938,0.98,0.004047705821793983,0.004047705821793985,0.08695327020212197
1772526975.3159735,2867,0.774383544921875,1291.3497536945813,11.61559868168802,0.3287797140410221,0.18369432118486678,2.5023327150975367,0.0017453275875186428,0.09298324584960938,0.98,0.01917909480282144,0.01917909480282144,0.03786066360889848
1772526975.3289812,2868,0.6949901580810547,1438.8692967409947,11.736989233260632,0.24672994819026048,0.18021628018684405,2.5023327150975367,0.0017453275875186428,0.09298324584960938,0.98,0.00881356506711398,0.008813565067113975,0.05996122344880937
1772526975.3416805,2869,0.8697509765625,1149.7543859649122,11.676741363335035,0.29552660251045787,0.19511269875395112,2.5023327150975367,0.0,0.09298324584960938,0.98,0.0233872896083524,0.0233872896083524,0.02810051855986167
1772526975.3527572,2870,0.4572868347167969,2186.81126173097,11.582166869849235,0.43943787918867283,0.21036504363681113,2.5023327150975367,0.0017453296681132508,0.09298324584960938,0.98,0.027028276197144502,0.027028276197144506,0.00971938050453854
1772526975.3658803,2871,0.7321834564208984,1365.7779225008142,12.015143399467142,0.6938754167217266,0.22173244572070788,2.5023327150975367,0.0,0.09298324584960938,0.98,0.030489420587670256,0.030489420587670256,0.014623794556531598
1772526975.3789382,2872,0.6315708160400391,1583.353718384296,12.280147558827702,0.5821934837949756,0.2311156049141635,2.5023327150975367,0.0,0.09298324584960938,0.98,0.027359881165806132,0.027359881165806132,0.01991924277083873
1772526975.391344,2873,0.8187294006347656,1221.4047757716949,12.24721446141013,0.44949141267392806,0.23738698893450616,2.5023327150975367,0.0,0.09298324584960938,0.98,0.02007144898798001,0.02007144898798001,0.019660847119838287
1772526975.4028566,2874,0.5102157592773438,1959.955140186916,12.272843159342777,0.3796905877397979,0.24061389975894035,2.5023327150975367,0.0,0.09298324584960938,0.98,0.014363145005848968,0.014363145005848963,0.017063423701753584
1772526975.4157302,2875,0.7164478302001953,1395.7750415973378,12.536021726285083,0.39033153861585473,0.24215585628053657,2.5023327150975367,0.0,0.09298324584960938,0.98,0.011101825411510126,0.011101825411510126,0.014500903199267761
1772526975.428835,2876,1.178741455078125,848.3624595469256,12.594657281719916,0.17333024454805745,0.2429999468482401,2.5023327150975367,0.0,0.09298324584960938,0.98,0.008011879571611893,0.008011879571611893,0.011250588815103274
1772526975.4411254,2877,1.0159015655517578,984.3473363060315,12.541337305371837,0.10695686185797514,0.24328715236051038,2.5023327150975367,0.0,0.09298324584960938,0.98,0.0062606418703232145,0.0062606418703232145,0.008397769257025851
1772526975.4527829,2878,0.49567222595214844,2017.4622414622415,12.46641095672718,0.10210747574906572,0.24340029639109959,2.5023327150975367,0.0,0.09298324584960938,0.98,0.005358208308984049,0.005358208308984095,0.006478858097923685
1772526975.4655614,2879,0.5831718444824219,1714.760425183974,12.579172938089368,0.13002071319417952,0.2435443748838319,2.5023327150975367,0.0,0.09298324584960938,0.98,0.005165049628809889,0.0051650496288098875,0.005522514871186449
1772526975.47879,2880,1.03759765625,963.7647058823529,12.593219546519936,0.053133136421017586,0.24387665596796135,2.5023327150975367,0.0,0.09298324584960938,0.98,0.00469561782959849,0.00469561782959849,0.004924859342162733
1772526975.491051,2881,1.027822494506836,972.9306425423335,12.481372955173352,0.11993201379773775,0.24433452862174754,2.5023327150975367,0.0,0.09298324584960938,0.98,0.003976355105268473,0.003976355105268471,0.004277681077898732
1772526975.502882,2882,0.4940032958984375,2024.2779922779923,12.490430127384787,0.04014103397494112,0.2448584539198267,2.5023327150975367,0.0,0.09298324584960938,0.98,0.003549505402589782,0.0035495054025897832,0.0036265994721084126
1772526975.5157516,2883,0.5898475646972656,1695.3532740501212,12.599454365990791,0.11196667602101877,0.2454655885935498,2.5023327150975367,0.0,0.09298324584960938,0.98,0.0033746494245693406,0.0033746494245693406,0.0030058492926120384
1772526975.5286126,2884,0.8230209350585938,1215.0359212050985,12.5836742055189,0.025761116543359993,0.24615419404499972,2.5023327150975367,0.0,0.09298324584960938,0.98,0.003156781032358435,0.003156781032358435,0.0023554882672108014
1772526975.5408034,2885,0.6835460662841797,1462.9591907917684,12.518010169479938,0.06778959736071047,0.2468557057345823,2.5023327150975367,0.0,0.09298324584960938,0.98,0.0029922457204958407,0.0029922457204958407,0.001753414244284616
1772526975.5527933,2886,0.461578369140625,2166.4793388429753,12.522711543014411,0.03151075977227787,0.24753972989836492,2.5023327150975367,0.0,0.09298324584960938,0.98,0.0029522319682069656,0.0029522319682069604,0.0012719753190547694
1772526975.5655425,2887,0.5233287811279297,1910.8446469248292,12.65011947130512,0.13073442003834732,0.24821418535964446,2.5023327150975367,0.0,0.09298324584960938,0.98,0.003096061053132147,0.0030960610531321434,0.0009335809115692182
1772526975.5784416,2888,0.6389617919921875,1565.0388059701493,12.669117814418605,0.03476234170350203,0.24891435670877676,2.5023327150975367,0.0,0.09298324584960938,0.98,0.0031222278949818664,0.0031222278949818655,0.0007442691179755099
1772526975.5916781,2889,1.3568401336669922,737.0065014935864,12.613214710832361,0.06237251465114144,0.24960553733560853,2.5023327150975367,0.0,0.06079673767089844,0.98,0.003070176239437915,0.003070176239437912,0.000708452581604995
1772526975.6028433,2890,0.4925727844238281,2030.1568247821879,12.514230426930041,0.10315644376868441,0.25026836913635614,2.5023327150975367,0.0017453296681132508,0.06079673767089844,0.98,0.0029063729360500196,0.002906372936050021,0.005909975073360188
1772526975.6160264,2891,0.7503032684326172,1332.7944073721005,12.720142461166452,0.21010412517068688,0.2524983285067122,2.5023327150975367,0.0017453296681132508,0.06079673767089844,0.98,0.0035153383945247686,0.0035153383945247673,0.003247459521015871
1772526975.6291828,2892,1.0478496551513672,954.3353811149033,12.72687993313163,0.03142545080172123,0.2526540044320233,2.5023327150975367,0.0,0.06079673767089844,0.98,0.0031419654535705653,0.003141965453570566,0.0022068846167986244
1772526975.6414912,2893,1.2242794036865234,816.8070107108082,12.58745474403072,0.14135316865166897,0.2528277288879604,2.5023327150975367,0.0,0.06723403930664062,0.98,0.002872943241999534,0.002872943241999539,0.0014626627777139694
1772526975.6529498,2894,0.4909038543701172,2037.058766391452,12.587116730345784,0.04181003089046434,0.2530231408125725,2.5023327150975367,0.0,0.06723403930664062,0.98,0.0028360929130627727,0.0028360929130627727,0.001169689323323875
1772526975.666351,2895,1.1165142059326172,895.6446722186632,12.771876081563546,0.186817834525515,0.25328298418724954,2.5023327150975367,0.0,0.06723403930664062,0.98,0.003029670278100337,0.003029670278100337,0.0011796176329338392
1772526975.6792846,2896,1.190185546875,840.2051282051282,12.774207751709046,0.028175832469598514,0.2536480827892902,2.5023327150975367,0.0,0.06723403930664062,0.98,0.003010530957275131,0.003010530957275131,0.0012868299381665373
1772526975.6912594,2897,1.0340213775634766,967.0979940050727,12.623601237996416,0.15152346955502025,0.254054641082178,2.5023327150975367,0.0,0.06723403930664062,0.98,0.0028014763972942017,0.002801476397294197,0.001375867943337083
1772526975.7028294,2898,0.4761219024658203,2100.3024536805206,12.603178498419927,0.038102713158179306,0.2544378783579515,2.5023327150975367,0.0017453296681132508,0.06723403930664062,0.98,0.0027175849226680816,0.0027175849226680764,0.006504401687459312
1772526975.716827,2899,1.4982223510742188,667.457670273711,12.848248399664952,0.24630254626541742,0.25648636670495983,2.5023327150975367,0.0017453275875186428,0.07486343383789062,0.98,0.0032836329100319013,0.0032836329100319013,0.08769431930683892
1772526975.728972,2900,1.1169910430908203,895.2623265741729,12.656651384245835,0.22441376989271555,0.226657440552753,2.5023327150975367,0.0017453275875186428,0.07486343383789062,0.98,0.024334664654557234,0.024334664654557234,0.053022362233503845
1772526975.7416785,2901,1.220703125,819.2,12.534893640039808,0.2377959310946082,0.23419362559465756,2.5023327150975367,0.0,0.07486343383789062,0.98,0.008940114101844816,0.008940114101844816,0.03243790771649651
1772526975.7532992,2902,0.7836818695068359,1276.0279890477639,12.376354358767754,0.21275441527804667,0.24115507834483227,2.5023327150975367,0.0,0.07486343383789062,0.98,0.0028294979448157576,0.0028294979448157563,0.016976419810920407
1772526975.7658257,2903,0.659942626953125,1515.2832369942196,12.526807249589456,0.1580685024437634,0.24686354192409346,2.5023327150975367,0.0017453296681132508,0.07486343383789062,0.98,0.006546192165119715,0.006546192165119716,0.0025859747417392954
1772526975.7784178,2904,0.6251335144042969,1599.6582761250954,12.595493871803107,0.08772961181601344,0.24972592437356594,2.5023327150975367,0.0017453296681132508,0.07486343383789062,0.98,0.006764397035939376,0.006764397035939376,0.004901735931771084
1772526975.7911744,2905,0.8137226104736328,1228.9200117198945,12.632229482513885,0.10807970172027706,0.25339104759181186,2.5023327150975367,0.0,0.07486343383789062,0.98,0.0074597138949755405,0.0074597138949755405,0.003701182767456916
1772526975.802836,2906,0.45680999755859375,2189.0939457202503,12.577097840744047,0.13823582486000194,0.25590085061481327,2.5023327150975367,0.0017453275875186428,0.07486343383789062,0.98,0.006576823336285601,0.006576823336285602,0.0911834357416795
1772526975.815914,2907,0.7061958312988281,1416.037812288994,12.713902940229426,0.13868697997385357,0.2262132775347132,2.5023327150975367,0.0017453275875186428,0.07486343383789062,0.98,0.021308384891961827,0.021308384891961827,0.04723680498074912
1772526975.8288224,2908,1.0063648223876953,993.6754323619996,12.569958602019973,0.2057255862090851,0.23340093136172368,2.5023327150975367,0.0017453275875186428,0.07486343383789062,0.98,0.006696282196232618,0.006696282196232618,0.06137777496435667
1772526975.841492,2909,1.1777877807617188,849.0493927125506,12.405441164106383,0.2841040162846347,0.21282471019293162,2.5023327150975367,0.0,0.07486343383789062,0.98,0.023943153815501255,0.023943153815501255,0.02624948772315831
1772526975.8533041,2910,0.7965564727783203,1255.4037713259504,12.155514369579503,0.44133318850581676,0.20037239430233705,2.5023327150975367,0.0,0.07486343383789062,0.98,0.028992804251621616,0.028992804251621613,0.013956276289134437
1772526975.866118,2911,0.8070468902587891,1239.0853766617429,12.115334366087284,0.4664760237850288,0.19268783873316844,2.5023327150975367,0.0,0.07486343383789062,0.98,0.03071408605624926,0.03071408605624926,0.018333034550604737
1772526975.8784,2912,0.6437301635742188,1553.4459259259258,11.912234377642504,0.5374913048728629,0.18742237393689853,2.5023327150975367,0.0,0.07486343383789062,0.98,0.02623001285844349,0.02623001285844349,0.020934151064736502
1772526975.8914158,2913,0.9717941284179688,1029.0245338567222,11.856510240287875,0.46643173643962393,0.18374915396417502,2.5023327150975367,0.0,0.07486343383789062,0.98,0.022783058566668395,0.022783058566668395,0.021206660594281702
1772526975.9028087,2914,0.47516822814941406,2104.517812343201,11.650165274854915,0.43131410925246166,0.18094224593749916,2.5023327150975367,0.0,0.07486343383789062,0.98,0.01722454097937289,0.01722454097937289,0.018996017387973883
1772526975.915992,2915,0.7932186126708984,1260.6865043582807,11.7859559748558,0.32669804758618226,0.17884402134964555,2.5023327150975367,0.0017453275875186428,0.07486343383789062,0.98,0.015350508958669146,0.015350508958669146,0.09875941955567198
1772526975.92871,2916,0.6401538848876953,1562.1243947858472,11.785860866856641,0.1347920296872237,0.19009813133512862,2.5023327150975367,0.0017453275875186428,0.07486343383789062,0.98,0.013576917591912593,0.013576917591912577,0.03407766260944315
1772526975.94125,2917,0.8215904235839844,1217.1514799767847,11.702060651432056,0.13294564000390688,0.18550894255581,2.5023327150975367,0.0017453275875186428,0.07486343383789062,0.98,0.004491736810685326,0.004491736810685347,0.06507727426085584
1772526975.9529226,2918,0.48160552978515625,2076.388118811881,11.666122557382797,0.2193652287676868,0.19943866147196043,2.5023327150975367,0.0017453275875186428,0.07486343383789062,0.98,0.018349239033300803,0.018349239033300803,0.05360800769661503
1772526975.9659965,2919,0.6740093231201172,1483.659002476123,11.89353710537926,0.35463616339158716,0.1913852488391545,2.5023327150975367,0.0017453275875186428,0.07486343383789062,0.98,0.004638585809834932,0.004638585809834932,0.052139560285300944
1772526975.9785628,2920,0.6771087646484375,1476.867605633803,11.903420386845058,0.25527625726089265,0.2053595240156589,2.5023327150975367,0.0,0.07486343383789062,0.98,0.01814343440561222,0.01814343440561222,0.024721545548519644
1772526975.9910805,2921,0.8141994476318359,1228.2002928257687,11.947555806439947,0.3396676261666511,0.21876642376571276,2.5023327150975367,0.0,0.07486343383789062,0.98,0.0237913324719458,0.0237913324719458,0.009063724244104133
1772526976.0030231,2922,0.49686431884765625,2012.6218809980805,12.052642893255914,0.42260501954541985,0.22987390010550082,2.5023327150975367,0.0017453275875186428,0.07486343383789062,0.98,0.02417500397783165,0.02417500397783165,0.09384088143228618
1772526976.0159276,2923,0.6911754608154297,1446.8106243532252,12.243095656285634,0.3645415182544259,0.20855053114704347,2.5023327150975367,0.0017453275875186428,0.07486343383789062,0.98,0.00495927347726034,0.00495927347726034,0.03364423573706023
1772526976.0285382,2924,0.6067752838134766,1648.0565815324164,12.233580476338929,0.14421671918681067,0.21890554746730637,2.5023327150975367,0.0,0.07486343383789062,0.98,0.008773582707965407,0.008773582707965407,0.015980493768941208
1772526976.0411673,2925,0.7638931274414062,1309.083645443196,12.196100238502536,0.1303643062661942,0.22781885893938067,2.5023327150975367,0.0,0.07486343383789062,0.98,0.012686757272474999,0.012686757272474989,0.004356746123593382
1772526976.0529284,2926,0.44798851013183594,2232.2001064395954,12.17575409297549,0.16366164318092136,0.2347018534684494,2.5023327150975367,0.0,0.07486343383789062,0.98,0.013099926446234849,0.013099926446234849,0.00405184885936225
1772526976.0664492,2927,1.0688304901123047,935.6020521971894,12.430299953048438,0.31673345099537603,0.23951179122354455,2.5023327150975367,0.0,0.07486343383789062,0.98,0.013187705077718388,0.013187705077718388,0.007778679751160452
1772526976.0790894,2928,1.0023117065429688,997.6936251189344,12.452087202553363,0.16663139752708694,0.24294852295065683,2.5023327150975367,0.0,0.07486343383789062,0.98,0.010718351372843,0.010718351372843,0.008863974498850468
1772526976.0918262,2929,1.2195110321044922,820.0007820136852,12.469932054153912,0.15235820345117979,0.24489688081779795,2.5023327150975367,0.0017453296681132508,0.07486343383789062,0.98,0.008329946431323282,0.008329946431323282,0.01388519257902423
1772526976.1034365,2930,0.8666515350341797,1153.8662998624484,12.405567609692294,0.1383586244039486,0.244287446768756,2.5023327150975367,0.0017453296681132508,0.07486343383789062,0.98,0.004862596778699033,0.0048625967786990135,0.004464121091493052
1772526976.116527,2931,1.0647773742675781,939.1634572324227,12.626019335006253,0.23912473255200323,0.24517254074113068,2.5023327150975367,0.0017453296681132508,0.07486343383789062,0.98,0.004419903164208918,0.004419903164208919,0.09892705505321951
1772526976.1289144,2932,1.1444091796875,873.8133333333334,12.465209443529298,0.1898564825546718,0.2135132342394284,2.5023327150975367,0.0017453275875186428,0.07486343383789062,0.98,0.026323601317153496,0.026323601317153496,0.047782342547238836
1772526976.1415603,2933,1.1827945709228516,845.4553517436001,12.357077792132017,0.2603489608319572,0.21936301659049354,2.5023327150975367,0.0,0.07486343383789062,0.98,0.012567276653985084,0.012567276653985084,0.031642556364382464
1772526976.1533465,2934,0.7946491241455078,1258.4170417041705,12.187267725379469,0.2655574209416693,0.2250705633250614,2.5023327150975367,0.0,0.07486343383789062,0.98,0.0034049866871789535,0.0034049866871789535,0.018261626264561646
1772526976.1658723,2935,0.8440017700195312,1184.8316384180791,12.25905201212524,0.12629782615586033,0.23012665855653394,2.5023327150975367,0.0,0.07486343383789062,0.98,0.0031192745798690664,0.0031192745798690664,0.009288360159420514
1772526976.1787887,2936,0.9698867797851562,1031.0481809242872,12.36468543071099,0.10689710723110545,0.2343880138195528,2.5023327150975367,0.0,0.07486343383789062,0.98,0.005550036747953693,0.00555003674795369,0.003639857797910449
1772526976.1909776,2937,0.9167194366455078,1090.8462938881664,12.316976334636696,0.08629096319490237,0.23783392147937737,2.5023327150975367,0.0,0.07486343383789062,0.98,0.005967482256047732,0.005967482256047732,0.0025149674603833073
1772526976.2031972,2938,0.732421875,1365.3333333333333,12.40117207857362,0.14632670209626328,0.24039441260416305,2.5023327150975367,0.0,0.07486343383789062,0.98,0.0057177023705060155,0.005717702370506016,0.0035858315699755297
1772526976.2156913,2939,0.7464885711669922,1339.6052379431492,12.491444812492693,0.15278717324979843,0.24231234336060317,2.5023327150975367,0.0,0.07486343383789062,0.98,0.004910668037119819,0.004910668037119819,0.004032959243773251
1772526976.2288218,2940,0.9670257568359375,1034.0986193293886,12.6027363623887,0.15320145325885237,0.2437233694080688,2.5023327150975367,0.0017453296681132508,0.07486343383789062,0.98,0.004060376241026498,0.004060376241026498,0.002943110516160547
1772526976.241364,2941,0.9152889251708984,1092.5511852044804,12.542419424570072,0.10475077110411654,0.2463952181775922,2.5023327150975367,0.0,0.07486343383789062,0.98,0.004307272398854633,0.004307272398854633,0.0020214186087364854
1772526976.252811,2942,0.4200935363769531,2380.422247446084,12.429996881766396,0.14190595538953904,0.24831283971067492,2.5023327150975367,0.0,0.07486343383789062,0.98,0.003841989328474417,0.003841989328474408,0.0022474748295075457
1772526976.2658458,2943,0.5488395690917969,1822.02606429192,12.670061920672588,0.25615572525967684,0.24957874737577546,2.5023327150975367,0.0017453296681132508,0.07486343383789062,0.98,0.003764743249822053,0.003764743249822053,0.0077939881717303695
1772526976.278574,2944,0.5936622619628906,1684.459437751004,12.655742642277955,0.04367606961839666,0.2488879257560817,2.5023327150975367,0.0,0.07486343383789062,0.98,0.002265046119181808,0.002265046119181808,0.004683201361647379
1772526976.291133,2945,0.7436275482177734,1344.7592176979801,12.590861989998361,0.06812334723509894,0.24834825339973204,2.5023327150975367,0.0,0.07486343383789062,0.98,0.0022191023489601803,0.0022191023489601803,0.0024677975388333858
1772526976.3028564,2946,0.43320655822753906,2308.3676389653274,12.520181949779555,0.07517044959509576,0.24805030160961977,2.5023327150975367,0.0,0.07486343383789062,0.98,0.002357592892467496,0.002357592892467496,0.0012743892173070273
1772526976.3160522,2947,0.6155967712402344,1624.4399690162666,12.721136776377366,0.20259206032147792,0.24797616130228156,2.5023327150975367,0.0017453296681132508,0.07486343383789062,0.98,0.0026429606443652068,0.0026429606443652063,0.006023828093041529
1772526976.328642,2948,0.6558895111083984,1524.6470374409305,12.633614416722393,0.09325338904114401,0.2497664365790302,2.5023327150975367,0.0017453296681132508,0.07486343383789062,0.98,0.002027931679624559,0.00202793167962457,0.002623603141321338
1772526976.341346,2949,0.8287429809570312,1206.6467203682394,12.60373397541832,0.03136669933273094,0.2495184073036601,2.5023327150975367,0.0017453296681132508,0.07486343383789062,0.98,0.002037766774154074,0.0020377667741540736,0.0046164151733513
1772526976.3529367,2950,0.48160552978515625,2076.388118811881,12.516445222590916,0.08997051610634581,0.2510761761905117,2.5023327150975367,0.0017453296681132508,0.07486343383789062,0.98,0.0020205590498557045,0.0020205590498557032,0.003510155705633152
1772526976.3660176,2951,0.5896091461181641,1696.038819247877,12.73727122588858,0.22294666752253395,0.25058430861801767,2.5023327150975367,0.0017453296681132508,0.07486343383789062,0.98,0.002028932188042011,0.0020289321880420192,0.004034501600474381
1772526976.378598,2952,0.6546974182128906,1527.4231609613985,12.674880306307495,0.0663626599789668,0.2519771370484418,2.5023327150975367,0.0017453296681132508,0.07486343383789062,0.98,0.0021223727676552492,0.0021223727676552497,0.004011093540552311
1772526976.3914776,2953,0.8323192596435547,1201.462045259238,12.679963968705325,0.014277022844773755,0.2513260866651407,2.5023327150975367,0.0017453296681132508,0.07486343383789062,0.98,0.0019472758901920631,0.0019472758901920631,0.003936632644449636
1772526976.402972,2954,0.45228004455566406,2211.019504480759,12.532780730106097,0.14818746888368375,0.2525784998205662,2.5023327150975367,0.0017453296681132508,0.07486343383789062,0.98,0.0019019038271011466,0.0019019038271011462,0.00395804224405748
1772526976.4161017,2955,0.5972385406494141,1674.372854291417,12.760280291726051,0.23000493953557452,0.2518028358926083,2.5023327150975367,0.0017453296681132508,0.07486343383789062,0.98,0.0019641337190377394,0.0019641337190377454,0.004003508877639105
1772526976.4287007,2956,0.6825923919677734,1465.0031435557107,12.700750350295253,0.06329005847622264,0.25299282421477726,2.5023327150975367,0.0017453296681132508,0.07486343383789062,0.98,0.0019435313380907196,0.0019435313380907196,0.0040113616399340465
1772526976.441453,2957,0.7967948913574219,1255.0281268701376,12.687860395214301,0.015927610228505456,0.252172536481566,2.5023327150975367,0.0017453296681132508,0.07486343383789062,0.98,0.001886040106887373,0.001886040106887367,0.08638198133809337
1772526976.4529347,2958,0.4687309265136719,2133.4201424211597,12.464433646778133,0.2493674325039474,0.2223443744257803,2.5023327150975367,0.0,0.07486343383789062,0.98,0.02414578978269547,0.02414578978269547,0.037913127209205366
1772526976.4660895,2959,0.5784034729003906,1728.8969497114592,12.516916648444266,0.32593398053608896,0.20532048627846183,2.5023327150975367,0.0017453275875186428,0.07486343383789062,0.98,0.037449169870695104,0.037449169870695104,0.08559131118485133
1772526976.4786355,2960,0.6892681121826172,1450.8142511241786,12.253485336512732,0.48603361405247125,0.21489509956083086,2.5023327150975367,0.0017453275875186428,0.07486343383789062,0.98,0.01100153223525441,0.01100153223525441,0.039177742110917624
1772526976.4913282,2961,0.7402896881103516,1350.822544283414,12.126472685126174,0.3838382707609775,0.20118870782862633,2.5023327150975367,0.0,0.07486343383789062,0.98,0.0216148578534174,0.0216148578534174,0.01713308378129667
1772526976.5029666,2962,0.4448890686035156,2247.7513397642015,11.8986132340719,0.4350261722168884,0.19243496914980782,2.5023327150975367,0.0,0.07486343383789062,0.98,0.023540181970882364,0.023540181970882364,0.012451967053663233
1772526976.5156028,2963,0.5221366882324219,1915.207305936073,11.92782202982954,0.3877313951460607,0.1867537610068992,2.5023327150975367,0.0,0.07486343383789062,0.98,0.024526473259268995,0.024526473259268995,0.01590571391760606
1772526976.5290303,2964,0.9398460388183594,1064.0040588533739,11.928991959842275,0.3981621329033495,0.1826442697072044,2.5023327150975367,0.0,0.07486343383789062,0.98,0.022761182482307747,0.022761182482307747,0.018404171974738513
