timestamp,iteration,frame_duration_ms,frame_frequency_hz,K_norm,K_delta_norm,Q_norm,R_norm,input_jump,pinocchio_time_ms,alpha,prediction_displacement_norm,innovation_norm,correction_norm
1772535373.1577377,1,0.4467964172363281,2238.1558164354324,2.627449930025144,0.0,7.77444723105757e-06,0.05314199413318291,0.0,0.022172927856445312,1.0,0.0,0.0,2.179682438434594
1772535373.170354,2,0.7271766662597656,1375.1816393442623,1.3328459194563422,1.3150579375076255,1.0946413418677748e-05,0.05314199413318291,0.0,0.02384185791015625,1.0,6.79198063436605e-06,6.791980634363118e-06,0.007600077810619527
1772535373.1823452,3,0.6308555603027344,1585.148904006047,0.950670149926428,0.45443739118826976,1.0928389647741265e-05,0.05314199413318291,0.0,0.04410743713378906,1.0,1.7989803873501297e-05,1.7989803873498488e-05,0.0025669761341521667
1772535373.1960156,4,1.0411739349365234,960.454316464392,0.8512334815641228,0.2724087769888948,1.0922286774192241e-05,0.05314199413318291,0.0,0.06985664367675781,1.0,3.241378212967491e-05,3.2413782129671985e-05,0.001300424835133651
1772535373.2069645,5,0.44226646423339844,2261.080323450135,0.8487225973465647,0.17412194102856102,1.0919144328951651e-05,0.05314199413318291,0.0,0.06985664367675781,1.0,3.842023342367499e-05,3.842023342367499e-05,0.0007890552439015591
1772535373.219612,6,0.49805641174316406,2007.8046912398277,0.9242957721289039,0.16611934082559726,1.0917194678407588e-05,0.05314199413318291,0.0,0.06985664367675781,1.0,5.3499835000606856e-05,5.349983500060673e-05,0.0005313043625346029
1772535373.2328348,7,1.0600090026855469,943.3882141250563,1.0249772540488467,0.1482508969626769,1.0915817158062619e-05,0.05314199413318291,0.0,0.06985664367675781,1.0,6.476902613500695e-05,6.476902613500695e-05,0.0003809515317472171
1772535373.2460134,8,1.2159347534179688,822.4125490196078,1.1356768584396444,0.13697733749477276,1.0914767226648951e-05,0.05314199413318291,0.0,0.06985664367675781,1.0,7.670997367679205e-05,7.670997367679205e-05,0.00028354900509728156
1772535373.257294,9,0.7662773132324219,1305.0105787181083,1.2100191136776313,0.08965045865022901,1.0913918394067545e-05,0.05314199413318291,0.0,0.06985664367675781,1.0,7.657521021704043e-05,7.657521021703753e-05,0.00021469433275223056
1772535373.2701218,10,0.8089542388916016,1236.1638667845564,1.3003998864429602,0.09966582639735319,1.0913231969528374e-05,0.05314199413318291,0.0,0.06985664367675781,1.0,9.206772539515116e-05,9.206772539515116e-05,0.00016305412819215114
1772535373.283043,11,1.0144710540771484,985.7353701527614,1.3748494043374238,0.08006744329217265,1.0912630466352742e-05,0.05314199413318291,0.0017453317487078485,0.06985664367675781,1.0,9.829129870875879e-05,9.829129870875598e-05,0.00028210021124114656
1772535373.2963624,12,1.214742660522461,823.2196270853779,1.4418243209449502,0.07035711497395156,1.0912288509220212e-05,0.05314199413318291,0.0017453317487078485,0.06985664367675781,1.0,0.00010367669613216404,0.00010367669613216404,0.00011059624696243653
1772535373.3072278,13,0.7343292236328125,1361.787012987013,1.4566987310296533,0.01761314547930181,1.0911809786837676e-05,0.05314199413318291,0.0017453317487078485,0.06985664367675781,1.0,9.257555451570615e-05,9.257555451570915e-05,0.0016921438455869656
1772535373.3195045,14,0.5006790161132812,1997.287619047619,1.4854460643174818,0.029984981237608063,1.0906858430000576e-05,0.05314199413318291,0.0017453317487078485,0.06985664367675781,1.0,0.00010340490067066847,0.00010340490067066556,0.0003867406441424292
1772535373.3324292,15,0.6616115570068359,1511.460900900901,1.5065330985702399,0.021735652610970196,1.0907394073238428e-05,0.05314199413318291,0.0017453317487078485,0.06985664367675781,1.0,9.86292239659019e-05,9.862922396589544e-05,0.00029446577620798845
1772535373.3452153,16,0.7653236389160156,1306.6367601246106,1.5132667830256807,0.007259420397707,1.0907653531392944e-05,0.05314199413318291,0.0,0.06985664367675781,1.0,9.650544665730374e-05,9.650544665730209e-05,0.00025297820570595076
1772535373.356745,17,0.408172607421875,2449.9439252336447,1.495927756788389,0.01773472537949238,1.090790752346091e-05,0.05314199413318291,0.0,0.06985664367675781,1.0,8.946611014483847e-05,8.946611014484739e-05,0.00021512823763148166
1772535373.3692122,18,0.4036426544189453,2477.438865918488,1.4830301870995868,0.013603494929253513,1.0908170029054122e-05,0.05314199413318291,0.0,0.06985664367675781,1.0,9.468569380875179e-05,9.468569380875145e-05,0.0001833124684595408
1772535373.382609,19,0.6070137023925781,1647.4092694422625,1.4738893855395487,0.010387928468468007,1.090840330464434e-05,0.05314199413318291,0.0017453317487078485,0.06985664367675781,1.0,0.0001008936854149904,0.00010089368541499379,0.0002578567634183379
1772535373.3952832,20,0.7812976837158203,1279.9218797680805,1.4473172742568197,0.02745293644261806,1.0908433514600228e-05,0.05314199413318291,0.0017453317487078485,0.06985664367675781,1.0,9.306331868911268e-05,9.30633186891152e-05,0.00015771167788395746
1772535373.406805,21,0.4305839538574219,2322.4274640088593,1.4078934737602788,0.040297238360648975,1.0908665189687249e-05,0.05314199413318291,0.0,0.06985664367675781,1.0,8.754011421818322e-05,8.754011421818322e-05,0.00013387729130885323
1772535373.419277,22,0.43010711669921875,2325.0022172949,1.3764882116102393,0.03241473517557629,1.0908892950375596e-05,0.05314199413318291,0.0017453317487078485,0.06985664367675781,1.0,9.22714795970924e-05,9.22714795970924e-05,0.00023647496410053115
1772535373.432046,23,0.5636215209960938,1774.2402707275803,1.3452728233330926,0.03230105344986939,1.090891588265553e-05,0.05314199413318291,0.0,0.06985664367675781,1.0,9.067243394161161e-05,9.067243394161161e-05,0.00020544640296303186
1772535373.4456997,24,1.2066364288330078,828.7500493973523,1.3171096655738,0.029364753302505292,1.0908942025107672e-05,0.05314199413318291,0.0,0.06985664367675781,1.0,9.15244073449852e-05,9.152440734499226e-05,0.0001790425331104224
1772535373.4569035,25,0.48422813415527344,2065.1422944362384,1.2731814324889703,0.044997812379789566,1.0908967630890776e-05,0.05314199413318291,0.0,0.06985664367675781,1.0,8.081825526188049e-05,8.081825526188225e-05,0.00015473232896514642
1772535373.4692829,26,0.4169940948486328,2398.1154945683247,1.2376783634461386,0.03664944982279819,1.0909015150214691e-05,0.05314199413318291,0.0017453317487078485,0.06985664367675781,1.0,8.3488469936567e-05,8.3488469936567e-05,0.00017889939888843186
1772535373.482159,27,0.5815029144287109,1719.681836818368,1.2059585830746504,0.03292895187381872,1.0909229688606417e-05,0.05314199413318291,0.0,0.06985664367675781,1.0,8.31971843965792e-05,8.319718439658108e-05,0.0001565242226707092
1772535373.4950886,28,0.8056163787841797,1241.285587451909,1.1743074714692978,0.03287604221120009,1.0909422927849399e-05,0.05314199413318291,0.0,0.06985664367675781,1.0,8.110504250425373e-05,8.110504250425373e-05,0.00013733330853955042
1772535373.5068636,29,0.43964385986328125,2274.5683297180044,1.136521049820098,0.03895706919024548,1.0909600808782633e-05,0.05314199413318291,0.0017453317487078485,0.06985664367675781,1.0,7.465541766142795e-05,7.465541766142795e-05,0.0001856609501407298
1772535373.5199914,30,0.8847713470458984,1130.2355160334141,1.1068762149778748,0.03089342941900142,1.0909598197427474e-05,0.05314199413318291,0.0017453317487078485,0.06985664367675781,1.0,7.629572665560324e-05,7.629572665560324e-05,0.0005000604611114235
1772535373.5326903,31,0.9875297546386719,1012.6277160791888,1.0770839648559931,0.031038326924731695,1.0910167215230376e-05,0.05314199413318291,0.0017453317487078485,0.06985664367675781,1.0,6.860281673033875e-05,6.860281673033875e-05,0.00020531455314156226
1772535373.5456803,32,1.2285709381103516,813.9538133126334,1.0497820449096342,0.028578375280862222,1.0910107334441269e-05,0.05314199413318291,0.001745329668113249,0.06985664367675781,1.0,6.706792258600449e-05,6.706792258600449e-05,0.00033612454518993826
1772535373.5573118,33,0.8044242858886719,1243.1250740960284,1.0168492237030125,0.034145710557916945,1.0910453591076167e-05,0.05314199413318291,0.0,0.06985664367675781,1.0,5.7299318333647814e-05,5.7299318333647814e-05,0.0002903924417732898
1772535373.5697923,34,0.8027553558349609,1245.7095337095336,0.9900487009359296,0.0280601159573985,1.0910769028022734e-05,0.05314199413318291,0.0017453317487078485,0.06985664367675781,1.0,5.62548174622591e-05,5.62548174622591e-05,0.0003795044417411736
1772535373.5821552,35,0.5755424499511719,1737.4913007456503,0.9654172917980899,0.02591080849057866,1.0911219413251847e-05,0.05314199413318291,0.001745329668113249,0.06985664367675781,1.0,5.731426422481801e-05,5.731426422481593e-05,0.00014887913944545479
1772535373.5954578,36,0.9276866912841797,1077.9501413518376,0.9448983915614741,0.021865968228954098,1.091122874555986e-05,0.05314199413318291,0.0017453317487078485,0.06985664367675781,1.0,5.814958394845872e-05,5.8149583948456195e-05,0.0002338861988161267
1772535373.6068318,37,0.4215240478515625,2372.343891402715,0.916365993834455,0.0297615968555404,1.0911461009522048e-05,0.05314199413318291,0.0,0.06985664367675781,1.0,5.1223805362940603e-05,5.1223805362917415e-05,0.00020178254067169623
1772535373.6193664,38,0.4761219024658203,2100.3024536805206,0.8950277390368218,0.022628719482191757,1.0911672153404874e-05,0.05314199413318291,0.001745329668113249,0.06985664367675781,1.0,5.37277367266465e-05,5.3727736726642686e-05,0.0002800687056240318
1772535373.6321259,39,0.61798095703125,1618.1728395061727,0.875837579815528,0.020506386459628947,1.0911472419004338e-05,0.05314199413318291,0.001745329668113249,0.06985664367675781,1.0,4.994741329654733e-05,4.994741329654733e-05,0.00019154348115594134
1772535373.644964,40,0.7627010345458984,1311.1297280400124,0.8578707158811163,0.019292737951011524,1.091168064219789e-05,0.05314199413318291,0.0,0.06985664367675781,1.0,4.996537451016588e-05,4.996537451016588e-05,0.00016569570800760325
1772535373.6567962,41,0.4134178161621094,2418.8604382929643,0.8369820999630319,0.02214470357580502,1.0911867873246741e-05,0.05314199413318291,0.001745329668113249,0.06985664367675781,1.0,4.779396143774272e-05,4.779396143774272e-05,0.0002761393004295284
1772535373.6696532,42,0.5464553833007812,1829.975567190227,0.8217727059504502,0.016569070393881443,1.0911652429349669e-05,0.05314199413318291,0.0,0.06985664367675781,1.0,4.625717538897411e-05,4.625717538897411e-05,0.0002428313706881993
1772535373.6822205,43,0.5993843078613281,1668.378679395386,0.8051753919926877,0.01789216740008989,1.0911458853646932e-05,0.05314199413318291,0.0,0.06985664367675781,1.0,4.226512887928644e-05,4.226512887930718e-05,0.00021290448701311783
1772535373.6951554,44,0.8909702301025391,1122.3719561145303,0.7909714180683648,0.015544517874918553,1.0911287201121793e-05,0.05314199413318291,0.0017453275875186497,0.06985664367675781,1.0,4.135435864873662e-05,4.135435864873662e-05,0.001894716026225471
1772535373.7069483,45,0.4706382751464844,2124.774062816616,0.7738333802584992,0.01838490412271493,1.0907941010797095e-05,0.05314199413318291,0.0017453317487078485,0.06985664367675781,1.0,4.2132906041705626e-05,4.2132906041705626e-05,0.0003255675814683782
1772535373.719408,46,0.4584789276123047,2181.1253250130007,0.7599932075828939,0.015139935743769949,1.0908672072926546e-05,0.05314199413318291,0.0017453317487078485,0.06985664367675781,1.0,4.527139573295703e-05,4.527139573295703e-05,0.0001818026616974454
1772535373.7321506,47,0.5753040313720703,1738.2113551595523,0.7479075379635534,0.01342228274243971,1.090916096608359e-05,0.05314199413318291,0.0017453317487078485,0.06985664367675781,1.0,4.5607240728901133e-05,4.5607240728901133e-05,0.0002978783030652238
1772535373.744997,48,0.7860660552978516,1272.157719138611,0.736526988553698,0.012716346643503535,1.0909380395710408e-05,0.05314199413318291,0.0017453317487078485,0.06985664367675781,1.0,4.072866471174943e-05,4.072866471174943e-05,0.00033989922706400156
1772535373.756956,49,0.5383491516113281,1857.5305580159434,0.7230078634250318,0.01475331923623938,1.0909415528366939e-05,0.05314199413318291,0.0,0.06985664367675781,1.0,3.286023046776171e-05,3.286023046774262e-05,0.00029910341572361737
1772535373.7693172,50,0.4601478576660156,2173.2145077720206,0.7117741077969826,0.012514168622360496,1.0909450168378657e-05,0.05314199413318291,0.0,0.06985664367675781,1.0,2.9091428915248014e-05,2.9091428915247693e-05,0.0002632344791782593
1772535373.7820458,51,0.5657672882080078,1767.511167298778,0.7023242074650926,0.010787472353223625,1.0909480854267957e-05,0.05314199413318291,0.0,0.06985664367675781,1.0,2.6889478371180778e-05,2.6889478371180778e-05,0.00023152914864557812
1772535373.7950504,52,0.774383544921875,1291.3497536945813,0.6941943770186539,0.009521703546375163,1.0909508258773005e-05,0.05314199413318291,0.0,0.06985664367675781,1.0,2.608028922908999e-05,2.608028922908999e-05,0.00020338553160500328
1772535373.8069255,53,0.5130767822265625,1949.0260223048326,0.682571055769111,0.012806298054459035,1.090953309113492e-05,0.05314199413318291,0.0017453317487078485,0.06985664367675781,1.0,2.4479865029191368e-05,2.4479865029191368e-05,0.00018742986956026578
1772535373.819285,54,0.44608116149902344,2241.7445216461783,0.6735448746027829,0.010279602208925657,1.0909721465128054e-05,0.05314199413318291,0.0,0.06985664367675781,1.0,2.4839000418063906e-05,2.4839000418051e-05,0.00016461956733238774
1772535373.8319979,55,0.5431175231933594,1841.2221246707638,0.6660697478758257,0.008796063316679639,1.0909890164465526e-05,0.05314199413318291,0.0,0.06985664367675781,1.0,2.5422789480871825e-05,2.542278948086833e-05,0.00014443417916414877
1772535373.8448515,56,0.7405281066894531,1350.3876368319382,0.6591247889765447,0.008266628736407218,1.091004222202314e-05,0.05314199413318291,0.0017453317487078485,0.06985664367675781,1.0,2.5967603712048903e-05,2.596760371203199e-05,0.00023517973285317763
1772535373.8568704,57,0.492095947265625,2032.124031007752,0.6502088114189174,0.010072897855049171,1.0910398276937347e-05,0.05314199413318291,0.001745329668113249,0.06985664367675781,1.0,2.3685680520754312e-05,2.3685680520754312e-05,0.00019302817822707273
1772535373.8692863,58,0.4513263702392578,2215.691494981511,0.6430259834610197,0.008403934432638776,1.091034254549986e-05,0.05314199413318291,0.0,0.06985664367675781,1.0,2.408419624274888e-05,2.408419624274888e-05,0.00016955086991859755
1772535373.8820164,59,0.5652904510498047,1769.002108814846,0.637119808306778,0.007200410192056181,1.0910292743008605e-05,0.05314199413318291,0.0017453275875186497,0.06985664367675781,1.0,2.5024837571274957e-05,2.5024837571274957e-05,0.0017586197891520084
1772535373.8949792,60,0.7917881011962891,1262.964167419452,0.6320083631399347,0.006452844774673852,1.0907320888566201e-05,0.05314199413318291,0.001745329668113249,0.06985664367675781,1.0,3.074003705434318e-05,3.074003705434318e-05,0.0002393905104053089
1772535373.9069045,61,0.45561790466308594,2194.821559392988,0.6244915288972458,0.008606914941683582,1.0907943964122034e-05,0.05314199413318291,0.001745329668113249,0.06985664367675781,1.0,2.838164643978003e-05,2.838164643978003e-05,0.00031536445818196405
1772535373.9192796,62,0.43463706970214844,2300.7701590784422,0.6182630001560008,0.00736503611165277,1.0908128432055018e-05,0.05314199413318291,0.0,0.06985664367675781,1.0,2.3733127270633165e-05,2.3733127270633165e-05,0.0002793976570860813
1772535373.932121,63,0.6067752838134766,1648.0565815324164,0.6138203243751703,0.005736174777037716,1.090829439529335e-05,0.05314199413318291,0.0017453317487078485,0.06985664367675781,1.0,2.083128286088863e-05,2.0831282860892025e-05,0.0002312218705773788
1772535373.9458275,64,1.2977123260498047,770.5868087451773,0.6112324463704919,0.00425956428735796,1.0908603692618969e-05,0.05314199413318291,0.0017453317487078485,0.06985664367675781,1.0,1.962597563156391e-05,1.962597563156391e-05,0.00023529737543404787
1772535373.9574223,65,0.8113384246826172,1232.531295915369,0.6037127970554829,0.008494345443807871,1.090872060800438e-05,0.05314199413318291,0.0,0.06985664367675781,1.0,1.674042421595184e-05,1.6740424215957052e-05,0.0002073253965065329
1772535373.969808,66,0.8249282836914062,1212.2265895953758,0.5984752317681813,0.006300721578460271,1.0908832529536344e-05,0.05314199413318291,0.0017453317487078485,0.06985664367675781,1.0,1.7352362162662377e-05,1.7352362162662377e-05,0.0001871571954691975
1772535373.9824834,67,0.8895397186279297,1124.1768962744572,0.5945722462388121,0.005084604627673496,1.0909093333115732e-05,0.05314199413318291,0.0,0.06985664367675781,1.0,1.7441907593541267e-05,1.7441907593537046e-05,0.0001655153396912291
1772535373.9955697,68,1.1782646179199219,848.7057871307163,0.591812775137637,0.004125687446599132,1.0909328450465464e-05,0.05314199413318291,0.0017453317487078485,0.06985664367675781,1.0,1.8063017588364446e-05,1.8063017588368854e-05,0.00017747564440261495
1772535374.007768,69,0.9565353393554688,1045.4396809571285,0.5869428785408374,0.005847016005135449,1.0909379707589828e-05,0.05314199413318291,0.0,0.06985664367675781,1.0,1.8275764567185178e-05,1.8275764567185178e-05,0.00015607441484237114
1772535374.019801,70,0.8115768432617188,1232.1692126909518,0.5815226655570723,0.006338115737449691,1.0909429407663695e-05,0.05314199413318291,0.0017453317487078485,0.06985664367675781,1.0,1.921280717787107e-05,1.9212807177866916e-05,0.0001502224823194669
1772535374.032622,71,0.9982585906982422,1001.744447098161,0.5786635378844159,0.004048803628644963,1.0909637255819452e-05,0.05314199413318291,0.0017453317487078485,0.06985664367675781,1.0,2.0038083384781214e-05,2.0038083384779692e-05,0.00014172487674014622
1772535374.045579,72,1.2428760528564453,804.5854594283522,0.5761730988006196,0.0037114817025031424,1.09096630121206e-05,0.05314199413318291,0.0,0.06985664367675781,1.0,2.1424439015410898e-05,2.1424439015411894e-05,0.00012446677593378025
1772535374.056877,73,0.4494190216064453,2225.0949602122014,0.5706325926665479,0.006376903889724266,1.0909687412188546e-05,0.05314199413318291,0.0,0.06985664367675781,1.0,2.1316636631890546e-05,2.1316636631890546e-05,0.00010886202489034954
1772535374.0692897,74,0.4413127899169922,2265.9665045921124,0.5672833989365562,0.004321016344879082,1.0909714064841763e-05,0.05314199413318291,0.0017453317487078485,0.06985664367675781,1.0,2.324302666423224e-05,2.324302666423224e-05,0.00015468399732053418
1772535374.082165,75,0.6518363952636719,1534.1272860277982,0.5652912758236848,0.00321848991846219,1.090989874170115e-05,0.05314199413318291,0.0017453317487078485,0.06985664367675781,1.0,2.2929344534394307e-05,2.2929344534394307e-05,0.00010606255600752434
1772535374.0949566,76,0.8020401000976562,1246.8204518430439,0.5631421259328064,0.0032641344508059097,1.0909904742209769e-05,0.05314199413318291,0.0,0.06985664367675781,1.0,2.3860344798316707e-05,2.3860344798319787e-05,9.289900773764897e-05
1772535374.106798,77,0.4277229309082031,2337.9620958751393,0.5589355093634224,0.00499365141046276,1.0909911872388037e-05,0.05314199413318291,0.0,0.06985664367675781,1.0,2.369830093544699e-05,2.3698300935447276e-05,8.111330092826014e-05
1772535374.119236,78,0.41222572326660156,2425.8554077501444,0.5562395909053107,0.0036115505365587938,1.0909921880396663e-05,0.05314199413318291,0.0,0.06985664367675781,1.0,2.5047618308911032e-05,2.5047618308911032e-05,7.071529842772931e-05
1772535374.1321294,79,0.5650520324707031,1769.748523206751,0.5549555914295903,0.0025681620049663382,1.0909931457805208e-05,0.05314199413318291,0.0,0.06985664367675781,1.0,2.6381327426436757e-05,2.6381327426436757e-05,6.155005560809337e-05
1772535374.145513,80,0.8740425109863281,1144.1091107474085,0.5548366752736648,0.002143929331589959,1.0909940600131364e-05,0.05314199413318291,0.0017453317487078485,0.06985664367675781,1.0,2.760810775447232e-05,2.760810775447232e-05,0.00045635770921361287
1772535374.1569586,81,0.4951953887939453,2019.4049109292248,0.5493929350727005,0.006132847891682285,1.0910498413065645e-05,0.05314199413318291,0.001745329668113249,0.06985664367675781,1.0,1.7734731933193945e-05,1.7734731933193945e-05,0.00014360914044598787
1772535374.169267,82,0.4382133483886719,2281.993471164309,0.5467597907327257,0.003416803855980896,1.0910617790679437e-05,0.05314199413318291,0.0017453317487078485,0.06985664367675781,1.0,1.8136054138002025e-05,1.8136054137998437e-05,0.00010991774664340644
1772535374.182167,83,0.621795654296875,1608.2453987730062,0.5457589606387011,0.002217901178259745,1.0910563592631649e-05,0.05314199413318291,0.0017453317487078485,0.06985664367675781,1.0,1.956330227722244e-05,1.956330227722244e-05,0.00013763360099265952
1772535374.195259,84,0.7989406585693359,1251.657415696807,0.5454149290701563,0.0019299844532209014,1.0910676755407772e-05,0.05314199413318291,0.0017453317487078485,0.06985664367675781,1.0,1.9296603354785638e-05,1.929660335478294e-05,0.0001095178039398804
1772535374.2068477,85,0.4963874816894531,2014.5552353506243,0.5407390038226669,0.005302537501907623,1.0910617435737357e-05,0.05314199413318291,0.0,0.06985664367675781,1.0,1.8269592267680975e-05,1.8269592267680975e-05,9.639110539791294e-05
1772535374.2192395,86,0.40793418884277344,2451.375803623612,0.5388992860745723,0.00263208142493701,1.0910567107634997e-05,0.05314199413318291,0.0017453317487078485,0.06985664367675781,1.0,1.994322530156308e-05,1.994322530156308e-05,0.00014333670803013993
1772535374.231813,87,0.431060791015625,2319.858407079646,0.5374970523845432,0.002274037296111894,1.0910683460936514e-05,0.05314199413318291,0.0017453317487078485,0.06985664367675781,1.0,1.9188180891187656e-05,1.918818089118503e-05,9.923378862981196e-05
1772535374.2449589,88,0.7441043853759766,1343.8974687600128,0.537353012701017,0.0017141129503750164,1.0910627252653337e-05,0.05314199413318291,0.0,0.06985664367675781,1.0,2.0307013866908222e-05,2.0307013866911238e-05,8.76500583781597e-05
1772535374.2568982,89,0.4718303680419922,2119.4057604850937,0.5343698640382961,0.003555597470328133,1.0910576963366647e-05,0.05314199413318291,0.0,0.06985664367675781,1.0,1.969319210447853e-05,1.969319210448112e-05,7.717760908141475e-05
1772535374.2694495,90,0.5044937133789062,1982.1852551984878,0.5329164946494765,0.0021964930121195652,1.0910534116893377e-05,0.05314199413318291,0.0017453317487078485,0.06985664367675781,1.0,2.0766885936535542e-05,2.0766885936535542e-05,0.00015727074931639609
1772535374.2822664,91,0.6110668182373047,1636.4822473663676,0.5322785243567268,0.0016757753468897788,1.091065819608008e-05,0.05314199413318291,0.0017453317487078485,0.06985664367675781,1.0,1.9699452967277177e-05,1.9699452967277177e-05,8.426623739675619e-05
1772535374.2953472,92,0.8203983306884766,1218.9200813716943,0.5322622544566086,0.0014970060708291938,1.0910608318381357e-05,0.05314199413318291,0.0017453317487078485,0.06985664367675781,1.0,2.046820940167215e-05,2.046820940167215e-05,0.00015017984975652698
1772535374.3068888,93,0.4734992980957031,2111.9355488418933,0.5281469760501086,0.004641842591118033,1.0910726956333511e-05,0.05314199413318291,0.0017453317487078485,0.06985664367675781,1.0,1.7527118088928444e-05,1.7527118088928444e-05,9.018657954048412e-05
1772535374.3199039,94,0.9219646453857422,1084.6402896302043,0.5272050857041789,0.0017244809524447377,1.0910673432543587e-05,0.05314199413318291,0.0,0.06985664367675781,1.0,1.903789048090582e-05,1.903789048090332e-05,7.986443719598423e-05
1772535374.332886,95,0.9868144989013672,1013.3616815655955,0.5276325654855519,0.0014942378554779379,1.0910625120009812e-05,0.05314199413318291,0.0017453317487078485,0.06985664367675781,1.0,2.0013270219001624e-05,2.001327021899886e-05,0.0004401682880413882
1772535374.346117,96,1.3318061828613281,750.8600071607591,0.5277877131727977,0.0013310436070107286,1.0911135366192826e-05,0.05314199413318291,0.001745329668113249,0.06985664367675781,1.0,1.4232310302943419e-05,1.4232310302943419e-05,0.00012009190471619465
1772535374.357442,97,0.8032321929931641,1244.9700207776789,0.5234891362577988,0.00480490127654448,1.0911205390848204e-05,0.05314199413318291,0.0017453317487078485,0.06985664367675781,1.0,1.2921774555569497e-05,1.292177455557152e-05,0.00012300836674236868
1772535374.3700566,98,0.8876323699951172,1126.5925329035724,0.5224557876741162,0.0016595878824267368,1.0911105477037294e-05,0.05314199413318291,0.0017453317487078485,0.06985664367675781,1.0,1.3939135985597284e-05,1.3939135985597284e-05,0.0003942418304538377
1772535374.3828452,99,0.9908676147460938,1009.2165543792108,0.5221541500680961,0.0012665394643969323,1.091156913938186e-05,0.05314199413318291,0.0017453317487078485,0.06985664367675781,1.0,1.3364940363070995e-05,1.3364940363070995e-05,0.00015029882569034215
1772535374.3960054,100,1.2218952178955078,818.4007804878049,0.5226726827881879,0.0013425949558605497,1.0911433136378765e-05,0.05314199413318291,0.0017453317487078485,0.06985664367675781,1.0,1.2768099443004946e-05,1.2768099443013698e-05,0.0001085778551153787
1772535374.4073586,101,0.7860660552978516,1272.157719138611,0.518487876504683,0.004668025936786666,1.091147407110573e-05,0.05314199413318291,0.0,0.06985664367675781,1.0,1.18714850246355e-05,1.18714850246355e-05,9.609976801973687e-05
1772535374.4197116,102,0.7474422454833984,1337.8960127591706,0.5171965970945415,0.0017765035420807416,1.0911509621694394e-05,0.05314199413318291,0.0017453317487078485,0.06985664367675781,1.0,1.302626643164856e-05,1.3026266431652079e-05,0.0001501491507168017
1772535374.4328055,103,1.0628700256347656,940.8488111260655,0.5175820644909058,0.0012355416720809308,1.0911379278819542e-05,0.05314199413318291,0.0017453317487078485,0.06985664367675781,1.0,1.2828952559689392e-05,1.2828952559685704e-05,9.744712275182599e-05
1772535374.445384,104,0.8230209350585938,1215.0359212050985,0.517707938720914,0.0010851516393451297,1.091142528811458e-05,0.05314199413318291,0.0,0.06985664367675781,1.0,1.3196124704439241e-05,1.3196124704439241e-05,8.630735260906295e-05
1772535374.456952,105,0.4360675811767578,2293.2225259704755,0.5144642227787332,0.003654115326324523,1.0911466843883619e-05,0.05314199413318291,0.0017453317487078485,0.06985664367675781,1.0,1.2642828135179144e-05,1.2642828135180638e-05,0.0001514788877393389
1772535374.4694285,106,0.4477500915527344,2233.3887113951014,0.5136935657485137,0.0013019016601889442,1.0911340362180317e-05,0.05314199413318291,0.001745329668113249,0.06985664367675781,1.0,1.2679218178158545e-05,1.2679218178157012e-05,0.00027117930474528595
1772535374.4821928,107,0.5910396575927734,1691.9338442920532,0.5135431183033331,0.001013469922411795,1.091161646361755e-05,0.05314199413318291,0.0017453317487078485,0.06985664367675781,1.0,1.1887170076430724e-05,1.1887170076430724e-05,9.66278899679127e-05
1772535374.4950883,108,0.8349418640136719,1197.688178183895,0.5135956447217616,0.0009688762180553497,1.0911638663795275e-05,0.05314199413318291,0.0017453317487078485,0.06985664367675781,1.0,1.2424071287602154e-05,1.2424071287615254e-05,0.00015560423830564987
1772535374.506954,109,0.5311965942382812,1882.5421903052065,0.5113316737140802,0.0026077404751472444,1.0911494880023604e-05,0.05314199413318291,0.0,0.06985664367675781,1.0,1.0835911694044481e-05,1.0835911694044481e-05,0.00013830119718762096
1772535374.5192978,110,0.4763603210449219,2099.2512512512512,0.5103858982635509,0.0013508222505194028,1.091136503491424e-05,0.05314199413318291,0.0,0.06985664367675781,1.0,1.0816554032671108e-05,1.0816554032671108e-05,0.00012286961209952805
1772535374.532013,111,0.5397796630859375,1852.60777385159,0.5104720190393929,0.0009157136684956643,1.091124853586667e-05,0.05314199413318291,0.0,0.06985664367675781,1.0,1.1278128415299566e-05,1.1278128415289171e-05,0.00010905579844761937
1772535374.5450625,112,0.759124755859375,1317.3065326633166,0.5111982097109373,0.0012069923599032147,1.0911143787978106e-05,0.05314199413318291,0.0017453317487078485,0.06985664367675781,1.0,1.2014330480294635e-05,1.2014330480298254e-05,0.00012987318464887193
1772535374.5569935,113,0.5185604095458984,1928.415632183908,0.5091320553371966,0.002374554613555381,1.0911213494667538e-05,0.05314199413318291,0.0017453317487078485,0.06985664367675781,1.0,1.0934633020487534e-05,1.0934633020487534e-05,0.00010920029582230687
1772535374.5692887,114,0.4477500915527344,2233.3887113951014,0.5080327595198609,0.0014183658830051581,1.0911112804209022e-05,0.05314199413318291,0.0,0.06985664367675781,1.0,1.1611031177680598e-05,1.1611031177674745e-05,9.676311627403963e-05
1772535374.5821521,115,0.6093978881835938,1640.964006259781,0.5083257406429307,0.0008799038819014799,1.0911022620287226e-05,0.05314199413318291,0.0,0.06985664367675781,1.0,1.2616808066638782e-05,1.2616808066636878e-05,8.565832232394385e-05
1772535374.594985,116,0.7677078247070312,1302.5788819875777,0.5084621620559506,0.0007751798535372282,1.091094163648745e-05,0.05314199413318291,0.0,0.06985664367675781,1.0,1.3299206106704665e-05,1.3299206106702214e-05,7.56640729538455e-05
1772535374.6067412,117,0.42724609375,2340.5714285714284,0.5061727255522043,0.002590871400107912,1.091086917599749e-05,0.05314199413318291,0.0,0.06985664367675781,1.0,1.3218760223236352e-05,1.3218760223236577e-05,6.661856033831644e-05
1772535374.619243,118,0.4112720489501953,2431.480579710145,0.5058349622259024,0.0008041956777262712,1.0910805244077718e-05,0.05314199413318291,0.0,0.06985664367675781,1.0,1.4379937269970641e-05,1.4379937269970641e-05,5.8586075518984733e-05
1772535374.6317704,119,0.40340423583984375,2478.903073286052,0.5055624592169728,0.0007534487417131335,1.0910747919722534e-05,0.05314199413318291,0.0,0.06985664367675781,1.0,1.4958902342040892e-05,1.4958902342040892e-05,5.140844191633504e-05
1772535374.6445959,120,0.48089027404785156,2079.476450173525,0.5060099778102456,0.0008655976205910586,1.0910696997499414e-05,0.05314199413318291,0.0017453317487078485,0.06985664367675781,1.0,1.570948748701262e-05,1.570948748701169e-05,0.00017572888388768727
1772535374.6569595,121,0.49591064453125,2016.4923076923078,0.5049599174208069,0.0012947529392513689,1.0910815793543757e-05,0.05314199413318291,0.0017453317487078485,0.06985664367675781,1.0,1.3296481042001218e-05,1.3296481042001218e-05,6.298436974583235e-05
1772535374.669233,122,0.40078163146972656,2495.124330755503,0.5039921520260601,0.0012128697862263753,1.0910759651943514e-05,0.05314199413318291,0.0,0.06985664367675781,1.0,1.379864005432027e-05,1.379864005432027e-05,5.5481583314922155e-05
1772535374.6822305,123,0.5803108215332031,1723.21446179129,0.5048220084828139,0.0011426911309778587,1.0910709808878745e-05,0.05314199413318291,0.001745329668113249,0.06985664367675781,1.0,1.4837797984462216e-05,1.4837797984465982e-05,0.00031423528762399813
1772535374.6956785,124,0.9133815765380859,1094.8326807622032,0.5065253423235818,0.001995558152408215,1.0911058182203775e-05,0.05314199413318291,0.001745329668113249,0.06985664367675781,1.0,1.0200846918890357e-05,1.0200846918890357e-05,7.076211445407885e-05
1772535374.7069492,125,0.5016326904296875,1993.490494296578,0.502627519951016,0.00432543901477368,1.0910978886790262e-05,0.05314199413318291,0.001745329668113249,0.06985664367675781,1.0,9.660571217027676e-06,9.660571217026791e-06,0.00028531079350819686
1772535374.7193944,126,0.4372596740722656,2286.970556161396,0.5022463149490981,0.0006972431309185403,1.0911300858652937e-05,0.05314199413318291,0.0017453275875186497,0.06985664367675781,1.0,8.278581244741109e-06,8.278581244750804e-06,0.0018740678505394218
1772535374.7322338,127,0.6000995635986328,1666.3901470003973,0.5026113942388886,0.0007135445081628052,1.090903664435197e-05,0.05314199413318291,0.0017453317487078485,0.06985664367675781,1.0,2.974175352802516e-05,2.974175352802516e-05,0.00024641588093474674
1772535374.7451289,128,0.7982254028320312,1252.778972520908,0.5030162586415676,0.0007105710955694801,1.0909305893368922e-05,0.05314199413318291,0.0017453317487078485,0.06985664367675781,1.0,2.653777368861125e-05,2.653777368861125e-05,0.0002576294900549778
1772535374.7568562,129,0.4401206970214844,2272.104008667389,0.500781673926059,0.0025016409489226434,1.090938335997986e-05,0.05314199413318291,0.0,0.06985664367675781,1.0,2.003496062193102e-05,2.003496062193102e-05,0.00023010088468994485
1772535374.7693973,130,0.47659873962402344,2098.201100550275,0.5005664353236053,0.0005653184062605757,1.090945262438121e-05,0.05314199413318291,0.0,0.06985664367675781,1.0,1.6421414995951795e-05,1.6421414995951795e-05,0.0002057025006446174
1772535374.7826226,131,0.6749629974365234,1481.5626986930413,0.5021090624605652,0.0018131278611952532,1.0909516084106014e-05,0.05314199413318291,0.0,0.06985664367675781,1.0,1.3085799786423852e-05,1.3085799786423852e-05,0.00018394866395475846
1772535374.7956276,132,0.8504390716552734,1175.8631903560415,0.5028176632850881,0.0009178572760070481,1.0909573550927904e-05,0.05314199413318291,0.0017453317487078485,0.06985664367675781,1.0,9.57521889585708e-06,9.575218895857795e-06,0.0003620920783079208
1772535374.8070087,133,0.4906654357910156,2038.0485908649173,0.49932988353420293,0.003874854922636192,1.0910188508086877e-05,0.05314199413318291,0.0017453317487078485,0.06985664367675781,1.0,1.3587178316366278e-05,1.3587178316366278e-05,0.00019529920157996042
1772535374.8193634,134,0.4413127899169922,2265.9665045921124,0.49875450009794714,0.0007721918644295665,1.0910178364938166e-05,0.05314199413318291,0.0017453317487078485,0.06985664367675781,1.0,1.0646557505123368e-05,1.0646557505126124e-05,0.000168568105262681
1772535374.8322742,135,0.6382465362548828,1566.7926783713112,0.49939737952712265,0.00088049960508996,1.0910335170066667e-05,0.05314199413318291,0.0017453317487078485,0.06985664367675781,1.0,9.878639295194439e-06,9.878639295194439e-06,0.0001722529093604043
1772535374.8452685,136,0.8053779602050781,1241.6530491415037,0.5002886105993131,0.001100947338609205,1.0910312134219324e-05,0.05314199413318291,0.0017453317487078485,0.06985664367675781,1.0,6.714915200752913e-06,6.714915200757998e-06,0.00015021342717309806
1772535374.856941,137,0.4684925079345703,2134.505852417303,0.497994475659085,0.0025590545770096053,1.091045650211143e-05,0.05314199413318291,0.0,0.06985664367675781,1.0,6.029530183686899e-06,6.0295301836976015e-06,0.00013393592853329378
1772535374.8694003,138,0.47397613525390625,2109.810865191147,0.49762195473138626,0.0005779589786858924,1.09105861771706e-05,0.05314199413318291,0.0017453317487078485,0.06985664367675781,1.0,6.5216480414128985e-06,6.5216480414128985e-06,0.0001577778220756266
1772535374.882281,139,0.5917549133300781,1689.8887993553585,0.49836912514870435,0.0009550400253998285,1.0910538905434076e-05,0.05314199413318291,0.0,0.06985664367675781,1.0,4.533986831170185e-06,4.533986831170185e-06,0.00014033300449730338
1772535374.895553,140,0.8671283721923828,1153.2317844377235,0.4999165610809398,0.0017789599691179368,1.0910496617800018e-05,0.05314199413318291,0.0017453292780017621,0.06985664367675781,1.0,4.086234255918735e-06,4.086234255918735e-06,0.0009337873433132793
1772535374.907045,141,0.5133152008056641,1948.1207617278217,0.4969164885685914,0.003337469194469945,1.0909506383454794e-05,0.05314199413318291,0.0017453292780017621,0.06985664367675781,1.0,2.4034493831794285e-05,2.4034493831792987e-05,8.106006227461966e-05
1772535374.9196095,142,0.44536590576171875,2245.3447537473235,0.4971456104526563,0.00047766737434727885,1.0909574980825383e-05,0.05314199413318291,0.0,0.06985664367675781,1.0,2.4886069073881687e-05,2.4886069073883015e-05,7.314019390538274e-05
1772535374.9322593,143,0.5466938018798828,1829.1774967291758,0.4971404604094211,0.0003639595578916882,1.0909635266105653e-05,0.05314199413318291,0.0,0.06985664367675781,1.0,2.396522494302183e-05,2.39652249430221e-05,6.600747117869253e-05
1772535374.9457908,144,0.8127689361572266,1230.361982986213,0.49958313296485246,0.002752986970268434,1.0909691705520503e-05,0.05314199413318291,0.0017453317487078485,0.06985664367675781,1.0,2.4598991908849447e-05,2.4598991908849447e-05,0.0017889349987061716
1772535374.9569204,145,0.5426406860351562,1842.8400702987697,0.4950844715981982,0.005002338429903391,1.0907374660944307e-05,0.05314199413318291,0.0017453317487078485,0.06985664367675781,1.0,1.0961080668503931e-05,1.0961080668503931e-05,0.00020428825242689878
1772535374.9692972,146,0.42629241943359375,2345.807606263982,0.49502491454026704,0.00037477844434516465,1.0907644793720838e-05,0.05314199413318291,0.0,0.06985664367675781,1.0,9.910223871131865e-06,9.910223871136793e-06,0.0001829671457015165
1772535374.9826124,147,0.6387233734130859,1565.6229936543486,0.4970574704840001,0.002314282756223915,1.0907887428795499e-05,0.05314199413318291,0.0,0.06985664367675781,1.0,8.88288645984675e-06,8.88288645984675e-06,0.00016393978270294853
1772535374.9956803,148,0.8103847503662109,1233.9817593409825,0.498128368501391,0.0012354376572102136,1.0908106344304371e-05,0.05314199413318291,0.0017453317487078485,0.06985664367675781,1.0,7.996111476253619e-06,7.996111476262707e-06,0.00018635219339093812
1772535375.006812,149,0.4494190216064453,2225.0949602122014,0.4940865413536466,0.004496825223769789,1.0908471383958803e-05,0.05314199413318291,0.0017453317487078485,0.06985664367675781,1.0,5.48330670991822e-06,5.48330670991822e-06,0.0002666171371211031
1772535375.0193012,150,0.44536590576171875,2245.3447537473235,0.49408043626476633,0.00034257819409132343,1.090903304863122e-05,0.05314199413318291,0.001745329668113249,0.06985664367675781,1.0,5.4117028995149925e-06,5.411702899517316e-06,0.00015641854504723257
1772535375.0323417,151,0.6315708160400391,1583.353718384296,0.49534654535342776,0.0014708520911562533,1.090914359363427e-05,0.05314199413318291,0.0,0.06985664367675781,1.0,3.8136878605712115e-06,3.8136878605712115e-06,0.00013957078964021606
1772535375.0451837,152,0.7507801055908203,1331.9479199745952,0.4959752161575824,0.0007670127173307124,1.0909243781722787e-05,0.05314199413318291,0.001745329668113249,0.06985664367675781,1.0,3.4729317497939842e-06,3.47293174979866e-06,0.0002531224494680701
1772535375.0569122,153,0.492095947265625,2032.124031007752,0.4937920319861547,0.0024324304166764028,1.0909731205175605e-05,0.05314199413318291,0.001745329668113249,0.06985664367675781,1.0,4.757711745501761e-06,4.757711745501761e-06,0.0001419503357695497
1772535375.0692835,154,0.4258155822753906,2348.434490481523,0.49357098654519077,0.0003717209113817732,1.0909774833017079e-05,0.05314199413318291,0.0,0.06985664367675781,1.0,3.430962495697373e-06,3.430962495699582e-06,0.0001262386315939088
1772535375.0820317,155,0.5674362182617188,1762.312605042017,0.49402346863533153,0.0005994937673110983,1.0909814944312362e-05,0.05314199413318291,0.0017453317487078485,0.06985664367675781,1.0,3.4894365633587106e-06,3.489436563367243e-06,0.000388727360195715
1772535375.0950496,156,0.766754150390625,1304.1990049751244,0.49515883079231787,0.0013073024126349965,1.0910413770605072e-05,0.05314199413318291,0.0017453317487078485,0.06985664367675781,1.0,7.812038595137124e-06,7.812038595137807e-06,0.00020633465120369754
1772535375.1069715,157,0.4470348358154297,2236.9621333333334,0.49380234544352763,0.0015179894695463768,1.091078726454538e-05,0.05314199413318291,0.001745329668113249,0.06985664367675781,1.0,1.1512578361955615e-05,1.1512578361955615e-05,0.0001707263454856063
1772535375.1193388,158,0.4475116729736328,2234.5785828449652,0.4932503401750416,0.0006487507759978345,1.0910726020884288e-05,0.05314199413318291,0.0,0.06985664367675781,1.0,8.625658062450919e-06,8.625658062452279e-06,0.00015202930609951745
1772535375.1322534,159,0.6256103515625,1598.439024390244,0.49412491009876525,0.0010227457477189543,1.0910671440499756e-05,0.05314199413318291,0.0,0.06985664367675781,1.0,6.4793335933334575e-06,6.479333593336817e-06,0.0001353223414670898
1772535375.1448884,160,0.7185935974121094,1391.6071665560717,0.49413827240246194,0.00021938416887833199,1.0910622683707176e-05,0.05314199413318291,0.001745329668113249,0.06985664367675781,1.0,4.961996242870703e-06,4.961996242870703e-06,0.0002241151979502481
1772535375.1569614,161,0.4458427429199219,2242.9433155080214,0.49327516043621394,0.0009742885241974278,1.0910974994758068e-05,0.05314199413318291,0.001745329668113249,0.021457672119140625,1.0,8.390003315374272e-06,8.390003315374272e-06,0.00014383337009331196
1772535375.1693845,162,0.4534721374511719,2205.2071503680336,0.49290949536804096,0.0004516796154253234,1.0910895498636125e-05,0.05314199413318291,0.0,0.021457672119140625,1.0,6.534455662133795e-06,6.534455662133795e-06,0.0001277502047650275
1772535375.182181,163,0.55694580078125,1795.5068493150684,0.49358047654520504,0.000793223584173777,1.0910824287804953e-05,0.05314199413318291,0.0,0.025272369384765625,1.0,5.7752586707070334e-06,5.7752586707108e-06,0.00011333666837673394
1772535375.1950247,164,0.7610321044921875,1314.0050125313282,0.4940845343170988,0.0006023618958044583,1.0910760459132618e-05,0.05314199413318291,0.0017453317487078485,0.03528594970703125,1.0,5.928167090555286e-06,5.928167090564975e-06,0.0003894853917203492
1772535375.206929,165,0.42939186096191406,2328.875069405886,0.4926528090910393,0.00159906654293444,1.0911267252799383e-05,0.05314199413318291,0.0017453317487078485,0.03528594970703125,1.0,8.240844139118344e-06,8.240844139099027e-06,0.00014325824156578967
1772535375.2193985,166,0.46062469482421875,2170.9648033126296,0.4924167398905261,0.00032140899959328073,1.0911158560836105e-05,0.05314199413318291,0.001745329668113249,0.03528594970703125,1.0,6.501391767771795e-06,6.501391767771795e-06,0.00021363215772541032
1772535375.2322242,167,0.5748271942138672,1739.6532559104105,0.4931699295377616,0.0008753708417141335,1.0911457058403756e-05,0.05314199413318291,0.001745329668113249,0.03528594970703125,1.0,1.0241406278042332e-05,1.024140627805913e-05,0.00015101090476147343
1772535375.2452514,168,0.8637905120849609,1157.6881037813966,0.4939419891605638,0.0008839683612044392,1.0911329606025815e-05,0.05314199413318291,0.001745329668113249,0.037670135498046875,1.0,7.91751795562123e-06,7.91751795562123e-06,0.00020428706103712112
1772535375.2569418,169,0.5190372467041016,1926.6440055121727,0.4918850299031928,0.0022945253240847126,1.0911611620529286e-05,0.05314199413318291,0.0017453317487078485,0.03933906555175781,1.0,1.0746565802287963e-05,1.0746565802286183e-05,0.00017009137569619156
1772535375.2693763,170,0.48065185546875,2080.5079365079364,0.49177863813218375,0.00021778149934258094,1.091163173506056e-05,0.05314199413318291,0.0017453317487078485,0.03933906555175781,1.0,1.020883757714103e-05,1.0208837577123853e-05,0.00015682275440168027
1772535375.2821722,171,0.6468296051025391,1546.0022115739034,0.49231972975445454,0.0006438247621660897,1.091148529914733e-05,0.05314199413318291,0.0017453317487078485,0.03933906555175781,1.0,7.830833254173112e-06,7.830833254173112e-06,0.00015301221764412677
1772535375.2952638,172,0.7901191711425781,1265.6318648159324,0.49377072622742635,0.0016335159624520639,1.0911518724510127e-05,0.05314199413318291,0.0017453317487078485,0.03933906555175781,1.0,7.662354055308723e-06,7.662354055307993e-06,0.00014256728571288355
1772535375.3070695,173,0.4711151123046875,2122.6234817813765,0.4920142899477091,0.0019615463955623812,1.091138316123222e-05,0.05314199413318291,0.001745329668113249,0.03933906555175781,1.0,5.611351245033777e-06,5.611351245051112e-06,0.0002206609709024349
1772535375.3194091,174,0.4754066467285156,2103.4623871614845,0.49139083574365094,0.0007040582429457056,1.091165676388598e-05,0.05314199413318291,0.001745329668113249,0.03933906555175781,1.0,8.56501725960672e-06,8.56501725958934e-06,0.00014903252611550338
1772535375.3322892,175,0.6129741668701172,1631.3901205756515,0.49226735422182194,0.0010038899467139924,1.0911506375101568e-05,0.05314199413318291,0.0,0.03933906555175781,1.0,6.789940359417935e-06,6.789940359417935e-06,0.00013246815876364666
1772535375.3451638,176,0.8122920989990234,1231.084238332844,0.4928733089080339,0.0006952803126589621,1.091137117656923e-05,0.05314199413318291,0.0017453317487078485,0.03933906555175781,1.0,5.863957079214265e-06,5.863957079214265e-06,0.00015368045267534307
1772535375.3574874,177,0.8347034454345703,1198.030277063696,0.4918446300624151,0.0011510740702642237,1.091141487922534e-05,0.05314199413318291,0.0017453317487078485,0.03981590270996094,1.0,5.418861402957683e-06,5.418861402970224e-06,0.00022621483078302096
1772535375.3698578,178,0.8270740509033203,1209.0815797059672,0.4913016433506964,0.0006141122629851938,1.0911684994530246e-05,0.05314199413318291,0.001745329668113249,0.03981590270996094,1.0,7.782026899026656e-06,7.782026899026656e-06,0.00014549429604324946
1772535375.3828173,179,1.0113716125488281,988.7562470532768,0.49227215674567953,0.0011018411328260242,1.0911531018630261e-05,0.05314199413318291,0.0,0.03981590270996094,1.0,6.249962246467252e-06,6.249962246466225e-06,0.00012926341042762286
1772535375.395956,180,1.344919204711914,743.53908881404,0.49329246806154353,0.0011458669147247354,1.0911392539644913e-05,0.05314199413318291,0.001745329668113249,0.05817413330078125,1.0,5.734483328021583e-06,5.734483328021583e-06,0.00022785874803176758
1772535375.4070165,181,0.51116943359375,1956.2985074626865,0.4905817266999879,0.0030270704692818844,1.0911665586246782e-05,0.05314199413318291,0.0017453317487078485,0.05817413330078125,1.0,6.972198634340371e-06,6.972198634340371e-06,0.00015646548525289822
1772535375.4194014,182,0.45752525329589844,2185.6717040125063,0.4903047084750179,0.0003329636233012026,1.0911677543541662e-05,0.05314199413318291,0.0017453317487078485,0.05817413330078125,1.0,6.866941039816151e-06,6.866941039819245e-06,0.00014127116625806935
1772535375.4324806,183,0.6494522094726562,1539.7591776798824,0.4917799342854827,0.0016660994929504611,1.0911523739311891e-05,0.05314199413318291,0.0017453317487078485,0.05817413330078125,1.0,5.7282605714550685e-06,5.7282605714550685e-06,0.00035905077681765027
1772535375.4460204,184,1.4166831970214844,705.8741164591047,0.4927742260754814,0.001116881375610871,1.0911950023125138e-05,0.05314199413318291,0.0017453317487078485,0.06175041198730469,1.0,1.0511036345755171e-05,1.0511036345755171e-05,0.00016740182585951835
1772535375.457564,185,0.8931159973144531,1119.6753870795515,0.49077190134462917,0.0022371880308537173,1.0911768106316379e-05,0.05314199413318291,0.0,0.06175041198730469,1.0,7.0875982217921375e-06,7.087598221789978e-06,0.00014858374565107396
1772535375.4706368,186,1.0478496551513672,954.3353811149033,0.492203640648111,0.001610410166312809,1.0911603120570785e-05,0.05314199413318291,0.0017453317487078485,0.06175041198730469,1.0,5.820905482887184e-06,5.8209054828870856e-06,0.0001400147952303913
1772535375.4835663,187,1.405477523803711,711.5019508057676,0.4924236582443498,0.00025919362447307103,1.0911621173205918e-05,0.05314199413318291,0.0,0.06175041198730469,1.0,5.789951941248516e-06,5.789951941248516e-06,0.00012507396807475183
1772535375.4959898,188,1.2688636779785156,788.1067267944381,0.4921622742067341,0.0003036805990988079,1.091163697925439e-05,0.05314199413318291,0.0,0.06175041198730469,1.0,6.179563853079934e-06,6.179563853083247e-06,0.0001115368142150081
1772535375.507994,189,1.1315345764160156,883.755583649389,0.490558785924418,0.0017910540931537454,1.0911650930716503e-05,0.05314199413318291,0.0,0.06175041198730469,1.0,6.57957407667041e-06,6.579574076670093e-06,9.924866561400426e-05
1772535375.520427,190,1.1184215545654297,894.1172457898102,0.49032538497502587,0.0002774189590952957,1.0911662931074357e-05,0.05314199413318291,0.0017453317487078485,0.06175041198730469,1.0,7.460638477310388e-06,7.460638477310388e-06,0.00023489243834982004
1772535375.533383,191,1.3768672943115234,726.2864069264069,0.4911590643732377,0.0009468085172358564,1.091190518332735e-05,0.05314199413318291,0.001745329668113249,0.10228157043457031,1.0,9.160954877828963e-06,9.160954877828963e-06,0.0001697677649467072
1772535375.5457711,192,1.2178421020507812,821.1245105716523,0.49118236465237447,9.633584213734176e-05,1.0911726057696588e-05,0.05314199413318291,0.0,0.10228157043457031,1.0,6.586911926887838e-06,6.586911926887838e-06,0.00015108825369639133
1772535375.5574148,193,0.7884502410888672,1268.310855760508,0.48933387330620165,0.0020622941458011096,1.0911564196971898e-05,0.05314199413318291,0.0,0.10228157043457031,1.0,5.140391367086195e-06,5.140391367089235e-06,0.0001340182726424467
1772535375.5700343,194,0.8885860443115234,1125.3834182988999,0.48959363032314845,0.00033160652017539925,1.0911418591170004e-05,0.05314199413318291,0.0,0.10228157043457031,1.0,5.57076877237135e-06,5.570768772373212e-06,0.00011886431356437612
1772535375.583164,195,0.8106231689453125,1233.6188235294117,0.49189637921256624,0.002583301769808259,1.0911287933935058e-05,0.05314199413318291,0.0,0.10228157043457031,1.0,6.979583707512907e-06,6.979583707512907e-06,0.00010534203134996152
1772535375.595456,196,0.7951259613037109,1257.6623688155921,0.49086519801471046,0.0011552028065764338,1.0911170013164599e-05,0.05314199413318291,0.0,0.10228157043457031,1.0,7.834296967012675e-06,7.834296967015015e-06,9.290895448540811e-05
1772535375.6074536,197,0.5693435668945312,1756.4087102177555,0.4897189272303261,0.0012793245545711662,1.091106476855627e-05,0.05314199413318291,0.0017453317487078485,0.10228157043457031,1.0,9.119895290607685e-06,9.119895290607685e-06,0.00014684145806941152
1772535375.6197684,198,0.5857944488525391,1707.083435083435,0.48902841189013385,0.0007694484114035594,1.0911136275444267e-05,0.05314199413318291,0.0,0.10228157043457031,1.0,8.26319495414861e-06,8.263194954146241e-06,0.00013123044001666392
1772535375.6328099,199,0.7777214050292969,1285.8074800735744,0.49043807476473134,0.0015912657191960063,1.0911200914028921e-05,0.05314199413318291,0.0017453317487078485,0.10228157043457031,1.0,8.146713376754429e-06,8.146713376754429e-06,0.0002679463445532803
1772535375.6455078,200,0.8361339569091797,1195.9806102081552,0.4907976295187521,0.00041197776972495435,1.0911490926382545e-05,0.05314199413318291,0.001745329668113249,0.10228157043457031,1.0,4.831917282513321e-06,4.831917282513321e-06,0.00012485619542285524
1772535375.6575801,201,0.6699562072753906,1492.63487544484,0.48966230092557483,0.0012682410515487733,1.091135469983369e-05,0.05314199413318291,0.001745329668113249,0.10228157043457031,1.0,5.149120361585729e-06,5.149120361585729e-06,0.00024771724394884913
1772535375.670047,202,0.6875991821289062,1454.3356449375867,0.48967755684539954,9.502865415253348e-05,1.0911629162693703e-05,0.05314199413318291,0.001745329668113249,0.10228157043457031,1.0,4.891629427101518e-06,4.891629427101518e-06,0.0001322671906900073
1772535375.6821597,203,0.5826950073242188,1716.163666121113,0.4885468295794111,0.0012595026204845052,1.0911479071011691e-05,0.05314199413318291,0.0,0.10228157043457031,1.0,4.147563479578152e-06,4.147563479577767e-06,0.00011711993238995573
1772535375.6946535,204,0.5879402160644531,1700.853203568532,0.48876684384845465,0.00028344818905089506,1.091134405702199e-05,0.05314199413318291,0.0,0.10228157043457031,1.0,5.0311888657350975e-06,5.0311888657350975e-06,0.00010359469151845778
1772535375.7073088,205,0.5915164947509766,1690.5699314792423,0.4893577483354324,0.0006791425060270104,1.0911222805834552e-05,0.05314199413318291,0.0017453317487078485,0.10228157043457031,1.0,6.449030210179176e-06,6.44903021017782e-06,0.00015016079034924553
1772535375.7200015,206,0.7462501525878906,1340.0332268370607,0.4895575417152888,0.00024460252369981985,1.0911279234349276e-05,0.05314199413318291,0.0017453317487078485,0.10228157043457031,1.0,5.672037913278794e-06,5.672037913278794e-06,0.00010137041021559278
1772535375.7328048,207,0.7965564727783203,1255.4037713259504,0.49047453305544514,0.0010314057630801863,1.0911164835802569e-05,0.05314199413318291,0.0,0.10228157043457031,1.0,7.177613885547881e-06,7.177613885547881e-06,8.952070686602675e-05
1772535375.7451174,208,0.6644725799560547,1504.9529960531038,0.490086595806884,0.0004368021656899437,1.0911061963457202e-05,0.05314199413318291,0.0,0.10228157043457031,1.0,8.349047138949944e-06,8.34904713895054e-06,7.877394480779747e-05
1772535375.7577307,209,0.6949901580810547,1438.8692967409947,0.4902639452512345,0.0002069492104441468,1.0910970082789038e-05,0.05314199413318291,0.0017453317487078485,0.10228157043457031,1.0,9.74112435015483e-06,9.74112435015483e-06,0.0001571017691022302
1772535375.7703023,210,0.8528232574462891,1172.5759015935141,0.4899423359078269,0.0003624120491940435,1.0911053552658359e-05,0.05314199413318291,0.0017453317487078485,0.10228157043457031,1.0,8.315008021575326e-06,8.315008021575326e-06,8.282358238360909e-05
1772535375.7828524,211,0.8232593536376953,1214.68404286128,0.4901145112360905,0.00020152616351422695,1.0910963578835568e-05,0.05314199413318291,0.001745329668113249,0.10228157043457031,1.0,9.597261446937145e-06,9.597261446943464e-06,0.00028314858111620604
1772535375.7954636,212,0.6043910980224609,1654.5577909270216,0.4908907983909711,0.0008681543437104585,1.0911280495320341e-05,0.05314199413318291,0.001745329668113249,0.10228157043457031,1.0,4.820399075225386e-06,4.820399075228421e-06,9.672904153319136e-05
1772535375.8078592,213,1.1348724365234375,881.1563025210085,0.48876005282883084,0.0023836185527331445,1.0911168154802988e-05,0.05314199413318291,0.0017453317487078485,0.10228157043457031,1.0,5.766581786461724e-06,5.766581786461724e-06,0.00015119158538813945
1772535375.8207777,214,1.3611316680908203,734.682781572955,0.48972375516663447,0.0010879530183727762,1.0911233179605449e-05,0.05314199413318291,0.0,0.10228157043457031,1.0,5.350233070789058e-06,5.350233070789058e-06,0.0001352403532224871
1772535375.8328583,215,1.1038780212402344,905.897192224622,0.48901358206294904,0.0007926721530973575,1.0911291917494139e-05,0.05314199413318291,0.0017453317487078485,0.10228157043457031,1.0,4.956523325732966e-06,4.95652332573493e-06,0.0001073777391899987
1772535375.845696,216,1.1699199676513672,854.7593234155288,0.4899358630417505,0.001038451746208761,1.0911179342922723e-05,0.05314199413318291,0.0017453317487078485,0.10228157043457031,1.0,6.156434941924731e-06,6.156434941922478e-06,0.00039397435063654303
1772535375.858499,217,1.3158321380615234,759.9753578546838,0.4904439573654247,0.0005689428556959087,1.0911643343040068e-05,0.05314199413318291,0.0017453317487078485,0.10228157043457031,1.0,5.711010572587813e-06,5.711010572587813e-06,0.00022993027470497043
1772535375.8707716,218,1.2133121490478516,824.1902141874632,0.4898222364859261,0.0006977107315296002,1.0911893460345272e-05,0.05314199413318291,0.0,0.10228157043457031,1.0,8.83650930861408e-06,8.83650930861408e-06,0.00020311182801931597
1772535375.8831215,219,1.218557357788086,820.642535707298,0.4892435394891218,0.0006468150604831556,1.0912117059663164e-05,0.05314199413318291,0.001745329668113249,0.10228157043457031,1.0,1.2367323501801963e-05,1.2367323501801963e-05,0.0001759798233050597
1772535375.8963175,220,1.4317035675048828,698.46860949209,0.4908367225207577,0.0017834355257567267,1.0911919475405207e-05,0.05314199413318291,0.0,0.10228157043457031,1.0,9.34249839597722e-06,9.342498395990097e-06,0.00015699839748649995
1772535375.9079049,221,0.9596347808837891,1042.0631055900622,0.4887745853266927,0.0023083964135428214,1.0911741828595301e-05,0.05314199413318291,0.0,0.10228157043457031,1.0,5.776426062762328e-06,5.776426062762328e-06,0.00013930313843850455
1772535375.9207115,222,1.2836456298828125,779.0312035661218,0.48912923629215393,0.00040812710126802466,1.0911580439735262e-05,0.05314199413318291,0.0,0.10228157043457031,1.0,4.040790922599435e-06,4.040790922599435e-06,0.00012365768646228383
1772535375.9336548,223,1.3890266418457031,719.9285959491933,0.4901190413641802,0.0011106935935987817,1.0911435772338778e-05,0.05314199413318291,0.0017453317487078485,0.10228157043457031,1.0,3.5812215620920176e-06,3.5812215620920176e-06,0.0003745782328039319
1772535375.9454174,224,1.255035400390625,796.790273556231,0.4879244494098927,0.002453995449460422,1.0911871274261301e-05,0.05314199413318291,0.0017453317487078485,0.10228157043457031,1.0,7.435764814682223e-06,7.4357648146838085e-06,0.0001525674305732454
1772535375.9577975,225,0.6704330444335938,1491.5732574679944,0.4894846329966934,0.0017565075111082807,1.0911696057632318e-05,0.05314199413318291,0.0,0.10228157043457031,1.0,5.264765495349753e-06,5.2647654953673496e-06,0.00013577920485785468
1772535375.97125,226,1.5995502471923828,625.1757340885378,0.4897790498090883,0.00033199158228735794,1.0911539170009427e-05,0.05314199413318291,0.0,0.102996826171875,1.0,3.442004726532894e-06,3.442004726532894e-06,0.00012043611587060538
1772535375.9835608,227,1.3594627380371094,735.5847071203086,0.48980456006739453,4.0869460482232204e-05,1.0911397337342213e-05,0.05314199413318291,0.0,0.102996826171875,1.0,3.5430720279860678e-06,3.5430720279794694e-06,0.00010655729950243086
1772535375.9963033,228,1.4348030090332031,696.9597873047524,0.4901805778627889,0.0004196435863479059,1.091126968513648e-05,0.05314199413318291,0.0017453317487078485,0.102996826171875,1.0,4.911836790892542e-06,4.911836790895217e-06,0.00015301122989835653
1772535376.007492,229,0.8654594421386719,1155.45564738292,0.48728744281969366,0.0032362778441023003,1.0911320913403537e-05,0.05314199413318291,0.0017453317487078485,0.102996826171875,1.0,3.7686396840493496e-06,3.7686396840493496e-06,0.0001029500962342246
1772535376.0205739,230,1.3394355773925781,746.5831256674974,0.48818116812894236,0.0010179202102761006,1.0911201797794862e-05,0.05314199413318291,0.0,0.102996826171875,1.0,5.63313767452625e-06,5.63313767452625e-06,9.09470208648212e-05
1772535376.0325415,231,0.9000301361083984,1111.0739072847682,0.4877767829437509,0.00044884486258989816,1.0911094639221736e-05,0.05314199413318291,0.001745329668113249,0.102996826171875,1.0,6.983475999250695e-06,6.983475999248347e-06,0.00026697207016954355
1772535376.0461595,232,1.4433860778808594,692.815328708292,0.49011944047007605,0.002628236678231993,1.0911395214482144e-05,0.05314199413318291,0.001745329668113249,0.102996826171875,1.0,3.470378038276669e-06,3.470378038269449e-06,0.00010593175216615107
1772535376.0574536,233,0.812530517578125,1230.7230046948357,0.4876614770202562,0.0027510325856100657,1.091126885088208e-05,0.05314199413318291,0.0,0.102996826171875,1.0,4.206007285019765e-06,4.206007285019765e-06,9.33373654954119e-05
1772535376.070163,234,0.9324550628662109,1072.4377397085145,0.4881663447057548,0.0005794379069421363,1.0911155614763132e-05,0.05314199413318291,0.001745329668113249,0.102996826171875,1.0,6.013374294472008e-06,6.0133742944780874e-06,0.000257862397222714
1772535376.0826263,235,0.9326934814453125,1072.1635991820042,0.4882059821614265,7.57296179153091e-05,1.0911450590873127e-05,0.05314199413318291,0.001745329668113249,0.102996826171875,1.0,3.767784614203364e-06,3.7677846141882785e-06,0.00010955051200697701
1772535376.096254,236,1.4722347259521484,679.2395141700405,0.4905458703321492,0.00261990410099105,1.091131913291541e-05,0.05314199413318291,0.0,0.102996826171875,1.0,4.448104591527418e-06,4.448104591528692e-06,9.69793641249036e-05
1772535376.1086197,237,1.3239383697509766,755.3221681973708,0.49014849104419317,0.00045311443181665515,1.0911200513019885e-05,0.05314199413318291,0.0017453317487078485,0.102996826171875,1.0,5.4392802340339404e-06,5.4392802340339404e-06,0.0017282049013404078
1772535376.1204157,238,1.2173652648925781,821.4461417939679,0.4879902935529021,0.0024167578197390096,1.0908765015532178e-05,0.05314199413318291,0.0017453317487078485,0.102996826171875,1.0,2.2058051409757664e-05,2.2058051409757664e-05,0.0002496031217526838
1772535376.1334867,239,1.1279582977294922,886.5575988163179,0.4905406432199544,0.0028566533423968307,1.0908882814482688e-05,0.05314199413318291,0.0,0.102996826171875,1.0,1.9831153688386995e-05,1.9831153688387578e-05,0.000224158770911222
1772535376.1458552,240,1.2645721435546875,790.7812971342383,0.48937927331685965,0.0013052706388904198,1.0908989842964418e-05,0.05314199413318291,0.0017453317487078485,0.102996826171875,1.0,1.4515443065421517e-05,1.4515443065421517e-05,0.000351062089083465
1772535376.1584563,241,1.2745857238769531,784.5686494575383,0.489458958309283,9.005172767307636e-05,1.09096534860393e-05,0.05314199413318291,0.0017453317487078485,0.102996826171875,1.0,1.849523751856975e-05,1.849523751856975e-05,0.00022550726954601548
1772535376.1709466,242,1.491546630859375,670.4450127877238,0.4886098458681291,0.0009502715823800161,1.090968485838887e-05,0.05314199413318291,0.0,0.102996826171875,1.0,1.38510084488854e-05,1.38510084488854e-05,0.00020136702871960654
1772535376.1830246,243,1.1036396026611328,906.0928926333982,0.48842674228041494,0.00020411438919940857,1.090971381281354e-05,0.05314199413318291,0.0,0.102996826171875,1.0,1.041150402325304e-05,1.041150402325304e-05,0.000179694438170161
1772535376.196153,244,1.3887882232666016,720.0521888412018,0.48979645409781114,0.0015349851516313444,1.0909740830891968e-05,0.05314199413318291,0.0,0.102996826171875,1.0,7.804118059026285e-06,7.804118059026285e-06,0.0001603416362248655
1772535376.2082694,245,1.249074935913086,800.5924794808169,0.48870743818809526,0.0012206236858637576,1.0909765584693675e-05,0.05314199413318291,0.0017453317487078485,0.102996826171875,1.0,5.5014712207763506e-06,5.501471220764294e-06,0.00017191281909601842
1772535376.219675,246,0.5824565887451172,1716.866148178469,0.4869559334815656,0.0019560807319137148,1.090995519395903e-05,0.05314199413318291,0.0017453317487078485,0.102996826171875,1.0,4.264424167110952e-06,4.264424167109031e-06,0.00014257035833706218
1772535376.2333238,247,1.2240409851074219,816.9661082976237,0.489326585273465,0.0026642728415170653,1.0909961437156588e-05,0.05314199413318291,0.0017453317487078485,0.102996826171875,1.0,4.125941784871028e-06,4.125941784867701e-06,0.0003757310301216358
1772535376.2457108,248,0.9424686431884766,1061.0432582848468,0.48961907395593013,0.00032500959655730287,1.0910532560208048e-05,0.05314199413318291,0.001745329668113249,0.102996826171875,1.0,6.664539725269274e-06,6.664539725268072e-06,0.0008888531136662682
1772535376.2578168,249,0.8208751678466797,1218.212024397328,0.48853887894025894,0.0012105146766012303,1.090968585330328e-05,0.05314199413318291,0.0017453292780017621,0.102996826171875,1.0,1.670713950664161e-05,1.6707139506643804e-05,0.00013973878529896714
1772535376.2701955,250,0.6985664367675781,1431.503071672355,0.48844132857219585,0.00011017183541321528,1.0909890414888802e-05,0.05314199413318291,0.0,0.102996826171875,1.0,1.5131466796355499e-05,1.5131466796355499e-05,0.00012485170659782643
1772535376.2823408,251,0.4925727844238281,2030.1568247821879,0.4879067703772106,0.0005950627277897959,1.0910075211004964e-05,0.05314199413318291,0.001745329668113249,0.102996826171875,1.0,1.3433858684192424e-05,1.3433858684192424e-05,0.000385592740810681
1772535376.295373,252,0.8432865142822266,1185.8365846762792,0.48885447368534984,0.0010665250683671236,1.091064184204737e-05,0.05314199413318291,0.0017453317487078485,0.102996826171875,1.0,8.76140600073958e-06,8.76140600073958e-06,0.00016060186634955773
1772535376.3077028,253,0.8945465087890625,1117.8848614072494,0.4878670357280826,0.0011035214471383382,1.0910587405453987e-05,0.05314199413318291,0.0017453317487078485,0.102996826171875,1.0,8.10157304494512e-06,8.10157304494512e-06,0.00010064526232766437
1772535376.3199084,254,0.8165836334228516,1224.6143065693432,0.48745739946249894,0.00045401603459826095,1.0910705244364332e-05,0.05314199413318291,0.0,0.102996826171875,1.0,8.099968742079729e-06,8.099968742079729e-06,8.946250109400236e-05
1772535376.3324516,255,0.6794929504394531,1471.6856140350876,0.4882267429044211,0.0008702900614827033,1.0910811731762198e-05,0.05314199413318291,0.0017453317487078485,0.102996826171875,1.0,8.467839338241702e-06,8.467839338241702e-06,0.0002543098636863863
1772535376.3459148,256,1.2335777282714844,810.6501739466563,0.4898605738649639,0.0018287399996040276,1.0911139654031038e-05,0.05314199413318291,0.0,0.102996826171875,1.0,7.427151726321232e-06,7.427151726321232e-06,0.00022560965384780298
1772535376.3581738,257,1.2776851654052734,782.6654226534802,0.48877753653298517,0.0012166719823042593,1.0911436000236326e-05,0.05314199413318291,0.001745329668113249,0.102996826171875,1.0,8.839341717207114e-06,8.83934171720663e-06,0.000182104007515877
1772535376.3705242,258,0.9469985961914062,1055.9677744209466,0.48929543918798696,0.0005788737554014033,1.0911303411876308e-05,0.05314199413318291,0.0017453317487078485,0.102996826171875,1.0,6.307005090903163e-06,6.307005090906758e-06,0.00010909371604260395
1772535376.3838713,259,1.3535022735595703,738.824026774705,0.4907379787362465,0.001607331948844241,1.0911350392550757e-05,0.05314199413318291,0.0017453317487078485,0.102996826171875,1.0,6.886510243625256e-06,6.886510243643323e-06,0.00016641425868948597
1772535376.3957047,260,1.1878013610839844,841.891609795263,0.4887635437731283,0.0022167851404752475,1.0911226512619782e-05,0.05314199413318291,0.0,0.102996826171875,1.0,4.566311217367537e-06,4.5663112173661395e-06,0.00014806100073344356
1772535376.4081879,261,1.2586116790771484,794.526236029551,0.48820175510870767,0.0006272419275916723,1.0911115082809841e-05,0.05314199413318291,0.0017453317487078485,0.102996826171875,1.0,4.236502927252246e-06,4.236502927252246e-06,0.00035682021953637675
1772535376.420878,262,1.3000965118408203,769.1736658719971,0.48905579673052735,0.000958915916412804,1.0911580300676799e-05,0.05314199413318291,0.001745329668113249,0.102996826171875,1.0,7.770634772405737e-06,7.770634772405737e-06,0.00010484920392901022
1772535376.4332323,263,1.2063980102539062,828.9138339920949,0.48872967967737935,0.0003657821671510562,1.0911599648223347e-05,0.05314199413318291,0.0,0.102996826171875,1.0,7.743739297635589e-06,7.743739297635589e-06,9.344362060930706e-05
1772535376.4457562,264,1.1806488037109375,846.9919224555736,0.48883677425433397,0.00012123910956198269,1.0911616372282062e-05,0.05314199413318291,0.0017453317487078485,0.102996826171875,1.0,8.12185271317416e-06,8.12185271317416e-06,0.0002205307158607651
1772535376.4580321,265,1.18255615234375,845.6258064516129,0.48800946234412074,0.0009247211850191156,1.0911863410268843e-05,0.05314199413318291,0.001745329668113249,0.102996826171875,1.0,1.0370001404087129e-05,1.0370001404087129e-05,0.00019043495143518204
1772535376.4708219,266,1.049041748046875,953.2509090909091,0.4894979893571674,0.001668502770600886,1.0911686783636325e-05,0.05314199413318291,0.0,0.102996826171875,1.0,7.4171095894937775e-06,7.417109589491188e-06,0.00017002399710831982
1772535376.4825914,267,0.7114410400390625,1405.597855227882,0.48786487474590395,0.001829255328567232,1.0911528052533355e-05,0.05314199413318291,0.0,0.102996826171875,1.0,4.321319811035173e-06,4.321319811035173e-06,0.00015113874336418083
1772535376.4957738,268,1.1401176452636719,877.1024675867837,0.48893055260150176,0.001197367672559194,1.0911384622902242e-05,0.05314199413318291,0.0017453317487078485,0.102996826171875,1.0,3.2783805131515284e-06,3.2783805131521425e-06,0.00011532139679149979
1772535376.5074332,269,0.4992485046386719,2003.0105062082139,0.4879804175688698,0.0010629232630719962,1.0911421685707194e-05,0.05314199413318291,0.0017453317487078485,0.102996826171875,1.0,3.849885377674119e-06,3.849885377674119e-06,0.00014097061253744392
1772535376.520395,270,0.9701251983642578,1030.794789874662,0.48830359347341656,0.00036743955659653015,1.091128925337894e-05,0.05314199413318291,0.0,0.102996826171875,1.0,4.169314212484719e-06,4.169314212482816e-06,0.00012522397121763525
1772535376.5326877,271,0.6709098815917969,1490.5131485429993,0.48845593739389176,0.00017417569328156184,1.091117029585265e-05,0.05314199413318291,0.0,0.102996826171875,1.0,5.460901612272744e-06,5.460901612272744e-06,0.00011099934388287931
1772535376.5450015,272,0.6864070892333984,1456.861410211879,0.4878481888055193,0.0006781001389352352,1.0911063543259199e-05,0.05314199413318291,0.0017453275875186497,0.102996826171875,1.0,6.891188968149452e-06,6.891188968149452e-06,0.0016589328944341117
1772535376.5578663,273,0.7748603820800781,1290.555076923077,0.4889386149412086,0.0012242270099822893,1.0908472708593953e-05,0.05314199413318291,0.0017453275875186497,0.102996826171875,1.0,1.9675327881389622e-05,1.9675327881389866e-05,0.00023957615748798752
1772535376.5707397,274,1.0809898376464844,925.0780767534186,0.48925065759475284,0.00034686910015448565,1.0908617189135632e-05,0.05314199413318291,0.0,0.102996826171875,1.0,1.5512327002297832e-05,1.5512327002297937e-05,0.00021452482006525402
1772535376.583279,275,0.7412433624267578,1349.0845931167578,0.49019051903838085,0.00104584625796399,1.09087484897846e-05,0.05314199413318291,0.0017453317487078485,0.102996826171875,1.0,1.2600125854392068e-05,1.2600125854392068e-05,0.00018986869995007115
1772535376.5961132,276,1.0728836059570312,932.0675555555556,0.4901658490451018,5.648052149292526e-05,1.0909034049878656e-05,0.05314199413318291,0.0017453317487078485,0.102996826171875,1.0,1.0699839993742917e-05,1.069983999374373e-05,0.0002315918284115661
1772535376.6076634,277,0.7081031799316406,1412.223569023569,0.4878028844037112,0.002648793184190523,1.090952544159273e-05,0.05314199413318291,0.001745329668113249,0.102996826171875,1.0,1.120936855184791e-05,1.1209368551851524e-05,0.00019668030923662518
1772535376.6200137,278,0.6732940673828125,1485.2351274787536,0.48756234863459064,0.0002654022963658506,1.090956965434559e-05,0.05314199413318291,0.0,0.102996826171875,1.0,8.570734490942014e-06,8.570734490934915e-06,0.0001753957087273809
1772535376.632186,279,0.5636215209960938,1774.2402707275803,0.48680489899184237,0.0008413027634172629,1.0909610618131453e-05,0.05314199413318291,0.0,0.102996826171875,1.0,6.265157450533188e-06,6.26515745053486e-06,0.00015611567192030893
1772535376.645751,280,1.1174678802490234,894.8803072327715,0.489000535796174,0.0024669572414584796,1.0909648853673663e-05,0.05314199413318291,0.0017453317487078485,0.102996826171875,1.0,5.746943063296892e-06,5.746943063296892e-06,0.00016516723730690213
1772535376.6586998,281,1.4390945434570312,694.8813783962889,0.48944112295760067,0.0004896946379452057,1.0909849168783249e-05,0.05314199413318291,0.0017453317487078485,0.102996826171875,1.0,4.321432758823757e-06,4.321432758826393e-06,0.00014036372931067713
1772535376.6709983,282,1.1072158813476562,903.1662360034453,0.48976741735089524,0.0003599416076157856,1.0909864923241869e-05,0.05314199413318291,0.0,0.17118453979492188,1.0,4.895135845547015e-06,4.895135845547015e-06,0.00012456921989350886
1772535376.6826181,283,0.6759166717529297,1479.4723104056438,0.4878467527592122,0.0021530419290985516,1.0909880145249332e-05,0.05314199413318291,0.0017453317487078485,0.17118453979492188,1.0,6.0081738892303235e-06,6.0081738892303235e-06,0.00015479665236643527
1772535376.6949487,284,0.6198883056640625,1613.1938461538462,0.48734922679545173,0.0005522041061588603,1.0910061823422482e-05,0.05314199413318291,0.0,0.17118453979492188,1.0,5.159433843858043e-06,5.159433843858043e-06,0.0001385001496715932
1772535376.7076085,285,0.8664131164550781,1154.1838194826637,0.48749127340218784,0.0001725551249651167,1.091022577774514e-05,0.05314199413318291,0.0,0.17118453979492188,1.0,4.74445190464654e-06,4.74445190464654e-06,0.00012380898257724872
1772535376.7200398,286,0.6971359252929688,1434.4404924760602,0.48788279347062347,0.00044605817608944727,1.091037408494504e-05,0.05314199413318291,0.0017453317487078485,0.17118453979492188,1.0,4.807475033426293e-06,4.807475033437672e-06,0.00013064879907185578
1772535376.7330313,287,0.7798671722412109,1282.2696423112197,0.4893708340908016,0.0016668842827154426,1.0910342747547872e-05,0.05314199413318291,0.0,0.17118453979492188,1.0,6.263095991994494e-06,6.263095991995734e-06,0.00011603771285362941
1772535376.745097,288,0.8523464202880859,1173.231888111888,0.48753221384256434,0.002060280918598474,1.0910314818280537e-05,0.05314199413318291,0.0017453317487078485,0.17118453979492188,1.0,7.2486557522081534e-06,7.2486557522081534e-06,0.0001286316498017977
1772535376.757247,289,0.6060600280761719,1650.0015735641227,0.4873212901220807,0.00023257294605909712,1.0910457477007257e-05,0.05314199413318291,0.0017453317487078485,0.17118453979492188,1.0,6.8815145751875705e-06,6.8815145751875705e-06,0.00011299734222348064
1772535376.7703314,290,0.7359981536865234,1358.6990605766116,0.4889492762437012,0.0018273758784105967,1.0910420707430386e-05,0.05314199413318291,0.001745329668113249,0.17118453979492188,1.0,8.596215871724595e-06,8.596215871723668e-06,0.0002774794237924216
1772535376.7826924,291,0.7567405700683594,1321.4568367989918,0.48850029864547634,0.0005049533764778417,1.0910785642676067e-05,0.05314199413318291,0.0017453317487078485,0.17118453979492188,1.0,2.779013614183138e-06,2.779013614183138e-06,0.00037079945187413213
1772535376.7954884,292,0.8258819580078125,1210.8267898383372,0.4892802588943095,0.0008711825329295983,1.09112825056101e-05,0.05314199413318291,0.0,0.17118453979492188,1.0,5.965741176169306e-06,5.965741176158193e-06,0.000328188665148231
1772535376.8075502,293,0.6101131439208984,1639.0402500976945,0.48837659335112843,0.0010148352111295535,1.0911730438083532e-05,0.05314199413318291,0.0017453317487078485,0.17118453979492188,1.0,1.225240913731095e-05,1.225240913731095e-05,0.00019632254902170394
1772535376.819904,294,0.7386207580566406,1353.8747579083279,0.4874396330959096,0.0010468540616054582,1.0911565759110887e-05,0.05314199413318291,0.0,0.17118453979492188,1.0,8.365726885678447e-06,8.365726885678447e-06,0.00017480027674283
1772535376.8326914,295,0.6964206695556641,1435.9137281752824,0.48867401218009393,0.0013868133246804598,1.0911417623813882e-05,0.05314199413318291,0.0017453317487078485,0.17118453979492188,1.0,5.364414601528885e-06,5.364414601528885e-06,0.00011699462648786449
1772535376.8447819,296,0.6165504455566406,1621.9273008507348,0.48754173475985907,0.0012671479223556044,1.0911450553146445e-05,0.05314199413318291,0.0,0.17118453979492188,1.0,5.253788415183034e-06,5.253788415183034e-06,0.00010434807106649223
1772535376.8576598,297,0.7600784301757812,1315.6537013801756,0.48855846852711654,0.0011426408793222549,1.0911479355995655e-05,0.05314199413318291,0.0017453317487078485,0.17118453979492188,1.0,5.951536651603094e-06,5.951536651603094e-06,0.00016357821652368833
1772535376.8702838,298,0.8137226104736328,1228.9200117198945,0.4889341689759801,0.0004189891172823607,1.091133994413333e-05,0.05314199413318291,0.0,0.17118453979492188,1.0,3.811624441038975e-06,3.811624441038975e-06,0.00014551767373538105
1772535376.8824236,299,0.6771087646484375,1476.867605633803,0.4880183345678059,0.0010266836652432756,1.0911214224114076e-05,0.05314199413318291,0.0,0.17118453979492188,1.0,3.562594483728693e-06,3.562594483731426e-06,0.00012908017476173566
1772535376.8951526,300,0.8227825164794922,1215.388003477253,0.4884368504952323,0.00047070532888116213,1.091110146272503e-05,0.05314199413318291,0.0017453317487078485,0.17118453979492188,1.0,5.037636642474338e-06,5.037636642476876e-06,0.00011853090493742299
1772535376.9073765,301,0.7150173187255859,1398.5675225075024,0.4877934918947228,0.0007192606764989428,1.0911166055274556e-05,0.05314199413318291,0.0017453317487078485,0.17118453979492188,1.0,4.939783714308585e-06,4.939783714308585e-06,0.000123665248466752
1772535376.9199548,302,0.6747245788574219,1482.086219081272,0.488385647887949,0.000666201738435437,1.0911058959900677e-05,0.05314199413318291,0.0,0.17118453979492188,1.0,6.478866752277599e-06,6.478866752282569e-06,0.00010961179867925837
1772535376.932804,303,0.8611679077148438,1161.2137320044296,0.48899334319584337,0.0006791666307179025,1.0910962810743603e-05,0.05314199413318291,0.0,0.17118453979492188,1.0,8.044528541922454e-06,8.044528541922454e-06,9.693501578569197e-05
1772535376.9451044,304,0.6029605865478516,1658.483194938711,0.48903130319933696,4.24277337653863e-05,1.0910876697435355e-05,0.05314199413318291,0.0017453317487078485,0.17118453979492188,1.0,9.409219710026334e-06,9.409219710026334e-06,0.0004045624215382709
1772535376.9576952,305,0.6988048553466797,1431.0146707608326,0.48885459098026063,0.00020183371409060688,1.0911365915149568e-05,0.05314199413318291,0.0017453317487078485,0.17118453979492188,1.0,3.1879867281931866e-06,3.1879867281943974e-06,0.0001285671628874197
1772535376.9703236,306,0.8676052093505859,1152.597966474306,0.48881219674194143,5.1147789526246745e-05,1.0911240238284093e-05,0.05314199413318291,0.0,0.17118453979492188,1.0,4.122898592529842e-06,4.122898592532171e-06,0.00011390136162248243
1772535376.9824915,307,0.6043910980224609,1654.5577909270216,0.4882860374883881,0.00059013266910544,1.0911127397075658e-05,0.05314199413318291,0.0,0.17118453979492188,1.0,5.6751140365078934e-06,5.6751140365078934e-06,0.00010064693340148551
1772535376.9952376,308,0.7746219635009766,1290.9522930132348,0.48872954651446476,0.0004969234464119586,1.0911026373803438e-05,0.05314199413318291,0.0,0.17118453979492188,1.0,7.465403541814214e-06,7.465403541814214e-06,8.876574477143827e-05
1772535377.0076735,309,0.7708072662353516,1297.3411691927004,0.4885316524764863,0.00022280454513523706,1.0910935744291723e-05,0.05314199413318291,0.0017453317487078485,0.17118453979492188,1.0,8.865437510839551e-06,8.865437510839551e-06,0.0001475862954924673
1772535377.0200455,310,0.8273124694824219,1208.7331412103747,0.48807429051972123,0.0005115109854270808,1.0911020736635471e-05,0.05314199413318291,0.0,0.17118453979492188,1.0,7.555872397593263e-06,7.555872397586631e-06,0.00013203111508080357
1772535377.0327427,311,0.7126331329345703,1403.2465707594513,0.48900233654823433,0.0010396930469300791,1.0911097735368489e-05,0.05314199413318291,0.0017453317487078485,0.17118453979492188,1.0,6.965369662205456e-06,6.965369662205456e-06,0.0001033508735267647
1772535377.0450757,312,0.7479190826416016,1337.043034746573,0.48828507700308255,0.0008049074088387796,1.0911001426460662e-05,0.05314199413318291,0.0017453317487078485,0.17118453979492188,1.0,7.99124225737433e-06,7.991242257372393e-06,0.00012851458314858493
1772535377.057626,313,0.8194446563720703,1220.3386674425371,0.4882158217233295,7.665411343039933e-05,1.0911081355774617e-05,0.05314199413318291,0.0017453317487078485,0.17118453979492188,1.0,7.265101504047024e-06,7.265101504047024e-06,0.00010410458669445728
1772535377.070086,314,0.8261203765869141,1210.4773448773449,0.4881721341921388,4.83439882994938e-05,1.0910987879514078e-05,0.05314199413318291,0.0017453317487078485,0.17118453979492188,1.0,8.423557634711716e-06,8.4235576347124e-06,0.00012582256270959213
1772535377.0821025,315,0.6136894226074219,1629.4887334887335,0.4871675570780909,0.0011217079156479485,1.0911069954483735e-05,0.05314199413318291,0.0017453317487078485,0.17118453979492188,1.0,7.390530147970865e-06,7.390530147978935e-06,0.00010504932727968339
1772535377.0950968,316,0.7252693176269531,1378.7981591058515,0.4886756181308602,0.001694320272041038,1.0910978861700045e-05,0.05314199413318291,0.0,0.17118453979492188,1.0,8.906921142492446e-06,8.906921142492446e-06,9.324385497548452e-05
1772535377.107007,317,0.43129920959472656,2318.5760088446655,0.4875237602294304,0.0012894445984971093,1.0910896706938302e-05,0.05314199413318291,0.0,0.17118453979492188,1.0,9.399345848417041e-06,9.399345848417041e-06,8.248449836542552e-05
1772535377.119745,318,0.6818771362304688,1466.5398601398601,0.4877474315907382,0.0002570613855495959,1.091082412840839e-05,0.05314199413318291,0.0,0.17118453979492188,1.0,1.0663490356076496e-05,1.0663490356076496e-05,7.28647921492856e-05
1772535377.1326718,319,0.7970333099365234,1254.6527071492671,0.48899163355242864,0.001394476644920318,1.0910759073320246e-05,0.05314199413318291,0.001745329668113249,0.17118453979492188,1.0,1.184476727191203e-05,1.184476727191203e-05,0.00030229764231326164
1772535377.1451225,320,0.7989406585693359,1251.657415696807,0.4887882996951315,0.00023192287692654437,1.0911098703885874e-05,0.05314199413318291,0.001745329668113249,0.17118453979492188,1.0,5.694832865054284e-06,5.6948328650550895e-06,8.435082639125727e-05
1772535377.1569996,321,0.446319580078125,2240.5470085470088,0.4876464166590709,0.0012790271851652471,1.0911006987672754e-05,0.05314199413318291,0.0,0.022172927856445312,1.0,6.926389983967235e-06,6.926389983969015e-06,7.418325946663984e-05
1772535377.1693065,322,0.43392181396484375,2304.5626373626374,0.48722851357189145,0.00046357665334024296,1.0910925132068157e-05,0.05314199413318291,0.0,0.022172927856445312,1.0,8.280110649768206e-06,8.280110649770532e-06,6.507260943102126e-05
1772535377.1821735,323,0.5507469177246094,1815.7160173160173,0.4882495710476229,0.0011491022336145309,1.0910851931780835e-05,0.05314199413318291,0.0017453317487078485,0.022172927856445312,1.0,9.715199895097214e-06,9.715199895097214e-06,0.0001652600377448391
1772535377.1951268,324,0.8232593536376953,1214.68404286128,0.48907662804663093,0.0009245055097627544,1.0910951833880955e-05,0.05314199413318291,0.0017453317487078485,0.04172325134277344,1.0,7.847901933235036e-06,7.84790193323411e-06,7.223832490418909e-05
1772535377.207044,325,0.47659873962402344,2098.201100550275,0.4880652792158831,0.001135119214657388,1.091087651340953e-05,0.05314199413318291,0.0,0.04172325134277344,1.0,8.622635042659363e-06,8.622635042659363e-06,6.345214853900697e-05
1772535377.2193265,326,0.4439353942871094,2252.580021482277,0.4875331625825743,0.0005934265996298955,1.0910809691506468e-05,0.05314199413318291,0.0,0.04172325134277344,1.0,9.673880818077173e-06,9.673880818077173e-06,5.55770459414678e-05
1772535377.23224,327,0.5857944488525391,1707.083435083435,0.4886086628224247,0.0012073913242466054,1.0910750110449431e-05,0.05314199413318291,0.0017453317487078485,0.04172325134277344,1.0,1.0931533931725257e-05,1.0931533931725829e-05,0.0004392956634331273
1772535377.2451284,328,0.8075237274169922,1238.3537053439622,0.48928691401162744,0.0007558912132563363,1.0911261912455063e-05,0.05314199413318291,0.0017453317487078485,0.04172325134277344,1.0,3.217105421375011e-06,3.2171054213748648e-06,9.56240224521807e-05
1772535377.257049,329,0.4944801330566406,2022.3259402121505,0.48817429176631083,0.0012494951308129939,1.0911157299920745e-05,0.05314199413318291,0.0017453317487078485,0.04172325134277344,1.0,4.100298878525804e-06,4.100298878525804e-06,0.0001454725042411301
1772535377.2693794,330,0.44727325439453125,2235.769722814499,0.4877965490540385,0.00042127680240937836,1.0911228982321766e-05,0.05314199413318291,0.0,0.04172325134277344,1.0,3.3545640630236595e-06,3.3545640630304934e-06,0.00013000995768501568
1772535377.2822473,331,0.6272792816162109,1594.186240973014,0.48864010771845096,0.0009464179077005448,1.0911293519590607e-05,0.05314199413318291,0.0017453317487078485,0.04172325134277344,1.0,3.5020999547821552e-06,3.502099954782457e-06,0.00010835347756544154
1772535377.2951853,332,0.8230209350585938,1215.0359212050985,0.48956042082821005,0.0010261868410127977,1.0911186000601588e-05,0.05314199413318291,0.001745329668113249,0.04172325134277344,1.0,4.079995050656832e-06,4.079995050656108e-06,0.000271513538043427
1772535377.3070862,333,0.47707557678222656,2096.103948025987,0.4883507549358564,0.0013593367568544368,1.09114876446904e-05,0.05314199413318291,0.0017453317487078485,0.04172325134277344,1.0,3.944351692583705e-06,3.944351692575082e-06,0.00012645036191798436
1772535377.3200605,334,0.8003711700439453,1249.4203157581173,0.48906888258821407,0.0008027006882119204,1.0911525676164064e-05,0.05314199413318291,0.0,0.047206878662109375,1.0,4.614287038192383e-06,4.614287038192383e-06,0.0001129508568602068
1772535377.3341177,335,1.692056655883789,590.9967591940257,0.4914804391275752,0.0026874912327802427,1.0911560273264917e-05,0.05314199413318291,0.0,0.08511543273925781,1.0,5.591775349358997e-06,5.591775349358997e-06,0.00010080981584124385
1772535377.345164,336,0.5877017974853516,1701.5432048681541,0.48948508664036894,0.002247126563606523,1.0911591861416516e-05,0.05314199413318291,0.0017453317487078485,0.08511543273925781,1.0,5.834324787814528e-06,5.834324787814528e-06,0.0002477582529633166
1772535377.3580253,337,0.9489059448242188,1053.8452261306534,0.48936351875067546,0.00014447692174047593,1.0911850748286545e-05,0.05314199413318291,0.001745329668113249,0.08511543273925781,1.0,9.353139083372764e-06,9.353139083372764e-06,0.000157831822939498
1772535377.370312,338,0.7672309875488281,1303.38844002486,0.48907536182302375,0.0003274198490653691,1.0911684826218712e-05,0.05314199413318291,0.0017453317487078485,0.08511543273925781,1.0,6.339714322416874e-06,6.33971432241686e-06,0.00010800625674222302
1772535377.383438,339,1.1909008026123047,839.7005005005005,0.48977830792187976,0.0007824276411012381,1.0911701079162063e-05,0.05314199413318291,0.0,0.08511543273925781,1.0,6.8835260989113065e-06,6.883526098914437e-06,9.634584576413509e-05
1772535377.3960817,340,1.398324966430664,715.141346973572,0.48938423494923294,0.00044831618270478547,1.0911715693243013e-05,0.05314199413318291,0.0017453317487078485,0.08511543273925781,1.0,7.200157675155392e-06,7.200157675155392e-06,0.00023813492002782317
1772535377.4087148,341,1.2924671173095703,773.714074893931,0.4899156088550933,0.0005894516713302033,1.0911960419683184e-05,0.05314199413318291,0.001745329668113249,0.08511543273925781,1.0,1.075422301396583e-05,1.0754223013965672e-05,0.00016902068494911916
1772535377.4202266,342,0.9989738464355469,1001.0272076372315,0.4873231099319183,0.0029045200233117703,1.0911781352698962e-05,0.05314199413318291,0.0017453317487078485,0.08511543273925781,1.0,6.858725887135288e-06,6.858725887135288e-06,0.00010581805465100355
1772535377.4335885,343,1.2669563293457031,789.293187805796,0.4895386243235818,0.0024851164850917848,1.0911784356569348e-05,0.05314199413318291,0.0,0.08511543273925781,1.0,7.823101327512344e-06,7.823101327501868e-06,9.449882373304423e-05
1772535377.445619,344,1.2683868408203125,788.403007518797,0.4878453859196074,0.0018973461704079072,1.0911788792692707e-05,0.05314199413318291,0.0017453317487078485,0.08511543273925781,1.0,7.431391313907356e-06,7.431391313911138e-06,0.00023184357465239636
1772535377.4583828,345,1.2466907501220703,802.1235417861924,0.4886555627372538,0.0009112858518324242,1.0912022344584865e-05,0.05314199413318291,0.0,0.08511543273925781,1.0,1.1189102794717216e-05,1.1189102794717216e-05,0.0002051897162957266
1772535377.4705334,346,1.0819435119628906,924.2626707800794,0.4879005869432227,0.00084380806397848,1.0912233226987692e-05,0.05314199413318291,0.0017453275875186497,0.08511543273925781,1.0,1.4102219847039445e-05,1.4102219847039445e-05,0.0017962753826949293
1772535377.4822614,347,0.57220458984375,1747.6266666666668,0.48684675317549075,0.0011744351846457615,1.0909931443660911e-05,0.05314199413318291,0.001745329668113249,0.08511543273925781,1.0,3.9475022842816266e-05,3.947502284281487e-05,0.00034587123082296673
1772535377.4947739,348,0.67901611328125,1472.7191011235955,0.4867774871408631,8.873097118869316e-05,1.0909929896473994e-05,0.05314199413318291,0.001745329668113249,0.08511543273925781,1.0,3.327804146580092e-05,3.327804146580092e-05,0.00016312688010310426
1772535377.5076568,349,0.7185935974121094,1391.6071665560717,0.488247028255182,0.001655123965010731,1.0910326819905922e-05,0.05314199413318291,0.0,0.08511543273925781,1.0,3.481470949228342e-05,3.481470949228342e-05,0.00014569272433101715
1772535377.5199897,350,0.7765293121337891,1287.781393920786,0.4875128391967186,0.0008197560929246343,1.0910685362432926e-05,0.05314199413318291,0.0,0.08511543273925781,1.0,3.3368831472301976e-05,3.3368831472301976e-05,0.0001298865652498012
1772535377.5327966,351,0.8759498596191406,1141.6178551986936,0.4883376187659757,0.0009282940776746263,1.0911004696723554e-05,0.05314199413318291,0.001745329668113249,0.08511543273925781,1.0,3.4782431181644636e-05,3.478243118164288e-05,0.00031945710840638195
1772535377.5452583,352,0.8366107940673828,1195.298945568538,0.48838988715236237,5.916336872474768e-05,1.0910894485199921e-05,0.05314199413318291,0.0,0.08511543273925781,1.0,2.7458643220873825e-05,2.7458643220873825e-05,0.00028593957796660917
1772535377.5570822,353,0.46515464782714844,2149.822655048693,0.4872003130794075,0.0013301139674140863,1.0910793906101354e-05,0.05314199413318291,0.0017453317487078485,0.08511543273925781,1.0,2.081515680857583e-05,2.0815156808575764e-05,0.00021027019155290592
1772535377.5704713,354,1.3556480407714844,737.6545902215969,0.487818693453442,0.0006999413026726636,1.0910868599833234e-05,0.05314199413318291,0.0017453317487078485,0.08988380432128906,1.0,1.861785845328077e-05,1.861785845328077e-05,0.00024398839248489105
1772535377.5829678,355,0.8263587951660156,1210.1281015579918,0.4894090076801002,0.0017803627325183344,1.0910770887463192e-05,0.05314199413318291,0.001745329668113249,0.08988380432128906,1.0,1.3945003426739035e-05,1.3945003426739035e-05,0.0001542286761535925
1772535377.5952647,356,0.8342266082763672,1198.7150614461275,0.4884947317495721,0.0010284750521475216,1.09110816689917e-05,0.05314199413318291,0.0017453317487078485,0.08988380432128906,1.0,1.552609481996627e-05,1.5526094819964617e-05,0.0002749769901314152
1772535377.6077223,357,0.9405612945556641,1063.1949302915082,0.4880183740901111,0.0005332151996157791,1.0911527772731638e-05,0.05314199413318291,0.0017453317487078485,0.08988380432128906,1.0,2.0121435024807795e-05,2.0121435024809618e-05,0.00011642165370596264
1772535377.6202533,358,1.196146011352539,836.0183376519833,0.48745741513657415,0.0006252244676963092,1.0911760637025016e-05,0.05314199413318291,0.001745329668113249,0.08988380432128906,1.0,2.1595788529323914e-05,2.1595788529310284e-05,0.0002686566118107176
1772535377.6327708,359,1.093149185180664,914.7882224645583,0.4879189978465527,0.0005224694887758449,1.0911571354530332e-05,0.05314199413318291,0.0017453317487078485,0.08988380432128906,1.0,1.641510255299639e-05,1.641510255299639e-05,0.00025959301962287344
1772535377.6457303,360,1.2695789337158203,787.6627230046948,0.48908677226840297,0.0013075778588806288,1.0911966865555473e-05,0.05314199413318291,0.001745329668113249,0.08988380432128906,1.0,2.1299938553671278e-05,2.1299938553671278e-05,0.00019592481354277063
1772535377.657487,361,0.8175373077392578,1223.185768445611,0.4877694678562084,0.0014771235004313054,1.0911922513914015e-05,0.05314199413318291,0.0017453317487078485,0.08988380432128906,1.0,1.7103162284917894e-05,1.710316228491802e-05,0.00025684651597576003
1772535377.6702712,362,1.0504722595214844,951.9527916477531,0.4882444856910944,0.0005348789083711264,1.0911714631757361e-05,0.05314199413318291,0.0,0.08988380432128906,1.0,1.2428830893987032e-05,1.2428830893988502e-05,0.00022898891208942478
1772535377.6825025,363,0.9143352508544922,1093.69074315515,0.4876778079154782,0.0006330963058609821,1.0911528180345409e-05,0.05314199413318291,0.0017453317487078485,0.08988380432128906,1.0,7.635379125880333e-06,7.635379125880333e-06,0.0016363137440584279
1772535377.695722,364,1.2743473052978516,784.7154349859682,0.4891483955590327,0.0016475784540151777,1.0909035281539053e-05,0.05314199413318291,0.0017453317487078485,0.08988380432128906,1.0,3.1920133744880506e-05,3.192013374487807e-05,0.0003515159503468047
1772535377.7074795,365,0.8616447448730469,1160.5711123408964,0.48774306822102553,0.0015760259226784428,1.0909097256974313e-05,0.05314199413318291,0.0,0.08988380432128906,1.0,2.3421270642290186e-05,2.3421270642291823e-05,0.0003141334399310061
1772535377.720489,366,1.039266586303711,962.2170222528102,0.4890878481456242,0.001506595147189944,1.0909153982733016e-05,0.05314199413318291,0.001745329668113249,0.08988380432128906,1.0,1.9073382292797494e-05,1.9073382292797494e-05,0.00018356616170816056
1772535377.7323432,367,0.6611347198486328,1512.5510277677606,0.4879589957621543,0.001266556448186177,1.0909604898191752e-05,0.05314199413318291,0.001745329668113249,0.08988380432128906,1.0,1.8474068327027917e-05,1.8474068327028283e-05,0.0002840380047957425
1772535377.745308,368,0.8585453033447266,1164.7608997500695,0.4889349924678606,0.0010930953061019954,1.0909612931712929e-05,0.05314199413318291,0.0,0.08988380432128906,1.0,1.4169928731725908e-05,1.4169928731725908e-05,0.0002536926238795299
1772535377.757,369,0.49376487731933594,2025.2554321583775,0.487299604036947,0.0018320401555511317,1.0909620991063859e-05,0.05314199413318291,0.0017453317487078485,0.08988380432128906,1.0,9.501650276823793e-06,9.501650276823793e-06,0.00019617847876726602
1772535377.769779,370,0.7693767547607422,1299.7533312674311,0.48759587007529953,0.00033916734388081957,1.090979642789023e-05,0.05314199413318291,0.0017453317487078485,0.08988380432128906,1.0,7.858309857195525e-06,7.858309857195525e-06,0.0002165931844573385
1772535377.7832139,371,1.2693405151367188,787.8106686701728,0.489287547151978,0.001894967739737722,1.0909789371762234e-05,0.05314199413318291,0.0017453317487078485,0.08988380432128906,1.0,6.396614004785226e-06,6.396614004785226e-06,0.0001678863370239074
1772535377.7965214,372,1.5859603881835938,630.532772098617,0.49092814359061465,0.0018253401912435038,1.0909949452186802e-05,0.05314199413318291,0.0017453317487078485,0.08988380432128906,1.0,5.613242366274793e-06,5.613242366274793e-06,0.00018850121707296972
1772535377.8080003,373,1.1947154998779297,837.0193574136899,0.4882337157604857,0.003025663003781088,1.0909928217782154e-05,0.05314199413318291,0.0,0.08988380432128906,1.0,6.325153479570173e-06,6.325153479570173e-06,0.00016681059330781844
1772535377.820419,374,1.0921955108642578,915.5869897402314,0.4884077098914544,0.00019572599032911686,1.0909913710991834e-05,0.05314199413318291,0.0,0.08988380432128906,1.0,8.9986879193369e-06,8.998687919336107e-06,0.00014765022463685386
1772535377.832845,375,0.8726119995117188,1145.984699453552,0.4888073722677171,0.0004466568168822864,1.0909900689279358e-05,0.05314199413318291,0.0,0.08988380432128906,1.0,1.1395646869703715e-05,1.1395646869703715e-05,0.00013041219731037596
1772535377.8463993,376,1.3921260833740234,718.3257407090255,0.4906533959813209,0.0020587557200024116,1.090989043758342e-05,0.05314199413318291,0.0,0.08988380432128906,1.0,1.4061677633746294e-05,1.4061677633745242e-05,0.00011497843401677472
1772535377.8585236,377,1.3875961303710938,720.6707903780069,0.48910482577316583,0.0017436641044827877,1.0909881373094823e-05,0.05314199413318291,0.001745329668113249,0.08988380432128906,1.0,1.4871956085531556e-05,1.4871956085523975e-05,0.00025779706849636113
1772535377.8705328,378,1.0852813720703125,921.4200351493848,0.4881045835158554,0.0011214005275988655,1.0910276782102318e-05,0.05314199413318291,0.001745329668113249,0.08988380432128906,1.0,9.984600139307136e-06,9.984600139311649e-06,0.00012193641702019086
1772535377.8839617,379,1.4300346374511719,699.2837612537512,0.49031283526487535,0.0024691756826367,1.0910234969053087e-05,0.05314199413318291,0.0017453317487078485,0.08988380432128906,1.0,1.3090902633017355e-05,1.3090902633015085e-05,0.00016175511529239304
1772535377.8959942,380,1.2586116790771484,794.526236029551,0.48894529663753605,0.0015388332009315911,1.0910362664311692e-05,0.05314199413318291,0.0017453317487078485,0.08988380432128906,1.0,1.1150654653407525e-05,1.115065465340811e-05,0.00011211419443721507
1772535377.90854,381,1.338958740234375,746.8490028490029,0.48868891910915385,0.000288767322935088,1.0910315277273281e-05,0.05314199413318291,0.0,0.08988380432128906,1.0,1.3424586094045531e-05,1.3424586094045531e-05,9.838474245915804e-05
1772535377.9209602,382,1.1954307556152344,836.5185480654168,0.48862424069001237,7.282401471792112e-05,1.0910273544640809e-05,0.05314199413318291,0.0,0.08988380432128906,1.0,1.5224138895761463e-05,1.5224138895762573e-05,8.607188492200668e-05
1772535377.9327621,383,0.7271766662597656,1375.1816393442623,0.487687697766137,0.0010470273403329897,1.0910237456431155e-05,0.05314199413318291,0.0017453317487078485,0.08988380432128906,1.0,1.6350716354839303e-05,1.6350716354839303e-05,0.00041314643845573453
1772535377.944882,384,0.6716251373291016,1488.925807596734,0.4867514857894869,0.001042182162317818,1.0910772308945612e-05,0.05314199413318291,0.0,0.08988380432128906,1.0,8.141324081558378e-06,8.141324081555607e-06,0.0003665474836286606
1772535377.9575388,385,0.6542205810546875,1528.536443148688,0.48742232096741805,0.000763552732568464,1.0911253536801726e-05,0.05314199413318291,0.001745329668113249,0.08988380432128906,1.0,3.0717532671878994e-06,3.0717532671878994e-06,0.00012855099867808674
1772535377.9706793,386,0.9889602661132812,1011.1629701060752,0.4886704595352487,0.0014020731768915708,1.0911287951892813e-05,0.05314199413318291,0.0017453317487078485,0.08988380432128906,1.0,3.729085991653484e-06,3.729085991670098e-06,0.00016157479697249833
1772535377.982942,387,0.8034706115722656,1244.60059347181,0.488469918992625,0.00022567868790953317,1.0911153331572795e-05,0.05314199413318291,0.001745329668113249,0.08988380432128906,1.0,5.130475647049293e-06,5.130475647049293e-06,0.0002190675861095382
1772535377.9950697,388,0.8156299591064453,1226.046185325928,0.487099004587503,0.0015331119451462824,1.0911430912947858e-05,0.05314199413318291,0.001745329668113249,0.08988380432128906,1.0,3.3173145932157083e-06,3.3173145932407974e-06,0.00016146729855487363
1772535378.0082083,389,0.9105205535888672,1098.2728462948417,0.48911322888058745,0.002260141893786666,1.0911283098388754e-05,0.05314199413318291,0.0,0.08988380432128906,1.0,4.637142542931492e-06,4.637142542930747e-06,0.00014317503128815734
1772535378.0202858,390,0.751495361328125,1330.6802030456852,0.48812982593669874,0.0011035451643393195,1.0911149856846195e-05,0.05314199413318291,0.0,0.08988380432128906,1.0,6.510437123310651e-06,6.510437123310651e-06,0.00012634768031529603
1772535378.032406,391,0.6835460662841797,1462.9591907917684,0.4870445630750205,0.001212021139357402,1.0911031233188046e-05,0.05314199413318291,0.0,0.08988380432128906,1.0,8.646568520806765e-06,8.646568520806765e-06,0.00011121734552379041
1772535378.0453625,392,0.8285045623779297,1206.9939568345324,0.48831299629147207,0.0014272606174162753,1.0910925684330458e-05,0.05314199413318291,0.0,0.08988380432128906,1.0,1.1217603645100873e-05,1.1217603645102196e-05,9.775472968142452e-05
1772535378.057458,393,0.8113384246826172,1232.531295915369,0.48696195591848984,0.0015107024826480672,1.0910830461618453e-05,0.05314199413318291,0.0017453317487078485,0.08988380432128906,1.0,1.2291136986365927e-05,1.2291136986365927e-05,0.0001551276626194749
1772535378.070274,394,0.8666515350341797,1153.8662998624484,0.4882593799295561,0.0014598972054888654,1.091091266245303e-05,0.05314199413318291,0.0,0.08988380432128906,1.0,1.1845480911049445e-05,1.1845480911049445e-05,0.00013913855236593472
1772535378.0827596,395,0.7581710815429688,1318.9635220125786,0.48838859423334713,0.00014457611590732198,1.0910986484796913e-05,0.05314199413318291,0.0017453317487078485,0.08988380432128906,1.0,1.0675004479558158e-05,1.067500447956233e-05,0.00010536673439498738
1772535378.095848,396,1.2247562408447266,816.4890013626631,0.4890809655662477,0.0007729773615673545,1.0910888494492249e-05,0.05314199413318291,0.0,0.08988380432128906,1.0,1.249813030546951e-05,1.249813030546951e-05,9.275775275085672e-05
1772535378.1082015,397,1.0476112365722656,954.5525716886664,0.4887984659963621,0.00032127468556180673,1.0910800855749213e-05,0.05314199413318291,0.0017453317487078485,0.08988380432128906,1.0,1.36821587449227e-05,1.36821587449227e-05,0.00014290828416087584
1772535378.1209505,398,1.1897087097167969,840.5418837675351,0.4892753854734532,0.000530114325732982,1.0910889452649961e-05,0.05314199413318291,0.0017453317487078485,0.08988380432128906,1.0,1.2648490018198117e-05,1.2648490018198117e-05,9.40078990244515e-05
1772535378.1328342,399,0.8628368377685547,1158.967670627245,0.4879403331498671,0.0014977375014150092,1.0910803782430724e-05,0.05314199413318291,0.0017453317487078485,0.08988380432128906,1.0,1.3384650720769194e-05,1.338465072076961e-05,0.0017328813171884263
1772535378.1462426,400,1.5139579772949219,660.5203149606299,0.48926412124535995,0.001482053812648909,1.0908401691671824e-05,0.05314199413318291,0.0017453317487078485,0.08988380432128906,1.0,1.6771383895607224e-05,1.6771383895607455e-05,0.00024239463418196288
1772535378.1581862,401,1.1560916900634766,864.9832955248505,0.4882373120599248,0.001153069379817442,1.0908547126217172e-05,0.05314199413318291,0.0017453317487078485,0.08988380432128906,1.0,1.2494664842384162e-05,1.2494664842383857e-05,0.0009341057619236821
1772535378.1706429,402,1.0995864868164062,909.4327840416305,0.4883865376929459,0.000167841657572005,1.0907885590454889e-05,0.05314199413318291,0.0017453317487078485,0.08988380432128906,1.0,1.859665800671195e-05,1.859665800671195e-05,0.00014803977157002124
1772535378.1835315,403,1.40380859375,712.3478260869565,0.4886910175476343,0.0003402616951273968,1.0908090235296917e-05,0.05314199413318291,0.0,0.08988380432128906,1.0,1.8761346245911536e-05,1.876134624591112e-05,0.00013248173153875727
1772535378.1951795,404,0.7457733154296875,1340.8900255754477,0.4876842640901139,0.0011272656781031645,1.0908277048145741e-05,0.05314199413318291,0.001745329668113249,0.08988380432128906,1.0,1.8306827828542295e-05,1.830682782854188e-05,0.00029582080427959846
1772535378.2076995,405,0.7257461547851562,1377.892247043364,0.48782218948216105,0.00016001134673005184,1.0908846843377198e-05,0.05314199413318291,0.001745329668113249,0.08988380432128906,1.0,1.2338554700673208e-05,1.2338554700673208e-05,0.00012743597405377505
1772535378.2213488,406,1.4977455139160156,667.6701687360713,0.489461762863484,0.0018354047303226185,1.0908962982350487e-05,0.05314199413318291,0.0,0.09250640869140625,1.0,1.367524670502022e-05,1.3675246705026357e-05,0.00011349987164939686
1772535378.2327993,407,1.2259483337402344,815.6950602878258,0.4864850864373098,0.0033349206559590014,1.0909068137285561e-05,0.05314199413318291,0.0017453317487078485,0.09250640869140625,1.0,1.3003685841297212e-05,1.3003685841296787e-05,0.00016192481162408899
1772535378.245851,408,1.3573169708251953,736.7475847532057,0.48836622234556565,0.0021162445372873147,1.0909334188800827e-05,0.05314199413318291,0.0017453317487078485,0.09250640869140625,1.0,1.2567955281349677e-05,1.2567955281349677e-05,0.00027427285076776265
1772535378.2581363,409,1.0933876037597656,914.5887483645879,0.48837983417272895,1.4958492375584774e-05,1.0909803973741317e-05,0.05314199413318291,0.0017453317487078485,0.09250640869140625,1.0,6.254308771748105e-06,6.254308771748105e-06,0.00014265914107795436
1772535378.270734,410,1.247406005859375,801.6636085626911,0.4884130147487717,3.6692708216461645e-05,1.0909997188159635e-05,0.05314199413318291,0.0,0.09250640869140625,1.0,5.35868689203473e-06,5.35868689203473e-06,0.00012753830880858535
1772535378.2830663,411,1.2807846069335938,780.7714072970961,0.48763735386395274,0.000867798259146623,1.091017218544994e-05,0.05314199413318291,0.0017453317487078485,0.09250640869140625,1.0,4.894485889765862e-06,4.894485889765862e-06,0.00013519590927668043
1772535378.295721,412,1.1987686157226562,834.189339697693,0.48842787104272734,0.0008880879609963214,1.0910165095848817e-05,0.05314199413318291,0.0017453317487078485,0.09250640869140625,1.0,6.532357249519156e-06,6.532357249519156e-06,0.00012194677234519458
1772535378.308098,413,1.1599063873291016,862.1385405960946,0.4880912031031741,0.0003771989209973461,1.091032504580001e-05,0.05314199413318291,0.0,0.09250640869140625,1.0,5.952756025694088e-06,5.952756025695645e-06,0.00010878193058591476
1772535378.3208773,414,1.3751983642578125,727.1678224687934,0.48856079431484284,0.0005261264073399296,1.0910470137121708e-05,0.05314199413318291,0.001745329668113249,0.09250640869140625,1.0,6.050182281102427e-06,6.050182281102427e-06,0.000364495240742306
1772535378.332367,415,0.7319450378417969,1366.2228013029317,0.4870381894617354,0.0017041630639157356,1.0911001302359045e-05,0.05314199413318291,0.001745329668113249,0.09250640869140625,1.0,5.898070643756693e-06,5.898070643746101e-06,8.728244865759072e-05
1772535378.3453474,416,0.9126663208007812,1095.6907001044933,0.4883560456541691,0.001481830360267367,1.0911079036654584e-05,0.05314199413318291,0.0017453317487078485,0.09250640869140625,1.0,6.9605859297587535e-06,6.9605859297587535e-06,0.00017612126851610985
1772535378.3573601,417,0.7016658782958984,1425.1797485558955,0.48731413137486324,0.0011656295831916574,1.0910984011784548e-05,0.05314199413318291,0.0,0.09250640869140625,1.0,4.770458108043417e-06,4.770458108043417e-06,0.00015686254618732195
1772535378.370238,418,0.9186267852783203,1088.5813651699973,0.48814384398892596,0.0009339567393904936,1.0910898481729582e-05,0.05314199413318291,0.0,0.09250640869140625,1.0,4.587727763672583e-06,4.58772776367249e-06,0.0001396870319278873
1772535378.3824375,419,0.7052421569824219,1417.9526707234618,0.48770829585929487,0.0004865084128230771,1.0910821890026029e-05,0.05314199413318291,0.0,0.09250640869140625,1.0,5.347293054423812e-06,5.347293054423812e-06,0.00012406382264630063
1772535378.3948314,420,0.7038116455078125,1420.8346883468835,0.48750362107606926,0.0002263417260981596,1.0910753543404975e-05,0.05314199413318291,0.0017453317487078485,0.09250640869140625,1.0,6.758955525426043e-06,6.758955525426043e-06,0.0001166223702888947
1772535378.4073813,421,0.4773139953613281,2095.056943056943,0.48840200709148585,0.0010088663065299815,1.0910858229561747e-05,0.05314199413318291,0.0,0.09250640869140625,1.0,6.564680531999371e-06,6.564680531999371e-06,0.00010411348025848243
1772535378.4204123,422,1.1477470397949219,871.2721229746572,0.48830168704621446,0.00011373395253794422,1.0910952977439936e-05,0.05314199413318291,0.0017453317487078485,0.09250640869140625,1.0,6.407739329034475e-06,6.407739329038413e-06,0.00164807750737573
1772535378.4329748,423,1.0445117950439453,957.3850719013924,0.48877901908621146,0.000532775944745465,1.0908379704375704e-05,0.05314199413318291,0.0017453317487078485,0.09250640869140625,1.0,2.0745608552309817e-05,2.0745608552310688e-05,0.00020042712400132707
1772535378.445133,424,1.0721683502197266,932.6893484545252,0.487504167434583,0.0014287683734587344,1.0908704074409812e-05,0.05314199413318291,0.0017453317487078485,0.09250640869140625,1.0,1.768162525471794e-05,1.7681625254719357e-05,0.00023160205524810698
1772535378.4573288,425,0.8394718170166016,1191.2252201079239,0.48727925614985085,0.0002481101318399767,1.0909228727226214e-05,0.05314199413318291,0.0017453317487078485,0.09250640869140625,1.0,1.908257560357145e-05,1.908257560357145e-05,0.00018266030527848775
1772535378.4700413,426,0.8196830749511719,1219.9837114601512,0.48837563245798826,0.0012317056653050721,1.0909469640783934e-05,0.05314199413318291,0.0017453317487078485,0.09250640869140625,1.0,1.746793829046247e-05,1.746793829046247e-05,0.00020896466275801705
1772535378.4830635,427,0.8893013000488281,1124.4782841823057,0.48994801121583403,0.0017550431510937258,1.0909919829573439e-05,0.05314199413318291,0.0017453317487078485,0.09250640869140625,1.0,1.9354372376267037e-05,1.9354372376264513e-05,0.0002774905199254297
1772535378.4948733,428,0.8029937744140625,1245.3396674584324,0.48771587322504945,0.002505321577956259,1.0910494593075522e-05,0.05314199413318291,0.0017453317487078485,0.09250640869140625,1.0,2.1905183649237068e-05,2.1905183649237068e-05,0.00016672231521833977
1772535378.5075326,429,0.7576942443847656,1319.7935808684708,0.4884684777131534,0.0008447235796754367,1.0910839757276856e-05,0.05314199413318291,0.001745329668113249,0.09250640869140625,1.0,2.4706661150113217e-05,2.47066611501222e-05,0.0002800361446437041
1772535378.520553,430,0.9515285491943359,1050.9406163868705,0.48952113175156453,0.0011745807432850712,1.0910753988776208e-05,0.05314199413318291,0.0,0.09250640869140625,1.0,1.9013572498787288e-05,1.9013572498787288e-05,0.0002504887643481244
1772535378.5326905,431,0.5884170532226562,1699.4748784440842,0.48925609328808856,0.00030649610859070437,1.0910676297296802e-05,0.05314199413318291,0.0,0.09250640869140625,1.0,1.3341211193876523e-05,1.3341211193876311e-05,0.0002234229536398134
1772535378.5455713,432,1.1944770812988281,837.1864271457085,0.4886783344087592,0.0006519541596271517,1.091060572789223e-05,0.05314199413318291,0.0017453317487078485,0.09250640869140625,1.0,8.739620644262943e-06,8.739620644262943e-06,0.00015057094264654097
1772535378.5582223,433,1.1739730834960938,851.808285946385,0.48919531989367865,0.00057571497472019,1.0910708725432298e-05,0.05314199413318291,0.0,0.09250640869140625,1.0,7.570170766376778e-06,7.570170766384252e-06,0.00013478602597353842
1772535378.5701723,434,1.0666847229003906,937.4841305319625,0.4874667667320913,0.0019372325160445022,1.0910802039626793e-05,0.05314199413318291,0.0017453317487078485,0.09250640869140625,1.0,6.277450047532867e-06,6.277450047531343e-06,0.00019359351650098886
1772535378.5831058,435,1.0609626770019531,942.5402247191012,0.48906154118878303,0.0017884119387792357,1.091072013776693e-05,0.05314199413318291,0.0,0.09250640869140625,1.0,2.903405846088794e-06,2.9034058460924658e-06,0.00017235341475980073
1772535378.5956473,436,0.8363723754882812,1195.6396807297606,0.4898258056403597,0.0008495431736558228,1.0910647040329372e-05,0.05314199413318291,0.0,0.10657310485839844,1.0,1.1739755057289617e-06,1.1739755057289617e-06,0.00015301886742337615
1772535378.6079667,437,0.9553432464599609,1046.7441976541054,0.4886885268451617,0.0012797537884025449,1.0910581545363088e-05,0.05314199413318291,0.0017453317487078485,0.10657310485839844,1.0,3.727383729804577e-06,3.7273837297944384e-06,0.0003556521263657514
1772535378.6204069,438,0.7367134094238281,1357.379935275081,0.4888706537248941,0.0002022357634131536,1.0911089992368002e-05,0.05314199413318291,0.0017453317487078485,0.10657310485839844,1.0,3.954988082854372e-06,3.954988082852478e-06,0.00017381355945930905
1772535378.6329637,439,0.8814334869384766,1134.5155531512037,0.48861306427930074,0.0002906243657789133,1.0910981352275344e-05,0.05314199413318291,0.0,0.10657310485839844,1.0,1.6623520191140448e-06,1.662352019113835e-06,0.0001541727293699176
1772535378.6459715,440,1.2362003326416016,808.9303760848602,0.4892645381513723,0.0007269844530181652,1.091088403098248e-05,0.05314199413318291,0.0,0.10657310485839844,1.0,3.487189589600403e-06,3.487189589598914e-06,0.00013655160184314254
1772535378.6579232,441,1.1398792266845703,877.2859234469777,0.48749408766234753,0.001983657773010284,1.0910796853201129e-05,0.05314199413318291,0.0,0.10657310485839844,1.0,5.6857842776213015e-06,5.6857842776213015e-06,0.00012044846658774196
1772535378.6710086,442,1.275777816772461,783.8355447579892,0.48920183952202667,0.0019150961318100744,1.0910719902503928e-05,0.05314199413318291,0.0,0.10657310485839844,1.0,8.52032861960475e-06,8.52032861959933e-06,0.00010620726225300566
1772535378.6827831,443,1.066446304321289,937.693717862732,0.4870961331457018,0.0023584534460598283,1.0910650382270264e-05,0.05314199413318291,0.0,0.10657310485839844,1.0,9.703085199208059e-06,9.703085199208059e-06,9.316708724993457e-05
1772535378.6958032,444,1.2598037719726562,793.77441332324,0.48855562129407226,0.001640880053284141,1.0910590386706083e-05,0.05314199413318291,0.0017453317487078485,0.10657310485839844,1.0,1.2319817623129142e-05,1.2319817623129142e-05,0.00015324769569407973
1772535378.7080042,445,1.360177993774414,735.1978965819457,0.4872408405538594,0.0014708078598438536,1.0910701704062171e-05,0.05314199413318291,0.0017453317487078485,0.10657310485839844,1.0,1.0291394079019492e-05,1.0291394079019492e-05,0.0002650451536480384
1772535378.7207177,446,1.3146400451660156,760.664490388103,0.48829152943641574,0.0011826291927009294,1.0911035227311202e-05,0.05314199413318291,0.0,0.10657310485839844,1.0,5.984148365989277e-06,5.984148365990018e-06,0.00023545721823040503
1772535378.7333133,447,1.2285709381103516,813.9538133126334,0.48881335947912724,0.0005836587541550047,1.091133584646705e-05,0.05314199413318291,0.0017453317487078485,0.19311904907226562,1.0,4.135402130534977e-06,4.135402130534977e-06,0.00014344102912810546
1772535378.7454214,448,0.9381771087646484,1065.8968233799237,0.48838740198455116,0.000478825582398523,1.0911374579052501e-05,0.05314199413318291,0.0017453317487078485,0.19311904907226562,1.0,3.5175695659435393e-06,3.5175695659292303e-06,0.000140484389255009
1772535378.7577643,449,0.8304119110107422,1204.2216480045938,0.487980553044338,0.00045475709851750836,1.0911243558190164e-05,0.05314199413318291,0.0,0.19311904907226562,1.0,4.60400076440847e-06,4.60400076440847e-06,0.0001242046992820483
1772535378.7699344,450,0.6768703460693359,1477.387812610074,0.4874833162902868,0.0005536961158078421,1.0911126113947301e-05,0.05314199413318291,0.0,0.19311904907226562,1.0,6.456059408638e-06,6.456059408638e-06,0.00010953378801170339
1772535378.7827513,451,0.7851123809814453,1273.7030063771638,0.4883601004951869,0.0009860757274427314,1.091102105323735e-05,0.05314199413318291,0.0,0.19311904907226562,1.0,8.613180803215578e-06,8.613180803215578e-06,9.640813046188373e-05
1772535378.7953792,452,0.8661746978759766,1154.5015139003578,0.48856615612339827,0.00023013355304094977,1.0910926737628339e-05,0.05314199413318291,0.001745329668113249,0.19311904907226562,1.0,1.0259230068037329e-05,1.0259230068037329e-05,0.0002600328586769184
1772535378.8080788,453,0.8409023284912109,1189.198752480862,0.48925018027416894,0.0007628352510718102,1.0911240564053698e-05,0.05314199413318291,0.001745329668113249,0.19311904907226562,1.0,6.234614021056632e-06,6.234614021056406e-06,0.00011028932097826288
1772535378.8205411,454,0.8730888366699219,1145.3588203167667,0.48886443584521155,0.0004372157641743421,1.0911125131675764e-05,0.05314199413318291,0.0,0.19311904907226562,1.0,7.768298345521921e-06,7.768298345522206e-06,9.700689471655829e-05
1772535378.8329449,455,0.812530517578125,1230.7230046948357,0.48858708550163954,0.0003131081487438399,1.0911021834072456e-05,0.05314199413318291,0.0,0.19311904907226562,1.0,9.442868568000513e-06,9.442868568000204e-06,8.50619380592274e-05
1772535378.8451672,456,0.7450580596923828,1342.17728,0.48785331839563884,0.000821282068202846,1.091092953979763e-05,0.05314199413318291,0.0,0.19311904907226562,1.0,1.0829519267205978e-05,1.0829519267204733e-05,7.430837451315174e-05
1772535378.8569155,457,0.4324913024902344,2312.1852260198457,0.48635049409186537,0.001677959323926233,1.0910847458063902e-05,0.05314199413318291,0.0,0.19311904907226562,1.0,1.1887794398705735e-05,1.1887794398705735e-05,6.464724564000158e-05
1772535378.869845,458,0.6277561187744141,1592.9753133308013,0.4874410639230443,0.0012342128439955288,1.0910774927059046e-05,0.05314199413318291,0.0017453317487078485,0.19311904907226562,1.0,1.3814911071912864e-05,1.3814911071914902e-05,0.0001783292042808005
1772535378.8823266,459,0.6229877471923828,1605.16800612323,0.4875474765825116,0.00012723073564157144,1.091087496218645e-05,0.05314199413318291,0.0017453317487078485,0.19311904907226562,1.0,1.1629704286633236e-05,1.1629704286633548e-05,6.809972795524362e-05
1772535378.895355,460,0.8342266082763672,1198.7150614461275,0.4889279107192676,0.001547496078658877,1.0910800625871898e-05,0.05314199413318291,0.0017453317487078485,0.19311904907226562,1.0,1.32392193034252e-05,1.3239219303424885e-05,0.00042524994519288836
1772535378.9071176,461,0.4837512969970703,2067.1779201577133,0.4873695043819332,0.001746411020533837,1.0911299798225798e-05,0.05314199413318291,0.0017453317487078485,0.19311904907226562,1.0,5.0115410844376125e-06,5.011541084437956e-06,0.00010647158192379541
1772535378.9193132,462,0.44274330139160156,2258.645126548196,0.4866784217458234,0.0007682914495425354,1.0911183876599423e-05,0.05314199413318291,0.0,0.19311904907226562,1.0,6.624766159869834e-06,6.624766159869604e-06,9.379830467643114e-05
1772535378.9322832,463,0.6468296051025391,1546.0022115739034,0.48791234076010304,0.0013904484875482698,1.0911080133926639e-05,0.05314199413318291,0.0017453317487078485,0.19311904907226562,1.0,8.536998959345755e-06,8.536998959352875e-06,0.00015298113808402423
1772535378.945295,464,0.8440017700195312,1184.8316384180791,0.48912923238698597,0.001361478863378939,1.0911152488997286e-05,0.05314199413318291,0.0,0.19311904907226562,1.0,7.373763340257832e-06,7.373763340252061e-06,0.00013707194552511196
1772535378.9570742,465,0.4451274871826172,2246.5474022495982,0.48776484379714374,0.0015310195467077858,1.0911218203049975e-05,0.05314199413318291,0.0017453317487078485,0.19311904907226562,1.0,6.244815340502868e-06,6.2448153404989575e-06,0.0001046212071552182
1772535378.9693716,466,0.46515464782714844,2149.822655048693,0.4871951182971198,0.0006346687163040778,1.0911111977889708e-05,0.05314199413318291,0.0,0.19311904907226562,1.0,7.725858984634546e-06,7.725858984635862e-06,9.237350069572835e-05
1772535378.9823322,467,0.61798095703125,1618.1728395061727,0.4884499237455626,0.001409386688985925,1.0911016919062074e-05,0.05314199413318291,0.0017453317487078485,0.19311904907226562,1.0,9.470792604299026e-06,9.470792604306443e-06,0.0001411416343464892
1772535378.995273,468,0.7977485656738281,1253.5277943813508,0.48941510883555034,0.001076553915453532,1.0911097210488948e-05,0.05314199413318291,0.0017453317487078485,0.19311904907226562,1.0,8.33171638078006e-06,8.33171638078077e-06,9.462714774169912e-05
1772535379.0070775,469,0.4723072052001953,2117.26602725896,0.48793489461669004,0.0016620269308347186,1.0911004065475539e-05,0.05314199413318291,0.0,0.19311904907226562,1.0,9.07309081567487e-06,9.07309081567487e-06,8.346404753624232e-05
1772535379.0193572,470,0.47087669372558594,2123.6982278481014,0.48732000850948143,0.0006859032776619734,1.0910921316260693e-05,0.05314199413318291,0.0017453317487078485,0.19311904907226562,1.0,1.035823448257613e-05,1.035823448257613e-05,0.00041702827837353083
1772535379.0324605,471,0.7011890411376953,1426.1489289357362,0.48883928475265886,0.0017040663964631704,1.0911411652893887e-05,0.05314199413318291,0.0017453317487078485,0.19311904907226562,1.0,4.250646087905322e-06,4.250646087905322e-06,0.00011715198686193477
1772535379.0457423,472,0.9183883666992188,1088.8639667705088,0.4906922546433272,0.0020650040474943228,1.0911288402047274e-05,0.05314199413318291,0.0,0.19311904907226562,1.0,5.268251761452444e-06,5.268251761452444e-06,0.00010384297292638004
1772535379.0576582,473,0.8397102355957031,1190.8869960249858,0.4886172001851258,0.0023332881568558987,1.0911177135220857e-05,0.05314199413318291,0.0,0.19311904907226562,1.0,6.12624594407723e-06,6.12624594407723e-06,9.157371408273195e-05
1772535379.070248,474,0.8916854858398438,1121.4716577540107,0.48891156915879014,0.0003273806406196853,1.091107749311189e-05,0.05314199413318291,0.0,0.19311904907226562,1.0,7.868470469010843e-06,7.868470469010843e-06,8.066778140308839e-05
1772535379.0836012,475,1.4085769653320312,709.9363574813812,0.49005347069499244,0.00127191542778313,1.0910988104707372e-05,0.05314199413318291,0.0,0.19311904907226562,1.0,9.389454369269412e-06,9.389454369269412e-06,7.08696576750588e-05
1772535379.0963583,476,1.4107227325439453,708.8565151259083,0.49057471296173816,0.0005741449136959026,1.0910907823291959e-05,0.05314199413318291,0.0,0.19311904907226562,1.0,1.0486060008120193e-05,1.0486060008120193e-05,6.202210277098291e-05
1772535379.1076944,477,0.9641647338867188,1037.1671612265084,0.48763459180835467,0.003297881901780458,1.0910836136866881e-05,0.05314199413318291,0.001745329668113249,0.19311904907226562,1.0,1.0582420751218988e-05,1.0582420751218988e-05,0.00029350937169473837
1772535379.1205177,478,1.0821819305419922,924.059043842256,0.4884289018721179,0.000893789482485431,1.0911170662232795e-05,0.05314199413318291,0.0017453317487078485,0.19311904907226562,1.0,6.357726253411379e-06,6.357726253411379e-06,0.00015910178268690827
1772535379.1332726,479,1.2977123260498047,770.5868087451773,0.4886130024877018,0.0002060848123271293,1.0911239566555391e-05,0.05314199413318291,0.0017453317487078485,0.19311904907226562,1.0,5.017383107644903e-06,5.017383107644903e-06,9.144721971607653e-05
1772535379.1459346,480,1.4257431030273438,701.3886287625418,0.48881267444831217,0.00022234655952466006,1.0911135843580599e-05,0.05314199413318291,0.0017453317487078485,0.19311904907226562,1.0,6.375176942279483e-06,6.375176942277561e-06,0.00014989531715932082
1772535379.1578555,481,1.1005401611328125,908.6447140381282,0.4876674318236827,0.0012821740805107902,1.0911208620424771e-05,0.05314199413318291,0.0017453317487078485,0.04744529724121094,1.0,5.140310554741315e-06,5.140310554734335e-06,9.27091031859055e-05
1772535379.1701708,482,1.0149478912353516,985.272257458304,0.48748306958904,0.00020281301454200626,1.0911108480615974e-05,0.05314199413318291,0.0,0.049591064453125,1.0,6.5244140214940935e-06,6.524414021494913e-06,8.180005073079143e-05
1772535379.1831431,483,1.1796951293945312,847.6766370250606,0.4886775597530986,0.0013415180531272072,1.0911018716073026e-05,0.05314199413318291,0.0,0.049591064453125,1.0,8.042941948508214e-06,8.042941948508214e-06,7.20256419848716e-05
1772535379.1960883,484,1.413583755493164,707.4218249283184,0.48944376609900003,0.0008542889008614032,1.0910938014282132e-05,0.05314199413318291,0.0,0.051021575927734375,1.0,9.180710859364816e-06,9.180710859364569e-06,6.319506503674363e-05
1772535379.207566,485,0.9338855743408203,1070.7949961705388,0.4872572705952802,0.002450217333009865,1.0910865732254965e-05,0.05314199413318291,0.001745329668113249,0.051021575927734375,1.0,9.526723176184003e-06,9.526723176174103e-06,0.00029333768456044974
1772535379.2203834,486,1.0657310485839844,938.3230425055929,0.48805243196275977,0.0008972678567085057,1.0911198857369334e-05,0.05314199413318291,0.001745329668113249,0.051021575927734375,1.0,5.322802321226205e-06,5.322802321231513e-06,8.16250175735082e-05
1772535379.2329032,487,1.092672348022461,915.1874318132228,0.4880873746112267,4.2900175187909405e-05,1.0911101275647295e-05,0.05314199413318291,0.0017453317487078485,0.051021575927734375,1.0,6.43284275147709e-06,6.43284275147709e-06,0.0001634218338115818
1772535379.2456439,488,0.9646415710449219,1036.6544735541274,0.4893958980021475,0.001463916822767349,1.0911179291034875e-05,0.05314199413318291,0.0017453317487078485,0.05745887756347656,1.0,5.165937849364826e-06,5.165937849357743e-06,8.373834997300774e-05
1772535379.2576935,489,0.9834766387939453,1016.8009696969697,0.4875816010194155,0.0020340044858683697,1.09110838248806e-05,0.05314199413318291,0.0,0.05745887756347656,1.0,6.0137263868944764e-06,6.0137263868944764e-06,7.363864500515848e-05
1772535379.2701015,490,1.01470947265625,985.5037593984962,0.4873421797468404,0.00026405718287579014,1.0910998312186675e-05,0.05314199413318291,0.0,0.05793571472167969,1.0,7.421019447175292e-06,7.421019447175292e-06,6.462594015778108e-05
1772535379.2829304,491,1.1522769927978516,867.8468859921373,0.48815806420136204,0.0009191754880680782,1.0910921712534119e-05,0.05314199413318291,0.001745329668113249,0.05793571472167969,1.0,8.734622204530945e-06,8.734622204530945e-06,0.000288180635309362
1772535379.2953625,492,0.8909702301025391,1122.3719561145303,0.4887938598501614,0.0007116336880821389,1.0911250459709949e-05,0.05314199413318291,0.0017453317487078485,0.05793571472167969,1.0,4.688054996987438e-06,4.688054996987438e-06,0.0003993276911134481
1772535379.3077667,493,0.9963512420654297,1003.6621201244317,0.488012465413643,0.0008762425662827538,1.0911714654411628e-05,0.05314199413318291,0.0017453317487078485,0.05793571472167969,1.0,7.351775942913563e-06,7.3517759429109135e-06,0.00013033946926314566
1772535379.3200104,494,0.9553432464599609,1046.7441976541054,0.4873652738508405,0.0007217661260412074,1.0911565422779489e-05,0.05314199413318291,0.0017453292780017621,0.05793571472167969,1.0,5.224771758670292e-06,5.22477175868124e-06,0.0011928505531377017
1772535379.3327918,495,1.0595321655273438,943.8127812781278,0.488143341699869,0.0008764041075037353,1.090796436353195e-05,0.05314199413318291,0.0017453292780017621,0.05793571472167969,1.0,1.1375572949434831e-05,1.1375572949436134e-05,0.00018218699694425985
1772535379.3459198,496,1.3852119445800781,721.9111876075732,0.48943155459182164,0.0014402011218801812,1.0908174177967203e-05,0.05314199413318291,0.001745329668113249,0.05793571472167969,1.0,9.990161686458348e-06,9.990161686456347e-06,0.000244331232702349
1772535379.3575873,497,0.8842945098876953,1130.8449716904827,0.48785557235306765,0.0017683933608834235,1.0908763233755374e-05,0.05314199413318291,0.0017453317487078485,0.05793571472167969,1.0,9.642221314706955e-06,9.642221314704337e-06,0.00018953161039451168
1772535379.3699524,498,0.9052753448486328,1104.6362918093232,0.4874460527571502,0.0004553400255421332,1.0909062690319473e-05,0.05314199413318291,0.0017453317487078485,0.05793571472167969,1.0,8.554824233911852e-06,8.55482423390869e-06,0.0002160331688993983
1772535379.3828127,499,1.1191368103027344,893.5458031529612,0.4881638346836123,0.0008082094498305221,1.0909564766738177e-05,0.05314199413318291,0.0,0.05793571472167969,1.0,1.1608643731399077e-05,1.1608643731399077e-05,0.00019046149028925936
1772535379.3956842,500,1.2531280517578125,798.0030441400304,0.4890834340046626,0.0010282344784432542,1.0910017622138809e-05,0.05314199413318291,0.0,0.05793571472167969,1.0,1.5008269208910348e-05,1.5008269208910348e-05,0.00016741372133391948
1772535379.4074168,501,0.7867813110351562,1271.0012121212121,0.4878628310094749,0.0013693160525994612,1.0910426028179793e-05,0.05314199413318291,0.001745329668113249,0.05793571472167969,1.0,1.7295386586210607e-05,1.7295386586210607e-05,0.0015417827445843699
1772535379.4197474,502,0.7274150848388672,1374.7309078990495,0.48744005302771204,0.00047033575529668896,1.090790211631667e-05,0.05314199413318291,0.0017453275875186497,0.05793571472167969,1.0,3.8488764630324506e-05,3.848876463032587e-05,0.00035858025998161984
1772535379.432828,503,1.0716915130615234,933.1043381535039,0.48851900280158633,0.0012116017947488584,1.0908103373293068e-05,0.05314199413318291,0.0,0.05793571472167969,1.0,3.3171853784862326e-05,3.3171853784862326e-05,0.00032243316885502453
1772535379.4460123,504,1.3661384582519531,731.9902268760908,0.4900634443806282,0.0017233107198329615,1.090828592890509e-05,0.05314199413318291,0.0,0.05793571472167969,1.0,2.7635056890158802e-05,2.7635056890158802e-05,0.0002897927493657197
1772535379.4576225,505,0.9503364562988281,1052.2589061716005,0.4878872298791497,0.0024427869979362317,1.0908450799753837e-05,0.05314199413318291,0.0,0.05793571472167969,1.0,2.04403063799853e-05,2.04403063799853e-05,0.0002592655904468676
1772535379.4693491,506,0.4496574401855469,2223.915164369035,0.4869708204480006,0.00102237689618712,1.0908600144598435e-05,0.05314199413318291,0.001745329668113249,0.05793571472167969,1.0,1.6632584834454044e-05,1.6632584834454044e-05,0.00020033984013385109
1772535379.4824786,507,0.7107257843017578,1407.0124119423012,0.4884512240955328,0.0016640220129477508,1.0909133639149404e-05,0.05314199413318291,0.0017453317487078485,0.05793571472167969,1.0,1.9156940043503808e-05,1.9156940043503808e-05,0.00022997465925270384
1772535379.4953945,508,0.835418701171875,1197.0045662100456,0.48948342859030275,0.0011519568217784324,1.0909383174237967e-05,0.05314199413318291,0.001745329668113249,0.05793571472167969,1.0,1.640674780924971e-05,1.640674780924971e-05,0.00031314176589525175
1772535379.5070832,509,0.47898292541503906,2087.757093081135,0.48769520356055546,0.002006068339618154,1.091000941246352e-05,0.05314199413318291,0.0017453317487078485,0.05793571472167969,1.0,1.949238596394065e-05,1.9492385963942334e-05,0.00025295315138055614
1772535379.5194242,510,0.4737377166748047,2110.8726723704076,0.48725845891100245,0.000485074496052999,1.0910005049424946e-05,0.05314199413318291,0.0017453317487078485,0.05793571472167969,1.0,1.5118637170665129e-05,1.5118637170659113e-05,0.00029526724562080315
1772535379.5323317,511,0.6365776062011719,1570.9003745318353,0.4883642490832389,0.0012430761800080548,1.0910567524811482e-05,0.05314199413318291,0.0017453317487078485,0.05793571472167969,1.0,2.055483793076158e-05,2.055483793076158e-05,0.00025358859859560593
1772535379.545429,512,0.8840560913085938,1131.1499460625673,0.4895875316788892,0.0013659087098325895,1.0910508961289615e-05,0.05314199413318291,0.0,0.05793571472167969,1.0,1.537945890499647e-05,1.5379458904987903e-05,0.00022674340458939
1772535379.5570076,513,0.47516822814941406,2104.517812343201,0.48758687625531894,0.0022441375550948097,1.0910455822806159e-05,0.05314199413318291,0.0017453317487078485,0.05793571472167969,1.0,9.890505855165307e-06,9.890505855165307e-06,0.0001693175003791005
1772535379.5711284,514,1.1975765228271484,835.0197093370496,0.49083130422362764,0.0036283850359219833,1.091057354873087e-05,0.05314199413318291,0.0017453317487078485,0.05793571472167969,1.0,9.54276387312947e-06,9.54276387311994e-06,0.00019759426159485533
1772535379.5824246,515,0.7169246673583984,1394.8466910542068,0.48799022710426954,0.0031892521507292646,1.0910514579091257e-05,0.05314199413318291,0.0,0.05793571472167969,1.0,4.61432807213127e-06,4.614328072129716e-06,0.00017536893828443994
1772535379.59515,516,0.8101463317871094,1234.3449087698646,0.48858312899215384,0.0006653161980766338,1.0910461676728118e-05,0.05314199413318291,0.0,0.05793571472167969,1.0,1.7142412747728162e-06,1.714241274772204e-06,0.0001558539784247803
1772535379.6075742,517,0.9012222290039062,1109.6042328042329,0.48791929345723195,0.0007432504845280627,1.0910414912862913e-05,0.05314199413318291,0.0017453317487078485,0.05793571472167969,1.0,2.048606927495493e-06,2.048606927495493e-06,0.00014779613078473044
1772535379.6198518,518,0.8327960968017578,1200.7741196679071,0.48752712277927235,0.00043590431867892573,1.0910539668634903e-05,0.05314199413318291,0.0017453317487078485,0.05793571472167969,1.0,2.0616890045816287e-06,2.0616890045816287e-06,0.0002219236695013295
1772535379.6330035,519,1.0662078857421875,937.9033989266547,0.4889957799031403,0.0016468943004324136,1.0910884354656765e-05,0.05314199413318291,0.001745329668113249,0.07009506225585938,1.0,3.1045955716433525e-06,3.1045955716433525e-06,0.00015989201173024803
1772535379.6459942,520,1.3337135314941406,749.7861994994637,0.4898351899266044,0.0009336552637760748,1.0910797146106247e-05,0.05314199413318291,0.0,0.09894371032714844,1.0,1.6762128595763467e-06,1.676212859576372e-06,0.00014184894822204277
1772535379.657636,521,0.9622573852539062,1039.222993062438,0.48779929505936703,0.0022840302891374738,1.0910718806037613e-05,0.05314199413318291,0.0,0.09894371032714844,1.0,3.632500440915565e-06,3.632500440914567e-06,0.00012527980903729948
1772535379.669893,522,0.8637905120849609,1157.6881037813966,0.4873847743126983,0.00046015309164086274,1.0910649746306223e-05,0.05314199413318291,0.0,0.09894371032714844,1.0,6.0849682881152426e-06,6.0849682881152426e-06,0.00011052668778750087
1772535379.6835074,523,1.2586116790771484,794.526236029551,0.49007863712485633,0.003016291324162005,1.0910588346834431e-05,0.05314199413318291,0.0017453317487078485,0.09894371032714844,1.0,8.800507127941727e-06,8.80050712794142e-06,0.0001551719581714487
1772535379.6967943,524,1.3918876647949219,718.4487838300788,0.4919977192516775,0.002130837702222348,1.0910698873261554e-05,0.05314199413318291,0.0017453317487078485,0.09894371032714844,1.0,7.812132145710289e-06,7.812132145712127e-06,0.00010531219784322669
1772535379.7073596,525,0.7932186126708984,1260.6865043582807,0.48688354251217025,0.005733970151158759,1.0910632810216985e-05,0.05314199413318291,0.0,0.09894371032714844,1.0,8.263558412661672e-06,8.263558412661392e-06,9.238056351894447e-05
1772535379.7197156,526,0.7650852203369141,1307.0439389217825,0.486695986814731,0.0002061405980830806,1.0910577411112182e-05,0.05314199413318291,0.0,0.09894371032714844,1.0,1.0865193338981704e-05,1.0865193338981704e-05,8.104238801765319e-05
1772535379.7323797,527,0.8606910705566406,1161.8570637119115,0.48719992397896394,0.0005775216592082996,1.0910526999929751e-05,0.05314199413318291,0.0,0.09894371032714844,1.0,1.2490147340155692e-05,1.2490147340155692e-05,7.087612948869391e-05
1772535379.7460902,528,1.0600090026855469,943.3882141250563,0.4907314600068609,0.003952821667782862,1.0910482318803568e-05,0.05314199413318291,0.0,0.09894371032714844,1.0,1.478977346064511e-05,1.478977346064511e-05,6.17786273525342e-05
1772535379.7597466,529,3.2796859741210938,304.9072404768828,0.4867717752175864,0.004439220296863689,1.0910441204160602e-05,0.05314199413318291,0.0,0.09894371032714844,1.0,1.3387962473822991e-05,1.3387962473822991e-05,5.3545206106884594e-05
1772535379.7695909,530,0.6937980651855469,1441.3415807560139,0.48675671459311387,5.343059197068546e-05,1.0910409737004073e-05,0.05314199413318291,0.001745329668113249,0.09894371032714844,1.0,1.5486628234316122e-05,1.5486628234316122e-05,0.00029658961666857096
1772535379.7826064,531,0.980377197265625,1020.0155642023346,0.48789938671806776,0.001289048908953929,1.0910777000401637e-05,0.05314199413318291,0.001745329668113249,0.09894371032714844,1.0,9.929426229892673e-06,9.929426229887501e-06,7.444348391171845e-05
1772535379.7955503,532,1.1661052703857422,857.5555101206297,0.4889662323855429,0.001194931210275438,1.0910711194330372e-05,0.05314199413318291,0.001745329668113249,0.09894371032714844,1.0,1.1373440143795779e-05,1.1373440143795779e-05,0.0002730041212830702
1772535379.807533,533,0.8287429809570312,1206.6467203682394,0.4879644797618215,0.0011237244526775194,1.0911050739067952e-05,0.05314199413318291,0.001745329668113249,0.09894371032714844,1.0,6.295111661876674e-06,6.295111661876674e-06,9.402018281102612e-05
1772535379.8199666,534,0.7526874542236328,1328.5726955970858,0.4880685949158934,0.00011929335167432063,1.0910958935512057e-05,0.05314199413318291,0.0017453317487078485,0.09894371032714844,1.0,7.939647638624937e-06,7.939647638624937e-06,0.00017320028815670895
1772535379.8330805,535,1.196146011352539,836.0183376519833,0.48878467956362337,0.0008018706443783757,1.0911042485381552e-05,0.05314199413318291,0.0017453317487078485,0.09894371032714844,1.0,6.686108348269714e-06,6.686108348269714e-06,9.028478224302325e-05
1772535379.8460224,536,1.3544559478759766,738.303819750044,0.48976609653920167,0.0010933699559800036,1.091095224250232e-05,0.05314199413318291,0.0,0.09894371032714844,1.0,8.36531623534239e-06,8.36531623534239e-06,7.93156788887428e-05
1772535379.857644,537,0.9307861328125,1074.360655737705,0.4878253764543701,0.002177477951190657,1.0910871300183487e-05,0.05314199413318291,0.001745329668113249,0.09894371032714844,1.0,9.17937799021746e-06,9.179377990218889e-06,0.000270395892504577
1772535379.8703268,538,1.0304450988769531,970.4544192503471,0.4882315227291677,0.00045786547383024447,1.0911197287895159e-05,0.05314199413318291,0.001745329668113249,0.09894371032714844,1.0,5.382049419553406e-06,5.382049419553406e-06,9.760898662416875e-05
1772535379.88333,539,1.3275146484375,753.2873563218391,0.4889811541592996,0.0008385523669843315,1.0911092915224903e-05,0.05314199413318291,0.001745329668113249,0.09894371032714844,1.0,6.835071497462891e-06,6.83507149746303e-06,0.0006749500264115357
1772535379.8964546,540,1.4481544494628906,690.5340796838985,0.49065714367611735,0.0018675195140740641,1.0910435971169683e-05,0.05314199413318291,0.0017453317487078485,0.09894371032714844,1.0,2.3781562178543892e-05,2.3781562178542953e-05,0.0002001958559666149
1772535379.907655,541,0.9336471557617188,1071.0684371807968,0.4874839394885933,0.003559074763550765,1.0910576713683428e-05,0.05314199413318291,0.0,0.09894371032714844,1.0,1.8228984245865107e-05,1.8228984245865107e-05,0.00017895670706695249
1772535379.9200594,542,0.9722709655761719,1028.5198626777833,0.4871534732931894,0.00036483112342781666,1.0910707299735152e-05,0.05314199413318291,0.0017453275875186497,0.09894371032714844,1.0,1.673968685433925e-05,1.673968685433925e-05,0.001763803297836797
1772535379.9329891,543,1.1587142944335938,863.0255144032922,0.48819009124135515,0.0011676702463965132,1.0908330028453e-05,0.05314199413318291,0.0017453317487078485,0.09894371032714844,1.0,1.3738697647935791e-05,1.3738697647935791e-05,0.00022010288886384422
1772535379.9462752,544,1.3806819915771484,724.2797444310137,0.4902452889052585,0.0022966693580632985,1.0908499937121858e-05,0.05314199413318291,0.001745329668113249,0.09894371032714844,1.0,1.0858506749426777e-05,1.0858506749426777e-05,0.00022425997966032146
1772535379.9572382,545,0.5862712860107422,1705.694997966653,0.48713361655159737,0.0034887928239264606,1.0909053262735551e-05,0.05314199413318291,0.001745329668113249,0.09894371032714844,1.0,1.1269298751677592e-05,1.1269298751678837e-05,0.00020682692036690857
1772535379.9695237,546,0.5207061767578125,1920.4688644688645,0.4868204672201066,0.00034481851199322,1.0909153447232363e-05,0.05314199413318291,0.0017453317487078485,0.09894371032714844,1.0,8.688301813211071e-06,8.688301813212083e-06,0.00033709200906183667
1772535379.9829814,547,1.1870861053466797,842.3988752761599,0.4882220564000035,0.0015777197454379982,1.0909809312749797e-05,0.05314199413318291,0.0017453317487078485,0.09894371032714844,1.0,1.4338202902970595e-05,1.4338202902977622e-05,0.0002148145497265033
1772535379.99632,548,1.4333724975585938,697.6553559547572,0.49039619551066904,0.002428769763591739,1.0909835638397976e-05,0.05314199413318291,0.0017453317487078485,0.09894371032714844,1.0,1.0512344291283429e-05,1.0512344291285096e-05,0.0001605777516759523
1772535380.0076222,549,0.9272098541259766,1078.5044998714322,0.48747364801043486,0.00327825242072478,1.09100259064316e-05,0.05314199413318291,0.001745329668113249,0.09894371032714844,1.0,8.51104174720697e-06,8.51104174720697e-06,0.0003136842885455539
1772535380.0200343,550,0.9264945983886719,1079.3371075656203,0.48731810378342144,0.00017080138513629912,1.091059584153923e-05,0.05314199413318291,0.001745329668113249,0.09894371032714844,1.0,1.5062791208548713e-05,1.5062791208548713e-05,0.00014654103646871006
1772535380.0330749,551,1.1796951293945312,847.6766370250606,0.48861698952246224,0.0014588384463057316,1.0910709741347959e-05,0.05314199413318291,0.0,0.09894371032714844,1.0,1.4301951903619826e-05,1.4301951903619485e-05,0.00013138779095814214
1772535380.0462754,552,1.4090538024902344,709.6961082910321,0.4901266290465617,0.0016841956322693628,1.0910812967774233e-05,0.05314199413318291,0.0017453317487078485,0.09894371032714844,1.0,1.3430667569739078e-05,1.3430667569735997e-05,0.00021452886555802536
1772535380.057637,553,0.9105205535888672,1098.2728462948417,0.4875287781386543,0.0029138706011710654,1.091073943712198e-05,0.05314199413318291,0.0017453317487078485,0.09894371032714844,1.0,8.41256493980013e-06,8.41256493980013e-06,0.00011316530543337288
1772535380.0700057,554,0.9403228759765625,1063.4645030425963,0.4871508278727694,0.00041827982503736034,1.0910838207952233e-05,0.05314199413318291,0.0017453317487078485,0.09894371032714844,1.0,8.69869382887449e-06,8.69869382887449e-06,0.00019125665529623877
1772535380.082927,555,1.1343955993652344,881.5266918873476,0.4881739290870437,0.0011521226800683085,1.091076239552632e-05,0.05314199413318291,0.0,0.09894371032714844,1.0,5.778481615516869e-06,5.7784816155095e-06,0.00017066418777070863
1772535380.0950487,556,0.9341239929199219,1070.5216947422155,0.4875028898736516,0.0007494361534767642,1.0910694524652755e-05,0.05314199413318291,0.0017453317487078485,0.09894371032714844,1.0,3.491905549303906e-06,3.491905549303906e-06,0.0003400718213844698
1772535380.107584,557,0.9326934814453125,1072.1635991820042,0.4877717078910129,0.0003066111733230589,1.0911198643887083e-05,0.05314199413318291,0.001745329668113249,0.09894371032714844,1.0,8.978406013253193e-06,8.978406013253193e-06,0.0001063285056272367
1772535380.1201227,558,1.0156631469726562,984.5784037558685,0.4877477001006767,2.8965295289263183e-05,1.0911253059168809e-05,0.05314199413318291,0.0,0.09894371032714844,1.0,8.813219095828279e-06,8.813219095828279e-06,9.474503023419864e-05
1772535380.1330564,559,1.1627674102783203,860.0172237030962,0.48881891055398746,0.0012005567521228167,1.0911301817479223e-05,0.05314199413318291,0.0017453317487078485,0.09894371032714844,1.0,9.133088592476656e-06,9.133088592471631e-06,0.000215129643982583
1772535380.1463118,560,1.422882080078125,702.798927613941,0.4905267357861073,0.0019035122119538958,1.0911578381466875e-05,0.05314199413318291,0.0,0.09894371032714844,1.0,1.1678195095694668e-05,1.1678195095694668e-05,0.00019073671064068936
1772535380.1575828,561,0.9355545043945312,1068.8848114169216,0.48753441369189743,0.0033570891357483815,1.091182807884849e-05,0.05314199413318291,0.0,0.09894371032714844,1.0,1.2913471635741348e-05,1.2913471635739608e-05,0.0001682072017634768
1772535380.170055,562,0.8692741394042969,1150.3850795392211,0.48784031994787314,0.00034812066791146804,1.091204769547081e-05,0.05314199413318291,0.001745329668113249,0.09894371032714844,1.0,1.644571990790656e-05,1.6445719907919694e-05,0.0002273679029093503
1772535380.1826441,563,0.7524490356445312,1328.9936628643852,0.4884991951806366,0.0007397097031587072,1.0911848980971375e-05,0.05314199413318291,0.0,0.09894371032714844,1.0,1.1929621071208977e-05,1.1929621071194751e-05,0.00020286767277691143
1772535380.1962628,564,1.4154911041259766,706.4685868283646,0.4902526227799964,0.0019571929922924457,1.0911669526491698e-05,0.05314199413318291,0.001745329668113249,0.09894371032714844,1.0,8.123862327628214e-06,8.123862327628214e-06,0.00017952733571788602
1772535380.2076032,565,0.9319782257080078,1072.9864415451523,0.4874995067171824,0.0030880733766052047,1.0911907064902494e-05,0.05314199413318291,0.001745329668113249,0.09894371032714844,1.0,1.0384855496596568e-05,1.0384855496594288e-05,0.0001970447814861847
1772535380.2203474,566,1.0769367218017578,928.5596634934691,0.4880157810399988,0.0005835193448598171,1.091171903351158e-05,0.05314199413318291,0.0,0.09894371032714844,1.0,7.319163774748673e-06,7.319163774748793e-06,0.000175355834891385
1772535380.2325134,567,0.7836818695068359,1276.0279890477639,0.48784319389562303,0.00019109607505725485,1.0911551265124919e-05,0.05314199413318291,0.0017453317487078485,0.09894371032714844,1.0,4.362826152412112e-06,4.362826152412112e-06,0.0003285668418059582
1772535380.245803,568,0.9870529174804688,1013.1169082125604,0.4899469742016576,0.002353567845856813,1.0911965309499726e-05,0.05314199413318291,0.0017453317487078485,0.09894371032714844,1.0,1.0548367400107697e-05,1.0548367400091793e-05,0.00019409150746230714
1772535380.2572103,569,0.5521774291992188,1811.0120898100172,0.4873410148390341,0.00292212955340259,1.0911772477395538e-05,0.05314199413318291,0.0,0.09894371032714844,1.0,5.9981990874949554e-06,5.9981990874949554e-06,0.0001721085089384498
1772535380.2697086,570,0.6401538848876953,1562.1243947858472,0.4872859247474929,6.41930851738346e-05,1.091159734615653e-05,0.05314199413318291,0.0,0.09894371032714844,1.0,3.890558271676786e-06,3.890558271676786e-06,0.00015270868986996095
1772535380.2825027,571,0.7817745208740234,1279.1412015858493,0.4879675814872739,0.0007695349612575455,1.091144070867653e-05,0.05314199413318291,0.001745329668113249,0.09894371032714844,1.0,3.817722946173051e-06,3.817722946173161e-06,0.000210568092860672
1772535380.295673,572,0.9360313415527344,1068.3402954661233,0.4898275217568094,0.002080088517686803,1.0911697452121662e-05,0.05314199413318291,0.0017453317487078485,0.09894371032714844,1.0,5.188493655230252e-06,5.188493655232408e-06,0.00015046949757121
1772535380.307159,573,0.5152225494384766,1940.9088385006942,0.48744877971739536,0.0026677428063243518,1.0911696778888274e-05,0.05314199413318291,0.0,0.09894371032714844,1.0,4.040172340612736e-06,4.040172340612736e-06,0.00013442155297255324
1772535380.32012,574,0.7975101470947266,1253.9025411061286,0.48838309384122097,0.0010505743560889145,1.0911695027177971e-05,0.05314199413318291,0.0,0.09894371032714844,1.0,4.303501134223937e-06,4.303501134223937e-06,0.00012014267700196911
1772535380.332603,575,0.720977783203125,1387.005291005291,0.48844168181316705,6.519912570125142e-05,1.0911694186688553e-05,0.05314199413318291,0.0017453317487078485,0.09894371032714844,1.0,4.659487458887592e-06,4.659487458887592e-06,0.0002096580801783985
1772535380.345745,576,0.9207725524902344,1086.0445365095804,0.489906382427445,0.0016354045884852022,1.091192534922274e-05,0.05314199413318291,0.0017453317487078485,0.09894371032714844,1.0,6.926580709245516e-06,6.9265807092435695e-06,0.00012277194136177483
1772535380.3572254,577,0.5390644073486328,1855.0659000442283,0.4874725211411577,0.0027294875623617098,1.0911901250659242e-05,0.05314199413318291,0.0017453317487078485,0.09894371032714844,1.0,6.063303318084117e-06,6.0633033180839295e-06,0.00019526385188773745
1772535380.370201,578,0.5741119384765625,1741.8205980066446,0.4891154499248516,0.0018422461175973295,1.0912109715716723e-05,0.05314199413318291,0.001745329668113249,0.09894371032714844,1.0,9.355794363036564e-06,9.355794363036564e-06,0.000194564040249896
1772535380.3824985,579,0.7376670837402344,1355.6250808015513,0.487812102682135,0.0014612981423326968,1.091190033115913e-05,0.05314199413318291,0.001745329668113249,0.09894371032714844,1.0,5.379359509261631e-06,5.37935950924326e-06,0.0001878875871445796
1772535380.3955414,580,0.9632110595703125,1038.1940594059406,0.4891172184102895,0.0014622555075981642,1.091210846287401e-05,0.05314199413318291,0.001745329668113249,0.09894371032714844,1.0,8.76367672724486e-06,8.76367672724702e-06,0.0001899011833001929
1772535380.4072132,581,0.5598068237304688,1786.3304940374787,0.48735202393459426,0.00197771538372855,1.0911898038411205e-05,0.05314199413318291,0.0017453317487078485,0.09894371032714844,1.0,4.955056127912394e-06,4.955056127912394e-06,0.0003151451228338716
1772535380.4196231,582,0.5619525909423828,1779.5095460330929,0.48717365328503,0.00019588228235046693,1.0912272673338576e-05,0.05314199413318291,0.0017453317487078485,0.09894371032714844,1.0,1.0595997510215576e-05,1.059599751021534e-05,0.00015625914026053876
1772535380.4324772,583,0.7243156433105469,1380.6135615536537,0.48800719896199724,0.0009400887859345495,1.0912441952822547e-05,0.05314199413318291,0.001745329668113249,0.09894371032714844,1.0,1.356312386678416e-05,1.356312386678416e-05,0.00021964755931533204
1772535380.4457161,584,0.9181499481201172,1089.146715138925,0.48999408293398045,0.0022214599739119583,1.091219636846719e-05,0.05314199413318291,0.0017453317487078485,0.09894371032714844,1.0,9.381913098447305e-06,9.381913098447305e-06,0.00014985768238717214
1772535380.457179,585,0.5195140838623047,1924.8756310234053,0.4874419949435897,0.0028623672681894015,1.0912140868227129e-05,0.05314199413318291,0.001745329668113249,0.09894371032714844,1.0,7.22152699734028e-06,7.22152699734028e-06,0.00029088984055053614
1772535380.4696388,586,0.5633831024169922,1774.9911129919594,0.48735278604528465,9.844151211359522e-05,1.0912487936644664e-05,0.05314199413318291,0.001745329668113249,0.09894371032714844,1.0,1.3111667937124325e-05,1.3111667937124325e-05,0.00014307428858639768
1772535380.4825687,587,0.7116794586181641,1405.1269681742044,0.4885331878551964,0.0013260153604016122,1.0912401016407936e-05,0.05314199413318291,0.0017453317487078485,0.09894371032714844,1.0,1.1839483373144613e-05,1.1839483373159902e-05,0.00016166806061669944
1772535380.4957135,588,0.9000301361083984,1111.0739072847682,0.4901011596831031,0.0017497843579648094,1.0912555046944771e-05,0.05314199413318291,0.0017453317487078485,0.09894371032714844,1.0,1.4294916240934703e-05,1.4294916240934703e-05,0.0001465618358016956
1772535380.5071769,589,0.5376338958740234,1860.0017738359202,0.4874373645634865,0.0029877102624982672,1.091246049678579e-05,0.05314199413318291,0.001745329668113249,0.09894371032714844,1.0,1.1232401545992546e-05,1.1232401545990267e-05,0.0002560078821773269
1772535380.519974,590,0.5240440368652344,1908.2365787079164,0.48856293581571214,0.0012644577690508357,1.0912771691725015e-05,0.05314199413318291,0.0017453317487078485,0.09894371032714844,1.0,1.7388287444623043e-05,1.7388287444621057e-05,0.00025852849334404184
1772535380.532566,591,0.7188320159912109,1391.1456053067993,0.48825811012824927,0.000342056425594,1.0912487441054393e-05,0.05314199413318291,0.0,0.09894371032714844,1.0,1.1700341257415785e-05,1.1700341257415785e-05,0.00023032231857444456
1772535380.5453837,592,0.8218288421630859,1216.7983753988976,0.48914017403126986,0.0009862147812906737,1.0912229924461152e-05,0.05314199413318291,0.0,0.09894371032714844,1.0,7.569938752722709e-06,7.56993875272275e-06,0.0002050818046921646
1772535380.5570066,593,0.4894733428955078,2043.01217730151,0.4870158930318421,0.0023796573241995447,1.0911997957973411e-05,0.05314199413318291,0.0,0.09894371032714844,1.0,4.06555470361634e-06,4.06555470361634e-06,0.00018177423417969928
1772535380.5694897,594,0.518798828125,1927.5294117647059,0.48704522385824456,5.8834254370558254e-05,1.0911789212150948e-05,0.05314199413318291,0.0017453317487078485,0.09894371032714844,1.0,3.895302531624256e-06,3.895302531624256e-06,0.00012186706417480365
1772535380.5824583,595,0.6823539733886719,1465.5150244584206,0.48842088115933463,0.0015465161592183466,1.0911767374056454e-05,0.05314199413318291,0.0017453317487078485,0.09894371032714844,1.0,4.7324631132833015e-06,4.732463113282699e-06,0.0001633755099964004
1772535380.5945938,596,0.5779266357421875,1730.3234323432343,0.4875513127980234,0.0009731177197693653,1.0911581968514066e-05,0.05314199413318291,0.0,0.09894371032714844,1.0,6.301171533211794e-06,6.301171533210336e-06,0.00014449573043441436
1772535380.6072588,597,0.5962848663330078,1677.0507796881247,0.4881030221696115,0.0006216718584690332,1.0911415985601533e-05,0.05314199413318291,0.001745329668113249,0.09894371032714844,1.0,8.802101303151443e-06,8.802101303148185e-06,0.00023245782233475158
1772535380.6201854,598,0.8039474487304688,1243.8623962040333,0.4889747816504126,0.00097508690888004,1.0911664406388869e-05,0.05314199413318291,0.0,0.09894371032714844,1.0,4.696112236167372e-06,4.696112236167372e-06,0.0002064885095847592
1772535380.6325583,599,0.7016658782958984,1425.1797485558955,0.4887573337926114,0.0002484308183247648,1.0911888650618155e-05,0.05314199413318291,0.0017453317487078485,0.09894371032714844,1.0,3.4110127554273318e-06,3.4110127554273318e-06,0.00014093899235851924
1772535380.6457396,600,0.9310245513916016,1074.0855313700383,0.4903786045468406,0.0018075845366332614,1.0911857986059223e-05,0.05314199413318291,0.0017453317487078485,0.09894371032714844,1.0,3.29921009980009e-06,3.299210099780685e-06,0.00016691671090145028
1772535380.657105,601,0.5283355712890625,1892.7364620938629,0.48743078931956935,0.0033065747056081293,1.0911664054158584e-05,0.05314199413318291,0.0,0.09894371032714844,1.0,4.179830874691033e-06,4.179830874691033e-06,0.00014734691876978605
1772535380.6698337,602,0.5490779876708984,1821.234910985671,0.48817329288000694,0.0008365363323390418,1.0911490824315703e-05,0.05314199413318291,0.0017453317487078485,0.09894371032714844,1.0,6.997373894164747e-06,6.997373894167367e-06,0.00013260944882821472
1772535380.6827285,603,0.7722377777099609,1294.9379438098179,0.48893335086856715,0.0008504451044845072,1.0911500616416142e-05,0.05314199413318291,0.001745329668113249,0.09894371032714844,1.0,6.939656414027218e-06,6.939656414027218e-06,0.00034982522515951176
1772535380.6957161,604,0.9136199951171875,1094.5469728601252,0.4900658255134553,0.0012612130259615066,1.0911910153929887e-05,0.05314199413318291,0.0017453317487078485,0.09894371032714844,1.0,3.796062386246734e-06,3.7960623862256637e-06,0.0001749103631422194
1772535380.7072034,605,0.6098747253417969,1639.6810007818608,0.48723945552020903,0.0031690021797489893,1.0911712172012576e-05,0.05314199413318291,0.0017453317487078485,0.09894371032714844,1.0,3.5870512328771933e-06,3.5870512328750067e-06,0.00011653074575746359
1772535380.7201853,606,1.1172294616699219,895.0712761416987,0.4875212962374781,0.00032451957879013973,1.091170055442569e-05,0.05314199413318291,0.0,0.09894371032714844,1.0,4.583707003674912e-06,4.583707003674912e-06,0.00010394060412164805
1772535380.733081,607,1.2178421020507812,821.1245105716523,0.48870213688216896,0.001325520114262252,1.0911690249487905e-05,0.05314199413318291,0.0017453317487078485,0.09894371032714844,1.0,5.560641221685465e-06,5.560641221690077e-06,0.00022295033070723376
1772535380.7462294,608,1.4495849609375,689.8526315789474,0.49021224859548973,0.0016842916683633186,1.0911913386701867e-05,0.05314199413318291,0.0017453317487078485,0.09894371032714844,1.0,4.016799561578377e-06,4.016799561582509e-06,0.0003090058654326685
1772535380.7577372,609,1.0423660278320312,959.355901189387,0.4877464222062279,0.0027664948955135505,1.091228325709464e-05,0.05314199413318291,0.0017453317487078485,0.09894371032714844,1.0,8.324744783232471e-06,8.324744783232383e-06,0.00017323105335473362
1772535380.7703047,610,1.1951923370361328,836.6854179134251,0.48764865223739706,0.00010718462299663443,1.0912444983915997e-05,0.05314199413318291,0.0017453317487078485,0.09894371032714844,1.0,1.1085605518264312e-05,1.1085605518264312e-05,0.0001366440460460922
1772535380.782948,611,1.146078109741211,872.5408778864156,0.48832428266486605,0.0007603249772430894,1.091235875829122e-05,0.05314199413318291,0.0017453317487078485,0.09894371032714844,1.0,9.778555035632643e-06,9.778555035632643e-06,0.0002195050984104473
1772535380.7962472,612,1.4996528625488281,666.8209856915739,0.4900488177403146,0.001926577252727229,1.0912114969679415e-05,0.05314199413318291,0.0017453317487078485,0.09894371032714844,1.0,5.800059143249639e-06,5.800059143266625e-06,0.00011627784320173117
1772535380.8078952,613,1.0249614715576172,975.6464294021865,0.488222608555097,0.002050684942702665,1.0912061203714356e-05,0.05314199413318291,0.0017453317487078485,0.09894371032714844,1.0,5.14113453635966e-06,5.14113453635966e-06,0.00019218120082006596
1772535380.820575,614,1.2269020080566406,815.0610182666148,0.4882347267452872,1.6420014549360372e-05,1.0912244040081242e-05,0.05314199413318291,0.0017453317487078485,0.09894371032714844,1.0,7.3119200957497995e-06,7.3119200957497995e-06,0.00012291048108199838
1772535380.8330874,615,1.1632442474365234,859.6646853863497,0.48849171099425576,0.00028851699862200356,1.0912176281143943e-05,0.05314199413318291,0.0017453317487078485,0.09894371032714844,1.0,6.585095519947301e-06,6.585095519947301e-06,0.00020471551899755707
1772535380.8460193,616,1.4111995697021484,708.6169961142085,0.48927920279266224,0.0008794085731603992,1.0911949087099052e-05,0.05314199413318291,0.0017453317487078485,0.09894371032714844,1.0,3.771480157741345e-06,3.771480157741345e-06,0.000303738182085253
1772535380.8577602,617,1.0378360748291016,963.5433034688721,0.487591768582267,0.0018912157423500863,1.0912311140684635e-05,0.05314199413318291,0.0017453317487078485,0.09894371032714844,1.0,8.036921336523463e-06,8.036921336521821e-06,0.0002165640925429319
1772535380.8704672,618,1.1487007141113281,870.5487754254877,0.4880230996382407,0.0004883264433933381,1.0912069411541347e-05,0.05314199413318291,0.0017453317487078485,0.09894371032714844,1.0,4.5931304077021835e-06,4.5931304077021835e-06,0.00011260862159345949
1772535380.8833969,619,1.3058185577392578,765.8031769216725,0.4890518418316689,0.0011521246545984295,1.0912018125835048e-05,0.05314199413318291,0.0017453317487078485,0.09894371032714844,1.0,4.795455141935622e-06,4.7954551419359755e-06,0.0001921767307312207
1772535380.896739,620,1.6226768493652344,616.2656479576845,0.49080796987462805,0.001956618090050116,1.0911805773827537e-05,0.05314199413318291,0.0,0.09894371032714844,1.0,4.173974381563239e-06,4.173974381559901e-06,0.00017076009102846317
1772535380.9075966,621,0.9334087371826172,1071.342017879949,0.48698303094250217,0.004288296468809117,1.091161403517554e-05,0.05314199413318291,0.0017453317487078485,0.09894371032714844,1.0,5.346042074514185e-06,5.346042074514185e-06,0.00010629120433852223
1772535380.9202948,622,1.0554790496826172,947.4370905805285,0.48743746333792676,0.0005199556984867324,1.0911609311750438e-05,0.05314199413318291,0.0,0.09894371032714844,1.0,6.432627605378876e-06,6.432627605378876e-06,9.476168555079956e-05
1772535380.933077,623,1.1911392211914062,839.5324259407525,0.4881508265228866,0.0008044830826253798,1.0911604706414084e-05,0.05314199413318291,0.0017453317487078485,0.09894371032714844,1.0,7.101606974623112e-06,7.10160697462688e-06,0.00015985577616544009
1772535380.9459374,624,1.2462139129638672,802.4304572412474,0.48921977612942663,0.0011960413383357525,1.0911435120025718e-05,0.05314199413318291,0.0,0.09894371032714844,1.0,9.076005253805795e-06,9.076005253803698e-06,0.00014170240353067232
1772535380.957749,625,1.0647773742675781,939.1634572324227,0.4873565845999094,0.002087655286861193,1.0911282581308582e-05,0.05314199413318291,0.0017453317487078485,0.09894371032714844,1.0,1.0370897470687697e-05,1.0370897470687697e-05,0.0003662489118582354
1772535380.9706023,626,0.9622573852539062,1039.222993062438,0.4888667296116488,0.0016950086540122877,1.0911712212018314e-05,0.05314199413318291,0.0,0.09894371032714844,1.0,4.62569237043933e-06,4.62569237043933e-06,0.0003250794684053617
1772535380.9840016,627,1.3039112091064453,766.9233863594807,0.490769116405369,0.0021210200083843726,1.091209932396458e-05,0.05314199413318291,0.001745329668113249,0.09894371032714844,1.0,6.147588568500942e-06,6.147588568501057e-06,0.00010101814747290711
1772535380.9967792,628,1.596212387084961,626.4830470500374,0.49049206483483926,0.00033152389053397785,1.0912047483569217e-05,0.05314199413318291,0.0,0.09894371032714844,1.0,5.8409704111247374e-06,5.8409704111349256e-06,8.982798695169854e-05
1772535381.0087688,629,1.3127326965332031,761.7697057755177,0.48910332552401387,0.0015636403395417973,1.0912000109019793e-05,0.05314199413318291,0.001745329668113249,0.09894371032714844,1.0,5.96404715955271e-06,5.96404715955271e-06,0.0002950633695202841
1772535381.021611,630,1.581430435180664,632.3389115030906,0.4894137227475249,0.00034399315335648296,1.091235788576036e-05,0.05314199413318291,0.0,0.10323524475097656,1.0,1.0378184294584125e-05,1.0378184294584125e-05,0.00026042253528628693
1772535381.0335112,631,1.3706684112548828,729.5710558357976,0.4878953747332221,0.001701609881827617,1.0912679828754453e-05,0.05314199413318291,0.001745329668113249,0.10323524475097656,1.0,1.463420602147931e-05,1.463420602147931e-05,0.00012196196849975909
1772535381.0463123,632,1.4345645904541016,697.0756190792754,0.4887624550953584,0.0009739475798422035,1.0912566544246812e-05,0.05314199413318291,0.0017453317487078485,0.10323524475097656,1.0,1.363733760060556e-05,1.3637337600616828e-05,0.0002545274223830545
1772535381.0628319,633,1.6052722930908203,622.9472746175553,0.5009512473758719,0.013556706780109761,1.091229917462329e-05,0.05314199413318291,0.001745329668113249,0.10323524475097656,1.0,1.1430055841833618e-05,1.1430055841833618e-05,0.00019444536859771348
1772535381.0746977,634,1.6841888427734375,593.757644394111,0.4966879695775579,0.004819421577979374,1.0912464723641727e-05,0.05314199413318291,0.001745329668113249,0.10323524475097656,1.0,9.843185592217207e-06,9.843185592217207e-06,0.00023717590376820237
1772535381.0891004,635,3.974437713623047,251.60791841631675,0.4940382333504709,0.0030015230302236208,1.0912200312793188e-05,0.05314199413318291,0.0,0.10347366333007812,1.0,5.679228437966805e-06,5.679228437966805e-06,0.00021035434769859043
1772535381.0961523,636,1.4722347259521484,679.2395141700405,0.48357065352350237,0.011723409525084907,1.0911964540110879e-05,0.05314199413318291,0.0,0.10347366333007812,1.0,2.1533294166406146e-06,2.1533294166409077e-06,0.00018507165131008248
1772535381.1085622,637,1.2040138244628906,830.5552475247525,0.48451843281214163,0.001115553078993989,1.0911756314672048e-05,0.05314199413318291,0.0,0.10347366333007812,1.0,3.7553803940500223e-06,3.755380394046802e-06,0.00016416374738647256
1772535381.1217408,638,1.604318618774414,623.3175806211918,0.48591642970122806,0.001602851995446078,1.0911569512756473e-05,0.05314199413318291,0.0,0.10347366333007812,1.0,6.526992956453424e-06,6.526992956453313e-06,0.00014532625320501515
1772535381.1331944,639,0.934600830078125,1069.9755102040817,0.4847043616078311,0.001342493894475942,1.0911401209601123e-05,0.05314199413318291,0.0017453317487078485,0.10347366333007812,1.0,8.660401421347855e-06,8.660401421347855e-06,0.00011938033648959325
1772535381.1462398,640,1.577138900756836,634.0595616024187,0.4851738503726172,0.0005690711731875712,1.0911416411813076e-05,0.05314199413318291,0.0017453317487078485,0.10347366333007812,1.0,8.746395112228092e-06,8.746395112220815e-06,0.00013444171751812741
1772535381.159328,641,1.6241073608398438,615.7228420434527,0.4872955783077151,0.00239973395701317,1.091126517955961e-05,0.05314199413318291,0.0017453317487078485,0.07367134094238281,1.0,1.1482528067837502e-05,1.1482528067837343e-05,0.00011633708063725103
1772535381.1711702,642,1.1801719665527344,847.3341414141414,0.48677156278951994,0.0005806325089742991,1.0911294006870457e-05,0.05314199413318291,0.001745329668113249,0.07367134094238281,1.0,1.0346690345520304e-05,1.0346690345519626e-05,0.0003642265491350408
1772535381.183562,643,1.3780593872070312,725.6581314878892,0.48577849696181147,0.0011028605703776154,1.091172049148024e-05,0.05314199413318291,0.0017453317487078485,0.07367134094238281,1.0,3.7064539364795005e-06,3.706453936482078e-06,0.00016507572200782954
1772535381.1966841,644,1.5716552734375,636.2718446601941,0.48770266434465537,0.002171172438039887,1.0911540612315843e-05,0.05314199413318291,0.0,0.07367134094238281,1.0,6.231252190115414e-06,6.231252190113147e-06,0.00014638592265119564
1772535381.2078195,645,1.0445117950439453,957.3850719013924,0.4846083959797503,0.003460434335605146,1.0911378094615806e-05,0.05314199413318291,0.0,0.07367134094238281,1.0,7.751412228138576e-06,7.751412228138405e-06,0.00012907904884663322
1772535381.2208672,646,1.1870861053466797,842.3988752761599,0.4865890290652679,0.002243902180630826,1.0911234708312989e-05,0.05314199413318291,0.0017453317487078485,0.08249282836914062,1.0,1.1015197358143976e-05,1.1015197358143976e-05,0.00011980077344804416
1772535381.2328346,647,1.0960102081298828,912.4002610398086,0.48531725540197845,0.0014156801844480485,1.0911269328223777e-05,0.05314199413318291,0.0017453317487078485,0.08249282836914062,1.0,9.642873620704963e-06,9.642873620704963e-06,0.00012245399690376935
1772535381.2468681,648,1.722574234008789,580.5265051903115,0.4890509728435596,0.00419442737319557,1.0911137603914375e-05,0.05314199413318291,0.0017453317487078485,0.08249282836914062,1.0,1.2944051163780334e-05,1.2944051163790178e-05,0.00011823943120464577
1772535381.257813,649,1.0797977447509766,926.099359682049,0.48569089441491814,0.003764924360000631,1.0911182646787439e-05,0.05314199413318291,0.0017453317487078485,0.08249282836914062,1.0,1.026190312289944e-05,1.0261903122909589e-05,0.00011787327163468739
1772535381.2705858,650,1.1098384857177734,901.0320085929109,0.48688128511024054,0.0013487768441526819,1.0911062090158542e-05,0.05314199413318291,0.0017453317487078485,0.08249282836914062,1.0,1.3129309582517268e-05,1.3129309582519473e-05,0.0001174111796135709
1772535381.2827797,651,1.0085105895996094,991.5612293144208,0.4864123569868472,0.0005195919806016067,1.0911117480090166e-05,0.05314199413318291,0.0,0.08249282836914062,1.0,1.1726577918750794e-05,1.1726577918750794e-05,0.00010515952333895179
1772535381.2967272,652,1.611471176147461,620.550969078266,0.48981692457830683,0.003815207588405389,1.091116897431706e-05,0.05314199413318291,0.0,0.08249282836914062,1.0,1.2073759895578153e-05,1.2073759895578153e-05,9.431641384751624e-05
1772535381.3082976,653,1.3077259063720703,764.6862351868733,0.4874256300216053,0.0026847362323295454,1.0911214647849761e-05,0.05314199413318291,0.0017453317487078485,0.08249282836914062,1.0,1.0080998136856855e-05,1.00809981368573e-05,0.0001340543527159048
1772535381.320333,654,1.0805130004882812,925.486319505737,0.48671269411302814,0.0007945771023917743,1.0911093038307001e-05,0.05314199413318291,0.0017453317487078485,0.08249282836914062,1.0,1.1791530729715126e-05,1.1791530729725134e-05,9.841652535431557e-05
1772535381.3337576,655,1.451253890991211,689.0593067192377,0.48893987777159625,0.0024979635212706176,1.0911149308496147e-05,0.05314199413318291,0.0017453317487078485,0.08249282836914062,1.0,1.1859732330080205e-05,1.1859732330080205e-05,0.001663237148450802
1772535381.3454876,656,1.1982917785644531,834.5212892956625,0.4870683206305159,0.0020989947929438224,1.0908541286355813e-05,0.05314199413318291,0.0017453317487078485,0.08249282836914062,1.0,1.7525032877264488e-05,1.7525032877264488e-05,0.0003224119530588089
1772535381.3577724,657,1.0323524475097656,968.6614318706697,0.4870611174405774,2.4099923433413666e-05,1.0909234406549906e-05,0.05314199413318291,0.0017453317487078485,0.08249282836914062,1.0,2.015415035640796e-05,2.0154150356407416e-05,0.000269323772718294
1772535381.3711536,658,1.2848377227783203,778.3084060122471,0.48935922515643204,0.0025741273535663245,1.090929371722505e-05,0.05314199413318291,0.0,0.08249282836914062,1.0,1.663462571963439e-05,1.663462571963439e-05,0.00024128444525754666
1772535381.3828819,659,1.0840892791748047,922.433252694084,0.48743282905071744,0.002162530547993267,1.0909347313480617e-05,0.05314199413318291,0.0,0.08249282836914062,1.0,1.171996934403428e-05,1.171996934403428e-05,0.00021505427020574678
1772535381.3970013,660,1.6927719116210938,590.7470422535212,0.4911898095265425,0.004199340062529225,1.0909397796857768e-05,0.05314199413318291,0.0,0.08249282836914062,1.0,1.0737409511206237e-05,1.0737409511206237e-05,0.00019233395060156365
1772535381.4079237,661,1.119375228881836,893.3554845580404,0.48718530516010333,0.004493871644728482,1.090944199018325e-05,0.05314199413318291,0.0,0.08249282836914062,1.0,7.959333093457223e-06,7.959333093478431e-06,0.0001706596510421929
1772535381.4210846,662,1.2285709381103516,813.9538133126334,0.48917806880861814,0.002233200046943635,1.0909487048834518e-05,0.05314199413318291,0.0017453317487078485,0.08249282836914062,1.0,9.285989981178059e-06,9.285989981175258e-06,0.00014914182778606898
1772535381.4337003,663,1.4317035675048828,698.46860949209,0.4889416244623477,0.00027386250986248474,1.0909692120003935e-05,0.05314199413318291,0.001745329668113249,0.08249282836914062,1.0,7.871290659805675e-06,7.871290659805675e-06,0.00035992961530696596
1772535381.4471214,664,1.8856525421142578,530.3203944872929,0.4906588837543392,0.0019125267658001441,1.0910279533725284e-05,0.05314199413318291,0.001745329668113249,0.08249282836914062,1.0,6.49495698557926e-06,6.494956985578963e-06,0.0001259912463602715
1772535381.4579632,665,1.1458396911621094,872.722430295464,0.48689225650362516,0.004224556187095461,1.0910408179988377e-05,0.05314199413318291,0.0,0.08249282836914062,1.0,5.061222170512991e-06,5.061222170515721e-06,0.00011247074694154154
1772535381.470825,666,0.9512901306152344,1051.2040100250626,0.4891058699020668,0.0024833746992778457,1.0910525126501218e-05,0.05314199413318291,0.0017453317487078485,0.08249282836914062,1.0,5.5231366919000664e-06,5.523136691900242e-06,0.00018582265395293896
1772535381.4840107,667,1.524209976196289,656.077584858439,0.4893804637822789,0.00030301650332342236,1.0910464470622901e-05,0.05314199413318291,0.0,0.08249282836914062,1.0,4.427717786945897e-06,4.427717786945897e-06,0.0001651897284463244
1772535381.4954634,668,1.2106895446777344,825.9755809373769,0.4866844266862033,0.003021174371276759,1.0910410742833982e-05,0.05314199413318291,0.0017453317487078485,0.08249282836914062,1.0,5.267378597243488e-06,5.267378597243488e-06,0.00010905707694160575
1772535381.5081084,669,1.3048648834228516,766.3628722821122,0.487304602645493,0.0007051278805881433,1.0910530353300116e-05,0.05314199413318291,0.0,0.08249282836914062,1.0,5.655956822261027e-06,5.655956822261027e-06,9.74851343511858e-05
1772535381.5215385,670,1.5342235565185547,651.7954933954934,0.4898176481928486,0.002814020805026584,1.0910637908119818e-05,0.05314199413318291,0.0017453317487078485,0.08249282836914062,1.0,6.14482172689959e-06,6.14482172689959e-06,0.00015668450593678206
1772535381.5345185,671,1.7099380493164062,584.8165086447295,0.49071325529208815,0.00099115436268239,1.0910568865070301e-05,0.05314199413318291,0.0017453317487078485,0.08249282836914062,1.0,7.622034722337842e-06,7.622034722337842e-06,9.7205069320298e-05
1772535381.547081,672,1.9207000732421875,520.643495531281,0.4899943078693762,0.0008209951084785657,1.0910674298046672e-05,0.05314199413318291,0.0017453317487078485,0.09369850158691406,1.0,7.2254412046584185e-06,7.225441204672892e-06,0.00014590037748832626
1772535381.5590146,673,1.567840576171875,637.8199513381995,0.48877055262346547,0.0013775499018208442,1.091060421729114e-05,0.05314199413318291,0.0,0.09369850158691406,1.0,8.754165430737978e-06,8.754165430737978e-06,0.0001292540276222863
1772535381.571895,674,1.6491413116455078,606.3761746421859,0.48967332056723106,0.0010064472795192998,1.091054266627557e-05,0.05314199413318291,0.0017453317487078485,0.09369850158691406,1.0,1.093686042917011e-05,1.0936860429167873e-05,0.00011052929280075777
1772535381.5835953,675,1.6579627990722656,603.1498418176589,0.48660904785590975,0.0034330222693935496,1.0910653481494503e-05,0.05314199413318291,0.0,0.09393692016601562,1.0,9.169648662410811e-06,9.169648662410811e-06,9.872230759232805e-05
1772535381.5962784,676,1.5218257904052734,657.1054363152123,0.4880112619000909,0.0015809218933274707,1.091075561811924e-05,0.05314199413318291,0.0017453317487078485,0.09393692016601562,1.0,9.56185936295907e-06,9.56185936295907e-06,0.0001331217682215546
1772535381.6088212,677,1.6427040100097656,608.7523947750362,0.4880447004125867,4.1478727954487934e-05,1.0910681044437934e-05,0.05314199413318291,0.0017453317487078485,0.09393692016601562,1.0,1.0752638691414933e-05,1.0752638691414933e-05,0.00010181910785460653
1772535381.6213615,678,1.5447139739990234,647.3690384318568,0.48835275993221594,0.00034660777381084897,1.09107810705785e-05,0.05314199413318291,0.0017453317487078485,0.09393692016601562,1.0,1.0051436129607713e-05,1.0051436129607478e-05,0.00012794033104403908
1772535381.6342783,679,1.6205310821533203,617.0816536707371,0.48944353638538934,0.0012187614468709752,1.0910706065839109e-05,0.05314199413318291,0.0017453317487078485,0.09393692016601562,1.0,1.1655472307841376e-05,1.1655472307841376e-05,0.0001048017635687231
1772535381.6466265,680,1.5985965728759766,625.5486950037285,0.488860815323767,0.0006582019424862097,1.0910805057273055e-05,0.05314199413318291,0.0017453317487078485,0.09393692016601562,1.0,1.0314870027666188e-05,1.0314870027654248e-05,0.0001239836029236599
1772535381.6592312,681,1.6756057739257812,596.7990893568583,0.4888725072545899,1.742982852056305e-05,1.09107296522811e-05,0.05314199413318291,0.0,0.09393692016601562,1.0,1.1719768792109703e-05,1.1719768792109703e-05,0.00010994214428358005
1772535381.6717172,682,1.588582992553711,629.4918205012757,0.4889084736623032,3.999066167253907e-05,1.0910662489163406e-05,0.05314199413318291,0.0017453317487078485,0.09393692016601562,1.0,1.2941635493109447e-05,1.294163549310898e-05,0.00011974937829218657
1772535381.6837862,683,1.7328262329101562,577.0919097413318,0.4870628520366163,0.0020661441906477986,1.0910768978201906e-05,0.05314199413318291,0.001745329668113249,0.09393692016601562,1.0,1.1055925961669772e-05,1.1055925961669552e-05,0.0003997373826169544
1772535381.6965747,684,1.706838607788086,585.8784746472971,0.4882393023613989,0.0013248321400240993,1.0911264946150639e-05,0.05314199413318291,0.0017453317487078485,0.09393692016601562,1.0,4.4603425153305364e-06,4.460342515340077e-06,0.0002540285546304633
1772535381.7086353,685,1.3346672058105469,749.2504465880671,0.48784117781296166,0.00044409437101501604,1.0911544096896094e-05,0.05314199413318291,0.001745329668113249,0.09393692016601562,1.0,3.1776197651793693e-06,3.177619765177146e-06,0.00015819343488953776
1772535381.7213166,686,1.1947154998779297,837.0193574136899,0.4887484967525775,0.0010176683912528949,1.0911397228247633e-05,0.05314199413318291,0.0,0.09393692016601562,1.0,2.3034783783776316e-06,2.3034783783771755e-06,0.00014049476938246856
1772535381.7336597,687,1.1670589447021484,856.8547497446374,0.48833975380426575,0.00045914852228449396,1.0911265096339755e-05,0.05314199413318291,0.0,0.09393692016601562,1.0,3.935481066979446e-06,3.935481066978478e-06,0.00012438144153498573
1772535381.7464552,688,1.3277530670166016,753.1520919375113,0.48903457100926645,0.0007767025662740232,1.0911146454395463e-05,0.05314199413318291,0.0017453317487078485,0.09393692016601562,1.0,6.176932676164689e-06,6.176932676166264e-06,0.00012126432143667301
1772535381.7591712,689,1.1799335479736328,847.5053546170943,0.48994919369094325,0.001017652305870463,1.0911205877634167e-05,0.05314199413318291,0.0017453317487078485,0.09393692016601562,1.0,5.47430508117648e-06,5.474305081186749e-06,0.00011963381505474398
1772535381.7712796,690,1.7294883728027344,578.2056796250345,0.48644373222101367,0.0039279432716886106,1.0911093503579394e-05,0.05314199413318291,0.0,0.09393692016601562,1.0,6.666129525192594e-06,6.666129525192594e-06,0.0001054790666291233
1772535381.7838776,691,1.317739486694336,758.8753392437127,0.4885429051596612,0.0023609052436039768,1.0910994240134538e-05,0.05314199413318291,0.0017453317487078485,0.09393692016601562,1.0,9.409477628765886e-06,9.409477628767511e-06,0.00012968201768765898
1772535381.7960415,692,1.2958049774169922,771.7210671573137,0.4875124618964821,0.0011528968024965528,1.0911069835176263e-05,0.05314199413318291,0.0017453317487078485,0.09393692016601562,1.0,7.628439278174556e-06,7.62843927817295e-06,0.00010491233778500659
1772535381.8084643,693,1.1134147644042969,898.1379014989293,0.48782415864593903,0.0003550396055510439,1.0910973454402262e-05,0.05314199413318291,0.0017453317487078485,0.09393692016601562,1.0,9.463324579387475e-06,9.463324579389142e-06,0.00012704655553435622
1772535381.822349,694,1.970529556274414,507.4777979431337,0.48955812904975654,0.001940805036617536,1.0911052627883733e-05,0.05314199413318291,0.0017453317487078485,0.09393692016601562,1.0,8.55830604534466e-06,8.55830604534466e-06,0.00010501255371378437
1772535381.8335247,695,1.0514259338378906,951.0893424036282,0.4879724862298758,0.0017794506511708903,1.0910958185230176e-05,0.05314199413318291,0.0,0.09393692016601562,1.0,9.352146647255279e-06,9.35214664725473e-06,9.267959843590872e-05
1772535381.8461318,696,1.1372566223144531,879.3090146750524,0.48815412149148213,0.00020602087871378965,1.0910874851846442e-05,0.05314199413318291,0.0017453317487078485,0.09393692016601562,1.0,1.1053213162727896e-05,1.1053213162727896e-05,0.00013563343129853754
1772535381.8586686,697,1.6460418701171875,607.5179606025492,0.48686664723854894,0.0014385999882729392,1.0910965763197641e-05,0.05314199413318291,0.0017453317487078485,0.09393692016601562,1.0,9.191575941347344e-06,9.191575941347344e-06,0.00028618373704345374
1772535381.8709831,698,1.5118122100830078,661.4578142248856,0.48691187380677176,7.579863735928122e-05,1.0911279685279286e-05,0.05314199413318291,0.0017453317487078485,0.09393692016601562,1.0,4.262119021536049e-06,4.262119021536049e-06,0.0003761002689474436
1772535381.8831637,699,1.4371871948242188,695.8035832780358,0.4861721739617762,0.000820695379009334,1.0911729304826616e-05,0.05314199413318291,0.0017453317487078485,0.09393692016601562,1.0,4.989996551161026e-06,4.989996551161026e-06,0.00021866037860114801
1772535381.895454,700,1.0738372802734375,931.2397868561279,0.48714586865307163,0.0011040585129644962,1.0911965622243485e-05,0.05314199413318291,0.0,0.09393692016601562,1.0,9.126372221713135e-06,9.126372221713135e-06,0.00019338641264542763
1772535381.9075148,701,0.9229183197021484,1083.5195040041333,0.48615390663929026,0.001104568568579066,1.0912178817404851e-05,0.05314199413318291,0.001745329668113249,0.09393692016601562,1.0,1.2219983475011733e-05,1.2219983475011733e-05,0.00018713243613893008
1772535381.9209394,702,1.3701915740966797,729.8249521489473,0.48838132855811667,0.0025041965431846606,1.0911971557561522e-05,0.05314199413318291,0.0,0.09393692016601562,1.0,9.378367186565557e-06,9.378367186563882e-06,0.00016690984447346896
1772535381.9334874,703,1.2164115905761719,822.0901607212858,0.4889698460928571,0.0006556027467057411,1.0911785660077446e-05,0.05314199413318291,0.001745329668113249,0.09393692016601562,1.0,6.1659809692158e-06,6.165980969229558e-06,0.0002013190261673088
1772535381.9455853,704,0.9307861328125,1074.360655737705,0.488406439687431,0.0006356844921080123,1.091201520516638e-05,0.05314199413318291,0.001745329668113249,0.09393692016601562,1.0,9.706591999124035e-06,9.706591999124035e-06,0.0001686438062564048
1772535381.9577029,705,0.8327960968017578,1200.7741196679071,0.4874938594347115,0.0010221457490154433,1.0911822177646146e-05,0.05314199413318291,0.0017453317487078485,0.09393692016601562,1.0,6.8031075972645e-06,6.8031075972645e-06,0.0016875502137633132
1772535381.9701128,706,0.6544589996337891,1527.9795992714025,0.48787892964252405,0.00043481180734215034,1.0909322697451743e-05,0.05314199413318291,0.0017453317487078485,0.09393692016601562,1.0,2.971809136998937e-05,2.971809136998937e-05,0.0002983285566821029
1772535381.982906,707,1.020193099975586,980.2065903248423,0.48780290036813934,8.384667275068644e-05,1.090937932245749e-05,0.05314199413318291,0.0017453317487078485,0.09393692016601562,1.0,2.373397147972064e-05,2.3733971479720133e-05,0.00022180640498267783
1772535381.9958305,708,1.3914108276367188,718.6949965729953,0.48819677702659553,0.0004421706805498373,1.0909596464318343e-05,0.05314199413318291,0.0017453317487078485,0.09393692016601562,1.0,2.086821196761962e-05,2.086821196761902e-05,0.0002544287315616123
1772535382.008216,709,1.2981891632080078,770.3037649219467,0.4882474564545088,5.627538556211796e-05,1.0909626616754309e-05,0.05314199413318291,0.0017453317487078485,0.09393692016601562,1.0,1.604233954804559e-05,1.604233954804559e-05,0.00030695219581313446
1772535382.021582,710,1.5864372253417969,630.3432521791403,0.4903440886790455,0.0023408284787219042,1.091022032723914e-05,0.05314199413318291,0.0017453317487078485,0.09393692016601562,1.0,2.0756471599996477e-05,2.0756471599996477e-05,0.00025361454390613475
1772535382.033804,711,1.4791488647460938,676.0644745325596,0.4895855201115146,0.0008633577540688105,1.0910188843594637e-05,0.05314199413318291,0.0,0.09393692016601562,1.0,1.4619069409161287e-05,1.4619069409159976e-05,0.00022620397116990246
1772535382.0468357,712,1.9116401672363281,523.1110002494388,0.4895976763596873,4.6598954547119194e-05,1.0910159964938848e-05,0.05314199413318291,0.0,0.09393692016601562,1.0,1.0679981723742212e-05,1.0679981723742212e-05,0.00020161042066324744
1772535382.0597796,713,2.034902572631836,491.4240187463386,0.49066987960921965,0.0011896390898192032,1.091013481231289e-05,0.05314199413318291,0.0,0.16260147094726562,1.0,7.648004425667164e-06,7.648004425661806e-06,0.00017955881041327706
1772535382.0723236,714,1.5411376953125,648.8712871287129,0.49155702093898446,0.0009783880708617455,1.0910112607109886e-05,0.05314199413318291,0.0017453317487078485,0.16260147094726562,1.0,5.7932042525533815e-06,5.7932042525533815e-06,0.00015757679252424207
1772535382.0846558,715,1.6758441925048828,596.7141840944657,0.49032526669667437,0.001396593434445842,1.0910260063825727e-05,0.05314199413318291,0.0,0.16260147094726562,1.0,4.0093107661270035e-06,4.0093107661270035e-06,0.0001411413746223978
1772535382.0965648,716,1.2803077697753906,781.0621973929236,0.48916345740234407,0.0013090978352604762,1.09103939611889e-05,0.05314199413318291,0.0017453317487078485,0.16260147094726562,1.0,2.9394477205757334e-06,2.9394477205757334e-06,0.00016010897121113068
1772535382.1099663,717,1.2459754943847656,802.584003061615,0.4918837883922949,0.003032322806390904,1.091034906870627e-05,0.05314199413318291,0.0,0.16260147094726562,1.0,4.202283600002867e-06,4.2022835999855574e-06,0.00014219514869427932
1772535382.1227083,718,1.6345977783203125,611.7712952158693,0.49102965824984784,0.000977460138834465,1.0910308092811065e-05,0.05314199413318291,0.0,0.16260147094726562,1.0,6.047711356618805e-06,6.047711356618527e-06,0.00012565248930900919
1772535382.1348832,719,1.8706321716308594,534.5786387968392,0.488969167641478,0.0023147549124869476,1.0910273445547115e-05,0.05314199413318291,0.0,0.16260147094726562,1.0,7.931402608406289e-06,7.931402608406289e-06,0.00011069578472833243
1772535382.1456199,720,1.3761520385742188,726.6638946638947,0.4844526761666561,0.005054737266524119,1.0910244479029849e-05,0.05314199413318291,0.0,0.16260147094726562,1.0,9.099647546468061e-06,9.099647546466003e-06,9.71762545246727e-05
1772535382.1596994,721,1.8224716186523438,548.705389848247,0.4890450517341752,0.0051674282935690544,1.0910221944891135e-05,0.05314199413318291,0.0,0.16260147094726562,1.0,1.3121141749834593e-05,1.3121141749834593e-05,8.543622725017205e-05
1772535382.1721551,722,2.0160675048828125,496.0151371807001,0.48814903785673225,0.0010036856491094663,1.0910197279785331e-05,0.05314199413318291,0.0017453317487078485,0.16260147094726562,1.0,1.3162512644415484e-05,1.3162512644413521e-05,0.00016095018139463145
1772535382.1838267,723,1.0814666748046875,924.6701940035273,0.4880245036958348,0.00013738872160081904,1.0910345437401416e-05,0.05314199413318291,0.0017453275875186497,0.16260147094726562,1.0,1.1658539842153751e-05,1.1658539842153751e-05,0.0017113960395200294
1772535382.1971285,724,1.62506103515625,615.3615023474179,0.4891603121308014,0.0012730292341333368,1.0907986527380455e-05,0.05314199413318291,0.0017453275875186497,0.16260147094726562,1.0,2.009412225752522e-05,2.0094122257525065e-05,0.00022104364255129413
1772535382.2101555,725,2.0003318786621094,499.9170441001192,0.48944643395654364,0.0003164379645363054,1.0908337980652664e-05,0.05314199413318291,0.0,0.16260147094726562,1.0,1.714544998293016e-05,1.714544998293016e-05,0.00019891860962039257
1772535382.2216406,726,1.7387866973876953,575.1136706430824,0.48661067410524383,0.003175295639829333,1.0908656066304034e-05,0.05314199413318291,0.0017453317487078485,0.16260147094726562,1.0,1.3754273273256304e-05,1.375427327325626e-05,0.00023573460171580907
1772535382.234243,727,1.7352104187011719,576.298983237153,0.4871979066821351,0.0006725436743313145,1.0908778826573528e-05,0.05314199413318291,0.0,0.16260147094726562,1.0,1.157602750215869e-05,1.157602750215869e-05,0.00021075375233025413
1772535382.2471201,728,1.7995834350585938,555.6841547429783,0.4884440999302202,0.0014022118325131437,1.0908890124028167e-05,0.05314199413318291,0.0,0.16260147094726562,1.0,9.523384460693369e-06,9.523384460693369e-06,0.00018826537991887293
1772535382.2601213,729,2.003908157348633,499.0248661511005,0.48985289602637455,0.0015737717675813688,1.0908991305973729e-05,0.05314199413318291,0.0,0.16260147094726562,1.0,8.5825902897148e-06,8.5825902897148e-06,0.00016793904126603023
1772535382.270683,730,0.8225440979003906,1215.7402898550724,0.48630173888042294,0.003978330549932213,1.0909083545718158e-05,0.05314199413318291,0.0,0.16260147094726562,1.0,7.752712629083925e-06,7.752712629103132e-06,0.0001490482977749684
1772535382.2829514,731,0.9806156158447266,1019.767566253343,0.4850621492411202,0.0013766084362245292,1.0909171491742839e-05,0.05314199413318291,0.0,0.16260147094726562,1.0,8.990782810492206e-06,8.990782810489948e-06,0.0001323140972919298
1772535382.2955143,732,0.9303092956542969,1074.9113275243465,0.4859379761048976,0.0010070637327113162,1.0909251498062017e-05,0.05314199413318291,0.0,0.16260147094726562,1.0,1.0668156627528293e-05,1.0668156627528293e-05,0.00011741147964269895
1772535382.3080294,733,0.8585453033447266,1164.7608997500695,0.486596060592898,0.0007546609036469566,1.090932382053816e-05,0.05314199413318291,0.0,0.16260147094726562,1.0,1.1942705624607976e-05,1.1942705624607976e-05,0.0001039650577050279
1772535382.320353,734,0.9288787841796875,1076.5667351129364,0.48622240949057344,0.0004121047794072118,1.0909390650284975e-05,0.05314199413318291,0.0017453317487078485,0.16260147094726562,1.0,1.2882196492945253e-05,1.2882196492945253e-05,0.001684357668125118
1772535382.3333116,735,0.8904933929443359,1122.9729585006694,0.4881305246751828,0.0021468175827419745,1.0907125391829355e-05,0.05314199413318291,0.0017453275875186497,0.16260147094726562,1.0,2.22384291533588e-05,2.223842915335878e-05,0.00025291581258721365
1772535382.3455784,736,0.9331703186035156,1071.615738375064,0.48723803580759484,0.0009986584476969602,1.0907561328432091e-05,0.05314199413318291,0.001745329668113249,0.16260147094726562,1.0,1.8018122586928567e-05,1.8018122586928567e-05,0.0003550405717968136
1772535382.3578544,737,0.9109973907470703,1097.6979848207275,0.4866929257892146,0.0006056556532448208,1.0908355932274395e-05,0.05314199413318291,0.0017453317487078485,0.16260147094726562,1.0,1.9632828554004423e-05,1.9632828554004592e-05,0.0002731370607991695
1772535382.3703806,738,1.0676383972167969,936.646717284502,0.48663704274010117,6.876478673621507e-05,1.0908507212084265e-05,0.05314199413318291,0.0,0.16260147094726562,1.0,1.5315014804697326e-05,1.531501480469687e-05,0.0002443506918970172
1772535382.3833826,739,1.0547637939453125,948.0795660036166,0.4885871715135357,0.0021892483173202807,1.0908644923185056e-05,0.05314199413318291,0.001745329668113249,0.16260147094726562,1.0,1.2212981349892876e-05,1.2212981349893005e-05,0.00022980507001395107
1772535382.3955886,740,1.1267662048339844,887.4955564959797,0.4874763746380323,0.001246085825558384,1.0909167856514536e-05,0.05314199413318291,0.001745329668113249,0.16260147094726562,1.0,1.2255360110914353e-05,1.2255360110914607e-05,0.00022481689477281687
1772535382.408054,741,1.1339187622070312,881.8973927670311,0.48753311685775896,6.7837852483316e-05,1.0909241778127712e-05,0.05314199413318291,0.0017453317487078485,0.16260147094726562,1.0,8.98271503844724e-06,8.982715038445518e-06,0.00018056244084293198
1772535382.420735,742,1.1935234069824219,837.8553735517379,0.4881558244869453,0.0006988435221973944,1.090947529124479e-05,0.05314199413318291,0.0017453317487078485,0.16260147094726562,1.0,7.210105808213562e-06,7.210105808213562e-06,0.00021378900284933975
1772535382.433008,743,1.1146068572998047,897.1773262032085,0.4877057843795062,0.0005045837838216945,1.0909918691323527e-05,0.05314199413318291,0.001745329668113249,0.16260147094726562,1.0,9.028144405343271e-06,9.028144405338543e-06,0.00020559460135717402
1772535382.4461386,744,1.2829303741455078,779.4655268537447,0.48941892180727586,0.001916006431349631,1.090992050376097e-05,0.05314199413318291,0.001745329668113249,0.16260147094726562,1.0,5.855496789152044e-06,5.8554967891531006e-06,0.00020082377604126083
1772535382.4571812,745,0.5352497100830078,1868.286859688196,0.48667058222850046,0.0030817605488117554,1.0910321535551067e-05,0.05314199413318291,0.0017453317487078485,0.16260147094726562,1.0,7.900409137516152e-06,7.90040913751563e-06,0.00031074285742918134
1772535382.469499,746,0.5290508270263672,1890.1775574583146,0.48644133988261273,0.0002513068007334578,1.0910848511468569e-05,0.05314199413318291,0.0017453317487078485,0.16260147094726562,1.0,1.3386379979822083e-05,1.3386379979832965e-05,0.00015144948093246858
1772535382.4825592,747,0.7634162902832031,1309.9013116801998,0.48789656980448387,0.0016378688872790196,1.0911155750553935e-05,0.05314199413318291,0.001745329668113249,0.16260147094726562,1.0,1.6466375276291828e-05,1.6466375276291828e-05,0.00023914029819346335
1772535382.4957318,748,0.9179115295410156,1089.4296103896104,0.48981356050819697,0.002141996158447996,1.0911035565316914e-05,0.05314199413318291,0.0017453317487078485,0.16260147094726562,1.0,1.1713767115048815e-05,1.1713767115048815e-05,0.00017138673988428087
1772535382.5070558,749,0.5173683166503906,1932.8589861751152,0.4869367065698669,0.003227388567596205,1.0911093052299301e-05,0.05314199413318291,0.001745329668113249,0.16260147094726562,1.0,8.562990258668978e-06,8.562990258668978e-06,0.0002858914606602114
1772535382.519906,750,0.48732757568359375,2052.0078277886496,0.488369239781704,0.0016088746230802295,1.0911542197000613e-05,0.05314199413318291,0.0017453317487078485,0.16260147094726562,1.0,1.5050453459946702e-05,1.5050453459958776e-05,0.0002387842026051954
1772535382.5325432,751,0.7121562957763672,1404.186139939739,0.48829858651103475,8.278183654475786e-05,1.0911382826168313e-05,0.05314199413318291,0.001745329668113249,0.16260147094726562,1.0,9.813703030643938e-06,9.813703030643938e-06,0.0001552158926681293
1772535382.5456743,752,0.8976459503173828,1114.0249667994688,0.48985591521460026,0.0017380501683165917,1.0911636552219616e-05,0.05314199413318291,0.0,0.16260147094726562,1.0,1.3153207376575148e-05,1.315320737657461e-05,0.00013668771320178084
1772535382.557184,753,0.5235671997070312,1909.9744990892532,0.4875419781601934,0.0025973260089182434,1.0911865959095161e-05,0.05314199413318291,0.001745329668113249,0.16260147094726562,1.0,1.4370020764605494e-05,1.4370020764605494e-05,0.00023816679602980557
1772535382.5695627,754,0.5242824554443359,1907.368804001819,0.48726656404469326,0.0003048411520412967,1.0911670794662495e-05,0.05314199413318291,0.0017453317487078485,0.16260147094726562,1.0,1.0454679859900514e-05,1.0454679859900514e-05,0.0002785770847279671
1772535382.5836532,755,1.1644363403320312,858.7846027846028,0.49090393293320495,0.004068423696260959,1.0912061481592922e-05,0.05314199413318291,0.0017453317487078485,0.16260147094726562,1.0,1.672559598963429e-05,1.6725595989634614e-05,0.00024430771339527604
1772535382.5963712,756,1.3968944549560547,715.873698583376,0.49063838903189466,0.0003265344700876162,1.091184865310661e-05,0.05314199413318291,0.001745329668113249,0.16260147094726562,1.0,1.0680564168740951e-05,1.0680564168740951e-05,0.0001382118577436805
1772535382.6077223,757,0.9729862213134766,1027.7637833864248,0.48771300668644313,0.0032833406090439082,1.0912054137456038e-05,0.05314199413318291,0.001745329668113249,0.16260147094726562,1.0,1.2373563943467106e-05,1.2373563943467106e-05,0.00023032770839899426
1772535382.6207688,758,1.0676383972167969,936.646717284502,0.4892634890230923,0.0017365377406461159,1.0911837987188833e-05,0.05314199413318291,0.0017453317487078485,0.16260147094726562,1.0,9.453354265552953e-06,9.453354265553439e-06,0.00028498865374077805
1772535382.6338542,759,1.5759468078613281,634.5391830559757,0.48981666365744797,0.0006128294502794576,1.0912212131445039e-05,0.05314199413318291,0.0017453317487078485,0.16260147094726562,1.0,1.3934000540984001e-05,1.3934000540984001e-05,0.00023756632874004382
1772535382.6463678,760,1.4083385467529297,710.0565430844761,0.4900217986781415,0.00022562631352295113,1.0911980614951415e-05,0.05314199413318291,0.0017453317487078485,0.16260147094726562,1.0,9.467727667470316e-06,9.467727667448565e-06,0.0001616009836712768
1772535382.6577334,761,1.0402202606201172,961.3348613339446,0.48702817795433795,0.003355746283646361,1.0911938138840132e-05,0.05314199413318291,0.0,0.16260147094726562,1.0,7.213149883950973e-06,7.213149883950973e-06,0.00014424990499106767
1772535382.671078,762,1.2269020080566406,815.0610182666148,0.4894839790630635,0.0027540783967370274,1.0911898985372748e-05,0.05314199413318291,0.0,0.16260147094726562,1.0,7.071975717477769e-06,7.071975717477769e-06,0.000129072071826613
1772535382.6836352,763,1.3384819030761719,747.1150694691842,0.48918791889795693,0.00033905445328621345,1.0911865208593187e-05,0.05314199413318291,0.0017453317487078485,0.16260147094726562,1.0,6.211426994587564e-06,6.211426994587564e-06,0.0001993543215798412
1772535382.6963263,764,1.3692378997802734,730.3332752916594,0.48977107348143095,0.0006472498262448422,1.0911667980662255e-05,0.05314199413318291,0.0,0.16260147094726562,1.0,5.545984666019155e-06,5.545984666018884e-06,0.00017692423436036262
1772535382.708111,765,1.06048583984375,942.9640287769785,0.4881152651621221,0.0018581261838226247,1.0911490678402106e-05,0.05314199413318291,0.0,0.16260147094726562,1.0,6.672113803293183e-06,6.672113803293183e-06,0.00015641256062045038
1772535382.720395,766,1.1622905731201172,860.3700512820512,0.4868304147547104,0.0014345499807393647,1.0911332356687593e-05,0.05314199413318291,0.0,0.16260147094726562,1.0,8.844752625605937e-06,8.844752625606055e-06,0.0001380293089889785
1772535382.7345576,767,1.7549991607666016,569.8008422768645,0.49107145605243335,0.004748404210822693,1.09111911126793e-05,0.05314199413318291,0.0,0.16260147094726562,1.0,1.2528838333946236e-05,1.2528838333945508e-05,0.00012191406086997928
1772535382.747597,768,2.028226852416992,493.0414952392148,0.4910656468305002,8.52748425675829e-05,1.0911061842640337e-05,0.05314199413318291,0.0,0.16260147094726562,1.0,1.3617652318903614e-05,1.3617652318903614e-05,0.00010705787611222796
1772535382.7575529,769,0.8692741394042969,1150.3850795392211,0.4861082624075354,0.005555641427319145,1.091094812246678e-05,0.05314199413318291,0.0017453317487078485,0.16260147094726562,1.0,1.3592372874132463e-05,1.3592372874132217e-05,0.00014271329013554844
1772535382.7708454,770,0.9295940399169922,1075.738394460118,0.4889191556206963,0.0031599983814308247,1.0911016028728447e-05,0.05314199413318291,0.0017453317487078485,0.16260147094726562,1.0,1.5139530883631195e-05,1.5139530883631195e-05,0.00010326413991250326
1772535382.7829711,771,0.6887912750244141,1451.8186223606785,0.4882330677355392,0.0007691623697422052,1.091090827014166e-05,0.05314199413318291,0.0,0.16260147094726562,1.0,1.5667445439005553e-05,1.56674454390015e-05,9.049555562425439e-05
1772535382.7958403,772,1.0840892791748047,922.433252694084,0.48830479322699716,8.274288780552835e-05,1.091081440666441e-05,0.05314199413318291,0.0,0.16260147094726562,1.0,1.735309673137688e-05,1.735309673137662e-05,7.907738885718598e-05
1772535382.8091688,773,1.3234615325927734,755.5943073320122,0.4904035750514393,0.0023452739120756413,1.0910730752491401e-05,0.05314199413318291,0.0017453317487078485,0.16260147094726562,1.0,1.9517459564806362e-05,1.9517459564804312e-05,0.00015470266658554815
1772535382.8213704,774,1.6260147094726562,615.0005865102639,0.48800387409152635,0.0026924580106320968,1.0910821403071294e-05,0.05314199413318291,0.0017453317487078485,0.16260147094726562,1.0,1.5983006609915597e-05,1.5983006609915597e-05,8.232939210739895e-05
1772535382.8347597,775,2.038717269897461,490.5045023973804,0.4898182959914123,0.0020306625084318035,1.0910741173676109e-05,0.05314199413318291,0.0017453317487078485,0.16260147094726562,1.0,1.8793813268656318e-05,1.8793813268656318e-05,0.00041929832135526485
1772535382.8468246,776,1.8510818481445312,540.2246264811953,0.4885921304125696,0.0013777342246483314,1.0911234230791865e-05,0.05314199413318291,0.0017453317487078485,0.16260147094726562,1.0,9.445260263254497e-06,9.445260263254497e-06,0.00011518436077229229
1772535382.8583179,777,1.1630058288574219,859.840918409184,0.48727258950318125,0.0014751965834140929,1.0911113275659346e-05,0.05314199413318291,0.0,0.16260147094726562,1.0,1.1127184070594523e-05,1.1127184070594523e-05,0.00010134385849554086
1772535382.8717358,778,1.5668869018554688,638.208155812538,0.48942015320649856,0.002408655268153674,1.0911005624210749e-05,0.05314199413318291,0.0,0.16260147094726562,1.0,1.3771845540897612e-05,1.3771845540897612e-05,8.906052348118341e-05
1772535382.8835316,779,1.4057159423828125,711.3812754409769,0.48731898229574017,0.0023538823716598148,1.0910907941752278e-05,0.05314199413318291,0.0017453317487078485,0.16260147094726562,1.0,1.3859077848253967e-05,1.3859077848253967e-05,0.0004083388076559273
1772535382.895102,780,0.8060932159423828,1240.5513161786453,0.48625554928899867,0.0011831206309784593,1.0911387560410179e-05,0.05314199413318291,0.0017453317487078485,0.16260147094726562,1.0,6.682070450871477e-06,6.682070450871477e-06,0.0002353223397649463
1772535382.9103646,781,1.3365745544433594,748.1812343917231,0.49401813804513245,0.008678276143984021,1.0911650742627904e-05,0.05314199413318291,0.0017453317487078485,0.16260147094726562,1.0,5.4615724638736765e-06,5.4615724638736765e-06,0.0001322205883838428
1772535382.9208636,782,1.455545425415039,687.0276822276822,0.48597718478950225,0.009011733703290578,1.0911657788627215e-05,0.05314199413318291,0.0,0.16260147094726562,1.0,3.6218798417918954e-06,3.6218798417918954e-06,0.00011774618133669945
1772535382.9340084,783,1.5892982482910156,629.2085208520853,0.488264324911177,0.0025762462231767804,1.0911661483866003e-05,0.05314199413318291,0.0017453317487078485,0.16260147094726562,1.0,4.870000322634535e-06,4.870000322633889e-06,0.00022121543975379209
1772535382.9459336,784,1.0297298431396484,971.1285019680481,0.4879475442650443,0.0003526699288358459,1.0911898587656367e-05,0.05314199413318291,0.001745329668113249,0.16260147094726562,1.0,5.460597944314552e-06,5.460597944333044e-06,0.00016792564466688056
1772535382.9582357,785,1.0094642639160156,990.624468587624,0.4874913077690035,0.0005071197852424828,1.0911713277612895e-05,0.05314199413318291,0.0,0.16260147094726562,1.0,4.180494862612998e-06,4.180494862612998e-06,0.00014887723732498562
1772535382.9706872,786,1.0380744934082031,963.3220027560864,0.4872467541457755,0.00026959977462013765,1.0911546634952497e-05,0.05314199413318291,0.0017453317487078485,0.16260147094726562,1.0,5.065412682499892e-06,5.065412682499892e-06,0.00012717894004610263
1772535382.9842257,787,1.6722679138183594,597.9903051040776,0.4889670138054152,0.0019306787112024707,1.0911562507022106e-05,0.05314199413318291,0.0017453317487078485,0.16260147094726562,1.0,5.187929990857021e-06,5.187929990857759e-06,0.00013747056144501694
1772535382.9960139,788,1.4655590057373047,682.333496014316,0.48697219749762205,0.0022337401216341846,1.091141112747413e-05,0.05314199413318291,0.0,0.16260147094726562,1.0,6.391847796458708e-06,6.391847796458708e-06,0.00012136684134453623
1772535383.0085242,789,1.3628005981445312,733.7830650804758,0.4875251479914073,0.0006290260749625042,1.0911275729447911e-05,0.05314199413318291,0.0,0.16260147094726562,1.0,8.672523556861105e-06,8.672523556865004e-06,0.00010707961987568996
1772535383.0216603,790,1.8911361694335938,528.7826525466465,0.48834367697463826,0.0009205582518207408,1.091115404104575e-05,0.05314199413318291,0.0,0.16260147094726562,1.0,1.0563930772507295e-05,1.0563930772507527e-05,9.421452915090971e-05
1772535383.03362,791,1.4452934265136719,691.9010227647641,0.4876940955885539,0.0007263834055391165,1.0911044872115205e-05,0.05314199413318291,0.0,0.16260147094726562,1.0,1.1796769441314037e-05,1.1796769441310985e-05,8.257314864796541e-05
1772535383.0461707,792,1.443624496459961,692.7009083402147,0.48805835010982407,0.00041158753458464396,1.0910947918749878e-05,0.05314199413318291,0.0,0.16260147094726562,1.0,1.3487146048748299e-05,1.3487146048749903e-05,7.215152333479531e-05
1772535383.0591908,793,1.8410682678222656,543.1629111629112,0.48880517092705333,0.0008361145084687101,1.0910861088028415e-05,0.05314199413318291,0.0017453317487078485,0.16260147094726562,1.0,1.4873387260189929e-05,1.4873387260189929e-05,0.0001615198839576054
1772535383.0716312,794,1.7390251159667969,575.0348231423087,0.48880021774028454,1.739206330507709e-05,1.0910949453292043e-05,0.05314199413318291,0.0017453317487078485,0.16260147094726562,1.0,1.2885200443963573e-05,1.2885200443963573e-05,7.677959241460754e-05
1772535383.0833344,795,1.5838146209716797,631.3870239349692,0.48656071884867963,0.002507332926541427,1.0910864258141286e-05,0.05314199413318291,0.0,0.16260147094726562,1.0,1.3283954090982497e-05,1.3283954090982497e-05,6.710750485143512e-05
1772535383.0961847,796,1.4896392822265625,671.303457106274,0.4883188763232451,0.0019778913170206405,1.091078976027873e-05,0.05314199413318291,0.0,0.16260147094726562,1.0,1.5612026683869712e-05,1.561202668386127e-05,5.850865578855364e-05
1772535383.1079335,797,0.7536411285400391,1326.891490034799,0.48781759481948334,0.0005607966205369899,1.0910721648146678e-05,0.05314199413318291,0.0,0.16260147094726562,1.0,1.5713229361314748e-05,1.57132293613235e-05,5.079130316887013e-05
1772535383.1215734,798,1.76239013671875,567.4112554112554,0.48900194411804465,0.0013264055044991778,1.0910662488850942e-05,0.05314199413318291,0.0,0.16260147094726562,1.0,1.7090855889867992e-05,1.7090855889858977e-05,4.390379654814854e-05
1772535383.1335647,799,1.2502670288085938,799.8291380625477,0.4885109100329736,0.0005537445681206173,1.0910609275696337e-05,0.05314199413318291,0.0017453317487078485,0.16260147094726562,1.0,1.705784500119778e-05,1.7057845001196283e-05,0.00017999401584614235
1772535383.1494257,800,4.411935806274414,226.65787624966225,0.4891932871554585,0.0007610232539886201,1.0910729208754432e-05,0.05314199413318291,0.0017453317487078485,0.19097328186035156,1.0,1.5133578389043598e-05,1.5133578389043598e-05,5.545310437210471e-05
1772535383.158217,801,1.2202262878417969,819.5201250488473,0.4874415517750106,0.0019636041640456836,1.0910671656405373e-05,0.05314199413318291,0.0017453317487078485,0.05555152893066406,1.0,1.4931750173475678e-05,1.4931750173476264e-05,0.00016835380634376256
1772535383.1717505,802,1.8799304962158203,531.9345592897907,0.48888527810127025,0.0016194497637606598,1.0910787624934581e-05,0.05314199413318291,0.0017453317487078485,0.08487701416015625,1.0,1.3863021783840927e-05,1.3863021783840927e-05,6.540851045473396e-05
1772535383.1838102,803,1.5463829040527344,646.6703669441874,0.48850600460600274,0.00042780601726658045,1.0910725813163581e-05,0.05314199413318291,0.0,0.08487701416015625,1.0,1.4072316941542649e-05,1.4072316941534077e-05,5.742351680896051e-05
1772535383.195924,804,1.4662742614746094,682.0006504065041,0.4872293598053205,0.0014285559946366783,1.09106717511396e-05,0.05314199413318291,0.0017453317487078485,0.08487701416015625,1.0,1.4354229383359841e-05,1.4354229383359841e-05,0.0004442038385615891
1772535383.2089067,805,1.680135726928711,595.190009933305,0.4884318431866364,0.0013515684992192127,1.0911188586548324e-05,0.05314199413318291,0.0,0.08869171142578125,1.0,6.400500198272472e-06,6.400500198281819e-06,0.0003946142708608313
1772535383.2217324,806,1.8496513366699219,540.6424336169116,0.48906566677240365,0.0007072982530814283,1.091165455621137e-05,0.05314199413318291,0.0017453317487078485,0.08869171142578125,1.0,4.9940693099395735e-06,4.994069309942143e-06,0.00013664719581864645
1772535383.2338598,807,1.5537738800048828,643.5942918520792,0.4886865286393092,0.00042898130732303366,1.0911507982405041e-05,0.05314199413318291,0.0,0.08869171142578125,1.0,3.625827263741202e-06,3.6258272637417124e-06,0.00012122337655377601
1772535383.2461102,808,1.3318061828613281,750.8600071607591,0.4881479651796537,0.0006042056775110832,1.0911375626921605e-05,0.05314199413318291,0.0017453317487078485,0.08869171142578125,1.0,3.949378440845566e-06,3.949378440844079e-06,0.00012905441515924623
1772535383.258529,809,1.4524459838867188,688.4937623112278,0.48781288883991075,0.00037347125791948823,1.0911422386537338e-05,0.05314199413318291,0.0017453317487078485,0.08869171142578125,1.0,3.83128544394205e-06,3.83128544394205e-06,0.00011689469723503882
1772535383.2705505,810,0.9500980377197266,1052.5229611041404,0.4875748137201873,0.00026353437887804125,1.0911298763780137e-05,0.05314199413318291,0.0017453317487078485,0.08869171142578125,1.0,4.744073148348673e-06,4.744073148348391e-06,0.00012490848234626646
1772535383.2846947,811,2.0313262939453125,492.28920187793426,0.49048998738305993,0.00326108974036035,1.0911353263485395e-05,0.05314199413318291,0.0017453317487078485,0.14853477478027344,1.0,4.876567307427987e-06,4.876567307430189e-06,0.00011446121069544133
1772535383.2960343,812,1.77001953125,564.9655172413793,0.48662827538560943,0.00432942041049051,1.0911236627510656e-05,0.05314199413318291,0.0017453317487078485,0.14853477478027344,1.0,5.1316035680702e-06,5.13160356806871e-06,0.00038923147958931995
1772535383.309027,813,1.8351078033447266,544.9271144601793,0.4884760398705063,0.002077747836521088,1.0911695699612505e-05,0.05314199413318291,0.001745329668113249,0.14853477478027344,1.0,5.593252431621029e-06,5.593252431621029e-06,0.00010380971765498852
1772535383.3213801,814,1.676321029663086,596.5444460247476,0.4884099676898348,7.509681520253409e-05,1.0911710971272728e-05,0.05314199413318291,0.0017453317487078485,0.14853477478027344,1.0,5.838830682704503e-06,5.838830682704503e-06,0.00014931844021409083
1772535383.3332715,815,1.522064208984375,657.0025062656641,0.48684109630636874,0.0017550679855340295,1.0911557686156398e-05,0.05314199413318291,0.0,0.14853477478027344,1.0,3.893987443288712e-06,3.8939874432904135e-06,0.00013263237912699633
1772535383.3459435,816,1.3058185577392578,765.8031769216725,0.4881845783772645,0.0015121505569432301,1.0911419456835794e-05,0.05314199413318291,0.0,0.14853477478027344,1.0,3.8595157209309785e-06,3.8595157209309785e-06,0.00011786452609432873
1772535383.3595624,817,1.9941329956054688,501.47106647537066,0.490138130262924,0.0021825371332098806,1.0911295393785312e-05,0.05314199413318291,0.001745329668113249,0.14853477478027344,1.0,4.958922800161136e-06,4.958922800161136e-06,0.001856489222402947
1772535383.37037,818,1.0840892791748047,922.433252694084,0.48691129739990313,0.0036180143680337867,1.0909094366090932e-05,0.05314199413318291,0.001745329668113249,0.14853477478027344,1.0,2.5003938236006486e-05,2.500393823600634e-05,0.00027232026289028826
1772535383.3837636,819,1.6660690307617188,600.2152261018889,0.48851648997495745,0.0018040825591372379,1.0909181471262447e-05,0.05314199413318291,0.0,0.14853477478027344,1.0,2.2610569580837487e-05,2.2610569580837487e-05,0.0002443641459906277
1772535383.3950493,820,0.9901523590087891,1009.9455815073441,0.4864143287580773,0.0023526750178473827,1.0909262423615683e-05,0.05314199413318291,0.0,0.14853477478027344,1.0,1.6467331592358027e-05,1.6467331592358708e-05,0.0002182147004784635
1772535383.4081826,821,1.317739486694336,758.8753392437127,0.4877536378951458,0.0015107038965357226,1.0909335512824375e-05,0.05314199413318291,0.001745329668113249,0.14853477478027344,1.0,1.3934557110101335e-05,1.3934557110095265e-05,0.00021268527317820315
1772535383.4212937,822,1.4765262603759766,677.2652995317294,0.4894596332108544,0.0019091111179346933,1.0909800101725154e-05,0.05314199413318291,0.0017453317487078485,0.14853477478027344,1.0,1.6083692741480548e-05,1.6083692741480548e-05,0.00018861818279645748
1772535383.433422,823,1.5151500701904297,660.0006294256491,0.4879464005734428,0.0016991031265222694,1.0909986996225645e-05,0.05314199413318291,0.0,0.14853477478027344,1.0,1.2977405644548938e-05,1.2977405644550268e-05,0.00016919174078481106
1772535383.4461198,824,1.6601085662841797,602.3702427114749,0.48823585735604974,0.00032545825808372164,1.0910154658511328e-05,0.05314199413318291,0.0,0.14853477478027344,1.0,1.1812547278054788e-05,1.1812547278054221e-05,0.0001518194479202487
1772535383.458258,825,1.3630390167236328,733.6547140108448,0.4879635338826823,0.00030450890995856666,1.091030647698152e-05,0.05314199413318291,0.0017453317487078485,0.14853477478027344,1.0,1.032507020959552e-05,1.032507020959552e-05,0.0002037109587666514
1772535383.4710882,826,1.5506744384765625,644.8806888068881,0.48860910795176166,0.0007232345941461166,1.0910675333113449e-05,0.05314199413318291,0.0017453317487078485,0.14853477478027344,1.0,1.325433174998017e-05,1.325433174998017e-05,0.00014766500924821656
1772535383.48265,827,0.5412101745605469,1847.711013215859,0.4883508545694116,0.00029127691904976124,1.0910775482140278e-05,0.05314199413318291,0.0017453317487078485,0.14853477478027344,1.0,1.1495705639628444e-05,1.1495705639628444e-05,0.0002024401729314191
1772535383.4950209,828,0.7874965667724609,1269.8468059339993,0.48745069154663584,0.0010071334790912978,1.0910699340213239e-05,0.05314199413318291,0.0017453317487078485,0.14853477478027344,1.0,7.328618883764505e-06,7.328618883762468e-06,0.00012885161454281887
1772535383.5084796,829,1.390218734741211,719.3112673640885,0.4888231358690104,0.0015392141202340071,1.0910796845082145e-05,0.05314199413318291,0.0017453317487078485,0.14853477478027344,1.0,7.004540957507945e-06,7.0045409575069795e-06,0.0001805725785589648
1772535383.5213077,830,1.6031265258789062,623.7810826888757,0.4891197132353242,0.0003282676206628882,1.0910719350577263e-05,0.05314199413318291,0.0,0.14853477478027344,1.0,3.361257837355166e-06,3.361257837355166e-06,0.00016063957399562563
1772535383.5333428,831,1.280069351196289,781.20767368225,0.4885102826478698,0.0006867939359285216,1.0910649641145703e-05,0.05314199413318291,0.001745329668113249,0.14853477478027344,1.0,1.156549783525257e-06,1.156549783524738e-06,0.00022919741563194615
1772535383.5458105,832,1.3241767883300781,755.186172128196,0.4881083942786016,0.00045064066060118945,1.0910985670699656e-05,0.05314199413318291,0.0,0.14853477478027344,1.0,4.108405953672642e-06,4.108405953672642e-06,0.00020279938157593232
1772535383.5587482,833,1.4142990112304688,707.0640593391773,0.48952406374835616,0.0015828745467753099,1.0911287894789162e-05,0.05314199413318291,0.001745329668113249,0.14853477478027344,1.0,8.39057234420937e-06,8.39057234421126e-06,0.00017812802145144273
1772535383.572328,834,2.0139217376708984,496.54362495560554,0.49090894966821047,0.0015387703042235433,1.0911161932033847e-05,0.05314199413318291,0.0017453317487078485,0.14853477478027344,1.0,4.832411358035006e-06,4.832411358035006e-06,0.00014221005788173641
1772535383.5834992,835,1.6875267028808594,592.5832155976265,0.4874211953647672,0.003912157744810668,1.0911214674993305e-05,0.05314199413318291,0.0017453317487078485,0.14853477478027344,1.0,3.4954342152785787e-06,3.4954342152791805e-06,0.00015923915320245456
1772535383.5976539,836,2.311229705810547,432.67010521972355,0.49111898295565254,0.004136477272787339,1.0911095583913525e-05,0.05314199413318291,0.0,0.1697540283203125,1.0,1.535448011512098e-06,1.535448011512098e-06,0.00014164412239443938
1772535383.6097696,837,1.985311508178711,503.69929146151077,0.49034464526240723,0.0008844324464138059,1.0910988707978726e-05,0.05314199413318291,0.0017453317487078485,0.1697540283203125,1.0,2.9496196345107295e-06,2.9496196345107295e-06,0.00013522944197754644
1772535383.621237,838,1.3217926025390625,756.5483405483405,0.48852803252914284,0.0020405111356842417,1.0911059420486114e-05,0.05314199413318291,0.0017453317487078485,0.1697540283203125,1.0,2.5733322548654096e-06,2.5733322548665997e-06,0.00013094964302363133
1772535383.633089,839,0.8714199066162109,1147.5523939808481,0.48767934843752425,0.0009482499984160358,1.0910957508646499e-05,0.05314199413318291,0.0017453317487078485,0.1697540283203125,1.0,4.868072133938518e-06,4.868072133938518e-06,0.00012811666176974873
1772535383.645668,840,1.0504722595214844,951.9527916477531,0.487425756999144,0.0002794499552432471,1.0911032277310967e-05,0.05314199413318291,0.0,0.1697540283203125,1.0,4.642404286619684e-06,4.642404286619674e-06,0.00011450724270986164
1772535383.6584268,841,1.2273788452148438,814.7443667443667,0.48813037557552835,0.000795430848204896,1.0911099973270742e-05,0.05314199413318291,0.0,0.1697540283203125,1.0,4.8820127001906645e-06,4.882012700187275e-06,0.00010224822687932667
1772535383.6723654,842,1.9180774688720703,521.355376009944,0.4907461967835139,0.0029234238638390945,1.09111613090682e-05,0.05314199413318291,0.001745329668113249,0.1697540283203125,1.0,5.5561742009700465e-06,5.5561742009700465e-06,0.000357064454517415
1772535383.6835568,843,1.2350082397460938,809.7111969111969,0.4880025552909281,0.0030786485036788792,1.0911618566576813e-05,0.05314199413318291,0.0017453317487078485,0.1697540283203125,1.0,5.983081706857702e-06,5.983081706857702e-06,0.00017671416239852848
1772535383.6958797,844,1.085042953491211,921.6225005493299,0.48790256652383474,0.00010989731090949794,1.0911461645877237e-05,0.05314199413318291,0.0,0.1697540283203125,1.0,4.041031788832163e-06,4.0410317888316394e-06,0.00015719035536576546
1772535383.7081292,845,0.9329319000244141,1071.8895987733197,0.4874845892785437,0.0004640014322682224,1.0911321332404694e-05,0.05314199413318291,0.001745329668113249,0.1697540283203125,1.0,3.7103262926699988e-06,3.710326292670315e-06,0.00023780110725234405
1772535383.7217531,846,1.2669563293457031,789.293187805796,0.4904915022870486,0.003365463334450155,1.0911592650966825e-05,0.05314199413318291,0.0,0.1697540283203125,1.0,4.3049441039671165e-06,4.3049441039671165e-06,0.00021118318787758492
1772535383.7336714,847,1.7123222351074219,584.0022277917014,0.48650229129002454,0.004470833469229077,1.0911838807100633e-05,0.05314199413318291,0.0,0.1697540283203125,1.0,6.788031731263592e-06,6.788031731263592e-06,0.00018609111058384679
1772535383.7472465,848,1.7230510711669922,580.3658502836585,0.49062890220433797,0.004624264053643282,1.091205557674186e-05,0.05314199413318291,0.001745329668113249,0.1697540283203125,1.0,1.1946699106129983e-05,1.1946699106145411e-05,0.00019162831006035462
1772535383.758289,849,1.1925697326660156,838.5253898440624,0.4869296661165596,0.0041468359468181705,1.09118559774939e-05,0.05314199413318291,0.0017453317487078485,0.1697540283203125,1.0,6.601063134286738e-06,6.6010631343071355e-06,0.0001392596047890796
1772535383.7701437,850,0.9000301361083984,1111.0739072847682,0.48577089989421135,0.0012882870474225404,1.0911838656426804e-05,0.05314199413318291,0.0017453317487078485,0.1697540283203125,1.0,6.0416308062119014e-06,6.041630806229912e-06,0.0001699029236083869
1772535383.7835412,851,0.9989738464355469,1001.0272076372315,0.4889601930226129,0.0035846374733793157,1.0911658729712387e-05,0.05314199413318291,0.0017453317487078485,0.1697540283203125,1.0,3.923157781855447e-06,3.923157781855447e-06,0.00012675782983152592
1772535383.7960021,852,1.0879039764404297,919.1987727372343,0.48853604456521044,0.0004778458097277413,1.0911662940202237e-05,0.05314199413318291,0.0,0.1697540283203125,1.0,3.4810678441424987e-06,3.481067844144472e-06,0.00011327240292371845
1772535383.80944,853,2.065420150756836,484.16299203509175,0.48864294904769984,0.00011858723875265704,1.0911665931690919e-05,0.05314199413318291,0.0,0.1697540283203125,1.0,3.8752292198181084e-06,3.8752292198181084e-06,0.00010110655303778541
1772535383.8214307,854,1.4998912811279297,666.7149896677794,0.48855072625484464,0.00010475057116498816,1.0911668690904912e-05,0.05314199413318291,0.001745329668113249,0.1697540283203125,1.0,4.478107788123179e-06,4.478107788123179e-06,0.0003279253309596709
1772535383.8343227,855,1.7058849334716797,586.2060097833682,0.4892664258113412,0.0007987021044920569,1.0912071123843448e-05,0.05314199413318291,0.001745329668113249,0.1697540283203125,1.0,9.477070432828995e-06,9.477070432828995e-06,9.614768158162497e-05
1772535383.8461673,856,1.4958381652832031,668.5215173732865,0.48770304183044355,0.0017525170185299424,1.0912032963615991e-05,0.05314199413318291,0.001745329668113249,0.1697540283203125,1.0,8.518827067658118e-06,8.518827067657695e-06,0.001872061713908019
1772535383.8582025,857,1.2786388397216797,782.081670706694,0.4866815473570494,0.0011384438242814448,1.0909909436065384e-05,0.05314199413318291,0.001745329668113249,0.1697540283203125,1.0,3.542208379733944e-05,3.542208379733944e-05,0.00025326456822225013
1772535383.87189,858,1.6531944274902344,604.8895298528987,0.48988122260869904,0.0035872407499525517,1.0910065501932192e-05,0.05314199413318291,0.001745329668113249,0.1697540283203125,1.0,3.423819817597018e-05,3.423819817597018e-05,0.000216657708804552
1772535383.8831775,859,1.2590885162353516,794.2253361105851,0.4866254950286544,0.003648794090791936,1.0910610631409654e-05,0.05314199413318291,0.0017453317487078485,0.1697540283203125,1.0,3.175783407131015e-05,3.175783407131015e-05,0.00018641728388925355
1772535383.8962684,860,1.3399124145507812,746.31743772242,0.48873731706424683,0.002372917358110793,1.0910925333818601e-05,0.05314199413318291,0.0017453317487078485,0.1697540283203125,1.0,3.526416158771668e-05,3.5264161587715505e-05,0.00023937431775494886
1772535383.9089544,861,1.6026496887207031,623.9666765843499,0.48833931105938866,0.000447448260784865,1.0910981125692384e-05,0.05314199413318291,0.0017453275875186497,0.1697540283203125,1.0,2.8937329053261968e-05,2.8937329053261968e-05,0.0015185012640859007
1772535383.9214754,862,1.6376972198486328,610.6134808560198,0.4884121546062562,8.14583794134551e-05,1.0908539829424188e-05,0.05314199413318291,0.0017453317487078485,0.1697540283203125,1.0,5.032986582237349e-05,5.0329865822377056e-05,0.0004768871083593027
1772535383.9329145,863,0.7879734039306641,1269.0783661119515,0.4873390341861009,0.0012003030082535615,1.0908645377099992e-05,0.05314199413318291,0.0,0.1697540283203125,1.0,3.9883342881411094e-05,3.9883342881411094e-05,0.00042726951310016997
1772535383.946612,864,1.615285873413086,619.0854612546126,0.4890283417548842,0.0018946237386470025,1.090874095483884e-05,0.05314199413318291,0.0017453317487078485,0.1697540283203125,1.0,3.4065069279552574e-05,3.4065069279552574e-05,0.00025080162599332015
1772535383.958644,865,1.7001628875732422,588.1789370354788,0.48731062769109545,0.0019247158748052454,1.0909396157601678e-05,0.05314199413318291,0.001745329668113249,0.1697540283203125,1.0,3.2681612596201286e-05,3.2681612596197416e-05,0.00028687458359774603
1772535383.9713287,866,1.5974044799804688,626.0155223880597,0.4881124712078424,0.0009033180203155725,1.0909583619626398e-05,0.05314199413318291,0.001745329668113249,0.1697540283203125,1.0,2.947037270621147e-05,2.947037270621147e-05,0.00022025070475165695
1772535383.9836512,867,1.374959945678711,727.29391364661,0.48811160662217934,7.698680717819137e-06,1.0910154725971717e-05,0.05314199413318291,0.0017453317487078485,0.1697540283203125,1.0,3.0812216757138364e-05,3.0812216757138364e-05,0.0003804140708443695
1772535383.9961705,868,1.5959739685058594,626.5766357932476,0.4875093902981821,0.0006724384352906134,1.091010185128255e-05,0.05314199413318291,0.0017453317487078485,0.1697540283203125,1.0,2.2962043079746423e-05,2.296204307975381e-05,0.00022950854880416754
1772535384.008629,869,1.4865398406982422,672.7031275060144,0.4880338156467612,0.0005914584171861528,1.0910220808123809e-05,0.05314199413318291,0.0,0.1697540283203125,1.0,1.9675532803813497e-05,1.9675532803813673e-05,0.00020588154586890402
1772535384.020975,870,1.421213150024414,703.6242241234692,0.4876466611840201,0.0004317507112088781,1.0910328825080038e-05,0.05314199413318291,0.0,0.1697540283203125,1.0,1.604212422368927e-05,1.604212422368927e-05,0.00018433578154895193
1772535384.0333,871,1.268148422241211,788.5512314344802,0.4879005454102548,0.000287995439554909,1.0910426649403121e-05,0.05314199413318291,0.0017453317487078485,0.1697540283203125,1.0,1.3603831387895538e-05,1.3603831387895538e-05,0.0002934501381017028
1772535384.0462039,872,1.3856887817382812,721.6627666896077,0.488753310533033,0.0009550343754397472,1.0910349666580501e-05,0.05314199413318291,0.0,0.1697540283203125,1.0,8.904025463124701e-06,8.904025463124701e-06,0.00026170784393997435
1772535384.0582952,873,1.1663436889648438,857.380212591987,0.48813816285363676,0.0006910963763577942,1.0910280967950988e-05,0.05314199413318291,0.001745329668113249,0.1697540283203125,1.0,5.779804113565133e-06,5.779804113565133e-06,0.00172637530143248
1772535384.0716455,874,1.661062240600586,602.0244007463758,0.48949395118286354,0.0015153252204334058,1.0908131750964262e-05,0.05314199413318291,0.0017453317487078485,0.1697540283203125,1.0,3.154008939196762e-05,3.154008939196902e-05,0.0003112620991064315
1772535384.083796,875,1.5685558319091797,637.5291077671378,0.4884374722338406,0.001188665264375251,1.0908433503998621e-05,0.05314199413318291,0.0017453317487078485,0.1697540283203125,1.0,2.4973881855542924e-05,2.4973881855542924e-05,0.00037237908895395953
1772535384.0956316,876,0.7114410400390625,1405.597855227882,0.48882003536769003,0.00042658952750809694,1.090854072082313e-05,0.05314199413318291,0.0,0.1697540283203125,1.0,1.9323870465730327e-05,1.9323870465730798e-05,0.000332932654685284
1772535384.1074317,877,0.7994174957275391,1250.9108261258575,0.4861049116560589,0.003040027850898376,1.0908638926829266e-05,0.05314199413318291,0.0,0.1697540283203125,1.0,1.3096501040913989e-05,1.3096501040913989e-05,0.00029648133678172357
1772535384.120347,878,0.8325576782226562,1201.1179839633448,0.48780633233348003,0.0019181089272082938,1.0908731807715859e-05,0.05314199413318291,0.0017453317487078485,0.1697540283203125,1.0,1.0980386359578408e-05,1.0980386359578408e-05,0.0002988905143823072
1772535384.1331272,879,0.9286403656005859,1076.843132220796,0.488524129237767,0.0008048777073186218,1.0909380562116798e-05,0.05314199413318291,0.0017453317487078485,0.1697540283203125,1.0,1.1414788965512723e-05,1.141478896551018e-05,0.0002839462408060184
1772535384.1448598,880,0.6589889526367188,1517.4761215629521,0.486738326242726,0.0019991364220593674,1.090940065104927e-05,0.05314199413318291,0.001745329668113249,0.1697540283203125,1.0,7.389767122776438e-06,7.389767122776128e-06,0.0001893090676513899
1772535384.157511,881,0.7381439208984375,1354.749354005168,0.4873609645556886,0.0007068723935083788,1.0909819373510312e-05,0.05314199413318291,0.0017453317487078485,0.1697540283203125,1.0,7.796284834230564e-06,7.796284834230564e-06,0.0001895600332578794
1772535384.1707435,882,0.95367431640625,1048.576,0.4892845766775122,0.0021549070765292254,1.0909964923515523e-05,0.05314199413318291,0.0017453317487078485,0.1697540283203125,1.0,6.135640801415452e-06,6.135640801415452e-06,0.00024656053489912575
1772535384.1824472,883,0.8146762847900391,1227.481416447176,0.4868897361827946,0.002684572640581635,1.0909930469373496e-05,0.05314199413318291,0.0017453317487078485,0.1697540283203125,1.0,5.247773730983165e-06,5.247773730983163e-06,0.0001570522687889183
1772535384.1963725,884,1.2631416320800781,791.676859192148,0.4903684456945717,0.0038952443050100285,1.0910069318126087e-05,0.05314199413318291,0.0,0.1697540283203125,1.0,6.49738993853901e-06,6.49738993853901e-06,0.00014047213994411608
1772535384.2079175,885,0.9031295776367188,1107.260823653643,0.4881580016360959,0.002483496435202904,1.09101927832523e-05,0.05314199413318291,0.0017453317487078485,0.1697540283203125,1.0,6.597092121028941e-06,6.597092121028941e-06,0.00020193782779031174
1772535384.2203214,886,0.6127357482910156,1632.0249027237355,0.48873313433556387,0.0006431933505564719,1.091054061025673e-05,0.05314199413318291,0.0017453317487078485,0.1697540283203125,1.0,4.532652701270079e-06,4.532652701256737e-06,0.00013813313583545942
1772535384.2326298,887,0.6885528564453125,1452.3213296398892,0.4879102017775108,0.0009230371032526889,1.0910621275805748e-05,0.05314199413318291,0.0017453317487078485,0.1697540283203125,1.0,5.420314580089534e-06,5.420314580086955e-06,0.00021193469942635914
1772535384.2459261,888,0.9510517120361328,1051.4675357232388,0.48981216311740355,0.002127066022327391,1.0910529862492567e-05,0.05314199413318291,0.0,0.1697540283203125,1.0,8.716497270757956e-06,8.716497270757956e-06,0.00018795838778878468
1772535384.257725,889,0.6558895111083984,1524.6470374409305,0.4880857838606779,0.0019388509826567687,1.0910447175547836e-05,0.05314199413318291,0.0,0.1697540283203125,1.0,1.0990473787176519e-05,1.0990473787177563e-05,0.0001659034054514557
1772535384.2702963,890,0.8301734924316406,1204.5674899483056,0.48801231436390874,8.093097179584842e-05,1.0910376940783781e-05,0.05314199413318291,0.0,0.1697540283203125,1.0,1.4212120732173925e-05,1.4212120732176022e-05,0.00014625259784761889
1772535384.2833645,891,0.9462833404541016,1056.7659360040313,0.4895253913204694,0.0016923725516399576,1.0910314509506238e-05,0.05314199413318291,0.0,0.1697540283203125,1.0,1.7375661258690354e-05,1.7375661258690354e-05,0.00012867754572380848
1772535384.2949357,892,0.8463859558105469,1181.4940845070423,0.4865610467664145,0.003321718764420564,1.0910258467026137e-05,0.05314199413318291,0.0017453317487078485,0.1697540283203125,1.0,1.763968971234329e-05,1.763968971234329e-05,0.00013481568189842126
1772535384.3081055,893,0.9148120880126953,1093.1206671879072,0.48887292277403277,0.0025965214015880493,1.0910379966275563e-05,0.05314199413318291,0.0017453317487078485,0.1697540283203125,1.0,1.905079784408434e-05,1.905079784408434e-05,0.00011951719999881514
1772535384.3209152,894,1.070261001586914,934.351525952328,0.4896346760660917,0.0008473758298195402,1.0910320684317807e-05,0.05314199413318291,0.0,0.1697540283203125,1.0,2.0441981256759854e-05,2.0441981256759264e-05,0.00010476975738884083
1772535384.3331814,895,0.9157657623291016,1091.9822962770113,0.4889405990046974,0.0007844866850730424,1.0910270286399216e-05,0.05314199413318291,0.0,0.1697540283203125,1.0,2.1377318261688192e-05,2.1377318261688192e-05,9.151379103129472e-05
1772535384.3464277,896,1.8427371978759766,542.6709794281278,0.48830154377515433,0.0007179349737601419,1.091022840645986e-05,0.05314199413318291,0.0017453317487078485,0.1697540283203125,1.0,2.2698904677022526e-05,2.2698904677016858e-05,0.00014815696969005195
1772535384.3579748,897,0.7767677307128906,1287.3861264579496,0.48839952225965183,0.00011000700377310919,1.0910358630977284e-05,0.05314199413318291,0.0,0.1697540283203125,1.0,2.1462997072015544e-05,2.1462997072015544e-05,0.00013328092386327223
1772535384.3706148,898,0.9517669677734375,1050.6773547094188,0.48841666254927274,1.9246978097031697e-05,1.0910477005343714e-05,0.05314199413318291,0.0017453317487078485,0.1697540283203125,1.0,2.003998814270662e-05,2.0039988142706896e-05,0.00010237229457581256
1772535384.382729,899,0.7994174957275391,1250.9108261258575,0.48771306813741,0.0007868368436695287,1.0910419535055456e-05,0.05314199413318291,0.0,0.1697540283203125,1.0,2.0959937754327814e-05,2.0959937754331707e-05,8.98355695515818e-05
1772535384.3965187,900,1.4967918395996094,668.095571838165,0.48975388169332257,0.0022843971272172806,1.091037033239111e-05,0.05314199413318291,0.0,0.1697540283203125,1.0,2.3518981484865546e-05,2.3518981484871686e-05,7.867098501189597e-05
1772535384.4083505,901,1.2624263763427734,792.1254013220018,0.48876925384750075,0.0011091447564098842,1.091032508187528e-05,0.05314199413318291,0.0,0.1697540283203125,1.0,2.2905776093101953e-05,2.2905776093101953e-05,6.867654934339826e-05
1772535384.4198592,902,0.5130767822265625,1949.0260223048326,0.4870189617148333,0.0019591815874136975,1.0910289081841588e-05,0.05314199413318291,0.0017453317487078485,0.1697540283203125,1.0,2.3087169836468668e-05,2.3087169836468668e-05,0.00015899459582863773
1772535384.43287,903,0.774383544921875,1291.3497536945813,0.4881728644105696,0.0012996134480499192,1.0910424927834478e-05,0.05314199413318291,0.0017453317487078485,0.1697540283203125,1.0,2.2501068909099188e-05,2.250106890909899e-05,0.00029981468850240735
1772535384.445901,904,1.0025501251220703,997.4563614744352,0.4894026345988848,0.0013751512442724471,1.0910778262377141e-05,0.05314199413318291,0.0017453317487078485,0.1697540283203125,1.0,1.644142168305892e-05,1.6441421683054354e-05,0.0001362438835968719
1772535384.458221,905,1.1081695556640625,902.3889845094665,0.4881985634380514,0.0013520776852447875,1.0910865961523203e-05,0.05314199413318291,0.0017453317487078485,0.1697540283203125,1.0,1.4374021995752904e-05,1.4374021995751639e-05,0.0016564430424313979
1772535384.470491,906,0.9052753448486328,1104.6362918093232,0.4881481527140611,5.556033968192055e-05,1.0908287360480602e-05,0.05314199413318291,0.0017453275875186497,0.1697540283203125,1.0,1.3074698479337503e-05,1.3074698479337503e-05,0.00024192097404104098
1772535384.4829948,907,0.8168220520019531,1224.25685931115,0.4884233349109936,0.00030907073571226015,1.0908441766797752e-05,0.05314199413318291,0.001745329668113249,0.1697540283203125,1.0,1.0439365610310842e-05,1.0439365610310232e-05,0.00023221847866136328
1772535384.495254,908,0.6706714630126953,1491.0430145751866,0.48798269872463296,0.0004928974240699048,1.0908980733569328e-05,0.05314199413318291,0.0017453317487078485,0.1697540283203125,1.0,9.971253009069189e-06,9.971253009069189e-06,0.00019521165629400082
1772535384.5078142,909,0.7734298706054688,1292.9420468557337,0.48801425721272246,3.95135381348859e-05,1.0909235000535128e-05,0.05314199413318291,0.0017453317487078485,0.1697540283203125,1.0,7.837112749506325e-06,7.837112749505194e-06,0.00020836720830014319
1772535384.5206704,910,1.0190010070800781,981.353299017314,0.48859379969455163,0.0006498645225699207,1.0909697265280035e-05,0.05314199413318291,0.001745329668113249,0.1697540283203125,1.0,9.224615188901115e-06,9.224615188900989e-06,0.00022196174362251175
1772535384.5331023,911,0.8609294891357422,1161.5353087787316,0.4887229347603784,0.00014292044330293326,1.0909716034460635e-05,0.05314199413318291,0.001745329668113249,0.1697540283203125,1.0,5.727612857759667e-06,5.727612857759667e-06,0.00019544003292191496
1772535384.5458639,912,1.0182857513427734,982.0426129712012,0.48913263920075317,0.00045557342872449365,1.0910132440184415e-05,0.05314199413318291,0.0017453317487078485,0.1697540283203125,1.0,7.825459794697354e-06,7.825459794697354e-06,0.0003055634203733421
1772535384.5581777,913,0.9007453918457031,1110.1916357861303,0.4886844020177592,0.0005059860170844461,1.0910676173940797e-05,0.05314199413318291,0.0017453317487078485,0.1697540283203125,1.0,1.2187176508887203e-05,1.2187176508896483e-05,0.00023821180223088011
1772535384.5702395,914,0.9033679962158203,1106.9685932963844,0.48729997042336776,0.001549529894075035,1.0910598592706382e-05,0.05314199413318291,0.0,0.1697540283203125,1.0,7.386562238542059e-06,7.386562238542351e-06,0.00021162591217840785
1772535384.5826051,915,0.7302761077880859,1369.345086516487,0.4874222810435298,0.00014757648630501122,1.0910529628753029e-05,0.05314199413318291,0.0017453275875186497,0.1697540283203125,1.0,4.1597577654092935e-06,4.159757765419521e-06,0.0015583081960518193
1772535384.595823,916,0.9450912475585938,1058.0988900100908,0.48934750109307545,0.0021575629488859716,1.0907976013945605e-05,0.05314199413318291,0.001745329668113249,0.1697540283203125,1.0,2.716922454461204e-05,2.716922454461198e-05,0.00021996960550260485
1772535384.6076562,917,0.7576942443847656,1319.7935808684708,0.48753505545612824,0.0020321026545481696,1.0908550611437352e-05,0.05314199413318291,0.001745329668113249,0.1697540283203125,1.0,2.4477143393715412e-05,2.4477143393716337e-05,0.000331275964159381
1772535384.6200554,918,0.7519721984863281,1329.8363982244769,0.48733008255806004,0.00022576783206043532,1.0908669208299049e-05,0.05314199413318291,0.001745329668113249,0.1697540283203125,1.0,1.9344951272203553e-05,1.9344951272205257e-05,0.0001909858877687209
1772535384.6328545,919,0.8068084716796875,1239.451536643026,0.48831925493255784,0.001112423579493039,1.0909175790472661e-05,0.05314199413318291,0.0017453317487078485,0.1697540283203125,1.0,2.0247500034934155e-05,2.0247500034934155e-05,0.001504051858989396
1772535384.6456892,920,0.9024143218994141,1108.1384412153236,0.48913391062144007,0.0009099825846093129,1.0906911978017217e-05,0.05314199413318291,0.0017453317487078485,0.1697540283203125,1.0,4.324616838092127e-05,4.324616838092127e-05,0.00045548484863647634
1772535384.657491,921,0.6532669067382812,1530.7678832116787,0.48730547457363194,0.0020492013495746176,1.0907178329102926e-05,0.05314199413318291,0.0017453317487078485,0.1697540283203125,1.0,3.262339751006856e-05,3.262339751006788e-05,0.00032293802215279803
1772535384.670071,922,0.7276535034179688,1374.2804718217562,0.48765327874574027,0.0003962942079259577,1.0907985945159004e-05,0.05314199413318291,0.001745329668113249,0.1697540283203125,1.0,3.441894197611009e-05,3.4418941976108357e-05,0.00034441288536048793
1772535384.6833167,923,1.215219497680664,822.8966058465764,0.48864898381554384,0.0011169026769261097,1.0908314590855715e-05,0.05314199413318291,0.0017453317487078485,0.1697540283203125,1.0,2.926893297469269e-05,2.926893297469457e-05,0.00022156778338825353
1772535384.6960387,924,1.2476444244384766,801.510414676094,0.48928594754909666,0.0007092302190046094,1.0908844550287651e-05,0.05314199413318291,0.001745329668113249,0.1697540283203125,1.0,2.7986959648365496e-05,2.7986959648369616e-05,0.00037252755297807413
1772535384.7088146,925,1.3928413391113281,717.9568640876412,0.489788445814459,0.0005558739461918766,1.0908923089275468e-05,0.05314199413318291,0.0017453317487078485,0.1697540283203125,1.0,2.0719686963180584e-05,2.071968696317931e-05,0.0002719344368441726
1772535384.721333,926,1.4867782592773438,672.5952533675433,0.489432934523152,0.0004086341235514954,1.0909161318145028e-05,0.05314199413318291,0.0017453317487078485,0.1697540283203125,1.0,1.6127922979081147e-05,1.6127922979082194e-05,0.00031194359149401573
1772535384.733231,927,1.146078109741211,872.5408778864156,0.4881005195408722,0.0014955373040847187,1.0909210648335856e-05,0.05314199413318291,0.0,0.1697540283203125,1.0,1.0271251828145533e-05,1.0271251828145533e-05,0.00027767267936399943
1772535384.7456048,928,0.9102821350097656,1098.5605028810896,0.48848075129287344,0.0004270332470826637,1.0909257396212415e-05,0.05314199413318291,0.0,0.1697540283203125,1.0,6.569937552052081e-06,6.569937552054136e-06,0.00024715662249005256
1772535384.7578135,929,0.7321834564208984,1365.7779225008142,0.48794448924862865,0.0005999269985796948,1.0909300933663288e-05,0.05314199413318291,0.0017453317487078485,0.1697540283203125,1.0,5.3736745390926e-06,5.3736745390926e-06,0.0001890446267274083
1772535384.770299,930,0.7927417755126953,1261.4448120300751,0.4878269838020889,0.00012940711125982015,1.0909508410793207e-05,0.05314199413318291,0.0017453317487078485,0.1697540283203125,1.0,4.854470702400835e-06,4.854470702400002e-06,0.0002106212680456459
1772535384.7823732,931,0.7812976837158203,1279.9218797680805,0.4865149092562829,0.001464550988459733,1.0909531009997797e-05,0.05314199413318291,0.001745329668113249,0.1697540283203125,1.0,7.514103850077432e-06,7.514103850083192e-06,0.00020713135928081253
1772535384.7955742,932,0.8816719055175781,1134.2087614926988,0.4888313844758204,0.002602152884592542,1.0909951118394028e-05,0.05314199413318291,0.001745329668113249,0.1697540283203125,1.0,4.986844386134562e-06,4.986844386130946e-06,0.00019828692500133607
1772535384.807402,933,0.7748603820800781,1290.555076923077,0.4867685664244652,0.0023099746390680504,1.0909931633944854e-05,0.05314199413318291,0.0,0.1697540283203125,1.0,7.6291490450319885e-06,7.6291490450319885e-06,0.000175101093097782
1772535384.8205311,934,0.606536865234375,1648.7044025157234,0.48955364983968025,0.003122905676395524,1.0909918083506765e-05,0.05314199413318291,0.0,0.1697540283203125,1.0,1.1900299265585723e-05,1.1900299265585723e-05,0.00015475438812213502
1772535384.8334832,935,1.2748241424560547,784.4219188329905,0.48916395226226916,0.00044500252390967335,1.0909904440090306e-05,0.05314199413318291,0.0,0.1697540283203125,1.0,1.3966692532456252e-05,1.3966692532456252e-05,0.00013610901122350998
1772535384.845096,936,0.8165836334228516,1224.6143065693432,0.48733171741038206,0.002053421495292525,1.0909895985974907e-05,0.05314199413318291,0.0,0.1697540283203125,1.0,1.582023708930539e-05,1.582023708930816e-05,0.00011928909281518694
1772535384.8581135,937,1.0302066802978516,970.6790094885444,0.4887140241934175,0.0015517519872797476,1.0909891924813141e-05,0.05314199413318291,0.0017453317487078485,0.1697540283203125,1.0,1.923169993547612e-05,1.923169993547612e-05,0.00016602947552081358
1772535384.8699973,938,0.8060932159423828,1240.5513161786453,0.48718325663191786,0.0017140235515741232,1.0910053509740312e-05,0.05314199413318291,0.0017453317487078485,0.1697540283203125,1.0,1.6989623618174423e-05,1.698962361817917e-05,0.00010840405926899108
1772535384.8827739,939,0.888824462890625,1125.0815450643777,0.48788193210627717,0.0007889898793013263,1.0910037475380304e-05,0.05314199413318291,0.0017453317487078485,0.1697540283203125,1.0,1.9784455345743874e-05,1.97844553457428e-05,0.0003976060372772958
1772535384.8957472,940,1.003265380859375,996.745247148289,0.4892506348457826,0.0015318920017257536,1.0910588208828395e-05,0.05314199413318291,0.0017453317487078485,0.1697540283203125,1.0,1.2208031853395402e-05,1.2208031853395947e-05,0.00013502541811933632
1772535384.9079556,941,1.1930465698242188,838.1902478017586,0.48775010682053915,0.0016832445534755878,1.0910519694514415e-05,0.05314199413318291,0.0,0.1697540283203125,1.0,1.378830652979218e-05,1.378830652979218e-05,0.00011845869642613202
1772535384.9200854,942,0.8385181427001953,1192.5800398066533,0.48753472955873384,0.0002381259170605945,1.0910461027536452e-05,0.05314199413318291,0.001745329668113249,0.1697540283203125,1.0,1.6281955284940445e-05,1.6281955284940445e-05,0.00024701239316604607
1772535384.932689,943,0.9522438049316406,1050.1512268402603,0.4879417956013068,0.00046024446058475285,1.091080643436562e-05,0.05314199413318291,0.0,0.1697540283203125,1.0,1.207460038674432e-05,1.207460038674432e-05,0.00021969945979220118
1772535384.945166,944,0.9198188781738281,1087.17055469155,0.4880213326334365,9.130489807327713e-05,1.0911118276105243e-05,0.05314199413318291,0.0,0.1697540283203125,1.0,8.920067046286863e-06,8.920067046286831e-06,0.0001949446243739421
1772535384.9576373,945,0.5195140838623047,1924.8756310234053,0.48887877996001833,0.0009596289473084587,1.0911399710961227e-05,0.05314199413318291,0.001745329668113249,0.1697540283203125,1.0,7.864935082434626e-06,7.864935082433769e-06,0.0001676570764972716
1772535384.971024,946,1.154184341430664,866.4127246436686,0.48991810631519056,0.0011570190406155212,1.0911255372311647e-05,0.05314199413318291,0.0017453317487078485,0.1697540283203125,1.0,9.387180678580894e-06,9.387180678572232e-06,0.00016281557872887287
1772535384.982834,947,0.8482933044433594,1178.8375491849354,0.48841851365151734,0.001685810057624219,1.0911292000288704e-05,0.05314199413318291,0.0017453317487078485,0.1697540283203125,1.0,8.507072007378985e-06,8.507072007379238e-06,0.00014759699292695973
1772535384.9951394,948,0.9350776672363281,1069.4298827129016,0.48729595292969163,0.0012555952996561222,1.091115971238472e-05,0.05314199413318291,0.0017453317487078485,0.1697540283203125,1.0,1.0625506578452384e-05,1.062550657845572e-05,0.00014792230863622455
1772535385.0079265,949,0.9560585021972656,1045.9610972568578,0.48858540615973184,0.0014483652408980308,1.091120745433332e-05,0.05314199413318291,0.0,0.1697540283203125,1.0,1.094571271280646e-05,1.094571271280646e-05,0.00013249265100887463
1772535385.020211,950,0.7174015045166016,1393.9195746095047,0.48850720998239355,8.964977581088684e-05,1.0911250915021082e-05,0.05314199413318291,0.0017453317487078485,0.1697540283203125,1.0,1.0570346614037613e-05,1.0570346614037613e-05,0.00013761167158850548
1772535385.032743,951,0.9760856628417969,1024.5002442598925,0.48791734448007135,0.0006605470563620963,1.0911125034847453e-05,0.05314199413318291,0.0,0.1697540283203125,1.0,1.2454864607763493e-05,1.2454864607764529e-05,0.00012114637227789068
1772535385.0455306,952,0.8594989776611328,1163.4685159500693,0.48922827779974265,0.001467494965874736,1.091101288589546e-05,0.05314199413318291,0.0,0.1697540283203125,1.0,1.5007332262831034e-05,1.5007332262832913e-05,0.00010644990893414835
1772535385.0575597,953,0.6613731384277344,1512.0057678442681,0.4880081878635348,0.0013692676244069018,1.0910912133349974e-05,0.05314199413318291,0.0,0.1697540283203125,1.0,1.5846372465775572e-05,1.5846372465775572e-05,9.312310153378754e-05
1772535385.0701036,954,0.7429122924804688,1346.0539152759948,0.48815604023711956,0.0001677044625832883,1.0910823729573516e-05,0.05314199413318291,0.0,0.1697540283203125,1.0,1.7842699152274808e-05,1.7842699152274608e-05,8.122742466510609e-05
1772535385.0827575,955,0.6260871887207031,1597.2216298552933,0.4890394157728377,0.0009882567401822185,1.0910744807884247e-05,0.05314199413318291,0.0,0.1697540283203125,1.0,1.951164744162376e-05,1.9511647441624754e-05,7.057736661411237e-05
1772535385.0956507,956,0.8461475372314453,1181.8269935193011,0.48951809863951506,0.0005308317532333973,1.0910674535743807e-05,0.05314199413318291,0.0017453317487078485,0.1697540283203125,1.0,2.0510259775815474e-05,2.0510259775815474e-05,0.00016432330922330193
1772535385.1073425,957,0.7009506225585938,1426.634013605442,0.4870643545465737,0.0027498914829442284,1.0910778878065919e-05,0.05314199413318291,0.0,0.1697540283203125,1.0,1.7435963000758602e-05,1.7435963000758602e-05,0.00014731838145488912
1772535385.1203322,958,0.8244514465332031,1212.9277038750722,0.4885736331758067,0.0016962115495646705,1.0910875159689044e-05,0.05314199413318291,0.0,0.1697540283203125,1.0,1.7609978084977695e-05,1.7609978084977695e-05,0.00013236056285594025
1772535385.1332023,959,0.7424354553222656,1346.9184328837507,0.4899971755647286,0.0015886065198031602,1.0910961334188553e-05,0.05314199413318291,0.0017453317487078485,0.1697540283203125,1.0,1.6448958074437462e-05,1.644895807444228e-05,0.00027959713051749116
1772535385.1456125,960,0.8914470672607422,1121.7715966836051,0.4890378616877537,0.001082371373126179,1.0911272882814648e-05,0.05314199413318291,0.001745329668113249,0.1697540283203125,1.0,1.0692151486141097e-05,1.0692151486141097e-05,0.0001170817941865769
1772535385.1576288,961,0.8649826049804688,1156.0926130099228,0.48740274237038866,0.0018314848376854694,1.0911155374049495e-05,0.05314199413318291,0.0017453317487078485,0.1697540283203125,1.0,1.2005345704856336e-05,1.2005345704857395e-05,0.0003839827889534295
1772535385.1702812,962,0.7610321044921875,1314.0050125313282,0.4883425488086213,0.0010576627704633598,1.0911615327437987e-05,0.05314199413318291,0.001745329668113249,0.038623809814453125,1.0,7.469780562362076e-06,7.469780562361838e-06,0.0001111136991297599
1772535385.182997,963,0.8864402770996094,1128.1075847229692,0.48868114717162364,0.00037882247414750973,1.0911630314611475e-05,0.05314199413318291,0.0,0.04863739013671875,1.0,7.682678542927357e-06,7.682678542927596e-06,9.915195759524675e-05
1772535385.1950037,964,0.7507801055908203,1331.9479199745952,0.4874660059054264,0.0013601222255584136,1.0911643784290301e-05,0.05314199413318291,0.0017453317487078485,0.04863739013671875,1.0,7.79447500111153e-06,7.7944750011169e-06,0.00015513222150734317
1772535385.20728,965,0.6661415100097656,1501.1825340014316,0.48697647365269275,0.0005426922335312511,1.0911489999495665e-05,0.05314199413318291,0.0,0.04863739013671875,1.0,8.735361751157821e-06,8.735361751159791e-06,0.00013752264496170858
1772535385.220476,966,0.9987354278564453,1001.2661733110527,0.48862443966408636,0.0018516393379949172,1.0911352208043762e-05,0.05314199413318291,0.0,0.0591278076171875,1.0,1.0581546923620546e-05,1.0581546923620546e-05,0.00012182663207198635
1772535385.2330503,967,0.9343624114990234,1070.2485327889767,0.48900285784582154,0.0004210116770045686,1.0911228329066889e-05,0.05314199413318291,0.0,0.0591278076171875,1.0,1.1818455401410837e-05,1.1818455401410837e-05,0.00010757231173670814
1772535385.245536,968,0.8003711700439453,1249.4203157581173,0.48919261284669185,0.0002088918518075854,1.091111730796446e-05,0.05314199413318291,0.0017453317487078485,0.0591278076171875,1.0,1.3230108060269302e-05,1.3230108060269302e-05,0.00012940688868642917
1772535385.258175,969,0.9069442749023438,1102.6035751840168,0.4892431292591388,5.747255877481199e-05,1.0911184083926251e-05,0.05314199413318291,0.0017453317487078485,0.0591278076171875,1.0,1.2290919457999517e-05,1.2290919457999517e-05,0.00010625514032276586
1772535385.2700043,970,0.7808208465576172,1280.7035114503817,0.4872696423443238,0.0022111685230356663,1.091107879211541e-05,0.05314199413318291,0.0,0.0629425048828125,1.0,1.291766949892786e-05,1.2917669498929113e-05,9.360925889701993e-05
1772535385.2828,971,0.8068084716796875,1239.451536643026,0.4882893935787333,0.0011478449413808774,1.0910985468428857e-05,0.05314199413318291,0.0,0.0629425048828125,1.0,1.5041454142686524e-05,1.504145414269281e-05,8.237871413018418e-05
1772535385.295305,972,0.8029937744140625,1245.3396674584324,0.4883326187720116,4.903163915586758e-05,1.0910901464293836e-05,0.05314199413318291,0.001745329668113249,0.0629425048828125,1.0,1.5802322553895766e-05,1.580232255389528e-05,0.0002908993723034308
1772535385.307825,973,0.9377002716064453,1066.4388507500635,0.4880679821958545,0.00029558683826828164,1.0911224633029774e-05,0.05314199413318291,0.0,0.0629425048828125,1.0,1.04393648519803e-05,1.04393648519803e-05,0.0002585201101620568
1772535385.3203092,974,0.7443428039550781,1343.4670083279948,0.4885692271317481,0.0005621711966051665,1.0911515739634628e-05,0.05314199413318291,0.0,0.0629425048828125,1.0,7.235191703033875e-06,7.235191703033875e-06,0.0002294586711857619
1772535385.3333085,975,1.0037422180175781,996.2717339667458,0.4894994412467759,0.0010378919881359977,1.091177809232374e-05,0.05314199413318291,0.0,0.0629425048828125,1.0,7.102007202548708e-06,7.102007202548092e-06,0.0002032773557454733
1772535385.3457243,976,0.885009765625,1129.9310344827586,0.4893118302084213,0.00021913120185745096,1.0912014614654544e-05,0.05314199413318291,0.0017453317487078485,0.0629425048828125,1.0,9.13797886298587e-06,9.13797886298587e-06,0.00015764037922491483
1772535385.3578677,977,0.9686946868896484,1032.317007137583,0.4879041284247282,0.001578677252567672,1.09119936169024e-05,0.05314199413318291,0.0017453317487078485,0.06937980651855469,1.0,7.813856132535167e-06,7.813856132535167e-06,0.00016104971538676003
1772535385.3710763,978,1.1229515075683594,890.5104033970276,0.4898425568231915,0.002169108881503262,1.0911807742515003e-05,0.05314199413318291,0.0,0.10752677917480469,1.0,6.795950691177841e-06,6.795950691178168e-06,0.0001430201121140964
1772535385.3827395,979,0.6897449493408203,1449.8112685793294,0.4879213894526555,0.002155339950551193,1.0911641351121058e-05,0.05314199413318291,0.0,0.10752677917480469,1.0,6.145530897056744e-06,6.145530897056744e-06,0.0001262810976586919
1772535385.3956828,980,0.9355545043945312,1068.8848114169216,0.48877224966702915,0.0009546250119943866,1.0911490652569532e-05,0.05314199413318291,0.0017453317487078485,0.10752677917480469,1.0,7.5717766068346605e-06,7.5717766068346605e-06,0.0001501892036200951
1772535385.4076273,981,0.8184909820556641,1221.7605592775997,0.4872827727182412,0.0016670392465712085,1.0911521608142227e-05,0.05314199413318291,0.0,0.10752677917480469,1.0,6.504795084760291e-06,6.504795084760291e-06,0.00013439892106338738
1772535385.4206119,982,0.8692741394042969,1150.3850795392211,0.4888325665738206,0.00174017453498923,1.0911549093740843e-05,0.05314199413318291,0.0017453317487078485,0.10752677917480469,1.0,6.683887278586386e-06,6.683887278586386e-06,0.0001246865930379434
1772535385.432897,983,0.8840560913085938,1131.1499460625673,0.4879845453942533,0.0009503362514239471,1.0911408604151051e-05,0.05314199413318291,0.0,0.10752677917480469,1.0,7.66550874424457e-06,7.66550874424457e-06,0.0001100441195894131
1772535385.4453254,984,0.8070468902587891,1239.0853766617429,0.4880501346333463,7.756347520245939e-05,1.0911282217253366e-05,0.05314199413318291,0.0017453317487078485,0.10752677917480469,1.0,9.361792073210583e-06,9.361792073211411e-06,0.00013667728890603905
1772535385.4577987,985,0.8471012115478516,1180.496481846327,0.4879391100397444,0.00012256862077354792,1.0911334618486368e-05,0.05314199413318291,0.0,0.10752677917480469,1.0,8.607111129564781e-06,8.607111129564871e-06,0.000122324731392879
1772535385.4707778,986,0.9889602661132812,1011.1629701060752,0.4890806594427144,0.0012785933140210307,1.0911382101635866e-05,0.05314199413318291,0.0017453317487078485,0.10752677917480469,1.0,8.460699068664562e-06,8.46069906866452e-06,0.00025880729106451445
1772535385.4823644,987,0.7059574127197266,1416.516041877744,0.48673749576181424,0.0026241235845480687,1.0911657604809825e-05,0.05314199413318291,0.0017453317487078485,0.10752677917480469,1.0,5.181972475951422e-06,5.181972475951422e-06,0.000114437392661417
1772535385.4952018,988,0.759124755859375,1317.3065326633166,0.4880013019217578,0.0014246573446085086,1.091167207148349e-05,0.05314199413318291,0.0017453317487078485,0.10752677917480469,1.0,5.923867446909248e-06,5.923867446910262e-06,0.0001414501131312932
1772535385.507878,989,0.7011890411376953,1426.1489289357362,0.4888763670280761,0.0009800534520152469,1.091152039928006e-05,0.05314199413318291,0.0,0.10752677917480469,1.0,6.413181478163531e-06,6.413181478163531e-06,0.00012544963816815046
1772535385.5205607,990,0.8890628814697266,1124.779833735586,0.48882469832106445,6.31907345798433e-05,1.0911383543665379e-05,0.05314199413318291,0.0,0.10752677917480469,1.0,7.546881220125211e-06,7.546881220124645e-06,0.0001109282482560176
1772535385.5328639,991,0.8699893951416016,1149.4392984379283,0.48815994292710313,0.0007459281360217605,1.0911260452323663e-05,0.05314199413318291,0.001745329668113249,0.10752677917480469,1.0,8.880061430316049e-06,8.880061430316049e-06,0.00026261608580363673
1772535385.5455081,992,0.8740425109863281,1144.1091107474085,0.48861208957097235,0.0005066513671894621,1.091154780259367e-05,0.05314199413318291,0.0,0.10752677917480469,1.0,5.587526390440221e-06,5.587526390440221e-06,0.00023307268361192444
1772535385.558339,993,1.1792182922363281,848.0194096239385,0.48855724626257296,6.325269681231439e-05,1.0911806646719392e-05,0.05314199413318291,0.001745329668113249,0.10752677917480469,1.0,5.953465339267796e-06,5.953465339267796e-06,0.00014133522691326265
1772535385.5708039,994,0.9293556213378906,1076.0143663417136,0.48909331986793647,0.000597847490195002,1.0911640911187909e-05,0.05314199413318291,0.0017453317487078485,0.10752677917480469,1.0,5.4423009117594065e-06,5.4423009117594065e-06,0.0001428389324295722
1772535385.5826488,995,0.9396076202392578,1064.274042121289,0.48710205933498507,0.0022304399422422563,1.0911657742825958e-05,0.05314199413318291,0.0,0.10752677917480469,1.0,4.683462580707223e-06,4.683462580707223e-06,0.00012770702866289315
1772535385.5952187,996,0.7731914520263672,1293.3407338883749,0.4878914414902884,0.0008916912738530134,1.091167191058267e-05,0.05314199413318291,0.0017453317487078485,0.10752677917480469,1.0,5.000085367768316e-06,5.000085367768075e-06,0.00013618910818012487
1772535385.6077456,997,0.7491111755371094,1334.915340547422,0.4880085678117944,0.00013455753266422042,1.0911519693679378e-05,0.05314199413318291,0.0017453317487078485,0.10752677917480469,1.0,5.481417857488395e-06,5.481417857488155e-06,0.00012195877188915726
1772535385.6202822,998,0.7693767547607422,1299.7533312674311,0.48832787422324264,0.00035904246439582345,1.0911548219770691e-05,0.05314199413318291,0.0,0.10752677917480469,1.0,5.532806393215593e-06,5.532806393215593e-06,0.00010898772924158646
1772535385.6331,999,0.8933544158935547,1119.3765679210035,0.4889917272452136,0.0007417451060290491,1.0911573982359844e-05,0.05314199413318291,0.0,0.10752677917480469,1.0,5.8989367102889915e-06,5.8989367102889915e-06,9.726962367282495e-05
1772535385.6451554,1000,0.6058216094970703,1650.650924832743,0.48829523567170424,0.000782608671963984,1.0911597286803907e-05,0.05314199413318291,0.0,0.10752677917480469,1.0,6.181155188452086e-06,6.181155188452086e-06,8.661914780553884e-05
1772535385.6577644,1001,0.8132457733154297,1229.6405746115508,0.48804081736186694,0.0002840632433985986,1.0911617897849783e-05,0.05314199413318291,0.0017453317487078485,0.10752677917480469,1.0,6.7725178443003866e-06,6.772517844300652e-06,0.0001510009479474741
1772535385.6701632,1002,0.72479248046875,1379.7052631578947,0.48795115150393903,9.885223581608786e-05,1.0911470732938848e-05,0.05314199413318291,0.001745329668113249,0.10752677917480469,1.0,6.977601870427626e-06,6.977601870427626e-06,0.00025950090618621804
1772535385.682792,1003,0.7817745208740234,1279.1412015858493,0.48836067837884817,0.0004602709548851383,1.091173597156397e-05,0.05314199413318291,0.0,0.10752677917480469,1.0,5.27225967953963e-06,5.27225967953963e-06,0.00023037939840040765
1772535385.695943,1004,1.0366439819335938,964.6513339466421,0.48979999194851725,0.001607561902614493,1.091197471335028e-05,0.05314199413318291,0.001745329668113249,0.10752677917480469,1.0,7.470386533040337e-06,7.470386533037792e-06,0.0001653846461965562
1772535385.7081687,1005,0.9691715240478516,1031.8091020910208,0.4887577833424104,0.001173857238592548,1.0911791179919474e-05,0.05314199413318291,0.001745329668113249,0.10752677917480469,1.0,4.820233787716877e-06,4.820233787716877e-06,0.00021665696379326077
1772535385.7201574,1006,0.7436275482177734,1344.7592176979801,0.487680233464294,0.0012067495031448693,1.0912023061926258e-05,0.05314199413318291,0.001745329668113249,0.10752677917480469,1.0,7.597589969476741e-06,7.5975899694796115e-06,0.0001652699817836012
1772535385.7331572,1007,0.9124279022216797,1095.9770054873268,0.48895726801890066,0.0014319129634630507,1.0911832799990408e-05,0.05314199413318291,0.0017453317487078485,0.10752677917480469,1.0,5.459671795560182e-06,5.459671795560182e-06,0.00013085556468755692
1772535385.7451894,1008,0.804901123046875,1242.3886255924172,0.4875270874787908,0.0016022512731682695,1.0911828062961532e-05,0.05314199413318291,0.0017453317487078485,0.10752677917480469,1.0,4.819336887646723e-06,4.819336887647459e-06,0.0001502638280644662
1772535385.7574253,1009,0.6406307220458984,1560.9616672869372,0.4873411463167137,0.00020446934733080914,1.0911656765470633e-05,0.05314199413318291,0.0,0.10752677917480469,1.0,4.052040102634282e-06,4.052040102634282e-06,0.00013318109053692966
1772535385.7707179,1010,0.9396076202392578,1064.274042121289,0.48934328249891024,0.00224413408658486,1.0911503050043208e-05,0.05314199413318291,0.0,0.10752677917480469,1.0,5.211254544012786e-06,5.2112545440127926e-06,0.00011796323529422292
1772535385.7827983,1011,0.7827281951904297,1277.5826987511423,0.4881269166641892,0.0013657079505248104,1.0911364614693978e-05,0.05314199413318291,0.0,0.10752677917480469,1.0,6.449725572415881e-06,6.4497255724161e-06,0.00010395901961316812
1772535385.7951417,1012,0.7519721984863281,1329.8363982244769,0.48778271496494763,0.00038348597513610216,1.0911240287000601e-05,0.05314199413318291,0.0,0.10752677917480469,1.0,8.262902111787948e-06,8.262902111787948e-06,9.14198222876611e-05
1772535385.808412,1013,0.9188652038574219,1088.2989102231447,0.48986449873842486,0.002329420434026578,1.0911128888484947e-05,0.05314199413318291,0.0,0.10752677917480469,1.0,1.0432785727523958e-05,1.0432785727523958e-05,8.023127689718648e-05
1772535385.820693,1014,0.98419189453125,1016.062015503876,0.4887586973587152,0.0012452691547809043,1.0911028387523216e-05,0.05314199413318291,0.0,0.10752677917480469,1.0,1.1126335659255626e-05,1.1126335659255324e-05,7.003701383883005e-05
1772535385.8325377,1015,0.7052421569824219,1417.9526707234618,0.4873246773463158,0.0016054136598194955,1.0910939363839193e-05,0.05314199413318291,0.0,0.10752677917480469,1.0,1.2194571446744706e-05,1.2194571446744706e-05,6.089711408691203e-05
1772535385.845589,1016,0.8747577667236328,1143.173616789316,0.48884207614006364,0.0017031631761434255,1.091086033708557e-05,0.05314199413318291,0.0,0.10752677917480469,1.0,1.4169280202056701e-05,1.4169280202057906e-05,5.273938880395067e-05
1772535385.8579707,1017,0.9267330169677734,1079.059428865449,0.4882138935672171,0.0007051189889192788,1.0910788824302735e-05,0.05314199413318291,0.0,0.10752677917480469,1.0,1.442512216673101e-05,1.4425122166740405e-05,4.5412288966401376e-05
1772535385.8701723,1018,0.7452964782714844,1341.747920665387,0.4877912053253119,0.00047160597025323967,1.091072617117815e-05,0.05314199413318291,0.0,0.10752677917480469,1.0,1.5231993935231047e-05,1.5231993935231047e-05,3.88709708476057e-05
1772535385.882933,1019,0.89263916015625,1120.2735042735044,0.48828692396307966,0.0005579451982150438,1.0910670667709393e-05,0.05314199413318291,0.001745329668113249,0.10752677917480469,1.0,1.620999569606262e-05,1.620999569607248e-05,0.0003073217237942294
1772535385.8954084,1020,0.7734298706054688,1292.9420468557337,0.4885487049588577,0.00029289354938550965,1.0911018746027658e-05,0.05314199413318291,0.001745329668113249,0.10752677917480469,1.0,1.0327739638726943e-05,1.03277396387259e-05,6.335010351351007e-05
1772535385.908871,1021,1.4755725860595703,677.7030214897399,0.48977621234140084,0.001369852498435764,1.091093492916941e-05,0.05314199413318291,0.001745329668113249,0.110626220703125,1.0,1.1751824866817174e-05,1.1751824866817174e-05,0.00028144156561000556
1772535385.9198492,1022,0.5750656127929688,1738.9320066334992,0.4869860970276977,0.0031273477945361018,1.0911258440422814e-05,0.05314199413318291,0.0017453317487078485,0.110626220703125,1.0,6.716211257952208e-06,6.716211257952208e-06,0.00017497946392034536
1772535385.9329987,1023,0.8757114410400391,1141.928668663218,0.48845101225771387,0.0016472821147755677,1.0911316745895511e-05,0.05314199413318291,0.0017453317487078485,0.110626220703125,1.0,5.75454926107277e-06,5.754549261077691e-06,9.259458793405391e-05
1772535385.9451942,1024,0.7836818695068359,1276.0279890477639,0.48776230094805506,0.0007705465982859277,1.0911204015451511e-05,0.05314199413318291,0.0017453317487078485,0.110626220703125,1.0,6.759182285025712e-06,6.759182285029226e-06,0.00016236324557508544
1772535385.9579515,1025,0.8497238159179688,1176.8529741863076,0.488577901936734,0.0009154431929959601,1.0911268321228823e-05,0.05314199413318291,0.0017453317487078485,0.110626220703125,1.0,5.635734772542538e-06,5.63573477254287e-06,0.0002567467049252498
1772535385.969857,1026,0.7331371307373047,1364.0013008130081,0.48674310047498465,0.002053351993148639,1.0911558599605364e-05,0.05314199413318291,0.0017453317487078485,0.110626220703125,1.0,4.287458820175643e-06,4.287458820177899e-06,0.0001464682596961965
1772535385.9827194,1027,0.7383823394775391,1354.3119147562156,0.48834866738944677,0.0018059202481345148,1.0911586599085913e-05,0.05314199413318291,0.0017453317487078485,0.110626220703125,1.0,4.1788960402046406e-06,4.1788960402003e-06,0.00012249390764858733
1772535385.9956028,1028,0.9717941284179688,1029.0245338567222,0.48892130465746314,0.0006393991939722142,1.0911446960720833e-05,0.05314199413318291,0.0017453317487078485,0.110626220703125,1.0,3.840077200975426e-06,3.840077200972975e-06,0.00013779235474010155
1772535386.007861,1029,0.9119510650634766,1096.5500653594772,0.48820733472177813,0.0008020224384255885,1.0911486653054844e-05,0.05314199413318291,0.0017453317487078485,0.110626220703125,1.0,3.5382020541189763e-06,3.5382020541211396e-06,0.00011690871713278259
1772535386.020723,1030,0.9424686431884766,1061.0432582848468,0.48931291475754723,0.0012359019281314877,1.0911356146830942e-05,0.05314199413318291,0.0017453317487078485,0.110626220703125,1.0,4.409957103122175e-06,4.409957103122175e-06,0.000131522862475397
1772535386.0327775,1031,0.8566379547119141,1167.3543000278319,0.487946993984226,0.0015327767169893538,1.0911404905636153e-05,0.05314199413318291,0.0017453317487078485,0.110626220703125,1.0,4.005668657300692e-06,4.005668657300692e-06,0.00011348542195717221
1772535386.0464265,1032,1.567840576171875,637.8199513381995,0.48974377726544516,0.0020099446524284117,1.0911282605267224e-05,0.05314199413318291,0.0017453317487078485,0.15401840209960938,1.0,5.395208078583526e-06,5.395208078583526e-06,0.00012711671841626203
1772535386.058648,1033,1.3854503631591797,721.786955773533,0.48917776042497013,0.0006421630815922478,1.0911338870109552e-05,0.05314199413318291,0.001745329668113249,0.15401840209960938,1.0,4.881578718555543e-06,4.881578718555572e-06,0.00038064956150870444
1772535386.0708096,1034,1.226186752319336,815.53645732063,0.4881978767259871,0.001099930270052811,1.0911789698129311e-05,0.05314199413318291,0.0017453317487078485,0.15401840209960938,1.0,6.570068135402084e-06,6.570068135402084e-06,0.00015223406272461655
1772535386.0833604,1035,1.22833251953125,814.111801242236,0.4885652045972663,0.00041199619679081046,1.0911628199706448e-05,0.05314199413318291,0.001745329668113249,0.15401840209960938,1.0,4.497898530662453e-06,4.497898530659423e-06,0.00023659863187477223
1772535386.0958736,1036,1.1386871337890625,878.2043551088777,0.48865979958723915,0.00010493261944529694,1.0911881127398407e-05,0.05314199413318291,0.001745329668113249,0.15401840209960938,1.0,7.599488789949395e-06,7.599488789951993e-06,0.00015379686662970066
1772535386.108402,1037,1.1990070343017578,834.0234639093259,0.48869319989241317,3.668398350430585e-05,1.0911709796943788e-05,0.05314199413318291,0.0,0.15401840209960938,1.0,4.881319765190798e-06,4.8813197651826895e-06,0.00013668105685431397
1772535386.1209571,1038,1.3420581817626953,745.1241783620536,0.48831006389801684,0.00042983136985069406,1.0911555171495541e-05,0.05314199413318291,0.0,0.15401840209960938,1.0,3.246703238866492e-06,3.246703238866492e-06,0.00012117983068691827
1772535386.1338868,1039,1.5103816986083984,662.0842936069455,0.4893055861642271,0.001113083683651316,1.0911415797450272e-05,0.05314199413318291,0.0017453317487078485,0.15401840209960938,1.0,3.587348959717857e-06,3.587348959717857e-06,0.00013574856687468976
1772535386.1465502,1040,1.6827583312988281,594.2623972796827,0.48927283123874366,4.974607528941306e-05,1.0911456490548537e-05,0.05314199413318291,0.0017453317487078485,0.15401840209960938,1.0,3.2660421585688347e-06,3.2660421585688347e-06,0.0001162257975887725
1772535386.158321,1041,1.260519027709961,793.3240022697182,0.487771866426105,0.0016824027020296637,1.0911326825502853e-05,0.05314199413318291,0.0,0.15401840209960938,1.0,4.173462952658381e-06,4.1734629526579254e-06,0.0001027163042365361
1772535386.170793,1042,1.2218952178955078,818.4007804878049,0.4877527481124258,2.8389847416140435e-05,1.0911210431074424e-05,0.05314199413318291,0.0,0.15401840209960938,1.0,5.826330856916824e-06,5.826330856916824e-06,9.065642866512897e-05
1772535386.1836672,1043,1.329183578491211,752.3415246636771,0.4888801150512536,0.0012645688605543905,1.0911106014023794e-05,0.05314199413318291,0.0,0.15401840209960938,1.0,7.543329509770797e-06,7.5433295097812e-06,7.983900707685883e-05
1772535386.1957686,1044,1.1115074157714844,899.6791076791077,0.48803758800590297,0.0009444001533683756,1.0911012088247749e-05,0.05314199413318291,0.001745329668113249,0.15401840209960938,1.0,8.5726301962216e-06,8.572630196232245e-06,0.00027972653645118013
1772535386.207655,1045,0.7624626159667969,1311.5397123202001,0.4871095128115559,0.0010354994025600262,1.0911325902591836e-05,0.05314199413318291,0.0,0.15401840209960938,1.0,4.16401854831988e-06,4.16401854831988e-06,0.0002478434901620659
1772535386.2208781,1046,1.1632442474365234,859.6646853863497,0.48850009708240305,0.0015633917689892522,1.0911607556142272e-05,0.05314199413318291,0.0017453317487078485,0.15401840209960938,1.0,5.116398404250232e-06,5.116398404249939e-06,0.00015237868276108584
1772535386.2337987,1047,1.4102458953857422,709.0961961115808,0.4890229608052923,0.000583415863990258,1.091162980188163e-05,0.05314199413318291,0.0017453317487078485,0.15401840209960938,1.0,4.337564665923977e-06,4.337564665923977e-06,0.00012624283910075927
1772535386.2452943,1048,0.812530517578125,1230.7230046948357,0.4875510367478213,0.0016492384218750674,1.0911483224563385e-05,0.05314199413318291,0.0,0.15401840209960938,1.0,3.09821364625211e-06,3.098213646255785e-06,0.00011166850022106465
1772535386.2580466,1049,0.881195068359375,1134.8225108225108,0.4882590000979141,0.0007971624242028664,1.0911351005222849e-05,0.05314199413318291,0.001745329668113249,0.15401840209960938,1.0,3.901221914466699e-06,3.9012219144670104e-06,0.00024574906330254904
1772535386.270794,1050,0.9961128234863281,1003.9023456199138,0.4888548116503614,0.0006664746375722977,1.0911630033485905e-05,0.05314199413318291,0.0017453317487078485,0.15401840209960938,1.0,4.994512555948774e-06,4.9945125559513375e-06,0.00015075052135453117
1772535386.2825987,1051,0.8685588836669922,1151.3324183365357,0.4867245552809888,0.0023849829990582917,1.0911648888937658e-05,0.05314199413318291,0.0,0.15401840209960938,1.0,4.072793485910201e-06,4.07279348591881e-06,0.00013479297204145179
1772535386.2951472,1052,0.7808208465576172,1280.7035114503817,0.48743140233532095,0.0008025071187907016,1.091166452568441e-05,0.05314199413318291,0.0017453317487078485,0.15401840209960938,1.0,4.286311670080876e-06,4.286311670080876e-06,0.00013446096434789547
1772535386.3082592,1053,0.9634494781494141,1037.93714427122,0.48898377950594163,0.0017407811226530072,1.0911513696457765e-05,0.05314199413318291,0.0,0.15401840209960938,1.0,2.7543272562871194e-06,2.7543272562871194e-06,0.00011942501528948398
1772535386.3206854,1054,1.3651847839355469,732.5015717778554,0.48743686675704356,0.0017335700373406475,1.0911377548954503e-05,0.05314199413318291,0.0,0.15401840209960938,1.0,3.024611352067131e-06,3.0246113520671523e-06,0.0001055618354151323
1772535386.3325663,1055,0.7567405700683594,1321.4568367989918,0.4873118160384574,0.00013737700526362344,1.091125489668921e-05,0.05314199413318291,0.001745329668113249,0.15401840209960938,1.0,4.638632854643737e-06,4.638632854643737e-06,0.00025629341393700955
1772535386.3456259,1056,0.9000301361083984,1111.0739072847682,0.48893655216523635,0.0018222850427986514,1.0911541842803684e-05,0.05314199413318291,0.0017453317487078485,0.15401840209960938,1.0,3.502824837209939e-06,3.502824837209939e-06,0.00014385160056502205
1772535386.3578477,1057,0.8716583251953125,1147.238512035011,0.48807083701310616,0.0009719927017638665,1.0911568765904477e-05,0.05314199413318291,0.0017453317487078485,0.15401840209960938,1.0,2.9455461508442038e-06,2.9455461508442038e-06,0.00012404834888487198
1772535386.3709686,1058,1.2767314910888672,783.2500466853407,0.48896779454299044,0.001003579206527123,1.0911426398011429e-05,0.05314199413318291,0.0,0.15401840209960938,1.0,2.674810481296428e-06,2.674810481296428e-06,0.00010993296465286428
1772535386.383319,1059,1.318216323852539,758.6008319768493,0.48821191754487564,0.0008492517036158494,1.0911298374890234e-05,0.05314199413318291,0.0017453317487078485,0.15401840209960938,1.0,3.883184707619401e-06,3.883184707619401e-06,0.00014245826553854868
1772535386.3960717,1060,1.4429092407226562,693.044282881692,0.4887179553248267,0.0005660355635757109,1.091134905935912e-05,0.05314199413318291,0.001745329668113249,0.15401840209960938,1.0,3.304582006609885e-06,3.304582006609885e-06,0.00037919387951115455
1772535386.408558,1061,1.3973712921142578,715.6294147756356,0.4887313966565582,1.8628250627098348e-05,1.0911794846861497e-05,0.05314199413318291,0.0017453317487078485,0.15401840209960938,1.0,6.295311438798757e-06,6.2953114387969325e-06,0.00014965183001020547
1772535386.421665,1062,1.6679763793945312,599.5288736420812,0.4899554201104016,0.001364583179293083,1.0911629455766936e-05,0.05314199413318291,0.0017453317487078485,0.15401840209960938,1.0,3.735601675986906e-06,3.735601675986906e-06,0.0003523292098265019
1772535386.4332547,1063,1.2631416320800781,791.676859192148,0.48788590048109526,0.0023224435385179923,1.0912047718444928e-05,0.05314199413318291,0.0017453317487078485,0.15401840209960938,1.0,9.847775139741569e-06,9.847775139741569e-06,0.0001734645656557933
1772535386.4458146,1064,1.2722015380859375,786.0389805097451,0.48808471458035446,0.00022591276009396852,1.0911854800793214e-05,0.05314199413318291,0.0,0.15401840209960938,1.0,6.871592384937663e-06,6.871592384947841e-06,0.00015446509655444915
1772535386.4587376,1065,1.434326171875,697.1914893617021,0.4891353008729253,0.0011758098367047499,1.0911681969598075e-05,0.05314199413318291,0.0,0.15401840209960938,1.0,4.051486637748376e-06,4.05148663775845e-06,0.00013739620443671658
1772535386.4708483,1066,1.161336898803711,861.0765756518168,0.4885709028582964,0.0006356849876081986,1.0911526081179162e-05,0.05314199413318291,0.0017453317487078485,0.15401840209960938,1.0,2.145082706169522e-06,2.145082706169522e-06,0.00012859190584668212
1772535386.4834201,1067,1.1665821075439453,857.2049867157164,0.4886372518823359,7.335424522385328e-05,1.0911551313785554e-05,0.05314199413318291,0.0017453317487078485,0.15401840209960938,1.0,2.5835930885811265e-06,2.5835930885811265e-06,0.00012914438299696046
1772535386.4958506,1068,1.363515853881836,733.3981465291134,0.4878086569867447,0.0009276155188913992,1.0911408094391597e-05,0.05314199413318291,0.0,0.15401840209960938,1.0,2.6471624248893832e-06,2.6471624248893832e-06,0.00011439184233424005
1772535386.5083466,1069,1.2345314025878906,810.0239474700657,0.4882242583042999,0.0004686552027749772,1.0911279369610142e-05,0.05314199413318291,0.001745329668113249,0.15401840209960938,1.0,4.330211850219478e-06,4.330211850228726e-06,0.001850788087048622
1772535386.5213635,1070,1.4066696166992188,710.8989830508475,0.4894145287627064,0.001330835051836488,1.0909072129029266e-05,0.05314199413318291,0.0017453275875186497,0.15401840209960938,1.0,2.7703721815085288e-05,2.7703721815085498e-05,0.00019314083199258844
1772535386.5332375,1071,1.1687278747558594,855.6311709506324,0.4877054548557638,0.001916464708612885,1.0909556678117397e-05,0.05314199413318291,0.0017453317487078485,0.15401840209960938,1.0,2.6566738426457502e-05,2.6566738426457502e-05,0.00023146669787566982
1772535386.5455544,1072,0.8833408355712891,1132.0658569500674,0.48823972135678445,0.0006019990238031377,1.0909758437692331e-05,0.05314199413318291,0.0017453317487078485,0.15401840209960938,1.0,2.460231901765796e-05,2.4602319017658016e-05,0.0002642021758872581
1772535386.557764,1073,0.8924007415771484,1120.5728025647877,0.4872183352308473,0.001141287752720553,1.0909775539223383e-05,0.05314199413318291,0.0017453317487078485,0.15401840209960938,1.0,1.867409875155056e-05,1.867409875155056e-05,0.0002983472924528027
1772535386.5704207,1074,0.8199214935302734,1219.6289619075312,0.48805046543266917,0.0009382152262596577,1.0910356118170101e-05,0.05314199413318291,0.0017453317487078485,0.15401840209960938,1.0,2.3477674754391557e-05,2.3477674754391557e-05,0.0002616878828387139
1772535386.5828154,1075,0.8230209350585938,1215.0359212050985,0.48789813018176803,0.00016896890248104297,1.0910313897640845e-05,0.05314199413318291,0.0017453317487078485,0.15401840209960938,1.0,1.7708513315106757e-05,1.7708513315106662e-05,0.00018011054058351074
1772535386.595141,1076,0.8203983306884766,1218.9200813716943,0.48731345592435,0.0006515309803954173,1.091044138851356e-05,0.05314199413318291,0.0017453317487078485,0.15401840209960938,1.0,1.528396208253642e-05,1.5283962082536226e-05,0.00022603525040744578
1772535386.608276,1077,0.9284019470214844,1077.1196712891629,0.4893099529726563,0.0022376092966538154,1.0910390531296386e-05,0.05314199413318291,0.0,0.15401840209960938,1.0,1.1608114679003765e-05,1.1608114679003621e-05,0.00020201877032945386
1772535386.6202927,1078,0.7750988006591797,1290.1581051984006,0.48804279952396484,0.001422731159335352,1.0910345128292948e-05,0.05314199413318291,0.0,0.15401840209960938,1.0,7.122893655588879e-06,7.122893655588879e-06,0.00017969683174916972
1772535386.633726,1079,1.4455318450927734,691.7869041728517,0.48933838762013704,0.001449232605785115,1.0910304776769383e-05,0.05314199413318291,0.0017453317487078485,0.15401840209960938,1.0,4.666622419361643e-06,4.666622419362506e-06,0.0001469335023362434
1772535386.646105,1080,1.3964176177978516,716.1181492231518,0.48872577232134456,0.0006915039356008021,1.0910434962186364e-05,0.05314199413318291,0.001745329668113249,0.15401840209960938,1.0,3.710799369514694e-06,3.710799369522249e-06,0.0003366069513447997
1772535386.6582959,1081,1.2958049774169922,771.7210671573137,0.4881017844339452,0.0006998718297170911,1.0910953206332063e-05,0.05314199413318291,0.001745329668113249,0.15401840209960938,1.0,8.871596381373648e-06,8.871596381373648e-06,0.00013016822791621355
1772535386.6708913,1082,1.3234615325927734,755.5943073320122,0.48820273566024275,0.00011461959586455702,1.09110191883915e-05,0.05314199413318291,0.0017453317487078485,0.15401840209960938,1.0,8.104412195765692e-06,8.104412195773742e-06,0.00019512689202103622
1772535386.683366,1083,1.2521743774414062,798.6108149276466,0.48833486349473365,0.0001485951233699584,1.0911311046618673e-05,0.05314199413318291,0.001745329668113249,0.15401840209960938,1.0,1.086686766264939e-05,1.086686766264939e-05,0.00020746200190175404
1772535386.695902,1084,1.2552738189697266,796.6389363722697,0.48847952443561,0.00016169908488763228,1.09111753392611e-05,0.05314199413318291,0.0,0.15401840209960938,1.0,6.603671388636968e-06,6.603671388636968e-06,0.00018468367841612552
1772535386.7087812,1085,1.4662742614746094,682.0006504065041,0.48908785632926854,0.000678851516208545,1.0911053250274791e-05,0.05314199413318291,0.0017453317487078485,0.15401840209960938,1.0,2.915796402620569e-06,2.9157964026203203e-06,0.00012790388146040536
1772535386.7203655,1086,0.8134841918945312,1229.2801875732707,0.487942161519963,0.0012850702870552133,1.0911109628609934e-05,0.05314199413318291,0.0017453317487078485,0.15401840209960938,1.0,2.825462913685745e-06,2.825462913685745e-06,0.0001657186867941256
1772535386.7326458,1087,0.6906986236572266,1447.809458060062,0.4875481826153136,0.00043810974109484055,1.0910994843361986e-05,0.05314199413318291,0.0,0.15401840209960938,1.0,1.7862561608630357e-06,1.7862561608630357e-06,0.00014698010254078246
1772535386.7454774,1088,0.6890296936035156,1451.3162629757785,0.48867917266336314,0.0012694388774486592,1.0910892245556463e-05,0.05314199413318291,0.0,0.15401840209960938,1.0,4.164799591441486e-06,4.164799591441159e-06,0.00013023514968763628
1772535386.7577176,1089,0.6706714630126953,1491.0430145751866,0.4878577497252375,0.0009203829187550474,1.0910800007567545e-05,0.05314199413318291,0.0017453317487078485,0.15401840209960938,1.0,6.34098518285933e-06,6.34098518285933e-06,0.00013085619863082714
1772535386.7698894,1090,0.7905960083007812,1264.8685162846803,0.48649833916630375,0.001517924974801621,1.0910884178584793e-05,0.05314199413318291,0.0017453317487078485,0.15401840209960938,1.0,5.885063596722798e-06,5.885063596722798e-06,0.00024452382628855203
1772535386.782945,1091,0.7159709930419922,1396.7046287046287,0.48878880216433407,0.0025729771913910156,1.091119190628548e-05,0.05314199413318291,0.0017453317487078485,0.15401840209960938,1.0,1.7965702787894695e-06,1.7965702787894695e-06,0.00012392811883426885
1772535386.7954917,1092,0.8711814880371094,1147.8664477285167,0.4885452351756937,0.00027600983151162764,1.0911237477026971e-05,0.05314199413318291,0.0,0.15401840209960938,1.0,2.486051410813216e-06,2.486051410813216e-06,0.00011064992894544002
1772535386.808301,1093,0.9856224060058594,1014.5873246250604,0.4892153462194925,0.0007470281819254149,1.0911278917597266e-05,0.05314199413318291,0.0,0.15401840209960938,1.0,3.587442161259688e-06,3.587442161259688e-06,9.868291569481784e-05
1772535386.820181,1094,0.690460205078125,1448.3093922651933,0.48778009960332913,0.0016098913061127938,1.0911316527069566e-05,0.05314199413318291,0.0,0.15401840209960938,1.0,4.385481252151831e-06,4.385481252157942e-06,8.778375980049499e-05
1772535386.8327723,1095,0.6051063537597656,1652.6020488573681,0.48861153239488686,0.0009328170493427484,1.0911350700850172e-05,0.05314199413318291,0.0017453317487078485,0.15401840209960938,1.0,5.557608430693231e-06,5.557608430692614e-06,0.0001619129920367367
1772535386.845267,1096,0.9300708770751953,1075.1868751602153,0.48765822584556695,0.001067596293267734,1.0911215790757006e-05,0.05314199413318291,0.0017453317487078485,0.15401840209960938,1.0,5.762062497683352e-06,5.762062497681881e-06,8.857606382693869e-05
1772535386.857655,1097,0.8997917175292969,1111.3683094859566,0.4873749539763003,0.00031346304482811777,1.0911260838155577e-05,0.05314199413318291,0.0,0.15401840209960938,1.0,6.362778610324545e-06,6.362778610327579e-06,7.874934693550527e-05
1772535386.8704603,1098,1.0368824005126953,964.4295240285123,0.4881009163386248,0.0008177631079501008,1.0911301696927309e-05,0.05314199413318291,0.0017453317487078485,0.15401840209960938,1.0,7.081604155997421e-06,7.081604155997421e-06,0.00015723928343073208
1772535386.8825958,1099,0.7405281066894531,1350.3876368319382,0.4878197665946592,0.0003134766372885742,1.0911173018707425e-05,0.05314199413318291,0.0,0.15401840209960938,1.0,7.629904875034453e-06,7.629904875036089e-06,0.00013981722061404635
1772535386.8957195,1100,0.9479522705078125,1054.9054325955735,0.48940219581406125,0.001770924544259268,1.0911057922719004e-05,0.05314199413318291,0.0,0.15401840209960938,1.0,9.261245071186452e-06,9.261245071188913e-06,0.0001242583410116403
1772535386.9081259,1101,0.9222030639648438,1084.3598759048605,0.4890272783401231,0.0004274496575082942,1.091095412256524e-05,0.05314199413318291,0.0,0.15401840209960938,1.0,1.0259234064744586e-05,1.0259234064742643e-05,0.00011008765675787288
1772535386.9201717,1102,0.7545948028564453,1325.2145339652448,0.48788944203087675,0.0012763627896156223,1.0910862171135557e-05,0.05314199413318291,0.0,0.15401840209960938,1.0,1.1362195639378632e-05,1.1362195639378188e-05,9.730816065982827e-05
1772535386.932491,1103,0.675201416015625,1481.0395480225989,0.48760840123245824,0.00031191056393302494,1.0910780883128722e-05,0.05314199413318291,0.0,0.15401840209960938,1.0,1.278275519489652e-05,1.2782755194896236e-05,8.587189722602978e-05
1772535386.945485,1104,0.9655952453613281,1035.6306172839506,0.48849525903092184,0.0009958277802316208,1.0910708377351386e-05,0.05314199413318291,0.0,0.15401840209960938,1.0,1.4260077539719568e-05,1.4260077539719568e-05,7.563679135384762e-05
1772535386.9578376,1105,0.8521080017089844,1173.5601566871853,0.4883308464553472,0.00018529835378524378,1.0910643385713216e-05,0.05314199413318291,0.0,0.15401840209960938,1.0,1.489029374712933e-05,1.4890293747120921e-05,6.643048806037445e-05
1772535386.9705083,1106,0.9100437164306641,1098.8483101912498,0.4888197642103046,0.0005460532655480914,1.0910586596312174e-05,0.05314199413318291,0.0017453317487078485,0.15401840209960938,1.0,1.5947923346442997e-05,1.5947923346442997e-05,0.00015870403271440287
1772535386.9830508,1107,0.8873939514160156,1126.895217624933,0.48897515487112886,0.00017126523525486342,1.091070204291905e-05,0.05314199413318291,0.001745329668113249,0.15401840209960938,1.0,1.3828345467401634e-05,1.3828345467401634e-05,0.0004243443117330368
1772535386.9951215,1108,0.7748603820800781,1290.555076923077,0.48776643710604495,0.0013551624976412878,1.0911207227196919e-05,0.05314199413318291,0.0017453317487078485,0.15401840209960938,1.0,5.197973666775196e-06,5.197973666775196e-06,0.0001147928317408834
1772535387.008161,1109,0.9429454803466797,1060.5067003792667,0.4891995965854316,0.0016051958229364616,1.0911096552381285e-05,0.05314199413318291,0.001745329668113249,0.15401840209960938,1.0,7.1796004327833265e-06,7.179600432783155e-06,0.0002662714347964987
1772535387.020611,1110,0.8320808410644531,1201.8063037249283,0.48913032508342835,8.748041661895897e-05,1.0911395172711561e-05,0.05314199413318291,0.001745329668113249,0.15401840209960938,1.0,2.581570148689791e-06,2.581570148684025e-06,0.00012160277023284012
1772535387.0331335,1111,1.0879039764404297,919.1987727372343,0.48828791796767484,0.0009463212429611313,1.0911265683648932e-05,0.05314199413318291,0.0,0.15401840209960938,1.0,4.119044448518881e-06,4.119044448518881e-06,0.00010746614450160459
1772535387.045513,1112,0.8809566497802734,1135.1296346414074,0.4885932450793731,0.00034184571967849254,1.091114960182622e-05,0.05314199413318291,0.0017453317487078485,0.15401840209960938,1.0,6.091739637632331e-06,6.0917396376341636e-06,0.00014018930333180356
1772535387.0579515,1113,0.9186267852783203,1088.5813651699973,0.4882810314013373,0.00035029179896412416,1.0911211267400768e-05,0.05314199413318291,0.0017453317487078485,0.15401840209960938,1.0,5.053499323924961e-06,5.053499323925069e-06,0.0001052455406630835
1772535387.0701632,1114,0.6251335144042969,1599.6582761250954,0.4882236315124315,6.357555392500016e-05,1.0911101340082951e-05,0.05314199413318291,0.0,0.15401840209960938,1.0,6.799609133971e-06,6.799609133978395e-06,9.289266695922222e-05
1772535387.082668,1115,0.9677410125732422,1033.3343187977334,0.48710376080054907,0.0012513604951241662,1.091100283823612e-05,0.05314199413318291,0.001745329668113249,0.15401840209960938,1.0,8.15527106397021e-06,8.15527106397021e-06,0.0002729201392262525
1772535387.0960753,1116,1.1098384857177734,901.0320085929109,0.4899990618758986,0.0032434461954207977,1.0911311982640117e-05,0.05314199413318291,0.0017453317487078485,0.15401840209960938,1.0,3.9982194550844255e-06,3.9982194550844255e-06,0.00014149624626463354
1772535387.107769,1117,0.7808208465576172,1280.7035114503817,0.4879974231391677,0.002246867736539119,1.0911358885100767e-05,0.05314199413318291,0.0,0.15401840209960938,1.0,2.774200907993997e-06,2.774200907993895e-06,0.00012645830471183245
1772535387.1202075,1118,0.7429122924804688,1346.0539152759948,0.48795786795611445,4.351793329567032e-05,1.0911400879112242e-05,0.05314199413318291,0.0017453317487078485,0.15401840209960938,1.0,2.8333678290110643e-06,2.8333678290112803e-06,0.00012249953263145837
1772535387.1330352,1119,0.8656978607177734,1155.1374277058662,0.4887769212882213,0.0009180429889620945,1.0911273138926783e-05,0.05314199413318291,0.0017453317487078485,0.15401840209960938,1.0,4.215529553040531e-06,4.215529553041478e-06,0.00012250958559763736
1772535387.145466,1120,0.8990764617919922,1112.2524529302573,0.4884446294324801,0.00037408829646874345,1.091132412776816e-05,0.05314199413318291,0.0,0.15401840209960938,1.0,3.903009695880915e-06,3.903009695880915e-06,0.00010940139081372531
1772535387.1574938,1121,0.6744861602783203,1482.6101095793567,0.4874111431174125,0.0011559016624543945,1.09113701689428e-05,0.05314199413318291,0.0,0.15401840209960938,1.0,4.1079324883568094e-06,4.1079324883568094e-06,9.751988486798535e-05
1772535387.1701236,1122,0.8528232574462891,1172.5759015935141,0.48762292651414196,0.0002445470902917015,1.0911411593337496e-05,0.05314199413318291,0.0017453317487078485,0.15401840209960938,1.0,4.789075417846367e-06,4.789075417846367e-06,0.00013701204034009796
1772535387.1829004,1123,1.0311603546142578,969.7812716763005,0.4881095066746697,0.000548798702531584,1.091128341663889e-05,0.05314199413318291,0.0017453317487078485,0.04506111145019531,1.0,5.208458458459613e-06,5.208458458458555e-06,9.962703014842433e-05
1772535387.1947076,1124,0.6933212280273438,1442.3328748280605,0.4867344081941191,0.0015368675583621657,1.091133385082149e-05,0.05314199413318291,0.0,0.04506111145019531,1.0,5.1681478505944e-06,5.1681478505944e-06,8.868345144170228e-05
1772535387.207845,1125,0.7619857788085938,1312.360450563204,0.4889408774546539,0.0024770136840645243,1.0911379276044342e-05,0.05314199413318291,0.001745329668113249,0.04506111145019531,1.0,6.056127529395036e-06,6.056127529400708e-06,0.00036599755795907614
1772535387.2206109,1126,0.9222030639648438,1084.3598759048605,0.489322258661056,0.00042226084886519036,1.0911820659604311e-05,0.05314199413318291,0.0017453317487078485,0.045299530029296875,1.0,8.1975857001631e-06,8.197585700167864e-06,0.0001759288144403647
1772535387.23288,1127,0.9024143218994141,1108.1384412153236,0.4883238208780995,0.001122406163233686,1.0911651135417338e-05,0.05314199413318291,0.0017453317487078485,0.045299530029296875,1.0,5.289716592829471e-06,5.289716592829471e-06,7.8720449240349e-05
1772535387.2456686,1128,1.0671615600585938,937.065236818588,0.4889487567481176,0.0006982846492343024,1.0911663966553155e-05,0.05314199413318291,0.0017453317487078485,0.0629425048828125,1.0,6.205592130099489e-06,6.205592130099489e-06,0.00016281417303870235
1772535387.257707,1129,0.9107589721679688,1097.9853403141362,0.48776565807061495,0.001326296018278134,1.0911509715808816e-05,0.05314199413318291,0.0017453317487078485,0.06794929504394531,1.0,4.318411560207319e-06,4.318411560207637e-06,8.215318487166326e-05
1772535387.2706387,1130,0.9944438934326172,1005.5871493646607,0.4890602079799015,0.0014504458711325514,1.0911536430758072e-05,0.05314199413318291,0.0,0.06794929504394531,1.0,5.406220071823801e-06,5.406220071823801e-06,7.300848470186303e-05
1772535387.2823358,1131,0.5805492401123047,1722.5067761806981,0.487412844460732,0.0018460172014753387,1.0911560830058832e-05,0.05314199413318291,0.0017453317487078485,0.06794929504394531,1.0,5.7739218479178915e-06,5.773921847918792e-06,0.0001591118867450096
1772535387.2952673,1132,0.80108642578125,1248.304761904762,0.48847069687495587,0.0011887471923840924,1.09114165816e-05,0.05314199413318291,0.0,0.06794929504394531,1.0,5.265784677396111e-06,5.265784677396602e-06,0.00014191582267935544
1772535387.30825,1133,0.9930133819580078,1007.0357743097239,0.4894826232220798,0.0011295335803979628,1.0911286909337244e-05,0.05314199413318291,0.0017453317487078485,0.06794929504394531,1.0,5.622372408754016e-06,5.622372408754016e-06,0.00037653822478672574
1772535387.3202536,1134,0.9243488311767578,1081.8426618519475,0.4879453691219807,0.001725105982354803,1.0911736752861445e-05,0.05314199413318291,0.0017453317487078485,0.07796287536621094,1.0,5.756665951606264e-06,5.756665951601049e-06,0.00016306872675619832
1772535387.3330927,1135,0.8704662322998047,1148.8096411941933,0.48927921220598264,0.0014931596068645605,1.09115743878259e-05,0.05314199413318291,0.0,0.07796287536621094,1.0,3.7651974382319238e-06,3.7651974382319238e-06,0.00014534530770309948
1772535387.3449183,1136,0.6053447723388672,1651.9511618747538,0.4875241818208617,0.001967310254217632,1.091142853080745e-05,0.05314199413318291,0.0017453317487078485,0.07796287536621094,1.0,2.845420934854502e-06,2.845420934854502e-06,0.001918203392117384
1772535387.3579388,1137,0.7987022399902344,1252.0310447761194,0.4889206883539703,0.0015664729916149253,1.0909374009958297e-05,0.05314199413318291,0.001745329668113249,0.07796287536621094,1.0,3.188373477034433e-05,3.188373477034433e-05,0.00022000453228318751
1772535387.3710096,1138,1.0180473327636719,982.2725995316159,0.49018122756042276,0.0014042683351069838,1.0909594847564313e-05,0.05314199413318291,0.0017453317487078485,0.07796287536621094,1.0,2.836724775471729e-05,2.836724775471826e-05,0.0002918099274414104
1772535387.3826258,1139,0.7801055908203125,1281.877750611247,0.4875779460187921,0.0029199664628545086,1.090962695006241e-05,0.05314199413318291,0.0,0.07796287536621094,1.0,2.0582613613716537e-05,2.0582613613716537e-05,0.0002606299881395716
1772535387.3963141,1140,1.3604164123535156,735.0690501226779,0.4897365764582524,0.0024175021729795536,1.0909655444889582e-05,0.05314199413318291,0.001745329668113249,0.08106231689453125,1.0,1.7863700859352902e-05,1.7863700859351533e-05,0.0002031254847785134
1772535387.4084513,1141,1.3360977172851562,748.4482512491078,0.4884918288703907,0.001399087121726265,1.0910081826960557e-05,0.05314199413318291,0.001745329668113249,0.08106231689453125,1.0,1.811139075841526e-05,1.8111390758415076e-05,0.0002408621660918324
1772535387.4214444,1142,1.4801025390625,675.6288659793814,0.4895697228280205,0.001203936510727128,1.091006577515903e-05,0.05314199413318291,0.0017453317487078485,0.08106231689453125,1.0,1.4354325453968186e-05,1.43543254539695e-05,0.00030189684194033685
1772535387.4328992,1143,1.0755062103271484,929.7947240079804,0.48717385451242873,0.0026846985857593418,1.0910619593555777e-05,0.05314199413318291,0.001745329668113249,0.08106231689453125,1.0,1.7522019001940123e-05,1.7522019001940523e-05,0.00016640434174747175
1772535387.445638,1144,1.1560916900634766,864.9832955248505,0.4877358258454836,0.000637916317965999,1.091071543152271e-05,0.05314199413318291,0.0017453317487078485,0.08106231689453125,1.0,1.636819420389555e-05,1.636819420390093e-05,0.00023625809606149032
1772535387.4580367,1145,1.0008811950683594,999.1195807527394,0.4881561509090459,0.0004747392442982517,1.0910637363545694e-05,0.05314199413318291,0.001745329668113249,0.08106231689453125,1.0,1.1614799500843755e-05,1.1614799500848464e-05,0.00018445973580860457
1772535387.4711359,1146,1.226663589477539,815.219436345967,0.4895592140381356,0.0015691066766807856,1.0910965113386397e-05,0.05314199413318291,0.0017453317487078485,0.08106231689453125,1.0,1.4532332520214813e-05,1.453233252021495e-05,0.0001536551344979926
1772535387.4830577,1147,0.9601116180419922,1041.5455674199156,0.48802155126027974,0.001725427163936906,1.0911028071902204e-05,0.05314199413318291,0.0017453317487078485,0.08106231689453125,1.0,1.169933738215231e-05,1.169933738215202e-05,0.00021725344929715353
1772535387.4956386,1148,1.1882781982421875,841.553772070626,0.4878190666065629,0.00022425344989159484,1.091091780066792e-05,0.05314199413318291,0.001745329668113249,0.08106231689453125,1.0,7.710555908942e-06,7.710555908942e-06,0.00018606670878569263
1772535387.508659,1149,1.1856555938720703,843.4152423084657,0.48964847587713195,0.0020478498579343013,1.0911217149819413e-05,0.05314199413318291,0.001745329668113249,0.08106231689453125,1.0,1.1310488176221398e-05,1.1310488176210771e-05,0.00020764870270781474
1772535387.5210726,1150,1.3470649719238281,742.3546902654867,0.4886081324662929,0.0011702465155196055,1.0911088597452175e-05,0.05314199413318291,0.0,0.08106231689453125,1.0,6.567588524461647e-06,6.567588524461647e-06,0.00018452488923676968
1772535387.532825,1151,1.1172294616699219,895.0712761416987,0.48686325500764405,0.0019520484735630612,1.0910972605086346e-05,0.05314199413318291,0.001745329668113249,0.08106231689453125,1.0,3.375423707748973e-06,3.3754237077455563e-06,0.0001940588151498983
1772535387.5462515,1152,1.2636184692382812,791.3781132075471,0.4896452039510095,0.003119574657182601,1.0911266284145646e-05,0.05314199413318291,0.0017453317487078485,0.08106231689453125,1.0,7.502470054573127e-06,7.502470054559126e-06,0.00015162934603695763
1772535387.558382,1153,1.2826919555664062,779.6104089219331,0.4879521588109311,0.0018996205393017837,1.0911299512591162e-05,0.05314199413318291,0.001745329668113249,0.08106231689453125,1.0,5.316109423077598e-06,5.316109423093679e-06,0.0003070516442515939
1772535387.5703132,1154,1.0440349578857422,957.8223338661795,0.4869898359440991,0.0010734327978481465,1.0911728470880929e-05,0.05314199413318291,0.0017453317487078485,0.08106231689453125,1.0,1.1161395625149188e-05,1.1161395625149188e-05,0.00021467409855361344
1772535387.583289,1155,0.9112358093261719,1097.410779696494,0.48921045674599406,0.002491452524747503,1.0911548686232045e-05,0.05314199413318291,0.0017453317487078485,0.08106231689453125,1.0,7.523720078505013e-06,7.523720078505013e-06,0.0001354167218690389
1772535387.5952773,1156,1.001119613647461,998.8816384853536,0.4873544256013696,0.002079868680692947,1.091155326122928e-05,0.05314199413318291,0.001745329668113249,0.08106231689453125,1.0,5.71973103080401e-06,5.719731030805175e-06,0.0002955340302787849
1772535387.6081278,1157,0.8940696716308594,1118.4810666666667,0.48872962500654393,0.0015440368635854236,1.091195571882812e-05,0.05314199413318291,0.0017453317487078485,0.08106231689453125,1.0,1.2294135206504434e-05,1.229413520650777e-05,0.00022409927720667223
1772535387.6206355,1158,0.9121894836425781,1096.263460533194,0.4887883135904558,6.41519412726305e-05,1.0911752974578879e-05,0.05314199413318291,0.0,0.08106231689453125,1.0,7.490984894494602e-06,7.49098489449494e-06,0.00019946336187502575
1772535387.6333456,1159,1.233816146850586,810.4935265700483,0.4882462866065491,0.0006083884332534293,1.0911569634729151e-05,0.05314199413318291,0.001745329668113249,0.08106231689453125,1.0,3.821447813373531e-06,3.8214478133739465e-06,0.00018843665616635755
1772535387.6456103,1160,1.2869834899902344,777.0107447202668,0.4872679710801163,0.0010930841244046312,1.0911802828892603e-05,0.05314199413318291,0.0,0.08106231689453125,1.0,7.013984249900029e-06,7.013984249900323e-06,0.0001663330883886546
1772535387.6587536,1161,1.3613700866699219,734.55411558669,0.48952967149553045,0.0025347340621865435,1.0912011804469843e-05,0.05314199413318291,0.001745329668113249,0.08106231689453125,1.0,1.0856348227200352e-05,1.0856348227202552e-05,0.0002087725897702642
1772535387.6703987,1162,0.8790493011474609,1137.5926227285056,0.487658060142248,0.0020990151822353276,1.0911802353564549e-05,0.05314199413318291,0.0,0.08106231689453125,1.0,6.229906698101967e-06,6.229906698101967e-06,0.00018517190654300509
1772535387.6828036,1163,0.6830692291259766,1463.9804537521816,0.4882803445089738,0.0007005130813690525,1.091161300235329e-05,0.05314199413318291,0.0,0.08106231689453125,1.0,4.340015120212859e-06,4.3400151202360585e-06,0.0001643115460264544
1772535387.695405,1164,0.7562637329101562,1322.2900378310214,0.48837931395881834,0.00011111746883185252,1.0911443016446374e-05,0.05314199413318291,0.0,0.08106231689453125,1.0,4.731002212826357e-06,4.731002212826068e-06,0.00014540520961900229
1772535387.708099,1165,0.8666515350341797,1153.8662998624484,0.48864665062022355,0.00029859989672682,1.0911290335560761e-05,0.05314199413318291,0.0,0.08106231689453125,1.0,6.753865049745773e-06,6.753865049746141e-06,0.00012837282795487713
1772535387.7198107,1166,0.5543231964111328,1804.0017204301075,0.48686132723675307,0.001998113845676207,1.09111533714397e-05,0.05314199413318291,0.0017453317487078485,0.08106231689453125,1.0,8.533095910735116e-06,8.533095910735116e-06,0.0001526863452318806
1772535387.7328699,1167,0.7610321044921875,1314.0050125313282,0.48847651866609915,0.0018159025330723663,1.0911197428440996e-05,0.05314199413318291,0.0017453317487078485,0.08106231689453125,1.0,8.261689684455216e-06,8.261689684453278e-06,0.00011828980677240422
1772535387.7456179,1168,0.9019374847412109,1108.7242928892413,0.48876279549665297,0.000318864339275693,1.091107081653553e-05,0.05314199413318291,0.0,0.08106231689453125,1.0,1.0257158349999198e-05,1.0257158349999198e-05,0.0001040104732469353
1772535387.7580025,1169,0.9365081787109375,1067.7963340122199,0.4881704227038682,0.0006649149225086592,1.091095802977607e-05,0.05314199413318291,0.0,0.08106231689453125,1.0,1.196061547221469e-05,1.196061547221507e-05,9.112249370655059e-05
1772535387.7711067,1170,1.397848129272461,715.3852976292001,0.48892548824417875,0.0008447696030221924,1.0910858053517562e-05,0.05314199413318291,0.0017453317487078485,0.08106231689453125,1.0,1.4056563347247137e-05,1.4056563347247137e-05,0.00040460738963360785
1772535387.7831113,1171,1.1184215545654297,894.1172457898102,0.48790097316762304,0.0011488218663918493,1.091133430764613e-05,0.05314199413318291,0.001745329668113249,0.08106231689453125,1.0,5.700390453174688e-06,5.700390453174688e-06,0.00013558056147116448
1772535387.7961283,1172,1.3051033020019531,766.2228717573986,0.48915823035071115,0.0014078016500775423,1.0911363802156699e-05,0.05314199413318291,0.0017453317487078485,0.08106231689453125,1.0,5.494570608125644e-06,5.4945706081239345e-06,0.00013042120210581923
1772535387.8082178,1173,1.1050701141357422,904.919956850054,0.48834178324780847,0.0009176142529600159,1.0911224357085503e-05,0.05314199413318291,0.0017453317487078485,0.08106231689453125,1.0,7.46980246909436e-06,7.46980246909436e-06,0.00012883482859152377
1772535387.820524,1174,1.1661052703857422,857.5555101206297,0.48758921039930214,0.0008412220789915672,1.091126593508736e-05,0.05314199413318291,0.0017453317487078485,0.08273124694824219,1.0,6.917949806536788e-06,6.917949806536788e-06,0.00012280733367954228
1772535387.8331013,1175,0.8854866027832031,1129.322563274098,0.48871565623774543,0.001264111792359437,1.0911138249967898e-05,0.05314199413318291,0.0017453317487078485,0.08273124694824219,1.0,9.311985856224685e-06,9.311985856218026e-06,0.00012457160807779702
1772535387.845348,1176,0.8461475372314453,1181.8269935193011,0.48789174537706476,0.000923306552894431,1.0911189119675931e-05,0.05314199413318291,0.0017453317487078485,0.08273124694824219,1.0,8.239672982397632e-06,8.239672982402112e-06,0.000117802994253304
1772535387.857899,1177,0.8044242858886719,1243.1250740960284,0.4881619626409691,0.00030517210644691393,1.091107045964252e-05,0.05314199413318291,0.0,0.08273124694824219,1.0,1.0252682771582732e-05,1.0252682771583074e-05,0.00010399175727694696
1772535387.870594,1178,0.9207725524902344,1086.0445365095804,0.4885793422027568,0.00046751754181573174,1.0910964018626942e-05,0.05314199413318291,0.0017453317487078485,0.08273124694824219,1.0,1.194851028570709e-05,1.194851028570674e-05,0.00013199391985493867
1772535387.882843,1179,0.7228851318359375,1383.3456464379947,0.48818464328372085,0.0004427773653306266,1.091103477988897e-05,0.05314199413318291,0.0017453317487078485,0.08273124694824219,1.0,1.0587327788626553e-05,1.0587327788626226e-05,0.00010340296437425655
1772535387.8957555,1180,1.0943412780761719,913.7917211328976,0.4886597140907691,0.0005318593418416462,1.091093383621427e-05,0.05314199413318291,0.001745329668113249,0.08273124694824219,1.0,1.2290974721266812e-05,1.2290974721266812e-05,0.0002785402559879274
1772535387.9088082,1181,1.3632774353027344,733.5264078349073,0.489626588995225,0.0010780440567433004,1.0911241357751758e-05,0.05314199413318291,0.0,0.08273124694824219,1.0,6.785327231094734e-06,6.785327231094734e-06,0.000247592665733021
1772535387.9204707,1182,0.8933544158935547,1119.3765679210035,0.4880303236439466,0.001791681518681543,1.091151906062215e-05,0.05314199413318291,0.001745329668113249,0.08273124694824219,1.0,2.940659389723677e-06,2.940659389723677e-06,0.00013180054616092587
1772535387.9327497,1183,0.7708072662353516,1297.3411691927004,0.48767240058982697,0.0003981051730471788,1.0911370648555279e-05,0.05314199413318291,0.001745329668113249,0.08273124694824219,1.0,4.754473615758135e-06,4.754473615758135e-06,0.00023165013066676825
1772535387.94608,1184,1.322031021118164,756.4119026149684,0.4889225316280308,0.001401757153637495,1.0911634943489018e-05,0.05314199413318291,0.001745329668113249,0.08273124694824219,1.0,3.950406472506305e-06,3.950406472506305e-06,0.00013928478922149582
1772535387.958942,1185,1.699686050415039,588.3439472576799,0.48884578665586237,9.095285254815937e-05,1.0911475009013605e-05,0.05314199413318291,0.0017453317487078485,0.08273124694824219,1.0,4.268494200453784e-06,4.268494200452912e-06,0.00014795924340215986
1772535387.97033,1186,0.9734630584716797,1027.2603477834925,0.4876742810621564,0.0013123751590722597,1.0911497059944802e-05,0.05314199413318291,0.0017453317487078485,0.08273124694824219,1.0,3.072233071615404e-06,3.072233071615404e-06,0.0002230223851774868
1772535387.98273,1187,0.9286403656005859,1076.843132220796,0.4871113630677538,0.0006256414521097981,1.0911748764728415e-05,0.05314199413318291,0.0,0.08273124694824219,1.0,4.308718343401055e-06,4.308718343403341e-06,0.00019718443335976427
1772535387.994897,1188,0.7834434509277344,1276.416311625076,0.48663457709481356,0.000527357875839096,1.0911974644540652e-05,0.05314199413318291,0.001745329668113249,0.08273124694824219,1.0,7.778092084455852e-06,7.778092084455852e-06,0.00016958213349832342
1772535388.0082018,1189,0.9527206420898438,1049.6256256256256,0.4891375539724555,0.0028091197373781886,1.0911780329057592e-05,0.05314199413318291,0.0,0.08273124694824219,1.0,5.505987327799922e-06,5.505987327799922e-06,0.00015087127795877987
1772535388.0202332,1190,0.8924007415771484,1120.5728025647877,0.48772512652951433,0.001584235950649978,1.0911605301400185e-05,0.05314199413318291,0.0017453317487078485,0.08273124694824219,1.0,4.050197895900424e-06,4.050197895911731e-06,0.0003517099026005144
1772535388.0326433,1191,0.7929801940917969,1261.065544197234,0.4876665699342659,6.452544743827078e-05,1.0912012470434031e-05,0.05314199413318291,0.0017453317487078485,0.08273124694824219,1.0,7.77776511815905e-06,7.77776511815905e-06,0.00017350007515042442
1772535388.04614,1192,1.306295394897461,765.5236356999452,0.4896962842519672,0.0022716679487076313,1.0911813382242062e-05,0.05314199413318291,0.001745329668113249,0.08273124694824219,1.0,5.0839040186739355e-06,5.0839040186739355e-06,0.00019093189313170746
1772535388.0584626,1193,1.0454654693603516,956.5117445838084,0.48966501823874325,6.300568639210106e-05,1.0912032878262763e-05,0.05314199413318291,0.0,0.08273124694824219,1.0,8.393021245054855e-06,8.393021245054855e-06,0.00016833881669210755
1772535388.0707004,1194,1.1413097381591797,876.1863379987466,0.48823829257775603,0.001602686778916878,1.091222928903954e-05,0.05314199413318291,0.0017453317487078485,0.08273124694824219,1.0,1.1300374485178986e-05,1.1300374485180899e-05,0.00016937700025033937
1772535388.0835757,1195,1.3267993927001953,753.6934411500449,0.48895032794863896,0.0007964818416607493,1.0912171661827497e-05,0.05314199413318291,0.0017453317487078485,0.08273124694824219,1.0,9.933712727616376e-06,9.933712727616376e-06,0.00018902327279541852
1772535388.0954857,1196,0.8909702301025391,1122.3719561145303,0.488171031003407,0.0008746210417154361,1.0911954227509373e-05,0.05314199413318291,0.001745329668113249,0.08273124694824219,1.0,6.082247063416924e-06,6.082247063417074e-06,0.00017751446366691485
1772535388.1073813,1197,0.8108615875244141,1233.2561011467214,0.4864439523357059,0.001930550093418188,1.091215580561974e-05,0.05314199413318291,0.0,0.08273124694824219,1.0,9.183962102027748e-06,9.183962102027748e-06,0.0001561840102517064
1772535388.1203089,1198,0.7545948028564453,1325.2145339652448,0.4883266369526272,0.002118316904762905,1.0912335264945522e-05,0.05314199413318291,0.0017453317487078485,0.08273124694824219,1.0,1.3169472149701023e-05,1.3169472149717507e-05,0.0002876432313063219
1772535388.1332076,1199,0.9529590606689453,1049.3630222667,0.4892031644002239,0.0009791706334933844,1.0912666347798543e-05,0.05314199413318291,0.0017453317487078485,0.08273124694824219,1.0,1.7976678718358393e-05,1.797667871836068e-05,0.00023706169873760857
1772535388.1457393,1200,1.043081283569336,958.6980571428571,0.4887047522899741,0.0005629830495976596,1.0912396205786415e-05,0.05314199413318291,0.0,0.08273124694824219,1.0,1.2527174715387854e-05,1.2527174715387854e-05,0.0002110625571890809
1772535388.1578164,1201,0.7600784301757812,1315.6537013801756,0.4881812503186572,0.0005873837615364692,1.0912151428388136e-05,0.05314199413318291,0.0017453317487078485,0.08273124694824219,1.0,8.354841233284011e-06,8.354841233284011e-06,0.00016091415854056643
1772535388.1711075,1202,1.173257827758789,852.3275756959968,0.48956953534354664,0.0015521211177285223,1.0912096834576295e-05,0.05314199413318291,0.0,0.08273124694824219,1.0,6.999952695183543e-06,6.999952695183543e-06,0.000144219514919759
1772535388.1830833,1203,0.9331703186035156,1071.615738375064,0.4883679868669225,0.0013502327756826813,1.09120478967264e-05,0.05314199413318291,0.0,0.08273124694824219,1.0,5.402224275026956e-06,5.402224275027781e-06,0.00012888868611479073
1772535388.195228,1204,0.6566047668457031,1522.9862018881627,0.4879040130775197,0.000518436484727599,1.0912002841598156e-05,0.05314199413318291,0.0017453317487078485,0.08273124694824219,1.0,4.79853480114833e-06,4.79853480114833e-06,0.00018888443874947005
1772535388.2078903,1205,0.8292198181152344,1205.9528464634848,0.48808290160424395,0.00020356011834467085,1.0912194293533505e-05,0.05314199413318291,0.001745329668113249,0.08273124694824219,1.0,7.853783301295211e-06,7.853783301295211e-06,0.00019747169689854824
1772535388.2200081,1206,0.7982254028320312,1252.778972520908,0.48691977807737624,0.001299093674175412,1.0911968312060354e-05,0.05314199413318291,0.0017453317487078485,0.08273124694824219,1.0,3.945231275760553e-06,3.945231275760553e-06,0.00030766443686331313
1772535388.2332225,1207,0.9820461273193359,1018.282107307599,0.4891555213822549,0.0025085734235807252,1.091232923217064e-05,0.05314199413318291,0.0017453317487078485,0.08273124694824219,1.0,1.042265098366818e-05,1.0422650983667975e-05,0.00021162857167925813
1772535388.2448711,1208,0.6847381591796875,1460.4122562674095,0.48687907651331314,0.0025503091866400577,1.0912089338214682e-05,0.05314199413318291,0.0,0.08273124694824219,1.0,5.393157383431712e-06,5.393157383431712e-06,0.00018773537174661132
1772535388.2576349,1209,0.7536411285400391,1326.891490034799,0.4878048635203827,0.0010453380061192163,1.0911872284497828e-05,0.05314199413318291,0.001745329668113249,0.08273124694824219,1.0,2.6469892499903027e-06,2.6469892499647e-06,0.00018955515671818172
1772535388.2706685,1210,0.9298324584960938,1075.462564102564,0.489256548247737,0.001625216096657252,1.0912074891759532e-05,0.05314199413318291,0.0017453317487078485,0.08273124694824219,1.0,5.887747219579467e-06,5.887747219579467e-06,0.00030024797902838886
1772535388.2831562,1211,0.9975433349609375,1002.4627151051625,0.4890485765125512,0.00024031909969446635,1.0912425734685015e-05,0.05314199413318291,0.0017453317487078485,0.08273124694824219,1.0,1.1294422202081331e-05,1.1294422202081136e-05,0.00021964770077515287
1772535388.2952194,1212,0.7638931274414062,1309.083645443196,0.4879876609802628,0.0011903426212401308,1.0912173359250629e-05,0.05314199413318291,0.0017453317487078485,0.08273124694824219,1.0,6.70355153818726e-06,6.703551538187311e-06,0.00014223943480881735
1772535388.3087764,1213,1.439809799194336,694.5361814870012,0.48957748752983643,0.0017785047707667902,1.091211185909153e-05,0.05314199413318291,0.0017453317487078485,0.08273124694824219,1.0,5.816961137271832e-06,5.816961137271832e-06,0.0001927906579262269
1772535388.3214052,1214,1.4002323150634766,714.1672058573131,0.489960204075669,0.0004215819872443628,1.0911890568460034e-05,0.05314199413318291,0.0,0.08273124694824219,1.0,2.493900498161603e-06,2.493900498161603e-06,0.0001711144088146371
1772535388.3335273,1215,1.2869834899902344,777.0107447202668,0.48875196975769963,0.0013598577601110478,1.0911690897278713e-05,0.05314199413318291,0.0017453317487078485,0.08273124694824219,1.0,3.071912165044391e-06,3.071912165044391e-06,0.00012734395529164633
1772535388.3456082,1216,0.8423328399658203,1187.1791678460231,0.4886151920570797,0.00015501954010547171,1.091167793366988e-05,0.05314199413318291,0.001745329668113249,0.08273124694824219,1.0,3.5149268904596695e-06,3.5149268904596695e-06,0.0003305901519492493
1772535388.3581312,1217,0.8800029754638672,1136.3597940937416,0.4885052870148023,0.00012388788935458004,1.091206654728403e-05,0.05314199413318291,0.0017453317487078485,0.08273124694824219,1.0,5.058891470693184e-06,5.058891470690041e-06,0.00018311745052835418
1772535388.370663,1218,0.9791851043701172,1021.2573654735817,0.4883471016538961,0.00017704944955754392,1.0912248066808292e-05,0.05314199413318291,0.001745329668113249,0.08273124694824219,1.0,7.803142447543446e-06,7.803142447543446e-06,0.00020597884712013603
1772535388.3825727,1219,0.8828639984130859,1132.67728868485,0.4867020864020513,0.0018390560492719983,1.0912012582164548e-05,0.05314199413318291,0.0,0.08273124694824219,1.0,3.7121473727770226e-06,3.7121473727767986e-06,0.00018267834523813867
1772535388.3967898,1220,1.5933513641357422,627.6079604967829,0.4905423839999664,0.004302258901236336,1.0911800919474023e-05,0.05314199413318291,0.0017453317487078485,0.08273124694824219,1.0,2.292786301723659e-06,2.292786301743964e-06,0.0001291817482662949
1772535388.4083817,1221,1.2562274932861328,796.034162080091,0.48806782909260377,0.0027776811205049317,1.091177595723798e-05,0.05314199413318291,0.0017453317487078485,0.08273124694824219,1.0,2.3352522487834584e-06,2.335252248767013e-06,0.0001636322309725248
1772535388.420115,1222,0.7612705230712891,1313.5934857500783,0.4870246864245613,0.00116424302645305,1.0911588116906796e-05,0.05314199413318291,0.0017453317487078485,0.08273124694824219,1.0,4.53970479104827e-06,4.539704791047513e-06,0.00011921916653339146
1772535388.432662,1223,1.005411148071289,994.6179748636472,0.486811807148473,0.00023383696170819319,1.0911585365646835e-05,0.05314199413318291,0.0017453317487078485,0.08273124694824219,1.0,4.9836346573008134e-06,4.983634657300141e-06,0.00014894455703574674
1772535388.4456246,1224,0.972747802734375,1028.0156862745098,0.48847251683457543,0.001867277809767632,1.0911417726148556e-05,0.05314199413318291,0.0,0.08273124694824219,1.0,7.65924920056925e-06,7.65924920056925e-06,0.00013182926899049348
1772535388.4578824,1225,0.9243488311767578,1081.8426618519475,0.48786881994607323,0.0006758328323963828,1.0911266371189098e-05,0.05314199413318291,0.0017453317487078485,0.08273124694824219,1.0,9.534933112794198e-06,9.534933112794198e-06,0.00012237954529111653
1772535388.4701648,1226,0.8337497711181641,1199.4006291106664,0.4875166205559882,0.00039141651184123016,1.0911297510165085e-05,0.05314199413318291,0.0017453317487078485,0.08273124694824219,1.0,9.129736359319979e-06,9.129736359320409e-06,0.0002472763526955296
1772535388.483091,1227,0.8993148803710938,1111.9575821845176,0.48884490377139367,0.0014897239500624713,1.0911557737178178e-05,0.05314199413318291,0.0017453317487078485,0.08273124694824219,1.0,4.435676769349621e-06,4.435676769350313e-06,0.00011707117588658052
1772535388.4952853,1228,0.9233951568603516,1082.9599793441776,0.48774677162073204,0.0012310428654108256,1.0911560144977063e-05,0.05314199413318291,0.0017453317487078485,0.08273124694824219,1.0,4.559363862970998e-06,4.559363862967571e-06,0.00014707100657304045
1772535388.5079098,1229,0.8611679077148438,1161.2137320044296,0.4883497540569106,0.0006776206912005515,1.0911397399389284e-05,0.05314199413318291,0.0,0.08273124694824219,1.0,7.04007584818026e-06,7.040075848179671e-06,0.0001301251466082626
1772535388.5202363,1230,0.7212162017822266,1386.5467768595042,0.4882002089433996,0.0001676510218014127,1.0911250940284473e-05,0.05314199413318291,0.0017453317487078485,0.08273124694824219,1.0,9.138712882113146e-06,9.138712882113146e-06,0.00012141423027247156
1772535388.533127,1231,0.9262561798095703,1079.6149292149291,0.488958830673506,0.0008482131267496055,1.0911285851759212e-05,0.05314199413318291,0.0017453317487078485,0.08273124694824219,1.0,8.861596945023298e-06,8.861596945023298e-06,0.00012337690733678827
1772535388.545208,1232,0.827789306640625,1208.036866359447,0.4877884856756121,0.0013123732437282224,1.091115163170591e-05,0.05314199413318291,0.0,0.08273124694824219,1.0,1.0349288413178133e-05,1.0349288413176437e-05,0.00010878685529134629
1772535388.5575798,1233,0.8311271667480469,1203.1853126792885,0.48739040666879396,0.00044233200265967254,1.0911032701082877e-05,0.05314199413318291,0.0,0.08273124694824219,1.0,1.2225300424229211e-05,1.2225300424229368e-05,9.572621472057517e-05
1772535388.5703304,1234,0.9472370147705078,1055.7019884218475,0.48821065660070573,0.0009229515718964296,1.091092634456979e-05,0.05314199413318291,0.0,0.08273124694824219,1.0,1.4137435842199318e-05,1.4137435842209147e-05,8.403608425692558e-05
1772535388.5829794,1235,0.9467601776123047,1056.2336942835557,0.48862662715825794,0.0004650956815214803,1.0910830753762044e-05,0.05314199413318291,0.0017453317487078485,0.08273124694824219,1.0,1.5381055837081233e-05,1.5381055837081233e-05,0.0001476238522189812
1772535388.595292,1236,0.8008480072021484,1248.6763917832689,0.48837102987300524,0.000288229927963636,1.0910911795857997e-05,0.05314199413318291,0.0017453317487078485,0.08273124694824219,1.0,1.35873459098084e-05,1.3587345909806247e-05,8.715089446482105e-05
1772535388.6079473,1237,0.5726814270019531,1746.1715237302249,0.4894940293581951,0.0012539616029202177,1.0910820361636677e-05,0.05314199413318291,0.0,0.08273124694824219,1.0,1.5317320664798787e-05,1.5317320664796656e-05,7.653457000002968e-05
1772535388.620456,1238,0.9319782257080078,1072.9864415451523,0.48833326640058544,0.0013048078075615756,1.0910738067554983e-05,0.05314199413318291,0.0017453317487078485,0.08273124694824219,1.0,1.5577125064421205e-05,1.5577125064420585e-05,0.00015097537436736984
1772535388.6326182,1239,0.6237030029296875,1603.3272171253823,0.48811127594398274,0.0002482043751266611,1.091083258357392e-05,0.05314199413318291,0.0,0.08273124694824219,1.0,1.4118253897443932e-05,1.4118253897446063e-05,0.0001353888614873443
1772535388.645385,1240,0.7288455963134766,1372.032711808963,0.48875215450765935,0.0007175589454470071,1.0910917996284678e-05,0.05314199413318291,0.0017453317487078485,0.08273124694824219,1.0,1.2931575256357071e-05,1.2931575256357472e-05,0.00028860198883687283
1772535388.6581244,1241,1.0709762573242188,933.7275155832591,0.48860328922118706,0.00016962289331362787,1.0911227485490588e-05,0.05314199413318291,0.0017453317487078485,0.08273124694824219,1.0,6.766156985455112e-06,6.766156985455112e-06,0.00011801912261978998
1772535388.6704955,1242,0.9181499481201172,1089.146715138925,0.4884369321451227,0.00018777601441414068,1.091127456779932e-05,0.05314199413318291,0.0017453317487078485,0.08273124694824219,1.0,6.336807638350999e-06,6.3368076383607725e-06,0.00012098105464029412
1772535388.6827638,1243,0.8771419525146484,1140.0663223702093,0.4879181557543066,0.0005804700183791046,1.0911151499671579e-05,0.05314199413318291,0.0,0.08273124694824219,1.0,7.936246642736554e-06,7.936246642736554e-06,0.00010698695888532816
1772535388.6955419,1244,0.7634162902832031,1309.9013116801998,0.4892737847610626,0.0015175365478157187,1.0911041488421227e-05,0.05314199413318291,0.001745329668113249,0.08273124694824219,1.0,9.951990938919644e-06,9.951990938919644e-06,0.0002738626953896874
1772535388.707851,1245,1.0111331939697266,988.9893892949776,0.48774151549283173,0.0017183607596252444,1.0911340663590733e-05,0.05314199413318291,0.001745329668113249,0.08273124694824219,1.0,3.981886211480779e-06,3.9818862114913105e-06,0.00011416028059627277
1772535388.7207422,1246,0.9615421295166016,1039.9960327299777,0.4893437043418433,0.001794383078705345,1.0911212525819647e-05,0.05314199413318291,0.0,0.08273124694824219,1.0,6.483882910874929e-06,6.48388291087672e-06,0.0001007913486660222
1772535388.7331583,1247,0.9152889251708984,1092.5511852044804,0.48898012488391307,0.0004133721226214223,1.0911096816791822e-05,0.05314199413318291,0.0,0.08273124694824219,1.0,8.108074424915877e-06,8.108074424916309e-06,8.861243174212016e-05
1772535388.745187,1248,0.6482601165771484,1542.5906583302685,0.4880679022038805,0.0010232024076555818,1.091099368544077e-05,0.05314199413318291,0.0017453317487078485,0.08273124694824219,1.0,9.61429612481727e-06,9.614296124816854e-06,0.00015071741377703542
1772535388.7575755,1249,0.7491111755371094,1334.915340547422,0.48740550610277233,0.000738681056290185,1.0911067615777319e-05,0.05314199413318291,0.0017453317487078485,0.08273124694824219,1.0,8.248374992709967e-06,8.248374992710367e-06,8.995140648373825e-05
1772535388.770125,1250,0.7708072662353516,1297.3411691927004,0.48760780069641674,0.00023418548677532776,1.0910969010115689e-05,0.05314199413318291,0.0017453317487078485,0.08273124694824219,1.0,9.949328978890466e-06,9.949328978890859e-06,0.00014380720994630188
1772535388.7829351,1251,0.7665157318115234,1304.60466562986,0.48882894922156167,0.0013696560188452133,1.09110461785691e-05,0.05314199413318291,0.0017453317487078485,0.08273124694824219,1.0,8.830583720397439e-06,8.830583720410737e-06,9.2235917550278e-05
1772535388.7955,1252,0.9381771087646484,1065.8968233799237,0.4885195629054591,0.00034916998943195355,1.0910950129944715e-05,0.05314199413318291,0.0,0.08273124694824219,1.0,9.952948201019662e-06,9.952948201019662e-06,8.122104499395012e-05
1772535388.8075776,1253,0.6837844848632812,1462.4490934449093,0.4877418945047971,0.0008704467685381911,1.0910864838804589e-05,0.05314199413318291,0.0017453317487078485,0.08273124694824219,1.0,1.1057805041954314e-05,1.1057805041954314e-05,0.00014736135020808393
1772535388.820314,1254,0.8518695831298828,1173.8886090120347,0.48811852230515496,0.00042514589789558805,1.0910954729415707e-05,0.05314199413318291,0.0017453317487078485,0.08273124694824219,1.0,9.779720259689267e-06,9.77972025968947e-06,8.584691872776677e-05
1772535388.8326972,1255,0.8554458618164062,1168.9810479375697,0.4880493592647007,7.637461738554094e-05,1.0910870172479412e-05,0.05314199413318291,0.0,0.08273124694824219,1.0,1.0868537654435431e-05,1.086853765444693e-05,7.563996923441718e-05
1772535388.8455546,1256,0.7364749908447266,1357.8193590158628,0.4895777376736658,0.0017092400974215867,1.0910794921310363e-05,0.05314199413318291,0.0017453317487078485,0.08273124694824219,1.0,1.2390797220880477e-05,1.2390797220878535e-05,0.0001505575874854227
1772535388.8574665,1257,0.7345676422119141,1361.345017851347,0.48723997780522804,0.0026207958709179194,1.0910893160259238e-05,0.05314199413318291,0.0017453317487078485,0.08273124694824219,1.0,9.68152601819973e-06,9.681526018199534e-06,8.181544910677511e-05
1772535388.8702736,1258,0.7994174957275391,1250.9108261258575,0.488290911953403,0.0011823795410419358,1.0910817925266054e-05,0.05314199413318291,0.0017453317487078485,0.08273124694824219,1.0,1.1497844795603601e-05,1.149784479558973e-05,0.00014414934882204774
1772535388.8831098,1259,0.9329319000244141,1071.8895987733197,0.48910042966868306,0.0009046439824714425,1.0910915297812615e-05,0.05314199413318291,0.0017453317487078485,0.08273124694824219,1.0,9.857055206956208e-06,9.857055206956208e-06,8.719664420204527e-05
1772535388.8949509,1260,0.6921291351318359,1444.817085773338,0.48743383087872705,0.001867813288226087,1.0910837829745359e-05,0.05314199413318291,0.001745329668113249,0.08273124694824219,1.0,1.0237003869759872e-05,1.0237003869759872e-05,0.0002987833348647061
1772535388.9078395,1261,0.7719993591308594,1295.33786287832,0.4887025678891157,0.0014241160586679312,1.0911166777682369e-05,0.05314199413318291,0.0017453317487078485,0.08273124694824219,1.0,4.884179677147416e-06,4.884179677146084e-06,0.00013203279488897924
1772535388.9217443,1262,1.6994476318359375,588.4264870931538,0.4905688333041453,0.002081498493798483,1.0911230921268028e-05,0.05314199413318291,0.0,0.08273124694824219,1.0,4.251258869973097e-06,4.251258869973097e-06,0.00011812622846992775
1772535388.9322443,1263,0.6659030914306641,1501.7200143215182,0.4864912578127322,0.0045709647485040784,1.0911289051297565e-05,0.05314199413318291,0.0,0.08273124694824219,1.0,3.6153054848646236e-06,3.6153054848646236e-06,0.00010519654702618958
1772535388.9458473,1264,1.2786388397216797,782.081670706694,0.48876970115952095,0.0025603262113005707,1.0911340979272813e-05,0.05314199413318291,0.0,0.08273124694824219,1.0,4.605322563233082e-06,4.605322563233082e-06,9.38503534164458e-05
1772535388.959,1265,1.5463829040527344,646.6703669441874,0.4900900581413082,0.0014719773668117947,1.0911388217504038e-05,0.05314199413318291,0.0017453317487078485,0.08273124694824219,1.0,5.201991406304831e-06,5.201991406304831e-06,0.0002671631035260536
1772535388.9712245,1266,1.5816688537597656,632.2435936086825,0.4888049244702,0.0014466677390836918,1.0911663594373546e-05,0.05314199413318291,0.001745329668113249,0.10657310485839844,1.0,5.4569982910219325e-06,5.4569982910219325e-06,0.0001499698452805689
1772535388.982791,1267,0.7975101470947266,1253.9025411061286,0.4878485535566832,0.0010712391143767443,1.0911511458265545e-05,0.05314199413318291,0.0,0.10657310485839844,1.0,3.2313219880190286e-06,3.2313219880190286e-06,0.00013332155590918047
1772535388.9957798,1268,0.9295940399169922,1075.738394460118,0.48920810417100685,0.0015230711862962646,1.091137478436755e-05,0.05314199413318291,0.0,0.10657310485839844,1.0,2.595992969600896e-06,2.595992969600896e-06,0.0001185176562216781
1772535389.0074782,1269,0.8933544158935547,1119.3765679210035,0.4866479057650393,0.0028672757385470615,1.0911251780692992e-05,0.05314199413318291,0.0,0.10657310485839844,1.0,3.350131216314668e-06,3.3501312162963447e-06,0.00010484276683560798
1772535389.020048,1270,0.7874965667724609,1269.8468059339993,0.48731299831166,0.0007571028695493279,1.0911141594229986e-05,0.05314199413318291,0.0,0.10657310485839844,1.0,5.178000855361065e-06,5.17800085535978e-06,9.275146210823793e-05
1772535389.0335817,1271,1.3439655303955078,744.0667021465318,0.4894263330511332,0.0023686091888872247,1.0911042470392223e-05,0.05314199413318291,0.0,0.10657310485839844,1.0,6.97893547417071e-06,6.978935474153878e-06,8.190004565232914e-05
1772535389.0456398,1272,1.1665821075439453,857.2049867157164,0.4880799494354776,0.0015114171911174501,1.0910952970158017e-05,0.05314199413318291,0.0,0.10657310485839844,1.0,7.80998840250483e-06,7.80998840250483e-06,7.197255331497969e-05
1772535389.058847,1273,1.6002655029296875,624.896305125149,0.48933970774812546,0.0014094152322056547,1.0910873757402616e-05,0.05314199413318291,0.0,0.10657310485839844,1.0,9.554093827104245e-06,9.554093827104245e-06,6.311880878143066e-05
1772535389.0710466,1274,1.4467239379882812,691.2168754119973,0.4885591198649935,0.0008784989539293905,1.0910802152675001e-05,0.05314199413318291,0.0,0.10657310485839844,1.0,1.0180310745063862e-05,1.0180310745063862e-05,5.511114473888808e-05
1772535389.0827026,1275,0.8628368377685547,1158.967670627245,0.48742231289309457,0.0012718949746687144,1.0910739051005983e-05,0.05314199413318291,0.0017453317487078485,0.10657310485839844,1.0,1.0951332908653045e-05,1.0951332908641562e-05,0.00043899311974881724
1772535389.0952966,1276,0.9114742279052734,1097.123724823437,0.4878181187869684,0.0004496226421993569,1.0911247564221608e-05,0.05314199413318291,0.0017453317487078485,0.10657310485839844,1.0,3.0612689462803023e-06,3.0612689462803023e-06,9.511217417836683e-05
1772535389.1077673,1277,0.8571147918701172,1166.7048678720446,0.4879001126667582,9.653626031583758e-05,1.0911140327194366e-05,0.05314199413318291,0.0,0.10657310485839844,1.0,4.4885256873222215e-06,4.4885256873222215e-06,8.391989273739171e-05
1772535389.1209364,1278,1.4095306396484375,709.4560216508796,0.48855813559175126,0.0007383008638744717,1.0911043934770452e-05,0.05314199413318291,0.0017453317487078485,0.10657310485839844,1.0,6.048187929772254e-06,6.048187929774068e-06,0.0004108026842517033
1772535389.133583,1279,1.344919204711914,743.53908881404,0.4892621720754038,0.0007851358178770103,1.091152287544967e-05,0.05314199413318291,0.0017453317487078485,0.10657310485839844,1.0,4.120196927702823e-06,4.120196927705497e-06,0.00012024835850476551
1772535389.1460173,1280,1.3248920440673828,754.778477595825,0.4890114009012202,0.00028716148756065957,1.0911387957543762e-05,0.05314199413318291,0.0,0.10657310485839844,1.0,2.676369305697083e-06,2.6763693056886656e-06,0.00010654954885311702
1772535389.1582747,1281,1.256704330444336,795.7321191424777,0.4881644548631918,0.0009505000832983249,1.0911266187708434e-05,0.05314199413318291,0.0017453317487078485,0.10657310485839844,1.0,2.997616516688369e-06,2.997616516688555e-06,0.00014422184120919064
1772535389.1712952,1282,1.4913082122802734,670.5521982414069,0.4892698953815946,0.0012366410824672604,1.0911322504319568e-05,0.05314199413318291,0.0017453317487078485,0.10657310485839844,1.0,2.1745642001314862e-06,2.1745642001314862e-06,0.00010456610433496985
1772535389.1839514,1283,1.4200210571289062,704.2149093351243,0.4898505589955936,0.0006436669636486349,1.0911207348607852e-05,0.05314199413318291,0.0,0.05364418029785156,1.0,3.335904883375253e-06,3.3359048833932754e-06,9.251031184790121e-05
1772535389.1957605,1284,1.1467933654785156,871.9966735966736,0.4880536246173922,0.002016554927701835,1.0911103576063444e-05,0.05314199413318291,0.0,0.05364418029785156,1.0,4.629680860846294e-06,4.629680860846294e-06,8.150234348482093e-05
1772535389.2082684,1285,1.329183578491211,752.3415246636771,0.48760014710539706,0.0005045687667930147,1.091101081484661e-05,0.05314199413318291,0.001745329668113249,0.064849853515625,1.0,6.196481393695959e-06,6.196481393695959e-06,0.00027779239195499625
1772535389.2206407,1286,0.9419918060302734,1061.580359402683,0.4885012628425498,0.0010129807556629707,1.0911324835445605e-05,0.05314199413318291,0.001745329668113249,0.064849853515625,1.0,3.318801548637176e-06,3.3188015486368404e-06,9.741681489003393e-05
1772535389.2326424,1287,0.7507801055908203,1331.9479199745952,0.48720627266655553,0.0014483862644303878,1.0911209893910006e-05,0.05314199413318291,0.0,0.064849853515625,1.0,3.831698037722723e-06,3.831698037722723e-06,8.589655888349252e-05
1772535389.245232,1288,0.8478164672851562,1179.5005624296964,0.487585993302073,0.0004337981926917905,1.0911106584438367e-05,0.05314199413318291,0.0,0.064849853515625,1.0,5.214425508983338e-06,5.214425508983338e-06,7.561998863268086e-05
1772535389.2583108,1289,1.085519790649414,921.2176586865803,0.48880624016503954,0.0013689719741691998,1.0911013743518396e-05,0.05314199413318291,0.0,0.064849853515625,1.0,6.658636233642002e-06,6.658636233642002e-06,6.638011964833142e-05
1772535389.2702494,1290,0.6239414215087891,1602.7145586549484,0.48820433008985237,0.0006756467341211827,1.0910930151336274e-05,0.05314199413318291,0.0017453317487078485,0.064849853515625,1.0,7.5897655903818124e-06,7.589765590379374e-06,0.00017280023313382323
1772535389.2827427,1291,0.7140636444091797,1400.4353923205342,0.48791968400893077,0.00031734045644508013,1.0911021381964548e-05,0.05314199413318291,0.0017453317487078485,0.064849853515625,1.0,5.641075625356752e-06,5.641075625356752e-06,7.135214532842783e-05
1772535389.295425,1292,0.8170604705810547,1223.8996206594688,0.4884275478005004,0.0005704776210995952,1.0910938017321348e-05,0.05314199413318291,0.0,0.064849853515625,1.0,7.065374507578597e-06,7.065374507580119e-06,6.25963291664892e-05
1772535389.3077419,1293,1.0020732879638672,997.9310016654771,0.48726157580984003,0.0013042732092364592,1.0910863157514944e-05,0.05314199413318291,0.0017453317487078485,0.064849853515625,1.0,7.907803550600993e-06,7.907803550598369e-06,0.00016780628810526206
1772535389.3200464,1294,0.9131431579589844,1095.1185378590078,0.4870728611493477,0.00020738506490259998,1.0910962182747105e-05,0.05314199413318291,0.0017453317487078485,0.064849853515625,1.0,6.1504352563972165e-06,6.150435256414713e-06,0.0002848358387320746
1772535389.333115,1295,0.9417533874511719,1061.8491139240507,0.4890144883865129,0.0021783053950329982,1.0911282706427988e-05,0.05314199413318291,0.001745329668113249,0.064849853515625,1.0,2.791503084320729e-06,2.791503084315844e-06,9.433613263880472e-05
1772535389.3458374,1296,1.3642311096191406,733.0136315973435,0.48842248726456455,0.0006665955204195795,1.0911174081359375e-05,0.05314199413318291,0.001745329668113249,0.064849853515625,1.0,3.3614791737556013e-06,3.3614791737553743e-06,0.0002618231629909888
1772535389.3579838,1297,1.2142658233642578,823.5429020223837,0.48757561659901943,0.0009476881194060748,1.091147398911242e-05,0.05314199413318291,0.0017453317487078485,0.06771087646484375,1.0,4.917108147500689e-06,4.917108147500689e-06,0.00015170583568395465
1772535389.3706446,1298,0.9317398071289062,1073.2610030706244,0.48908355948502547,0.001689856887335807,1.091151114799762e-05,0.05314199413318291,0.0,0.06771087646484375,1.0,4.7505160816567e-06,4.7505160816589525e-06,0.00013588788299333972
1772535389.3828475,1299,0.8347034454345703,1198.030277063696,0.4883072600946471,0.0008728103366248062,1.0911545060656282e-05,0.05314199413318291,0.0017453317487078485,0.06771087646484375,1.0,4.6293242479083245e-06,4.6293242479076435e-06,0.00012439395712563714
1772535389.3949459,1300,0.6532669067382812,1530.7678832116787,0.4875091866886811,0.0008923645453384457,1.0911408636274688e-05,0.05314199413318291,0.0017453317487078485,0.06771087646484375,1.0,2.552036782927324e-06,2.5520367829271306e-06,0.00012913349129633223
1772535389.408191,1301,1.031637191772461,969.3330251906633,0.48911230206927636,0.0017967585973926372,1.0911451465357148e-05,0.05314199413318291,0.0,0.06771087646484375,1.0,3.3257124952248448e-06,3.3257124952248448e-06,0.00011541582157071786
1772535389.4202652,1302,0.6706714630126953,1491.0430145751866,0.4884835231103371,0.0007081592574974335,1.091149042400246e-05,0.05314199413318291,0.0017453317487078485,0.06771087646484375,1.0,4.086905834416815e-06,4.086905834416815e-06,0.00024878017891961923
1772535389.4328742,1303,0.8497238159179688,1176.8529741863076,0.48838741777462924,0.0001086601403145283,1.0911756745964382e-05,0.05314199413318291,0.0,0.06771087646484375,1.0,7.931180002749947e-06,7.931180002749947e-06,0.0002200299561129283
1772535389.4452512,1304,0.8747577667236328,1143.173616789316,0.4879884846950815,0.00044638096981355294,1.09119957828459e-05,0.05314199413318291,0.0017453317487078485,0.06771087646484375,1.0,1.1864548915710278e-05,1.1864548915712668e-05,0.0003179552234671021
1772535389.4579086,1305,0.8637905120849609,1157.6881037813966,0.4885948869098478,0.0006798743791437092,1.0912377176816818e-05,0.05314199413318291,0.001745329668113249,0.06771087646484375,1.0,1.858522909190758e-05,1.8585229091897548e-05,0.0001294869789168246
1772535389.470639,1306,0.9579658508300781,1043.8785465405674,0.48901165521912415,0.0004640211206020689,1.0912320102255278e-05,0.05314199413318291,0.0017453317487078485,0.06771087646484375,1.0,1.7061358848434788e-05,1.7061358848434788e-05,0.00017855888884101044
1772535389.4828374,1307,0.6139278411865234,1628.8559223300972,0.4888524037681471,0.00018338586176804085,1.0912499782020238e-05,0.05314199413318291,0.0017453317487078485,0.06771087646484375,1.0,1.9670781384213927e-05,1.9670781384214348e-05,0.0001355811424501285
1772535389.4952295,1308,0.7700920104980469,1298.5461300309598,0.48802812137271456,0.0009243595539047233,1.0912426867845264e-05,0.05314199413318291,0.0,0.06771087646484375,1.0,1.761463573803514e-05,1.7614635738045094e-05,0.00012161750644928618
1772535389.50813,1309,0.9398460388183594,1064.0040588533739,0.48895686486929824,0.0010401061538477538,1.0912359433548066e-05,0.05314199413318291,0.0,0.06771087646484375,1.0,1.6828760289482757e-05,1.6828760289482757e-05,0.00010915591314752233
1772535389.520842,1310,0.9543895721435547,1047.7901573819636,0.4894633499546663,0.0005624586551774296,1.0912299018557844e-05,0.05314199413318291,0.0,0.06771087646484375,1.0,1.5452131626184917e-05,1.5452131626184917e-05,9.782880002857736e-05
1772535389.5332453,1311,1.191854476928711,839.0286057211442,0.48823289329009556,0.0013816332991744042,1.0912243186615156e-05,0.05314199413318291,0.0017453317487078485,0.1289844512939453,1.0,1.382520518344633e-05,1.38252051834414e-05,0.0002022757087603029
1772535389.5455341,1312,0.8296966552734375,1205.2597701149425,0.4887369673306646,0.0005646138995699049,1.0912423014652944e-05,0.05314199413318291,0.001745329668113249,0.1289844512939453,1.0,1.692531266120858e-05,1.692531266120858e-05,0.0002203694780017615
1772535389.5583098,1313,1.035928726196289,965.3173762945914,0.48894386689450603,0.0002295078649497974,1.09121865035419e-05,0.05314199413318291,0.0,0.1289844512939453,1.0,1.2303459530755869e-05,1.2303459530755869e-05,0.00019675965157937758
1772535389.5699177,1314,0.7040500640869141,1420.353538774128,0.48681865356211507,0.0023792555885367877,1.0911972463625977e-05,0.05314199413318291,0.0,0.1289844512939453,1.0,7.809685873200214e-06,7.809685873200214e-06,0.00017502361760214175
1772535389.5826402,1315,0.6289482116699219,1589.956027293404,0.48809021889458043,0.0014329925517955174,1.0911778998240235e-05,0.05314199413318291,0.0,0.1289844512939453,1.0,4.8434489724342165e-06,4.8434489724342165e-06,0.00015594021750544294
1772535389.5955572,1316,0.843048095703125,1186.1719457013576,0.4888181589345375,0.00081536782572571,1.0911605344752467e-05,0.05314199413318291,0.0,0.1289844512939453,1.0,1.6990511285025795e-06,1.6990511285025795e-06,0.00013859841928714556
1772535389.6077185,1317,0.7462501525878906,1340.0332268370607,0.4877617202890498,0.0011836060392161642,1.0911448542690985e-05,0.05314199413318291,0.0,0.1289844512939453,1.0,1.3084944068453722e-06,1.3084944068453722e-06,0.0001227524295957687
1772535389.6202784,1318,0.6194114685058594,1614.4357197844495,0.48854560059037505,0.0008802688395708988,1.091130778345965e-05,0.05314199413318291,0.0017453317487078485,0.1289844512939453,1.0,3.7281001843691583e-06,3.728100184369484e-06,0.00013019649024280405
1772535389.633083,1319,0.9438991546630859,1059.4352109118465,0.4886253408762168,8.813064892797295e-05,1.0911346899615466e-05,0.05314199413318291,0.0017453317487078485,0.1289844512939453,1.0,3.0958090796688753e-06,3.0958090796688753e-06,0.00011778095181875028
1772535389.6452491,1320,0.8919239044189453,1121.1718791766907,0.487482045901678,0.0012797166642942437,1.091121656854728e-05,0.05314199413318291,0.0,0.1289844512939453,1.0,4.953650566972912e-06,4.9536505669727125e-06,0.00010409302243218513
1772535389.6575737,1321,0.6849765777587891,1459.9039331709016,0.4876851458436031,0.00023422106127119364,1.0911100168332052e-05,0.05314199413318291,0.0,0.1289844512939453,1.0,6.957766634673987e-06,6.957766634673987e-06,9.185826520490087e-05
1772535389.6704602,1322,0.9419918060302734,1061.580359402683,0.4883935741336208,0.0007961791138605691,1.0910995562786733e-05,0.05314199413318291,0.0017453317487078485,0.1289844512939453,1.0,8.715099323088246e-06,8.715099323088246e-06,0.00014362695858965015
1772535389.6826577,1323,0.6992816925048828,1430.0388680531878,0.4880309850159144,0.0004058423750902503,1.0911067482704869e-05,0.05314199413318291,0.0,0.1289844512939453,1.0,7.179891054691764e-06,7.1798910546807236e-06,0.0001285204648492536
1772535389.6953943,1324,0.7104873657226562,1407.4845637583892,0.4888439151154297,0.000910269954735129,1.0911133110716832e-05,0.05314199413318291,0.0017453317487078485,0.1289844512939453,1.0,6.436975195650826e-06,6.436975195650826e-06,0.00027163876634606174
1772535389.7082374,1325,0.9491443634033203,1053.5805074101984,0.48932215233485205,0.0005311915055710211,1.0911424564466552e-05,0.05314199413318291,0.0017453317487078485,0.1289844512939453,1.0,9.531213911358989e-07,9.531213911277128e-07,0.00011633670058021213
1772535389.7205484,1326,0.9410381317138672,1062.6561945781607,0.48844126590199427,0.0009906689882460548,1.0911454825585837e-05,0.05314199413318291,0.0,0.1289844512939453,1.0,1.8961584972355707e-06,1.89615849723539e-06,0.00010381101822681593
1772535389.7325847,1327,0.7977485656738281,1253.5277943813508,0.48731033141330393,0.0012649147366150012,1.0911482046361225e-05,0.05314199413318291,0.0017453317487078485,0.1289844512939453,1.0,2.962710932896478e-06,2.962710932896478e-06,0.000246424473867017
1772535389.7455916,1328,0.9188652038574219,1088.2989102231447,0.48885090017529087,0.001728943432479611,1.0911738046026772e-05,0.05314199413318291,0.0017453317487078485,0.1289844512939453,1.0,5.342479894136851e-06,5.342479894136851e-06,0.00010350215357556882
1772535389.757431,1329,0.7493495941162109,1334.490614062997,0.4870201378780149,0.002050109231303658,1.091173684595187e-05,0.05314199413318291,0.0017453317487078485,0.1289844512939453,1.0,5.169337368805049e-06,5.1693373687958965e-06,0.00016015759633370962
1772535389.7703552,1330,0.8115768432617188,1232.1692126909518,0.48853568492050525,0.0017031620902782933,1.0911569155468641e-05,0.05314199413318291,0.0,0.1289844512939453,1.0,2.6815523941088575e-06,2.6815523941101738e-06,0.00014266407836339696
1772535389.7831297,1331,0.9019374847412109,1108.7242928892413,0.4892621165857393,0.0008101324367708403,1.0911418321260325e-05,0.05314199413318291,0.0,0.1289844512939453,1.0,1.6252861045969015e-06,1.6252861045981087e-06,0.00012674791044834863
1772535389.7952387,1332,0.8041858673095703,1243.493625852357,0.4880045993919548,0.0014113220010104083,1.0911282306428879e-05,0.05314199413318291,0.0,0.1289844512939453,1.0,3.2365093368880173e-06,3.2365093368902035e-06,0.00011221150323046113
1772535389.8078625,1333,0.8075237274169922,1238.3537053439622,0.48844872503014813,0.0004986068413805147,1.091116061066265e-05,0.05314199413318291,0.0,0.1289844512939453,1.0,5.334925197381697e-06,5.334925197381697e-06,9.924184769455327e-05
1772535389.8200746,1334,0.9191036224365234,1088.0166018158236,0.4872225051185227,0.0013717892668596756,1.091105111528917e-05,0.05314199413318291,0.001745329668113249,0.1289844512939453,1.0,6.841717830812088e-06,6.841717830812088e-06,0.00026982012268294354
1772535389.8324137,1335,0.8037090301513672,1244.2313853455948,0.4870671452725495,0.00017052177698317921,1.0911350689060442e-05,0.05314199413318291,0.001745329668113249,0.1289844512939453,1.0,2.2053463373851337e-06,2.2053463373890305e-06,0.00011009968893416429
1772535389.8454227,1336,0.7960796356201172,1256.155735250075,0.489081657052296,0.0022597376030416365,1.0911223044019822e-05,0.05314199413318291,0.0,0.1289844512939453,1.0,4.3555653695160865e-06,4.35556536951753e-06,9.736068730220762e-05
1772535389.8576934,1337,0.8306503295898438,1203.8760045924225,0.4879881631144152,0.001227428264393086,1.0911107696874476e-05,0.05314199413318291,0.001745329668113249,0.1289844512939453,1.0,5.883948213707996e-06,5.88394821370634e-06,0.00025960131890517086
1772535389.8707597,1338,0.9484291076660156,1054.375062845651,0.48979184190064257,0.002016868703513958,1.09114025338193e-05,0.05314199413318291,0.0017453317487078485,0.1289844512939453,1.0,3.3378007847863726e-06,3.3378007847863726e-06,0.00015112330107375056
1772535389.8826594,1339,0.7424354553222656,1346.9184328837507,0.48810177627398216,0.0018979582172574205,1.0911435855400899e-05,0.05314199413318291,0.0017453317487078485,0.1289844512939453,1.0,1.5205713970669181e-06,1.5205713970666581e-06,0.00011790136859388917
1772535389.8949473,1340,0.8015632629394531,1247.5621653777514,0.4872166094301191,0.0009884812134981179,1.09112999162655e-05,0.05314199413318291,0.0017453317487078485,0.1289844512939453,1.0,2.7656041027632623e-06,2.7656041027632623e-06,0.00014161128268312795
1772535389.9076254,1341,0.7572174072265625,1320.624685138539,0.4882302167796484,0.0011406088772871912,1.091134355690747e-05,0.05314199413318291,0.0017453317487078485,0.1289844512939453,1.0,1.5740410828144887e-06,1.574041082813156e-06,0.00011294926261599039
1772535389.9207838,1342,0.9937286376953125,1006.3109404990403,0.48972460507511917,0.0016697301484293967,1.0911217147927733e-05,0.05314199413318291,0.0,0.1289844512939453,1.0,3.85027774075359e-06,3.850277740757661e-06,9.996518798529759e-05
1772535389.9326158,1343,1.085042953491211,921.6225005493299,0.48694760297349315,0.003112978267220311,1.0911103152378169e-05,0.05314199413318291,0.001745329668113249,0.1289844512939453,1.0,5.282939976499021e-06,5.282939976486092e-06,0.0002628990898081827
1772535389.9457135,1344,1.1491775512695312,870.1875518672199,0.4893156774517771,0.0026559486681420087,1.0911399055094747e-05,0.05314199413318291,0.0017453317487078485,0.1289844512939453,1.0,2.3773951738026836e-06,2.3773951738026836e-06,0.0003713673295952775
1772535389.9584186,1345,1.294851303100586,772.2894494568219,0.4893108322246902,3.475007933052238e-05,1.091183395693359e-05,0.05314199413318291,0.0017453317487078485,0.1289844512939453,1.0,7.658614885100065e-06,7.65861488510063e-06,0.00015541167069955082
1772535389.9712496,1346,1.2738704681396484,785.0091708777841,0.49038094337062,0.0011891759744299037,1.091165802314461e-05,0.05314199413318291,0.0017453317487078485,0.1289844512939453,1.0,4.722277499669538e-06,4.722277499669538e-06,0.00013499742678793597
1772535389.983085,1347,0.8859634399414062,1128.7147470398277,0.48879898924729703,0.001779749290002714,1.0911665796411584e-05,0.05314199413318291,0.0,0.1289844512939453,1.0,4.035880465319504e-06,4.035880465319504e-06,0.00012066540808640122
1772535389.996053,1348,1.3954639434814453,716.6075516828977,0.4888468492214162,5.282626773621176e-05,1.091167191394719e-05,0.05314199413318291,0.0017453317487078485,0.1289844512939453,1.0,4.253676471192508e-06,4.253676471192508e-06,0.00014784677366015377
1772535390.0095963,1349,1.8954277038574219,527.5854088050314,0.4904888904940838,0.001831226794046145,1.0911511506411645e-05,0.05314199413318291,0.0,0.1289844512939453,1.0,1.4379389993686992e-06,1.437938999378815e-06,0.00013150893010867133
1772535390.0210655,1350,1.4641284942626953,683.0001628399284,0.48807475659084193,0.0027091686875329933,1.091136677028367e-05,0.05314199413318291,0.0,0.1289844512939453,1.0,1.3270368012976886e-06,1.3270368012993179e-06,0.00011635249699510994
1772535390.0336037,1351,1.7979145050048828,556.1999734783185,0.4870836177762386,0.0011055043317204636,1.091123717440409e-05,0.05314199413318291,0.0017453317487078485,0.1862049102783203,1.0,3.5100497774138322e-06,3.5100497774242673e-06,0.00013156035512371108
1772535390.046144,1352,1.3842582702636719,722.408542886669,0.48879185799816643,0.0019191957483817219,1.0911286536038856e-05,0.05314199413318291,0.0,0.1862049102783203,1.0,3.0398601384837383e-06,3.0398601384837383e-06,0.00011771291386387281
1772535390.0590959,1353,1.592397689819336,627.9838299146579,0.4896028826685816,0.0009039818634893226,1.0911330973630778e-05,0.05314199413318291,0.001745329668113249,0.1862049102783203,1.0,3.0669759572101653e-06,3.0669759572101653e-06,0.00037002430476098055
1772535390.0711439,1354,1.283884048461914,778.8865366759517,0.488704445081016,0.0010108907001795129,1.0911772000883462e-05,0.05314199413318291,0.0017453317487078485,0.1862049102783203,1.0,6.253436896447699e-06,6.253436896447699e-06,0.00016243189730710846
1772535390.0826871,1355,0.8144378662109375,1227.84074941452,0.4869497645926768,0.001962986700340899,1.0911601504528397e-05,0.05314199413318291,0.0017453317487078485,0.1862049102783203,1.0,3.177808127455693e-06,3.177808127455693e-06,0.00010138044168866235
1772535390.0965216,1356,1.6427040100097656,608.7523947750362,0.4890610727719504,0.002370463905685031,1.0911613811160117e-05,0.05314199413318291,0.0017453317487078485,0.1862049102783203,1.0,4.29558603459175e-06,4.29558603459175e-06,0.0001509123122568716
1772535390.1083677,1357,1.270294189453125,787.2192192192192,0.48786605018797513,0.001339276768451862,1.09114592814009e-05,0.05314199413318291,0.0,0.1862049102783203,1.0,2.156161596903402e-06,2.156161596903402e-06,0.00013407152500733802
1772535390.1208937,1358,1.3108253479003906,762.8781375045471,0.4880628595795103,0.00022471278431348844,1.0911320176360755e-05,0.05314199413318291,0.0,0.1862049102783203,1.0,2.7758555955845145e-06,2.7758555955845145e-06,0.00011902481529056411
1772535390.1339319,1359,1.5368461608886719,650.6832143965249,0.4891680676916083,0.0012374409910424094,1.0911195123592274e-05,0.05314199413318291,0.0017453317487078485,0.1862049102783203,1.0,4.619126699700864e-06,4.619126699698781e-06,0.00012105104458262705
1772535390.146033,1360,1.355886459350586,737.5248813082469,0.48821468958485437,0.001069936098291272,1.0911248520498622e-05,0.05314199413318291,0.0,0.1862049102783203,1.0,3.969490701972017e-06,3.969490701972017e-06,0.00010805332235130131
1772535390.1581967,1361,1.3730525970458984,728.304219482549,0.4871561132573468,0.0011822551801657112,1.0911297134768897e-05,0.05314199413318291,0.0,0.1862049102783203,1.0,4.018821781553969e-06,4.018821781553969e-06,9.630750025957927e-05
1772535390.1706796,1362,1.1522769927978516,867.8468859921373,0.4876389833410078,0.0005494859919971947,1.0911341011067152e-05,0.05314199413318291,0.0,0.1862049102783203,1.0,4.594888899089538e-06,4.594888899081744e-06,8.576093745552447e-05
1772535390.1837175,1363,1.4290809631347656,699.7504170837504,0.48890265958466705,0.0014172286946615732,1.0911380548703414e-05,0.05314199413318291,0.0017453317487078485,0.1862049102783203,1.0,5.311642252438812e-06,5.311642252438812e-06,0.0001442813218563697
1772535390.195689,1364,1.2543201446533203,797.2446302984224,0.48744110599970475,0.001637127420206894,1.0911250328823931e-05,0.05314199413318291,0.0,0.1862049102783203,1.0,5.0676443649534304e-06,5.0676443649534304e-06,0.00012835282276925285
1772535390.208481,1365,1.3508796691894531,740.2583833392164,0.48834134595420464,0.0010126759908901828,1.091113394252301e-05,0.05314199413318291,0.0,0.1862049102783203,1.0,6.252072921456093e-06,6.252072921456093e-06,0.00011418347315252634
1772535390.2206419,1366,1.1522769927978516,867.8468859921373,0.4878664748767976,0.0005308620389946263,1.0911028986760454e-05,0.05314199413318291,0.0,0.1862049102783203,1.0,7.238456730417364e-06,7.238456730417364e-06,0.00010131106065910837
1772535390.2338004,1367,1.4355182647705078,696.6125228367381,0.4893252679532545,0.0016330951459486956,1.0910935453266209e-05,0.05314199413318291,0.0,0.1862049102783203,1.0,8.84134674159333e-06,8.84134674159333e-06,8.980842629769742e-05
1772535390.2454238,1368,1.1448860168457031,873.4493960849646,0.4869690982616863,0.002640096762429104,1.0910850939090727e-05,0.05314199413318291,0.0,0.1862049102783203,1.0,9.161178873777404e-06,9.161178873776953e-06,7.929901823987357e-05
1772535390.2584321,1369,1.552581787109375,644.0884520884521,0.48778514712012006,0.0009222311191871374,1.0910777450772406e-05,0.05314199413318291,0.0,0.1862049102783203,1.0,1.0884060149608782e-05,1.0884060149608485e-05,6.996380442980159e-05
1772535390.2708185,1370,0.9784698486328125,1022.0038986354775,0.4891308455204354,0.0015071520595934455,1.0910710574866433e-05,0.05314199413318291,0.0,0.1862049102783203,1.0,1.19927201270029e-05,1.1992720127016002e-05,6.157526369976834e-05
1772535390.283433,1371,1.3918876647949219,718.4487838300788,0.4882669189749962,0.0009708171132857974,1.091065070915598e-05,0.05314199413318291,0.0,0.1862049102783203,1.0,1.2181927731956357e-05,1.2181927731970345e-05,5.401178715040488e-05
1772535390.2957902,1372,1.230478286743164,812.6921139314086,0.4881302810804009,0.00015242475286024075,1.0910598933208876e-05,0.05314199413318291,0.0,0.1862049102783203,1.0,1.3029682404545516e-05,1.3029682404547502e-05,4.7252407580127825e-05
1772535390.308832,1373,1.4133453369140625,707.5411605937921,0.489501526636482,0.0015332132683864538,1.0910552868749604e-05,0.05314199413318291,0.0017453317487078485,0.1862049102783203,1.0,1.4091719391391722e-05,1.4091719391393682e-05,0.00017540242459822795
1772535390.3208992,1374,1.239776611328125,806.5969230769231,0.4884545972955622,0.0011773572815727835,1.0910677395261836e-05,0.05314199413318291,0.0,0.1862049102783203,1.0,1.0941393319612678e-05,1.0941393319612678e-05,0.00015701383739214064
1772535390.3332698,1375,1.3401508331298828,746.1846646504181,0.48752797808889303,0.001036495184566876,1.0910791362966677e-05,0.05314199413318291,0.0017453317487078485,0.1862049102783203,1.0,8.94654673484367e-06,8.946546734845677e-06,7.557129440431889e-05
1772535390.3462434,1376,1.3835430145263672,722.7820093055316,0.48917196898733195,0.0018426952277210238,1.0910728753312486e-05,0.05314199413318291,0.001745329668113249,0.1862049102783203,1.0,1.0366448752889388e-05,1.0366448752889627e-05,0.0003069756171438817
1772535390.3581836,1377,0.9908676147460938,1009.2165543792108,0.48846920356826273,0.0007907155758428272,1.0911070129228582e-05,0.05314199413318291,0.0,0.1862049102783203,1.0,3.8046780977064185e-06,3.8046780977064185e-06,0.0002721386042093198
1772535390.371015,1378,1.2183189392089844,820.8031311154599,0.48879814320193365,0.0003669722965328071,1.0911377838080426e-05,0.05314199413318291,0.001745329668113249,0.1862049102783203,1.0,3.1324713104050685e-06,3.1324713104050685e-06,0.0001080951014054835
1772535390.3838744,1379,1.4498233795166016,689.7391876336129,0.4891415628394677,0.0003813176285718632,1.0911256477973665e-05,0.05314199413318291,0.0,0.1862049102783203,1.0,2.6491993147429544e-06,2.649199314749407e-06,9.573124455218861e-05
1772535390.3958325,1380,1.2173652648925781,821.4461417939679,0.48798407640073865,0.0012982330137087138,1.0911147127195758e-05,0.05314199413318291,0.0,0.1862049102783203,1.0,3.4589349682580814e-06,3.4589349682580814e-06,8.447348804875617e-05
1772535390.4083185,1381,1.234292984008789,810.1804133668147,0.4878689375827423,0.00012676261541919498,1.0911049043583911e-05,0.05314199413318291,0.001745329668113249,0.1862049102783203,1.0,4.866747887751748e-06,4.866747887751748e-06,0.0002686839253630236
1772535390.420204,1382,0.812530517578125,1230.7230046948357,0.48713058822025435,0.0008227080444490085,1.0911358406217305e-05,0.05314199413318291,0.0017453317487078485,0.1862049102783203,1.0,4.2651772193192525e-06,4.2651772193192525e-06,0.0001563209142378568
1772535390.4335463,1383,1.3811588287353516,724.029691006387,0.48850094570062025,0.0015402604334671026,1.0911404592648753e-05,0.05314199413318291,0.0017453317487078485,0.1862049102783203,1.0,3.4975903459106763e-06,3.4975903459101282e-06,0.0016467578419268262
1772535390.4455984,1384,1.1496543884277344,869.8266279552053,0.4875700431887454,0.0010418088521016809,1.0908787483945865e-05,0.05314199413318291,0.0017453275875186497,0.1862049102783203,1.0,2.6551771831238557e-05,2.655177183123956e-05,0.00025321875986477704
1772535390.4577324,1385,0.9615421295166016,1039.9960327299777,0.48703901646114556,0.0005899092488556918,1.090890532824552e-05,0.05314199413318291,0.0,0.1862049102783203,1.0,2.2234608432791597e-05,2.2234608432791597e-05,0.00022706366456675517
1772535390.4702756,1386,0.7851123809814453,1273.7030063771638,0.48795121796720564,0.0010285081539695821,1.0909012529903825e-05,0.05314199413318291,0.0017453317487078485,0.1862049102783203,1.0,1.900480004277815e-05,1.900480004277815e-05,0.00020183186715977335
1772535390.483422,1387,1.058816909790039,944.4503490204909,0.4894816286655401,0.0017117584615925063,1.090927561741728e-05,0.05314199413318291,0.0017453317487078485,0.1862049102783203,1.0,1.728722956810556e-05,1.72872295681095e-05,0.00019699265763109132
1772535390.4955332,1388,0.9367465972900391,1067.5245609569865,0.4882060990678827,0.0014332478191150329,1.0909347009721935e-05,0.05314199413318291,0.0,0.1862049102783203,1.0,1.3067327125671486e-05,1.3067327125665803e-05,0.00017599818721645866
1772535390.5084877,1389,1.257181167602539,795.4303053290347,0.48892581981842925,0.000804737710388016,1.0909412420485934e-05,0.05314199413318291,0.001745329668113249,0.1862049102783203,1.0,1.105844050531195e-05,1.105844050531195e-05,0.00023365679023270542
1772535390.52075,1390,1.2447834014892578,803.3526144416778,0.4879290984428537,0.0011180682768298857,1.0909870389608376e-05,0.05314199413318291,0.0017453317487078485,0.1862049102783203,1.0,1.2413386452182837e-05,1.2413386452184463e-05,0.00017548132869352044
1772535390.5331755,1391,1.2233257293701172,817.4437731436367,0.48787975134101713,5.412981546979641e-05,1.091005050896952e-05,0.05314199413318291,0.0,0.1862049102783203,1.0,1.1198720114446302e-05,1.1198720114446302e-05,0.0001575384672648042
1772535390.5455208,1392,1.0609626770019531,942.5402247191012,0.48780108836462793,8.640260405098349e-05,1.0910213185383923e-05,0.05314199413318291,0.0017453317487078485,0.1862049102783203,1.0,1.0043830793291125e-05,1.0043830793291125e-05,0.00021331389094558152
1772535390.5588045,1393,1.3713836669921875,729.1905424200278,0.4897486235233805,0.002178920277054583,1.091059191610121e-05,0.05314199413318291,0.001745329668113249,0.1862049102783203,1.0,1.3597793675281633e-05,1.3597793675281633e-05,0.00018494304678144075
1772535390.5709763,1394,1.4760494232177734,677.4840898077855,0.4881056753868157,0.0018451157026044402,1.0910535028801052e-05,0.05314199413318291,0.0,0.1862049102783203,1.0,9.075563895929334e-06,9.075563895929334e-06,0.00016462662997795461
1772535390.5835602,1395,1.386880874633789,721.042461750043,0.48876662768465157,0.0007400327566172066,1.0910483632625517e-05,0.05314199413318291,0.0,0.1862049102783203,1.0,6.593048390668023e-06,6.593048390668023e-06,0.0001466399082812176
1772535390.596211,1396,1.5234947204589844,656.3856025039123,0.4887225112555281,5.415916883577155e-05,1.091043791837798e-05,0.05314199413318291,0.0,0.1862049102783203,1.0,4.484083216630383e-06,4.484083216630709e-06,0.0001302954054545976
1772535390.6082683,1397,1.0018348693847656,998.1684911946692,0.48879654707759407,8.144620547506793e-05,1.0910397311001486e-05,0.05314199413318291,0.0017453317487078485,0.1862049102783203,1.0,3.94582674634093e-06,3.94582674634093e-06,0.0003775101526004187
1772535390.6206484,1398,0.8723735809326172,1146.2978955998906,0.4885848497989357,0.0002396819298085247,1.091092755067479e-05,0.05314199413318291,0.0017453317487078485,0.1862049102783203,1.0,7.334310207428669e-06,7.334310207428669e-06,0.00015589290498212223
1772535390.6336358,1399,1.3096332550048828,763.5725468778445,0.48882030405837207,0.0002619245607230236,1.0910838531608477e-05,0.05314199413318291,0.0,0.1862049102783203,1.0,4.522475279175724e-06,4.522475279176192e-06,0.00013859864596384576
1772535390.6461873,1400,1.5337467193603516,651.998134618374,0.4881661825022252,0.0007338028136828419,1.0910758668547168e-05,0.05314199413318291,0.0017453317487078485,0.1862049102783203,1.0,2.722301584452463e-06,2.7223015844571733e-06,0.00036525981956125084
1772535390.6587558,1401,1.4834403991699219,674.1086467373834,0.48880126700649684,0.0007112008360503042,1.0911252911038931e-05,0.05314199413318291,0.0017453317487078485,0.1862049102783203,1.0,8.450481423145778e-06,8.450481423145778e-06,0.00016376617188657258
1772535390.6717885,1402,1.6734600067138672,597.564325402479,0.4896845979873186,0.0009842111856337074,1.0911131838980184e-05,0.05314199413318291,0.0017453317487078485,0.1862049102783203,1.0,5.199613756237311e-06,5.199613756236762e-06,0.000138537560842705
1772535390.6834166,1403,1.2440681457519531,803.8144883096973,0.4880487059157301,0.0018358231241824958,1.0911188911211934e-05,0.05314199413318291,0.001745329668113249,0.1862049102783203,1.0,4.394744866236416e-06,4.394744866234362e-06,0.0003369823617138619
1772535390.696439,1404,1.4595985412597656,685.1198954590003,0.48910231736169896,0.0011799733928170577,1.0911639617518307e-05,0.05314199413318291,0.0017453317487078485,0.1862049102783203,1.0,1.169817706758181e-05,1.169817706758181e-05,0.0017823926769560184
1772535390.7080429,1405,1.1677742004394531,856.3299305839118,0.48675475003153895,0.0026287154562786488,1.0909390523217847e-05,0.05314199413318291,0.0017453317487078485,0.1862049102783203,1.0,3.689329791209635e-05,3.6893297912091596e-05,0.00025051837441757277
1772535390.7204077,1406,0.7824897766113281,1277.971968312005,0.4875747144891832,0.000929159708929582,1.090999827262846e-05,0.05314199413318291,0.0017453317487078485,0.1862049102783203,1.0,4.150630770872982e-05,4.150630770872982e-05,0.0011591092912171589
1772535390.7339027,1407,1.567840576171875,637.8199513381995,0.48877186096001385,0.0013433515466720286,1.0909021613532338e-05,0.05314199413318291,0.001745329668113249,0.1862049102783203,1.0,1.6538307526912382e-05,1.6538307526912382e-05,0.00017756320765386217
1772535390.7464855,1408,1.7185211181640625,581.8956714761376,0.4885360839638933,0.00026631829623310866,1.0909504272337822e-05,0.05314199413318291,0.001745329668113249,0.1862049102783203,1.0,1.7547203950697585e-05,1.754720395069928e-05,0.00025699084586597955
1772535390.7581134,1409,0.9319782257080078,1072.9864415451523,0.4878519605440069,0.0007657681356174371,1.0909541048198673e-05,0.05314199413318291,0.0,0.1862049102783203,1.0,1.3352231493879567e-05,1.3352231493879811e-05,0.00022983852884648397
1772535390.7701182,1410,0.8327960968017578,1200.7741196679071,0.486785610694168,0.0011897476518635559,1.0909575508617514e-05,0.05314199413318291,0.0,0.1862049102783203,1.0,1.0053214967417861e-05,1.0053214967417861e-05,0.00020526585377195414
1772535390.7828193,1411,1.1000633239746094,909.0385782401387,0.4868169835732479,6.618239132017796e-05,1.0909608176908537e-05,0.05314199413318291,0.0017453317487078485,0.1862049102783203,1.0,8.077651114496115e-06,8.077651114494772e-06,0.0001655794455707379
1772535390.795659,1412,0.9493827819824219,1053.3159216474135,0.48864078066803274,0.002048706944706449,1.0909804030082242e-05,0.05314199413318291,0.0017453317487078485,0.1862049102783203,1.0,7.23674589310779e-06,7.236745893107645e-06,0.001758013756716627
1772535390.807849,1413,0.8113384246826172,1232.531295915369,0.48803200864374946,0.0006831420463164347,1.090772538117277e-05,0.05314199413318291,0.001745329668113249,0.1862049102783203,1.0,3.3019859078911656e-05,3.3019859078912835e-05,0.00035814034464802367
1772535390.8204088,1414,0.8404254913330078,1189.873475177305,0.48811960120211495,9.940757248220673e-05,1.0907925777526771e-05,0.05314199413318291,0.0,0.1862049102783203,1.0,2.733314025997696e-05,2.733314025997696e-05,0.00032137155302453126
1772535390.8333714,1415,1.2307167053222656,812.5346764819838,0.4887926912559881,0.0007528690281697142,1.0908107823551819e-05,0.05314199413318291,0.0017453317487078485,0.1862049102783203,1.0,2.2310465306171914e-05,2.2310465306171914e-05,0.00024931062180412895
1772535390.845806,1416,1.3170242309570312,759.2874728457639,0.48813071133422586,0.0007435269025378413,1.0908439198516373e-05,0.05314199413318291,0.0017453317487078485,0.1862049102783203,1.0,1.8660065108844386e-05,1.8660065108844468e-05,0.0002720600364134801
1772535390.857766,1417,0.7503032684326172,1332.7944073721005,0.4880333598378621,0.00010828506291555514,1.0908573308299957e-05,0.05314199413318291,0.001745329668113249,0.1862049102783203,1.0,1.4687800090129603e-05,1.4687800090129215e-05,0.00020131657080703052
1772535390.8711908,1418,1.2822151184082031,779.9003346969133,0.4895315199960974,0.0016751804489107288,1.0909093714415793e-05,0.05314199413318291,0.001745329668113249,0.1862049102783203,1.0,1.6207745306280575e-05,1.6207745306280575e-05,0.00024985275035891824
1772535390.8831327,1419,0.8490085601806641,1177.8444257231115,0.4886199926728139,0.001026910013250782,1.0909164400586025e-05,0.05314199413318291,0.0017453275875186497,0.1862049102783203,1.0,1.148102104370338e-05,1.148102104370338e-05,0.001506146062152418
1772535390.8956048,1420,1.3337135314941406,749.7861994994637,0.48709722104563125,0.0017046419250221646,1.0906738812324662e-05,0.05314199413318291,0.0017453275875186497,0.1862049102783203,1.0,3.275097759060412e-05,3.275097759060412e-05,0.00037617391892058333
1772535390.9088075,1421,1.6243457794189453,615.6324673418464,0.48860833707692897,0.0016972458756654672,1.0907029363362169e-05,0.05314199413318291,0.0,0.1862049102783203,1.0,2.8742020319870146e-05,2.8742020319870146e-05,0.0003380164623825571
1772535390.9208872,1422,1.2631416320800781,791.676859192148,0.4885175050138994,0.00010455290698242211,1.0907292096274577e-05,0.05314199413318291,0.0,0.1862049102783203,1.0,2.2518566929906033e-05,2.2518566929906033e-05,0.00030299557370741797
1772535390.9335208,1423,1.4195442199707031,704.4514612025529,0.4885627917151489,5.019875947586959e-05,1.0907531371230812e-05,0.05314199413318291,0.0,0.1862049102783203,1.0,1.825471122663913e-05,1.8254711226633836e-05,0.000271376341968577
1772535390.9464016,1424,1.3153553009033203,760.2508609751677,0.49010831471453703,0.0017243836184838897,1.090774905521839e-05,0.05314199413318291,0.0,0.1862049102783203,1.0,1.550766552708049e-05,1.5507665527073212e-05,0.00024310429775469623
1772535390.95767,1425,0.5955696105957031,1679.064851881505,0.4876624450450844,0.0027442281015272103,1.0907946026069221e-05,0.05314199413318291,0.0017453317487078485,0.1862049102783203,1.0,1.204294769060941e-05,1.204294769060918e-05,0.0003668562949643259
1772535390.9707413,1426,1.0187625885009766,981.5829627896092,0.48850659231994326,0.0009481483305901581,1.0908694465661418e-05,0.05314199413318291,0.0017453317487078485,0.1862049102783203,1.0,1.2416628842603027e-05,1.2416628842603045e-05,0.00023576369063928648
1772535390.9828856,1427,0.83160400390625,1202.4954128440368,0.48781780315240425,0.000771050059202246,1.0908801993624529e-05,0.05314199413318291,0.0,0.1862049102783203,1.0,9.22083281222851e-06,9.220832812229211e-06,0.00021018644105466556
1772535390.995683,1428,0.9257793426513672,1080.17100180273,0.4886633602256298,0.0009484183602279784,1.0908901390464395e-05,0.05314199413318291,0.0,0.1862049102783203,1.0,8.246686375719909e-06,8.246686375719909e-06,0.00018734939690486684
1772535391.007312,1429,0.5862712860107422,1705.694997966653,0.48667985304323136,0.002220199939280488,1.0908991786261673e-05,0.05314199413318291,0.0,0.1862049102783203,1.0,7.945183864462752e-06,7.94518386446546e-06,0.00016638360784332698
1772535391.0213373,1430,1.7044544219970703,586.6979997202405,0.48895293532057754,0.0025520747174949962,1.09090773060587e-05,0.05314199413318291,0.0017453317487078485,0.1862049102783203,1.0,1.0051589508859055e-05,1.0051589508847252e-05,0.00018537370457723682
1772535391.0332284,1431,0.9696483612060547,1031.3016965822474,0.48883121820198844,0.00014184760070156907,1.0909318993709221e-05,0.05314199413318291,0.0017453317487078485,0.1862049102783203,1.0,8.348884764566616e-06,8.34888476456687e-06,0.00014554583140121243
1772535391.046112,1432,1.6109943389892578,620.7346455527601,0.48795837466979514,0.0009789309968535485,1.0909373986476063e-05,0.05314199413318291,0.001745329668113249,0.1862049102783203,1.0,1.002539981250107e-05,1.0025399812499602e-05,0.0002459037814796449
1772535391.0579424,1433,0.8702278137207031,1149.1243835616438,0.4880250342230758,7.74629546644014e-05,1.0909823742855994e-05,0.05314199413318291,0.0017453317487078485,0.1862049102783203,1.0,5.808974097755594e-06,5.808974097758682e-06,0.00016734980374133156
1772535391.0706084,1434,0.9477138519287109,1055.1708176100628,0.488496820073376,0.0005290918627105684,1.0909997257441923e-05,0.05314199413318291,0.0017453317487078485,0.1862049102783203,1.0,5.134167893029022e-06,5.134167893031589e-06,0.00014579448117626488
1772535391.083115,1435,0.8871555328369141,1127.1980650362805,0.4886735353992541,0.0001963568395007431,1.0909988686486623e-05,0.05314199413318291,0.0,0.1862049102783203,1.0,7.521997358389165e-06,7.521997358389165e-06,0.00012894793134129504
1772535391.0952258,1436,0.9858608245849609,1014.3419588875454,0.48722743566373367,0.001619031504950983,1.0909982435240012e-05,0.05314199413318291,0.0017453317487078485,0.1862049102783203,1.0,9.385030376260158e-06,9.385030376261469e-06,0.00015538018636144515
1772535391.1078522,1437,0.8056163787841797,1241.285587451909,0.4880758189836629,0.0009559365456394056,1.0910144996254414e-05,0.05314199413318291,0.0,0.1862049102783203,1.0,9.105691807525225e-06,9.105691807525225e-06,0.00013915238060880017
1772535391.1214955,1438,1.4865398406982422,672.7031275060144,0.4899609308908406,0.0021071043279306026,1.0910291543567307e-05,0.05314199413318291,0.0017453317487078485,0.1862049102783203,1.0,8.918432492893473e-06,8.918432492897505e-06,0.00012498798704909693
1772535391.1339514,1439,1.4891624450683594,671.5184117835414,0.48959964485506124,0.00041691026614970383,1.0910258116555292e-05,0.05314199413318291,0.001745329668113249,0.1862049102783203,1.0,1.0478135311226908e-05,1.0478135311226908e-05,0.00025667986264537066
1772535391.1453598,1440,0.6885528564453125,1452.3213296398892,0.48794171411103304,0.0018604062517457026,1.091062919185921e-05,0.05314199413318291,0.001745329668113249,0.1862049102783203,1.0,5.412071741007902e-06,5.412071741007902e-06,0.0001296057753345336
1772535391.1578362,1441,0.8051395416259766,1242.0207284572105,0.4876427463373035,0.0003317546609646376,1.091056563420697e-05,0.05314199413318291,0.0,0.1862049102783203,1.0,7.829039125663856e-06,7.829039125663856e-06,0.00011436052472668789
1772535391.1710405,1442,1.2674331665039062,788.9962377727614,0.48880709118921584,0.0013061695290049813,1.0910509240936106e-05,0.05314199413318291,0.0017453317487078485,0.1862049102783203,1.0,1.022429833610741e-05,1.022429833610741e-05,0.00014620137562922262
1772535391.1832166,1443,1.3277530670166016,753.1520919375113,0.48751082412741975,0.0014518349560158912,1.0910624761283173e-05,0.05314199413318291,0.0017453317487078485,0.1862049102783203,1.0,8.919547872408279e-06,8.919547872408279e-06,0.00010890584611213213
1772535391.1966736,1444,1.6376972198486328,610.6134808560198,0.48989701370527067,0.00267161445591896,1.0910564943974103e-05,0.05314199413318291,0.0017453317487078485,0.08440017700195312,1.0,1.162973296861456e-05,1.162973296861456e-05,0.00013890314440158065
1772535391.208057,1445,1.2845993041992188,778.452858203415,0.48713577516054035,0.00309560336601698,1.091067658807078e-05,0.05314199413318291,0.0017453317487078485,0.08440017700195312,1.0,9.551033136035527e-06,9.551033136035527e-06,0.00026044766745597804
1772535391.2203536,1446,0.7605552673339844,1314.828840125392,0.48793926173691987,0.0009071293652088698,1.0911011179672931e-05,0.05314199413318291,0.0,0.08440017700195312,1.0,5.722366248289832e-06,5.7223662482896006e-06,0.00023130533039999345
1772535391.2330527,1447,0.9462833404541016,1056.7659360040313,0.4881932144525324,0.0002867033229308333,1.0911312179392306e-05,0.05314199413318291,0.001745329668113249,0.08440017700195312,1.0,4.223645272948661e-06,4.223645272948661e-06,0.0001462593215550033
1772535391.2455533,1448,1.004934310913086,995.0899169632265,0.4880344331657353,0.00017674872394769813,1.0911185536077475e-05,0.05314199413318291,0.001745329668113249,0.08440017700195312,1.0,4.80186766707941e-06,4.80186766707941e-06,0.00021873832543597578
1772535391.2586787,1449,1.5971660614013672,626.1089714882818,0.4880797695266508,5.3467961997939724e-05,1.0911469633848502e-05,0.05314199413318291,0.001745329668113249,0.1285076141357422,1.0,5.1847777172452595e-06,5.1847777172452595e-06,0.00015113843102571733
1772535391.2707193,1450,1.0123252868652344,987.8247762600095,0.4885271101498368,0.0005015253093855054,1.0911327494653018e-05,0.05314199413318291,0.0,0.1285076141357422,1.0,4.919137165709385e-06,4.919137165692872e-06,0.00013388689144995037
1772535391.2832878,1451,0.9119510650634766,1096.5500653594772,0.489169829248862,0.0007168172902555714,1.0911199736803612e-05,0.05314199413318291,0.001745329668113249,0.1285076141357422,1.0,6.199385719831619e-06,6.199385719831619e-06,0.00022313320881112606
1772535391.2948265,1452,0.8070468902587891,1239.0853766617429,0.48606024757204214,0.003482692679734317,1.0911483481204666e-05,0.05314199413318291,0.0017453317487078485,0.1285076141357422,1.0,5.048811915411365e-06,5.048811915392404e-06,0.00015730868039583138
1772535391.3081512,1453,0.9250640869140625,1081.0061855670103,0.4888588284614431,0.0031447648791755223,1.091150568267285e-05,0.05314199413318291,0.0017453317487078485,0.1285076141357422,1.0,5.059147042503268e-06,5.0591470425047805e-06,0.0001435426855408818
1772535391.3202984,1454,0.6794929504394531,1471.6856140350876,0.4883411375743553,0.0005823995574290986,1.0911360931881248e-05,0.05314199413318291,0.0,0.1285076141357422,1.0,5.167207404049518e-06,5.167207404049518e-06,0.00012694902375991809
1772535391.332619,1455,0.8389949798583984,1191.9022449559534,0.48733800966979757,0.0011219205909741474,1.091123049848724e-05,0.05314199413318291,0.0,0.1285076141357422,1.0,6.586664380073844e-06,6.586664380073844e-06,0.00011196800256161403
1772535391.3456612,1456,0.9717941284179688,1029.0245338567222,0.4888805819988185,0.0017304734337021573,1.0911113869434868e-05,0.05314199413318291,0.001745329668113249,0.1285076141357422,1.0,8.810778618255081e-06,8.810778618254295e-06,0.00024286107790496577
1772535391.357869,1457,0.9949207305908203,1005.1052000958543,0.4877918003365363,0.0012208606163252541,1.0911407044398094e-05,0.05314199413318291,0.001745329668113249,0.1285076141357422,1.0,5.4358464322252e-06,5.4358464322252e-06,0.00012388934705945726
1772535391.370167,1458,0.7531642913818359,1327.7315606204495,0.48789667324304015,0.00012125897266557265,1.0911273150059137e-05,0.05314199413318291,0.001745329668113249,0.1285076141357422,1.0,6.889197781557447e-06,6.889197781557447e-06,0.00022868949358672525
1772535391.383029,1459,0.9553432464599609,1046.7441976541054,0.48859846941610646,0.0007867804258481605,1.0911550597270899e-05,0.05314199413318291,0.0017453317487078485,0.1285076141357422,1.0,5.797569331859144e-06,5.797569331859144e-06,0.0003537830926931441
1772535391.395265,1460,0.7607936859130859,1314.4167972422438,0.4884659463699347,0.00015060909193584726,1.0911968539002981e-05,0.05314199413318291,0.0017453317487078485,0.1285076141357422,1.0,9.000543179075236e-06,9.000543179075236e-06,0.0001739955979984505
1772535391.4085824,1461,1.543283462524414,647.9691024254596,0.4885612539964942,0.00010560664879908593,1.091177792031007e-05,0.05314199413318291,0.0,0.1285076141357422,1.0,6.356088970814418e-06,6.356088970816661e-06,0.00015451314129634854
1772535391.4212282,1462,1.3611316680908203,734.682781572955,0.48977397130777023,0.0013529748513102261,1.0911606227574738e-05,0.05314199413318291,0.001745329668113249,0.1285076141357422,1.0,5.316786360986768e-06,5.3167863609897344e-06,0.0002030827620089089
1772535391.4338665,1463,1.6450881958007812,607.8701449275362,0.48922989818277934,0.0006182358408957847,1.0911850611564828e-05,0.05314199413318291,0.001745329668113249,0.1285076141357422,1.0,7.179604220475531e-06,7.179604220475531e-06,0.00015940702281943054
1772535391.4452558,1464,0.8058547973632812,1240.9183431952663,0.4876784998173091,0.0017392684973408213,1.0911670747953808e-05,0.05314199413318291,0.0,0.1285076141357422,1.0,5.429612777567295e-06,5.429612777588617e-06,0.0001411111207089997
1772535391.4576802,1465,0.8261203765869141,1210.4773448773449,0.4875687570274293,0.00012028739586670684,1.091150911394069e-05,0.05314199413318291,0.001745329668113249,0.1285076141357422,1.0,5.67375132989086e-06,5.67375132989086e-06,0.00021173919723518775
1772535391.4706407,1466,1.2073516845703125,828.259083728278,0.48795394298235223,0.0004362527375660491,1.0911761518252328e-05,0.05314199413318291,0.001745329668113249,0.1285076141357422,1.0,6.4786336482699335e-06,6.4786336482696455e-06,0.00014867539469555903
1772535391.483316,1467,1.2106895446777344,825.9755809373769,0.48874099572968005,0.0008820680451225723,1.0911591008954429e-05,0.05314199413318291,0.0,0.1285076141357422,1.0,5.852862995935154e-06,5.852862995935044e-06,0.000131738657347632
1772535391.4954736,1468,1.0437965393066406,958.0411146642302,0.48782162203440965,0.0010302628415263674,1.0911437401374803e-05,0.05314199413318291,0.0017453317487078485,0.1285076141357422,1.0,6.357351915554746e-06,6.357351915561928e-06,0.00017032958791183024
1772535391.5084207,1469,1.1599063873291016,862.1385405960946,0.4893808383012607,0.0017455811646249152,1.0911465186160513e-05,0.05314199413318291,0.0017453317487078485,0.1285076141357422,1.0,5.670298994966912e-06,5.670298994966912e-06,0.00011936932454251552
1772535391.5206237,1470,1.1608600616455078,861.4302731567057,0.4881874889651658,0.0013401976232683412,1.0911324424430425e-05,0.05314199413318291,0.0,0.1285076141357422,1.0,6.915548629244407e-06,6.915548629244407e-06,0.00010512175209741012
1772535391.5329795,1471,0.9152889251708984,1092.5511852044804,0.4883637424934332,0.00019815899623722242,1.0911198452295412e-05,0.05314199413318291,0.0,0.1285076141357422,1.0,8.870952411761171e-06,8.870952411761171e-06,9.240323387938454e-05
1772535391.5448363,1472,0.6852149963378906,1459.3959638135004,0.48694228011109414,0.0015896462517645505,1.091108544866655e-05,0.05314199413318291,0.0017453317487078485,0.1285076141357422,1.0,1.0098789369642426e-05,1.0098789369640564e-05,0.00016614652026486322
1772535391.5576909,1473,0.8471012115478516,1180.496481846327,0.4878056670774402,0.0009752171892819379,1.091115048613392e-05,0.05314199413318291,0.0017453317487078485,0.1285076141357422,1.0,9.373155964179407e-06,9.37315596417865e-06,8.990928919206135e-05
1772535391.571125,1474,1.1262893676757812,887.8712955122777,0.4900513767617811,0.002511879615713442,1.0911043495928818e-05,0.05314199413318291,0.0,0.1285076141357422,1.0,1.136387113396752e-05,1.136387113396752e-05,7.890215745116361e-05
1772535391.5829427,1475,0.9212493896484375,1085.4824016563148,0.4882752430154969,0.0019954690635153095,1.0910947009449716e-05,0.05314199413318291,0.0,0.1285076141357422,1.0,1.1711624168537615e-05,1.1711624168545147e-05,6.8863102068086e-05
1772535391.5961301,1476,1.5065670013427734,663.7607216331699,0.4887796821570008,0.0005641982916798702,1.0910862543687557e-05,0.05314199413318291,0.0017453317487078485,0.1285076141357422,1.0,1.353817590070051e-05,1.3538175900701641e-05,0.0017433061231513704
1772535391.608454,1477,1.4111995697021484,708.6169961142085,0.488579330541692,0.00022693525226387808,1.0908460091393533e-05,0.05314199413318291,0.0017453317487078485,0.1285076141357422,1.0,1.639214295590546e-05,1.639214295590546e-05,0.0002292304676715387
1772535391.621123,1478,1.3747215270996094,727.4200485605272,0.4891943463902386,0.0006858273929229548,1.0908605811569161e-05,0.05314199413318291,0.0,0.1285076141357422,1.0,1.3181282078778907e-05,1.3181282078767692e-05,0.00020509089924247972
1772535391.6334538,1479,1.3914108276367188,718.6949965729953,0.4883782994885521,0.0009171679982453591,1.0908738197097706e-05,0.05314199413318291,0.0,0.1285076141357422,1.0,1.0166596295322536e-05,1.0166596295322536e-05,0.00018303969475765854
1772535391.646685,1480,1.5189647674560547,658.3431172500392,0.49051559209210205,0.0023869422401672736,1.0908859453045222e-05,0.05314199413318291,0.0,0.1285076141357422,1.0,9.182208619523537e-06,9.18220861952493e-06,0.00016353186448084397
1772535391.6576884,1481,0.9641647338867188,1037.1671612265084,0.4867407381767218,0.004231561985880199,1.090896874156298e-05,0.05314199413318291,0.0,0.1285076141357422,1.0,7.451417786036579e-06,7.451417786036579e-06,0.0001452263842381148
1772535391.6702018,1482,1.1370182037353516,879.4933948416859,0.48652214327078247,0.00023999597774907068,1.0909071892637693e-05,0.05314199413318291,0.0017453317487078485,0.1285076141357422,1.0,8.374836225510892e-06,8.374836225491167e-06,0.0003988296833763868
1772535391.6840787,1483,2.0155906677246094,496.1324816654838,0.4890014390847777,0.0027842347856449593,1.0909728688149497e-05,0.05314199413318291,0.001745329668113249,0.14734268188476562,1.0,5.71803801600741e-06,5.71803801600741e-06,0.0001646494433630241
1772535391.696,1484,1.4383792877197266,695.2269186142881,0.48838194783388905,0.0006966873381816701,1.0909922040083187e-05,0.05314199413318291,0.0017453317487078485,0.14734268188476562,1.0,4.4519125191740355e-06,4.4519125191740355e-06,0.0001589712668273355
1772535391.7088058,1485,1.5490055084228516,645.575496382946,0.4890297053016122,0.0007235611651920361,1.0909931244574053e-05,0.05314199413318291,0.0,0.14734268188476562,1.0,3.333138597063618e-06,3.3331385970654698e-06,0.00014129669330364825
1772535391.7209473,1486,1.3713836669921875,729.1905424200278,0.48833938917583386,0.0007757759635659736,1.0909940247607092e-05,0.05314199413318291,0.001745329668113249,0.14734268188476562,1.0,4.166598952571969e-06,4.166598952571969e-06,0.0002433604186949988
1772535391.7334855,1487,1.4231204986572266,702.6811861283297,0.4883942973698672,6.163037648346828e-05,1.091034775153342e-05,0.05314199413318291,0.0017453317487078485,0.14734268188476562,1.0,2.2232334319901226e-06,2.223233431992393e-06,0.00015365014941754054
1772535391.745896,1488,1.4300346374511719,699.2837612537512,0.48795389883086177,0.0004924149238732696,1.091048277034355e-05,0.05314199413318291,0.0017453317487078485,0.14734268188476562,1.0,1.7827678115981422e-06,1.7827678115981422e-06,0.00014586319787347445
1772535391.7580278,1489,1.087188720703125,919.8035087719298,0.4877266128528862,0.000251941971531107,1.0910439082175687e-05,0.05314199413318291,0.0,0.14734268188476562,1.0,1.727454130680828e-06,1.7274541306797842e-06,0.00012927865743179626
1772535391.7713008,1490,1.5597343444824219,641.1348211556099,0.48912127538669026,0.001562618224158656,1.0910400563159416e-05,0.05314199413318291,0.0017453275875186497,0.14734268188476562,1.0,4.218295891503175e-06,4.218295891503175e-06,0.001616288316920638
1772535391.7834024,1491,1.3380050659179688,747.3813257305774,0.4882540588749552,0.0009741341003930936,1.0907873500177305e-05,0.05314199413318291,0.0017453275875186497,0.14734268188476562,1.0,2.158226755327063e-05,2.158226755327063e-05,0.0002731464539388914
1772535391.7956336,1492,1.171112060546875,853.8892508143323,0.4878050501375283,0.0005013594847793718,1.0908073633713777e-05,0.05314199413318291,0.0,0.14734268188476562,1.0,1.7299629405653866e-05,1.7299629405646798e-05,0.00024453209157177745
1772535391.8083422,1493,1.3985633850097656,715.0194340265939,0.4880600374035954,0.00028889151023022097,1.0908255640173079e-05,0.05314199413318291,0.0,0.14734268188476562,1.0,1.3855818727937638e-05,1.3855818727938385e-05,0.00021881916503579314
1772535391.8198683,1494,0.6589889526367188,1517.4761215629521,0.48697466888230456,0.001212314920126578,1.0908421018131179e-05,0.05314199413318291,0.0,0.14734268188476562,1.0,1.064393113800379e-05,1.0643931138003646e-05,0.00019536171955106672
1772535391.8326833,1495,0.8924007415771484,1120.5728025647877,0.4876105708543428,0.0007205729759532048,1.090857229724854e-05,0.05314199413318291,0.0,0.14734268188476562,1.0,9.216950031496117e-06,9.216950031497357e-06,0.00017445079802833516
1772535391.8456054,1496,0.9419918060302734,1061.580359402683,0.4890580733810784,0.001621845314924263,1.0908709516103593e-05,0.05314199413318291,0.0,0.14734268188476562,1.0,8.664186189205279e-06,8.664186189205592e-06,0.0001556478711750514
1772535391.8574042,1497,0.5779266357421875,1730.3234323432343,0.48751641333786727,0.0017284216284437312,1.0908834129524967e-05,0.05314199413318291,0.0,0.14734268188476562,1.0,8.304718393942067e-06,8.304718393942396e-06,0.00013836152995229238
1772535391.8711526,1498,1.499176025390625,667.0330788804072,0.4892146329501129,0.0019026832033560124,1.0908949867872847e-05,0.05314199413318291,0.0,0.14734268188476562,1.0,9.811369677879967e-06,9.811369677880294e-06,0.00012306871618090632
1772535391.883269,1499,1.3339519500732422,749.6521894548704,0.4883829379439924,0.0009357159077808118,1.090905383225678e-05,0.05314199413318291,0.0,0.14734268188476562,1.0,1.035577180463518e-05,1.0355771804632749e-05,0.00010909661605856792
1772535391.8960052,1500,1.255035400390625,796.790273556231,0.4893313849162305,0.0010590168428474722,1.0909150821525858e-05,0.05314199413318291,0.0,0.14734268188476562,1.0,1.1970221898350467e-05,1.1970221898350467e-05,9.66266589872053e-05
1772535391.9088,1501,1.544952392578125,647.2691358024691,0.48941180814521246,8.991075390867327e-05,1.090923871500351e-05,0.05314199413318291,0.0017453317487078485,0.14734268188476562,1.0,1.2872327139453393e-05,1.2872327139453393e-05,0.00019382414662293945
1772535391.9213374,1502,1.4483928680419922,690.4204115226338,0.4895569728430911,0.0001594020817569278,1.090948628616432e-05,0.05314199413318291,0.0,0.14734268188476562,1.0,1.0953073454274432e-05,1.0953073454274432e-05,0.00017371578102201273
1772535391.932785,1503,1.032114028930664,968.8851928851929,0.4871385616858778,0.002710397710996353,1.0909710726865525e-05,0.05314199413318291,0.0,0.14734268188476562,1.0,8.865033690102488e-06,8.86503369008937e-06,0.00015527067553874004
1772535391.9450054,1504,0.7879734039306641,1269.0783661119515,0.48709020389356317,6.0385373104889946e-05,1.090991494076042e-05,0.05314199413318291,0.0017453317487078485,0.14734268188476562,1.0,8.328447738612808e-06,8.328447738612808e-06,0.00027410381859086365
1772535391.958061,1505,0.9770393371582031,1023.5002440214739,0.488450081274161,0.0015288068955556248,1.0910330338276345e-05,0.05314199413318291,0.0017453317487078485,0.14734268188476562,1.0,3.0122733400561903e-06,3.0122733400580694e-06,0.00013703737102540865
1772535391.9706519,1506,0.9634494781494141,1037.93714427122,0.48895010459833715,0.0005579012957433809,1.0910473424167238e-05,0.05314199413318291,0.0017453317487078485,0.14734268188476562,1.0,3.627471805496086e-06,3.627471805496086e-06,0.00012742497494842346
1772535391.9826164,1507,0.8449554443359375,1183.494356659142,0.48729490048525337,0.0018542109508020575,1.0910436989342328e-05,0.05314199413318291,0.0,0.14734268188476562,1.0,4.840903397558698e-06,4.840903397551392e-06,0.00011275656820005838
1772535391.9950724,1508,0.7886886596679688,1267.9274486094316,0.48749182759536364,0.0002289719237252018,1.0910405449648343e-05,0.05314199413318291,0.0,0.14734268188476562,1.0,6.752076472935854e-06,6.752076472937421e-06,9.968793155462106e-05
1772535392.0090969,1509,1.667022705078125,599.8718535469108,0.4900907781673392,0.0029088430657033927,1.0910377667433961e-05,0.05314199413318291,0.0,0.14734268188476562,1.0,8.885410101147886e-06,8.885410101148236e-06,8.802054227644482e-05
1772535392.0205781,1510,0.8111000061035156,1232.8935920047031,0.4888685721128296,0.0013770130528504654,1.0910352590622242e-05,0.05314199413318291,0.0,0.14734268188476562,1.0,9.605976652910033e-06,9.605976652910033e-06,7.734075160937801e-05
1772535392.0332406,1511,1.1556148529052734,865.3402104394471,0.48860763083953135,0.0002951138527884851,1.0910332177785521e-05,0.05314199413318291,0.0,0.14734268188476562,1.0,1.1075753276071702e-05,1.1075753276071317e-05,6.778638900197761e-05
1772535392.0462053,1512,1.4483928680419922,690.4204115226338,0.48905995183389583,0.0005040368658036528,1.0910314603572505e-05,0.05314199413318291,0.0017453317487078485,0.14734268188476562,1.0,1.2387867096581209e-05,1.2387867096582754e-05,0.0019454048231927945
1772535392.0585902,1513,1.39617919921875,716.24043715847,0.48888493734981403,0.0002007139564645086,1.0908377622698918e-05,0.05314199413318291,0.001745329668113249,0.14734268188476562,1.0,2.237868844736959e-05,2.237868844736959e-05,0.00023074747655660728
1772535392.071522,1514,1.6477108001708984,606.9026190131674,0.48904424118714573,0.00017575936375517566,1.0908703283943858e-05,0.05314199413318291,0.0,0.14734268188476562,1.0,1.9843608140750658e-05,1.984360814075169e-05,0.00020742109524828642
1772535392.08347,1515,1.373291015625,728.1777777777778,0.48818711343168447,0.0009616981831870446,1.0908997487444107e-05,0.05314199413318291,0.0017453317487078485,0.14734268188476562,1.0,1.7111827128391348e-05,1.7111827128391348e-05,0.00024189868483900202
1772535392.0958781,1516,1.111745834350586,899.4861677031954,0.48881052711159556,0.0006983531388132564,1.0909096943765054e-05,0.05314199413318291,0.0,0.14734268188476562,1.0,1.3221189151471754e-05,1.3221189151472013e-05,0.00021641450673612445
1772535392.1089463,1517,1.6770362854003906,596.2900199033267,0.4889523100854876,0.0001565677732332622,1.090918766841584e-05,0.05314199413318291,0.0017453317487078485,0.14734268188476562,1.0,9.284133052140233e-06,9.284133052140804e-06,0.0001667247801252592
1772535392.1212997,1518,1.5401840209960938,649.2730650154799,0.48859663605316145,0.00040071725099223294,1.090943645269124e-05,0.05314199413318291,0.0017453317487078485,0.14734268188476562,1.0,8.191704367836482e-06,8.191704367835883e-06,0.0002281313547592525
1772535392.135026,1519,2.190828323364258,456.4483621721624,0.4906360166443749,0.002276402134132156,1.0909893660068366e-05,0.05314199413318291,0.001745329668113249,0.14734268188476562,1.0,1.0927326767475322e-05,1.0927326767478338e-05,0.00020029643068216653
1772535392.1457982,1520,1.2984275817871094,770.1623209695189,0.48722044824592514,0.003829453944949843,1.0909907237098342e-05,0.05314199413318291,0.0,0.14734268188476562,1.0,5.990274417904131e-06,5.990274417904131e-06,0.00017793849109809393
1772535392.158272,1521,1.3196468353271484,757.7785004516712,0.487235995008415,4.9048302645951007e-05,1.0909920053717688e-05,0.05314199413318291,0.0,0.14734268188476562,1.0,3.1718232768160324e-06,3.1718232768160324e-06,0.00015832383031457345
1772535392.1708634,1522,1.5168190002441406,659.2744419993712,0.4872033381352617,4.9535713963168526e-05,1.090993293260351e-05,0.05314199413318291,0.0,0.14734268188476562,1.0,1.3769394120575842e-06,1.3769394120575842e-06,0.00014061203596597038
1772535392.1835494,1523,1.4119148254394531,708.258020938872,0.4880270565865308,0.0009295030320529593,1.0909945506413552e-05,0.05314199413318291,0.0017453317487078485,0.14734268188476562,1.0,3.2315377955768467e-06,3.231537795578897e-06,0.00037660790326515386
1772535392.1958218,1524,1.2698173522949219,787.5148328952309,0.48779199041968935,0.0002609850996913672,1.0910522915425274e-05,0.05314199413318291,0.001745329668113249,0.14734268188476562,1.0,4.5291091659349944e-06,4.5291091659349944e-06,0.00013841956488852078
1772535392.2084947,1525,1.3871192932128906,720.918528704022,0.487990790329265,0.0002266395914026522,1.091064338976725e-05,0.05314199413318291,0.0017453317487078485,0.14734268188476562,1.0,4.753868588681628e-06,4.753868588681628e-06,0.00021267006055014436
1772535392.2203758,1526,0.9293556213378906,1076.0143663417136,0.4875891303679612,0.00044715306073114775,1.0910984285413487e-05,0.05314199413318291,0.0,0.14734268188476562,1.0,8.118196193125274e-06,8.118196193139103e-06,0.0001879160085277608
1772535392.232687,1527,0.8883476257324219,1125.6854535695115,0.4871182295773832,0.0005228003110866983,1.0911290611670277e-05,0.05314199413318291,0.001745329668113249,0.14734268188476562,1.0,1.1452329114496404e-05,1.1452329114496404e-05,0.00019524969472284798
1772535392.2448936,1528,0.6318092346191406,1582.7562264150943,0.4869963595326434,0.00013474626178712986,1.0911168372347285e-05,0.05314199413318291,0.0,0.14734268188476562,1.0,7.722788965565483e-06,7.722788965565483e-06,0.00017374189424347383
1772535392.2577596,1529,0.9036064147949219,1106.6765171503957,0.4876852698941952,0.0007792271263355801,1.0911058611376174e-05,0.05314199413318291,0.0017453317487078485,0.14734268188476562,1.0,4.832992956998196e-06,4.832992956998196e-06,0.00014408321632966415
1772535392.2699208,1530,0.6566047668457031,1522.9862018881627,0.4873570172832967,0.0003644238804252591,1.0911125750416566e-05,0.05314199413318291,0.0,0.14734268188476562,1.0,4.7024175696329e-06,4.7024175696329e-06,0.000128702266978045
1772535392.282972,1531,0.8950233459472656,1117.2892914224826,0.48873306907469494,0.0015435886082188603,1.0911186077922506e-05,0.05314199413318291,0.0,0.14734268188476562,1.0,5.365409501318267e-06,5.365409501335531e-06,0.00011488620363101587
1772535392.2952738,1532,0.9212493896484375,1085.4824016563148,0.48786143690193373,0.0009778904006418766,1.09112410079373e-05,0.05314199413318291,0.0017453317487078485,0.14734268188476562,1.0,5.787354218394261e-06,5.787354218395672e-06,0.00021695922994349103
1772535392.3078868,1533,0.8730888366699219,1145.3588203167667,0.4885820433492904,0.0008075386371584574,1.0911521883608988e-05,0.05314199413318291,0.001745329668113249,0.14734268188476562,1.0,8.22667835511494e-06,8.22667835511494e-06,0.00017793523712102678
1772535392.3205302,1534,0.8831024169921875,1132.3714902807776,0.48897276502351134,0.0004343302370241531,1.091137704029007e-05,0.05314199413318291,0.0,0.14734268188476562,1.0,5.587836037872058e-06,5.587836037872058e-06,0.00015821212858421041
1772535392.3327842,1535,0.8587837219238281,1164.437534702943,0.4881171778766414,0.0009610906936499372,1.0911246420636766e-05,0.05314199413318291,0.0,0.14734268188476562,1.0,4.534178390903194e-06,4.534178390903194e-06,0.000140253158311718
1772535392.3451574,1536,0.8420944213867188,1187.515288788222,0.48788094863116394,0.000263362782620382,1.0911129094876315e-05,0.05314199413318291,0.0,0.14734268188476562,1.0,5.437569352469722e-06,5.43756935247864e-06,0.0001241404963327782
1772535392.3580832,1537,0.9064674377441406,1103.1835875854813,0.4891476447051276,0.0014178085996869063,1.0911024091963312e-05,0.05314199413318291,0.001745329668113249,0.14734268188476562,1.0,7.302549136631217e-06,7.302549136631217e-06,0.0002422599093717509
1772535392.3707397,1538,0.9937286376953125,1006.3109404990403,0.48928462113001625,0.00015040438346608083,1.0911328217480371e-05,0.05314199413318291,0.0017453317487078485,0.14734268188476562,1.0,4.869213636728062e-06,4.8692136367452406e-06,0.00014039366541060205
1772535392.3828192,1539,0.7696151733398438,1299.3506815365552,0.48856774378048656,0.0008076756333962138,1.0911369713587118e-05,0.05314199413318291,0.0017453317487078485,0.14734268188476562,1.0,4.913489398418509e-06,4.913489398418979e-06,0.00013681179944597383
1772535392.395295,1540,0.9579658508300781,1043.8785465405674,0.4878658402429858,0.0007861417451222285,1.0911241153701333e-05,0.05314199413318291,0.0,0.14734268188476562,1.0,5.707261928059661e-06,5.707261928059661e-06,0.00012101711753279346
1772535392.4080732,1541,0.9434223175048828,1059.9706848622693,0.4887944455565289,0.0010408035213712286,1.0911126044468314e-05,0.05314199413318291,0.0,0.14734268188476562,1.0,7.480095171404525e-06,7.480095171407945e-06,0.00010691993607227615
1772535392.4201257,1542,0.8027553558349609,1245.7095337095336,0.48775113603748854,0.001169200949661383,1.0911022712460792e-05,0.05314199413318291,0.0,0.14734268188476562,1.0,8.749017463156823e-06,8.749017463157362e-06,9.408991048507641e-05
1772535392.4321926,1543,0.5719661712646484,1748.3551479783243,0.48699633708842505,0.0008409188201216376,1.0910930764936323e-05,0.05314199413318291,0.0017453317487078485,0.14734268188476562,1.0,1.0292900934324847e-05,1.029290093432662e-05,0.00040084795189196837
1772535392.445566,1544,1.1930465698242188,838.1902478017586,0.488511425835741,0.0017025416095835513,1.091141292996682e-05,0.05314199413318291,0.001745329668113249,0.14734268188476562,1.0,5.317664747506846e-06,5.317664747506846e-06,0.0001310326477408114
1772535392.4578242,1545,1.0027885437011719,997.2192106514503,0.48818790896051034,0.00036328596482541696,1.091144841929899e-05,0.05314199413318291,0.0,0.14734268188476562,1.0,5.405065655760902e-06,5.405065655758462e-06,0.00011699327761828212
1772535392.46982,1546,0.5953311920166016,1679.73728474169,0.4876266291419541,0.0006270997432777248,1.0911480176991303e-05,0.05314199413318291,0.0017453317487078485,0.14734268188476562,1.0,5.915626626769868e-06,5.915626626769868e-06,0.00014025542662306038
1772535392.4834814,1547,1.3608932495117188,734.811492641906,0.48925729329927165,0.0018263971587131112,1.0911343157536306e-05,0.05314199413318291,0.0,0.14734268188476562,1.0,6.707189851644376e-06,6.707189851644376e-06,0.00012456840340028107
1772535392.4957867,1548,1.1911392211914062,839.5324259407525,0.48921207197477984,6.524567757951058e-05,1.0911219927739519e-05,0.05314199413318291,0.0,0.14734268188476562,1.0,7.655894410683068e-06,7.655894410683068e-06,0.00011025831504299602
1772535392.5077012,1549,0.7643699645996094,1308.2669993761697,0.48826151115376504,0.0010681356784161603,1.0911109345666898e-05,0.05314199413318291,0.0,0.14734268188476562,1.0,8.849014120636344e-06,8.849014120635326e-06,9.73181859270529e-05
1772535392.5201664,1550,0.8685588836669922,1151.3324183365357,0.4880680838102193,0.0002158365272868655,1.0911010664441775e-05,0.05314199413318291,0.0,0.14734268188476562,1.0,1.0355523083451823e-05,1.0355523083451823e-05,8.572929979616956e-05
1772535392.532937,1551,0.9305477142333984,1074.6359210863438,0.4887380339445547,0.0007503505137882963,1.0910922445914093e-05,0.05314199413318291,0.0,0.14734268188476562,1.0,1.1860268218037646e-05,1.1860268218037646e-05,7.534363399836998e-05
1772535392.5449018,1552,0.6351470947265625,1574.4384384384384,0.48766994697791083,0.0011965798937450865,1.0910843460585222e-05,0.05314199413318291,0.0,0.14734268188476562,1.0,1.2486859327572694e-05,1.2486859327577583e-05,6.597146303931559e-05
1772535392.5576274,1553,0.8368492126464844,1194.9584045584045,0.48799005730686124,0.0003624549924721478,1.0910773890666591e-05,0.05314199413318291,0.0,0.14734268188476562,1.0,1.3866674259196066e-05,1.3866674259196066e-05,5.7606840954809746e-05
1772535392.570649,1554,1.4963150024414062,668.308476736775,0.48769301901311946,0.00033038104962171834,1.0910711648416144e-05,0.05314199413318291,0.0017453317487078485,0.14734268188476562,1.0,1.4506041168225028e-05,1.4506041168223449e-05,0.00016954340432835183
1772535392.5838265,1555,1.5902519226074219,628.8311844077961,0.4898440518818455,0.0024070823340422644,1.0910822404371275e-05,0.05314199413318291,0.0017453275875186497,0.14734268188476562,1.0,1.342952911298435e-05,1.342952911298435e-05,0.0017467749014454326
1772535392.595492,1556,0.8563995361328125,1167.6792873051224,0.4891453710666754,0.0007913655472392056,1.090843073707526e-05,0.05314199413318291,0.0017453275875186497,0.14734268188476562,1.0,1.6290363447952677e-05,1.6290363447952677e-05,0.00019791044897447726
1772535392.6084461,1557,1.3039112091064453,766.9233863594807,0.48899233576710566,0.00017786310962701182,1.090875187581389e-05,0.05314199413318291,0.0017453317487078485,0.14734268188476562,1.0,1.4588149990999921e-05,1.458814999099986e-05,0.00022064407202110163
1772535392.6222687,1558,1.720428466796875,581.250554323725,0.49218152876580634,0.0035547693866316943,1.0908875984620454e-05,0.05314199413318291,0.0017453317487078485,0.14734268188476562,1.0,1.1952279275706726e-05,1.1952279275707923e-05,0.00016973943105860374
1772535392.6336064,1559,1.4340877532958984,697.3073981712386,0.48865773943938057,0.003957099227466303,1.0909155103361336e-05,0.05314199413318291,0.0017453317487078485,0.14734268188476562,1.0,9.14912947604568e-06,9.14912947603677e-06,0.0001931393159409483
1772535392.646158,1560,1.4295578002929688,699.5170113408939,0.48879029161583404,0.00014759674756611416,1.0909241529083275e-05,0.05314199413318291,0.001745329668113249,0.14734268188476562,1.0,7.166803667244377e-06,7.166803667244377e-06,0.000244777609064929
1772535392.6579258,1561,1.0762214660644531,929.1767833407177,0.4871890383289438,0.0017916449624648609,1.0909718831334837e-05,0.05314199413318291,0.001745329668113249,0.14734268188476562,1.0,8.06528755194352e-06,8.065287551942283e-06,0.00018290934331158238
1772535392.6715465,1562,1.5349388122558594,651.4917676296986,0.4898017150508892,0.0029283159133154874,1.0909750767810474e-05,0.05314199413318291,0.001745329668113249,0.14734268188476562,1.0,5.5312366468563374e-06,5.5312366468563374e-06,0.00022643669810655572
1772535392.6837854,1563,1.4765262603759766,677.2652995317294,0.4889245129155569,0.000988473358269861,1.0910179200642542e-05,0.05314199413318291,0.001745329668113249,0.14734268188476562,1.0,7.898033932957194e-06,7.898033932960789e-06,0.00017779304524325555
1772535392.6954403,1564,1.2183189392089844,820.8031311154599,0.4865799893086282,0.0026239426516324322,1.0910165895586965e-05,0.05314199413318291,0.0017453317487078485,0.14734268188476562,1.0,4.310280173011424e-06,4.310280173011424e-06,0.0001532769381194311
1772535392.708822,1565,1.3799667358398438,724.6551485832757,0.48933865267516496,0.003096707615971038,1.0910320481807376e-05,0.05314199413318291,0.0017453317487078485,0.14734268188476562,1.0,4.233552646758646e-06,4.233552646756089e-06,0.0001586825203852706
1772535392.7213836,1566,1.7485618591308594,571.8985546768475,0.4880444547860759,0.001451665297749085,1.0910294743995041e-05,0.05314199413318291,0.0,0.1628398895263672,1.0,9.626013059851324e-07,9.626013059877726e-07,0.0001407762718349261
1772535392.7335904,1567,1.2865066528320312,777.2987398072646,0.48873981563278557,0.0007800311701350332,1.0910272202276565e-05,0.05314199413318291,0.0,0.1628398895263672,1.0,2.0738184253243897e-06,2.0738184253235892e-06,0.00012484145574302412
1772535392.7463357,1568,1.402139663696289,713.1957150144533,0.489087963099985,0.00038738493726252145,1.0910252539135315e-05,0.05314199413318291,0.0,0.1628398895263672,1.0,4.462176112599748e-06,4.462176112598516e-06,0.00011042349218256099
1772535392.7584162,1569,1.2478828430175781,801.3572793274742,0.48788736897167534,0.0013455014237467356,1.0910235683355875e-05,0.05314199413318291,0.0,0.1628398895263672,1.0,6.347624234045045e-06,6.347624234045045e-06,9.733174553905716e-05
1772535392.7702296,1570,0.7169246673583984,1394.8466910542068,0.4872667208030919,0.0006906475052643432,1.091022206272035e-05,0.05314199413318291,0.0,0.1628398895263672,1.0,8.213007796975977e-06,8.213007796974211e-06,8.55978861897817e-05
1772535392.782357,1571,0.6952285766601562,1438.3758573388202,0.48630077567659424,0.0010742982273160345,1.0910210848561906e-05,0.05314199413318291,0.0,0.1628398895263672,1.0,9.661527276262406e-06,9.661527276265616e-06,7.504632127501581e-05
1772535392.7966702,1572,1.5408992767333984,648.9716849760173,0.4902329212597057,0.004408413482676446,1.0910202149549958e-05,0.05314199413318291,0.0,0.1628398895263672,1.0,1.2327002856695933e-05,1.2327002856695714e-05,6.56750456656951e-05
1772535392.8081443,1573,1.3294219970703125,752.206599713056,0.48717598302086923,0.003427771421737359,1.0910193008548457e-05,0.05314199413318291,0.0,0.1628398895263672,1.0,1.1623385433894203e-05,1.1623385433894203e-05,5.712499757915882e-05
1772535392.820472,1574,1.2044906616210938,830.2264449722882,0.48712438610756964,6.398863280735902e-05,1.0910189248668623e-05,0.05314199413318291,0.0017453317487078485,0.1628398895263672,1.0,1.3399935748736215e-05,1.3399935748739469e-05,0.00017984966221519467
1772535392.8329284,1575,0.9663105010986328,1034.8640513200098,0.4877707062312291,0.000731377415721594,1.0910351170067235e-05,0.05314199413318291,0.0017453317487078485,0.1628398895263672,1.0,1.1641114160321019e-05,1.1641114160321019e-05,6.316245608444513e-05
1772535392.8459241,1576,1.035928726196289,965.3173762945914,0.4894381451067793,0.0018665724613543572,1.0910332202365348e-05,0.05314199413318291,0.0017453317487078485,0.1628398895263672,1.0,1.3022308494556806e-05,1.3022308494548844e-05,0.00016780370015739978
1772535392.8574228,1577,0.8289813995361328,1206.2996836353177,0.48651676254661747,0.0032732892503149124,1.091048165235596e-05,0.05314199413318291,0.0,0.1628398895263672,1.0,1.0034773065628391e-05,1.0034773065628391e-05,0.00014990025421262235
1772535392.8702939,1578,0.9663105010986328,1034.8640513200098,0.48775252660471713,0.0013946038842202054,1.0910618095590974e-05,0.05314199413318291,0.0017453317487078485,0.1628398895263672,1.0,9.709783521275255e-06,9.70978352126936e-06,0.00028707411798942553
1772535392.8841045,1579,1.5842914581298828,631.1969902182092,0.49015032024148564,0.002681822114654493,1.0910972389991656e-05,0.05314199413318291,0.001745329668113249,0.1628398895263672,1.0,4.932425345944037e-06,4.932425345944356e-06,0.00010393213557449547
1772535392.8951688,1580,0.9515285491943359,1050.9406163868705,0.4870426952354783,0.003484754687051598,1.0910894184981866e-05,0.05314199413318291,0.0,0.1628398895263672,1.0,5.5398329002359895e-06,5.5398329002359895e-06,9.165735930458933e-05
1772535392.9076512,1581,0.80108642578125,1248.304761904762,0.4875855455352209,0.000616245976993691,1.0910824519095043e-05,0.05314199413318291,0.0,0.1628398895263672,1.0,7.396136872976152e-06,7.3961368729720535e-06,8.08314123273276e-05
1772535392.920845,1582,0.8826255798339844,1132.9832522960562,0.48975458607685685,0.002427936265740231,1.0910762201258806e-05,0.05314199413318291,0.0017453317487078485,0.1628398895263672,1.0,9.070111974160228e-06,9.070111974165447e-06,0.00015379054929978784
1772535392.9322946,1583,0.7977485656738281,1253.5277943813508,0.48631074237954525,0.0038594934305738885,1.0910872349630981e-05,0.05314199413318291,0.0017453317487078485,0.1628398895263672,1.0,6.87903937283313e-06,6.8790393728324816e-06,8.475553504705042e-05
1772535392.9449697,1584,0.7987022399902344,1252.0310447761194,0.4872666664759299,0.0010835382353246476,1.0910806767819983e-05,0.05314199413318291,0.0,0.1628398895263672,1.0,8.776034014070332e-06,8.776034014070332e-06,7.47872325441709e-05
1772535392.9578106,1585,0.9884834289550781,1011.6507477086349,0.4879572619621629,0.0007786630220972767,1.0910747846399742e-05,0.05314199413318291,0.0,0.1628398895263672,1.0,9.836633144535077e-06,9.836633144541295e-06,6.579745448527673e-05
1772535392.9708095,1586,0.9622573852539062,1039.222993062438,0.4898575689385848,0.0021244509593052762,1.0910695348831343e-05,0.05314199413318291,0.0,0.1628398895263672,1.0,1.1161052127739261e-05,1.1161052127741348e-05,5.773015101795739e-05
1772535392.9830317,1587,0.8568763732910156,1167.0294936004452,0.4889172500816175,0.0010615704803742425,1.0910648286870559e-05,0.05314199413318291,0.0,0.1628398895263672,1.0,1.1313805595686012e-05,1.1313805595686012e-05,5.043614475566564e-05
1772535392.9950006,1588,0.6232261657714844,1604.5539403213465,0.4879173368943337,0.00112170203610153,1.091060740276159e-05,0.05314199413318291,0.001745329668113249,0.1628398895263672,1.0,1.1964114676172598e-05,1.1964114676172598e-05,0.00030524217941041697
1772535393.007859,1589,0.8969306945800781,1114.9133439659756,0.488261534166326,0.0003871905103515539,1.0910968816680182e-05,0.05314199413318291,0.0,0.1628398895263672,1.0,6.8649681045491025e-06,6.864968104549029e-06,0.00027093099949064667
1772535393.0204518,1590,0.7920265197753906,1262.583985550873,0.4889362562693952,0.0007540842290174615,1.0911294280385456e-05,0.05314199413318291,0.001745329668113249,0.1628398895263672,1.0,5.17354826934317e-06,5.1735482693426945e-06,9.854662331967027e-05
1772535393.032672,1591,0.8687973022460938,1151.0164654226126,0.48778839019631154,0.0012870914535566228,1.0911189328576264e-05,0.05314199413318291,0.001745329668113249,0.1628398895263672,1.0,5.122932058044566e-06,5.122932058044566e-06,0.00025051320852780397
1772535393.0451849,1592,0.7753372192382812,1289.7613776137762,0.488107473663996,0.00036022025756248904,1.0911492056588467e-05,0.05314199413318291,0.001745329668113249,0.1628398895263672,1.0,6.766639800500971e-06,6.7666398004845055e-06,0.0016395750825576368
1772535393.0583234,1593,0.8881092071533203,1125.9876510067113,0.48989326665730804,0.001996064636922014,1.0908873832775163e-05,0.05314199413318291,0.001745329668113249,0.1628398895263672,1.0,2.7082899230719376e-05,2.708289923071954e-05,0.00019560735647682425
1772535393.0702982,1594,0.8192062377929688,1220.6938300349243,0.4882272232070917,0.001871570487253638,1.0909390753150214e-05,0.05314199413318291,0.001745329668113249,0.1628398895263672,1.0,2.6204473464245337e-05,2.6204473464242552e-05,0.0002653534668220646
1772535393.0824451,1595,0.6697177886962891,1493.1662513349947,0.4874714328663654,0.0008443221509773813,1.0909454648026412e-05,0.05314199413318291,0.0017453317487078485,0.1628398895263672,1.0,2.1484223027885212e-05,2.1484223027882925e-05,0.0015558158507700255
1772535393.0959313,1596,0.9207725524902344,1086.0445365095804,0.49011193853203183,0.002955613139744416,1.0907189358843939e-05,0.05314199413318291,0.0017453317487078485,0.1628398895263672,1.0,4.831189557981958e-05,4.831189557981958e-05,0.00040426430909356426
1772535393.1073494,1597,0.7100105285644531,1408.4298186702486,0.48682672457676707,0.0036829396145622406,1.0907456940584057e-05,0.05314199413318291,0.0017453317487078485,0.1628398895263672,1.0,3.5030858931045045e-05,3.5030858931045045e-05,0.00032516170110344643
1772535393.1211107,1598,1.218557357788086,820.642535707298,0.48974538015107516,0.003271952672381522,1.0907861977845266e-05,0.05314199413318291,0.0017453317487078485,0.1628398895263672,1.0,3.543850076054577e-05,3.543850076054593e-05,0.0003380765725819133
1772535393.1329622,1599,0.9121894836425781,1096.263460533194,0.4884126916499375,0.0014981368610400543,1.090806426360921e-05,0.05314199413318291,0.0017453317487078485,0.1628398895263672,1.0,2.6161557980450655e-05,2.6161557980450655e-05,0.0014812776519844957
1772535393.1450598,1600,0.8311271667480469,1203.1853126792885,0.4874117764834198,0.001119413864620287,1.090592353483349e-05,0.05314199413318291,0.001745329668113249,0.1628398895263672,1.0,4.8861091445532345e-05,4.886109144553223e-05,0.0003680033291376344
1772535393.1598334,1601,1.737356185913086,575.5872101001784,0.49221158929088943,0.005364501954650082,1.0906867307324982e-05,0.05314199413318291,0.0017453317487078485,0.1628398895263672,1.0,5.532088906386326e-05,5.532088906386326e-05,0.00046191137924014847
1772535393.1717694,1602,1.48773193359375,672.1641025641026,0.49044918629656203,0.0019927494469806776,1.090715370261901e-05,0.05314199413318291,0.0017453317487078485,0.1628398895263672,1.0,3.967365786057658e-05,3.967365786057633e-05,0.0003214514075959567
1772535393.1838648,1603,1.172780990600586,852.6741207562512,0.4896467303200522,0.0009098369298308653,1.0907978247471771e-05,0.05314199413318291,0.0017453317487078485,0.1628398895263672,1.0,4.096790084553438e-05,4.096790084553438e-05,0.00025086055435858166
1772535393.19614,1604,1.3568401336669922,737.0065014935864,0.4881954827274816,0.0016282493981279106,1.0908552436431163e-05,0.05314199413318291,0.0,0.06628036499023438,1.0,3.8481389958170186e-05,3.8481389958170186e-05,0.00022574206970632166
1772535393.208125,1605,0.9934902191162109,1006.5524358051356,0.4876140945733866,0.0006476864299142979,1.0909068616710899e-05,0.05314199413318291,0.001745329668113249,0.09083747863769531,1.0,3.764985964567474e-05,3.764985964567474e-05,0.00039438489549236365
1772535393.2209027,1606,1.4529228210449219,688.2678043977683,0.48715763168883836,0.0005056420971111542,1.0909135548830146e-05,0.05314199413318291,0.0017453317487078485,0.09083747863769531,1.0,2.9891326171063756e-05,2.9891326171063756e-05,0.00028831865702985384
1772535393.2335265,1607,1.5354156494140625,651.2894409937888,0.4874097099248834,0.00029357155466790054,1.0909362810021413e-05,0.05314199413318291,0.0,0.09083747863769531,1.0,2.579926701803245e-05,2.579926701803245e-05,0.00025901824486911274
1772535393.2448509,1608,0.5872249603271484,1702.9248883475436,0.4864701745948789,0.0010454197953291325,1.0909568482459639e-05,0.05314199413318291,0.0017453317487078485,0.09083747863769531,1.0,2.1193223571259333e-05,2.1193223571251297e-05,0.00031126624446570434
1772535393.2579563,1609,0.7474422454833984,1337.8960127591706,0.4882564852054993,0.002010713801899356,1.0909588407459074e-05,0.05314199413318291,0.0017453317487078485,0.09083747863769531,1.0,1.629847368335967e-05,1.629847368335967e-05,0.0002689087610763766
1772535393.2708657,1610,1.2578964233398438,794.978013646702,0.48818547318200445,7.930899616704082e-05,1.091017372577619e-05,0.05314199413318291,0.0017453317487078485,0.09083747863769531,1.0,1.9527432739006715e-05,1.952743273901636e-05,0.00015849790041618992
1772535393.2838454,1611,1.4209747314453125,703.7422818791946,0.48931163845209474,0.001259185299214099,1.0910532496595984e-05,0.05314199413318291,0.0,0.09083747863769531,1.0,2.0962084863927053e-05,2.096208486391534e-05,0.0001410033560111413
1772535393.2960346,1612,1.425027847290039,701.7406725782165,0.4882376937923374,0.0012062351487977959,1.0910856497792e-05,0.05314199413318291,0.001745329668113249,0.09083747863769531,1.0,2.0747141770854333e-05,2.0747141770854333e-05,0.0003049502468092641
1772535393.308262,1613,1.168966293334961,855.456659188252,0.4879710464673514,0.00029732396698142646,1.0910747769109625e-05,0.05314199413318291,0.0017453317487078485,0.09083747863769531,1.0,1.4962348539699924e-05,1.4962348539698105e-05,0.00020313130000450724
1772535393.3211415,1614,1.2137889862060547,823.8664309565901,0.4891703911395535,0.0013427272498968577,1.091081700079556e-05,0.05314199413318291,0.0017453317487078485,0.10967254638671875,1.0,1.2789806192532253e-05,1.2789806192532253e-05,0.0002596000266717117
1772535393.3330846,1615,1.0638236999511719,940.0053787539221,0.4875040274619887,0.0018675515154557628,1.0910713864940223e-05,0.05314199413318291,0.0017453317487078485,0.10967254638671875,1.0,7.438150632716649e-06,7.438150632715093e-06,0.00027110549478186966
1772535393.345329,1616,1.1148452758789062,896.9854576561163,0.4866122004144907,0.0009927749395136493,1.09111871520847e-05,0.05314199413318291,0.0017453317487078485,0.10967254638671875,1.0,1.2313675532101536e-05,1.2313675532101536e-05,0.0002585709830115497
1772535393.3580244,1617,1.1970996856689453,835.3523202549293,0.4873571882776325,0.00084583863164297,1.0911048096286693e-05,0.05314199413318291,0.0,0.10967254638671875,1.0,8.269158696764065e-06,8.269158696764065e-06,0.00023018553992441962
1772535393.3714137,1618,1.2922286987304688,773.8568265682657,0.49010862147139295,0.0030800268268050945,1.0910923699785516e-05,0.05314199413318291,0.0,0.10967254638671875,1.0,5.996545584283114e-06,5.996545584283114e-06,0.00020487613733695547
1772535393.3834536,1619,1.3172626495361328,759.1500452488688,0.48842955830904283,0.0018874753612803865,1.091081134121464e-05,0.05314199413318291,0.0,0.10967254638671875,1.0,5.905253701803721e-06,5.905253701803702e-06,0.00018127565393740423
1772535393.3965435,1620,1.31988525390625,757.6416184971098,0.49028611245470255,0.00207284340506468,1.0910712138055774e-05,0.05314199413318291,0.0017453317487078485,0.10967254638671875,1.0,8.795216205112762e-06,8.795216205122236e-06,0.00033027951385324376
1772535393.408227,1621,1.0395050048828125,961.9963302752294,0.487969844754215,0.0025997902302217508,1.091119046579307e-05,0.05314199413318291,0.0,0.10967254638671875,1.0,6.011719789702265e-06,6.011719789702265e-06,0.0002918687573424825
1772535393.4201398,1622,0.6177425384521484,1618.7973755306832,0.48740365235925853,0.0006305195296664296,1.0911620554389834e-05,0.05314199413318291,0.0017453317487078485,0.10967254638671875,1.0,9.351605707385724e-06,9.351605707383651e-06,0.00014616445941662828
1772535393.433375,1623,1.2202262878417969,819.5201250488473,0.4881653709411184,0.0008583456944929783,1.0911839636515783e-05,0.05314199413318291,0.0017453317487078485,0.10967254638671875,1.0,1.154799548680786e-05,1.154799548680786e-05,0.00024767759295272866
1772535393.4460363,1624,1.2898445129394531,775.2872458410351,0.4885854558683548,0.00047075287724786556,1.0912205195401958e-05,0.05314199413318291,0.001745329668113249,0.10967254638671875,1.0,1.587118115029088e-05,1.587118115029294e-05,0.00017646420411285318
1772535393.4583416,1625,1.268148422241211,788.5512314344802,0.4878280842926625,0.0008479983848381966,1.0912133389845085e-05,0.05314199413318291,0.0,0.10967254638671875,1.0,1.3338997207498058e-05,1.3338997207495822e-05,0.00015750025003245864
1772535393.470647,1626,0.9922981262207031,1007.7616530514176,0.48803590832498855,0.00023627067256706575,1.0912067941269984e-05,0.05314199413318291,0.0017453317487078485,0.10967254638671875,1.0,1.2123084633059176e-05,1.2123084633059176e-05,0.00024961680036009827
1772535393.4835696,1627,1.2967586517333984,771.1535208678066,0.48872177705115083,0.0007685147245923846,1.0911843510726676e-05,0.05314199413318291,0.0,0.10967254638671875,1.0,9.21698857532616e-06,9.21698857532616e-06,0.0002220957349768721
1772535393.4960473,1628,1.2125968933105469,824.6763664962642,0.48884939880620876,0.00014075634448059609,1.0911641518938543e-05,0.05314199413318291,0.0,0.10967254638671875,1.0,8.290378980487741e-06,8.290378980487736e-06,0.00019713949479462754
1772535393.5084207,1629,1.1975765228271484,835.0197093370496,0.48840950652846604,0.0004947849748394337,1.0911460032133175e-05,0.05314199413318291,0.0,0.10967254638671875,1.0,9.294788255698142e-06,9.294788255697304e-06,0.00017455843353131852
1772535393.521046,1630,1.3267993927001953,753.6934411500449,0.48843008493620954,2.3082933188578685e-05,1.0911297655135316e-05,0.05314199413318291,0.001745329668113249,0.10967254638671875,1.0,1.1409453460942126e-05,1.1409453460934621e-05,0.00020684598577753029
1772535393.5333083,1631,1.0480880737304688,954.1182893539582,0.4884944049473236,7.167451252427098e-05,1.091155045211859e-05,0.05314199413318291,0.0017453317487078485,0.10967254638671875,1.0,8.805507499657527e-06,8.805507499657405e-06,0.00013363445878983242
1772535393.5455065,1632,1.0256767272949219,974.9660622966062,0.48735843838189064,0.0012707453808786225,1.0911546252393538e-05,0.05314199413318291,0.0017453317487078485,0.10967254638671875,1.0,9.061840956054314e-06,9.061840956054314e-06,0.0001713574364059034
1772535393.5581765,1633,1.168966293334961,855.456659188252,0.48767885008363643,0.00036597130755380077,1.0911377720147223e-05,0.05314199413318291,0.0,0.10967254638671875,1.0,1.1310485649330153e-05,1.1310485649330153e-05,0.00015149620006637624
1772535393.5713506,1634,1.3971328735351562,715.7515358361775,0.4893870275893981,0.0019130303416733897,1.0911226574110254e-05,0.05314199413318291,0.0017453317487078485,0.10967254638671875,1.0,1.3939445019737877e-05,1.3939445019737877e-05,0.00012640600907010957
1772535393.5833256,1635,1.0485649108886719,953.6844020009095,0.48848568446882107,0.0010140099361930568,1.0911256641829104e-05,0.05314199413318291,0.0017453317487078485,0.10967254638671875,1.0,1.310665891738033e-05,1.3106658917379352e-05,0.00013852545445730804
1772535393.595832,1636,1.2781620025634766,782.3734377914568,0.48780228575213114,0.0007647154990136912,1.0911119835166664e-05,0.05314199413318291,0.0017453317487078485,0.10967254638671875,1.0,1.505401352136534e-05,1.5054013521365048e-05,0.00012070092162646288
1772535393.6085773,1637,1.3489723205566406,741.3050547896784,0.48852359455084854,0.0008099032541173271,1.0911163722981313e-05,0.05314199413318291,0.0,0.10967254638671875,1.0,1.521318197080889e-05,1.5213181970809314e-05,0.00010795595957557824
1772535393.6210995,1638,1.5954971313476562,626.7638971906754,0.4878526855091898,0.000751092716381145,1.0911203688824614e-05,0.05314199413318291,0.0,0.10967254638671875,1.0,1.4516823246412992e-05,1.4516823246411912e-05,9.636786988771624e-05
1772535393.632925,1639,1.0449886322021484,956.9482089892767,0.4871267992849496,0.0008089981219837169,1.0911241285548868e-05,0.05314199413318291,0.0017453317487078485,0.10967254638671875,1.0,1.4324748935320089e-05,1.4324748935317882e-05,0.0002512545019488741
1772535393.6460762,1640,1.2624263763427734,792.1254013220018,0.4890053930662001,0.0021076973634107147,1.0911507555247271e-05,0.05314199413318291,0.0017453317487078485,0.10967254638671875,1.0,1.0959529360365009e-05,1.0959529360365009e-05,9.666889806582119e-05
1772535393.6578307,1641,0.8966922760009766,1115.209784631747,0.4874988399832286,0.0016885439160311002,1.09115156260673e-05,0.05314199413318291,0.0017453317487078485,0.10967254638671875,1.0,1.0548427197955763e-05,1.0548427197955763e-05,0.00016104752263926058
1772535393.669922,1642,0.6105899810791016,1637.760249902382,0.48702785904379065,0.0005225581148220097,1.0911358397680799e-05,0.05314199413318291,0.0,0.10967254638671875,1.0,1.2264943412122354e-05,1.226494341212211e-05,0.00014263903808576858
1772535393.683468,1643,0.9157657623291016,1091.9822962770113,0.48984225020278116,0.003153161889090617,1.0911217713128392e-05,0.05314199413318291,0.0,0.10967254638671875,1.0,1.5021954832422835e-05,1.5021954832421616e-05,0.000126317829681046
1772535393.6951683,1644,0.644683837890625,1551.1479289940828,0.48778632992256676,0.002307410815325901,1.0911090150289319e-05,0.05314199413318291,0.001745329668113249,0.10967254638671875,1.0,1.4995732324462146e-05,1.4995732324462146e-05,0.00025966802286929647
1772535393.70803,1645,1.1360645294189453,880.2316894018887,0.4876682276414737,0.0001299179321431777,1.091137627661939e-05,0.05314199413318291,0.001745329668113249,0.11920928955078125,1.0,1.0941541481142052e-05,1.0941541481140781e-05,0.00012950429423242685
1772535393.7202806,1646,0.7977485656738281,1253.5277943813508,0.487921740594234,0.0002877390486115756,1.0911236033611531e-05,0.05314199413318291,0.0,0.11920928955078125,1.0,1.290749530989059e-05,1.290749530989059e-05,0.00011412121521914589
1772535393.733266,1647,0.9446144104003906,1058.63301362948,0.48924678103231195,0.0014827340729845209,1.0911110494532099e-05,0.05314199413318291,0.005235986923745148,0.11920928955078125,1.0,1.5057476478584705e-05,1.5057476478584371e-05,0.0016270605142239356
1772535393.7452948,1648,1.0008811950683594,999.1195807527394,0.4873546205671453,0.002121282598392881,1.0908003629257684e-05,0.05314199413318291,0.005235982762555949,0.11920928955078125,1.0,1.2817528898376372e-05,1.2817528898376372e-05,0.006526551069343703
1772535393.7577648,1649,0.8473396301269531,1180.1643218908273,0.4878341796934851,0.0005425083266950403,1.08978463612641e-05,0.05314199413318291,0.012217309757387357,0.11920928955078125,1.0,0.00010744018285613178,0.00010744018285613242,0.017410978420214343
1772535393.7705479,1650,0.9195804595947266,1087.4524241638578,0.48868042331973993,0.0009481162451580361,1.0871030590241596e-05,0.05314199413318291,0.010471973847490296,0.11920928955078125,1.0,0.0003798705765858621,0.0003798705765858621,0.02796388214817706
1772535393.7829006,1651,0.9062290191650391,1103.4738226782426,0.4881111563881613,0.0006413810223017594,1.0822076663306682e-05,0.05314199413318291,0.012217301435008932,0.11920928955078125,1.0,0.0007655366814585292,0.0007655366814585322,0.043236097031896834
1772535393.7956781,1652,0.8523464202880859,1173.231888111888,0.4892841905561905,0.0013119429120133197,1.0729496550120669e-05,0.05314199413318291,0.010471982169868693,0.11920928955078125,1.0,0.0013678658313188306,0.0013678658313188306,0.05270022829007385
1772535393.8082812,1653,0.9849071502685547,1015.3241345921084,0.48909996289028523,0.00028157379811823954,1.061175579031645e-05,0.05314199413318291,0.0052359910849343605,0.11920928955078125,1.0,0.0019997145248790526,0.0019997145248790526,0.053931348579389186
1772535393.8202899,1654,0.7412433624267578,1349.0845931167578,0.48797459815568633,0.001304189377992717,1.048680829447198e-05,0.05314199413318291,0.006981310350074599,0.11920928955078125,1.0,0.0026231861586125537,0.0026231861586125537,0.05409130389679074
1772535393.8326375,1655,0.8876323699951172,1126.5925329035724,0.48700041264045224,0.0011818138751149467,1.0361861915578045e-05,0.05314199413318291,0.005235991084934333,0.11920928955078125,1.0,0.003315792557489892,0.003315792557489892,0.05253045817484578
1772535393.8455567,1656,0.9138584136962891,1094.261414036003,0.4883922812834479,0.0016606173788727215,1.0236635321502126e-05,0.05314199413318291,0.0034906551750372994,0.11920928955078125,1.0,0.004226715156887372,0.004226715156887374,0.049537558823146276
1772535393.8577235,1657,0.8089542388916016,1236.1638667845564,0.4872726720767382,0.0015063069715849596,1.0112389337817888e-05,0.05314199413318291,0.0034906582959292,0.11920928955078125,1.0,0.004642670468262208,0.004642670468262208,0.04233937858056608
1772535393.8701117,1658,0.6759166717529297,1479.4723104056438,0.4871686338464442,0.0010126205223892199,9.997427839118203e-06,0.05314199413318291,0.001745329668113249,0.11920928955078125,1.0,0.005306027137578566,0.005306027137578566,0.03734672898625819
1772535393.8836143,1659,1.1515617370605469,868.3859213250518,0.48879862907026805,0.002173862296402333,9.88882486761594e-06,0.05314199413318291,0.003490659336226498,0.11920928955078125,1.0,0.006052283870140006,0.006052283870140004,0.03269976703692466
1772535393.8950293,1660,0.8599758148193359,1162.823398946493,0.4857108142099471,0.0037667912353187695,9.785362593743932e-06,0.05314199413318291,0.0034906572556318988,0.11920928955078125,1.0,0.00580115569890883,0.005801155698908831,0.03091655421461196
1772535393.9081094,1661,0.919342041015625,1087.734439834025,0.4871496747770127,0.002272865543608372,9.679145991615305e-06,0.05314199413318291,0.0017453359098970334,0.11920928955078125,1.0,0.006835378836337225,0.006835378836337225,0.030580425113380383
1772535393.9199808,1662,0.8382797241210938,1192.919226393629,0.48479018515097766,0.003225653775195941,9.563551399987591e-06,0.05314199413318291,0.003490659336226498,0.11920928955078125,1.0,0.006584299316308316,0.006584299316308316,0.028189499009242457
1772535393.9327586,1663,0.7433891296386719,1345.1905067350865,0.48572630966528296,0.002251153353781971,9.455518693696733e-06,0.05314199413318291,0.0017453317487078485,0.11920928955078125,1.0,0.007450930542259048,0.007450930542259048,0.0281581701132091
1772535393.9455702,1664,0.8251667022705078,1211.876336318983,0.48593234902565513,0.0021983463066504094,9.340908552916192e-06,0.05314199413318291,0.0034906585560035243,0.11920928955078125,1.0,0.007683908245847189,0.007683908245847189,0.026644641155001744
1772535393.957918,1665,0.7460117340087891,1340.461489293704,0.48499916705196344,0.002583105844453354,9.221792061568237e-06,0.05314199413318291,0.0017453317487078485,0.11920928955078125,1.0,0.007754377331061334,0.007754377331061334,0.02546904747811848
1772535393.970223,1666,0.5717277526855469,1749.0842368640533,0.48418608533971536,0.0026674432418207564,9.10036452069438e-06,0.05314199413318291,0.0034906582959291993,0.11920928955078125,1.0,0.008001541214244304,0.008001541214244304,0.02589337799530245
1772535393.982775,1667,0.9140968322753906,1093.9760041731872,0.4827985177557214,0.0030615550710077033,8.968287505825777e-06,0.05314199413318291,0.0034906582959291985,0.11920928955078125,1.0,0.008063814677752195,0.008063814677752195,0.02424015965294383
1772535393.9957135,1668,1.0366439819335938,964.6513339466421,0.4831177086178298,0.0027864859270263003,8.83989016134701e-06,0.05314199413318291,0.0017453296681132508,0.11920928955078125,1.0,0.00855715845019648,0.008557158450196481,0.023715076425365446
1772535394.0078528,1669,0.8461475372314453,1181.8269935193011,0.4815351651780418,0.0033740796931264775,8.712120760090049e-06,0.05314199413318291,0.0034906582959291985,0.11920928955078125,1.0,0.008325029283396275,0.008325029283396275,0.022808923978251353
1772535394.0202355,1670,0.8189678192138672,1221.0491994177585,0.4805399354746252,0.0031594536035880827,8.589315056177672e-06,0.05314199413318291,0.005235986923745148,0.11920928955078125,1.0,0.008551129818552342,0.008551129818552343,0.021115402446651745
1772535394.033064,1671,1.004934310913086,995.0899169632265,0.4801865293315016,0.003065638042535784,8.476052460980431e-06,0.05314199413318291,0.001745329668113249,0.11920928955078125,1.0,0.008797561016982293,0.008797561016982295,0.018749519037815694
1772535394.0450494,1672,0.6282329559326172,1591.7662239089184,0.47889014839535704,0.003421659333869222,8.374292518117725e-06,0.05314199413318291,0.0034906593362265016,0.11920928955078125,1.0,0.008699049039285204,0.008699049039285204,0.0192254641853215
1772535394.057565,1673,0.6098747253417969,1639.6810007818608,0.478130229466931,0.003260395246561336,8.273257118348145e-06,0.05314199413318291,0.0034906572556318988,0.11920928955078125,1.0,0.008927191768915366,0.008927191768915366,0.015573305991555484
1772535394.070342,1674,0.7996559143066406,1250.5378652355396,0.4777880490653144,0.0032140961769008677,8.191120727010247e-06,0.05314199413318291,0.003490659336226498,0.11920928955078125,1.0,0.00911746863068375,0.009117468630683748,0.0166050377758462
1772535394.082806,1675,0.66375732421875,1506.5747126436781,0.4770830123356784,0.003312126913229379,8.106544872455841e-06,0.05314199413318291,0.0017453275875186497,0.11920928955078125,1.0,0.009160028642698086,0.009160028642698086,0.014823240674341778
1772535394.0957637,1676,0.9610652923583984,1040.5120317539072,0.47686312082020393,0.003247399946427779,8.031409475322352e-06,0.05314199413318291,0.006981318672452996,0.11920928955078125,1.0,0.00939113860056387,0.00939113860056387,0.015168402678222503
1772535394.1074452,1677,0.6201267242431641,1612.5736255286429,0.47416222309811756,0.004415410851675794,7.961351910391746e-06,0.05314199413318291,0.005235986923745148,0.11920928955078125,1.0,0.008897817030663524,0.008897817030663524,0.01510487446939727
1772535394.1210656,1678,1.401662826538086,713.4383398537166,0.474930935246113,0.003340687957161024,7.902948235814623e-06,0.05314199413318291,0.0017453317487078554,0.11920928955078125,1.0,0.0097893288344684,0.009789328834468399,0.013480448933433455
1772535394.1337595,1679,1.3926029205322266,718.0797808594418,0.4744469073506426,0.003253641239041306,7.84930784333531e-06,0.05314199413318291,0.005235986923745148,0.11920928955078125,1.0,0.009613482191860782,0.009613482191860782,0.015321344019360474
1772535394.1472428,1680,2.234935760498047,447.44015361638577,0.4741006172391207,0.0032092462211173634,7.807674423188415e-06,0.05314199413318291,0.003490659336226498,0.19097328186035156,1.0,0.009716712609514205,0.009716712609514207,0.01564697575020852
1772535394.1586292,1681,1.4386177062988281,695.1117003646006,0.4720520678567361,0.003884235108118883,7.773881078861713e-06,0.05314199413318291,0.0052359910849343605,0.19097328186035156,1.0,0.009328557700306534,0.009328557700306534,0.018923947520747837
1772535394.1707635,1682,0.9160041809082031,1091.6980739198334,0.4712397355124996,0.0032098381982264257,7.75518578208331e-06,0.05314199413318291,0.003490659336226498,0.19097328186035156,1.0,0.009600336450778294,0.009600336450778292,0.019385373878726665
1772535394.182966,1683,0.8890628814697266,1124.779833735586,0.46950862542018024,0.0035801595339307233,7.741357678946617e-06,0.05314199413318291,0.0034906718197941222,0.19097328186035156,1.0,0.009343810113111984,0.009343810113111984,0.021340069397066442
1772535394.196197,1684,1.4982223510742188,667.457670273711,0.46949440421011224,0.002951217047654887,7.73703917283416e-06,0.05314199413318291,0.005235991084934347,0.19097328186035156,1.0,0.009722428365584365,0.009722428365584363,0.02401878321206093
1772535394.2076297,1685,0.7853507995605469,1273.3163327261689,0.4672766160737744,0.003791647340537325,7.738546067814503e-06,0.05314199413318291,0.0034906551750372994,0.19097328186035156,1.0,0.009123027209806877,0.009123027209806879,0.025188203331621507
1772535394.2206225,1686,0.9355545043945312,1068.8848114169216,0.4679025805740211,0.002883230279064275,7.749542829688595e-06,0.05314199413318291,0.005235982762555949,0.19097328186035156,1.0,0.009739917400983041,0.009739917400983041,0.02593069558707165
1772535394.2329693,1687,0.8533000946044922,1171.9206482257614,0.4670116750094186,0.0028787592711762445,7.760661424524802e-06,0.05314199413318291,0.003490663497415697,0.19097328186035156,1.0,0.0093284573330793,0.0093284573330793,0.027716270374903415
1772535394.2452705,1688,0.7908344268798828,1264.487187217365,0.4660203904173415,0.002827990999888739,7.779019821871234e-06,0.05314199413318291,0.0034906551750372994,0.19097328186035156,1.0,0.009216967673201218,0.009216967673201218,0.028847150872674164
1772535394.2580051,1689,0.8287429809570312,1206.6467203682394,0.4661009415382375,0.0025089774817286686,7.803637645213413e-06,0.05314199413318291,0.0052359910849343605,0.19097328186035156,1.0,0.009382700528390926,0.009382700528390926,0.032421058585606954
1772535394.2703729,1690,0.8144378662109375,1227.84074941452,0.4651869851653556,0.002606941303635479,7.836628519919776e-06,0.05314199413318291,0.0034906551750372855,0.19097328186035156,1.0,0.009038444591904048,0.009038444591904048,0.03186284192394292
1772535394.282829,1691,0.75531005859375,1323.959595959596,0.46459891672414455,0.002375315947091821,7.870693616635295e-06,0.05314199413318291,0.0034906551750372994,0.19097328186035156,1.0,0.009003672092381261,0.00900367209238129,0.03135149991842261
1772535394.294962,1692,0.7925033569335938,1261.8243080625753,0.46304266860829085,0.002777692612866422,7.904971985841205e-06,0.05314199413318291,0.0017453359098970611,0.19097328186035156,1.0,0.00865985320041028,0.00865985320041028,0.030442001361509208
1772535394.3081145,1693,0.9996891021728516,1000.3109945146673,0.46427593694559594,0.002484648032447216,7.940426323752383e-06,0.05314199413318291,0.0017453317487078554,0.19097328186035156,1.0,0.009218182218994939,0.009218182218994939,0.027967924191066657
1772535394.3207717,1694,0.9937286376953125,1006.3109404990403,0.46442127313187737,0.0019394909972544946,7.97081358594337e-06,0.05314199413318291,0.0034906551750372855,0.19097328186035156,1.0,0.008913157135902341,0.008913157135902341,0.02783060156284186
1772535394.3328676,1695,0.8597373962402344,1163.1458679977816,0.4630524747975679,0.002375046604944659,8.002484763054882e-06,0.05314199413318291,0.003490663497415711,0.19097328186035156,1.0,0.00847258089839959,0.00847258089839959,0.024031171347504418
1772535394.346394,1696,1.4576911926269531,686.0163559044815,0.4642818767804297,0.0021903975482469563,8.02782749062064e-06,0.05314199413318291,0.0034906551750372994,0.19097328186035156,1.0,0.009009321910272717,0.009009321910272717,0.022298263362195096
1772535394.3576825,1697,0.7865428924560547,1271.386480751743,0.46207264494368305,0.002946966608199889,8.049666535161385e-06,0.05314199413318291,0.0017453275875186428,0.19097328186035156,1.0,0.008168965712440315,0.008168965712440315,0.01996193771151126
1772535394.3705432,1698,0.8420944213867188,1187.515288788222,0.46283802020050635,0.0016893810889698011,8.071736357924071e-06,0.05314199413318291,0.003490659336226505,0.19097328186035156,1.0,0.008744142940889115,0.008744142940889115,0.019708858759059065
1772535394.3830178,1699,0.7929801940917969,1261.065544197234,0.46254232318443295,0.0013760053270512056,8.095117562476279e-06,0.05314199413318291,0.0034906551750372855,0.19097328186035156,1.0,0.008412637038104269,0.00841263703810427,0.016552769076393734
1772535394.3956945,1700,0.9672641754150391,1033.843726891792,0.4625773194100451,0.0012299310177663317,8.11321343711954e-06,0.05314199413318291,0.0017453359098970611,0.19097328186035156,1.0,0.008393656453016094,0.008393656453016094,0.01527453561523914
1772535394.4078095,1701,0.9093284606933594,1099.7126376507604,0.4613878316551013,0.0017519399086918595,8.129922747807495e-06,0.05314199413318291,0.0017453275875186428,0.19097328186035156,1.0,0.008014624756016988,0.008014624756016988,0.013150369577336311
1772535394.4209619,1702,1.27410888671875,784.8622754491018,0.46234397165244306,0.001502068777722039,8.140422597202446e-06,0.05314199413318291,0.0034906551750372994,0.19097328186035156,1.0,0.008421827800973763,0.008421827800973763,0.00842821037137074
1772535394.4331958,1703,0.911712646484375,1096.836820083682,0.46239836430472425,0.000951211822063786,8.136735521908812e-06,0.05314199413318291,0.0017453275875186497,0.19097328186035156,1.0,0.008262215726735524,0.008262215726735524,0.006400419069793529
1772535394.445347,1704,0.6394386291503906,1563.8717375093213,0.46189613955393455,0.0010394478261693488,8.12525768186115e-06,0.05314199413318291,0.003490659336226498,0.19097328186035156,1.0,0.008198766359718926,0.008198766359718926,0.007248385349915489
1772535394.457854,1705,0.8745193481445312,1143.485278080698,0.4613150304650262,0.0010367470338971051,8.101912510139285e-06,0.05314199413318291,0.0017453275875186497,0.19097328186035156,1.0,0.00831919280538328,0.00831919280538328,0.007224254488096502
1772535394.4703667,1706,0.7367134094238281,1357.379935275081,0.461815353245133,0.0009473902482342794,8.073584216837946e-06,0.05314199413318291,0.0017453359098970611,0.19097328186035156,1.0,0.00873292212466904,0.00873292212466904,0.008311945266335647
1772535394.4833171,1707,0.9491443634033203,1053.5805074101984,0.4625432907238125,0.0010932221130618618,8.040355656824415e-06,0.05314199413318291,0.003490659336226498,0.19097328186035156,1.0,0.009009902129419009,0.009009902129419007,0.012455114878136121
1772535394.4951503,1708,0.5970001220703125,1675.0415335463258,0.4612126555361391,0.0016522372937480248,7.995515551900566e-06,0.05314199413318291,0.006981318672452996,0.19097328186035156,1.0,0.008794589547728503,0.008794589547728503,0.021080373335745597
1772535394.50763,1709,0.8451938629150391,1183.1605077574047,0.4604727700108449,0.0010598011112418885,7.930923997632712e-06,0.05314199413318291,0.0017453275875186497,0.19097328186035156,1.0,0.009329603790900835,0.009329603790900835,0.0199121217655863
1772535394.5210805,1710,1.2612342834472656,792.8741020793951,0.4626123697857442,0.0025158438643440913,7.87137073453102e-06,0.05314199413318291,0.005235982762555949,0.19097328186035156,1.0,0.010527817925821232,0.010527817925821232,0.023633162116873274
1772535394.532525,1711,0.6883144378662109,1452.824385174922,0.4606596658596255,0.0023100505348177948,7.805487591683384e-06,0.05314199413318291,0.005235991084934347,0.19097328186035156,1.0,0.009954767802820964,0.009954767802820964,0.02775800059753453
1772535394.545241,1712,0.9312629699707031,1073.810547875064,0.4609135124003243,0.0007193688110240766,7.735465922987469e-06,0.05314199413318291,0.0052359910849343605,0.19097328186035156,1.0,0.011122784466107864,0.011122784466107864,0.02889553656078421
1772535394.557603,1713,0.7193088531494141,1390.223400729201,0.46094282297781747,0.00068145449350407,7.667851395329702e-06,0.05314199413318291,0.005235982762555935,0.19097328186035156,1.0,0.01170071913275637,0.01170071913275637,0.03101054928845752
1772535394.570146,1714,0.9603500366210938,1041.286991062562,0.46069660809296614,0.000766793932728926,7.602054855154109e-06,0.05314199413318291,0.003490663497415711,0.19097328186035156,1.0,0.012292973553735459,0.012292973553735459,0.030949440029466497
1772535394.5828285,1715,0.7231235504150391,1382.8895483020112,0.46171385211101634,0.0013708954781606446,7.541929067853945e-06,0.05314199413318291,0.005235982762555935,0.19097328186035156,1.0,0.013424924294259953,0.013424924294259953,0.0329182213222687
1772535394.595586,1716,0.8974075317382812,1114.3209351753453,0.46198809334702967,0.0008662353479504621,7.482953278799903e-06,0.05314199413318291,0.0052359910849343605,0.19097328186035156,1.0,0.013920662556896973,0.013920662556896973,0.03446838295503774
1772535394.608214,1717,1.0075569152832031,992.4997633696166,0.46196933442630195,0.0008792526546296015,7.427570985832766e-06,0.05314199413318291,0.0017453275875186497,0.19097328186035156,1.0,0.014549106420760047,0.014549106420760047,0.032043071384841054
1772535394.6201775,1718,0.8614063262939453,1160.8923332410739,0.46040268218491026,0.0020278674469482866,7.381866798575572e-06,0.05314199413318291,0.0034906551750372855,0.19097328186035156,1.0,0.01455007463624961,0.01455007463624961,0.03199193513350834
1772535394.6331255,1719,0.9508132934570312,1051.7311935807422,0.4614134003360517,0.0015112349355478362,7.341514472192709e-06,0.05314199413318291,0.0052359910849343605,0.19097328186035156,1.0,0.01620850348945684,0.01620850348945684,0.03364016237151687
1772535394.6454794,1720,0.9338855743408203,1070.7949961705388,0.4609133554893868,0.0012437686268001373,7.306945840917835e-06,0.05314199413318291,0.0034906551750372994,0.19097328186035156,1.0,0.01625089962424056,0.016250899624240554,0.033591163605890866
1772535394.6590312,1721,1.6341209411621094,611.9498103297344,0.46179783192112084,0.0015316329057405483,7.280109342967578e-06,0.05314199413318291,0.003490663497415697,0.19097328186035156,1.0,0.017520817250922555,0.017520817250922555,0.033430024910066726
1772535394.6703951,1722,0.6921291351318359,1444.817085773338,0.46045506144785286,0.0020032411047740707,7.261817712623892e-06,0.05314199413318291,0.0034906551750372994,0.19097328186035156,1.0,0.01710652160882137,0.017106521608821368,0.034422025082189445
1772535394.6830246,1723,0.9608268737792969,1040.770223325062,0.4600082102356472,0.0014500416421928933,7.250084486357681e-06,0.05314199413318291,0.003490663497415697,0.19097328186035156,1.0,0.01805331472224629,0.01805331472224629,0.03279539382414788
1772535394.6952267,1724,0.8511543273925781,1174.8750700280111,0.45922622618845094,0.001699243935334383,7.250895617365512e-06,0.05314199413318291,0.0017453359098970334,0.19097328186035156,1.0,0.018406374695983555,0.018406374695983555,0.03140814556998074
1772535394.707504,1725,0.5867481231689453,1704.3088175538398,0.4591223431051321,0.0015330631982846173,7.260722859905381e-06,0.05314199413318291,0.003490663497415697,0.19097328186035156,1.0,0.019221717264157827,0.019221717264157827,0.029919691346401742
1772535394.7211916,1726,1.2617111206054688,792.5744520030235,0.4609007812214567,0.0025829953263263056,7.283802761226089e-06,0.05314199413318291,0.0017453359098970611,0.19097328186035156,1.0,0.020765593585731944,0.020765593585731944,0.02874170722970548
1772535394.7323701,1727,0.7650852203369141,1307.0439389217825,0.4578563081758926,0.0038731788357456117,7.318057244038388e-06,0.05314199413318291,0.0034906551750372994,0.19097328186035156,1.0,0.018590686131705197,0.018590686131705197,0.02559620939147117
1772535394.745663,1728,0.9896755218505859,1010.4321850156589,0.45962119012155966,0.0027000422162186126,7.362400770747934e-06,0.05314199413318291,0.0017453359098970611,0.19097328186035156,1.0,0.02153815126193843,0.02153815126193843,0.023546712032969767
1772535394.7577705,1729,0.9026527404785156,1107.8457474907555,0.45843532810991244,0.0023415787374644345,7.421860602361037e-06,0.05314199413318291,0.0034906551750372994,0.19097328186035156,1.0,0.020287571188308103,0.020287571188308103,0.019931756529174987
1772535394.7701144,1730,0.8578300476074219,1165.7320733740967,0.45821136454062705,0.002015342665298569,7.487643819301025e-06,0.05314199413318291,0.0017453359098970611,0.19097328186035156,1.0,0.02104895389187201,0.02104895389187201,0.018547620733835153
1772535394.783235,1731,0.9226799011230469,1083.7994832041343,0.45971358017203773,0.0027145906229481907,7.563729279503453e-06,0.05314199413318291,0.0034906718197940945,0.19097328186035156,1.0,0.02233605021284526,0.02233605021284526,0.015373692781684132
1772535394.7948966,1732,0.8153915405273438,1226.4046783625731,0.4574234472749043,0.003376560902281536,7.650531878754452e-06,0.05314199413318291,0.0034906551750372994,0.19097328186035156,1.0,0.02031334227538444,0.020313342275384443,0.012699750879562478
1772535394.8081079,1733,0.9407997131347656,1062.9254941713127,0.4592343935048317,0.0030846300201928687,7.736576696527262e-06,0.05314199413318291,0.0034906551750372994,0.19097328186035156,1.0,0.02280736545756283,0.02280736545756283,0.008759748302215844
1772535394.8201718,1734,0.8411407470703125,1188.8616780045352,0.45821159846459775,0.002602662970642832,7.835646127812048e-06,0.05314199413318291,0.0017453359098970611,0.19097328186035156,1.0,0.02128052180970109,0.02128052180970109,0.005206820703534691
1772535394.8334522,1735,1.383066177368164,723.0312015169799,0.4592681958121946,0.0027326281925296484,7.928552530462324e-06,0.05314199413318291,0.0017453275875186497,0.19097328186035156,1.0,0.022519912413694086,0.0225199124136941,0.0027522979291320308
1772535394.8460457,1736,1.2090206146240234,827.1157562610925,0.4601249632746699,0.0027128661499390343,8.026735658511407e-06,0.05314199413318291,0.0034906551750372994,0.19097328186035156,1.0,0.02246159227972626,0.02246159227972626,0.0029005293075966276
1772535394.8585453,1737,1.5573501586914062,642.1163502755664,0.4591468266894825,0.002766849928386358,8.122484473102668e-06,0.05314199413318291,0.0034906718197941222,0.19097328186035156,1.0,0.021311014394274547,0.021311014394274547,0.0036004134758312488
1772535394.8710587,1738,1.3751983642578125,727.1678224687934,0.45980855041031415,0.0027523944874592917,8.216098035554313e-06,0.05314199413318291,0.0034906551750372716,0.19097328186035156,1.0,0.022160434251642006,0.022160434251642006,0.005718877643478922
1772535394.8824694,1739,0.8676052093505859,1152.597966474306,0.4581788631654983,0.0031808705316231463,8.312605582291906e-06,0.05314199413318291,0.0017453359098970334,0.19097328186035156,1.0,0.02066792600670945,0.020667926006709438,0.007998930768133544
1772535394.8956423,1740,0.9136199951171875,1094.5469728601252,0.4605857832217479,0.00392959516470185,8.392679034501017e-06,0.05314199413318291,0.0034906551750372994,0.19097328186035156,1.0,0.022837990470374773,0.022837990470374773,0.00997846505663581
1772535394.9073756,1741,0.7011890411376953,1426.1489289357362,0.45938896025645093,0.0030026176432071164,8.482647975558182e-06,0.05314199413318291,0.0052359910849343605,0.19097328186035156,1.0,0.02062293402002724,0.02062293402002724,0.010002895177808162
1772535394.9205663,1742,0.9183883666992188,1088.8639667705088,0.4613520529818197,0.003640166749110439,8.564149235056616e-06,0.05314199413318291,0.0017453359098970334,0.19097328186035156,1.0,0.022234258646853012,0.022234258646853026,0.010518210440373254
1772535394.9330585,1743,0.9584426879882812,1043.3592039800994,0.46166342162361323,0.0028348101743135385,8.650756526035385e-06,0.05314199413318291,0.0034906718197941222,0.19097328186035156,1.0,0.021165438019620657,0.021165438019620657,0.0107088633145539
1772535394.945704,1744,1.1742115020751953,851.6353299492386,0.4619490092330219,0.002842384932848806,8.73118154407994e-06,0.05314199413318291,0.0017453275875186497,0.19097328186035156,1.0,0.020932279855775938,0.020932279855775938,0.012480820106772123
1772535394.9588423,1745,1.5134811401367188,660.7284183994959,0.4636932638366733,0.003532470213483652,8.804347214659065e-06,0.05314199413318291,0.0034906551750372994,0.19097328186035156,1.0,0.021532795556429344,0.021532795556429344,0.012513673245953543
1772535394.9714224,1746,1.5397071838378906,649.4741406008052,0.46433553820452655,0.0029539657749724497,8.881868303442919e-06,0.05314199413318291,0.0017453359098970611,0.19097328186035156,1.0,0.02075036173561297,0.02075036173561297,0.014106749777225954
1772535394.9831614,1747,1.1527538299560547,867.4879007238883,0.4637249232933649,0.0028511257316776936,8.94864007299895e-06,0.05314199413318291,0.0034906551750372716,0.19097328186035156,1.0,0.019784369144465686,0.019784369144465686,0.015238368702329782
1772535394.995655,1748,0.8790493011474609,1137.5926227285056,0.46527507215138453,0.0033982746385357488,9.008457114101819e-06,0.05314199413318291,0.0017453359098970611,0.19097328186035156,1.0,0.020640910352492426,0.020640910352492426,0.016571002070445148
1772535395.0079947,1749,0.9810924530029297,1019.2719319562576,0.4653927616763665,0.002790072117084505,9.069207119847983e-06,0.05314199413318291,0.0034906551750372994,0.19097328186035156,1.0,0.019631500625264146,0.019631500625264146,0.015978020987077998
1772535395.0203536,1750,0.7812976837158203,1279.9218797680805,0.46631718929811483,0.003012108834456884,9.125657776315642e-06,0.05314199413318291,0.0034906551750372994,0.19097328186035156,1.0,0.01975419095610391,0.01975419095610391,0.01546418381750279
1772535395.033718,1751,1.3768672943115234,726.2864069264069,0.46828833925153557,0.0036400803839920274,9.185089861931948e-06,0.05314199413318291,0.0034906551750372994,0.19097328186035156,1.0,0.020055520303539034,0.020055520303539034,0.01657285133615024
1772535395.0459106,1752,1.2578964233398438,794.978013646702,0.46863905872659917,0.002749374932807303,9.24589572668263e-06,0.05314199413318291,0.0017453359098970611,0.19097328186035156,1.0,0.019015788938107604,0.019015788938107604,0.01610754111124362
1772535395.0582197,1753,1.1515617370605469,868.3859213250518,0.46915183750109685,0.002758053201538264,9.297740931247973e-06,0.05314199413318291,0.0034906551750372994,0.19097328186035156,1.0,0.018794884917512463,0.018794884917512463,0.017034506679731557
1772535395.0708423,1754,1.1591911315917969,862.6705059646237,0.47042245184570514,0.003074353014987332,9.348331434769284e-06,0.05314199413318291,0.0034906551750372994,0.19097328186035156,1.0,0.01888117204337917,0.01888117204337917,0.018050441162842493
1772535395.0837624,1755,1.3968944549560547,715.873698583376,0.4721190659284581,0.0033177017927131557,9.39601805250759e-06,0.05314199413318291,0.0052359910849343605,0.19097328186035156,1.0,0.018827700631660435,0.018827700631660435,0.018701214854021087
1772535395.0956478,1756,1.2469291687011719,801.97017208413,0.47164510951681743,0.0025356651366780355,9.448242749490427e-06,0.05314199413318291,0.005235991084934333,0.19097328186035156,1.0,0.017546608030351754,0.017546608030351754,0.017659361499175286
1772535395.107902,1757,0.7882118225097656,1268.6944948578343,0.4732953834459534,0.0032089796025015736,9.494647976079056e-06,0.05314199413318291,0.0034906551750372994,0.19097328186035156,1.0,0.018212848998955672,0.018212848998955672,0.018585593065712773
1772535395.1201687,1758,0.7576942443847656,1319.7935808684708,0.473816192002195,0.00253432483022302,9.54321434032794e-06,0.05314199413318291,0.0034906551750372994,0.19097328186035156,1.0,0.01744889800714275,0.01744889800714275,0.017592571231398197
1772535395.1327047,1759,0.8680820465087891,1151.9648448228509,0.47480260354039777,0.0026942908973934684,9.590034866163675e-06,0.05314199413318291,0.0034906718197941222,0.19097328186035156,1.0,0.01737498666512374,0.01737498666512374,0.01670847419697194
1772535395.1452684,1760,0.9286403656005859,1076.843132220796,0.47600985852528954,0.002775760039205398,9.639830425941076e-06,0.05314199413318291,0.005235974440177538,0.19097328186035156,1.0,0.01722419282681457,0.01722419282681457,0.01593025129129212
1772535395.1585965,1761,1.3659000396728516,732.1179961598883,0.47858539990016863,0.0038113675794577456,9.691398697181548e-06,0.05314199413318291,0.0017453359098970611,0.19097328186035156,1.0,0.017600810535727797,0.017600810535727797,0.015420361624164377
1772535395.170763,1762,1.1820793151855469,845.9669221460266,0.47908517469448864,0.002315654928906493,9.744565666657788e-06,0.05314199413318291,0.0034906551750372994,0.19097328186035156,1.0,0.01654218357998607,0.01654218357998607,0.014900949343381856
1772535395.183244,1763,1.1065006256103516,903.7500538677009,0.4801326867855558,0.002534431500578615,9.788929866622425e-06,0.05314199413318291,0.0034906551750372716,0.19097328186035156,1.0,0.016506621779589586,0.016506621779589586,0.014145171371492756
1772535395.196162,1764,1.3086795806884766,764.1289852432137,0.4821895697904391,0.003242065151985777,9.83778358981828e-06,0.05314199413318291,0.0034906551750372716,0.19097328186035156,1.0,0.01670346755972593,0.01670346755972593,0.013581091040330309
1772535395.208365,1765,1.314401626586914,760.8024668964266,0.4819559138273683,0.0020433824890667713,9.89083408258129e-06,0.05314199413318291,0.0034906718197941222,0.08869171142578125,1.0,0.015597068477585286,0.015597068477585286,0.013197394935735657
1772535395.2209988,1766,1.2233257293701172,817.4437731436367,0.48381638035217595,0.0030086867290584616,9.934396408603146e-06,0.05314199413318291,0.0017453359098970334,0.08869171142578125,1.0,0.016160701836420398,0.016160701836420398,0.009842401130109875
1772535395.2337654,1767,1.3728141784667969,728.4307051059395,0.48541929651150645,0.002759540900251727,1.0001791275922277e-05,0.05314199413318291,0.0017453359098970611,0.08869171142578125,1.0,0.015935225729712295,0.015935225729712295,0.013047964220228601
1772535395.2453227,1768,0.9737014770507812,1027.0088148873654,0.4845446367029241,0.002073772002158531,1.0043825465217839e-05,0.05314199413318291,0.0034906551750372716,0.08869171142578125,1.0,0.014767805633633726,0.014767805633633726,0.009568071313009343
1772535395.2578986,1769,0.8573532104492188,1166.3804226918799,0.4861664869083389,0.0027222659105256963,1.0097064136992794e-05,0.05314199413318291,0.0017453359098970611,0.08869171142578125,1.0,0.01546497931469988,0.01546497931469988,0.01249124509022858
1772535395.2707312,1770,0.9284019470214844,1077.1196712891629,0.48826686624994436,0.0030987950801490277,1.0137212629620553e-05,0.05314199413318291,0.003490655175037327,0.08869171142578125,1.0,0.015454466009345276,0.015454466009345278,0.009172977990800565
1772535395.2823439,1771,0.7789134979248047,1283.8396082032446,0.48666835756278615,0.002420920440301486,1.019719389517786e-05,0.05314199413318291,0.0017453192651402105,0.08869171142578125,1.0,0.013964375007509416,0.013964375007509418,0.009163527554253778
1772535395.295694,1772,0.9646415710449219,1036.6544735541274,0.49051904410972375,0.004788235886247784,1.0243538654780429e-05,0.05314199413318291,0.0017453359098970611,0.08869171142578125,1.0,0.015670989294135268,0.015670989294135268,0.00975160738318033
1772535395.3080015,1773,0.8111000061035156,1232.8935920047031,0.491076562584147,0.0018796339602822447,1.0297712829185595e-05,0.05314199413318291,0.0034906718197941222,0.08869171142578125,1.0,0.014430784607259366,0.014430784607259366,0.009551379124671308
1772535395.3204966,1774,0.8673667907714844,1152.9147883452447,0.49186439593175113,0.0019730527424539424,1.0342678663666884e-05,0.05314199413318291,0.0034906385302804765,0.08869171142578125,1.0,0.014313441851725719,0.01431344185172572,0.00925604008201798
1772535395.3323305,1775,0.6215572357177734,1608.862293824319,0.49131177214435046,0.0017264996764310891,1.0389308546014686e-05,0.05314199413318291,0.0017453359098970611,0.08869171142578125,1.0,0.013664384092038665,0.013664384092038665,0.009252831781274737
1772535395.345703,1776,0.9007453918457031,1110.1916357861303,0.4947174068297081,0.004260036916273093,1.0429629967555307e-05,0.05314199413318291,0.0017453359098970611,0.08869171142578125,1.0,0.014783337433328152,0.014783337433328153,0.009410122152868674
1772535395.3590546,1777,1.6322135925292969,612.664913818288,0.49623425359085244,0.0024157575708007874,1.0477819044097435e-05,0.05314199413318291,0.0017453359098970611,0.10132789611816406,1.0,0.01407501563099333,0.01407501563099333,0.009466941971517375
1772535395.3704557,1778,1.1298656463623047,885.0609833298164,0.49479679949753425,0.002143542651937359,1.0518761966887088e-05,0.05314199413318291,0.0017453359098970611,0.10132789611816406,1.0,0.012938992712659055,0.012938992712659057,0.009376958483276018
1772535395.383668,1779,1.3384819030761719,747.1150694691842,0.49763975633181534,0.0036384891662647667,1.054999447455325e-05,0.05314199413318291,0.0034906385302804765,0.10132789611816406,1.0,0.014059416296916583,0.014059416296916583,0.009119068341146756
1772535395.3954673,1780,1.0333061218261719,967.767420396862,0.4968691081891865,0.001676649950640094,1.0593605762192764e-05,0.05314199413318291,0.0017453359098970611,0.10132789611816406,1.0,0.012807195438836617,0.012807195438836587,0.00906913975090132
1772535395.4089658,1781,1.5749931335449219,634.9234029669997,0.49973307463717626,0.003626548531718757,1.0626034999176847e-05,0.05314199413318291,0.0034906718197940667,0.10132789611816406,1.0,0.013717178238253705,0.013717178238253705,0.009281825682197575
1772535395.4205017,1782,1.1260509490966797,888.0592843531654,0.4985706964225255,0.00186376986997173,1.0663800349536167e-05,0.05314199413318291,0.001745302620383471,0.10132789611816406,1.0,0.012371610630993518,0.012371610630993518,0.00917475685602237
1772535395.433718,1783,1.3697147369384766,730.0790252393385,0.5012866881417346,0.003447969332689879,1.069005642127489e-05,0.05314199413318291,0.0017453359098970056,0.10132789611816406,1.0,0.013304916785597913,0.013304916785597911,0.009217211146101715
1772535395.4462886,1784,1.5010833740234375,666.1855146124524,0.5021240976200123,0.0017402982627864774,1.0724049783099564e-05,0.05314199413318291,0.0017453359098970611,0.10132789611816406,1.0,0.012640505914282969,0.012640505914282969,0.009172367948458186
1772535395.458365,1785,1.2848377227783203,778.3084060122471,0.5017835817759372,0.0013933533877053034,1.075214880016846e-05,0.05314199413318291,0.0017453359098970611,0.10132789611816406,1.0,0.012120115196685436,0.012120115196685434,0.009071175836421547
1772535395.469871,1786,0.7474422454833984,1337.8960127591706,0.5008463578797245,0.0016359416646168658,1.0776203128110535e-05,0.05314199413318291,0.0017453359098970611,0.10132789611816406,1.0,0.011731055289174688,0.011731055289174688,0.008938600837238629
1772535395.483834,1787,1.3859272003173828,721.5386203337347,0.5051440307068124,0.005050354639384567,1.0797719584005502e-05,0.05314199413318291,0.0017453026203834154,0.10132789611816406,1.0,0.012994520206429818,0.012994520206429818,0.009003550412349305
1772535395.4954376,1788,1.1658668518066406,857.7308793456033,0.5032642581548543,0.0023519929709584567,1.082991887892101e-05,0.05314199413318291,0.0017453359098970611,0.10132789611816406,1.0,0.011219060917301437,0.011219060917301437,0.008822856216049743
1772535395.507691,1789,0.7202625274658203,1388.3826547500828,0.5047010299158157,0.0021185006762758454,1.084739369184481e-05,0.05314199413318291,0.0017453359098970611,0.10132789611816406,1.0,0.011873253288858599,0.011873253288858599,0.008763812716626245
1772535395.5207353,1790,0.9274482727050781,1078.2272493573264,0.5068889434156015,0.0028023670319405627,1.0871199252061454e-05,0.05314199413318291,0.0017453359098970611,0.10132789611816406,1.0,0.011937597428799795,0.011937597428799795,0.008727499360574018
1772535395.5324113,1791,0.6260871887207031,1597.2216298552933,0.5054073473055607,0.0019466517691052016,1.0895737180539924e-05,0.05314199413318291,0.0,0.10132789611816406,1.0,0.010845626856808682,0.010845626856808682,0.008887782621960464
1772535395.544962,1792,0.7076263427734375,1413.1752021563343,0.5063076158829509,0.0016082272069018898,1.0908762884419476e-05,0.05314199413318291,0.0017453359098970611,0.10132789611816406,1.0,0.011226503885172587,0.011226503885172587,0.008754625524408486
1772535395.5579913,1793,1.0488033294677734,953.4676062741532,0.5079110147737506,0.0021882897851438015,1.0926350579366444e-05,0.05314199413318291,0.0017453026203834154,0.10132789611816406,1.0,0.011249623401137504,0.011249623401137504,0.008647478744319375
1772535395.5714567,1794,1.3415813446044922,745.3890172383153,0.5114088195350045,0.004093336577721281,1.0944979019259012e-05,0.05314199413318291,0.0017453359098970611,0.10132789611816406,1.0,0.011598471330769534,0.011598471330769534,0.009108405813552028
1772535395.582931,1795,0.8919239044189453,1121.1718791766907,0.5094315106065009,0.002350552957562918,1.0961594539740192e-05,0.05314199413318291,0.0034906718197941222,0.10132789611816406,1.0,0.01016019638603682,0.01016019638603682,0.008495886280474617
1772535395.5952747,1796,0.6277561187744141,1592.9753133308013,0.5103134212796632,0.001481668940031961,1.09704140330782e-05,0.05314199413318291,0.0017453359098970611,0.10132789611816406,1.0,0.010617369845472024,0.010617369845472024,0.007858745599353094
1772535395.6077223,1797,0.7910728454589844,1264.1060880048221,0.5103551160306542,0.0010160592581610712,1.0989997689297792e-05,0.05314199413318291,0.0017453359098970611,0.10132789611816406,1.0,0.010278824656901045,0.010278824656901045,0.007747163793575969
1772535395.6211028,1798,1.3287067413330078,752.611519827741,0.512390386478468,0.0025186679716433856,1.1007257112493222e-05,0.05314199413318291,0.0017453192651402383,0.10132789611816406,1.0,0.010590333991874699,0.010590333991874699,0.008022109857836158
1772535395.633157,1799,0.9198188781738281,1087.17055469155,0.5125782491800052,0.0009787316057617156,1.1024891220610562e-05,0.05314199413318291,0.0017453359098970611,0.10132789611816406,1.0,0.010055920360863514,0.010055920360863547,0.0083772166114273
1772535395.6456318,1800,1.1746883392333984,851.2896285772275,0.5121078855268133,0.001020453878743287,1.1033358171094223e-05,0.05314199413318291,0.0034906551750372994,0.10132789611816406,1.0,0.009737635196288334,0.009737635196288301,0.0076636271632615025
1772535395.658937,1801,1.5006065368652344,666.3972036860503,0.514573708813451,0.00292306114722457,1.1046247538212644e-05,0.05314199413318291,0.0017453359098970611,0.10132789611816406,1.0,0.010224629449411942,0.010224629449411942,0.0076020357925003345
1772535395.6710775,1802,1.4579296112060547,685.9041700735895,0.5138245904647509,0.001143522298006895,1.1063989808756714e-05,0.05314199413318291,0.0017453359098970056,0.10132789611816406,1.0,0.00942957334103598,0.00942957334103598,0.0074427387046742625
1772535395.6839662,1803,1.4770030975341797,677.0466505246167,0.5156049139290154,0.0021849167515232025,1.1075820669829975e-05,0.05314199413318291,0.0017453359098970611,0.10132789611816406,1.0,0.00980492106419498,0.00980492106419498,0.005492241092934845
1772535395.695696,1804,0.9450912475585938,1058.0988900100908,0.5147563571950877,0.0011876537761115915,1.1110778597192353e-05,0.05314199413318291,0.0034906551750372994,0.10132789611816406,1.0,0.009179909146422327,0.009179909146422327,0.0060504299449453
1772535395.7081738,1805,1.1615753173828125,860.8998357963875,0.5143318583101604,0.0008919286884434133,1.1133725379105452e-05,0.05314199413318291,0.0034906551750372994,0.10132789611816406,1.0,0.009120897857634515,0.009120897857634515,0.006048740050368258
1772535395.7198708,1806,0.7646083831787109,1307.859058309947,0.5131837468988972,0.0014358316367997868,1.1156020876283545e-05,0.05314199413318291,0.0017453359098970611,0.10132789611816406,1.0,0.008832201598134743,0.008832201598134744,0.005857780498687777
1772535395.7338967,1807,1.4760494232177734,677.4840898077855,0.5173440445525139,0.004703642210917837,1.117897390306571e-05,0.05314199413318291,0.0017453359098970611,0.10132789611816406,1.0,0.00977404670832809,0.00977404670832809,0.005918475945092668
1772535395.7464168,1808,1.512765884399414,661.0408195429472,0.5175718334946086,0.000781140198812748,1.1220627931115354e-05,0.05314199413318291,0.0034906551750372716,0.10132789611816406,1.0,0.008989367490782368,0.008989367490782368,0.006323886837500107
1772535395.7583723,1809,1.2478828430175781,801.3572793274742,0.5167313044538848,0.0011320105742480097,1.1273162438790863e-05,0.05314199413318291,0.0034906551750372994,0.10132789611816406,1.0,0.00871480078643218,0.00871480078643218,0.007478548586867872
1772535395.7709222,1810,1.3325214385986328,750.456969046341,0.5167924370833386,0.0007370417537516294,1.1341675913262933e-05,0.05314199413318291,0.0017453359098970611,0.10132789611816406,1.0,0.008842430295556966,0.008842430295556966,0.009065635343337318
1772535395.7837942,1811,1.4476776123046875,690.7615283267457,0.5184824678426015,0.002045753288869084,1.1423986651703197e-05,0.05314199413318291,0.0034906551750372994,0.10132789611816406,1.0,0.009166665965487108,0.009166665965487108,0.013168595581220856
1772535395.7949965,1812,0.8759498596191406,1141.6178551986936,0.5159126789172965,0.0028722594972650766,1.1543408290014913e-05,0.05314199413318291,0.0017453359098970611,0.10132789611816406,1.0,0.008418204496970073,0.008418204496970073,0.012287826128659687
1772535395.8078923,1813,0.8306503295898438,1203.8760045924225,0.5182061450457176,0.0027065798846091296,1.1664576167971829e-05,0.05314199413318291,0.0034906718197940945,0.10132789611816406,1.0,0.009402272418753943,0.009402272418753941,0.012656730409870615
1772535395.820684,1814,0.9434223175048828,1059.9706848622693,0.5193455786352861,0.0015561407626326178,1.1823857357109015e-05,0.05314199413318291,0.005235974440177538,0.10132789611816406,1.0,0.00935301318674236,0.00935301318674236,0.7319003429054343
1772535395.8330076,1815,0.873565673828125,1144.7336244541484,0.5191522288781256,0.0006660975657287539,7.786336181965664e-06,0.05314199413318291,0.0034906718197941222,0.10132789611816406,1.0,0.013828603688956373,0.013828603688956373,0.6402347436765489
1772535395.8455405,1816,1.1796951293945312,847.6766370250606,0.5181713129538726,0.0012277399424025248,8.331552339933872e-06,0.05314199413318291,0.0034906551750372994,0.10132789611816406,1.0,0.028021999325105757,0.028021999325105757,0.5566684455674359
1772535395.8585813,1817,1.1785030364990234,848.5340886101558,0.5201191093376262,0.0024211159108543886,1.0439797110005634e-05,0.05314199413318291,0.0052359910849343605,0.10132789611816406,1.0,0.0440231307017866,0.0440231307017866,0.4823308764624434
1772535395.8708751,1818,1.3039112091064453,766.9233863594807,0.5177958000758377,0.003425599472764533,1.2699006122326028e-05,0.05314199413318291,0.003490663497415697,0.10132789611816406,1.0,0.051803906706566004,0.051803906706566004,0.4154733774809475
1772535395.883502,1819,1.2116432189941406,825.3254624163715,0.517635104546179,0.0029661371994148494,1.3264017122424432e-05,0.05314199413318291,0.0069813145112637975,0.10132789611816406,1.0,0.06449449716888603,0.06449449716888603,0.3552584900047824
1772535395.89566,1820,0.9219646453857422,1084.6402896302043,0.5162181450262072,0.003638816795525001,1.226809491087342e-05,0.05314199413318291,0.005235986923745148,0.10132789611816406,1.0,0.07129167719874609,0.07129167719874609,0.30036850136979426
1772535395.9077237,1821,0.7987022399902344,1252.0310447761194,0.5141078094948291,0.004053121351480519,1.0624226610150497e-05,0.05314199413318291,0.008726646259971646,0.10132789611816406,1.0,0.07695425071327314,0.07695425071327314,0.25449258702363686
1772535395.9207275,1822,1.1882781982421875,841.553772070626,0.5138388111818504,0.0033415076774421515,9.298722119940124e-06,0.05314199413318291,0.005235974440177538,0.10132789611816406,1.0,0.08621543199187198,0.08621543199187198,0.20982506005403317
1772535395.9334288,1823,1.4503002166748047,689.512411638994,0.5128053091669786,0.0034955174339443558,8.479312245481276e-06,0.05314199413318291,0.005235991084934333,0.10132789611816406,1.0,0.08998588016315072,0.08998588016315072,0.16986191524515018
1772535395.9458272,1824,1.2450218200683594,803.1987744159326,0.5121194200265915,0.0033854745872109225,8.108269674494123e-06,0.05314199413318291,0.003490659336226498,0.10132789611816406,1.0,0.09491531198419544,0.09491531198419544,0.13813990860108072
1772535395.9587052,1825,1.4367103576660156,696.0345170925988,0.5115643080307706,0.0033778036386823717,8.115178343946422e-06,0.05314199413318291,0.0052359910849343605,0.10132789611816406,1.0,0.09879042685575856,0.09879042685575856,0.1060321851938978
1772535395.9706576,1826,1.2176036834716797,821.2852946935578,0.5087172341827063,0.004605171262601382,8.465796837712468e-06,0.05314199413318291,0.0034906551750372994,0.10132789611816406,1.0,0.0961026102007301,0.0961026102007301,0.07951871284395708
1772535395.9832072,1827,1.341104507446289,745.6540444444445,0.5075327513767526,0.003728702527487677,9.133763226949867e-06,0.05314199413318291,0.0034906551750372994,0.10132789611816406,1.0,0.10120889952798509,0.10120889952798509,0.05746399808847748
1772535395.996439,1828,1.4438629150390625,692.5865257595773,0.5085048430859823,0.003913974027160859,1.0135504737993689e-05,0.05314199413318291,0.005235991084934347,0.10132789611816406,1.0,0.10759295219534544,0.10759295219534544,0.03873239831184866
1772535396.008457,1829,1.4352798461914062,696.7282392026578,0.5055369519754082,0.00522895662147522,1.1403163479312245e-05,0.05314199413318291,0.006981310350074599,0.10132789611816406,1.0,0.09890063370624566,0.09890063370624566,0.02847942958961696
1772535396.0207276,1830,1.15966796875,862.3157894736842,0.5045820604122296,0.004709806309467061,1.2584590710629158e-05,0.05314199413318291,0.0052359910849343605,0.10132789611816406,1.0,0.10290124106395068,0.10290124106395068,0.031349958593484314
1772535396.0338242,1831,1.477956771850586,676.6097757702855,0.504860052621126,0.005209652856869294,1.3604021598660544e-05,0.05314199413318291,0.005235991084934333,0.10132789611816406,1.0,0.10508918551050556,0.10508918551050556,0.04099699026825955
1772535396.0460649,1832,1.6849040985107422,593.5055893589926,0.5026236870124474,0.006063811329204044,1.4314553927069644e-05,0.05314199413318291,0.005235991084934388,0.10132789611816406,1.0,0.09785317349289742,0.09785317349289742,0.049746022327518014
1772535396.058778,1833,1.489400863647461,671.4109172402754,0.5037471265497767,0.006309133361639731,1.4675580531595197e-05,0.05314199413318291,0.005235974440177538,0.10132789611816406,1.0,0.103746401627182,0.103746401627182,0.06019629854335953
1772535396.0709708,1834,1.443624496459961,692.7009083402147,0.5026354510305865,0.006340183851618128,1.485179194058652e-05,0.05314199413318291,0.005235991084934333,0.10132789611816406,1.0,0.09674332269671196,0.09674332269671196,0.0687285646428688
1772535396.083308,1835,1.2903213500976562,775.0007390983001,0.5031531850115915,0.006492069654871642,1.4884677169394992e-05,0.05314199413318291,0.005235991084934333,0.10132789611816406,1.0,0.0979243732925398,0.0979243732925398,0.07522914760542933
1772535396.0955515,1836,0.9059906005859375,1103.7642105263158,0.5041001663486625,0.006584523181020717,1.485476452832133e-05,0.05314199413318291,0.006981310350074599,0.10132789611816406,1.0,0.09652193674870972,0.09652193674870972,0.08150291029461666
1772535396.1082554,1837,0.95367431640625,1048.576,0.5056389261927505,0.006705039139141904,1.479861781559848e-05,0.05314199413318291,0.00872664625997166,0.10132789611816406,1.0,0.0953973378535919,0.0953973378535919,0.08899730373154742
1772535396.1201308,1838,0.7426738739013672,1346.4860353130016,0.5051997108301811,0.006139285219027292,1.474326075826057e-05,0.05314199413318291,0.006981310350074599,0.10132789611816406,1.0,0.08868999952296093,0.08868999952296093,0.09195943686374607
1772535396.1322708,1839,0.6265640258789062,1596.0060882800608,0.5058382257383817,0.006164045929121664,1.4721389095604994e-05,0.05314199413318291,0.010471982169868665,0.10132789611816406,1.0,0.08797843729527607,0.08797843729527607,0.09793536015377222
1772535396.145633,1840,0.8978843688964844,1113.7291556027615,0.5100854674580924,0.008005514357755187,1.4724921390368174e-05,0.05314199413318291,0.00872664625997166,0.10132789611816406,1.0,0.09248856029984621,0.09248856029984621,0.10040139435292898
1772535396.1575656,1841,0.8461475372314453,1181.8269935193011,0.5100535142277225,0.005870902543871114,1.4730678943690814e-05,0.05314199413318291,0.010471982169868721,0.10132789611816406,1.0,0.0821345070984125,0.0821345070984125,0.10231997861865955
1772535396.1700943,1842,0.7724761962890625,1294.5382716049382,0.512397794592741,0.006650317257701086,1.4792102552503705e-05,0.05314199413318291,0.017453292519943264,0.10132789611816406,1.0,0.08368086691187698,0.08368086691187698,0.10595546516783053
1772535396.1828537,1843,0.8342266082763672,1198.7150614461275,0.5154337218358955,0.0070367460106532395,1.486034106768692e-05,0.05314199413318291,0.012217318079765782,0.10132789611816406,1.0,0.08246403158135913,0.08246403158135913,0.10597418393527663
1772535396.1954527,1844,0.9377002716064453,1066.4388507500635,0.517558844122846,0.006486086298654115,1.4928265162361713e-05,0.05314199413318291,0.012217284790252136,0.10132789611816406,1.0,0.07856709055088844,0.07856709055088844,0.10562713876736315
1772535396.2081149,1845,0.8714199066162109,1147.5523939808481,0.5209418433144913,0.0072229227016756305,1.499032398391629e-05,0.05314199413318291,0.013962653989662788,0.10132789611816406,1.0,0.07824678664894322,0.07824678664894322,0.10583253583196146
1772535396.2200642,1846,0.7226467132568359,1383.8020455295282,0.5213350203577503,0.005760053403065434,1.5037655217547499e-05,0.05314199413318291,0.012217284790252136,0.10132789611816406,1.0,0.07126493015282642,0.07126493015282642,0.10268490381741212
1772535396.233413,1847,0.9975433349609375,1002.4627151051625,0.5261716905998843,0.008222121587449643,1.5056466451779203e-05,0.05314199413318291,0.013962653989662843,0.10132789611816406,1.0,0.07562348186587176,0.07562348186587176,0.10168130974278154
1772535396.245066,1848,0.5934238433837891,1685.136199276818,0.5262706431010361,0.005550530424135076,1.5067291454501589e-05,0.05314199413318291,0.015707956610046203,0.10132789611816406,1.0,0.06682774027955181,0.06682774027955181,0.09906286907547995
1772535396.2579873,1849,0.9515285491943359,1050.9406163868705,0.529400184744651,0.006788512293810285,1.5047655327135817e-05,0.05314199413318291,0.01570795661004626,0.10132789611816406,1.0,0.06887598212945656,0.06887598212945656,0.09747810607607639
1772535396.2705498,1850,0.8566379547119141,1167.3543000278319,0.5318259738976643,0.00624448341499277,1.5045694829454062e-05,0.05314199413318291,0.01570795661004626,0.10132789611816406,1.0,0.06621687411139046,0.06621687411139046,0.09471837695356253
1772535396.2834113,1851,1.3089179992675781,763.9897996357013,0.5338996347603898,0.00596005385377905,1.5057249940381573e-05,0.05314199413318291,0.015707956610046203,0.10132789611816406,1.0,0.06414497957507773,0.06414497957507773,0.0911910346393012
1772535396.2961946,1852,1.4371871948242188,695.8035832780358,0.5369007845916016,0.006455214387326544,1.5107846966738812e-05,0.05314199413318291,0.01745329251994332,0.10132789611816406,1.0,0.06393291453996496,0.06393291453996496,0.08818489844169884
1772535396.30777,1853,1.0027885437011719,997.2192106514503,0.5364470075933865,0.005145082689939966,1.5240930208973603e-05,0.05314199413318291,0.024434636159531564,0.10132789611816406,1.0,0.05848287085002526,0.05848287085002526,0.08653487926080441
1772535396.320801,1854,1.1563301086425781,864.8049484536083,0.5403988734852867,0.007138805249778694,1.5494597382252e-05,0.05314199413318291,0.01745329251994321,0.10132789611816406,1.0,0.06275911103676214,0.06275911103676214,0.08427227093388988
1772535396.3338053,1855,1.45721435546875,686.2408376963351,0.5432227466312676,0.006419278000920117,1.588365137641585e-05,0.05314199413318291,0.01745329251994332,0.10132789611816406,1.0,0.0610615807463479,0.0610615807463479,0.0831157219595304
1772535396.3461425,1856,1.6019344329833984,624.2452745944337,0.543636403038287,0.0054851995685627885,1.6378088929837864e-05,0.05314199413318291,0.019198595140326735,0.10132789611816406,1.0,0.05792907577182719,0.05792907577182719,0.08218386823056392
1772535396.358364,1857,1.188516616821289,841.3849548645937,0.546143896118745,0.006425306243433486,1.688276431772288e-05,0.05314199413318291,0.01745329251994332,0.10132789611816406,1.0,0.060050250581801114,0.060050250581801114,0.08237337753171013
1772535396.3713405,1858,1.386880874633789,721.042461750043,0.5493326476434505,0.006851183633259306,1.7348105406282702e-05,0.05314199413318291,0.019198661719353916,0.10132789611816406,1.0,0.06103600820063741,0.06103600820063741,0.08292133032493283
1772535396.3835378,1859,1.3561248779296875,737.395218002813,0.5499473729636923,0.005453046827163492,1.7684478694518553e-05,0.05314199413318291,0.019198595140326735,0.10132789611816406,1.0,0.05844401601655463,0.05844401601655463,0.08404967881504283
1772535396.3961685,1860,1.399993896484375,714.2888283378746,0.5527960765279374,0.006100963976205553,1.7918974128360763e-05,0.05314199413318291,0.01745329251994332,0.10132789611816406,1.0,0.06138350059219325,0.06138350059219325,0.7124508636359104
1772535396.4081366,1861,1.1529922485351562,867.3085194375517,0.5531600108354182,0.004272992447199943,8.33377373073133e-06,0.05314199413318291,0.019198595140326735,0.10132789611816406,1.0,0.04598507584372155,0.04598507584372155,0.618635970151094
1772535396.4205384,1862,1.1563301086425781,864.8049484536083,0.5539169958452516,0.003624306748122554,6.154449633558272e-06,0.05314199413318291,0.020943964339737442,0.10132789611816406,1.0,0.0362871677789503,0.0362871677789503,0.5349493971906403
1772535396.4340923,1863,1.5759468078613281,634.5391830559757,0.5574051803000606,0.0048108503430510634,6.640122312805267e-06,0.05314199413318291,0.02094396433973733,0.10132789611816406,1.0,0.030468521650918335,0.030468521650918335,0.46059805689852573
1772535396.4456425,1864,1.2619495391845703,792.4247118836199,0.5540028288993947,0.004364634112628356,8.481430648465843e-06,0.05314199413318291,0.019198595140326735,0.10132789611816406,1.0,0.022585030359816585,0.022585030359816585,0.3930484071856116
1772535396.4588304,1865,1.4910697937011719,670.6594179724976,0.5551022871164913,0.002456995719183191,1.1920470141622308e-05,0.05314199413318291,0.01745329251994332,0.10132789611816406,1.0,0.023052108910263117,0.023052108910263117,0.33579953156530823
1772535396.4709105,1866,1.2640953063964844,791.0795926065636,0.5531004514343804,0.003241955995282934,1.3895638675394994e-05,0.05314199413318291,0.019198661719353916,0.10132789611816406,1.0,0.022612914784403165,0.02261291478440314,0.2825630011831556
1772535396.4830532,1867,1.0118484497070312,988.2902921771913,0.5515470095842696,0.002860140658472841,1.0351572820778198e-05,0.05314199413318291,0.019198595140326735,0.10132789611816406,1.0,0.02490429322188756,0.024904293221887596,0.23549131752153465
1772535396.4950933,1868,0.8113384246826172,1232.531295915369,0.5492077146879433,0.0032772220085079836,1.3174771503764094e-05,0.05314199413318291,0.01745329251994332,0.10132789611816406,1.0,0.02701624715931331,0.02701624715931331,0.1933373580695136
1772535396.5077307,1869,0.7908344268798828,1264.487187217365,0.548451587891512,0.0026916321198966323,1.3827140332157742e-05,0.05314199413318291,0.019198661719354027,0.10132789611816406,1.0,0.030371555911177312,0.030371555911177312,0.15765900049368806
1772535396.5207052,1870,0.8985996246337891,1112.8426638365613,0.5484599731145491,0.0034097185601402605,1.2281226260162947e-05,0.05314199413318291,0.019198595140326735,0.10132789611816406,1.0,0.03319322442009703,0.03319322442009702,0.12666097978885302
1772535396.5324485,1871,0.576019287109375,1736.0529801324503,0.544766586765227,0.005680771523097688,1.0851449154898558e-05,0.05314199413318291,0.02967061059970899,0.10132789611816406,1.0,0.03253290171684083,0.03253290171684083,0.10439335107726477
1772535396.546338,1872,1.4159679412841797,706.230678565415,0.5457133497655742,0.004685758070774555,9.995629335401341e-06,0.05314199413318291,0.006981277060560953,0.10132789611816406,1.0,0.03699807817939717,0.03699807817939717,0.09137027303561579
1772535396.557966,1873,1.0793209075927734,926.5085045283853,0.5411911605993431,0.006810920602043047,9.358184116034512e-06,0.05314199413318291,0.033161282419503224,0.10132789611816406,1.0,0.03409640514918158,0.03409640514918158,0.09616475635610879
1772535396.570722,1874,1.1489391326904297,870.3681261672547,0.5401309628832657,0.005152555604709511,9.146008447000627e-06,0.05314199413318291,0.019198595140326735,0.10132789611816406,1.0,0.036937970203087415,0.03693797020308739,0.10125210463258115
1772535396.5838265,1875,1.5137195587158203,660.6243502913844,0.5390666411403838,0.005296687495594369,9.11200883373709e-06,0.05314199413318291,0.02094396433973733,0.10132789611816406,1.0,0.0372020821043909,0.03720208210439088,0.11147087351980621
1772535396.5959587,1876,1.4157295227050781,706.3496126641967,0.5356884803337232,0.006329387840955889,9.269768895433262e-06,0.05314199413318291,0.022689266960120857,0.10132789611816406,1.0,0.035361209165128714,0.035361209165128714,0.12586612078093104
1772535396.608449,1877,1.3203620910644531,757.3680028891297,0.5338587349544921,0.005651438858345965,9.66139687445358e-06,0.05314199413318291,0.02268933353914815,0.10132789611816406,1.0,0.03617441886280573,0.03617441886280573,0.1393503358733688
1772535396.6211843,1878,1.3508796691894531,740.2583833392164,0.5324817272909196,0.005596045478370761,1.029034796438672e-05,0.05314199413318291,0.019198595140326624,0.10132789611816406,1.0,0.03622140895379968,0.03622140895379969,0.14949964558656353
1772535396.633452,1879,1.1129379272460938,898.5227077977721,0.5305432593041104,0.005849856766215439,1.1176809088542564e-05,0.05314199413318291,0.020943964339737553,0.10132789611816406,1.0,0.03554145581704585,0.03554145581704585,0.16023749118129701
1772535396.6460006,1880,1.440286636352539,694.3062406886277,0.5274226917065399,0.0064606660963564995,1.2339165297362205e-05,0.05314199413318291,0.02617993877991487,0.10132789611816406,1.0,0.034411586856242016,0.034411586856242016,0.1766136020486898
1772535396.657823,1881,1.0831356048583984,923.2454325335681,0.5246108284875836,0.0064427381515958105,1.3627771472330956e-05,0.05314199413318291,0.02094396433973733,0.10132789611816406,1.0,0.03456025934591584,0.03456025934591584,0.18113839146636818
1772535396.671318,1882,1.3971328735351562,715.7515358361775,0.5259783852516307,0.006407004916032105,1.3924781433404513e-05,0.05314199413318291,0.019198595140326846,0.10132789611816406,1.0,0.038287473075856025,0.038287473075856025,0.18583562712911073
1772535396.6836612,1883,1.3484954833984375,741.5671852899576,0.5241201988565678,0.00625297422719176,1.0871346723028945e-05,0.05314199413318291,0.02094396433973733,0.10132789611816406,1.0,0.03687556221343566,0.036875562213435645,0.19212843643802582
1772535396.6957877,1884,1.085519790649414,921.2176586865803,0.5221718934367909,0.005860523558151926,4.851246318028815e-06,0.05314199413318291,0.019198661719354027,0.10132789611816406,1.0,0.0383507901884911,0.03835079018849114,0.19191509376527902
1772535396.7088478,1885,1.4982223510742188,667.457670273711,0.5215254902917446,0.004968172054865936,5.094626692759893e-06,0.05314199413318291,0.02094389776071015,0.10132789611816406,1.0,0.0417221260070526,0.0417221260070526,0.19410711568687813
1772535396.7211452,1886,1.2962818145751953,771.4371896266323,0.5195421252905063,0.005026897343249762,1.169853861669471e-05,0.05314199413318291,0.019198595140326624,0.10132789611816406,1.0,0.043029765982562,0.043029765982562,0.19614283889915515
1772535396.7336645,1887,1.4951229095458984,668.8413331207144,0.5174017525026263,0.005183984157339863,1.4040890414097985e-05,0.05314199413318291,0.019198595140326846,0.10132789611816406,1.0,0.045330900799190436,0.045330900799190436,0.19453980747474264
1772535396.7460263,1888,1.247406005859375,801.6636085626911,0.5166736163366058,0.004919933073961851,1.2535915852857555e-05,0.05314199413318291,0.02094403091876451,0.10132789611816406,1.0,0.049585153845384936,0.04958515384538493,0.1943659505401721
1772535396.7579484,1889,0.8118152618408203,1231.807342143906,0.5149563259383876,0.005064229452207733,1.0445475586949436e-05,0.05314199413318291,0.01745329251994332,0.10132789611816406,1.0,0.05167130305828966,0.051671303058289667,0.19126642382941253
1772535396.7705607,1890,0.7839202880859375,1275.639902676399,0.5143422000629515,0.004641643586956648,8.80799310110347e-06,0.05314199413318291,0.01745329251994332,0.10132789611816406,1.0,0.05644417079204235,0.05644417079204235,0.186752775728857
1772535396.7830353,1891,0.9014606475830078,1109.3107643480562,0.5127842059719071,0.004526053815040455,7.697316034993252e-06,0.05314199413318291,0.01745329251994332,0.10132789611816406,1.0,0.05896018290872068,0.05896018290872068,0.18024437416662287
1772535396.7954655,1892,0.7417201995849609,1348.2172934747668,0.5117656052766624,0.004041036912282777,7.008379503025743e-06,0.05314199413318291,0.015707989899559793,0.10132789611816406,1.0,0.06345191669084146,0.06345191669084146,0.17454607221765334
1772535396.8077974,1893,0.7758140563964844,1288.9686539643515,0.5097750291269212,0.0040974734394441745,6.633743891702453e-06,0.05314199413318291,0.01745329251994332,0.10132789611816406,1.0,0.06582216212002477,0.06582216212002477,0.1711147842747723
1772535396.8199255,1894,0.7731914520263672,1293.3407338883749,0.50725760165454,0.004179945477535336,6.535693717823017e-06,0.05314199413318291,0.02094389776071015,0.10132789611816406,1.0,0.06858464792060938,0.06858464792060938,0.5882463350177592
1772535396.8330758,1895,1.2221336364746094,818.2411236831838,0.5065938655561916,0.003078275392650669,7.545155555032864e-06,0.05314199413318291,0.015707989899560015,0.10132789611816406,1.0,0.06152995703780357,0.06152995703780357,0.5069172586888508
1772535396.844941,1896,0.5733966827392578,1743.9933471933473,0.5050060135365896,0.003369915932832356,1.068150533793608e-05,0.05314199413318291,0.013962554121121906,0.10132789611816406,1.0,0.053304598380150454,0.053304598380150454,0.4317990611156418
1772535396.8577244,1897,0.8339881896972656,1199.0577472841624,0.5043599056753721,0.0030988514544704076,1.4044357146937717e-05,0.05314199413318291,0.013962687279176267,0.10132789611816406,1.0,0.04983040480236538,0.04983040480236538,0.775804771105372
1772535396.8705869,1898,0.8530616760253906,1172.2481833426496,0.5040525887818467,0.0029081408293890197,4.358412372059426e-06,0.05314199413318291,0.015707989899560015,0.10132789611816406,1.0,0.03818000676787897,0.03818000676787897,0.6749912316643804
1772535396.8828807,1899,0.812530517578125,1230.7230046948357,0.5021331507090775,0.003332099497480696,1.1758364813638106e-05,0.05314199413318291,0.013962554121121906,0.10132789611816406,1.0,0.03156731281481601,0.03156731281481601,0.5833326338144962
1772535396.8950708,1900,0.6494522094726562,1539.7591776798824,0.5004519354602411,0.0032187396530694735,1.3689796609569922e-05,0.05314199413318291,0.013962687279176489,0.10132789611816406,1.0,0.032285767691392256,0.032285767691392256,0.5020781582603625
1772535396.9083583,1901,1.0104179382324219,989.6894761680038,0.5012113194272925,0.003003214531303021,1.1579958404766694e-05,0.05314199413318291,0.01221725150073838,0.10132789611816406,1.0,0.03855423295537425,0.03855423295537425,0.431764100616562
1772535396.92067,1902,0.9028911590576172,1107.5532083443359,0.50002916293615,0.0030240002167229124,1.0006460093433508e-05,0.05314199413318291,0.015707989899560015,0.10132789611816406,1.0,0.042408135829350074,0.042408135829350074,0.36770355731002174
1772535396.9329333,1903,1.0173320770263672,982.9632059995313,0.4982804694301704,0.00325657592139666,9.117780418496946e-06,0.05314199413318291,0.012217384658792962,0.10132789611816406,1.0,0.046963199828105165,0.046963199828105165,0.3131554187360013
1772535396.9454708,1904,0.8296966552734375,1205.2597701149425,0.4980573513313741,0.0026578723635904684,8.638094159764507e-06,0.05314199413318291,0.01570785674150521,0.10132789611816406,1.0,0.05339505060173261,0.05339505060173261,0.2652941371954025
1772535396.9574137,1905,0.7040500640869141,1420.353538774128,0.49579557172723404,0.003505871182872203,8.398945629919556e-06,0.05314199413318291,0.015707989899560015,0.10132789611816406,1.0,0.054590146041525504,0.054590146041525504,0.22483436696281414
1772535396.970092,1906,0.7073879241943359,1413.6514998314797,0.4956823834970049,0.002544718495826929,8.308012149511529e-06,0.05314199413318291,0.012217384658792962,0.10132789611816406,1.0,0.060380470115883295,0.060380470115883295,0.19230514562458922
1772535396.9833422,1907,0.9632110595703125,1038.1940594059406,0.4966415418839977,0.0027933367860705004,8.296842587984012e-06,0.05314199413318291,0.013962554121121906,0.10132789611816406,1.0,0.06448009102503602,0.06448009102503602,0.16608964017626732
1772535396.9951513,1908,0.7846355438232422,1274.4770586447887,0.49369501726734444,0.004097279733361532,8.337149837133979e-06,0.05314199413318291,0.012217384658792962,0.10132789611816406,1.0,0.060248973765040334,0.06024897376504035,0.1461460616467073
1772535397.0076067,1909,0.7374286651611328,1356.0633688975106,0.49275417235864694,0.00280149782715205,8.414384279189418e-06,0.05314199413318291,0.012217251500738602,0.10132789611816406,1.0,0.06375381949659882,0.06375381949659882,0.13234669353922918
1772535397.020262,1910,0.7915496826171875,1263.3445783132531,0.49223976715370404,0.0027454455691349818,8.52300656448956e-06,0.05314199413318291,0.013962687279176489,0.10132789611816406,1.0,0.06462296263860146,0.06462296263860146,0.12388018456066734
1772535397.0330915,1911,0.9136199951171875,1094.5469728601252,0.49176974244516364,0.0028097163620611288,8.66959268380132e-06,0.05314199413318291,0.01221725150073838,0.10132789611816406,1.0,0.0644337673743134,0.0644337673743134,0.11935098464441128
1772535397.0448763,1912,0.7464885711669922,1339.6052379431492,0.48913511825845857,0.004018192856115702,8.857413281119423e-06,0.05314199413318291,0.010471948880355075,0.10132789611816406,1.0,0.06023304315015544,0.06023304315015544,0.11677222775918991
1772535397.0578234,1913,0.8873939514160156,1126.895217624933,0.4895208468700147,0.0029376963503741495,9.103519304615103e-06,0.05314199413318291,0.013962687279176489,0.10132789611816406,1.0,0.06349318146994049,0.06349318146994049,0.11794226275822924
1772535397.070294,1914,0.9591579437255859,1042.5811583395475,0.4884538233414872,0.0031236200811561856,9.420598852693518e-06,0.05314199413318291,0.008726646259971549,0.10132789611816406,1.0,0.05997578540878094,0.05997578540878094,0.11719175358563533
1772535397.0826178,1915,0.7531642913818359,1327.7315606204495,0.4876270469857734,0.003061541825185349,9.815891464450273e-06,0.05314199413318291,0.010471948880355075,0.10132789611816406,1.0,0.05857148043991992,0.05857148043991993,0.11851956414683058
1772535397.095361,1916,0.8082389831542969,1237.2578171091445,0.48764238906054386,0.0029756416169274802,1.0309297957271519e-05,0.05314199413318291,0.013962687279176489,0.10132789611816406,1.0,0.05787598605907789,0.05787598605907789,0.12318937829499517
1772535397.1080568,1917,1.0924339294433594,915.3871671759057,0.48683514964028446,0.003073253820732134,1.092997630178275e-05,0.05314199413318291,0.008726646259971771,0.10132789611816406,1.0,0.054672111605101055,0.054672111605101055,0.12025906706090202
1772535397.120833,1918,0.9713172912597656,1029.5297005400098,0.4878623801028641,0.0032792770730910945,1.1635655456494417e-05,0.05314199413318291,0.006981310350074599,0.10132789611816406,1.0,0.05496206898364796,0.05496206898364796,0.11861071223171817
1772535397.1329787,1919,0.7534027099609375,1327.3113924050633,0.4868980507949666,0.0031450609260411967,1.2397922876703008e-05,0.05314199413318291,0.0069813436395882444,0.10132789611816406,1.0,0.05034054663944733,0.05034054663944733,0.11538030327339785
1772535397.1452496,1920,0.8652210235595703,1155.7740424359329,0.485883416260567,0.0032015056621275025,1.3152830872828112e-05,0.05314199413318291,0.0069813436395882444,0.10132789611816406,1.0,0.0479884028931287,0.0479884028931287,0.11197003930804111
1772535397.158089,1921,1.2774467468261719,782.8114968271743,0.4861584556120082,0.0032191000693149664,1.3779825051125104e-05,0.05314199413318291,0.005236041019204718,0.10132789611816406,1.0,0.04729015089506207,0.04729015089506207,0.10837428378717588
1772535397.1714706,1922,1.4765262603759766,677.2652995317294,0.48898108837921705,0.0047787489835733775,1.4105155461635366e-05,0.05314199413318291,0.0052359910849343605,0.10132789611816406,1.0,0.048202254477967554,0.048202254477967554,0.1053775878255251
1772535397.183081,1923,1.127481460571289,886.9325438781983,0.48740637995587605,0.003647615324948336,1.3938480494250297e-05,0.05314199413318291,0.0069813436395882444,0.10132789611816406,1.0,0.041717526891471436,0.041717526891471436,0.10223655375372492
1772535397.196493,1924,1.4226436614990234,702.9167085637674,0.49060992737240106,0.005281159787638168,1.3112895567351981e-05,0.05314199413318291,0.005236041019204718,0.10132789611816406,1.0,0.04476918313146351,0.04476918313146351,0.09925846827703777
1772535397.2082963,1925,1.1734962463378906,852.1544087769199,0.4893399509489118,0.003676981604219481,1.1712852148233842e-05,0.05314199413318291,0.0052359879640424475,0.05555152893066406,1.0,0.03898604918665408,0.03898604918665408,0.09422433604678578
1772535397.221028,1926,1.3689994812011719,730.4604667363288,0.4899107373711739,0.0036660099870381253,1.0158636934507725e-05,0.05314199413318291,0.005236041019204718,0.06127357482910156,1.0,0.03928440121506017,0.03928440121506017,0.0898822414052008
1772535397.2336166,1927,1.5003681182861328,666.5030986810742,0.4903141509025188,0.0035414730440362445,9.09253434997015e-06,0.05314199413318291,0.0052359910849343605,0.06532669067382812,1.0,0.0380699203662561,0.0380699203662561,0.08690105020219363
1772535397.2461784,1928,1.6567707061767578,603.5838250107929,0.48976535728936904,0.0033833988416491294,8.92305961216481e-06,0.05314199413318291,0.005236041019204718,0.08940696716308594,1.0,0.03629484876002811,0.03629484876002811,0.08412249828778084
1772535397.2584605,1929,1.232147216796875,811.5913312693499,0.4903186518329164,0.0033405900203227912,9.681361004393652e-06,0.05314199413318291,0.0052359910849343605,0.08940696716308594,1.0,0.036393774707284936,0.036393774707284936,0.0808657053708734
1772535397.2707975,1930,1.298666000366211,770.0209289517165,0.48914788033046497,0.0034370562051006287,1.0985566659761805e-05,0.05314199413318291,0.005236041019204718,0.08940696716308594,1.0,0.03416265978002153,0.03416265978002153,0.07655712469536131
1772535397.2836075,1931,1.4185905456542969,704.9250420168067,0.48957341631821244,0.0033252749784354685,1.2316520571397014e-05,0.05314199413318291,0.0052359910849343605,0.08940696716308594,1.0,0.034669969170201556,0.034669969170201556,0.07316364455026556
1772535397.2957885,1932,1.1551380157470703,865.6974200206398,0.48847064426729325,0.0036669913789132164,1.3331621455786007e-05,0.05314199413318291,0.0034906551750372716,0.08940696716308594,1.0,0.032699419185133874,0.032699419185133874,0.06858171649793114
1772535397.308574,1933,1.7237663269042969,580.1250345781466,0.4877205811937898,0.0038255182862952345,1.3915578789517073e-05,0.05314199413318291,0.003490655175037327,0.08988380432128906,1.0,0.032180479102079274,0.032180479102079274,0.06396780558863248
1772535397.320668,1934,1.238107681274414,807.684190256114,0.4877322132980825,0.004077870559649239,1.4124452168547356e-05,0.05314199413318291,0.0034906551750372716,0.08988380432128906,1.0,0.0320661643229236,0.0320661643229236,0.059791214189150524
1772535397.3331802,1935,0.9400844573974609,1063.7342125285315,0.48887801826342997,0.004637853236570555,1.4067940725904909e-05,0.05314199413318291,0.003490655175037327,0.08988380432128906,1.0,0.03236303641859173,0.03236303641859173,0.05592001279436394
1772535397.3452306,1936,0.7960796356201172,1256.155735250075,0.48809061119780406,0.004626446520818994,1.3845105858067245e-05,0.05314199413318291,0.0017453359098970611,0.08988380432128906,1.0,0.030396022184000112,0.030396022184000112,0.05108127995616349
1772535397.358276,1937,1.2896060943603516,775.4305786651877,0.48897984613474793,0.0049604033429861425,1.3539039926802098e-05,0.05314199413318291,0.003490655175037327,0.08988380432128906,1.0,0.031091776097644592,0.031091776097644592,0.04782040779157559
1772535397.3712964,1938,1.4235973358154297,702.4458214704405,0.49102730927262195,0.005575521675795737,1.3192276190965374e-05,0.05314199413318291,0.003490605240766831,0.08988380432128906,1.0,0.03158402068094009,0.03158402068094009,0.04268019599068734
1772535397.3837328,1939,1.5349388122558594,651.4917676296986,0.49111977631619264,0.004912144492755043,1.2856781395032477e-05,0.05314199413318291,0.005236041019204718,0.08988380432128906,1.0,0.029866688559740246,0.029866688559740246,0.03864635784975878
1772535397.3959103,1940,1.3687610626220703,730.5877024908552,0.4911680854984838,0.004876219562903928,1.2542573061923697e-05,0.05314199413318291,0.003490663497415711,0.08988380432128906,1.0,0.02939808929453923,0.02939808929453923,0.035626302377879386
1772535397.4087217,1941,1.5974044799804688,626.0155223880597,0.49255527719216335,0.005194366274768221,1.2252059118783359e-05,0.05314199413318291,0.0034906551750372716,0.09965896606445312,1.0,0.029947243121434743,0.029947243121434743,0.03302108260656035
1772535397.4212196,1942,1.438140869140625,695.342175066313,0.49376285412867693,0.005008685846071131,1.1992157723711612e-05,0.05314199413318291,0.005235991084934347,0.09965896606445312,1.0,0.029530903281575805,0.029530903281575805,0.031657450835250144
1772535397.4325747,1943,0.827789306640625,1208.036866359447,0.49248971665155256,0.004610076420797796,1.175160703597047e-05,0.05314199413318291,0.012217251500738602,0.09965896606445312,1.0,0.027475243745979816,0.027475243745979816,0.029826033038448527
1772535397.445289,1944,0.7996559143066406,1250.5378652355396,0.49441135543969367,0.005082948415850127,1.1554326745077468e-05,0.05314199413318291,0.005236041019204718,0.09965896606445312,1.0,0.029150615798535208,0.029150615798535208,0.029027579176538906
1772535397.4589412,1945,1.5680789947509766,637.7229740003041,0.49685322403477467,0.00523967979636739,1.1383369007019396e-05,0.05314199413318291,0.01745329251994332,0.09965896606445312,1.0,0.029250621138378716,0.029250621138378716,0.03029192828525883
1772535397.470813,1946,1.2459754943847656,802.584003061615,0.49622944267435454,0.00400512783901849,1.1275978548706822e-05,0.05314199413318291,0.015707989899559793,0.09965896606445312,1.0,0.02692813550132431,0.026928135501324307,0.03227515237551167
1772535397.4827144,1947,0.6916522979736328,1445.8131678731472,0.49661231482709883,0.0039061220816119513,1.1218026369668632e-05,0.05314199413318291,0.01745329251994332,0.09965896606445312,1.0,0.027026999118357403,0.027026999118357403,0.035112847114121125
1772535397.4955118,1948,0.9548664093017578,1047.2669163545568,0.49772208035351345,0.00398048870688499,1.120376101059562e-05,0.05314199413318291,0.019198595140326624,0.09965896606445312,1.0,0.02698414004080435,0.02698414004080435,0.037589146373299506
1772535397.5079873,1949,0.8714199066162109,1147.5523939808481,0.498399454489053,0.0036433901241859014,1.122873928394025e-05,0.05314199413318291,0.019198595140326846,0.09965896606445312,1.0,0.02623434533524336,0.02623434533524336,0.04082175452038232
1772535397.5197587,1950,0.6940364837646484,1440.8464445207833,0.496901365441679,0.003591222248832749,1.1295454754116196e-05,0.05314199413318291,0.022689333539148038,0.09965896606445312,1.0,0.024348422691153615,0.024348422691153615,0.04542863064814402
1772535397.532541,1951,0.6952285766601562,1438.3758573388202,0.49870769547180294,0.003940259053463507,1.141468696882241e-05,0.05314199413318291,0.019198595140326846,0.09965896606445312,1.0,0.025587974112452165,0.025587974112452165,0.04874431995487799
1772535397.545275,1952,0.8418560028076172,1187.8516001132823,0.49963074441887945,0.003318058069233103,1.157061693018459e-05,0.05314199413318291,0.02094389776071015,0.09965896606445312,1.0,0.02454552709553682,0.02454552709553682,0.054654657616984556
1772535397.5585165,1953,1.4405250549316406,694.1913273750414,0.5007131176326518,0.0032782684331202753,1.1799362970052637e-05,0.05314199413318291,0.02094403091876451,0.09965896606445312,1.0,0.02401453218831315,0.02401453218831315,0.06020556676576861
1772535397.5709279,1954,1.4674663543701172,681.446628757108,0.500800439183704,0.0028563015052038084,1.2100987408801276e-05,0.05314199413318291,0.022689200381093677,0.09965896606445312,1.0,0.02284273751135701,0.02284273751135701,0.06776984992698093
1772535397.5836315,1955,1.3704299926757812,729.6979819067502,0.5021284652328188,0.0032585118373506137,1.2504902106896137e-05,0.05314199413318291,0.02094403091876451,0.09965896606445312,1.0,0.022829603119169553,0.02282960311916955,0.07266351889933771
1772535397.596031,1956,1.4350414276123047,696.8439940189401,0.5018818318180981,0.0027180750632116485,1.2962742480659338e-05,0.05314199413318291,0.02617993877991509,0.09965896606445312,1.0,0.021459500398004323,0.021459500398004323,0.08129168634477608
1772535397.608696,1957,1.6355514526367188,611.4145772594752,0.5020788098102524,0.0027589750498651275,1.3483668797976092e-05,0.05314199413318291,0.02443450300147698,0.09965896606445312,1.0,0.02113091678739628,0.02113091678739628,0.08920024007610354
1772535397.6209342,1958,1.3284683227539062,752.7465900933238,0.5028670384517564,0.002979705756801242,1.3938118555269954e-05,0.05314199413318291,0.02617993877991487,0.09965896606445312,1.0,0.021052900834475013,0.021052900834475013,0.09775148379109418
1772535397.6334493,1959,1.3308525085449219,751.3980652096022,0.5034572781945315,0.002966563650784597,1.4085599836930844e-05,0.05314199413318291,0.024434636159531564,0.09965896606445312,1.0,0.02086588182747892,0.02086588182747892,0.10312115353264005
1772535397.6456778,1960,1.3682842254638672,730.8423070221293,0.5030572475820347,0.0029078187762598046,1.3554209411027313e-05,0.05314199413318291,0.02617993877991487,0.09965896606445312,1.0,0.0205688428782838,0.0205688428782838,0.10758953658366475
1772535397.658468,1961,1.310586929321289,763.0169183190832,0.504815958365418,0.003726363584507433,1.2171772446094478e-05,0.05314199413318291,0.024434636159531564,0.09965896606445312,1.0,0.022136162534779194,0.02213616253477919,0.1144990285271926
1772535397.6703146,1962,1.2059211730957031,829.2415974693555,0.5029672928847343,0.003498820594929901,1.0604427383093717e-05,0.05314199413318291,0.027925241400298395,0.09965896606445312,1.0,0.02137299041641723,0.021372990416417225,0.11834794569452262
1772535397.6839406,1963,1.4507770538330078,689.285784716516,0.5063656196455573,0.00486987230605612,1.0531375342100228e-05,0.05314199413318291,0.02617993877991487,0.09965896606445312,1.0,0.025467766848114037,0.025467766848114037,0.12284585744230717
1772535397.6954155,1964,1.1730194091796875,852.5008130081301,0.5031192544230594,0.004503161961630944,1.2278438013731188e-05,0.05314199413318291,0.02617993877991509,0.09965896606445312,1.0,0.023643937188042776,0.023643937188042776,0.1280156975846999
1772535397.7078922,1965,0.8809566497802734,1135.1296346414074,0.5034107422116061,0.002784358050061127,1.3872537863900854e-05,0.05314199413318291,0.02617993877991487,0.09965896606445312,1.0,0.02745851434100573,0.02745851434100573,0.12976430475633924
1772535397.7206972,1966,0.9632110595703125,1038.1940594059406,0.5036496888396612,0.0030181915722155136,1.392723151862723e-05,0.05314199413318291,0.04014262605909136,0.09965896606445312,1.0,0.0295924400115498,0.0295924400115498,0.14656078445365572
1772535397.73267,1967,0.7948875427246094,1258.0395920815836,0.5016634341179421,0.003953939071452627,1.2713632013380687e-05,0.05314199413318291,0.024434636159531564,0.09965896606445312,1.0,0.03060035323575468,0.03060035323575468,0.14671081114109316
1772535397.7458487,1968,1.2004375457763672,833.0295928500497,0.5029172857313573,0.0038408653072113373,1.1174677985576635e-05,0.05314199413318291,0.02617987220088769,0.10347366333007812,1.0,0.03573592661782687,0.03573592661782687,0.7132429964376237
1772535397.7580442,1969,0.9937286376953125,1006.3109404990403,0.5014131047189772,0.004043921381793172,1.0040875130184882e-05,0.05314199413318291,0.02617993877991487,0.10347366333007812,1.0,0.023538160318934007,0.023538160318934007,0.6277313651338228
1772535397.7701204,1970,1.096487045288086,912.0034790171776,0.4989993583259243,0.004580767572479969,9.069697596674363e-06,0.05314199413318291,0.02617993877991509,0.10347366333007812,1.0,0.01891493216320344,0.01891493216320344,0.5512215574893125
1772535397.7833793,1971,1.0097026824951172,990.3905548996458,0.5014654807162913,0.004743670347833201,8.295198945234672e-06,0.05314199413318291,0.02617993877991487,0.10347366333007812,1.0,0.02348217164387802,0.02348217164387802,0.48512177419229335
1772535397.7954555,1972,0.8256435394287109,1211.1764366156513,0.49946443666697066,0.004359296623689802,7.719873352057654e-06,0.05314199413318291,0.02617993877991487,0.10347366333007812,1.0,0.026628642303020977,0.026628642303020977,0.4259384676646836
1772535397.8078032,1973,0.8473396301269531,1180.1643218908273,0.49796586554507993,0.0040460736448286036,7.36603194774402e-06,0.05314199413318291,0.027925307979325686,0.10347366333007812,1.0,0.032802374829752325,0.032802374829752325,0.6782519320806824
1772535397.8206139,1974,0.9138584136962891,1094.261414036003,0.4978219737710262,0.0036955654652712643,9.208408201956795e-06,0.05314199413318291,0.02617993877991498,0.10347366333007812,1.0,0.03762702869579466,0.03762702869579465,0.5696235967995564
1772535397.8330414,1975,1.1615753173828125,860.8998357963875,0.49578971476948985,0.004452298655185937,1.321023422461567e-05,0.05314199413318291,0.027925241400298284,0.10347366333007812,1.0,0.04404654302855667,0.04404654302855667,0.46839334360126067
1772535397.8456936,1976,0.9264945983886719,1079.3371075656203,0.4964346083304875,0.004334503574086389,1.1869849957243076e-05,0.05314199413318291,0.029670610599709102,0.10347366333007812,1.0,0.05592217644672508,0.05592217644672508,0.3797056293124308
1772535397.8574533,1977,0.6167888641357422,1621.3003478933126,0.49401940439729713,0.004661032093307208,1.185643881067257e-05,0.05314199413318291,0.045378533920241715,0.10347366333007812,1.0,0.05963565097023564,0.05963565097023564,0.2819939218809876
1772535397.8703117,1978,0.89263916015625,1120.2735042735044,0.4941156423585156,0.0028946024938049882,1.4030554856234718e-05,0.05314199413318291,0.03316128241950311,0.10347366333007812,1.0,0.06904311228943405,0.06904311228943402,0.20936864730906632
1772535397.883465,1979,1.1150836944580078,896.7936711567244,0.49531407204597694,0.0024639781553845255,1.254876894282518e-05,0.05314199413318291,0.03316121584047593,0.10347366333007812,1.0,0.07546849698650827,0.07546849698650827,0.14237592417567613
1772535397.894971,1980,0.6992816925048828,1430.0388680531878,0.492847430157475,0.0031276760657233888,1.1020411268854633e-05,0.05314199413318291,0.03316128241950311,0.10347366333007812,1.0,0.07200392447330059,0.07200392447330059,0.08702868365503236
1772535397.9077857,1981,1.0840892791748047,922.433252694084,0.49303264939430697,0.0012946429321810098,1.0058379400918596e-05,0.05314199413318291,0.033161282419503224,0.10347366333007812,1.0,0.0781722546030928,0.0781722546030928,0.037708314678828465
1772535397.9205496,1982,0.9646415710449219,1036.6544735541274,0.49416664317595294,0.0017301724566200001,9.533509253956941e-06,0.05314199413318291,0.04363323129985819,0.10347366333007812,1.0,0.08076822745595982,0.08076822745595982,0.03543286110198548
1772535397.9329717,1983,0.7424354553222656,1346.9184328837507,0.49430621266637775,0.0011606605906235034,9.398388774622525e-06,0.05314199413318291,0.036651887660270055,0.10347366333007812,1.0,0.07855700447295093,0.07855700447295093,0.08005029815163754
1772535397.9452257,1984,0.8921623229980469,1120.8722608230892,0.4927582352439557,0.002085720413570934,9.599996475403053e-06,0.05314199413318291,0.03839725685968065,0.10347366333007812,1.0,0.07363979988679598,0.07363979988679598,0.12046874274685163
1772535397.958056,1985,0.9589195251464844,1042.840377921432,0.4933617675159616,0.0014842176490197083,1.0146679612263802e-05,0.05314199413318291,0.03839722357016706,0.10347366333007812,1.0,0.07448793704589136,0.07448793704589136,0.15839474470606002
1772535397.9703043,1986,0.9298324584960938,1075.462564102564,0.4922111610571313,0.001911781004945286,1.1087060335104818e-05,0.05314199413318291,0.04014259276957777,0.10347366333007812,1.0,0.06785827462128124,0.06785827462128124,0.194540228886448
1772535397.9829652,1987,0.7851123809814453,1273.7030063771638,0.4931823957261466,0.0020387778324654398,1.2506408296570416e-05,0.05314199413318291,0.038397223570167116,0.10347366333007812,1.0,0.06658558940288008,0.06658558940288008,0.2281974292854181
1772535397.9955425,1988,0.92315673828125,1083.2396694214876,0.49300828725967283,0.0019529615555747529,1.3924580296673975e-05,0.05314199413318291,0.038397256859680706,0.10347366333007812,1.0,0.05968330616223994,0.05968330616223993,0.258551292859979
1772535398.0080178,1989,1.1491775512695312,870.1875518672199,0.49238062654445686,0.0022614110573060996,1.2787688473116855e-05,0.05314199413318291,0.03839722357016706,0.10347366333007812,1.0,0.05339017601274776,0.053390176012747766,0.28207645407798776
1772535398.0206325,1990,0.9644031524658203,1036.9107540173054,0.49344942081475074,0.002438158954317787,8.12749994002365e-06,0.05314199413318291,0.034906585039886584,0.10347366333007812,1.0,0.04998725178396646,0.04998725178396646,0.2968166848551419
1772535398.0332048,1991,0.9052753448486328,1104.6362918093232,0.493672820617503,0.0014667674039197834,1.1913774304708388e-05,0.05314199413318291,0.036651920949783645,0.10347366333007812,1.0,0.04408965395906032,0.04408965395906032,0.3076640883616753
1772535398.0452924,1992,0.9772777557373047,1023.2505489143693,0.49198204903939646,0.0021649355303813194,1.3821939862335552e-05,0.05314199413318291,0.034906585039886584,0.10347366333007812,1.0,0.037715214091413464,0.037715214091413464,0.30785293511264483
1772535398.0589259,1993,1.425027847290039,701.7406725782165,0.49442110078920026,0.003084040483617769,1.1233369270660476e-05,0.05314199413318291,0.03141592986484931,0.10347366333007812,1.0,0.038102834491299115,0.038102834491299115,0.29458409151688386
1772535398.0698276,1994,0.6132125854492188,1630.755832037325,0.4910811438426386,0.003980388272508371,8.940081792597876e-06,0.05314199413318291,0.04537856720975528,0.10347366333007812,1.0,0.03192296376789278,0.03192296376789278,0.27790555186148447
1772535398.083665,1995,1.3763904571533203,726.5380218257405,0.49318346132849966,0.002877156081022612,7.580202150180841e-06,0.05314199413318291,0.02792525804505519,0.10347366333007812,1.0,0.03639695781361556,0.03639695781361556,0.2463450254628956
1772535398.0960712,1996,1.146554946899414,872.1779995841131,0.49319989040408585,0.0016172491815367464,6.8550181131904574e-06,0.05314199413318291,0.024434619514774714,0.10347366333007812,1.0,0.03630300680016668,0.03630300680016668,0.20923156745958932
1772535398.1077008,1997,0.6990432739257812,1430.5266030013643,0.4906039815598595,0.0033316392888327736,6.5122979515355325e-06,0.05314199413318291,0.024434602870017863,0.10347366333007812,1.0,0.035830303566904496,0.035830303566904496,0.17119794001971453
1772535398.1207895,1998,0.9579658508300781,1043.8785465405674,0.491124136560585,0.001720726717234949,6.390528048046484e-06,0.05314199413318291,0.020943956017359017,0.10347366333007812,1.0,0.040407536959221384,0.040407536959221384,0.13570416850528225
1772535398.133112,1999,0.9472370147705078,1055.7019884218475,0.4894683331548106,0.002568217581144146,6.386291835075087e-06,0.05314199413318291,0.017453292519943292,0.10347366333007812,1.0,0.039877658221062665,0.039877658221062665,0.10738743464408404
1772535398.1453593,2000,0.7460117340087891,1340.461489293704,0.4881750965518849,0.002364150379220881,6.433240509328905e-06,0.05314199413318291,0.013962629022527595,0.10347366333007812,1.0,0.04108052941782025,0.04108052941782025,0.08834233696237774
1772535398.1578074,2001,0.8959770202636719,1116.1000532197977,0.4862334024415422,0.0029674588483895588,6.487374177516691e-06,0.05314199413318291,0.008726650421160845,0.10347366333007812,1.0,0.040761773295649936,0.040761773295649936,0.07791645281211754
1772535398.1709824,2002,1.3208389282226562,757.0945848375451,0.48596877796746246,0.002096782177703461,6.530502452372624e-06,0.05314199413318291,0.0069813145112637975,0.10347366333007812,1.0,0.04250312521099242,0.04250312521099242,0.07243819908983726
1772535398.1828213,2003,0.7684230804443359,1301.3664287930499,0.48400987245243715,0.0031742039161703293,6.559223615742943e-06,0.05314199413318291,0.0052359910849343536,0.10347366333007812,1.0,0.040560822825567666,0.04056082282556768,0.07117189193321129
1772535398.1949499,2004,0.5354881286621094,1867.4550311665182,0.4820175364566182,0.003276206705902353,6.570810090938461e-06,0.05314199413318291,0.0017453359098970611,0.10347366333007812,1.0,0.03993055998542048,0.03993055998542048,0.06480142863512793
1772535398.2074203,2005,0.6520748138427734,1533.566361974406,0.48025334784071055,0.0031695188765116164,6.581559348815333e-06,0.05314199413318291,0.0017453275875186497,0.10347366333007812,1.0,0.03955247472788031,0.03955247472788031,0.061306015508105195
1772535398.2201357,2006,0.7338523864746094,1362.6718648473034,0.4796583368534183,0.0026062825626434237,6.588297391866313e-06,0.05314199413318291,0.0052359910849343605,0.10347366333007812,1.0,0.04012852555995589,0.040128525559955885,0.05643668167111426
1772535398.23366,2007,1.344442367553711,743.8028019152332,0.4797232060353327,0.0025832361515129593,6.595497441565161e-06,0.05314199413318291,0.0034906551750372716,0.10347366333007812,1.0,0.0403006263771128,0.04030062637711279,0.05646198503691632
1772535398.245644,2008,1.3453960418701172,743.2755626439837,0.47661615255841,0.004418972131909432,6.599310293241798e-06,0.05314199413318291,0.00872664625997166,0.10347366333007812,1.0,0.03648733427092243,0.03648733427092243,0.053912340803927185
1772535398.2583125,2009,1.2853145599365234,778.0196624002967,0.47601599710408005,0.002748732304711786,6.599799261376343e-06,0.05314199413318291,0.012217318079765754,0.10347366333007812,1.0,0.03806365703759117,0.038063657037591174,0.058418683389653225
1772535398.2703724,2010,1.3079643249511719,764.5468465184105,0.47311521425051717,0.004239828780534037,6.60099961871383e-06,0.05314199413318291,0.01221730143500896,0.10347366333007812,1.0,0.03500659770462208,0.035006597704622076,0.05482432746229921
1772535398.2832813,2011,1.1539459228515625,866.5917355371901,0.4739671374935714,0.0027976635450948474,6.60406262987959e-06,0.05314199413318291,0.008726646259971632,0.10347366333007812,1.0,0.03771028900520781,0.03771028900520781,0.057814843049381184
1772535398.2951157,2012,0.8473396301269531,1180.1643218908273,0.471531114844804,0.0038309326900410156,6.61201886716054e-06,0.05314199413318291,0.00872664625997166,0.10347366333007812,1.0,0.03392624352449942,0.03392624352449941,0.05858275304864178
1772535398.3079376,2013,1.1148452758789062,896.9854576561163,0.47046546903410963,0.002871440729289719,6.623615221055544e-06,0.05314199413318291,0.008726646259971632,0.10347366333007812,1.0,0.034233667412524496,0.034233667412524496,0.05634634077931175
1772535398.3212724,2014,1.3310909271240234,751.2634784166219,0.47139323689452617,0.002752819768063347,6.641006895115374e-06,0.05314199413318291,0.010471973847490296,0.10347366333007812,1.0,0.035303165450084405,0.035303165450084405,0.0547844915748531
1772535398.333207,2015,1.192331314086914,838.6930613877224,0.46865105548713737,0.004003740168713151,6.6617499406240655e-06,0.05314199413318291,0.00698131867245301,0.10347366333007812,1.0,0.03135224098277132,0.03135224098277132,0.04877626148292606
1772535398.3450952,2016,0.7731914520263672,1293.3407338883749,0.46714055679072203,0.002987191846581609,6.682895136574604e-06,0.05314199413318291,0.006981310350074585,0.10347366333007812,1.0,0.03151707420632487,0.03151707420632487,0.04667532827449367
1772535398.3580766,2017,0.9446144104003906,1058.63301362948,0.4672489209613554,0.002381153299383848,6.7048990690199526e-06,0.05314199413318291,0.00698131867245301,0.10347366333007812,1.0,0.032156651078533195,0.032156651078533195,0.04526367990182232
1772535398.3699367,2018,0.7326602935791016,1364.889033517735,0.4650590107427892,0.0033951684996860283,6.727151132847295e-06,0.05314199413318291,0.006981318672452996,0.10347366333007812,1.0,0.029539540391949108,0.02953954039194913,0.04475859027009116
1772535398.3833168,2019,1.226663589477539,815.219436345967,0.465552422745371,0.002310125205605882,6.7517742237637405e-06,0.05314199413318291,0.008726646259971646,0.10347366333007812,1.0,0.030972635316332462,0.030972635316332462,0.044999384697571226
1772535398.3960927,2020,1.2264251708984375,815.3779160186625,0.46554908000023953,0.0021919299426119876,6.777838539002064e-06,0.05314199413318291,0.006981318672452996,0.10347366333007812,1.0,0.029976418431413982,0.029976418431413982,0.04552862124425717
1772535398.408527,2021,1.384735107421875,722.1597796143251,0.46407773316948786,0.0027041041736400335,6.808249058512463e-06,0.05314199413318291,0.0069813145112637975,0.10347366333007812,1.0,0.028145668060057385,0.028145668060057385,0.049631252477308666
1772535398.4211612,2022,1.455068588256836,687.2528264787809,0.4635286820826554,0.0021513399758396746,6.851248341776621e-06,0.05314199413318291,0.008726646259971646,0.10347366333007812,1.0,0.02810618246013771,0.02810618246013771,0.05216927229388247
1772535398.433074,2023,1.1293888092041016,885.4346632890015,0.461875573686496,0.002731666741092806,6.905786496163809e-06,0.05314199413318291,0.006981318672453003,0.10347366333007812,1.0,0.026572571613873625,0.026572571613873625,0.052663908383363545
1772535398.446614,2024,1.5757083892822266,634.6351944318354,0.46321443548106866,0.0024616228808731415,6.970477117445357e-06,0.05314199413318291,0.00872664625997166,0.10347366333007812,1.0,0.028145835348355977,0.028145835348355977,0.0542352861238939
1772535398.4581838,2025,1.1284351348876953,886.1829706317346,0.46088200718274125,0.0032407640308418214,7.046488855317092e-06,0.05314199413318291,0.006981326994831394,0.10347366333007812,1.0,0.024972130944344743,0.024972130944344743,0.056850557395816396
1772535398.4710457,2026,1.5954971313476562,626.7638971906754,0.46056805872878104,0.001879852527995706,7.139700140166203e-06,0.05314199413318291,0.00872664625997166,0.10347366333007812,1.0,0.02576155752661401,0.02576155752661401,0.06029938912226429
1772535398.4836485,2027,1.2464523315429688,802.2769701606733,0.46116456440844356,0.0019533642531234944,7.251450833416315e-06,0.05314199413318291,0.006981310350074571,0.10347366333007812,1.0,0.025957433363732144,0.025957433363732144,0.05927212702584949
1772535398.4960449,2028,1.4014244079589844,713.5597141884995,0.4600054114854961,0.00222436133173766,7.372527761921246e-06,0.05314199413318291,0.00872664625997166,0.10347366333007812,1.0,0.02437788492362297,0.02437788492362297,0.062137625300934994
1772535398.5086484,2029,1.4832019805908203,674.2170069120721,0.4595866466236145,0.0018694690622804665,7.514358481645474e-06,0.05314199413318291,0.008726646259971632,0.10347366333007812,1.0,0.02449023165786194,0.02449023165786194,0.06451465571840109
1772535398.5204062,2030,0.9355545043945312,1068.8848114169216,0.4584354599480749,0.002227598804902422,7.67495268776538e-06,0.05314199413318291,0.003490663497415711,0.10347366333007812,1.0,0.02370173580576811,0.02370173580576811,0.0654067765887243
1772535398.5335078,2031,1.0616779327392578,941.905232427577,0.4597629347586146,0.0024488581836102476,7.851745903636501e-06,0.05314199413318291,0.005235987964042448,0.10347366333007812,1.0,0.025157225773367507,0.025157225773367507,0.06346953641097582
1772535398.5447662,2032,0.7588863372802734,1317.7203895695884,0.45653401172325236,0.004083225183406711,8.034079104990898e-06,0.05314199413318291,0.005235987964042448,0.10347366333007812,1.0,0.021990901075153987,0.021990901075153987,0.06119713676538764
1772535398.557865,2033,0.9853839874267578,1014.8328090975078,0.4578724629819114,0.002595556193086047,8.223316200943449e-06,0.05314199413318291,0.0017453359098970611,0.10347366333007812,1.0,0.024781376912774933,0.024781376912774933,0.05535685854329608
1772535398.570343,2034,0.9694099426269531,1031.555336940482,0.45801645559045145,0.0021494022701953296,8.40094893536718e-06,0.05314199413318291,0.005235987834005286,0.10347366333007812,1.0,0.024031269151610288,0.024031269151610288,0.05006689851669149
1772535398.5831084,2035,1.3256072998046875,754.3712230215828,0.45780333607103235,0.002247499318766495,8.569143151635335e-06,0.05314199413318291,0.005235987443893798,0.10347366333007812,1.0,0.02375126467682202,0.02375126467682202,0.047074402092604134
1772535398.5959468,2036,1.341104507446289,745.6540444444445,0.4589631714390866,0.002778928906474946,8.734079540862201e-06,0.05314199413318291,0.005235987964042449,0.10347366333007812,1.0,0.02462633766466189,0.02462633766466189,0.04297587676138295
1772535398.6085575,2037,1.3909339904785156,718.941378128214,0.45924736040329267,0.0025361175013899817,8.889551158606658e-06,0.05314199413318291,0.006981316591858397,0.10347366333007812,1.0,0.024068269190710097,0.024068269190710097,0.03869894680994632
1772535398.621049,2038,1.4002323150634766,714.1672058573131,0.45941323283345054,0.002642659764218408,9.033478767310688e-06,0.05314199413318291,0.0034906593362265016,0.10347366333007812,1.0,0.023913960590039134,0.023913960590039134,0.03715909934021568
1772535398.632803,2039,0.9152889251708984,1092.5511852044804,0.4583526929393944,0.002919208038399831,9.176071926528691e-06,0.05314199413318291,0.006981316591858397,0.10347366333007812,1.0,0.022988572021386832,0.022988572021386832,0.036241061761302235
1772535398.645561,2040,1.3737678527832031,727.9250260326276,0.45833953907926683,0.0028730980730645953,9.318845029123198e-06,0.05314199413318291,0.005235986923745148,0.10347366333007812,1.0,0.023482559536026053,0.023482559536026053,0.035506503912574074
1772535398.6583474,2041,1.3773441314697266,726.0349662454561,0.45974339614735715,0.003506523961677265,9.461775648936942e-06,0.05314199413318291,0.006981318672452996,0.10347366333007812,1.0,0.024305669109451398,0.024305669109451398,0.03515979621259241
1772535398.6711664,2042,1.5435218811035156,647.8690145196169,0.4606622600624618,0.0033586309142178703,9.605394289693543e-06,0.05314199413318291,0.003490659336226505,0.10347366333007812,1.0,0.02396193480818423,0.02396193480818423,0.035781779654942426
1772535398.6834564,2043,1.3980865478515625,715.2633015006821,0.46075157104252207,0.003224678961390688,9.758766033620409e-06,0.05314199413318291,0.0069813145112637975,0.10347366333007812,1.0,0.023376261116378767,0.023376261116378767,0.033385505910637193
1772535398.6957107,2044,0.9217262268066406,1084.9208484221417,0.4617065146836997,0.0035870642181087546,9.901631019352152e-06,0.05314199413318291,0.005235986923745148,0.10347366333007812,1.0,0.023806556435343892,0.023806556435343892,0.032961708527981116
1772535398.7080345,2045,1.096487045288086,912.0034790171776,0.4612930556776743,0.0034076934332554435,1.0045095789363327e-05,0.05314199413318291,0.003490659336226498,0.10704994201660156,1.0,0.02283375213110197,0.02283375213110197,0.03071907369640857
1772535398.7204275,2046,1.1410713195800781,876.3694107814459,0.461153893017409,0.003503679428774791,1.0177710439908855e-05,0.05314199413318291,0.005235986923745148,0.10704994201660156,1.0,0.022792336141880764,0.022792336141880764,0.029211404255848235
1772535398.7346947,2047,2.119779586791992,471.74716004948823,0.46486094027591124,0.005810087909721218,1.030368176298371e-05,0.05314199413318291,0.003490663497415697,0.10704994201660156,1.0,0.025070087793157104,0.025070087793157104,0.027941082592927758
1772535398.7466006,2048,1.5575885772705078,642.0180621460279,0.4650411043870391,0.0036971075798522854,1.0420786953585867e-05,0.05314199413318291,0.003490659336226498,0.10704994201660156,1.0,0.022902122307209765,0.022902122307209765,0.02680346421096674
1772535398.758037,2049,1.074075698852539,931.0330743618202,0.4635909379760995,0.003926771679815159,1.0528239038386725e-05,0.05314199413318291,0.005235991084934347,0.10704994201660156,1.0,0.021641485995565785,0.021641485995565788,0.0268542944366849
1772535398.7716346,2050,1.6560554504394531,603.8445148286784,0.46620607508589035,0.005073644974689937,1.0628589998766985e-05,0.05314199413318291,0.0034906551750372994,0.12159347534179688,1.0,0.023796277121889066,0.023796277121889066,0.0266512029689097
1772535398.7826746,2051,0.8444786071777344,1184.1626199887069,0.4646313920588675,0.00405959533137966,1.072306394796552e-05,0.05314199413318291,0.003490659336226498,0.12159347534179688,1.0,0.021129286247324314,0.021129286247324314,0.0253633170388712
1772535398.7951622,2052,0.8161067962646484,1225.329827636576,0.4657816722538453,0.0042400445837838426,1.0807931276267333e-05,0.05314199413318291,0.003490663497415711,0.12159347534179688,1.0,0.022365687997404557,0.022365687997404557,0.025237149254270962
1772535398.8073483,2053,0.7493495941162109,1334.490614062997,0.46605089350183254,0.00395536246996512,1.0887519215936787e-05,0.05314199413318291,0.0034906593362265016,0.12159347534179688,1.0,0.021612707426917354,0.021612707426917357,0.023664244866370667
1772535398.8206532,2054,0.9043216705322266,1105.801212760348,0.46921508193662737,0.005610164125553833,1.0958304171179737e-05,0.05314199413318291,0.001745329668113249,0.12159347534179688,1.0,0.023026430164537582,0.023026430164537582,0.0235001982926703
1772535398.8324018,2055,0.6313323974609375,1583.95166163142,0.46844895874175746,0.003907321137228144,1.1024522828443157e-05,0.05314199413318291,0.0017453275875186497,0.12159347534179688,1.0,0.02065228897518475,0.02065228897518475,0.022444617367815035
1772535398.8450975,2056,0.7076263427734375,1413.1752021563343,0.4700763317548366,0.004509969128579885,1.1082343575108447e-05,0.05314199413318291,0.003490659336226498,0.12159347534179688,1.0,0.021637809580681018,0.021637809580681018,0.021527231347223865
1772535398.857789,2057,0.8587837219238281,1164.437534702943,0.4713310165509769,0.004284550355675485,1.113438387607851e-05,0.05314199413318291,0.0034906582959291985,0.12159347534179688,1.0,0.021215744559925215,0.021215744559925215,0.021415439815914015
1772535398.870002,2058,0.8344650268554688,1198.3725714285715,0.47142665952775475,0.0038629221108696147,1.1181744606317992e-05,0.05314199413318291,0.0017453296681132508,0.12159347534179688,1.0,0.02033110487401596,0.02033110487401596,0.020808403692721907
1772535398.882848,2059,0.8208751678466797,1218.212024397328,0.4737585607163433,0.00488104834743533,1.1223344338166984e-05,0.05314199413318291,0.0017453286278159494,0.12159347534179688,1.0,0.02122038501821393,0.02122038501821393,0.01987949286230374
1772535398.8956995,2060,0.9658336639404297,1035.3749691434214,0.4755719446530748,0.004476372508163574,1.1259489390090734e-05,0.05314199413318291,0.0034906588160778483,0.12159347534179688,1.0,0.02077184037152031,0.02077184037152031,0.019507177275031068
1772535398.907291,2061,0.6673336029052734,1498.5008931761342,0.47429138215644545,0.003810742334739793,1.1290709797082094e-05,0.05314199413318291,0.0017453359098970334,0.12159347534179688,1.0,0.018941606209893484,0.018941606209893484,0.019800366455143756
1772535398.9199567,2062,0.6699562072753906,1492.63487544484,0.47608922985880153,0.004371919712570019,1.131894807846299e-05,0.05314199413318291,0.0017453291479646,0.12159347534179688,1.0,0.020114014971108537,0.020114014971108533,0.019083648162426227
1772535398.9334257,2063,1.0454654693603516,956.5117445838084,0.47920682480073507,0.005280772393006636,1.134322585603846e-05,0.05314199413318291,0.0017453192651402383,0.12159347534179688,1.0,0.02057293007001926,0.02057293007001926,0.0191777582117938
1772535398.9451373,2064,0.6873607635498047,1454.8400971210544,0.47857531419929905,0.0034688980811232156,1.1365476182884489e-05,0.05314199413318291,0.0034906586860406863,0.12159347534179688,1.0,0.018584429692661553,0.018584429692661553,0.018770754196242297
1772535398.958343,2065,1.0073184967041016,992.734674556213,0.48078914202249096,0.004436286961382437,1.1382725871451513e-05,0.05314199413318291,0.0017453292780017621,0.12159347534179688,1.0,0.019615391551522934,0.019615391551522934,0.018711517568917473
1772535398.970091,2066,0.7483959197998047,1336.19114367633,0.47983969948386634,0.00336715656048588,1.139877471827137e-05,0.05314199413318291,0.001745329668113249,0.12159347534179688,1.0,0.017918821322180995,0.017918821322181,0.020029127090887514
1772535398.983016,2067,0.9431838989257812,1060.2386248736098,0.4816437385751794,0.004003317655779143,1.1400729559908189e-05,0.05314199413318291,0.0017453359098970334,0.12159347534179688,1.0,0.018818304740484716,0.018818304740484716,0.019898592131487747
1772535398.9955132,2068,0.9057521820068359,1104.054751250329,0.4825835724629688,0.0034095897131533374,1.1403409379248302e-05,0.05314199413318291,0.003490663497415711,0.12159347534179688,1.0,0.018193927327392168,0.01819392732739217,0.02098498318354868
1772535399.007768,2069,0.7948875427246094,1258.0395920815836,0.48294472478632366,0.0030986896139029068,1.1391271965219776e-05,0.05314199413318291,0.0034906572556318988,0.12159347534179688,1.0,0.017639964692092676,0.017639964692092676,0.024541405523502757
1772535399.0202487,2070,0.8928775787353516,1119.9743658210948,0.4833243223135118,0.0029997767570189102,1.1359087673766102e-05,0.05314199413318291,0.0034906572556318988,0.12159347534179688,1.0,0.017280495206358038,0.017280495206358038,0.027971820033911656
1772535399.0331318,2071,1.0113716125488281,988.7562470532768,0.485354568703082,0.003793664175080138,1.1311163918791291e-05,0.05314199413318291,0.0034906551750372994,0.12159347534179688,1.0,0.017590453923884312,0.017590453923884312,0.02652872487253825
1772535399.0452266,2072,0.8802413940429688,1136.0520043336944,0.48504677211738606,0.002650756156364595,1.1263543397320595e-05,0.05314199413318291,0.005235991084934347,0.12159347534179688,1.0,0.016321658814879448,0.016321658814879455,0.02959879678512037
1772535399.0579858,2073,1.2598037719726562,793.77441332324,0.48548370464559976,0.002627057862788908,1.1194323278635944e-05,0.05314199413318291,0.0034906551750372994,0.12159347534179688,1.0,0.016198807904893683,0.016198807904893683,0.027975074419092125
1772535399.0706043,2074,1.0089874267578125,991.0926275992439,0.4874882147365375,0.0034302039619534992,1.112652191719425e-05,0.05314199413318291,0.0017453359098970611,0.12159347534179688,1.0,0.016473775253576683,0.016473775253576683,0.026552018841384736
1772535399.0830324,2075,1.1699199676513672,854.7593234155288,0.4871052797845509,0.0022108965818582486,1.1063251499691482e-05,0.05314199413318291,0.005235982762555949,0.12159347534179688,1.0,0.015296442883267498,0.0152964428832675,0.025361328512726867
1772535399.0950308,2076,0.7941722869873047,1259.1726208345842,0.48742780632155497,0.0021265418345379128,1.099954698749831e-05,0.05314199413318291,0.005235991084934347,0.12159347534179688,1.0,0.015237934439479376,0.015237934439479376,0.02451267300855936
1772535399.1078334,2077,0.9322166442871094,1072.712020460358,0.48857866347638035,0.002394906487917263,1.0936010747931572e-05,0.05314199413318291,0.0034906551750372994,0.12159347534179688,1.0,0.015291975272558406,0.015291975272558406,0.023533038438044634
1772535399.120343,2078,0.9014606475830078,1109.3107643480562,0.48921495189952025,0.0019353693239341169,1.0874897806854897e-05,0.05314199413318291,0.003490659336226498,0.12159347534179688,1.0,0.014916857347154791,0.014916857347154791,0.022656170621439854
1772535399.1334372,2079,1.2803077697753906,781.0621973929236,0.4905825452437394,0.0022904765026020555,1.0816013079429822e-05,0.05314199413318291,0.005235986923745148,0.12159347534179688,1.0,0.01500098862265842,0.01500098862265842,0.022287424323277585
1772535399.1457691,2080,1.4944076538085938,669.1614550095725,0.48946669892266464,0.0018182310412761208,1.0757532190708424e-05,0.05314199413318291,0.003490659336226505,0.12159347534179688,1.0,0.013997961730377479,0.013997961730377479,0.021449923854343477
1772535399.158609,2081,1.5234947204589844,656.3856025039123,0.49087180973744493,0.002122155057880424,1.0701414652470816e-05,0.05314199413318291,0.005235986923745148,0.12159347534179688,1.0,0.014682471291831313,0.014682471291831313,0.021204569834247764
1772535399.1713436,2082,1.4731884002685547,678.7998057938178,0.4920397944136849,0.001806355780993154,1.0645977009068418e-05,0.05314199413318291,0.003490659336226498,0.12159347534179688,1.0,0.014548513713120062,0.014548513713120062,0.020456130920547693
1772535399.1835496,2083,1.4100074768066406,709.2160973960094,0.491015434763756,0.001485971723688286,1.0593579647044967e-05,0.05314199413318291,0.0017453317487078485,0.12159347534179688,1.0,0.013741078865462764,0.013741078865462763,0.01930665946763547
1772535399.1957738,2084,1.3434886932373047,744.3307897071873,0.4903896368870337,0.0011308537509417279,1.054538374737751e-05,0.05314199413318291,0.0034906572556318988,0.12159347534179688,1.0,0.013735028203757237,0.013735028203757237,0.018721849006001833
1772535399.2083592,2085,1.3885498046875,720.1758241758242,0.49061564247772044,0.0009029624499756936,1.049953645920369e-05,0.05314199413318291,0.0034906572556318988,0.12159347534179688,1.0,0.013920880662091873,0.013920880662091873,0.018173459544763498
1772535399.2207403,2086,1.2950897216796875,772.1472754050073,0.4905896453892996,0.0007572951614876604,1.0455576952541173e-05,0.05314199413318291,0.003490659336226498,0.05245208740234375,1.0,0.013786460785844945,0.013786460785844949,0.01764453234957479
1772535399.2330496,2087,1.199483871459961,833.6919101570264,0.49026629083472134,0.0007525960790563095,1.041347930181296e-05,0.05314199413318291,0.0017453296681132525,0.06890296936035156,1.0,0.013638776308497722,0.013638776308497717,0.016659151338436325
1772535399.245668,2088,0.9729862213134766,1027.7637833864248,0.49126547542350896,0.001302029017475424,1.0375298964288699e-05,0.05314199413318291,0.0034906572556318988,0.06890296936035156,1.0,0.014025852566624156,0.014025852566624156,0.016705541177130214
1772535399.257711,2089,0.8170604705810547,1223.8996206594688,0.49000865673182303,0.0014860743227061428,1.0336480021915712e-05,0.05314199413318291,0.001745329668113249,0.06890296936035156,1.0,0.01325217798122039,0.01325217798122039,0.01533136336042658
1772535399.2699687,2090,0.9219646453857422,1084.6402896302043,0.48887936037043955,0.0013427328218716143,1.0303930543472472e-05,0.05314199413318291,0.003490659336226498,0.06890296936035156,1.0,0.013189207298235254,0.013189207298235254,0.014966378815901862
1772535399.2833056,2091,0.9789466857910156,1021.506088650755,0.4916525539822297,0.003152082439415018,1.0272375981578966e-05,0.05314199413318291,0.0017453286278159494,0.06890296936035156,1.0,0.014416250265758712,0.014416250265758712,0.014369013578134776
1772535399.295152,2092,0.762939453125,1310.72,0.4897932817281741,0.0021190491220574735,1.0242587154930522e-05,0.05314199413318291,0.0017453296681132508,0.06890296936035156,1.0,0.012965911487191393,0.012965911487191397,0.013717909789912849
1772535399.307592,2093,0.9663105010986328,1034.8640513200098,0.4885501907340961,0.0014465297395934507,1.0216261645144968e-05,0.05314199413318291,0.0017453292780017621,0.06890296936035156,1.0,0.013035601816415911,0.013035601816415911,0.013182334751238442
1772535399.3205466,2094,0.9679794311523438,1033.079802955665,0.49029596444750545,0.001998253967115922,1.0192296996141046e-05,0.05314199413318291,0.0034906588160778483,0.06890296936035156,1.0,0.013919940987370523,0.013919940987370523,0.013013484550887425
1772535399.332533,2095,0.6153583526611328,1625.0693529639675,0.4892590698505706,0.0012306137042760958,1.0168070876823966e-05,0.05314199413318291,0.0017453294080389242,0.06890296936035156,1.0,0.013040918590201891,0.013040918590201891,0.012554164225371204
1772535399.3452895,2096,0.8103847503662109,1233.9817593409825,0.4892422060925735,0.00039295278944214416,1.0146569530603221e-05,0.05314199413318291,0.0017453294080389242,0.06890296936035156,1.0,0.013277664732343361,0.013277664732343361,0.012202083969378769
1772535399.3579304,2097,0.9319782257080078,1072.9864415451523,0.48915950210108905,0.00040260053304810894,1.0126872092796011e-05,0.05314199413318291,0.0017453292780017621,0.06890296936035156,1.0,0.013196217487313977,0.013196217487313977,0.012676298542806264
1772535399.3703454,2098,0.83160400390625,1202.4954128440368,0.48889850921417477,0.000494062100425792,1.0105967078610782e-05,0.05314199413318291,0.0017453292780017621,0.06890296936035156,1.0,0.013048959132603755,0.013048959132603755,0.011523545924000601
1772535399.3825684,2099,0.7758140563964844,1288.9686539643515,0.4878254778602412,0.0012739136914581728,1.008951163730253e-05,0.05314199413318291,0.001745329668113249,0.06890296936035156,1.0,0.012703056924521684,0.012703056924521684,0.01128826586803315
1772535399.3952308,2100,0.7841587066650391,1275.2520522955306,0.4881525312798369,0.0005231246304384189,1.007598837192873e-05,0.05314199413318291,0.0,0.06890296936035156,1.0,0.013014546110369871,0.013014546110369871,0.011139616509623662
1772535399.4080985,2101,1.2009143829345703,832.6988286678578,0.48775508011526975,0.0006026092653920832,1.0064121210684638e-05,0.05314199413318291,0.0017453286278159494,0.06890296936035156,1.0,0.012690878866322282,0.012690878866322282,0.011202876037877459
1772535399.4206579,2102,1.2919902801513672,773.9996309282155,0.4876350882871907,0.00041557000395232716,1.0054640887188558e-05,0.05314199413318291,0.0,0.06890296936035156,1.0,0.012636146041723174,0.012636146041723174,0.01118382872484019
1772535399.4337666,2103,1.6336441040039062,612.128429655575,0.48816151646578465,0.0006882457559221382,1.0046575311032812e-05,0.05314199413318291,0.0,0.10800361633300781,1.0,0.012698278258528158,0.012698278258528158,0.01122264446188115
1772535399.445725,2104,1.2273788452148438,814.7443667443667,0.48725343121718373,0.001109447812263486,1.0039699379076733e-05,0.05314199413318291,0.0017453359098970611,0.10800361633300781,1.0,0.01212966248550485,0.01212966248550485,0.012544446079290212
1772535399.4579544,2105,1.081705093383789,924.4663874807142,0.4863320731018192,0.0011172166729562123,1.0031859671635749e-05,0.05314199413318291,0.0017453359098970611,0.10800361633300781,1.0,0.011909640612596122,0.011909640612596122,0.011060776340063581
1772535399.4703639,2106,0.9980201721191406,1001.9837553750597,0.48621040425290113,0.00040300568646986273,1.0027738391339794e-05,0.05314199413318291,0.0017453275875186497,0.10800361633300781,1.0,0.011953462885903673,0.011953462885903668,0.012447398141976032
1772535399.4827595,2107,0.9102821350097656,1098.5605028810896,0.4858272362858405,0.000579228494744155,1.002178465569289e-05,0.05314199413318291,0.0,0.10800361633300781,1.0,0.011683741121605615,0.011683741121605615,0.012337186507538553
1772535399.4948182,2108,0.7703304290771484,1298.1442277932529,0.4846258421972548,0.0014080467333925765,1.0016889831720904e-05,0.05314199413318291,0.0017453275875186497,0.10800361633300781,1.0,0.011239111078574239,0.011239111078574239,0.010835628669218327
1772535399.5076823,2109,0.8676052093505859,1152.597966474306,0.4855149577253243,0.0010435601698819085,1.001557600670386e-05,0.05314199413318291,0.0,0.10800361633300781,1.0,0.011626958127687034,0.011626958127687034,0.010907235573854373
1772535399.5207622,2110,1.0018348693847656,998.1684911946692,0.48673408013669284,0.001390400686098383,1.0014514361834408e-05,0.05314199413318291,0.0017453192651402383,0.10800361633300781,1.0,0.011584564781327026,0.011584564781327026,0.010944583907933087
1772535399.5323274,2111,0.7596015930175781,1316.4795982423102,0.4838199555032048,0.0033040885038173725,1.0013837361720448e-05,0.05314199413318291,0.0017453275875186497,0.10800361633300781,1.0,0.010299204374942235,0.010299204374942235,0.012224680508666848
1772535399.5455208,2112,0.8642673492431641,1157.0493793103449,0.48573156514404103,0.002153742386793984,1.0011655047278843e-05,0.05314199413318291,0.0017453359098970611,0.10800361633300781,1.0,0.011321752971314217,0.011321752971314217,0.010727830938067007
1772535399.557748,2113,0.8962154388427734,1115.8031391327481,0.4845691532493364,0.001364542953140239,1.0011860723407149e-05,0.05314199413318291,0.0017453275875186497,0.10800361633300781,1.0,0.010386596778994752,0.010386596778994752,0.009695600583285401
1772535399.569819,2114,0.6277561187744141,1592.9753133308013,0.48367736662279875,0.0010625198576550514,1.0023363380561642e-05,0.05314199413318291,0.0,0.10800361633300781,1.0,0.010247945136065927,0.010247945136065927,0.009685940046347425
1772535399.5826294,2115,0.8530616760253906,1172.2481833426496,0.4840115711796888,0.0004735954794953178,1.0034058355218368e-05,0.05314199413318291,0.0017453359098970334,0.10800361633300781,1.0,0.010370242705002385,0.010370242705002381,0.010951975433247734
1772535399.5953846,2116,0.6256103515625,1598.439024390244,0.4853106741459165,0.0014704180960895563,1.0041372260422463e-05,0.05314199413318291,0.0017453317487078485,0.10800361633300781,1.0,0.010442418207828662,0.010442418207828662,0.010203717009115064
1772535399.6075122,2117,0.7724761962890625,1294.5382716049382,0.48332563749116697,0.0022609414662769093,1.0058969559163655e-05,0.05314199413318291,0.0017453275875186497,0.10800361633300781,1.0,0.009478458193646584,0.009478458193646585,0.008968101572382516
1772535399.6201952,2118,0.8983612060546875,1113.1380042462845,0.4836523917179021,0.00044561355028474776,1.0077892056572984e-05,0.05314199413318291,0.0034906572556318988,0.10800361633300781,1.0,0.009835230513969019,0.009835230513969019,0.010928220930658683
1772535399.6334913,2119,1.2516975402832031,798.9150476190476,0.48492240670362474,0.0014333961362806027,1.0118060244083299e-05,0.05314199413318291,0.001745329668113249,0.10800361633300781,1.0,0.009933963022075287,0.009933963022075287,0.01181067584469224
1772535399.6458204,2120,1.4498233795166016,689.7391876336129,0.48356045364227107,0.0015602126662910781,1.0165743036890734e-05,0.05314199413318291,0.0034906572556318988,0.10800361633300781,1.0,0.00921088723584685,0.00921088723584685,0.014911200591651748
1772535399.6580505,2121,1.1913776397705078,839.3644186511907,0.4831545807520143,0.0005106063061225318,1.0231296712463226e-05,0.05314199413318291,0.0,0.10800361633300781,1.0,0.009298757112925944,0.009298757112925948,0.013256398703208293
1772535399.6701,2122,0.8246898651123047,1212.5770453888408,0.4827948092527092,0.0004550406548293146,1.029096856776569e-05,0.05314199413318291,0.001745329668113249,0.10800361633300781,1.0,0.009207669453024743,0.009207669453024743,0.014489461650714517
1772535399.6830008,2123,0.9520053863525391,1050.4142248935636,0.4835805238256913,0.0009057781018562609,1.0357682585180064e-05,0.05314199413318291,0.0,0.10800361633300781,1.0,0.009386689732770705,0.009386689732770709,0.01285293458692973
1772535399.6948862,2124,0.7231235504150391,1382.8895483020112,0.4821576062591881,0.0016106710661983042,1.0418515613274471e-05,0.05314199413318291,0.001745329668113249,0.10800361633300781,1.0,0.008823699918559713,0.008823699918559713,0.011648828499571027
1772535399.708059,2125,0.9827613830566406,1017.5409995147986,0.48374285554737967,0.001807786298669162,1.0474066121626171e-05,0.05314199413318291,0.0,0.10800361633300781,1.0,0.00939900410669796,0.00939900410669796,0.010452856024218731
1772535399.7202952,2126,0.9448528289794922,1058.3658844309866,0.4829072568415125,0.000983854760887823,1.0524948410462554e-05,0.05314199413318291,0.0017453291479646,0.10800361633300781,1.0,0.008822531969182503,0.008822531969182501,0.009741139166548276
1772535399.7324703,2127,0.8618831634521484,1160.2500691562932,0.482083256848982,0.000986817374945756,1.0571319948984415e-05,0.05314199413318291,0.0,0.10800361633300781,1.0,0.008721521091778275,0.008721521091778275,0.00886259286531698
1772535399.744733,2128,0.7674694061279297,1302.9835352593973,0.4816998444754269,0.000608061781484239,1.0613283615028e-05,0.05314199413318291,0.0017453291479646,0.10800361633300781,1.0,0.008719295531084987,0.008719295531084987,0.008565702195816833
1772535399.7579353,2129,0.8795261383056641,1136.975874220656,0.48401369498176317,0.0026713236087209926,1.065189680983081e-05,0.05314199413318291,0.0,0.10800361633300781,1.0,0.009232757846368742,0.009232757846368744,0.008042883090231573
1772535399.7699704,2130,0.7576942443847656,1319.7935808684708,0.4828093938966164,0.00144381522641135,1.0687493056785077e-05,0.05314199413318291,0.0017453294080389242,0.10800361633300781,1.0,0.008445967964716644,0.008445967964716644,0.007353255285193505
1772535399.7825665,2131,0.8482933044433594,1178.8375491849354,0.48298290170141084,0.0006665167301888857,1.0718494783427005e-05,0.05314199413318291,0.001745329668113249,0.10800361633300781,1.0,0.00863497900701647,0.00863497900701647,0.007751658492961769
1772535399.7958822,2132,0.9288787841796875,1076.5667351129364,0.48552649463133885,0.0029594390298709693,1.0747786053078848e-05,0.05314199413318291,0.0017453292780017621,0.10800361633300781,1.0,0.009073594470926588,0.009073594470926588,0.007307286387943338
1772535399.8080003,2133,0.9212493896484375,1085.4824016563148,0.4840913680276179,0.0017395199236197986,1.0774511858771459e-05,0.05314199413318291,0.0,0.10800361633300781,1.0,0.00821171620974844,0.00821171620974844,0.007108581672809048
1772535399.8209426,2134,1.2357234954833984,809.2425236349604,0.4847040129234926,0.0010553127382526024,1.0797583168561842e-05,0.05314199413318291,0.0017453292780017621,0.10800361633300781,1.0,0.008523317934097776,0.008523317934097777,0.006812012528720868
1772535399.8332262,2135,1.3611316680908203,734.682781572955,0.4837567221836603,0.001307695552018623,1.081848368674768e-05,0.05314199413318291,0.0,0.10800361633300781,1.0,0.008129788080702739,0.008129788080702739,0.006767258755971546
1772535399.8451734,2136,0.9288787841796875,1076.5667351129364,0.48330262005341396,0.0009712920553698323,1.0836828148166994e-05,0.05314199413318291,0.0,0.10800361633300781,1.0,0.00812131061363689,0.00812131061363689,0.006765898911400839
1772535399.858266,2137,0.9713172912597656,1029.5297005400098,0.4853173987249495,0.002469244828083227,1.0853397101135777e-05,0.05314199413318291,0.001745329668113249,0.10800361633300781,1.0,0.008535577543659408,0.008535577543659408,0.00884277558578469
1772535399.8702104,2138,0.7755756378173828,1289.3648939440516,0.48407447724542607,0.0016234642147027634,1.085738950191144e-05,0.05314199413318291,0.0,0.10800361633300781,1.0,0.007812064783764981,0.007812064783764981,0.008711087201842521
1772535399.882623,2139,0.8606910705566406,1161.8570637119115,0.4838962228340025,0.0009348384162024817,1.0859970308811068e-05,0.05314199413318291,0.0,0.10800361633300781,1.0,0.007879019374544265,0.007879019374544265,0.008608364288236149
1772535399.8949418,2140,0.7464885711669922,1339.6052379431492,0.4837750458561263,0.0009376843355985507,1.086246951238682e-05,0.05314199413318291,0.0,0.10800361633300781,1.0,0.007773987232546468,0.007773987232546468,0.00850754256713298
1772535399.9082053,2141,1.352548599243164,739.3449673893883,0.4849205180391516,0.0016326152366278786,1.086463016928354e-05,0.05314199413318291,0.0,0.10800361633300781,1.0,0.007909370766425885,0.007909370766425885,0.008439526930212866
1772535399.920585,2142,0.9632110595703125,1038.1940594059406,0.4859053555203839,0.0014771778468219846,1.0866857489798641e-05,0.05314199413318291,0.0017453359098970611,0.10800361633300781,1.0,0.0078010375821698985,0.007801037582169895,0.00836077850283372
1772535399.9328017,2143,0.7469654083251953,1338.750079795723,0.4854565042046972,0.0010262779188158697,1.0868691581858655e-05,0.05314199413318291,0.0,0.10800361633300781,1.0,0.0074477353037604365,0.0074477353037604365,0.008253268150542973
1772535399.9451272,2144,0.8101463317871094,1234.3449087698646,0.4849501643911957,0.0010497853992519602,1.0869849859699284e-05,0.05314199413318291,0.0,0.10800361633300781,1.0,0.007320136155801565,0.007320136155801565,0.008144574374415169
1772535399.9577305,2145,1.0027885437011719,997.2192106514503,0.485131139063363,0.0009351511944125647,1.0870755926061873e-05,0.05314199413318291,0.0,0.10800361633300781,1.0,0.007330835496553178,0.007330835496553174,0.008052593508917369
1772535399.970796,2146,1.0037422180175781,996.2717339667458,0.48719239990454305,0.002512791170974252,1.087165474585789e-05,0.05314199413318291,0.0017453317487078554,0.10800361633300781,1.0,0.007577047085478757,0.007577047085478757,0.007963385432087812
1772535399.9828644,2147,0.9937286376953125,1006.3109404990403,0.48573610828935143,0.0018089800558275498,1.0872767658090566e-05,0.05314199413318291,0.0017453317487078554,0.10800361633300781,1.0,0.006895632656953124,0.006895632656953124,0.007881492456659362
1772535399.9954357,2148,1.0173320770263672,982.9632059995313,0.4860966117677309,0.0009516136744558885,1.087287369125132e-05,0.05314199413318291,0.0,0.10800361633300781,1.0,0.007082860597065402,0.007082860597065402,0.007794009990817736
1772535400.0072875,2149,0.6213188171386719,1609.4796623177283,0.4852968384538036,0.0011830822289635376,1.0873341862528035e-05,0.05314199413318291,0.0,0.10800361633300781,1.0,0.006790563097050569,0.006790563097050569,0.007680106349928794
1772535400.0202413,2150,0.9517669677734375,1050.6773547094188,0.4861692911787288,0.001295620295518574,1.0873339791995843e-05,0.05314199413318291,0.0,0.10800361633300781,1.0,0.006963672059457647,0.006963672059457647,0.007604234673666631
1772535400.032539,2151,0.8025169372558594,1246.0796197266786,0.4861050315386202,0.0007683492234361505,1.0873687085673178e-05,0.05314199413318291,0.001745329668113249,0.10800361633300781,1.0,0.0067300067862238085,0.0067300067862238085,0.01013582145211995
1772535400.0451462,2152,0.8265972137451172,1209.7790597057974,0.48668045657140896,0.0010060434631404746,1.0862252222872922e-05,0.05314199413318291,0.0,0.10800361633300781,1.0,0.006713264786101615,0.006713264786101615,0.009767715980015575
1772535400.057568,2153,0.8227825164794922,1215.388003477253,0.48657910886128847,0.0007118197095520252,1.0852008475717512e-05,0.05314199413318291,0.0017453275875186497,0.10800361633300781,1.0,0.006497393333651867,0.006497393333651868,0.012168898629266747
1772535400.0703208,2154,0.9377002716064453,1066.4388507500635,0.48735619669895347,0.0011246417023632368,1.0831214234804625e-05,0.05314199413318291,0.0,0.10800361633300781,1.0,0.006494663002847072,0.006494663002847072,0.011551177255943965
1772535400.0824225,2155,0.7724761962890625,1294.5382716049382,0.4864567136186462,0.0011668875176525585,1.0812584174792508e-05,0.05314199413318291,0.0,0.10800361633300781,1.0,0.0061129401308752645,0.006112940130875261,0.010951405424991737
1772535400.0952442,2156,0.7219314575195312,1385.1730515191546,0.48785694387974676,0.001702605825756175,1.0795301756807847e-05,0.05314199413318291,0.001745329668113249,0.10800361633300781,1.0,0.006320767752218962,0.006320767752218962,0.013242691849746328
1772535400.108036,2157,1.06048583984375,942.9640287769785,0.48800307707596896,0.00057218521122685,1.0768993975445946e-05,0.05314199413318291,0.0017453292780017621,0.10800361633300781,1.0,0.006010731642658395,0.006010731642658395,0.012532465484252242
1772535400.119701,2158,0.7288455963134766,1372.032711808963,0.48606708995838976,0.0022064122720016795,1.0745391886767807e-05,0.05314199413318291,0.0,0.10800361633300781,1.0,0.0055656388627645876,0.0055656388627645876,0.011759725691542983
1772535400.1329672,2159,0.911712646484375,1096.836820083682,0.488439191154667,0.0027169369230728214,1.0723599954408401e-05,0.05314199413318291,0.0,0.10800361633300781,1.0,0.006012215536926724,0.006012215536926724,0.011143828276223504
1772535400.14529,2160,0.9586811065673828,1043.09972643621,0.48767063823287826,0.0009368941058820755,1.0704727317415038e-05,0.05314199413318291,0.0017453292780017621,0.10800361633300781,1.0,0.00548974987180831,0.00548974987180831,0.010627678099765805
1772535400.1576643,2161,0.8044242858886719,1243.1250740960284,0.48747125214549086,0.0004067108092224814,1.068752597846969e-05,0.05314199413318291,0.0,0.10800361633300781,1.0,0.005431173903314004,0.005431173903314,0.010063321931992702
1772535400.1698668,2162,0.7946491241455078,1258.4170417041705,0.4867134457989487,0.0008895953734288421,1.0672047850239159e-05,0.05314199413318291,0.0017453294080389242,0.10800361633300781,1.0,0.005236496958823695,0.005236496958823695,0.00965755941302034
1772535400.1835442,2163,1.3957023620605469,716.4851383669286,0.48915037729575805,0.0027480274591866936,1.0658401147675253e-05,0.05314199413318291,0.0,0.10800361633300781,1.0,0.005529758281674809,0.005529758281674806,0.009224224150528215
1772535400.1953497,2164,1.2629032135009766,791.8263167830847,0.4868570711281095,0.002574929308295295,1.0646601630047863e-05,0.05314199413318291,0.0,0.10800361633300781,1.0,0.004856851797883593,0.004856851797883593,0.008744105173553767
1772535400.2083192,2165,1.4500617980957031,689.6257809930944,0.4880208332157299,0.0013201990230155807,1.0635101601466661e-05,0.05314199413318291,0.0017453291479646,0.10800361633300781,1.0,0.005150635159842544,0.005150635159842544,0.008499659719872371
1772535400.2206528,2166,1.5430450439453125,648.0692212608158,0.4869866354246696,0.0011635809426338588,1.0625725760644435e-05,0.05314199413318291,0.0,0.10800361633300781,1.0,0.004798691788273199,0.004798691788273199,0.008098702583823742
1772535400.2328901,2167,0.9160041809082031,1091.6980739198334,0.48816511851100264,0.0013252128385514825,1.0616857599753944e-05,0.05314199413318291,0.0,0.10800361633300781,1.0,0.004953825129418469,0.004953825129418466,0.007766737770324936
1772535400.2449012,2168,0.7457733154296875,1340.8900255754477,0.48698233772596183,0.0013288222585125704,1.0609159998634445e-05,0.05314199413318291,0.0017453291479645992,0.10800361633300781,1.0,0.004601039822444495,0.004601039822444495,0.007573995954973433
1772535400.2580512,2169,1.2805461883544922,780.916775274623,0.4876061945859261,0.0007029017002805095,1.0602287583034542e-05,0.05314199413318291,0.0,0.10800361633300781,1.0,0.004702602096453152,0.004702602096453148,0.007268971265301662
1772535400.270234,2170,0.9453296661376953,1057.8320302648171,0.487685633695041,0.0001183669826286086,1.0596310833697275e-05,0.05314199413318291,0.0,0.10800361633300781,1.0,0.0045639125247175436,0.004563912524717544,0.00697969893756295
1772535400.2827182,2171,0.8897781372070312,1123.8756698821007,0.48746280868664427,0.00027312199775672726,1.0590790057080108e-05,0.05314199413318291,0.0,0.10800361633300781,1.0,0.004448454012279244,0.004448454012279243,0.006708078131939352
1772535400.2959132,2172,1.3325214385986328,750.456969046341,0.4884279463775206,0.0010804941855688845,1.0585710353310075e-05,0.05314199413318291,0.001745329668113249,0.10800361633300781,1.0,0.004496445323513738,0.004496445323513738,0.006636985648438671
1772535400.3082888,2173,1.468658447265625,680.8935064935065,0.4873010870697551,0.0012786755761105906,1.0581765247781725e-05,0.05314199413318291,0.0017453359098970611,0.10800361633300781,1.0,0.0042056925069517415,0.0042056925069517415,0.006404164991006914
1772535400.321174,2174,1.6927719116210938,590.7470422535212,0.4878467794181713,0.0006250873014222107,1.057792311936945e-05,0.05314199413318291,0.0,0.10800361633300781,1.0,0.004290878258315892,0.004290878258315892,0.006178136242541743
1772535400.3329444,2175,1.1949539184570312,836.8523543495611,0.4868975229991559,0.0010842979235355598,1.0574644729493252e-05,0.05314199413318291,0.0,0.10800361633300781,1.0,0.00406933966703162,0.00406933966703162,0.005947962206915902
1772535400.345807,2176,1.4293193817138672,699.6336947456214,0.4872717168391433,0.0004550803611384675,1.0571411772879001e-05,0.05314199413318291,0.0,0.10800361633300781,1.0,0.004121154754238441,0.004121154754238444,0.0057524266622037
1772535400.3581595,2177,1.4340877532958984,697.3073981712386,0.4867343205185865,0.0006398573057958754,1.0568627543414893e-05,0.05314199413318291,0.001745329668113249,0.10800361633300781,1.0,0.003966169167874815,0.003966169167874815,0.0035216904677196504
1772535400.370881,2178,1.4281272888183594,700.2176961602671,0.48744141574266625,0.0008145209168261394,1.0576898325005646e-05,0.05314199413318291,0.0,0.10800361633300781,1.0,0.004044009200529508,0.004044009200529508,0.003518633668958966
1772535400.3834658,2179,1.5146732330322266,660.2084054777271,0.4874023513116045,0.0002257974823713947,1.0584511599518031e-05,0.05314199413318291,0.0,0.10800361633300781,1.0,0.003941160278635756,0.003941160278635756,0.0035155377759394815
1772535400.396893,2180,1.4061927795410156,711.14004747372,0.4903867957741287,0.0033313373719634142,1.0591238289192424e-05,0.05314199413318291,0.0017453275875186497,0.10800361633300781,1.0,0.004197427281534039,0.004197427281534037,0.0028707712825510167
1772535400.408585,2181,1.6117095947265625,620.4591715976331,0.4866685058752933,0.0041854352912317205,1.0608868029849406e-05,0.05314199413318291,0.0,0.10800361633300781,1.0,0.0035763689948775435,0.0035763689948775435,0.002655036030112188
1772535400.4201283,2182,0.8058547973632812,1240.9183431952663,0.48570857236795356,0.00109638712070408,1.0623675669985266e-05,0.05314199413318291,0.0,0.10800361633300781,1.0,0.0037758339937933095,0.003775833993793309,0.0025298010790905314
1772535400.4328895,2183,0.95367431640625,1048.576,0.48612160771413665,0.0005066776536591858,1.0637355005074404e-05,0.05314199413318291,0.0,0.10800361633300781,1.0,0.003877770593600311,0.003877770593600311,0.0024778769734540005
1772535400.4448862,2184,0.7426738739013672,1346.4860353130016,0.48503469305303765,0.0012295774430717938,1.064986605194067e-05,0.05314199413318291,0.0,0.10800361633300781,1.0,0.0037191374474997525,0.003719137447499752,0.0024616234279878756
1772535400.4576123,2185,0.7128715515136719,1402.7772575250835,0.4860643475382305,0.0011735291738159124,1.0660835268830809e-05,0.05314199413318291,0.0,0.10800361633300781,1.0,0.003884614806630791,0.003884614806630791,0.002499710336734657
1772535400.4698093,2186,0.7984638214111328,1252.4048969841745,0.48490672905551374,0.0013034398186478233,1.067102984282867e-05,0.05314199413318291,0.001745329668113249,0.10800361633300781,1.0,0.0036663147468760852,0.0036663147468760852,0.0027596958940777068
1772535400.4827,2187,0.8461475372314453,1181.8269935193011,0.48617069791034756,0.001431216447112937,1.0690964500255276e-05,0.05314199413318291,0.0,0.10800361633300781,1.0,0.0038848294885313168,0.0038848294885313168,0.0023976370603558737
1772535400.4955628,2188,0.9784698486328125,1022.0038986354775,0.48714026672373845,0.0010923417694989536,1.0709333446365431e-05,0.05314199413318291,0.0,0.10800361633300781,1.0,0.003875438330919334,0.003875438330919334,0.0021439246958773277
1772535400.508359,2189,1.2590885162353516,794.2253361105851,0.4871736276217391,0.00010084045470886044,1.0725836399949301e-05,0.05314199413318291,0.0,0.10800361633300781,1.0,0.0037966805656950977,0.0037966805656950977,0.0019921476726459026
1772535400.5203464,2190,0.6806850433349609,1469.10823117338,0.4869006994647197,0.00031610226059214066,1.0740501435577541e-05,0.05314199413318291,0.001745329668113249,0.10800361633300781,1.0,0.0037604247616633236,0.0037604247616633236,0.001704740682203433
1772535400.5332167,2191,1.2302398681640625,812.8496124031008,0.4865754964249714,0.00036760194616442497,1.0753125925676311e-05,0.05314199413318291,0.0,0.10800361633300781,1.0,0.003741090423665351,0.0037410904236653505,0.0017477189204601223
1772535400.5455148,2192,1.0914802551269531,916.1869812145042,0.4862883161378272,0.00032221270400862933,1.0764413299429246e-05,0.05314199413318291,0.0,0.10800361633300781,1.0,0.0037259025923604525,0.0037259025923604525,0.0018403138605031615
1772535400.5571132,2193,0.5643367767333984,1771.991550485847,0.4847056569214521,0.0017670019888758911,1.0774506801122956e-05,0.05314199413318291,0.0017453291479645992,0.10800361633300781,1.0,0.003582336891485526,0.003582336891485526,0.0017868964378283212
1772535400.5702631,2194,1.0287761688232422,972.0287369640788,0.4860669084321297,0.0015441971046789838,1.0782782843280653e-05,0.05314199413318291,0.0,0.10800361633300781,1.0,0.003816171811446104,0.003816171811446104,0.0019565151297694814
1772535400.5831504,2195,0.9262561798095703,1079.6149292149291,0.4876269148965327,0.001755263529754012,1.0790720547469391e-05,0.05314199413318291,0.0,0.10800361633300781,1.0,0.003831156808110169,0.0038311568081101713,0.0021257249546268826
1772535400.5950825,2196,0.81634521484375,1224.9719626168223,0.4858319962001459,0.002010049525731529,1.0797867934159712e-05,0.05314199413318291,0.0,0.10800361633300781,1.0,0.0035181727512865976,0.0035181727512865976,0.0022509505192450665
1772535400.607732,2197,1.0037422180175781,996.2717339667458,0.4856878633097019,0.0002019871584373573,1.080357295499383e-05,0.05314199413318291,0.0,0.10800361633300781,1.0,0.003618753329129263,0.003618753329129263,0.0023809320136512543
1772535400.6199727,2198,0.5953311920166016,1679.73728474169,0.48630526662347756,0.0007202343708149179,1.0808911144693791e-05,0.05314199413318291,0.0017453291479646,0.10800361633300781,1.0,0.0036576665625288178,0.0036576665625288178,0.002408186168213847
1772535400.6329792,2199,1.1188983917236328,893.7362028553164,0.48660042095977996,0.0003747811594777626,1.0813326744970142e-05,0.05314199413318291,0.0,0.10800361633300781,1.0,0.003607582885948329,0.003607582885948331,0.0025267306742242043
1772535400.6452723,2200,0.7815361022949219,1279.5314215985356,0.4867366336613714,0.00023270964992568095,1.0817163845863594e-05,0.05314199413318291,0.0,0.10800361633300781,1.0,0.0035667224062955337,0.0035667224062955337,0.002630373392589319
1772535400.6575499,2201,0.8096694946289062,1235.0718492343933,0.48613746332594565,0.0006862289812953976,1.0820504144491171e-05,0.05314199413318291,0.0017453359098970611,0.10800361633300781,1.0,0.0034714883410041923,0.0034714883410041923,0.0026519759784697037
1772535400.6709166,2202,0.9675025939941406,1033.5889600788566,0.4886298799232479,0.0028054711765796484,1.0822758509863857e-05,0.05314199413318291,0.0,0.10800361633300781,1.0,0.003703963073682415,0.003703963073682415,0.0027549152495668786
1772535400.6823688,2203,0.6098747253417969,1639.6810007818608,0.4859423096403896,0.0030134426313364465,1.082528568851136e-05,0.05314199413318291,0.0,0.10800361633300781,1.0,0.0032520038969530277,0.0032520038969530304,0.002794502925824364
1772535400.6949737,2204,0.9014606475830078,1109.3107643480562,0.4856698146549887,0.0003626962821490023,1.0826531184979275e-05,0.05314199413318291,0.0,0.10800361633300781,1.0,0.003393044616721309,0.003393044616721309,0.0028501571431157717
1772535400.7078981,2205,1.0113716125488281,988.7562470532768,0.4870752964670583,0.0016046901424877323,1.0827962387935404e-05,0.05314199413318291,0.0017453292780017621,0.10800361633300781,1.0,0.00349870128326169,0.00349870128326169,0.002863667328225128
1772535400.7201054,2206,0.8695125579833984,1150.0696462846174,0.4864666543348303,0.0007064936322240655,1.082903444447653e-05,0.05314199413318291,0.001745329668113249,0.10800361633300781,1.0,0.0033118347852746166,0.0033118347852746166,0.005810174419928284
1772535400.7327764,2207,0.8056163787841797,1241.285587451909,0.48725303535657966,0.0009181447183533243,1.0818738051620349e-05,0.05314199413318291,0.0017453292780017621,0.10800361633300781,1.0,0.0033531918101917155,0.0033531918101917155,0.005497867096493399
1772535400.7452476,2208,0.9517669677734375,1050.6773547094188,0.48685879749243033,0.00048340194814797973,1.0809129925088059e-05,0.05314199413318291,0.0,0.10800361633300781,1.0,0.0032031477752382997,0.0032031477752382997,0.0052359998733053515
1772535400.7575777,2209,0.8611679077148438,1161.2137320044296,0.48652089073397575,0.0004248708137387633,1.0800179979913558e-05,0.05314199413318291,0.0,0.10800361633300781,1.0,0.00314366735464446,0.003143667354644463,0.004997939996472656
1772535400.7715611,2210,1.6744136810302734,597.2239783568276,0.48923827110629,0.003054518462690186,1.0792023283829032e-05,0.05314199413318291,0.0,0.1456737518310547,1.0,0.0033225808163543135,0.0033225808163543135,0.004813546569382645
1772535400.7824395,2211,0.5941390991210938,1683.107544141252,0.48657229310965344,0.002991738212264137,1.078505565596258e-05,0.05314199413318291,0.0,0.1456737518310547,1.0,0.002882988712605246,0.002882988712605243,0.004590778160695531
1772535400.7951171,2212,0.7758140563964844,1288.9686539643515,0.4868800115160118,0.000399231740521988,1.0777901449093247e-05,0.05314199413318291,0.0017453292780017621,0.1456737518310547,1.0,0.0030278889532796205,0.0030278889532796205,0.004489051005199564
1772535400.8078158,2213,0.9989738464355469,1001.0272076372315,0.4869706684508375,0.0002007245224944255,1.0772235978574476e-05,0.05314199413318291,0.0017453292780017621,0.1456737518310547,1.0,0.0029634711563086276,0.0029634711563086276,0.004246983760208003
1772535400.8209023,2214,1.2009143829345703,832.6988286678578,0.48834035254195335,0.001544985487375566,1.0766573785223361e-05,0.05314199413318291,0.0,0.1456737518310547,1.0,0.0030099692512742695,0.0030099692512742695,0.004110673439948759
1772535400.8325167,2215,0.6527900695800781,1531.8860482103726,0.48674454311759485,0.0017918433845515152,1.0761579974020797e-05,0.05314199413318291,0.0,0.1456737518310547,1.0,0.002763945194497533,0.0027639451944975325,0.003957856209311846
1772535400.8448894,2216,0.6618499755859375,1510.9164265129682,0.4864157323795679,0.00038399607137140147,1.0756615421652895e-05,0.05314199413318291,0.0017453292780017621,0.1456737518310547,1.0,0.002793029085382962,0.002793029085382962,0.003920694546562524
1772535400.85825,2217,1.0023117065429688,997.6936251189344,0.4885620466996355,0.0024105297497245457,1.0752677858523684e-05,0.05314199413318291,0.0017453275875186497,0.1456737518310547,1.0,0.0029174447325852797,0.0029174447325852797,0.00665183461105682
1772535400.8703444,2218,0.7257461547851562,1377.892247043364,0.4876241386343089,0.0010582073591958645,1.0738232709551627e-05,0.05314199413318291,0.0,0.1456737518310547,1.0,0.0026539733180839294,0.0026539733180839294,0.006212756887504355
1772535400.8826861,2219,0.8800029754638672,1136.3597940937416,0.486424641181274,0.0013442177966517194,1.0724763191278804e-05,0.05314199413318291,0.0,0.1456737518310547,1.0,0.002560327982911859,0.0025603279829118555,0.005811052015458902
1772535400.8952289,2220,0.919342041015625,1087.734439834025,0.48692179612819425,0.0005669563240248537,1.0712514161387962e-05,0.05314199413318291,0.0,0.1456737518310547,1.0,0.0025960891820406675,0.0025960891820406675,0.005461672466328644
1772535400.90733,2221,0.8065700531005859,1239.8179130948863,0.4857779484132639,0.001278650434726985,1.0701588423642778e-05,0.05314199413318291,0.0017453275875186497,0.1456737518310547,1.0,0.0024369007654436543,0.0024369007654436543,0.002422437109878253
1772535400.920904,2222,1.2199878692626953,819.6802814148915,0.4887566782892281,0.003339226914000766,1.070262798346576e-05,0.05314199413318291,0.0,0.1456737518310547,1.0,0.0026554411131162747,0.0026554411131162747,0.0024491888030959805
1772535400.9328794,2223,0.9710788726806641,1029.782469923889,0.48704055537827784,0.001929377240719651,1.070398171903175e-05,0.05314199413318291,0.0017453275875186497,0.1456737518310547,1.0,0.0023641946682658077,0.0023641946682658077,0.005161979603138933
1772535400.9451694,2224,0.8223056793212891,1216.0927805160916,0.4870340274168412,2.3250621190663276e-05,1.0693542713182827e-05,0.05314199413318291,0.0,0.1456737518310547,1.0,0.0023969010739686076,0.0023969010739686076,0.004860788006762803
1772535400.957745,2225,0.9336471557617188,1071.0684371807968,0.4868432053977283,0.00021686467466627116,1.0684239715825049e-05,0.05314199413318291,0.0017453294080389242,0.1456737518310547,1.0,0.0023327695203639864,0.002332769520363986,0.0021599720709153366
1772535400.9698699,2226,0.7846355438232422,1274.4770586447887,0.4860235999350072,0.000918543218522149,1.0687366565134481e-05,0.05314199413318291,0.0,0.1456737518310547,1.0,0.002269827216697913,0.0022698272166979125,0.0021556820144007093
1772535400.9842794,2227,1.911163330078125,523.2415169660678,0.4893475744176589,0.003719452213546884,1.0690084586353508e-05,0.05314199413318291,0.0,0.1456737518310547,1.0,0.0024772206400183925,0.0024772206400183925,0.0021812567046792745
1772535400.9963157,2228,1.5645027160644531,639.180737580006,0.4882413058609097,0.0012567006811994108,1.0692935524273517e-05,0.05314199413318291,0.0,0.1456737518310547,1.0,0.0022274624577307933,0.002227462457730793,0.00217502029261451
1772535401.0077713,2229,0.9026527404785156,1107.8457474907555,0.4865648885718169,0.0018857529332559873,1.069505044642648e-05,0.05314199413318291,0.0,0.1456737518310547,1.0,0.0021615242159698815,0.0021615242159698815,0.002163718305377245
1772535401.0212383,2230,1.7361640930175781,575.9824224114254,0.48722137067721233,0.0007381251222204595,1.0696842586015015e-05,0.05314199413318291,0.0017453359098970611,0.1456737518310547,1.0,0.0022533659249020332,0.0022533659249020332,0.0024206071162958405
1772535401.0332987,2231,1.3873577117919922,720.7946382539956,0.4869076376547282,0.000363277267810034,1.0699189150534998e-05,0.05314199413318291,0.0,0.1456737518310547,1.0,0.002178218495206895,0.0021782184952068946,0.002379063088740078
1772535401.046294,2232,1.7197132110595703,581.4923055594066,0.4875434197308768,0.0007131999743519202,1.0701172224438402e-05,0.05314199413318291,0.0017453359098970611,0.1456737518310547,1.0,0.0022009902928355938,0.0022009902928355938,0.0023042780622906985
1772535401.0583742,2233,1.4383792877197266,695.2269186142881,0.48696127144180074,0.0006623010898097976,1.0702939260286767e-05,0.05314199413318291,0.0,0.1456737518310547,1.0,0.0021144155961769296,0.0021144155961769296,0.0022751730539478845
1772535401.0710962,2234,1.5099048614501953,662.2933838623086,0.48718571807450795,0.0002613048590562584,1.0704369505973307e-05,0.05314199413318291,0.0017453359098970611,0.1456737518310547,1.0,0.0021271381366673686,0.0021271381366673686,0.0022943201880227227
1772535401.0834842,2235,1.5368461608886719,650.6832143965249,0.4868492281059395,0.00038856878132393903,1.0705772243768639e-05,0.05314199413318291,0.0,0.1456737518310547,1.0,0.002073611917646056,0.002073611917646056,0.002262682970336395
1772535401.0956175,2236,1.2447834014892578,803.3526144416778,0.4864455620666772,0.00045979436882054433,1.0706937008981665e-05,0.05314199413318291,0.0,0.1456737518310547,1.0,0.0020421006484625196,0.0020421006484625196,0.002232348330815902
1772535401.1085098,2237,1.5211105346679688,657.414420062696,0.4868915858717117,0.0005054030187112735,1.0707930938390147e-05,0.05314199413318291,0.0017453291479645992,0.1456737518310547,1.0,0.002057404930077652,0.0020574049300776547,0.0024016714447263466
1772535401.1209464,2238,1.5459060668945312,646.8698334361505,0.48661314795149274,0.00032225223427100524,1.0709342156544863e-05,0.05314199413318291,0.0,0.1456737518310547,1.0,0.001997519526977642,0.001997519526977642,0.0023473270685186727
1772535401.1335793,2239,1.538991928100586,649.7759876065065,0.48686817648010444,0.0002939470331274238,1.0710498357949948e-05,0.05314199413318291,0.0,0.1456737518310547,1.0,0.001996194058021469,0.0019961940580214693,0.002301040650226466
1772535401.1461437,2240,1.5141963958740234,660.4163123917493,0.487198436053364,0.00037419947104544877,1.0711546182681302e-05,0.05314199413318291,0.0,0.1456737518310547,1.0,0.001976143421555801,0.0019761434215558008,0.002259175403906099
1772535401.158452,2241,1.5342235565185547,651.7954933954934,0.4864312227141127,0.0008645932138852398,1.0712454930645867e-05,0.05314199413318291,0.0,0.1456737518310547,1.0,0.001899871947254603,0.001899871947254603,0.002213804828094615
1772535401.1708913,2242,1.5811920166015625,632.4342581423401,0.4861634526599393,0.00030554516727567845,1.0713116310567948e-05,0.05314199413318291,0.0,0.1456737518310547,1.0,0.0018937687258353238,0.0018937687258353238,0.0021742496982057906
1772535401.1837177,2243,1.6503334045410156,605.9381681594915,0.48694138674571696,0.0008751164670702255,1.0713705453271632e-05,0.05314199413318291,0.0,0.1456737518310547,1.0,0.0019170566606023652,0.0019170566606023659,0.002143380613144382
1772535401.195428,2244,0.9002685546875,1110.7796610169491,0.48655568801103416,0.00043780594928525624,1.071429190796988e-05,0.05314199413318291,0.0,0.1456737518310547,1.0,0.0018436296350545526,0.0018436296350545526,0.0021075558279951743
1772535401.207627,2245,0.8790493011474609,1137.5926227285056,0.4856881358112018,0.0009722047575698399,1.0714663271906764e-05,0.05314199413318291,0.0,0.1456737518310547,1.0,0.0017949570076365028,0.0017949570076365028,0.002070532187858885
1772535401.219705,2246,0.7333755493164062,1363.557867360208,0.48474656856941584,0.001050697969521426,1.0714895562368651e-05,0.05314199413318291,0.0,0.1456737518310547,1.0,0.0017623240140805815,0.0017623240140805815,0.0020344294954264134
1772535401.2333636,2247,1.3592243194580078,735.7137344325557,0.4869383453631683,0.002465120585290576,1.071503786464329e-05,0.05314199413318291,0.0,0.05650520324707031,1.0,0.0018741598959805328,0.0018741598959805328,0.0020176185742212813
1772535401.2498734,2248,2.7997493743896484,357.1748275568424,0.4950923554046995,0.009087814739297834,1.071541700189657e-05,0.05314199413318291,0.0,0.09059906005859375,1.0,0.00212957818902039,0.00212957818902039,0.0020363513054528306
1772535401.2614896,2249,2.7723312377929688,360.70725834193325,0.4911663633170667,0.004429664417051065,1.0716319953909152e-05,0.05314199413318291,0.0,0.10561943054199219,1.0,0.0016298152172706656,0.0016298152172706656,0.0019879835791022267
1772535401.2715473,2250,1.4138221740722656,707.3025295109612,0.48679447052497987,0.004908821793483246,1.0716011446886469e-05,0.05314199413318291,0.0,0.10561943054199219,1.0,0.0015634103060857905,0.0015634103060857927,0.0019376964348052162
1772535401.2830591,2251,1.0728836059570312,932.0675555555556,0.4846146827025132,0.002438410202040076,1.0715595979814444e-05,0.05314199413318291,0.0,0.10561943054199219,1.0,0.0016079688215083021,0.0016079688215083021,0.0018997933929268682
1772535401.296034,2252,1.4102458953857422,709.0961961115808,0.48526019813341614,0.0007427996442784005,1.0715331954575273e-05,0.05314199413318291,0.0,0.10561943054199219,1.0,0.0016922053456441427,0.0016922053456441427,0.0018776510593081072
1772535401.308561,2253,1.1141300201416016,897.5613096511877,0.4864931300390588,0.0013916036595022776,1.071528829520111e-05,0.05314199413318291,0.0,0.10561943054199219,1.0,0.0016987586894237328,0.0016987586894237328,0.0018592247423541244
1772535401.3210518,2254,1.3775825500488281,725.9093111803393,0.4856270099582548,0.0009679244125564478,1.0715263494497786e-05,0.05314199413318291,0.0,0.10561943054199219,1.0,0.0015981518440497501,0.0015981518440497501,0.001830226931902988
1772535401.3339965,2255,1.734018325805664,576.6951739309776,0.48654455983924166,0.001035510479092261,1.0715014692101908e-05,0.05314199413318291,0.0,0.10561943054199219,1.0,0.0016444816567097022,0.0016444816567097022,0.0018110016767778408
1772535401.346026,2256,1.6851425170898438,593.4216185625354,0.485076855127329,0.0016417351108642475,1.0714897322630475e-05,0.05314199413318291,0.0,0.10561943054199219,1.0,0.001533192043979839,0.001533192043979839,0.0017798692001819761
1772535401.3596292,2257,2.0341873168945312,491.5968120018753,0.4875916005861555,0.002824275673447018,1.0714541264356114e-05,0.05314199413318291,0.0,0.1842975616455078,1.0,0.0016619852701198574,0.0016619852701198591,0.0017694168649297183
1772535401.3713713,2258,1.6071796417236328,622.2079810117193,0.486132029621221,0.001638231906133026,1.0714513522778013e-05,0.05314199413318291,0.0017453359098970611,0.1842975616455078,1.0,0.0015004542165800994,0.0015004542165800994,0.0017412441111264367
1772535401.3841293,2259,1.5292167663574219,653.9295291549735,0.4873722579737152,0.0013912045249040589,1.0714039974101365e-05,0.05314199413318291,0.0017453359098970611,0.1842975616455078,1.0,0.00157665465489279,0.00157665465489279,0.0017248271443206565
1772535401.3959055,2260,0.9257793426513672,1080.17100180273,0.48647938617843084,0.0010032210595089163,1.0713869034440046e-05,0.05314199413318291,0.0,0.1842975616455078,1.0,0.0014824312790441597,0.0014824312790441597,0.0016981473544179623
1772535401.4079244,2261,1.2347698211669922,809.8675419965244,0.48383816385374856,0.002956322580844897,1.0713501463347305e-05,0.05314199413318291,0.0,0.1842975616455078,1.0,0.0013923130222454868,0.001392313022245485,0.0016632855025466773
1772535401.4208918,2262,1.2519359588623047,798.762902304323,0.4858805599737569,0.0023067649866022246,1.0712971031345707e-05,0.05314199413318291,0.0017453359098970611,0.1842975616455078,1.0,0.0015328512158323127,0.0015328512158323132,0.0016534858209743457
1772535401.433626,2263,1.2755393981933594,783.9820560747663,0.48667787135104773,0.0008970669101052792,1.0712734802954423e-05,0.05314199413318291,0.0017453291479645992,0.1842975616455078,1.0,0.0014789219992385966,0.0014789219992385983,0.0015663319279630727
1772535401.446003,2264,1.1353492736816406,880.7862242755145,0.4866498255273922,4.4530534731423477e-05,1.0711919813555386e-05,0.05314199413318291,0.0017453359098970611,0.1842975616455078,1.0,0.001435606398760545,0.001435606398760545,0.0015343479156545855
1772535401.4577508,2265,0.8511543273925781,1174.8750700280111,0.4848751691414272,0.0019871909166043816,1.0711164070945423e-05,0.05314199413318291,0.0017453359098970611,0.1842975616455078,1.0,0.0013554630223185844,0.001355463022318584,0.0015246033173363968
1772535401.4709814,2266,1.111745834350586,899.4861677031954,0.4868838511548409,0.0022588317899291622,1.0710227198957216e-05,0.05314199413318291,0.0,0.1842975616455078,1.0,0.0014627500248361354,0.0014627500248361354,0.0015156684474681413
1772535401.4834094,2267,1.142740249633789,875.0895055288963,0.48651575661166896,0.0004154035885587821,1.0709623180051853e-05,0.05314199413318291,0.0017453359098970611,0.1842975616455078,1.0,0.001372825925081053,0.001372825925081053,0.001492203495949588
1772535401.4955947,2268,0.9367465972900391,1067.5245609569865,0.48595370952457384,0.0006297680791368771,1.0708954672928936e-05,0.05314199413318291,0.0017453359098970611,0.1842975616455078,1.0,0.0013472662021709828,0.0013472662021709828,0.0014805936970965093
1772535401.5088372,2269,1.3928413391113281,717.9568640876412,0.487220335881784,0.001420262137143842,1.0708219388055953e-05,0.05314199413318291,0.0,0.1842975616455078,1.0,0.0013899655322139322,0.0013899655322139322,0.0014694577826015168
1772535401.5204866,2270,0.8318424224853516,1202.1507595299513,0.4858268870433579,0.0015638085268790773,1.0707651374857641e-05,0.05314199413318291,0.0,0.1842975616455078,1.0,0.0012901551863788593,0.0012901551863788593,0.001447417533251422
1772535401.5331085,2271,0.9493827819824219,1053.3159216474135,0.48612029233049187,0.00033400857136164013,1.0706920286584886e-05,0.05314199413318291,0.0,0.1842975616455078,1.0,0.0013230643005363032,0.0013230643005363032,0.0014327790740753148
1772535401.546524,2272,1.4109611511230469,708.7367353835755,0.4878357409444342,0.0019203104901651118,1.0706337031369785e-05,0.05314199413318291,0.0,0.1842975616455078,1.0,0.0013547547069751643,0.0013547547069751643,0.0014243546069157317
1772535401.5584216,2273,1.1394023895263672,877.6530654948734,0.48621058065002803,0.0018264718438825865,1.0705880152898499e-05,0.05314199413318291,0.0,0.1842975616455078,1.0,0.001238586246130437,0.001238586246130437,0.0014023772145178935
1772535401.5715907,2274,1.6436576843261719,608.3991876994488,0.48705817773510424,0.0009499924218562343,1.0705215334782574e-05,0.05314199413318291,0.0,0.1842975616455078,1.0,0.0012942364642582324,0.0012942364642582324,0.001390595443156349
1772535401.5834258,2275,1.2183189392089844,820.8031311154599,0.4861142812621776,0.0010599853732238742,1.0704741132832027e-05,0.05314199413318291,0.0017453275875186497,0.1842975616455078,1.0,0.001225765199165011,0.001225765199165011,0.0042560086413925445
1772535401.5960054,2276,1.0623931884765625,941.2710951526033,0.4868404151273301,0.0008148581655510635,1.0693049179895998e-05,0.05314199413318291,0.0017453275875186497,0.1842975616455078,1.0,0.0012271385451328423,0.0012271385451328423,0.0010711799426010406
1772535401.6085591,2277,1.506805419921875,663.6556962025317,0.48560248625930197,0.0013880615047699456,1.0693674536868782e-05,0.05314199413318291,0.0,0.1842975616455078,1.0,0.0011590244329119982,0.0011590244329119982,0.0010791201538082713
1772535401.6209598,2278,1.3914108276367188,718.6949965729953,0.4856470771510411,6.800022617254648e-05,1.0694094618499284e-05,0.05314199413318291,0.0,0.1842975616455078,1.0,0.0011795241224415013,0.0011795241224415013,0.0010892222287413127
1772535401.634661,2279,2.0020008087158203,499.5002977253781,0.48805644943024645,0.002698852348808235,1.0694518322290156e-05,0.05314199413318291,0.0017453291479646,0.1842975616455078,1.0,0.0012369237279413225,0.0012369237279413199,0.001028793096460033
1772535401.6468625,2280,1.7750263214111328,563.3719274680994,0.4872543312380657,0.0009093493678342902,1.0694552172106827e-05,0.05314199413318291,0.0017453291479646,0.1842975616455078,1.0,0.0011424938251299597,0.0011424938251299597,0.0011225678612419659
1772535401.659636,2281,1.9626617431640625,509.5121477162293,0.4876214829800149,0.00040761807721163894,1.0694849191516925e-05,0.05314199413318291,0.0,0.1842975616455078,1.0,0.0011601873459829487,0.001160187345982949,0.001126460426826185
1772535401.6716156,2282,1.8315315246582031,545.9911481385057,0.4860329051050972,0.0017847423287367832,1.0695156623558542e-05,0.05314199413318291,0.0,0.1842975616455078,1.0,0.0010931186658551086,0.0010931186658551086,0.0011217409893348666
1772535401.6836164,2283,1.5146732330322266,660.2084054777271,0.48538041823257216,0.0007289023346790797,1.0695293595465356e-05,0.05314199413318291,0.0,0.1842975616455078,1.0,0.0011002386198430095,0.0011002386198430095,0.0011188565207028572
1772535401.6967173,2284,1.6052722930908203,622.9472746175553,0.48736485621823467,0.002226486170185153,1.0695435745126673e-05,0.05314199413318291,0.0,0.1842975616455078,1.0,0.0011583771119966523,0.0011583771119966523,0.0011239875057664202
1772535401.7092843,2285,1.7840862274169922,560.5110249899773,0.4867235442452971,0.0007248333613553853,1.069568966274268e-05,0.05314199413318291,0.0,0.2894401550292969,1.0,0.0010810659302905809,0.0010810659302905809,0.0011189068735839578
1772535401.7212815,2286,1.390695571899414,719.0646322647009,0.4860211824515264,0.0007886897208776898,1.0695754039151495e-05,0.05314199413318291,0.0,0.2894401550292969,1.0,0.0010641476485996194,0.0010641476485996192,0.0011125813508352821
1772535401.7340786,2287,1.7743110656738281,563.5990325181402,0.48636156142435893,0.00038453574068218884,1.0695778840009331e-05,0.05314199413318291,0.0,0.2894401550292969,1.0,0.0010768133505198974,0.001076813350519897,0.0011088767927637275
1772535401.7470558,2288,2.012968063354492,496.7788700698804,0.4869564641802576,0.0006660952232474831,1.0695831043461486e-05,0.05314199413318291,0.0,0.2894401550292969,1.0,0.0010722421406767406,0.0010722421406767406,0.0011052425599487167
1772535401.7592883,2289,1.8503665924072266,540.433449297771,0.4864092892937432,0.0006167979698285199,1.0695869959643468e-05,0.05314199413318291,0.0,0.2894401550292969,1.0,0.0010318825065785326,0.0010318825065785324,0.0010970900115214541
1772535401.7709818,2290,1.3811588287353516,724.029691006387,0.48515893635381935,0.001400007261777751,1.0695820143665195e-05,0.05314199413318291,0.0017453359098970611,0.2894401550292969,1.0,0.000999038572195419,0.0009990385721954215,0.0011224607159710947
1772535401.7838116,2291,1.54876708984375,645.6748768472906,0.4860780548247521,0.001037040154212659,1.0695786572955356e-05,0.05314199413318291,0.0017453359098970611,0.2894401550292969,1.0,0.0010375126385426372,0.0010375126385426372,0.001080355565960345
1772535401.7969868,2292,1.753091812133789,570.4207806337549,0.4877467857373853,0.001867547854455845,1.0695764480622825e-05,0.05314199413318291,0.0017453359098970611,0.2894401550292969,1.0,0.0010475275351613056,0.0010475275351613056,0.0011099241701185184
1772535401.8081677,2293,1.2826919555664062,779.6104089219331,0.4845223986149557,0.0036168991579000284,1.0695845759559956e-05,0.05314199413318291,0.0017453359098970611,0.2894401550292969,1.0,0.0009185445762517231,0.0009185445762517255,0.001058604224274948
1772535401.821262,2294,1.6148090362548828,619.2682710763326,0.4856604553142285,0.001286770321497205,1.0695563833950886e-05,0.05314199413318291,0.0017453359098970611,0.2894401550292969,1.0,0.001002965684152135,0.0010029656841521327,0.0010819066552437656
1772535401.8329506,2295,1.3518333435058594,739.7361552028219,0.4837908639886186,0.0020908286935378876,1.0695576335092935e-05,0.05314199413318291,0.0,0.2894401550292969,1.0,0.0009211513436278291,0.0009211513436278273,0.0010622146518039991
1772535401.8462312,2296,1.2786388397216797,782.081670706694,0.48703448174895997,0.0036467066839980934,1.0695412786082825e-05,0.05314199413318291,0.0,0.2894401550292969,1.0,0.0010260840466352992,0.0010260840466352992,0.0010586586754408416
1772535401.8589764,2297,1.714468002319336,583.271311361424,0.4864934645885011,0.0006116860899308928,1.069549693759131e-05,0.05314199413318291,0.0,0.2894401550292969,1.0,0.0009350017973126424,0.0009350017973126424,0.001044108883389877
1772535401.8713803,2298,1.644134521484375,608.2227378190255,0.4863287604269228,0.0001881086795736094,1.0695374697465936e-05,0.05314199413318291,0.0,0.2894401550292969,1.0,0.000930281575400879,0.0009302815754008786,0.0010310198623900973
1772535401.8833249,2299,1.4781951904296875,676.5006451612903,0.4848993602627793,0.0016010835005021912,1.0695257630496873e-05,0.05314199413318291,0.0017453291479645992,0.2894401550292969,1.0,0.0008886816059400053,0.0008886816059400053,0.0011900134564355289
1772535401.8959708,2300,1.3256072998046875,754.3712230215828,0.48627060257485627,0.0015432507474468942,1.0695541546083945e-05,0.05314199413318291,0.0,0.2894401550292969,1.0,0.0009353457894899997,0.0009353457894899997,0.0011583039632120085
1772535401.9087696,2301,1.5959739685058594,626.5766357932476,0.48648588726999287,0.00024103248054243862,1.069590669982782e-05,0.05314199413318291,0.0,0.2894401550292969,1.0,0.0009010383398831583,0.0009010383398831603,0.00112651517198203
1772535401.9205546,2302,1.046895980834961,955.2047369619677,0.48568670033146183,0.0008966604345142714,1.06961631850509e-05,0.05314199413318291,0.0,0.2894401550292969,1.0,0.0008668499520270164,0.0008668499520270164,0.0010946822757642736
1772535401.933383,2303,1.287221908569336,776.8668271902204,0.4861540834931169,0.0005264111154093538,1.0696321163585154e-05,0.05314199413318291,0.0,0.2894401550292969,1.0,0.0008802125716047513,0.0008802125716047514,0.0010688983255065696
1772535401.9466245,2304,1.5954971313476562,626.7638971906754,0.4877293964577521,0.0017615353374100062,1.0696497698185464e-05,0.05314199413318291,0.0,0.2894401550292969,1.0,0.0008939380650340103,0.0008939380650340102,0.001048375998539224
1772535401.9588978,2305,1.516103744506836,659.5854694134298,0.4869696772898922,0.0008604277389720797,1.0696690665299021e-05,0.05314199413318291,0.0,0.2894401550292969,1.0,0.0008373020649208114,0.0008373020649208114,0.0010233341161401972
1772535401.9715185,2306,1.817941665649414,550.072655737705,0.4864029118835734,0.0006391412742080135,1.0696736081517059e-05,0.05314199413318291,0.0,0.2894401550292969,1.0,0.000827804007526673,0.000827804007526673,0.0010004359377352198
1772535401.983597,2307,1.8017292022705078,555.0223633717084,0.4847818762197371,0.0018155203874658265,1.0696757872439033e-05,0.05314199413318291,0.0,0.2894401550292969,1.0,0.0007930270613362141,0.0007930270613362141,0.0009761007069131513
1772535401.9959517,2308,1.3873577117919922,720.7946382539956,0.48590772029516466,0.0012701883532173005,1.0696699497325094e-05,0.05314199413318291,0.0017453359098970611,0.2894401550292969,1.0,0.0008338472542733706,0.0008338472542733706,0.0009625935607424299
1772535402.0084817,2309,1.3184547424316406,758.4636528028933,0.4864861823357086,0.0006491970516394547,1.0696663296631137e-05,0.05314199413318291,0.0017453359098970611,0.2894401550292969,1.0,0.0008152991338660407,0.0008152991338660412,0.0009471541665151393
1772535402.02094,2310,1.3496875762939453,740.9122063239711,0.4860869680118133,0.0004488805914343072,1.0696668527374122e-05,0.05314199413318291,0.0,0.2894401550292969,1.0,0.000786799681352533,0.0007867996813525316,0.000928883103028943
1772535402.0333817,2311,1.3382434844970703,747.2481738820595,0.48598982354449527,0.0001093286654419866,1.0696607412775546e-05,0.05314199413318291,0.0,0.2894401550292969,1.0,0.0007812396257584269,0.0007812396257584267,0.000912294172448734
1772535402.0465233,2312,1.497507095336914,667.7764687151728,0.4876934796191562,0.0019064920086198933,1.0696540780516972e-05,0.05314199413318291,0.0,0.2894401550292969,1.0,0.0008058460165187014,0.0008058460165187019,0.0009010378616335363
1772535402.0591104,2313,1.3194084167480469,757.9154318756777,0.4882100321931796,0.0005703665191845656,1.0696539242303e-05,0.05314199413318291,0.0,0.2894401550292969,1.0,0.0007776197047163305,0.0007776197047163317,0.0008875960877258195
1772535402.0708346,2314,1.1165142059326172,895.6446722186632,0.4862267640817805,0.0022297965156363314,1.0696470440391148e-05,0.05314199413318291,0.0017453359098970611,0.2894401550292969,1.0,0.0007216381486526707,0.0007216381486526707,0.0008811484376576795
1772535402.0842755,2315,1.9412040710449219,515.1441906165561,0.48689044839722073,0.0007432391997490667,1.0696195620132146e-05,0.05314199413318291,0.0,0.2894401550292969,1.0,0.000756214911856925,0.0007562149118569262,0.0008666345819502443
1772535402.0990744,2316,4.643440246582031,215.3575682891764,0.48518879766671097,0.0019075488718329604,1.0696031454389e-05,0.05314199413318291,0.0,0.2894401550292969,1.0,0.0007045496535821277,0.0007045496535821277,0.000847476313329739
1772535402.108624,2317,1.7542839050292969,570.0331611851046,0.4851214933423688,7.804387742708537e-05,1.0695761213160048e-05,0.05314199413318291,0.0,0.2894401550292969,1.0,0.0007204837274077729,0.0007204837274077729,0.0008329202101948365
1772535402.1204822,2318,0.9443759918212891,1058.9002777076496,0.48574010020587516,0.0007006639918562714,1.069555713538846e-05,0.05314199413318291,0.0017453359098970611,0.2894401550292969,1.0,0.0007233103796918767,0.0007233103796918767,0.0008258884556606226
1772535402.1325278,2319,0.8831024169921875,1132.3714902807776,0.48451161508857454,0.0013727549223935072,1.0695461260937498e-05,0.05314199413318291,0.0017453359098970611,0.2894401550292969,1.0,0.0006826587536886599,0.0006826587536886605,0.0008080735348351409
1772535402.1452737,2320,0.8456707000732422,1182.4933746828306,0.4859066538090665,0.0015731923396283944,1.0695197525111251e-05,0.05314199413318291,0.0,0.2894401550292969,1.0,0.0007166029358004053,0.0007166029358004067,0.0007980397237731627
1772535402.1590605,2321,2.3469924926757812,426.07720438845996,0.48547058306355373,0.00048694964478105464,1.069504116260856e-05,0.05314199413318291,0.0,0.2894401550292969,1.0,0.0006793016061685746,0.0006793016061685751,0.0007845617668037576
1772535402.1698675,2322,0.8208751678466797,1218.212024397328,0.4846322898657288,0.0009351155525843078,1.0694810567693643e-05,0.05314199413318291,0.0017453359098970611,0.2894401550292969,1.0,0.0006624992065177098,0.0006624992065177098,0.00071592931409188
1772535402.1837046,2323,1.5666484832763672,638.3052807791812,0.4872585668080165,0.002948170950492955,1.0694167215882359e-05,0.05314199413318291,0.0017453359098970611,0.2894401550292969,1.0,0.0007112869320478713,0.0007112869320478713,0.0007363392341262602
1772535402.1960654,2324,1.6286373138427734,614.0102474015517,0.4864620923817274,0.0008988503832513735,1.0693620381858521e-05,0.05314199413318291,0.0017453359098970611,0.2894401550292969,1.0,0.0006527451042779973,0.0006527451042779973,0.0007004721861100456
1772535402.2098699,2325,1.7261505126953125,579.3237569060774,0.4905303430436304,0.004541650007493558,1.0693066840342437e-05,0.05314199413318291,0.0017453359098970611,0.2894401550292969,1.0,0.0007236444582730937,0.0007236444582730937,0.000720682380191578
1772535402.221065,2326,1.417398452758789,705.5179142136249,0.48634188321697164,0.004706693030775753,1.0692648930960947e-05,0.05314199413318291,0.0,0.2894401550292969,1.0,0.0005909797228286213,0.0005909797228286213,0.0006998785720600068
1772535402.2349758,2327,1.4193058013916016,704.5697967411389,0.4907961431952185,0.004974424436882359,1.0691967896609825e-05,0.05314199413318291,0.0,0.2894401550292969,1.0,0.0007134393938496987,0.0007134393938496987,0.0006977652538995721
1772535402.2476654,2328,2.566814422607422,389.5879621029166,0.4872135672677537,0.004029116493425542,1.0691631665021914e-05,0.05314199413318291,0.0,0.2894401550292969,1.0,0.0005881020136879082,0.0005881020136879062,0.0006810765179765324
1772535402.2606452,2329,2.600431442260742,384.5515723847071,0.48864974453326343,0.0016006886450603336,1.069104505485427e-05,0.05314199413318291,0.0,0.2894401550292969,1.0,0.0006518677163682891,0.0006518677163682887,0.0006751327518393607
1772535402.2707636,2330,1.4715194702148438,679.5696694750486,0.4840052565007006,0.005209069321261791,1.0690661167416358e-05,0.05314199413318291,0.0,0.2894401550292969,1.0,0.0005528468283936344,0.0005528468283936367,0.0006580809974326924
1772535402.283708,2331,1.1289119720458984,885.8086589229144,0.4866844358508267,0.0030160349851423933,1.069009748256843e-05,0.05314199413318291,0.0,0.2894401550292969,1.0,0.0006483555014318382,0.0006483555014318382,0.0006556207805685362
1772535402.2961109,2332,0.9870529174804688,1013.1169082125604,0.48682352684416424,0.00015505597472287086,1.0689803321679348e-05,0.05314199413318291,0.0,0.2894401550292969,1.0,0.0006082264911667943,0.0006082264911667943,0.0006488008097100202
1772535402.3089893,2333,1.3680458068847656,730.9696758452423,0.4866986936595421,0.00014295400190261813,1.068944861758996e-05,0.05314199413318291,0.0,0.2894401550292969,1.0,0.0005974043820645412,0.0005974043820645436,0.0006418290022347074
1772535402.3198557,2334,0.7107257843017578,1407.0124119423012,0.4831386991921615,0.0039883410972453934,1.0689106191494565e-05,0.05314199413318291,0.0,0.2894401550292969,1.0,0.0005388044819596502,0.0005388044819596502,0.0006286232151968712
1772535402.3335843,2335,1.0826587677001953,923.6520590178375,0.4865677912197011,0.0038617466728710316,1.0688672792681064e-05,0.05314199413318291,0.0,0.2894401550292969,1.0,0.0006271478530222943,0.0006271478530222921,0.0006284921194332913
1772535402.346295,2336,1.1005401611328125,908.6447140381282,0.48720752341390616,0.0007138985642834185,1.0688476479082244e-05,0.05314199413318291,0.0,0.2894401550292969,1.0,0.0005866756720716281,0.0005866756720716281,0.0006234328397376182
1772535402.3577895,2337,1.0523796081542969,950.2274580879022,0.483702878185957,0.003928830857568562,1.0688210634486656e-05,0.05314199413318291,0.0,0.2894401550292969,1.0,0.0005214959003480361,0.0005214959003480361,0.000610925923878072
1772535402.3711522,2338,1.146078109741211,872.5408778864156,0.4868971702944956,0.003592975477154819,1.0687832643999174e-05,0.05314199413318291,0.0,0.2894401550292969,1.0,0.0006025796816500051,0.0006025796816500051,0.0006104613840142467
1772535402.3837583,2339,1.2187957763671875,820.4820031298905,0.486760052585013,0.0001593159879172013,1.0687669546027385e-05,0.05314199413318291,0.0,0.2894401550292969,1.0,0.0005554321483874413,0.0005554321483874413,0.0006041501946790701
1772535402.397402,2340,1.947641372680664,513.4415473130126,0.48837756468445465,0.001804738714269047,1.0687420779410518e-05,0.05314199413318291,0.0,0.2894401550292969,1.0,0.0005727025538859345,0.0005727025538859351,0.0006009705377534212
1772535402.408261,2341,1.4164447784423828,705.9929304830837,0.48423382767257694,0.004648871609699225,1.0687234954583214e-05,0.05314199413318291,0.0,0.2894401550292969,1.0,0.0004903790734300811,0.0004903790734300808,0.0005877573729151824
1772535402.4203765,2342,1.1262893676757812,887.8712955122777,0.4840235279719791,0.00023246968928015082,1.0686892861252351e-05,0.05314199413318291,0.0,0.2894401550292969,1.0,0.0005288370360235808,0.000528837036023578,0.0005812317035279503
1772535402.434065,2343,1.4832019805908203,674.2170069120721,0.4872408873636623,0.003615077407328118,1.0686671375851839e-05,0.05314199413318291,0.0,0.2894401550292969,1.0,0.0005675699423976497,0.0005675699423976497,0.0005805225491296268
1772535402.4452775,2344,1.0294914245605469,971.3534043538675,0.48420642336235137,0.003403075447410239,1.0686555920758369e-05,0.05314199413318291,0.0,0.2894401550292969,1.0,0.00048467994730503684,0.00048467994730503684,0.0005693432383264641
1772535402.4585667,2345,1.4653205871582031,682.4445167588675,0.48587214915694477,0.0018781219774508164,1.0686275219320567e-05,0.05314199413318291,0.0,0.2894401550292969,1.0,0.0005337677804681037,0.0005337677804681032,0.0005659357996598247
1772535402.469852,2346,0.7674694061279297,1302.9835352593973,0.4839364174450722,0.0021666838370328154,1.0686130559226244e-05,0.05314199413318291,0.0,0.2894401550292969,1.0,0.0004840895580625072,0.0004840895580625072,0.0005566196778320926
1772535402.482813,2347,1.108407974243164,902.1948806194881,0.48493918501591726,0.0011381888238719791,1.0685895329750225e-05,0.05314199413318291,0.0,0.2894401550292969,1.0,0.0005115655483373129,0.0005115655483373129,0.0005520483471754345
1772535402.4955826,2348,0.9443759918212891,1058.9002777076496,0.48647816381882864,0.0017290310733599275,1.0685744946954633e-05,0.05314199413318291,0.0,0.2894401550292969,1.0,0.000513804320003302,0.0005138043200033045,0.0005483593177822415
1772535402.5070071,2349,0.5576610565185547,1793.203933304831,0.4840138706448273,0.002762507251390236,1.068561533315938e-05,0.05314199413318291,0.0,0.2894401550292969,1.0,0.00046076560925298023,0.00046076560925298023,0.0005383629391202269
1772535402.5199723,2350,0.9503364562988281,1052.2589061716005,0.484739784112271,0.0008271198496410959,1.0685386557435547e-05,0.05314199413318291,0.0017453359098970611,0.2894401550292969,1.0,0.0004893546970688513,0.0004893546970688513,0.000591106573272754
1772535402.533159,2351,1.3799667358398438,724.6551485832757,0.48604660311378867,0.001470228148049784,1.0685323614371859e-05,0.05314199413318291,0.0017453359098970611,0.2894401550292969,1.0,0.0004913487393629538,0.0004913487393629538,0.0005289540670207232
1772535402.5459125,2352,1.462697982788086,683.6681336593317,0.48680117231671677,0.0008429072150942928,1.0685194460091787e-05,0.05314199413318291,0.0,0.2894401550292969,1.0,0.00048103786691313397,0.00048103786691313115,0.0005239707324560317
1772535402.5576372,2353,1.0824203491210938,923.8555066079296,0.48512900231577544,0.0018772542271481554,1.0685057007104185e-05,0.05314199413318291,0.0,0.2894401550292969,1.0,0.0004478773038777579,0.00044787730387775744,0.0005153959645883149
1772535402.5704105,2354,1.2402534484863281,806.2868127643214,0.48577890597788537,0.0007325010341411843,1.0684863645591865e-05,0.05314199413318291,0.0017453359098970611,0.2894401550292969,1.0,0.00046626526460796715,0.00046626526460796666,0.0005641967998250743
1772535402.5831306,2355,1.3005733489990234,768.8916590284143,0.48656764635918687,0.0008830538814141913,1.0684810369290472e-05,0.05314199413318291,0.0017453359098970611,0.2894401550292969,1.0,0.0004629757076127528,0.0004629757076127528,0.0005058742359764127
1772535402.5959578,2356,1.5017986297607422,665.8682330528655,0.4871244717780101,0.0006190777213569899,1.0684678559875276e-05,0.05314199413318291,0.0,0.2894401550292969,1.0,0.00045596688607012204,0.00045596688607012204,0.0005005554532400167
1772535402.607636,2357,1.0457038879394531,956.2936616507068,0.4855054924766031,0.0018190587910143327,1.0684545942728884e-05,0.05314199413318291,0.0,0.2894401550292969,1.0,0.0004269301224714551,0.0004269301224714551,0.0004922201285623369
1772535402.6197636,2358,0.6732940673828125,1485.2351274787536,0.4856102193906446,0.00012093695259324152,1.0684365485099265e-05,0.05314199413318291,0.0017453359098970611,0.2894401550292969,1.0,0.0004378678161523287,0.0004378678161523287,0.0005379774813264451
1772535402.632981,2359,1.209259033203125,826.9526813880126,0.4864599057822996,0.0009528015694454474,1.0684307833287689e-05,0.05314199413318291,0.0017453359098970611,0.2894401550292969,1.0,0.0004404918643461316,0.00044049186434613427,0.0004826145921708616
1772535402.645909,2360,1.4619827270507812,684.0026092628832,0.48723218142048735,0.0008607109053229429,1.06841849471378e-05,0.05314199413318291,0.0,0.2894401550292969,1.0,0.0004355707948986563,0.0004355707948986567,0.0004775700382477657
1772535402.6576674,2361,1.0776519775390625,927.9433628318584,0.4856710277038683,0.0017545849519661045,1.0684064665062059e-05,0.05314199413318291,0.0,0.2894401550292969,1.0,0.0004066143262080049,0.0004066143262080076,0.0004694918906907268
1772535402.670215,2362,0.9930133819580078,1007.0357743097239,0.48620221720007567,0.0005965723885422586,1.068389495190678e-05,0.05314199413318291,0.0,0.2894401550292969,1.0,0.0004209628210494058,0.0004209628210494058,0.0004643162521320095
1772535402.6828468,2363,1.1591911315917969,862.6705059646237,0.4862389539834557,4.272088719767827e-05,1.0683775337333334e-05,0.05314199413318291,0.0,0.2894401550292969,1.0,0.0004114063034225388,0.00041140630342253835,0.00045858755828586675
1772535402.695305,2364,0.8900165557861328,1123.5746048754354,0.4870304625384428,0.0008839638312357077,1.0683648097550808e-05,0.05314199413318291,0.0,0.2894401550292969,1.0,0.0004140371400530155,0.0004140371400530155,0.00045394626620134265
1772535402.7070622,2365,0.5776882171630859,1731.0375567478334,0.48538777931939003,0.0018443401211546584,1.0683540561750643e-05,0.05314199413318291,0.0,0.2894401550292969,1.0,0.0003854862630954223,0.00038548626309542136,0.0004462421439908058
1772535402.720362,2366,1.3737678527832031,727.9250260326276,0.4858815543182343,0.0005570268845743993,1.0683382852153615e-05,0.05314199413318291,0.0017453359098970611,0.2894401550292969,1.0,0.0003994354425333212,0.0003994354425333212,0.0005006048646787114
1772535402.733342,2367,1.3625621795654297,733.9114610673665,0.487446990235697,0.0017516835552632895,1.068335219857041e-05,0.05314199413318291,0.0017453359098970611,0.2894401550292969,1.0,0.00040552848251759093,0.00040552848251759093,0.0004385941224278174
1772535402.746067,2368,1.4529228210449219,688.2678043977683,0.48788507335778797,0.00048342661451826604,1.0683260822175109e-05,0.05314199413318291,0.0,0.2894401550292969,1.0,0.00039186066845839666,0.00039186066845839666,0.0004335447687733364
1772535402.7571151,2369,0.5691051483154297,1757.1445328864684,0.4853542249823513,0.0028420817652791337,1.0683149253005233e-05,0.05314199413318291,0.0017453359098970611,0.2894401550292969,1.0,0.0003591206183811139,0.0003591206183811139,0.00047910407838321496
1772535402.7707036,2370,1.2106895446777344,825.9755809373769,0.4872821704260525,0.0021617442869531793,1.0683057446155069e-05,0.05314199413318291,0.0017453359098970611,0.2894401550292969,1.0,0.00039303134481218647,0.00039303134481218647,0.0004234647885654982
1772535402.7832072,2371,1.2671947479248047,789.1446848541863,0.4869034680640626,0.00043221605885858296,1.0682973042380606e-05,0.05314199413318291,0.0,0.2894401550292969,1.0,0.0003693065707730928,0.00036930657077308983,0.0004173295950886774
1772535402.7957563,2372,1.3594627380371094,735.5847071203086,0.4867941562866459,0.000129561549823752,1.0682845416513219e-05,0.05314199413318291,0.0,0.2894401550292969,1.0,0.0003666485459560163,0.0003666485459560159,0.00041168242211616843
1772535402.8070776,2373,0.5624294281005859,1778.0008478168716,0.4851013160789508,0.0018980651617781117,1.0682725973669648e-05,0.05314199413318291,0.0,0.2894401550292969,1.0,0.0003474401926111312,0.0003474401926111308,0.00040432429318924866
1772535402.8194115,2374,0.5009174346923828,1996.3369823893383,0.48490120371166784,0.00021997302121252386,1.068257752970894e-05,0.05314199413318291,0.0,0.2894401550292969,1.0,0.0003541615913773803,0.00035416159137737987,0.00039879291670227857
1772535402.832127,2375,0.5776882171630859,1731.0375567478334,0.48567614321528185,0.0008759731043672247,1.0682460489688008e-05,0.05314199413318291,0.0,0.2894401550292969,1.0,0.0003580841064319216,0.0003580841064319216,0.00039448182554115526
1772535402.8456862,2376,0.9698867797851562,1031.0481809242872,0.4881114446015804,0.0027257415835867218,1.0682364885366807e-05,0.05314199413318291,0.0017453359098970611,0.2894401550292969,1.0,0.00036920480345634793,0.00036920480345635113,0.000453506988077124
1772535402.8572648,2377,0.6151199340820312,1625.6992248062015,0.48576761343370245,0.0026337539093842905,1.0682382893406978e-05,0.05314199413318291,0.0017453359098970611,0.2894401550292969,1.0,0.00032622448171030035,0.00032622448171030035,0.00038605538140287055
1772535402.8696692,2378,0.5936622619628906,1684.459437751004,0.4855618326326757,0.00022838185908405267,1.0682226344425143e-05,0.05314199413318291,0.0,0.2894401550292969,1.0,0.00033735110415375724,0.00033735110415375415,0.00038058687221853744
1772535402.8831217,2379,1.2552738189697266,796.6389363722697,0.4869483395301561,0.0015547739552514517,1.0682111920708021e-05,0.05314199413318291,0.0,0.2894401550292969,1.0,0.00034630729553074,0.0003463072955307395,0.000376984959279734
1772535402.8956714,2380,1.2302398681640625,812.8496124031008,0.48720117302839067,0.00027908365810718784,1.068202968218112e-05,0.05314199413318291,0.0,0.2894401550292969,1.0,0.00033428733411504494,0.00033428733411504494,0.0003723248833318439
1772535402.9072006,2381,0.5884170532226562,1699.4748784440842,0.48561943507418825,0.001775972746380402,1.0681929408134246e-05,0.05314199413318291,0.0,0.2894401550292969,1.0,0.000315300337922597,0.000315300337922597,0.0003658488371220418
1772535402.919476,2382,0.5517005920410156,1812.5773552290407,0.4850380546116577,0.0006477082876823081,1.0681797970524359e-05,0.05314199413318291,0.0,0.2894401550292969,1.0,0.0003174894723830766,0.0003174894723830794,0.0003605002591810401
1772535402.9328132,2383,0.8409023284912109,1189.198752480862,0.4872429418730667,0.0024739271554972356,1.068168606725206e-05,0.05314199413318291,0.0,0.2894401550292969,1.0,0.0003351678661079578,0.00033516786610795736,0.0003581092242629712
1772535402.9457676,2384,1.0344982147216797,966.6522240147499,0.4880503297965786,0.0008962582949277473,1.0681625595596927e-05,0.05314199413318291,0.0017453359098970611,0.2894401550292969,1.0,0.00032256541417472547,0.00032256541417472547,0.00042387130684320084
1772535402.9570146,2385,0.560760498046875,1783.2925170068027,0.48498015652828325,0.0034458966994604452,1.0681622130220136e-05,0.05314199413318291,0.0017453359098970611,0.2894401550292969,1.0,0.00028895643681555556,0.00028895643681555556,0.00034816522632125053
1772535402.9696383,2386,0.6487369537353516,1541.4568173465639,0.48532138202006453,0.0003915280120561808,1.0681466773021939e-05,0.05314199413318291,0.0,0.2894401550292969,1.0,0.00030805812164432845,0.0003080581216443289,0.00034373475380027594
1772535402.9820855,2387,0.6160736083984375,1623.1826625386998,0.48538432684739646,8.037859004402233e-05,1.0681371439833924e-05,0.05314199413318291,0.0,0.2894401550292969,1.0,0.0003024368620422782,0.00030243686204228093,0.00033916580700074015
1772535402.9958591,2388,1.1363029479980469,880.0469995803609,0.4882387148882033,0.0031965734205199456,1.0681273751533826e-05,0.05314199413318291,0.0,0.2894401550292969,1.0,0.0003197577125267242,0.00031975771252672376,0.0003374233592361633
1772535403.007275,2389,0.6389617919921875,1565.0388059701493,0.48575825350824153,0.0027870025161587228,1.0681225096910764e-05,0.05314199413318291,0.0,0.2894401550292969,1.0,0.0002793114327248708,0.0002793114327248713,0.0003307264541793601
1772535403.0202277,2390,0.8742809295654297,1143.797109353695,0.48670898016885483,0.0010663738822552632,1.0681090742237192e-05,0.05314199413318291,0.0,0.2894401550292969,1.0,0.0002982351278245661,0.00029823512782456565,0.000327339856391136
1772535403.0331442,2391,1.0986328125,910.2222222222222,0.48722774052569673,0.0005771303410208147,1.0681013729094652e-05,0.05314199413318291,0.0,0.2894401550292969,1.0,0.00029241834793870044,0.00029241834793870087,0.0003236399654328781
1772535403.044626,2392,0.6167888641357422,1621.3003478933126,0.48514746818201177,0.0023338326071113144,1.0680931750680249e-05,0.05314199413318291,0.0,0.2894401550292969,1.0,0.00027068368492120105,0.0002706836849212015,0.0003176312070571773
1772535403.0578198,2393,0.8025169372558594,1246.0796197266786,0.4871609590754469,0.002259520269705703,1.0680809894106669e-05,0.05314199413318291,0.0,0.2894401550292969,1.0,0.00029400098871511015,0.00029400098871511015,0.0003153940203441019
1772535403.0704381,2394,1.056671142578125,946.3682310469314,0.4867213732884294,0.0004983298604738277,1.0680753856626597e-05,0.05314199413318291,0.0,0.2894401550292969,1.0,0.0002753201069344725,0.0002753201069344721,0.00031103600399402277
1772535403.083079,2395,0.7197856903076172,1389.3024180192117,0.48783633577243257,0.001243507962350944,1.0680661507038253e-05,0.05314199413318291,0.0,0.2894401550292969,1.0,0.00028213618045101806,0.00028213618045101806,0.00030812061925698103
1772535403.0950296,2396,0.7483959197998047,1336.19114367633,0.48579943149688487,0.002287856501736093,1.068059447449778e-05,0.05314199413318291,0.0,0.2894401550292969,1.0,0.00025828928652790257,0.00025828928652790257,0.0003025071778143867
1772535403.1083443,2397,0.9212493896484375,1085.4824016563148,0.4879920969321019,0.0024548996531489984,1.0680480911167381e-05,0.05314199413318291,0.0,0.2894401550292969,1.0,0.00028140268291648057,0.00028140268291648057,0.00030059124766225253
1772535403.1201658,2398,0.9527206420898438,1049.6256256256256,0.4853747279081271,0.002937906944861985,1.0680431953716254e-05,0.05314199413318291,0.0017453359098970611,0.2894401550292969,1.0,0.0002481409697839081,0.0002481409697839081,0.00038199306104611934
1772535403.1326597,2399,0.7891654968261719,1267.161329305136,0.4858796704271899,0.0005718415605800729,1.0680392007400498e-05,0.05314199413318291,0.0017453359098970611,0.2894401550292969,1.0,0.0002626745377066308,0.0002626745377066313,0.000291981458388637
1772535403.14573,2400,0.9071826934814453,1102.3137976346911,0.48741598133829583,0.0017207601922593254,1.0680312223825005e-05,0.05314199413318291,0.0,0.2894401550292969,1.0,0.0002665493223157042,0.0002665493223157042,0.00028935025027848523
1772535403.1584454,2401,0.9572505950927734,1044.6585305105853,0.48786920866755756,0.0005008534442572059,1.0680249509465798e-05,0.05314199413318291,0.0017453359098970611,0.2894401550292969,1.0,0.0002578048860364735,0.00025780488603647394,0.0003637398035332942
1772535403.170996,2402,1.0275840759277344,973.1563805104408,0.48747138519272426,0.0004563014363986831,1.0680252372443074e-05,0.05314199413318291,0.0017453359098970611,0.2894401550292969,1.0,0.00024951056212313416,0.00024951056212313416,0.00028416023463191827
1772535403.1824427,2403,0.5879402160644531,1700.853203568532,0.4849957082599637,0.0027763455724740434,1.0680158425085756e-05,0.05314199413318291,0.0,0.2894401550292969,1.0,0.00023305855765498818,0.00023305855765498818,0.0002780845668982235
1772535403.1952224,2404,0.8289813995361328,1206.2996836353177,0.48546862761130627,0.0005399266368828018,1.0680037331673075e-05,0.05314199413318291,0.0,0.2894401550292969,1.0,0.00024592735158484355,0.00024592735158484355,0.0002744642066136963
1772535403.2077217,2405,0.8046627044677734,1242.7567407407407,0.4855991290498434,0.00015420804362587152,1.0679958785200492e-05,0.05314199413318291,0.0,0.2894401550292969,1.0,0.00024117801593446502,0.000241178015934465,0.00027072238025525566
1772535403.219849,2406,0.7233619689941406,1382.4337508239946,0.48471965399035183,0.0009808113813940494,1.067987767522249e-05,0.05314199413318291,0.0,0.2894401550292969,1.0,0.00023218728217306062,0.00023218728217306062,0.00026633447551719557
1772535403.2323532,2407,0.6821155548095703,1466.027263194687,0.48505444468427067,0.00038743996039130533,1.0679784765691469e-05,0.05314199413318291,0.0,0.030279159545898438,1.0,0.00023564535188073027,0.0002356453518807298,0.000262969010386186
1772535403.245615,2408,1.3899803161621094,719.4346483704974,0.48538618490155166,0.00038014213059319726,1.067970975699605e-05,0.05314199413318291,0.0,0.09608268737792969,1.0,0.00023294529062976765,0.0002329452906297703,0.0002597004335919305
1772535403.2575636,2409,0.9660720825195312,1035.1194471865745,0.48514111468912074,0.00027119560328683407,1.0679636494211572e-05,0.05314199413318291,0.0,0.09608268737792969,1.0,0.00022696330928662325,0.00022696330928662325,0.0002560957110457713
1772535403.2701101,2410,0.9548664093017578,1047.2669163545568,0.48551417289331866,0.0004246646310321456,1.0679557351645937e-05,0.05314199413318291,0.0,0.09608268737792969,1.0,0.00022740964219607684,0.00022740964219607413,0.0002530184913001234
1772535403.282794,2411,1.0504722595214844,951.9527916477531,0.48595658047760004,0.0004988089290543443,1.067948767803521e-05,0.05314199413318291,0.0,0.09608268737792969,1.0,0.0002252558163100381,0.0002252558163100381,0.0002500639670451065
1772535403.295698,2412,1.3580322265625,736.3595505617977,0.4864987446794279,0.0006070842325823025,1.0679420414832627e-05,0.05314199413318291,0.0,0.09608268737792969,1.0,0.00022335742378604698,0.00022335742378604698,0.0002472487073788688
1772535403.3079581,2413,1.2583732604980469,794.6767715043577,0.4857279749513039,0.0008652614237423205,1.0679355866442245e-05,0.05314199413318291,0.0,0.09608268737792969,1.0,0.0002138027204426734,0.0002138027204426734,0.00024357032447117774
1772535403.3194242,2414,0.5407333374023438,1849.3403880070546,0.4846659076838003,0.0011872286044176906,1.0679276320912985e-05,0.05314199413318291,0.0,0.09608268737792969,1.0,0.00020888408244769545,0.00020888408244769545,0.0002397354317777491
1772535403.3320901,2415,0.5896091461181641,1696.038819247877,0.48533227511338056,0.0007556964643834681,1.0679194221031246e-05,0.05314199413318291,0.0,0.09608268737792969,1.0,0.00021462451851653435,0.00021462451851653481,0.0002371263913311286
1772535403.3443632,2416,0.48923492431640625,2044.007797270955,0.4850121325252216,0.000355221497882045,1.0679134162438861e-05,0.05314199413318291,0.0,0.09608268737792969,1.0,0.00020723209501401828,0.00020723209501401872,0.00023389859968710218
1772535403.3572605,2417,0.6043910980224609,1654.5577909270216,0.48621218551540635,0.001349196020172566,1.0679063505044169e-05,0.05314199413318291,0.0017453359098970611,0.09608268737792969,1.0,0.00021229507041556375,0.00021229507041556375,0.0003343905219853261
1772535403.369579,2418,0.5390644073486328,1855.0659000442283,0.4857509711365182,0.0005179565691715,1.0679090956737843e-05,0.05314199413318291,0.0017453359098970611,0.09608268737792969,1.0,0.00020184244342276144,0.00020184244342276144,0.00022961748099869947
1772535403.3826764,2419,0.7636547088623047,1309.4923509210116,0.4871438416468942,0.001559163473950168,1.0679013778087846e-05,0.05314199413318291,0.0,0.09608268737792969,1.0,0.00020838773560572123,0.00020838773560572126,0.00022734095145235042
1772535403.3954008,2420,0.8459091186523438,1182.1600901916572,0.4875791530255639,0.0004808716024378456,1.067895974608047e-05,0.05314199413318291,0.0,0.09608268737792969,1.0,0.00020206463516960754,0.00020206463516960702,0.00022456418696557186
1772535403.4071665,2421,0.5669593811035156,1763.7947855340622,0.48574107527103605,0.0020658054445722293,1.06788965936411e-05,0.05314199413318291,0.0,0.09608268737792969,1.0,0.00018861570888673628,0.00018861570888673888,0.0002204378398048269
1772535403.419463,2422,0.5257129669189453,1902.1786848072563,0.4853015415111826,0.00049016614702554,1.0678809219877505e-05,0.05314199413318291,0.0,0.09608268737792969,1.0,0.00019171321106975755,0.00019171321106976018,0.00021725058039303338
1772535403.4323184,2423,0.6995201110839844,1429.5514655760055,0.4861852265530556,0.0009937144926720938,1.067873853766718e-05,0.05314199413318291,0.0,0.09608268737792969,1.0,0.00019537418095764874,0.00019537418095764874,0.00021494491089462558
1772535403.4449437,2424,0.736236572265625,1358.259067357513,0.48643533766678637,0.0002789026762158309,1.0678683770551744e-05,0.05314199413318291,0.0,0.09608268737792969,1.0,0.0001905457208093156,0.0001905457208093156,0.0002123206275608191
1772535403.4569843,2425,0.5717277526855469,1749.0842368640533,0.48534900896077526,0.0012182228637708668,1.0678623514260698e-05,0.05314199413318291,0.0,0.09608268737792969,1.0,0.00018203661766276035,0.0001820366176627577,0.0002089474800582746
1772535403.4695086,2426,0.5946159362792969,1681.757818765036,0.48553060876247905,0.00020843864307527006,1.0678550057889814e-05,0.05314199413318291,0.0,0.09608268737792969,1.0,0.0001848719342720691,0.0001848719342720691,0.00020637397399811687
1772535403.4832253,2427,0.9238719940185547,1082.4010322580646,0.48871605936947393,0.003564217594888403,1.0678491079926315e-05,0.05314199413318291,0.0,0.09608268737792969,1.0,0.0001964828770734607,0.00019648287707346138,0.00020562150700492737
1772535403.4952748,2428,0.8282661437988281,1207.3413932066783,0.4871101343516861,0.0018126329406283046,1.0678464891065609e-05,0.05314199413318291,0.0,0.09608268737792969,1.0,0.00017453075384301622,0.00017453075384301622,0.0002021414887413903
1772535403.5073771,2429,0.7746219635009766,1290.9522930132348,0.48585836235398167,0.0014064942572543817,1.0678390429079742e-05,0.05314199413318291,0.0,0.09608268737792969,1.0,0.0001728280834085874,0.00017282808340858465,0.00019889745522791652
1772535403.5208356,2430,0.9062290191650391,1103.4738226782426,0.4886848572384704,0.003161423153792702,1.0678320247415966e-05,0.05314199413318291,0.0,0.09608268737792969,1.0,0.0001878585286269777,0.0001878585286269777,0.00019799874790848236
1772535403.5328023,2431,0.7288455963134766,1372.032711808963,0.4868844108137079,0.002028658973106187,1.0678292229686039e-05,0.05314199413318291,0.0,0.09608268737792969,1.0,0.00016720719678576707,0.00016720719678576428,0.0001945511858435996
1772535403.5445764,2432,0.49567222595214844,2017.4622414622415,0.48512197869016366,0.001975965296764646,1.0678219154228853e-05,0.05314199413318291,0.0,0.09608268737792969,1.0,0.00016407253905681557,0.00016407253905681557,0.00019114941880357238
1772535403.5582042,2433,0.8203983306884766,1218.9200813716943,0.48813428677852466,0.0033760317508560304,1.0678146955248136e-05,0.05314199413318291,0.0,0.09608268737792969,1.0,0.00018120050307585274,0.00018120050307585274,0.000190381001297806
1772535403.5702865,2434,0.6682872772216797,1496.3624687834463,0.48666993213189685,0.0016493375741792415,1.0678122112236113e-05,0.05314199413318291,0.0,0.09608268737792969,1.0,0.00016204610375469795,0.00016204610375469795,0.00018723777884323002
1772535403.5826616,2435,0.8790493011474609,1137.5926227285056,0.4857287654298511,0.0010552572325098224,1.0678055243728518e-05,0.05314199413318291,0.0,0.09608268737792969,1.0,0.0001612457412424822,0.000161245741242483,0.0001843991518624504
1772535403.5954738,2436,0.7097721099853516,1408.9029224051058,0.4870525812788838,0.001484383755396032,1.0677993886180165e-05,0.05314199413318291,0.0,0.09608268737792969,1.0,0.0001679130876715609,0.0001679130876715609,0.0001827763340608656
1772535403.6081011,2437,0.95367431640625,1048.576,0.4867460985988411,0.00034819602465212414,1.0677954547790152e-05,0.05314199413318291,0.0,0.09608268737792969,1.0,0.00016002171091583062,0.00016002171091583062,0.00018033980104765026
1772535403.620424,2438,0.7753372192382812,1289.7613776137762,0.48657941696203144,0.00018958386771378077,1.0677900942222776e-05,0.05314199413318291,0.0,0.09608268737792969,1.0,0.00015838153636278993,0.00015838153636278993,0.00017800340177114295
1772535403.632875,2439,0.9675025939941406,1033.5889600788566,0.4856998706093176,0.0009856585817073968,1.0677849283488084e-05,0.05314199413318291,0.0,0.09608268737792969,1.0,0.0001534677290865422,0.000153467729086545,0.00017533017142902952
1772535403.6458092,2440,0.9682178497314453,1032.8254124599853,0.4871994533423335,0.0016811820318826387,1.0677791794449594e-05,0.05314199413318291,0.0,0.09608268737792969,1.0,0.00016028386326298255,0.00016028386326297892,0.00017387277591704103
1772535403.6584485,2441,1.2500286102294922,799.9816898722106,0.48667536837227093,0.000592076621752567,1.0677756269714409e-05,0.05314199413318291,0.0,0.09608268737792969,1.0,0.000151363126255677,0.000151363126255677,0.0001714472522303071
1772535403.6704497,2442,0.7607936859130859,1314.4167972422438,0.48632198218121997,0.0003975156700560503,1.0677703648969876e-05,0.05314199413318291,0.0,0.09608268737792969,1.0,0.0001498012022634148,0.0001498012022634148,0.00016913061334752617
1772535403.6832843,2443,0.9760856628417969,1024.5002442598925,0.4867464762583128,0.00047486015142128,1.0677653084049012e-05,0.05314199413318291,0.0,0.09608268737792969,1.0,0.00015063010493628637,0.00015063010493628916,0.00016721283328087716
1772535403.695594,2444,0.8130073547363281,1230.0011730205279,0.48641903415372073,0.00036894242001361203,1.0677653084049012e-05,0.05314199413318291,0.0,0.09608268737792969,1.0,0.00014618690299040017,0.00014618690299039738,0.0001649638694922545
1772535403.7082686,2445,0.8540153503417969,1170.9391401451703,0.4867893242385308,0.00041366428428797104,1.0677560846049286e-05,0.05314199413318291,0.0,0.09608268737792969,1.0,0.00014671500607597163,0.00014671500607597163,0.00016306792692451417
1772535403.720066,2446,0.6892681121826172,1450.8142511241786,0.48497041773601146,0.002038156518885748,1.0677560846049286e-05,0.05314199413318291,0.0,0.09608268737792969,1.0,0.00013715338678713365,0.00013715338678713365,0.00016018003454996
1772535403.732686,2447,0.7498264312744141,1333.6419713831478,0.48521800942376775,0.0002889110927370765,1.0677458100433344e-05,0.05314199413318291,0.0,0.09608268737792969,1.0,0.00014179142607060425,0.00014179142607060425,0.00015825642676853228
1772535403.74468,2448,0.6525516510009766,1532.4457435147972,0.48393870948082,0.0014270846955132552,1.0677458100433344e-05,0.05314199413318291,0.0,0.09608268737792969,1.0,0.00013473329031625812,0.00013473329031625812,0.00015566548342284506
1772535403.7578988,2449,0.8413791656494141,1188.5247945593653,0.48606299849203666,0.0023935580492314952,1.0677360677130431e-05,0.05314199413318291,0.0,0.09608268737792969,1.0,0.00014418174260821842,0.00014418174260821842,0.00015461651182039506
1772535403.7703454,2450,0.7596015930175781,1316.4795982423102,0.48614385891766543,9.107719989218577e-05,1.0677360677130431e-05,0.05314199413318291,0.0,0.09608268737792969,1.0,0.0001364527161215482,0.000136452716121551,0.0001527011483837301
1772535403.7827358,2451,0.7376670837402344,1355.6250808015513,0.485792571859299,0.0003932595193088768,1.0677291763917162e-05,0.05314199413318291,0.0,0.09608268737792969,1.0,0.00013330803877508298,0.00013330803877508252,0.00015062568162270483
1772535403.7950342,2452,0.6031990051269531,1657.8276679841897,0.4855489987348106,0.00027096819310975774,1.0677291763917162e-05,0.05314199413318291,0.0,0.09608268737792969,1.0,0.000131803807053962,0.000131803807053962,0.00014861891483116272
1772535403.8076715,2453,0.7596015930175781,1316.4795982423102,0.48575302670093773,0.00023251144598718915,1.0677203095645066e-05,0.05314199413318291,0.0,0.09608268737792969,1.0,0.00013149349928313618,0.00013149349928313618,0.00014682474453803828
1772535403.8206317,2454,0.7719993591308594,1295.33786287832,0.4871480073591947,0.001562352452152228,1.0677203095645066e-05,0.05314199413318291,0.0017453359098970611,0.09608268737792969,1.0,0.00013382483735495398,0.00013382483735495398,0.0002860653623552515
1772535403.8327005,2455,0.5524158477783203,1810.2304704359085,0.4861163861349341,0.0011606523561091188,1.0677212257004258e-05,0.05314199413318291,0.0017453359098970611,0.09608268737792969,1.0,0.00012486400380896365,0.00012486400380896365,0.0001443346939885681
1772535403.8457386,2456,0.8752346038818359,1142.5508035957505,0.4870828169661462,0.0010808821550397551,1.0677157222957802e-05,0.05314199413318291,0.0,0.09608268737792969,1.0,0.00012915427177030944,0.00012915427177030944,0.00014263986439053895
1772535403.857647,2457,0.7786750793457031,1284.232700551133,0.4853165219335121,0.0019820451121496823,1.067711804753285e-05,0.05314199413318291,0.0,0.09608268737792969,1.0,0.00011942809978755972,0.00011942809978755972,0.00013993387458842522
1772535403.870936,2458,1.2769699096679688,783.1038088125467,0.48632174355010627,0.0011302890912082224,1.0677060141419212e-05,0.05314199413318291,0.0,0.09608268737792969,1.0,0.00012568251397248242,0.00012568251397248294,0.00013838778271363947
1772535403.8832548,2459,1.0151863098144531,985.0408642555191,0.48650989907086556,0.0002093597213922638,1.0677023100476365e-05,0.05314199413318291,0.0,0.09608268737792969,1.0,0.0001220786283052784,0.0001220786283052784,0.00013658625634576223
1772535403.89506,2460,0.8511543273925781,1174.8750700280111,0.48476591050069584,0.001954261252628269,1.067698135800637e-05,0.05314199413318291,0.0017453359098970611,0.09608268737792969,1.0,0.00011479287274883693,0.00011479287274883693,0.00026607019098875403
1772535403.9080844,2461,0.9102821350097656,1098.5605028810896,0.486396095422741,0.0018333970402687855,1.067700596825636e-05,0.05314199413318291,0.0017453359098970611,0.09608268737792969,1.0,0.00012251592720318062,0.00012251592720318065,0.00013682549567936453
1772535403.9202516,2462,0.6992816925048828,1430.0388680531878,0.48592851741186016,0.0005250959703147522,1.067696836027374e-05,0.05314199413318291,0.0,0.09608268737792969,1.0,0.00011553843854756306,0.00011553843854756306,0.00013414938239613228
1772535403.9322834,2463,0.6494522094726562,1539.7591776798824,0.484614794703999,0.0014698088662024051,1.0676918065635123e-05,0.05314199413318291,0.0,0.09608268737792969,1.0,0.0001114185696953817,0.00011141856969538217,0.0001313369252220954
1772535403.945764,2464,0.9086132049560547,1100.5783258987142,0.487206630045823,0.002909448807926702,1.0676863401371524e-05,0.05314199413318291,0.0,0.09608268737792969,1.0,0.00012065992684882586,0.00012065992684882372,0.00013008747724818203
1772535403.9579134,2465,0.7007122039794922,1427.119428376999,0.4864802663707829,0.000820097278595806,1.0676836169988275e-05,0.05314199413318291,0.0017453359098970611,0.09608268737792969,1.0,0.00011087479687920658,0.00011087479687920658,0.0002525526295890213
1772535403.970723,2466,0.9131431579589844,1095.1185378590078,0.4868068260212199,0.00036302292927175856,1.0676867513591203e-05,0.05314199413318291,0.0017453359098970611,0.09608268737792969,1.0,0.00011206239010807932,0.00011206239010807764,0.00013213673210363662
1772535403.982806,2467,0.8950233459472656,1117.2892914224826,0.48546601708500065,0.0015045317235926853,1.067682037910238e-05,0.05314199413318291,0.0,0.09608268737792969,1.0,0.0001061907005932556,0.0001061907005932556,0.00012868631591446116
1772535403.9954078,2468,0.8919239044189453,1121.1718791766907,0.48569680440478996,0.00026305184535683123,1.0676764269340154e-05,0.05314199413318291,0.0,0.09608268737792969,1.0,0.00010858564886152479,0.00010858564886152479,0.00012603709542528867
1772535404.0077045,2469,0.9822845458984375,1018.0349514563106,0.48499827023010966,0.0007797196591711731,1.0676719725789511e-05,0.05314199413318291,0.0017453359098970611,0.09608268737792969,1.0,0.00010481141478675867,0.00010481141478675867,0.00023989028280478904
1772535404.020559,2470,0.9016990661621094,1109.0174510840825,0.4864898703250127,0.0016761083185808147,1.0676749894774016e-05,0.05314199413318291,0.0017453359098970611,0.09608268737792969,1.0,0.0001090075167335055,0.0001090075167335055,0.00012981128209728904
1772535404.0333006,2471,1.003265380859375,996.745247148289,0.4870023737685554,0.0005705372707455223,1.0676708671967172e-05,0.05314199413318291,0.0,0.09608268737792969,1.0,0.00010566546926971132,0.00010566546926971082,0.00012637961555989372
1772535404.0457337,2472,1.0063648223876953,993.6754323619996,0.48660957849525494,0.00044589592499657995,1.0676663592033871e-05,0.05314199413318291,0.0,0.09608268737792969,1.0,0.00010220268348786736,0.00010220268348786736,0.00012304096836498684
1772535404.0572524,2473,0.6754398345947266,1480.5167666784328,0.48416741934618274,0.0027370351586414425,1.067661490514542e-05,0.05314199413318291,0.0,0.09608268737792969,1.0,9.551532174777768e-05,9.551532174777768e-05,0.00011936945024166633
1772535404.070159,2474,0.7488727569580078,1335.3403374721427,0.48561581008396365,0.001634777601711728,1.0676555539526247e-05,0.05314199413318291,0.0,0.09608268737792969,1.0,0.00010320919365186124,0.00010320919365186137,0.0001171847049584002
1772535404.0832553,2475,0.9028911590576172,1107.5532083443359,0.48718625966996437,0.0017591910443952128,1.0676520671851922e-05,0.05314199413318291,0.0,0.09608268737792969,1.0,0.00010277335711259706,0.00010277335711259708,0.00011527846082788189
1772535404.0954,2476,0.7002353668212891,1428.0912495743955,0.4864619292824825,0.0008177952749461813,1.0676488134537993e-05,0.05314199413318291,0.0,0.09608268737792969,1.0,9.643293118325147e-05,9.643293118325098e-05,0.00011286731962233159
1772535404.1075647,2477,0.7483959197998047,1336.19114367633,0.48514056234918096,0.0014811767328767075,1.0676443797109236e-05,0.05314199413318291,0.0,0.09608268737792969,1.0,9.350558405287469e-05,9.350558405287469e-05,0.00011043592206498816
1772535404.1205137,2478,0.980377197265625,1020.0155642023346,0.48612604230225237,0.0011090009733276444,1.0676397212772447e-05,0.05314199413318291,0.0,0.09608268737792969,1.0,9.739828467067789e-05,9.739828467067789e-05,0.00010883899367401197
1772535404.1336777,2479,1.073598861694336,931.4465911614479,0.4879462538563223,0.0020345571861658464,1.0676364729601143e-05,0.05314199413318291,0.0,0.09608268737792969,1.0,9.852606667320779e-05,9.85260666732055e-05,0.00010761715899344802
1772535404.1455674,2480,0.9613037109375,1040.2539682539682,0.48617668307122375,0.0019906636429949235,1.0676338086514189e-05,0.05314199413318291,0.0,0.09608268737792969,1.0,8.95451733737396e-05,8.954517337373912e-05,0.00010543483262648854
1772535404.157531,2481,0.7963180541992188,1255.7796407185629,0.48472754175645416,0.0016224462961079806,1.0676292811984314e-05,0.05314199413318291,0.0,0.09608268737792969,1.0,8.853761576510191e-05,8.853761576510143e-05,0.00010342532567258481
1772535404.1705246,2482,0.9605884552001953,1041.0285430627948,0.48603356163671424,0.0014710487512098757,1.0676250045208106e-05,0.05314199413318291,0.0,0.09608268737792969,1.0,9.322301092222279e-05,9.322301092222279e-05,0.00010228305510895436
1772535404.1828167,2483,0.7555484771728516,1323.5418112969392,0.4859585925274327,8.374510873119136e-05,1.0676222882214533e-05,0.05314199413318291,0.0017453359098970611,0.09608268737792969,1.0,8.938772676287108e-05,8.938772676287108e-05,0.0002497942971431653
1772535404.196128,2484,1.163482666015625,859.4885245901639,0.48749261973617397,0.001716140911724191,1.0676268358628977e-05,0.05314199413318291,0.0017453359098970611,0.09608268737792969,1.0,9.173237092386975e-05,9.173237092386975e-05,0.00010532900425279654
1772535404.20832,2485,1.332998275756836,750.1885172598819,0.48550514868066125,0.002232008650279162,1.0676236626420856e-05,0.05314199413318291,0.0,0.09608268737792969,1.0,8.336189675927172e-05,8.336189675927172e-05,0.00010240176421170025
1772535404.2207654,2486,1.2249946594238281,816.3300895289996,0.4860279936116421,0.0005891276031178642,1.0676188181682035e-05,0.05314199413318291,0.0,0.09608268737792969,1.0,8.711265218582764e-05,8.711265218582764e-05,0.00010036815410552248
1772535404.2340071,2487,1.46484375,682.6666666666666,0.4874430573612205,0.0015828551137601144,1.0676153769482452e-05,0.05314199413318291,0.0,0.09608268737792969,1.0,8.811357094093316e-05,8.811357094093316e-05,9.87634070093043e-05
1772535404.2460217,2488,1.434326171875,697.1914893617021,0.48599915261827364,0.001623363323224417,1.0676125154307725e-05,0.05314199413318291,0.0017453359098970611,0.09608268737792969,1.0,8.142393296442338e-05,8.142393296442338e-05,0.00023706989812089828
1772535404.258251,2489,1.1813640594482422,846.4791120080727,0.48566120689843195,0.0003773034492380101,1.0676162538294033e-05,0.05314199413318291,0.0017453359098970611,0.09608268737792969,1.0,8.220714187202641e-05,8.220714187202493e-05,0.00010312181802909798
1772535404.2714274,2490,1.3461112976074219,742.8806234502302,0.4877200070767324,0.002305334335080549,1.067611986326747e-05,0.05314199413318291,0.0,0.09608268737792969,1.0,8.6016210533571e-05,8.601621053357107e-05,0.00010057370557712247
1772535404.2839267,2491,1.4679431915283203,681.2252720480753,0.48692662819384397,0.0008977752661550677,1.0676090568089106e-05,0.05314199413318291,0.0,0.09608268737792969,1.0,7.977526553582583e-05,7.977526553582533e-05,9.765667840939027e-05
1772535404.296898,2492,1.7681121826171875,565.5749730312837,0.48773514158508374,0.0008996199905103702,1.0676049232948036e-05,0.05314199413318291,0.0017453359098970611,0.09608268737792969,1.0,8.176514958140438e-05,8.176514958140625e-05,0.00022608871202127565
1772535404.3085744,2493,1.5568733215332031,642.3130168453292,0.4849511530848762,0.0031236690531946925,1.0676095964099708e-05,0.05314199413318291,0.0017453359098970611,0.09751319885253906,1.0,7.384496557834492e-05,7.384496557834541e-05,0.00010346524950297882
1772535404.3206427,2494,1.1785030364990234,848.5340886101558,0.48489834783643965,6.506287791827887e-05,1.0676040653570675e-05,0.05314199413318291,0.0,0.09751319885253906,1.0,7.742482021528151e-05,7.742482021528184e-05,9.960802194407668e-05
1772535404.3338737,2495,1.506805419921875,663.6556962025317,0.48662751066581333,0.0019434601379081915,1.0675999773191593e-05,0.05314199413318291,0.0,0.09751319885253906,1.0,7.98805786176482e-05,7.98805786176482e-05,9.662088618202265e-05
1772535404.3463707,2496,1.4739036560058594,678.4703979294727,0.4865269029959737,0.0001161770346059869,1.0675968868390437e-05,0.05314199413318291,0.0,0.09751319885253906,1.0,7.588166657856741e-05,7.588166657856908e-05,9.360860603519971e-05
1772535404.358304,2497,1.2621879577636719,792.275028333963,0.48513542056695313,0.0015593118005855834,1.0675931414442727e-05,0.05314199413318291,0.0017453359098970611,0.09751319885253906,1.0,7.246185269469667e-05,7.246185269469848e-05,0.0002208617209822253
1772535404.3712041,2498,1.2862682342529297,777.4428174235403,0.4865260902123657,0.0015628837601359225,1.0675968699747048e-05,0.05314199413318291,0.0017453359098970611,0.09751319885253906,1.0,7.635821365703432e-05,7.635821365703432e-05,0.00010059015483759389
1772535404.3829696,2499,0.9679794311523438,1033.079802955665,0.48495855302297664,0.001756667449110031,1.0675933138991184e-05,0.05314199413318291,0.0,0.09751319885253906,1.0,7.03212579072067e-05,7.03212579072067e-05,9.613370451599701e-05
1772535404.3958,2500,1.1174678802490234,894.8803072327715,0.48573432718390824,0.0008764167975831308,1.0675886703600168e-05,0.05314199413318291,0.0,0.09751319885253906,1.0,7.325451917968954e-05,7.325451917968809e-05,9.267863150488531e-05
1772535404.4086523,2501,1.1873245239257812,842.229718875502,0.48667238143289027,0.00105168280204348,1.0675852111918273e-05,0.05314199413318291,0.0,0.09751319885253906,1.0,7.283558415075358e-05,7.28355841507541e-05,8.969401852109915e-05
1772535404.4211323,2502,1.2471675872802734,801.8168610208373,0.48641425842493813,0.0002927415762186417,1.0675819935285865e-05,0.05314199413318291,0.0,0.09751319885253906,1.0,7.005904353930783e-05,7.005904353930783e-05,8.682927595453891e-05
1772535404.433291,2503,1.4193058013916016,704.5697967411389,0.4846611668775221,0.0019641259315117585,1.0675784305019786e-05,0.05314199413318291,0.0,0.09751319885253906,1.0,6.64944401884024e-05,6.64944401884024e-05,8.396256570626367e-05
1772535404.4449294,2504,0.7283687591552734,1372.9309328968905,0.4840887234506869,0.000634188214232636,1.0675743827181681e-05,0.05314199413318291,0.0,0.09751319885253906,1.0,6.723724497395923e-05,6.723724497395972e-05,8.16110471658675e-05
1772535404.457933,2505,0.8797645568847656,1136.6677506775068,0.48572917185956527,0.0018498502816740512,1.0675709385707259e-05,0.05314199413318291,0.0,0.09751319885253906,1.0,7.00270632647404e-05,7.00270632647404e-05,7.995554592443846e-05
1772535404.4704576,2506,0.7424354553222656,1346.9184328837507,0.48627624701305716,0.0006136122500281403,1.0675685107193465e-05,0.05314199413318291,0.0,0.09751319885253906,1.0,6.773355732282844e-05,6.773355732282844e-05,7.827562617743364e-05
1772535404.482722,2507,0.7734298706054688,1292.9420468557337,0.4851858578721408,0.001222259383530279,1.0675657655522743e-05,0.05314199413318291,0.0,0.09751319885253906,1.0,6.430486494978717e-05,6.430486494978717e-05,7.642509152607639e-05
1772535404.494903,2508,0.7741451263427734,1291.7474591931013,0.4843925588529507,0.0008840926838033645,1.06756247718979e-05,0.05314199413318291,0.0,0.09751319885253906,1.0,6.371728632538873e-05,6.37172863253892e-05,7.477221199371906e-05
1772535404.5073755,2509,0.6473064422607422,1544.8633517495396,0.48487306177408485,0.0005495638358234132,1.067559392443589e-05,0.05314199413318291,0.0,0.09751319885253906,1.0,6.47950395498301e-05,6.47950395498301e-05,7.349427064950582e-05
1772535404.5201645,2510,0.72479248046875,1379.7052631578947,0.48587175345872535,0.0011244480095994917,1.0675568835271062e-05,0.05314199413318291,0.0,0.09751319885253906,1.0,6.493745146122164e-05,6.493745146122164e-05,7.242281134330392e-05
1772535404.533189,2511,0.942230224609375,1061.3117408906883,0.48702968013590575,0.001294999842731272,1.0675546574687877e-05,0.05314199413318291,0.0,0.09751319885253906,1.0,6.46281806194982e-05,6.462818061949868e-05,7.147183055926669e-05
1772535404.5448527,2512,0.7412433624267578,1349.0845931167578,0.4847059960829892,0.002607682327490764,1.0675525732266664e-05,0.05314199413318291,0.0,0.09751319885253906,1.0,5.865730223261215e-05,5.865730223260947e-05,6.99053002889811e-05
1772535404.5575948,2513,0.885009765625,1129.9310344827586,0.48527883020857965,0.0006496053475414176,1.0675492716971007e-05,0.05314199413318291,0.0,0.09751319885253906,1.0,6.185482724894049e-05,6.185482724894049e-05,6.89597928158512e-05
1772535404.5709236,2514,1.0972023010253906,911.4089526292917,0.4874773528639524,0.0024628120999115313,1.0675470860105226e-05,0.05314199413318291,0.0,0.09751319885253906,1.0,6.37015344666049e-05,6.37015344666049e-05,6.838126363082994e-05
1772535404.5824811,2515,0.6887912750244141,1451.8186223606785,0.48542975786492637,0.0023007550784956993,1.0675455550211859e-05,0.05314199413318291,0.0,0.09751319885253906,1.0,5.7021606973320416e-05,5.7021606973320416e-05,6.703697165014248e-05
1772535404.5951176,2516,0.6437301635742188,1553.4459259259258,0.4861281542274956,0.0007846088010894371,1.0675425744461689e-05,0.05314199413318291,0.0,0.09751319885253906,1.0,5.9934419605594254e-05,5.9934419605594715e-05,6.624576460765451e-05
1772535404.6080723,2517,0.8971691131591797,1114.6170608557002,0.48689724449465865,0.0008588956872941756,1.0675406066990381e-05,0.05314199413318291,0.0,0.09751319885253906,1.0,5.945151597815369e-05,5.945151597815323e-05,6.549980636703176e-05
1772535404.6201534,2518,0.8296966552734375,1205.2597701149425,0.48568677322750603,0.0013604364790647692,1.0675387186209784e-05,0.05314199413318291,0.0,0.09751319885253906,1.0,5.60109311574811e-05,5.6010931157481545e-05,6.441565961811328e-05
1772535404.6331449,2519,0.8535385131835938,1171.5932960893854,0.4872685042167814,0.0017708511888292213,1.0675362002157033e-05,0.05314199413318291,0.0,0.09751319885253906,1.0,5.905299470463702e-05,5.905299470463574e-05,6.386424087671728e-05
1772535404.6456027,2520,0.79345703125,1260.3076923076924,0.48702561866173166,0.00028270076426730194,1.0675346708773364e-05,0.05314199413318291,0.0,0.09751319885253906,1.0,5.608147964502098e-05,5.608147964502098e-05,6.300560469017415e-05
1772535404.6576788,2521,0.7238388061523438,1381.5230566534915,0.4858468486751057,0.0013250426403142257,1.067532579571171e-05,0.05314199413318291,0.0,0.09751319885253906,1.0,5.402399449237476e-05,5.402399449237476e-05,6.199712247473841e-05
1772535404.670038,2522,0.6175041198730469,1619.4223938223938,0.48567670453377726,0.00018922506480220126,1.0675302162306859e-05,0.05314199413318291,0.0,0.09751319885253906,1.0,5.4492217991853483e-05,5.449221799185484e-05,6.117982812207183e-05
1772535404.6825566,2523,0.6949901580810547,1438.8692967409947,0.485500442454635,0.000195318456389138,1.06752821585281e-05,0.05314199413318291,0.0,0.09751319885253906,1.0,5.376520717623314e-05,5.376520717623451e-05,6.037476866208742e-05
1772535404.6953328,2524,0.8537769317626953,1171.266126780229,0.486226727126209,0.0008160237931470483,1.067526249867122e-05,0.05314199413318291,0.0,0.09751319885253906,1.0,5.427096449962182e-05,5.427096449962182e-05,5.9738426451467255e-05
1772535404.7081473,2525,0.8244514465332031,1212.9277038750722,0.4871877498371796,0.001073428934419972,1.0675246073591349e-05,0.05314199413318291,0.0,0.09751319885253906,1.0,5.4053576327308474e-05,5.405357632730847e-05,5.9156139213014876e-05
1772535404.719921,2526,0.6756782531738281,1479.9943542695837,0.4850641753068206,0.0023832515849521617,1.0675230765104706e-05,0.05314199413318291,0.0,0.09751319885253906,1.0,4.9521118574247e-05,4.9521118574247e-05,5.806738932657959e-05
1772535404.7329762,2527,0.9074211120605469,1102.0241723594324,0.4865475870717399,0.0016663394288452698,1.0675206208062187e-05,0.05314199413318291,0.0,0.09751319885253906,1.0,5.315681921183684e-05,5.315681921183684e-05,5.75854037388322e-05
1772535404.744659,2528,0.6105899810791016,1637.760249902382,0.48453060823137095,0.0022609168925114068,1.067519296486085e-05,0.05314199413318291,0.0,0.09751319885253906,1.0,4.8295922792695716e-05,4.8295922792695716e-05,5.653989625873468e-05
1772535404.7574444,2529,0.6837844848632812,1462.4490934449093,0.48561073835158186,0.0012193463975697116,1.0675169448527441e-05,0.05314199413318291,0.0,0.09751319885253906,1.0,5.1214739846663434e-05,5.121473984666388e-05,5.6003300359456523e-05
1772535404.7699916,2530,0.8339881896972656,1199.0577472841624,0.48533512388829764,0.00030653854190229146,1.0675155432472078e-05,0.05314199413318291,0.0,0.09751319885253906,1.0,4.9082377553535096e-05,4.9082377553535096e-05,5.525996542587665e-05
1772535404.7837443,2531,1.1496543884277344,869.8266279552053,0.4887334656251805,0.003803307811867796,1.0675155432472078e-05,0.05314199413318291,0.0,0.09751319885253906,1.0,5.294551858323427e-05,5.2945518583234266e-05,5.5108223287110286e-05
1772535404.7959077,2532,0.9198188781738281,1087.17055469155,0.487846257575718,0.0010114606586166123,1.0675131041271149e-05,0.05314199413318291,0.0,0.09751319885253906,1.0,4.7709890219036054e-05,4.77098902190365e-05,5.430085036108977e-05
1772535404.8071349,2533,0.67901611328125,1472.7191011235955,0.48402635642647507,0.004285500212379316,1.0675131041271149e-05,0.05314199413318291,0.0,0.09751319885253906,1.0,4.342203407605143e-05,4.342203407605453e-05,5.3047754715730966e-05
1772535404.8202398,2534,0.6968975067138672,1434.9312350325008,0.4863105317087423,0.0025709238375200665,1.0675085539948682e-05,0.05314199413318291,0.0,0.09751319885253906,1.0,4.942905595007244e-05,4.942905595007244e-05,5.272569487572085e-05
1772535404.8332288,2535,1.0712146759033203,933.5196973069219,0.4866673129140113,0.0003975739027041265,1.0675085539948682e-05,0.05314199413318291,0.0,0.09751319885253906,1.0,4.6956590540156295e-05,4.695659054015585e-05,5.212407785496113e-05
1772535404.8464267,2536,1.6684532165527344,599.3575307230637,0.48722794411229914,0.0006235050395960412,1.0675061411551234e-05,0.05314199413318291,0.0,0.10251998901367188,1.0,4.666906444988743e-05,4.666906444988743e-05,5.1562613470554526e-05
1772535404.8582006,2537,1.0983943939208984,910.4197959626655,0.4864021662729578,0.0009309608003386657,1.0675061411551234e-05,0.05314199413318291,0.0,0.10251998901367188,1.0,4.4599801355908095e-05,4.4599801355908095e-05,5.080590912796036e-05
1772535404.8711767,2538,1.0673999786376953,936.8559303104757,0.4878721502734163,0.0016417929524820166,1.0675061411551234e-05,0.05314199413318291,0.0,0.10251998901367188,1.0,4.649066289147951e-05,4.64906628914795e-05,5.038877759060621e-05
1772535404.883135,2539,0.7998943328857422,1250.165126676602,0.4865825984280424,0.0014529094724249772,1.067501938319263e-05,0.05314199413318291,0.0,0.10251998901367188,1.0,4.30868839035117e-05,4.30868839035128e-05,4.958517808611898e-05
1772535404.8949518,2540,0.7274150848388672,1374.7309078990495,0.48473616398402747,0.0020687820659155837,1.067501938319263e-05,0.05314199413318291,0.0,0.10251998901367188,1.0,4.171280488150416e-05,4.17128048815046e-05,4.870816896835926e-05
1772535404.9078157,2541,0.7236003875732422,1381.9782537067545,0.4861242387488474,0.0015634218957077453,1.067501938319263e-05,0.05314199413318291,0.0,0.10251998901367188,1.0,4.439486418707418e-05,4.439486418707262e-05,4.828653684517511e-05
1772535404.920242,2542,0.7839202880859375,1275.639902676399,0.4855431649823498,0.0006500748403446717,1.067497125352344e-05,0.05314199413318291,0.0,0.10251998901367188,1.0,4.1948353812496755e-05,4.1948353812496755e-05,4.760222311049165e-05
1772535404.9323707,2543,0.5915164947509766,1690.5699314792423,0.4849045517788278,0.0007116020512751457,1.067497125352344e-05,0.05314199413318291,0.0017453359098970611,0.10251998901367188,1.0,4.126254581445093e-05,4.126254581445092e-05,0.00024629245719840013
1772535404.9450428,2544,0.8368492126464844,1194.9584045584045,0.48502270047183604,0.000144630583888835,1.0675019134975472e-05,0.05314199413318291,0.0017453359098970611,0.10251998901367188,1.0,4.12931899347602e-05,4.129318993476177e-05,5.16032860981193e-05
1772535404.9574912,2545,0.7770061492919922,1286.9911015648972,0.4852039003057685,0.00021169583277486144,1.0674998221426623e-05,0.05314199413318291,0.0017453359098970611,0.10251998901367188,1.0,4.085686085614359e-05,4.0856860856143575e-05,0.00022306357200181878
1772535404.9704907,2546,0.8149147033691406,1227.1222937390287,0.486840624636994,0.001836404073632428,1.0675057411397277e-05,0.05314199413318291,0.0017453359098970611,0.10251998901367188,1.0,4.1923631993213274e-05,4.19236319932127e-05,6.330992094503699e-05
1772535404.982655,2547,0.9169578552246094,1090.5626625065004,0.4853864933419527,0.001632262920219744,1.067503454142747e-05,0.05314199413318291,0.0,0.10251998901367188,1.0,3.851256761035574e-05,3.851256761035574e-05,5.963433106137696e-05
1772535404.994782,2548,0.6403923034667969,1561.5428145941921,0.48509423714764494,0.0003240070172838717,1.0675005759881457e-05,0.05314199413318291,0.0,0.10251998901367188,1.0,3.893981066565784e-05,3.893981066565785e-05,5.6518070798381694e-05
1772535405.007829,2549,0.8764266967773438,1140.9967355821545,0.48634932362334254,0.00141034361366277,1.0674981025837385e-05,0.05314199413318291,0.0017453359098970611,0.10251998901367188,1.0,3.9908709377116636e-05,3.99087093771161e-05,0.0002116017242885725
1772535405.0206387,2550,1.478433609008789,676.3915497500403,0.4854057019002369,0.00105835601383698,1.0675040201429757e-05,0.05314199413318291,0.0017453359098970611,0.10251998901367188,1.0,3.762460626516639e-05,3.762460626516639e-05,6.933860693345379e-05
1772535405.0330255,2551,1.2257099151611328,815.8537249562341,0.4860289383374058,0.0007011702675345505,1.0675008971326014e-05,0.05314199413318291,0.0,0.10251998901367188,1.0,3.845732579516277e-05,3.845732579516413e-05,6.47955931680907e-05
1772535405.0450878,2552,0.8137226104736328,1228.9200117198945,0.48590424255681386,0.00013998850978393259,1.0674983041143706e-05,0.05314199413318291,0.0,0.10251998901367188,1.0,3.7316077699112775e-05,3.7316077699112775e-05,6.071664256978092e-05
1772535405.0576363,2553,0.8404254913330078,1189.873475177305,0.4860003133400023,0.00010786753973592126,1.0674957017848762e-05,0.05314199413318291,0.0,0.10251998901367188,1.0,3.700688170702006e-05,3.700688170701951e-05,5.71492990389092e-05
1772535405.0699005,2554,0.7154941558837891,1397.635454848384,0.4856229269857855,0.0004225648258931622,1.0674932923830547e-05,0.05314199413318291,0.0,0.10251998901367188,1.0,3.61013749631023e-05,3.61013749631023e-05,5.396797596870537e-05
1772535405.0822845,2555,0.6096363067626953,1640.3222526398122,0.48555821289178563,7.107725042534472e-05,1.0674909098560879e-05,0.05314199413318291,0.0,0.10251998901367188,1.0,3.5867741059473444e-05,3.5867741059473444e-05,5.12056041614522e-05
1772535405.0949802,2556,0.6740093231201172,1483.659002476123,0.48630058416587935,0.0008331592325345079,1.067488714199855e-05,0.05314199413318291,0.0,0.10251998901367188,1.0,3.6126437800552104e-05,3.6126437800552104e-05,4.886887324101083e-05
1772535405.1076849,2557,0.8947849273681641,1117.5869970690114,0.486231026333405,8.08488659971928e-05,1.0674868020483653e-05,0.05314199413318291,0.0,0.10251998901367188,1.0,3.5055390322851225e-05,3.5055390322850724e-05,4.6750213112647746e-05
1772535405.1209283,2558,1.3210773468017578,756.9579498285508,0.4873571225756916,0.0012576732325346217,1.0674848196580641e-05,0.05314199413318291,0.0017453359098970611,0.10251998901367188,1.0,3.5655534195289434e-05,3.5655534195289434e-05,0.0002200378197873244
1772535405.1334178,2559,1.451253890991211,689.0593067192377,0.48674654927027583,0.0006922961496266574,1.0674910864081104e-05,0.05314199413318291,0.0017453359098970611,0.10251998901367188,1.0,3.3946012785094154e-05,3.394601278509542e-05,5.9996858690224096e-05
1772535405.1459415,2560,1.379251480102539,725.0309420916162,0.4870209773127921,0.00030352538245310203,1.0674884322353499e-05,0.05314199413318291,0.0,0.10251998901367188,1.0,3.4161674997401486e-05,3.4161674997399975e-05,5.6139884055583275e-05
1772535405.1580288,2561,1.2836456298828125,779.0312035661218,0.48581835045038574,0.0013512739673872465,1.0674861054781764e-05,0.05314199413318291,0.0,0.10251998901367188,1.0,3.2501822279145394e-05,3.2501822279145394e-05,5.2608536988301605e-05
1772535405.1700401,2562,0.8778572082519531,1139.1374253123302,0.4853857524740975,0.0004825034240196591,1.0674836141547757e-05,0.05314199413318291,0.0,0.10251998901367188,1.0,3.256528785837966e-05,3.2565287858379674e-05,4.956514620111226e-05
1772535405.1823351,2563,0.8056163787841797,1241.285587451909,0.4850873640117154,0.0003304694500434345,1.067481396158427e-05,0.05314199413318291,0.0,0.10251998901367188,1.0,3.22026594369047e-05,3.22026594369047e-05,4.6904133089429265e-05
1772535405.1955655,2564,1.0945796966552734,913.592681333043,0.48680478328798193,0.0019278035787640229,1.067479315889774e-05,0.05314199413318291,0.0,0.10251998901367188,1.0,3.339153243049188e-05,3.339153243049188e-05,4.4758771757066044e-05
1772535405.208203,2565,1.3751983642578125,727.1678224687934,0.4863351875619938,0.0005305016830744316,1.0674777317978625e-05,0.05314199413318291,0.0,0.10251998901367188,1.0,3.143671639361289e-05,3.143671639361289e-05,4.2703411295023966e-05
1772535405.2203074,2566,1.0981559753417969,910.6174554928355,0.48579480735573444,0.0006063833903675874,1.0674758246776186e-05,0.05314199413318291,0.0,0.10251998901367188,1.0,3.0935227422924535e-05,3.0935227422924535e-05,4.089385217519105e-05
1772535405.2336378,2567,1.5110969543457031,661.7709056484696,0.4873699448150586,0.0017633211204370076,1.0674739882982658e-05,0.05314199413318291,0.0,0.07271766662597656,1.0,3.2141317637618454e-05,3.2141317637618454e-05,3.94983304869533e-05
1772535405.2459478,2568,1.4748573303222656,678.0316844487553,0.4864901811425834,0.000992419269816355,1.067472626994793e-05,0.05314199413318291,0.0,0.07271766662597656,1.0,3.0043882214482765e-05,3.0043882214480485e-05,3.807078689972423e-05
1772535405.2574065,2569,0.7741451263427734,1291.7474591931013,0.4852148200651945,0.0014295257876629553,1.0674708863799077e-05,0.05314199413318291,0.0017453359098970611,0.07271766662597656,1.0,2.927261229555323e-05,2.927261229555323e-05,0.00022669833605234467
1772535405.2705407,2570,1.2590885162353516,794.2253361105851,0.48603294591420176,0.0009215522029204428,1.0674770408748752e-05,0.05314199413318291,0.0017453359098970611,0.07271766662597656,1.0,3.0338978491533123e-05,3.0338978491533123e-05,5.127099989121683e-05
1772535405.2825727,2571,0.8313655853271484,1202.8402638371092,0.48571214524387935,0.0003586967674033127,1.0674749873187851e-05,0.05314199413318291,0.0,0.07271766662597656,1.0,2.9182785242900752e-05,2.9182785242900752e-05,4.794921492040438e-05
1772535405.2945042,2572,0.5877017974853516,1701.5432048681541,0.4845311858732254,0.0013201679086221624,1.067472859051111e-05,0.05314199413318291,0.0,0.07271766662597656,1.0,2.8136075762820073e-05,2.813607576281954e-05,4.495658745257738e-05
1772535405.3075023,2573,0.8101463317871094,1234.3449087698646,0.48596459302536804,0.0016146572184750285,1.0674706934975e-05,0.05314199413318291,0.0,0.07271766662597656,1.0,2.953613118084294e-05,2.953613118084294e-05,4.253197740443122e-05
1772535405.320628,2574,1.2469291687011719,801.97017208413,0.4866487826970184,0.0007655510717362107,1.0674690885912238e-05,0.05314199413318291,0.0,0.07271766662597656,1.0,2.8786722865566015e-05,2.8786722865566015e-05,4.036639001281382e-05
1772535405.332631,2575,0.8788108825683594,1137.901247965274,0.4860864100435107,0.0006333131828178875,1.0674674549533884e-05,0.05314199413318291,0.0,0.07271766662597656,1.0,2.762593567848366e-05,2.762593567848366e-05,3.8382378140077986e-05
1772535405.3449612,2576,0.8318424224853516,1202.1507595299513,0.4856403833875629,0.0004995018238786058,1.0674656988911067e-05,0.05314199413318291,0.0,0.07271766662597656,1.0,2.730744683691343e-05,2.730744683691344e-05,3.665316763681325e-05
1772535405.3580637,2577,1.2469291687011719,801.97017208413,0.4864789587109255,0.00094066446769578,1.0674640416294443e-05,0.05314199413318291,0.0,0.07271766662597656,1.0,2.781060770259384e-05,2.781060770259384e-05,3.524133448229417e-05
1772535405.3701863,2578,0.8630752563476562,1158.6475138121548,0.4863864976928936,0.0001072000168812935,1.0674626708045815e-05,0.05314199413318291,0.0,0.07271766662597656,1.0,2.692778074194866e-05,2.692778074194866e-05,3.394336004151082e-05
1772535405.3825722,2579,0.8213520050048828,1217.5047895500725,0.4859773857410533,0.0004599515663768097,1.0674612172163074e-05,0.05314199413318291,0.0,0.07271766662597656,1.0,2.6379819593229597e-05,2.6379819593229597e-05,3.278091576682858e-05
1772535405.3953023,2580,0.9670257568359375,1034.0986193293886,0.4864613786359904,0.0005419060750455006,1.0674597742753428e-05,0.05314199413318291,0.0,0.07271766662597656,1.0,2.6611582318238076e-05,2.6611582318238076e-05,3.1826612129854905e-05
1772535405.4075975,2581,0.9455680847167969,1057.565305093293,0.48576827713202514,0.0007780599523626831,1.067458530355125e-05,0.05314199413318291,0.0,0.07271766662597656,1.0,2.5567264759437e-05,2.5567264759437e-05,3.08971755709965e-05
1772535405.4200008,2582,0.7979869842529297,1253.1532715864953,0.4858808591942818,0.00012805703029019415,1.0674571544403535e-05,0.05314199413318291,0.0,0.07271766662597656,1.0,2.5710383741603075e-05,2.5710383741606067e-05,3.0129603772987887e-05
1772535405.432805,2583,0.8652210235595703,1155.7740424359329,0.48672631582491843,0.0009468227488484196,1.0674559510291635e-05,0.05314199413318291,0.0,0.07271766662597656,1.0,2.58788331816091e-05,2.587883318160791e-05,2.9503727469568124e-05
1772535405.4455087,2584,1.0678768157958984,936.4375976780532,0.4866865646077119,5.29662985783377e-05,1.067454905562577e-05,0.05314199413318291,0.0017453359098970611,0.07271766662597656,1.0,2.5089086356969694e-05,2.5089086356969694e-05,0.0002337461220029822
1772535405.4585347,2585,1.5921592712402344,628.0778676250375,0.4867065622679579,2.683928128720383e-05,1.067461675034569e-05,0.05314199413318291,0.0017453359098970611,0.07271766662597656,1.0,2.473054470258719e-05,2.4730544702587945e-05,4.231659816099267e-05
1772535405.4698777,2586,0.7464885711669922,1339.6052379431492,0.4853997925443248,0.001465873440112424,1.0674598446161097e-05,0.05314199413318291,0.0,0.07271766662597656,1.0,2.35963651075417e-05,2.359636510754169e-05,3.9495706344413034e-05
1772535405.4834683,2587,1.432180404663086,698.2360579324122,0.4870852743275939,0.001890063435331347,1.0674579233060977e-05,0.05314199413318291,0.0017453359098970611,0.07271766662597656,1.0,2.498764681427988e-05,2.4987646814279888e-05,0.00021517864835773185
1772535405.495494,2588,1.2640953063964844,791.0795926065636,0.4858135553321188,0.0014287460515571104,1.0674644431611713e-05,0.05314199413318291,0.0017453359098970611,0.07271766662597656,1.0,2.3239634032356567e-05,2.323963403235876e-05,5.559925390195204e-05
1772535405.507816,2589,0.8294582366943359,1205.6062086806553,0.4865697390492413,0.0008479757942013757,1.0674619773100774e-05,0.05314199413318291,0.0,0.07271766662597656,1.0,2.3970215558942487e-05,2.3970215558942487e-05,5.114941899697427e-05
1772535405.5204825,2590,1.0428428649902344,958.9172382258802,0.4863577247883986,0.00024024010997906328,1.0674599519914927e-05,0.05314199413318291,0.0,0.07271766662597656,1.0,2.31223593538458e-05,2.31223593538458e-05,4.713458731094406e-05
1772535405.5328684,2591,1.1165142059326172,895.6446722186632,0.48579602204810723,0.0006298213302352555,1.0674579290421208e-05,0.05314199413318291,0.0,0.07271766662597656,1.0,2.25799618122187e-05,2.2579961812219714e-05,4.3552481025152686e-05
1772535405.5461686,2592,1.4431476593017578,692.9297868825375,0.4875470372855924,0.001960363984715176,1.0674559821381326e-05,0.05314199413318291,0.0,0.07271766662597656,1.0,2.3545215139851303e-05,2.354521513985131e-05,4.0526216010380994e-05
1772535405.5579853,2593,1.1992454528808594,833.8576540755467,0.48575362957819096,0.0020146530956218177,1.0674544680686008e-05,0.05314199413318291,0.0,0.07271766662597656,1.0,2.1400650436659298e-05,2.140065043665931e-05,3.7654479462244696e-05
1772535405.5702314,2594,0.8008480072021484,1248.6763917832689,0.4861335800811102,0.0004279747297821031,1.0674525778582095e-05,0.05314199413318291,0.0,0.07271766662597656,1.0,2.21827947434189e-05,2.218279474341891e-05,3.5249503341798337e-05
1772535405.5824058,2595,0.5092620849609375,1963.625468164794,0.48579279826841987,0.000381128707626795,1.0674510714440495e-05,0.05314199413318291,0.0,0.07271766662597656,1.0,2.1544237205971776e-05,2.1544237205971776e-05,3.310186828237746e-05
1772535405.5949256,2596,0.7226467132568359,1383.8020455295282,0.48532054910807837,0.0005265183023485033,1.0674495564608677e-05,0.05314199413318291,0.0,0.07271766662597656,1.0,2.1180816390963492e-05,2.1180816390963492e-05,3.1214451171628354e-05
1772535405.6076696,2597,0.8499622344970703,1176.5228611500702,0.48588769296083906,0.0006402270328406456,1.0674481025544827e-05,0.05314199413318291,0.0,0.07271766662597656,1.0,2.144120082265642e-05,2.144120082265642e-05,2.962666556216116e-05
1772535405.6206057,2598,0.9171962738037109,1090.2791785807121,0.4870977173358242,0.0013547205646849568,1.0674468548241211e-05,0.05314199413318291,0.0017453359098970611,0.07271766662597656,1.0,2.1569861332398204e-05,2.1569861332398204e-05,0.00022458761793133525
1772535405.632934,2599,0.9794235229492188,1021.0087633885103,0.48613356570958305,0.0010847269126899712,1.0674536639753874e-05,0.05314199413318291,0.0017453359098970611,0.07271766662597656,1.0,2.030913327524946e-05,2.030913327525005e-05,4.615318068718385e-05
1772535405.6459236,2600,1.3251304626464844,754.6426772220223,0.48675356480821985,0.0006935223068953667,1.0674516120675388e-05,0.05314199413318291,0.0,0.07271766662597656,1.0,2.075744011711008e-05,2.0757440117110333e-05,4.249701582483544e-05
1772535405.6582525,2601,1.2803077697753906,781.0621973929236,0.48634354174592004,0.00046264498366386766,1.0674498830283776e-05,0.05314199413318291,0.0,0.07271766662597656,1.0,1.9998512021339414e-05,1.9998512021339414e-05,3.9200797343695366e-05
1772535405.6702602,2602,0.7128715515136719,1402.7772575250835,0.4863697938291266,2.8730218667940076e-05,1.0674481425739409e-05,0.05314199413318291,0.0,0.07271766662597656,1.0,1.9923011275930163e-05,1.9923011275929625e-05,3.630805462371642e-05
1772535405.6829586,2603,1.1000633239746094,909.0385782401387,0.485614845745717,0.000845956793807772,1.0674465590422891e-05,0.05314199413318291,0.0,0.07271766662597656,1.0,1.9284388200471203e-05,1.9284388200471213e-05,3.371708726722214e-05
1772535405.695827,2604,1.3473033905029297,742.2233233056096,0.4862612561491239,0.0007268850746522202,1.067444976534907e-05,0.05314199413318291,0.0,0.07271766662597656,1.0,1.967353389045995e-05,1.9673533890461794e-05,3.1509442891677826e-05
1772535405.7076278,2605,1.0085105895996094,991.5612293144208,0.4847679068709891,0.0016722598210341115,1.0674436461823826e-05,0.05314199413318291,0.0,0.07271766662597656,1.0,1.844758145791321e-05,1.844758145791322e-05,2.946878176602896e-05
1772535405.7202847,2606,0.9860992431640625,1014.0967117988395,0.48570066510852217,0.001053455087550608,1.067442144825089e-05,0.05314199413318291,0.0,0.07271766662597656,1.0,1.927449628626287e-05,1.927449628626287e-05,2.7801769115645714e-05
1772535405.7328188,2607,1.1119842529296875,899.2933104631218,0.48543027125330346,0.00030064583530627987,1.0674409945852595e-05,0.05314199413318291,0.0,0.07271766662597656,1.0,1.854495020187719e-05,1.854495020187449e-05,2.629476404716894e-05
1772535405.74545,2608,0.8530616760253906,1172.2481833426496,0.4867538907430118,0.0014848820618315556,1.067439774429843e-05,0.05314199413318291,0.0,0.07271766662597656,1.0,1.905037945444814e-05,1.905037945444813e-05,2.5066200671935263e-05
1772535405.7571256,2609,0.6051063537597656,1652.6020488573681,0.4845801759284378,0.0024372260810488966,1.0674387942289058e-05,0.05314199413318291,0.0,0.07271766662597656,1.0,1.7309824516611212e-05,1.7309824516611212e-05,2.382965406132885e-05
1772535405.7697237,2610,0.5404949188232422,1850.1561535068372,0.4853967353685097,0.0009244810761756017,1.0674374817009459e-05,0.05314199413318291,0.0,0.07271766662597656,1.0,1.8316595452234702e-05,1.8316595452238043e-05,2.289482220823161e-05
1772535405.7823641,2611,0.644683837890625,1551.1479289940828,0.48565265415130204,0.0002907730983832321,1.0674365454014967e-05,0.05314199413318291,0.0,0.07271766662597656,1.0,1.790579086959054e-05,1.790579086959054e-05,2.206152664153437e-05
1772535405.7951276,2612,0.8435249328613281,1185.5014132278122,0.4861556377668709,0.0005649118423319688,1.0674355961699462e-05,0.05314199413318291,0.0,0.07271766662597656,1.0,1.782387766809299e-05,1.782387766809299e-05,2.1353023459462292e-05
1772535405.8071103,2613,0.6110668182373047,1636.4822473663676,0.4849151997666647,0.0013896017103922486,1.0674347165734994e-05,0.05314199413318291,0.0,0.07271766662597656,1.0,1.6882894001816676e-05,1.6882894001814298e-05,2.0649459609723396e-05
1772535405.8193142,2614,0.4410743713378906,2267.1913513513514,0.4846950547831934,0.00024242217737735925,1.0674336926338168e-05,0.05314199413318291,0.0,0.07271766662597656,1.0,1.7044428166346404e-05,1.704442816634682e-05,2.0077203888345017e-05
1772535405.8323371,2615,0.6699562072753906,1492.63487544484,0.4860103905114751,0.0014804149464076699,1.0674328095970023e-05,0.05314199413318291,0.0,0.07271766662597656,1.0,1.748757880688062e-05,1.748757880688062e-05,1.9651591778950992e-05
1772535405.8452961,2616,0.8113384246826172,1232.531295915369,0.48719630380089285,0.001325588169696639,1.0674321180651968e-05,0.05314199413318291,0.0,0.07271766662597656,1.0,1.731202945222769e-05,1.731202945222768e-05,1.927796128449818e-05
1772535405.857019,2617,0.48995018005371094,2041.0238442822385,0.485380803586173,0.0020391754435505885,1.067431446100658e-05,0.05314199413318291,0.0,0.07271766662597656,1.0,1.592685895521838e-05,1.592685895521837e-05,1.879882277702386e-05
1772535405.869632,2618,0.5133152008056641,1948.1207617278217,0.48581754058096827,0.0004925654903049939,1.0674305030803684e-05,0.05314199413318291,0.0,0.07271766662597656,1.0,1.6554862093330643e-05,1.655486209333024e-05,1.8471377735050043e-05
1772535405.8823087,2619,0.6215572357177734,1608.862293824319,0.4861136641308177,0.00033205890082520586,1.067429806811083e-05,0.05314199413318291,0.0,0.07271766662597656,1.0,1.632709583735974e-05,1.632709583735974e-05,1.8169091919798516e-05
1772535405.8951604,2620,0.7898807525634766,1266.0138846966495,0.48691029309397854,0.0008899660137189225,1.0674291219313404e-05,0.05314199413318291,0.0,0.07271766662597656,1.0,1.635281198919888e-05,1.6352811989195793e-05,1.7918819988821703e-05
1772535405.9069908,2621,0.4801750183105469,2082.573982125124,0.4853966402410064,0.0016995563162909247,1.0674285084617258e-05,0.05314199413318291,0.0,0.07271766662597656,1.0,1.5283096384819057e-05,1.5283096384819057e-05,1.7575378929993747e-05
1772535405.919481,2622,0.5159378051757812,1938.2181146025878,0.4853912243772575,1.6833673721467676e-05,1.067427697102595e-05,0.05314199413318291,0.0,0.07271766662597656,1.0,1.5601918163163346e-05,1.5601918163163346e-05,1.7322816441250985e-05
1772535405.9323483,2623,0.6656646728515625,1502.2578796561604,0.4863489435503354,0.001075282785014486,1.0674270451853473e-05,0.05314199413318291,0.0,0.07271766662597656,1.0,1.578781971749579e-05,1.578781971749579e-05,1.713170455217822e-05
1772535405.9449723,2624,0.7410049438476562,1349.5186615186615,0.4865046089922036,0.00017221338567908193,1.0674265012188426e-05,0.05314199413318291,0.0,0.07271766662597656,1.0,1.534418152830235e-05,1.534418152830235e-05,1.6914197035399347e-05
1772535405.9569535,2625,0.4596710205078125,2175.46887966805,0.48555168566303947,0.0010696501976439367,1.0674259023210424e-05,0.05314199413318291,0.0,0.07271766662597656,1.0,1.474506752141707e-05,1.4745067521420462e-05,1.665304207173157e-05
1772535405.969433,2626,0.42629241943359375,2345.807606263982,0.4856344764495878,9.600919761694334e-05,1.0674252194828394e-05,0.05314199413318291,0.0,0.07271766662597656,1.0,1.4898959035402945e-05,1.4898959035402945e-05,1.6448256843064153e-05
1772535405.9822884,2627,0.5824565887451172,1716.866148178469,0.4864576228863328,0.0009230601191631245,1.067424643074696e-05,0.05314199413318291,0.0,0.07271766662597656,1.0,1.499578785848383e-05,1.4995787858480354e-05,1.6284741273882966e-05
1772535405.9953156,2628,0.7913112640380859,1263.725218439289,0.48759514802004306,0.0012689275928478014,1.0674241464098506e-05,0.05314199413318291,0.0017453359098970611,0.07271766662597656,1.0,1.4973879021171151e-05,1.4973879021171143e-05,0.00024032162289511084
1772535406.007605,2629,0.9224414825439453,1084.0796071336263,0.4862131740924638,0.0015557655873519396,1.0674315981706436e-05,0.05314199413318291,0.0017453359098970611,0.07271766662597656,1.0,1.3743296676637987e-05,1.3743296676638555e-05,2.9771034775781152e-05
1772535406.0203707,2630,1.2359619140625,809.0864197530864,0.4861578979873509,6.31552199511549e-05,1.0674301994502474e-05,0.05314199413318291,0.0,0.07271766662597656,1.0,1.3952069038043187e-05,1.3952069038043187e-05,2.7436077018499e-05
1772535406.033013,2631,1.1622905731201172,860.3700512820512,0.4869292559809691,0.0008621728101496568,1.06742899509791e-05,0.05314199413318291,0.0,0.07271766662597656,1.0,1.4057534123275073e-05,1.4057534123276413e-05,2.5402163180016952e-05
1772535406.045713,2632,0.8990764617919922,1112.2524529302573,0.4882312012652868,0.0014501252623982876,1.0674279358686174e-05,0.05314199413318291,0.0,0.07271766662597656,1.0,1.4106724946230276e-05,1.4106724946230276e-05,2.3632712682926474e-05
1772535406.0570073,2633,0.5538463592529297,1805.554885923375,0.48491142445974755,0.0037263313571681556,1.0674269903137212e-05,0.05314199413318291,0.0,0.07271766662597656,1.0,1.2437683295217978e-05,1.2437683295217978e-05,2.1918842216034102e-05
1772535406.0699189,2634,0.6115436553955078,1635.206237816764,0.48620322874997995,0.0014541128647789696,1.0674257290960296e-05,0.05314199413318291,0.0,0.07271766662597656,1.0,1.3664580161418732e-05,1.3664580161418732e-05,2.056771640183459e-05
1772535406.0827944,2635,1.0592937469482422,944.0252081926626,0.48617643877987277,3.0540885568332894e-05,1.0674248948097127e-05,0.05314199413318291,0.0,0.07271766662597656,1.0,1.3133009073726778e-05,1.3133009073726778e-05,1.934878340195049e-05
1772535406.096001,2636,1.386880874633789,721.042461750043,0.4875802798546578,0.0015694789687352097,1.0674240085833379e-05,0.05314199413318291,0.0,0.07271766662597656,1.0,1.3448281674681794e-05,1.3448281674684754e-05,1.8340062434548624e-05
1772535406.1077654,2637,1.1310577392578125,884.1281618887015,0.4854821728469275,0.002355762941549095,1.0674232828020072e-05,0.05314199413318291,0.0,0.07271766662597656,1.0,1.2230717460280942e-05,1.2230717460280952e-05,1.734845740760831e-05
1772535406.12052,2638,1.0433197021484375,958.4789762340037,0.48678060988530697,0.0014571350913856484,1.0674223288620412e-05,0.05314199413318291,0.0,0.07271766662597656,1.0,1.3074072958210586e-05,1.307407295821399e-05,1.659945013871296e-05
1772535406.1336932,2639,1.4140605926513672,707.1832743213623,0.4879533826111391,0.001307283502597621,1.0674216736328803e-05,0.05314199413318291,0.0,0.07271766662597656,1.0,1.2948031351184783e-05,1.2948031351184783e-05,1.5955255467378757e-05
1772535406.1454709,2640,1.1324882507324219,883.0113684210527,0.4860216345768825,0.0021711036889470346,1.0674210465730721e-05,0.05314199413318291,0.0,0.07271766662597656,1.0,1.1886683874899407e-05,1.1886683874895628e-05,1.5294114258561657e-05
1772535406.157771,2641,1.0077953338623047,992.2649633309676,0.4855658608937515,0.00050866918375612,1.0674202211703961e-05,0.05314199413318291,0.0,0.07271766662597656,1.0,1.2114310166991068e-05,1.2114310166988745e-05,1.476356661963559e-05
1772535406.170039,2642,0.8740425109863281,1144.1091107474085,0.485354390606273,0.00023361259493587743,1.0674195333012265e-05,0.05314199413318291,0.0,0.07271766662597656,1.0,1.202712038215138e-05,1.202712038215138e-05,1.4309037905797484e-05
1772535406.1829853,2643,1.2462139129638672,802.4304572412474,0.4858688469268657,0.0005815478752387041,1.0674188909677467e-05,0.05314199413318291,0.0,0.07271766662597656,1.0,1.209661487319373e-05,1.209661487319373e-05,1.3937876421789738e-05
1772535406.1955285,2644,0.9226799011230469,1083.7994832041343,0.48683113383375315,0.0010782540459576824,1.0674183267825649e-05,0.05314199413318291,0.0,0.07271766662597656,1.0,1.211297399854435e-05,1.211297399854435e-05,1.363176463260584e-05
1772535406.2075846,2645,0.6921291351318359,1444.817085773338,0.48601476359838186,0.0009174411759954293,1.0674178189145066e-05,0.05314199413318291,0.0,0.07271766662597656,1.0,1.1490775268002153e-05,1.1490775268005014e-05,1.3303378442621739e-05
1772535406.2207053,2646,0.8666515350341797,1153.8662998624484,0.4875333178920014,0.0016991162170833763,1.0674172089881128e-05,0.05314199413318291,0.0,0.07271766662597656,1.0,1.2000466602231298e-05,1.2000466602231298e-05,1.3090925142854141e-05
1772535406.2331595,2647,0.8847713470458984,1130.2355160334141,0.48709768665885583,0.000496771900851191,1.0674167804565768e-05,0.05314199413318291,0.0,0.07271766662597656,1.0,1.1364382791432949e-05,1.1364382791432959e-05,1.2837982039811703e-05
1772535406.2447844,2648,0.5242824554443359,1907.368804001819,0.4849869246817417,0.0023670298592326964,1.0674162383681434e-05,0.05314199413318291,0.0,0.07271766662597656,1.0,1.0734044906987343e-05,1.0734044906987343e-05,1.2548218419683767e-05
1772535406.2574599,2649,0.8158683776855469,1225.687901811806,0.48509853065471054,0.00013847599649902413,1.067415599782402e-05,0.05314199413318291,0.0,0.07271766662597656,1.0,1.1139650621762498e-05,1.1139650621757736e-05,1.2352823873246346e-05
1772535406.2696166,2650,0.6282329559326172,1591.7662239089184,0.4843842686055049,0.0007941577768587729,1.0674151236806818e-05,0.05314199413318291,0.0,0.07271766662597656,1.0,1.0780193035934873e-05,1.0780193035934883e-05,1.2143674205121826e-05
1772535406.2824378,2651,0.7154941558837891,1397.635454848384,0.48558347506205995,0.0013545667200142392,1.0674146084541068e-05,0.05314199413318291,0.0,0.07271766662597656,1.0,1.1145216422533658e-05,1.1145216422529899e-05,1.2012182734521889e-05
1772535406.295532,2652,0.8611679077148438,1161.2137320044296,0.4872025827046138,0.0018140662540433617,1.0674142313246553e-05,0.05314199413318291,0.0,0.07271766662597656,1.0,1.117414548759972e-05,1.1174145487600103e-05,1.1905840995380803e-05
1772535406.3073103,2653,0.6823539733886719,1465.5150244584206,0.4850408361723088,0.0024257615404589708,1.0674138954524583e-05,0.05314199413318291,0.0,0.07271766662597656,1.0,1.009275028580959e-05,1.00927502858096e-05,1.1680745682401041e-05
1772535406.31946,2654,0.48089027404785156,2079.476450173525,0.48471655486327864,0.00035840611928816693,1.0674138954524583e-05,0.05314199413318291,0.0,0.07271766662597656,1.0,1.0368241334523983e-05,1.0368241334524362e-05,1.1522468380644671e-05
1772535406.3322573,2655,0.5884170532226562,1699.4748784440842,0.48560848334040513,0.0010075194393756282,1.0674128965023625e-05,0.05314199413318291,0.0,0.07271766662597656,1.0,1.054621737208596e-05,1.054621737208596e-05,1.1409327970903721e-05
1772535406.3452475,2656,0.7836818695068359,1276.0279890477639,0.4867716768784082,0.0013036995630483345,1.0674128965023625e-05,0.05314199413318291,0.0,0.07271766662597656,1.0,1.0522429557154199e-05,1.0522429557154199e-05,1.130990186034327e-05
1772535406.356918,2657,0.4329681396484375,2309.638766519824,0.48484418813485347,0.0021619204483332346,1.0674122210853743e-05,0.05314199413318291,0.0,0.07271766662597656,1.0,9.65060414558025e-06,9.65060414558025e-06,1.1114287550045492e-05
1772535406.3692424,2658,0.40149688720703125,2490.6793349168647,0.48462390979067016,0.00024245390882298058,1.0674122210853743e-05,0.05314199413318291,0.0,0.07271766662597656,1.0,9.887118976606652e-06,9.887118976606652e-06,1.0975419317828473e-05
1772535406.3818374,2659,0.3917217254638672,2552.832623250152,0.48513911915524544,0.0005864924414085145,1.067411331190006e-05,0.05314199413318291,0.0,0.07271766662597656,1.0,9.939112121978547e-06,9.939112121978547e-06,1.0861951422051621e-05
1772535406.3941774,2660,0.34928321838378906,2863.00614334471,0.4849224887331617,0.00023923218202663343,1.067411331190006e-05,0.05314199413318291,0.0,0.07271766662597656,1.0,9.6551011944718e-06,9.655101194476936e-06,1.0727781790331637e-05
1772535406.4067955,2661,0.36215782165527344,2761.2271231073073,0.48545856898229806,0.0006066582402294526,1.067411331190006e-05,0.05314199413318291,0.0,0.07271766662597656,1.0,9.709828159318615e-06,9.709828159318615e-06,1.0618638695381184e-05
1772535406.4193716,2662,0.4992485046386719,2003.0105062082139,0.48547931730116844,2.825813713478508e-05,1.0674102976867029e-05,0.05314199413318291,0.0,0.07271766662597656,1.0,9.485287581580406e-06,9.485287581580406e-06,1.0495412707934266e-05
1772535406.4318075,2663,0.34928321838378906,2863.00614334471,0.48579209502905607,0.00035233563427763904,1.0674102976867029e-05,0.05314199413318291,0.0,0.07271766662597656,1.0,9.43730837610802e-06,9.43730837610802e-06,1.0382408537582026e-05
1772535406.444273,2664,0.35452842712402344,2820.6482851378614,0.48575073221781273,4.6140447762315515e-05,1.0674102976867029e-05,0.05314199413318291,0.0,0.07271766662597656,1.0,9.248377585903548e-06,9.248377585903548e-06,1.026010222843525e-05
1772535406.456845,2665,0.396728515625,2520.6153846153848,0.48599801052358593,0.0002771737325708756,1.0674102976867029e-05,0.05314199413318291,0.0,0.07271766662597656,1.0,9.198478103844464e-06,9.198478103844474e-06,1.0147418544130407e-05
1772535406.4693437,2666,0.39577484130859375,2526.6891566265062,0.48598388399344256,1.8029518564075205e-05,1.067408991591881e-05,0.05314199413318291,0.0,0.07271766662597656,1.0,9.032985440451077e-06,9.032985440451067e-06,1.0028184800127213e-05
1772535406.481808,2667,0.35381317138671875,2826.3504043126686,0.48605407408302126,7.792662747990729e-05,1.067408991591881e-05,0.05314199413318291,0.0,0.07271766662597656,1.0,8.93889204621075e-06,8.938892046215906e-06,9.912353362692127e-06
1772535406.4943159,2668,0.35881996154785156,2786.9129568106314,0.48613858169026297,9.37061358409303e-05,1.067408991591881e-05,0.05314199413318291,0.0,0.07271766662597656,1.0,8.832942345095386e-06,8.832942345095386e-06,9.797877276455915e-06
1772535406.5066555,2669,0.35762786865234375,2796.2026666666666,0.4856102426802757,0.0005929540210443156,1.067408991591881e-05,0.05314199413318291,0.0,0.07271766662597656,1.0,8.590810042806084e-06,8.590810042806094e-06,9.66706364642469e-06
1772535406.5192833,2670,0.4189014434814453,2387.196357427433,0.48601878178612085,0.00045888089158182415,1.067408991591881e-05,0.05314199413318291,0.0,0.07271766662597656,1.0,8.668759531555787e-06,8.668759531555787e-06,9.563059355787573e-06
1772535406.53169,2671,0.3657341003417969,2734.2268578878748,0.4858563141835693,0.00018278248579743146,1.067408991591881e-05,0.05314199413318291,0.0,0.07271766662597656,1.0,8.451256400346055e-06,8.451256400346436e-06,9.444376697113132e-06
1772535406.5442553,2672,0.4115104675292969,2430.071842410197,0.48606128828653744,0.00022954498052395214,1.067408991591881e-05,0.05314199413318291,0.0,0.07271766662597656,1.0,8.417693834759182e-06,8.417693834759574e-06,9.33659018582988e-06
1772535406.5568693,2673,0.41294097900390625,2421.6535796766743,0.48646878712544706,0.00045490626126529926,1.067408991591881e-05,0.05314199413318291,0.0,0.07271766662597656,1.0,8.361019067376194e-06,8.361019067381324e-06,9.235245440172395e-06
1772535406.5693593,2674,0.44274330139160156,2258.645126548196,0.4863351042348129,0.00015421784141573033,1.067408991591881e-05,0.05314199413318291,0.0,0.07271766662597656,1.0,8.157648124509467e-06,8.157648124509467e-06,9.12066272047861e-06
1772535406.5823624,2675,0.6120204925537109,1633.9322165952474,0.48751935088776926,0.0013218248864476756,1.067408991591881e-05,0.05314199413318291,0.0,0.07271766662597656,1.0,8.319625743695874e-06,8.319625743695874e-06,9.041549755083481e-06
1772535406.595024,2676,0.7994174957275391,1250.9108261258575,0.4873240030323844,0.00023330868619892602,1.067408991591881e-05,0.05314199413318291,0.0,0.07271766662597656,1.0,7.9752578023243e-06,7.9752578023243e-06,8.928083026547453e-06
1772535406.6069336,2677,0.48041343688964844,2081.540446650124,0.48608199147296016,0.001397437792171451,1.067408991591881e-05,0.05314199413318291,0.0,0.07271766662597656,1.0,7.661868128786492e-06,7.661868128781405e-06,8.788822497210918e-06
1772535406.6193244,2678,0.4508495330810547,2218.034902168165,0.48585884877809193,0.00024973163574212084,1.067408991591881e-05,0.05314199413318291,0.0,0.07271766662597656,1.0,7.727688843187078e-06,7.727688843187078e-06,8.675791088882353e-06
1772535406.6320858,2679,0.5366802215576172,1863.3069746779208,0.4865126959882567,0.000732829614969372,1.067408991591881e-05,0.05314199413318291,0.0,0.07271766662597656,1.0,7.79333577895302e-06,7.793335778958083e-06,8.585440528705518e-06
1772535406.6442518,2680,0.3981590270996094,2511.5592814371257,0.48567595077374526,0.0009390142837650629,1.067408991591881e-05,0.05314199413318291,0.0,0.07271766662597656,1.0,7.429421694165114e-06,7.4294216941701635e-06,8.459652514106603e-06
1772535406.6567504,2681,0.37670135498046875,2654.6227848101266,0.48584305802987987,0.00018976694955623948,1.067408991591881e-05,0.05314199413318291,0.0,0.07271766662597656,1.0,7.5007460045454135e-06,7.5007460045454135e-06,8.359084238139394e-06
1772535406.669269,2682,0.4189014434814453,2387.196357427433,0.4858620745516066,2.329162454648065e-05,1.067408991591881e-05,0.05314199413318291,0.0,0.07271766662597656,1.0,7.3830877608646565e-06,7.3830877608603036e-06,8.256022469590357e-06
1772535406.6819787,2683,0.5176067352294922,1931.9686780285583,0.4863216083923234,0.0005153069834764475,1.067404257593237e-05,0.05314199413318291,0.0,0.07271766662597656,1.0,7.371410600318753e-06,7.371410600318753e-06,8.16450283172536e-06
1772535406.6942585,2684,0.4210472106933594,2375.030577576444,0.48584961704144897,0.0005298529781330934,1.067404257593237e-05,0.05314199413318291,0.0017453359098970611,0.07271766662597656,1.0,7.12200189088801e-06,7.1220018908876164e-06,0.00024051105572809152
1772535406.707005,2685,0.4673004150390625,2139.9510204081635,0.4865669932315787,0.000803813478459588,1.0674116821220264e-05,0.05314199413318291,0.0017453359098970611,0.07271766662597656,1.0,7.322992519280515e-06,7.322992519280515e-06,2.5766773319735688e-05
1772535406.719668,2686,0.5271434783935547,1897.0167345092718,0.4869557701802653,0.00043195203342969596,1.0674107367977905e-05,0.05314199413318291,0.0,0.07271766662597656,1.0,7.121296608004202e-06,7.121296608003982e-06,2.3390111699274712e-05
1772535406.7324789,2687,0.6706714630126953,1491.0430145751866,0.4873322555983079,0.0004165154016189715,1.067409852375479e-05,0.05314199413318291,0.0,0.07271766662597656,1.0,6.98774926449869e-06,6.98774926449869e-06,2.125494206983909e-05
1772535406.7451859,2688,0.8807182312011719,1135.4369247428262,0.4872991545634994,5.860975239532845e-05,1.067409034945929e-05,0.05314199413318291,0.0017453359098970611,0.07271766662597656,1.0,6.802189941926785e-06,6.802189941923522e-06,0.0002214427780587832
1772535406.7570226,2689,0.4718303680419922,2119.4057604850937,0.4860057608290593,0.0014537456301458832,1.0674161699511353e-05,0.05314199413318291,0.0,0.07271766662597656,1.0,7.461766269761551e-06,7.461766269770337e-06,0.00019709692173686924
1772535406.7695627,2690,0.5030632019042969,1987.8218009478674,0.48609381328637485,9.989348143985623e-05,1.0674225665290667e-05,0.05314199413318291,0.0017453359098970611,0.07271766662597656,1.0,9.240645162420838e-06,9.240645162420838e-06,6.427655857440356e-05
1772535406.7823987,2691,0.6625652313232422,1509.2853544440445,0.4867157802519984,0.0006963289795259319,1.067420490880427e-05,0.05314199413318291,0.0017453359098970611,0.07271766662597656,1.0,8.713481237443474e-06,8.713481237443474e-06,0.0001815629769535866
1772535406.795249,2692,0.8394718170166016,1191.2252201079239,0.4873854306308517,0.0007456880911211509,1.0674265271661379e-05,0.05314199413318291,0.0017453359098970611,0.07271766662597656,1.0,1.0483096956710819e-05,1.0483096956696594e-05,7.837735264282096e-05
1772535406.8070896,2693,0.5192756652832031,1925.7594123048668,0.4857972654180017,0.0017836508383951072,1.0674240789188145e-05,0.05314199413318291,0.0017453359098970611,0.07271766662597656,1.0,9.100301684871238e-06,9.100301684871238e-06,0.00016876534968090774
1772535406.8196836,2694,0.49114227294921875,2036.0699029126213,0.48622754653950734,0.0004844023094891763,1.0674296674041895e-05,0.05314199413318291,0.0017453359098970611,0.07271766662597656,1.0,1.1267454246908936e-05,1.1267454246907969e-05,8.972751438902477e-05
1772535406.8323328,2695,0.6320476531982422,1582.159185213127,0.4862734645237798,5.1396475882808116e-05,1.0674268830141067e-05,0.05314199413318291,0.0,0.07271766662597656,1.0,1.0153732432414085e-05,1.0153732432413118e-05,8.099358940944055e-05
1772535406.8452654,2696,1.0156631469726562,984.5784037558685,0.48660921802569107,0.0003752634954521146,1.0674243334774683e-05,0.05314199413318291,0.0,0.07271766662597656,1.0,9.332768011259254e-06,9.332768011259254e-06,7.310622871443845e-05
1772535406.8570411,2697,0.5497932434082031,1818.865568083261,0.4854155742296552,0.0013379358251029974,1.0674220213069556e-05,0.05314199413318291,0.0,0.07271766662597656,1.0,8.242716022131914e-06,8.242716022131914e-06,6.587805357848825e-05
1772535406.8696415,2698,0.5185604095458984,1928.415632183908,0.48604908950367065,0.0007143991640839032,1.067419853918651e-05,0.05314199413318291,0.0,0.07271766662597656,1.0,7.93212217643506e-06,7.932122176458815e-06,5.943906591679976e-05
1772535406.882133,2699,0.5278587341308594,1894.4462511291779,0.48583377894674046,0.00024013745847222784,1.0674179407442524e-05,0.05314199413318291,0.0,0.07271766662597656,1.0,7.233682133066739e-06,7.233682133066739e-06,5.357195703967455e-05
1772535406.894524,2700,0.5738735198974609,1742.5442459493145,0.48542139259623096,0.0004596289525668692,1.0674161627555112e-05,0.05314199413318291,0.0,0.07271766662597656,1.0,6.734773649105129e-06,6.734773649105129e-06,4.825921383403197e-05
1772535406.9068425,2701,0.392913818359375,2545.0873786407765,0.48538676731273905,4.223318065072593e-05,1.067414528353272e-05,0.05314199413318291,0.0,0.07271766662597656,1.0,6.409038144512541e-06,6.409038144505587e-06,4.3471873281713474e-05
1772535406.9192593,2702,0.34809112548828125,2872.8109589041096,0.48532014942178076,7.437143169770753e-05,1.0674130443751109e-05,0.05314199413318291,0.0,0.07271766662597656,1.0,6.09361272892242e-06,6.093612728923223e-06,3.9144681474703e-05
1772535406.9318306,2703,0.3972053527832031,2517.5894357743095,0.4855794285942229,0.000296003690010643,1.0674116829564997e-05,0.05314199413318291,0.0,0.07271766662597656,1.0,5.891249672127642e-06,5.891249672127642e-06,3.524554837016101e-05
1772535406.9443169,2704,0.38170814514160156,2619.8026233603996,0.48566958633556445,0.00010514220447968517,1.0674104451848539e-05,0.05314199413318291,0.0,0.07271766662597656,1.0,5.672773845702703e-06,5.672773845701991e-06,3.1720139508287864e-05
1772535406.95674,2705,0.37741661071777344,2649.591914087176,0.4855048066689935,0.0001827025594104189,1.0674093029615642e-05,0.05314199413318291,0.0,0.07271766662597656,1.0,5.482111431890982e-06,5.482111431890317e-06,2.8533278989294563e-05
1772535406.9696143,2706,0.637054443359375,1569.7245508982037,0.4860763650414756,0.0006429872503758281,1.067408243750172e-05,0.05314199413318291,0.0,0.07271766662597656,1.0,5.456667649249611e-06,5.456667649246776e-06,2.567544580083805e-05
1772535406.9820023,2707,0.4944801330566406,2022.3259402121505,0.4861623910098561,9.582407044863978e-05,1.0674072929164137e-05,0.05314199413318291,0.0,0.07271766662597656,1.0,5.306686008845137e-06,5.306686008844627e-06,2.3091196057740223e-05
1772535406.994537,2708,0.5855560302734375,1707.7785016286646,0.48598185642580377,0.00020294599047980785,1.067406401285897e-05,0.05314199413318291,0.0,0.07271766662597656,1.0,5.198604718077293e-06,5.198604718077293e-06,2.0761545494345505e-05
1772535407.007111,2709,0.5800724029541016,1723.9227291409782,0.4862494075718722,0.00029957017192412184,1.0674055691575552e-05,0.05314199413318291,0.0017453359098970611,0.07271766662597656,1.0,5.194964759170768e-06,5.194964759171252e-06,0.00022126283637435455
1772535407.02014,2710,0.9679794311523438,1033.079802955665,0.4869439375615642,0.0007754234607076464,1.0674127200046708e-05,0.05314199413318291,0.0017453359098970611,0.07271766662597656,1.0,5.8632644800466725e-06,5.863264480055272e-06,4.224122522794315e-05
1772535407.032477,2711,0.6771087646484375,1476.867605633803,0.48706887464003623,0.00013707255204951276,1.067411294028001e-05,0.05314199413318291,0.0,0.07271766662597656,1.0,5.496287194336852e-06,5.496287194336852e-06,3.800850276700959e-05
1772535407.0452178,2712,0.8094310760498047,1235.4356406480117,0.48732634293712324,0.0002835402711201934,1.0674099718240577e-05,0.05314199413318291,0.0,0.07271766662597656,1.0,5.2794861252926655e-06,5.279486125286962e-06,3.418704160392701e-05
1772535407.0571406,2713,0.5848407745361328,1709.867101508357,0.48583506035331425,0.001675537815627067,1.0674087643197678e-05,0.05314199413318291,0.0,0.07271766662597656,1.0,4.877619964319253e-06,4.877619964319253e-06,3.069326259205413e-05
1772535407.0701559,2714,0.6549358367919922,1526.8671277757553,0.4873119672873664,0.0016538566196210088,1.0674076017096909e-05,0.05314199413318291,0.0,0.07271766662597656,1.0,5.0818998937589745e-06,5.081899893758335e-06,2.7607051395813168e-05
1772535407.0826488,2715,0.7383823394775391,1354.3119147562156,0.48691661919100904,0.00045034349783826006,1.0674066214725892e-05,0.05314199413318291,0.0017453359098970611,0.07271766662597656,1.0,4.77496496293759e-06,4.77496496293759e-06,0.00021494053249406203
1772535407.0957086,2716,0.8599758148193359,1162.823398946493,0.4882594375502727,0.0014965633960131151,1.0674135749550762e-05,0.05314199413318291,0.0017453359098970611,0.07271766662597656,1.0,5.968660004444452e-06,5.968660004444452e-06,4.8013651553806556e-05
1772535407.107591,2717,0.7750988006591797,1290.1581051984006,0.4860638453751777,0.002467432006978842,1.0674120062106603e-05,0.05314199413318291,0.0,0.07271766662597656,1.0,5.112114121525792e-06,5.112114121525792e-06,4.311647650312085e-05
1772535407.1211848,2718,1.4164447784423828,705.9929304830837,0.48768497032348884,0.0018142089630868267,1.0674104688183147e-05,0.05314199413318291,0.0,0.07271766662597656,1.0,5.2585043452524985e-06,5.258504345245903e-06,3.8815218975401234e-05
1772535407.1336093,2719,1.3015270233154297,768.3282652500458,0.4875040668013565,0.00021467062931761042,1.0674091701651697e-05,0.05314199413318291,0.0,0.07462501525878906,1.0,4.817085397689906e-06,4.817085397685081e-06,3.487254305550082e-05
1772535407.145818,2720,1.2061595916748047,829.0776833366278,0.4866486027666272,0.0009639030244574526,1.0674079322143902e-05,0.05314199413318291,0.0,0.07462501525878906,1.0,4.550523806379826e-06,4.550523806379835e-06,3.1295450061256835e-05
1772535407.159443,2721,1.6980171203613281,588.9222128615557,0.4887215955406203,0.002314979198834937,1.0674067772266333e-05,0.05314199413318291,0.0,0.09012222290039062,1.0,4.733632983061617e-06,4.733632983061617e-06,2.8129175401386918e-05
1772535407.170175,2722,0.8053779602050781,1241.6530491415037,0.4851754577720238,0.003979404135786973,1.0674057985334389e-05,0.05314199413318291,0.0,0.09012222290039062,1.0,4.04503784559805e-06,4.045037845598606e-06,2.516349361268193e-05
1772535407.1833065,2723,1.1990070343017578,834.0234639093259,0.4861837872765646,0.0011371866141455902,1.0674047464618732e-05,0.05314199413318291,0.0,0.09012222290039062,1.0,4.42139229832976e-06,4.42139229832976e-06,2.257152887551508e-05
1772535407.196343,2724,1.4865398406982422,672.7031275060144,0.4870324440689845,0.0009506085663014205,1.0674038961050643e-05,0.05314199413318291,0.0,0.09012222290039062,1.0,4.376611612790532e-06,4.376611612790083e-06,2.023197153037666e-05
1772535407.2085917,2725,1.4066696166992188,710.8989830508475,0.4861392871971118,0.001002781085987643,1.0674031108189812e-05,0.05314199413318291,0.0,0.09012222290039062,1.0,4.176868452322047e-06,4.176868452322037e-06,1.810368763744195e-05
1772535407.220594,2726,1.2319087982177734,811.7484033288175,0.48501555258562684,0.0012560649459104273,1.0674023416879055e-05,0.05314199413318291,0.0,0.09012222290039062,1.0,4.122896853794023e-06,4.122896853794023e-06,1.6190289138040353e-05
1772535407.23235,2727,0.6313323974609375,1583.95166163142,0.48432441120739483,0.0007671234846877896,1.0674016232489482e-05,0.05314199413318291,0.0,0.039577484130859375,1.0,4.1431190455336745e-06,4.1431190455336745e-06,1.4479481179340787e-05
1772535407.2446392,2728,0.5426406860351562,1842.8400702987697,0.4840738661071745,0.0002764527380969486,1.067400967665821e-05,0.05314199413318291,0.0,0.039577484130859375,1.0,4.1752989661567624e-06,4.1752989661567624e-06,1.295229366248477e-05
1772535407.257924,2729,0.6480216979980469,1543.158204562178,0.48678480712443445,0.003048368550286135,1.0674003703734215e-05,0.05314199413318291,0.0,0.039577484130859375,1.0,4.485851488674977e-06,4.485851488674977e-06,1.1611008345536326e-05
1772535407.270209,2730,0.7073879241943359,1413.6514998314797,0.48565368641723955,0.0012693677333924906,1.0673998905866684e-05,0.05314199413318291,0.0,0.039577484130859375,1.0,4.120158752119341e-06,4.120158752119341e-06,1.0388877244614672e-05
1772535407.2831557,2731,1.1565685272216797,864.6266749123891,0.4857887624162182,0.0001555206486827861,1.067399354602053e-05,0.05314199413318291,0.0,0.044345855712890625,1.0,4.235563404262444e-06,4.235563404271481e-06,9.313621570272185e-06
1772535407.2957597,2732,1.1975765228271484,835.0197093370496,0.48611317221484923,0.0003654246112169513,1.0673988847136147e-05,0.05314199413318291,0.0,0.044345855712890625,1.0,4.255083242608645e-06,4.255083242608645e-06,8.365966934793399e-06
1772535407.3082032,2733,1.1882781982421875,841.553772070626,0.48590960467388244,0.0002277168292911918,1.0673984515545461e-05,0.05314199413318291,0.0,0.04673004150390625,1.0,4.19911016437906e-06,4.199110164378942e-06,7.531760887682811e-06
1772535407.320531,2734,1.180410385131836,847.1629973742678,0.48535402868488237,0.0006205722866072629,1.0673980351994098e-05,0.05314199413318291,0.0017453359098970611,0.0553131103515625,1.0,4.150654861922103e-06,4.150654861922095e-06,0.00023356595828735415
1772535407.3338873,2735,1.3630390167236328,733.6547140108448,0.487739334453719,0.0026725042035940674,1.0674055430071132e-05,0.05314199413318291,0.0,0.05626678466796875,1.0,4.133449441067939e-06,4.133449441062253e-06,0.00020862275393489365
1772535407.3455546,2736,1.1680126190185547,856.1551337007553,0.4852851014520639,0.0027552965265823146,1.0674124073658301e-05,0.05314199413318291,0.0017453359098970611,0.05626678466796875,1.0,5.139490196723014e-06,5.139490196723949e-06,5.3544971778119706e-05
1772535407.358266,2737,1.2505054473876953,799.6766444232602,0.4858445868982755,0.000632116176431163,1.0674105998150298e-05,0.05314199413318291,0.0,0.05626678466796875,1.0,4.95718125004188e-06,4.957181250029818e-06,4.8193752325593036e-05
1772535407.3711574,2738,1.459360122680664,685.2318248652181,0.4864565812325686,0.0006864177746928549,1.0674090183046042e-05,0.05314199413318291,0.0,0.056743621826171875,1.0,4.523177978446948e-06,4.523177978446948e-06,4.3351416680875966e-05
1772535407.3832407,2739,1.1167526245117188,895.4534585824082,0.4859937961428484,0.0005198798799062284,1.0674075787431628e-05,0.05314199413318291,0.0,0.056743621826171875,1.0,4.0589267083805636e-06,4.058926708390008e-06,3.89365036154427e-05
1772535407.395666,2740,1.2438297271728516,803.9685643089898,0.4851905963116809,0.0008982122230368237,1.0674062418863421e-05,0.05314199413318291,0.0,0.08106231689453125,1.0,3.744277433789889e-06,3.744277433789889e-06,3.493756241131707e-05
1772535407.4091382,2741,1.4989376068115234,667.1391760776205,0.48792308968256326,0.003061780561513304,1.06740501232932e-05,0.05314199413318291,0.0,0.1068115234375,1.0,3.852889478536641e-06,3.852889478536641e-06,3.140674978480101e-05
1772535407.4201326,2742,0.7510185241699219,1331.5250793650794,0.48488063764018,0.003414673311103835,1.0674039649601012e-05,0.05314199413318291,0.0,0.1068115234375,1.0,3.227993501253468e-06,3.227993501253468e-06,2.8091090458691365e-05
1772535407.4325993,2743,0.6759166717529297,1479.4723104056438,0.48503144646502844,0.00018097282360937664,1.067402886448608e-05,0.05314199413318291,0.0,0.1068115234375,1.0,3.370256628579397e-06,3.370256628579397e-06,2.516160499726159e-05
1772535407.4455922,2744,0.8020401000976562,1246.8204518430439,0.48646272330183193,0.0016085361644578922,1.0674019612324995e-05,0.05314199413318291,0.0,0.1068115234375,1.0,3.422468942858696e-06,3.422468942858696e-06,2.253555813369419e-05
1772535407.457789,2745,0.7243156433105469,1380.6135615536537,0.4856674363281889,0.0008923310384990948,1.0674011403183861e-05,0.05314199413318291,0.0,0.1068115234375,1.0,3.2284553076872786e-06,3.2284553076872786e-06,2.0133943686044776e-05
1772535407.4704998,2746,0.7388591766357422,1353.4378831881252,0.48635791618554836,0.0007751196665440402,1.0674003433504325e-05,0.05314199413318291,0.0,0.1068115234375,1.0,3.3365125165358833e-06,3.3365125165394963e-06,1.7986972149769495e-05
1772535407.4827087,2747,0.6501674652099609,1538.065273193986,0.48560262117879716,0.0008469680312925775,1.0673996400112358e-05,0.05314199413318291,0.0,0.1068115234375,1.0,3.235138759999524e-06,3.235138759994948e-06,1.6038186412606527e-05
1772535407.4957805,2748,0.8256435394287109,1211.1764366156513,0.48693233821300175,0.0014903981893914628,1.067398965173333e-05,0.05314199413318291,0.0,0.1068115234375,1.0,3.4182363620134163e-06,3.4182363620134163e-06,1.4302788743780903e-05
1772535407.5077264,2749,0.7364749908447266,1357.8193590158628,0.485191498617609,0.0019532075849402306,1.0673983835580343e-05,0.05314199413318291,0.0,0.1068115234375,1.0,3.2019193233239737e-06,3.2019193233326642e-06,1.2720843021419366e-05
1772535407.5208614,2750,1.1234283447265625,890.132427843803,0.48618070452054823,0.0011128321951941911,1.0673977896371156e-05,0.05314199413318291,0.0,0.1068115234375,1.0,3.4354141086572773e-06,3.4354141086572773e-06,1.1320071569108809e-05
1772535407.5341222,2751,1.5201568603515625,657.8268506900878,0.4875935163979313,0.0015789490584617516,1.0673972906994338e-05,0.05314199413318291,0.0,0.1068115234375,1.0,3.510687829939936e-06,3.510687829939945e-06,1.0067446824947619e-05
1772535407.5461783,2752,1.4505386352539062,689.3990795529257,0.48611344885620295,0.0016648260320036123,1.0673968387397626e-05,0.05314199413318291,0.0,0.1068115234375,1.0,3.305514935122491e-06,3.305514935122431e-06,8.936286272415773e-06
1772535407.5596695,2753,1.756429672241211,569.3367720917605,0.4884469639346644,0.002608495659542723,1.0673963686996652e-05,0.05314199413318291,0.0,0.1068115234375,1.0,3.6362520060145304e-06,3.6362520060145304e-06,7.945645072346824e-06
1772535407.5713315,2754,1.4872550964355469,672.3796088489901,0.4859919417787936,0.0027591877341525245,1.0673960000901182e-05,0.05314199413318291,0.0,0.1068115234375,1.0,3.269843478786977e-06,3.269843478786977e-06,7.052090581950885e-06
1772535407.5841308,2755,1.3895034790039062,719.681537405628,0.487275518192739,0.0014369304129796519,1.0673955750709707e-05,0.05314199413318291,0.0,0.1068115234375,1.0,3.576129229797124e-06,3.5761292298093785e-06,6.27826973240194e-06
1772535407.5961242,2756,1.1930465698242188,838.1902478017586,0.48586864887689635,0.001580140843884784,1.0673952423553714e-05,0.05314199413318291,0.0,0.1068115234375,1.0,3.3674729825148685e-06,3.3674729825148685e-06,5.5947036227063965e-06
1772535407.6093352,2757,1.4944076538085938,669.1614550095725,0.48731709568874365,0.0016222936448980784,1.0673948872634131e-05,0.05314199413318291,0.0,0.1068115234375,1.0,3.603995287754383e-06,3.603995287754391e-06,5.012760539379444e-06
1772535407.6203187,2758,1.0952949523925781,912.9960818458859,0.4833413908612143,0.004457319582906345,1.067394602895662e-05,0.05314199413318291,0.0,0.1068115234375,1.0,3.148466462490693e-06,3.148466462490693e-06,4.4981250812540735e-06
1772535407.6336386,2759,1.3196468353271484,757.7785004516712,0.48564739598298495,0.0026023627391545184,1.0673942475829977e-05,0.05314199413318291,0.0,0.1068115234375,1.0,3.6430555226239653e-06,3.643055522610638e-06,4.085970620441317e-06
1772535407.6461422,2760,1.22833251953125,814.111801242236,0.4859196105089579,0.00030804770856957794,1.0673940144181092e-05,0.05314199413318291,0.0,0.1068115234375,1.0,3.488822222284792e-06,3.488822222259294e-06,3.741381671774765e-06
1772535407.6593738,2761,1.6252994537353516,615.2712336805046,0.48737508026102094,0.00162890930985554,1.0673937651045538e-05,0.05314199413318291,0.0,0.1068115234375,1.0,3.586015374429727e-06,3.5860153744433944e-06,3.4718521188582916e-06
1772535407.671155,2762,1.3234615325927734,755.5943073320122,0.48540704962346437,0.002209261896812536,1.0673935501045229e-05,0.05314199413318291,0.0,0.1068115234375,1.0,3.294771454928687e-06,3.294771454928687e-06,3.2457870445124214e-06
1772535407.6836202,2763,1.5077590942382812,663.235926628716,0.4847996024064288,0.0006760189804722928,1.0673932952928717e-05,0.05314199413318291,0.0,0.1068115234375,1.0,3.371201556364021e-06,3.371201556364021e-06,3.079884653810236e-06
1772535407.6964326,2764,1.413106918334961,707.6605365277543,0.4864077475225751,0.0018083539591879831,1.0673930743144958e-05,0.05314199413318291,0.0,0.1068115234375,1.0,3.5357477484564096e-06,3.5357477484704365e-06,2.9750150079958742e-06
1772535407.7082348,2765,1.062631607055664,941.0599057662105,0.48502437618799543,0.0015502490540489037,1.0673928989620904e-05,0.05314199413318291,0.0,0.1068115234375,1.0,3.279318309251317e-06,3.2793183092654143e-06,2.886907479365331e-06
1772535407.7213097,2766,1.257181167602539,795.4303053290347,0.48647043244965177,0.0016250102014247342,1.067392689593693e-05,0.05314199413318291,0.0,0.1068115234375,1.0,3.479669971805411e-06,3.479669971805411e-06,2.850281444173499e-06
1772535407.7328086,2767,0.9121894836425781,1096.263460533194,0.4840353425051754,0.002728828132883454,1.0673925319474554e-05,0.05314199413318291,0.0,0.1068115234375,1.0,3.145181176714977e-06,3.145181176714977e-06,2.804318148822781e-06
1772535407.7457607,2768,0.9036064147949219,1106.6765171503957,0.4857575530819372,0.0019417675490770432,1.0673925319474554e-05,0.05314199413318291,0.0,0.1068115234375,1.0,3.436929058431472e-06,3.4369290584313264e-06,2.8096413736864607e-06
1772535407.7586432,2769,1.384735107421875,722.1597796143251,0.48585158227415703,0.00010678692232967711,1.0673921900196723e-05,0.05314199413318291,0.0,0.1068115234375,1.0,3.2945622720072588e-06,3.2945622720072588e-06,2.8127074738367657e-06
1772535407.7701962,2770,0.9140968322753906,1093.9760041731872,0.4841279494429446,0.0019294422164072324,1.0673921900196723e-05,0.05314199413318291,0.0,0.1068115234375,1.0,3.1167527475416053e-06,3.1167527475284035e-06,2.8060313019525036e-06
1772535407.782839,2771,1.0488033294677734,953.4676062741532,0.4842941252854944,0.00020508105748866812,1.0673918677560334e-05,0.05314199413318291,0.0,0.1068115234375,1.0,3.2198693746875938e-06,3.2198693746875938e-06,2.8202961483700915e-06
1772535407.7951348,2772,0.9517669677734375,1050.6773547094188,0.48423516854964443,7.494420463459777e-05,1.0673918677560334e-05,0.05314199413318291,0.0,0.1068115234375,1.0,3.1719984121334734e-06,3.1719984121477357e-06,2.834210843600055e-06
1772535407.8085797,2773,1.3828277587890625,723.1558620689655,0.4864883291425323,0.0025322826020194784,1.0673915953751422e-05,0.05314199413318291,0.0,0.1068115234375,1.0,3.3237665128609598e-06,3.3237665128477054e-06,2.870455651592697e-06
1772535407.8209357,2774,1.1758804321289062,850.426601784266,0.4865180234581479,3.6322587010701185e-05,1.0673915953751422e-05,0.05314199413318291,0.0,0.1068115234375,1.0,3.1408159449046103e-06,3.1408159449046175e-06,2.8850206781985976e-06
1772535407.8334765,2775,1.2884140014648438,776.1480384900074,0.4861122932725822,0.0004587496824257872,1.0673915953751422e-05,0.05314199413318291,0.0017453359098970611,0.1068115234375,1.0,3.073701976361043e-06,3.073701976361043e-06,0.00024032025722809888
1772535407.8461795,2776,1.4801025390625,675.6288659793814,0.4863828880241866,0.0003012317407949273,1.0673991570491134e-05,0.05314199413318291,0.0,0.1068115234375,1.0,2.4719213359355818e-06,2.4719213359355818e-06,0.00021440983030347456
1772535407.859112,2777,1.5268325805664062,654.9506558400999,0.48769487100396636,0.0014638035637231372,1.0674062127323439e-05,0.05314199413318291,0.0017453359098970611,0.1068115234375,1.0,4.6496934727659894e-06,4.6496934727659894e-06,4.8148223334270105e-05
1772535407.8709266,2778,1.3234615325927734,755.5943073320122,0.48576015639239073,0.002175180239696771,1.0674047114740923e-05,0.05314199413318291,0.0,0.1068115234375,1.0,3.7612353933018665e-06,3.7612353933018665e-06,4.326502340721129e-05
1772535407.883665,2779,1.15966796875,862.3157894736842,0.4868974736947364,0.0012735235302017414,1.0674033052854768e-05,0.05314199413318291,0.0,0.1068115234375,1.0,3.5367940126526474e-06,3.5367940126667962e-06,3.894965524789265e-05
1772535407.8957348,2780,1.2142658233642578,823.5429020223837,0.48519661842214035,0.0019089013266613065,1.067402065518504e-05,0.05314199413318291,0.0,0.1068115234375,1.0,2.9104127940083345e-06,2.9104127940083345e-06,3.496214109011431e-05
1772535407.909055,2781,1.3761520385742188,726.6638946638947,0.48780547423504056,0.002922915597796706,1.0674009020772942e-05,0.05314199413318291,0.0,0.1068115234375,1.0,2.8616867378408087e-06,2.8616867378408087e-06,3.146396908429458e-05
1772535407.9212546,2782,1.399993896484375,714.2888283378746,0.48639322840493165,0.0015909045747983237,1.0673998969092808e-05,0.05314199413318291,0.0,0.1068115234375,1.0,2.3547281312035485e-06,2.3547281312035485e-06,2.820583295220592e-05
1772535407.9332883,2783,1.2447834014892578,803.3526144416778,0.4851434687159568,0.0014007071857414625,1.0673989335408663e-05,0.05314199413318291,0.0,0.1068115234375,1.0,2.1555886558849938e-06,2.155588655877049e-06,2.5266942820099145e-05
1772535407.9456306,2784,1.1186599731445312,893.926683716965,0.48517558785127807,4.906960126599504e-05,1.0673980559295547e-05,0.05314199413318291,0.0,0.1068115234375,1.0,2.076060972062734e-06,2.076060972062734e-06,2.263374516032843e-05
1772535407.9582727,2785,1.2574195861816406,795.2794842624194,0.48536688350313123,0.00022061920380780461,1.0673972699520342e-05,0.05314199413318291,0.0,0.1068115234375,1.0,1.9962637434388598e-06,1.996263743439509e-06,2.025580215912978e-05
1772535407.9704857,2786,0.9560585021972656,1045.9610972568578,0.48532912518907984,4.250949315692406e-05,1.0673965546074102e-05,0.05314199413318291,0.0,0.1068115234375,1.0,1.941598366594156e-06,1.9415983665948005e-06,1.810414520571159e-05
