timestamp,iteration,frame_duration_ms,frame_frequency_hz,K_norm,K_delta_norm,Q_norm,R_norm,input_jump,pinocchio_time_ms,alpha,prediction_displacement_norm,innovation_norm,correction_norm
1772531304.290487,1,0.6747245788574219,1482.086219081272,2.463691477905523,0.0,6.4081369316078e-05,0.003947765150840435,0.0,0.03647804260253906,0.9,0.0,0.0,2.8629530381597714
1772531304.3025532,2,0.6909370422363281,1447.3098688750863,1.2485996053412398,1.2324238239261243,8.432398195707343e-05,0.003947765150840435,0.0,0.04601478576660156,0.9,8.897582746655803e-06,8.897582746655803e-06,0.10287546806566361
1772531304.3150237,3,0.7119178771972656,1404.6563965170797,0.8913120205725413,0.4292276881280219,7.278782885148829e-05,0.003947765150840435,0.0,0.04601478576660156,0.9,0.0001705393058140362,0.0001705393058140362,0.03703557417034895
1772531304.3272467,4,0.6554126739501953,1525.7562750090942,0.785715429623496,0.243474237743315,7.207469428253319e-05,0.003947765150840435,0.0,0.04601478576660156,0.9,0.00034147475600697136,0.00034147475600697136,0.01940229087527978
1772531304.3399608,5,0.7469654083251953,1338.750079795723,0.8048694259352851,0.1878704275344122,7.256460298840541e-05,0.003947765150840435,0.0,0.04601478576660156,0.9,0.0005356366242160721,0.0005356366242160721,0.012089997807429004
1772531304.352489,6,0.7281303405761719,1373.3804846103471,0.8790627320436202,0.1584226301290934,7.319713019409132e-05,0.003947765150840435,0.0,0.04601478576660156,0.9,0.0007114111016192275,0.0007114111016192219,0.008318756066657558
1772531304.3649049,7,0.7143020629882812,1399.9679572763685,0.9755806060702606,0.14107401431969643,7.380327780197657e-05,0.003947765150840435,0.0,0.04601478576660156,0.9,0.0008837926158651772,0.0008837926158651772,0.006086447235590543
1772531304.377321,8,0.6673336029052734,1498.5008931761342,1.0780614608493178,0.1275950377122891,7.436021010961487e-05,0.003947765150840435,0.0,0.04601478576660156,0.9,0.0010498975972403277,0.0010498975972403277,0.0046241918647307294
1772531304.3898149,9,0.6895065307617188,1450.3125864453666,1.178126311452128,0.11512269628539698,7.487185876426697e-05,0.003947765150840435,0.0,0.04601478576660156,0.9,0.0012077872508220026,0.0012077872508220026,0.003584816907920682
1772531304.4022918,10,0.6396770477294922,1563.2888557584793,1.2695649186729916,0.10104015513103098,7.534500664319434e-05,0.003947765150840435,0.0,0.04601478576660156,0.9,0.0013468974274830666,0.001346897427483061,0.0027938383530551236
1772531304.4144855,11,0.5593299865722656,1787.85336743393,1.343934390846244,0.08099556844018897,7.578337339916816e-05,0.003947765150840435,0.0,0.04601478576660156,0.9,0.001435634429194639,0.001435634429194639,0.0021594216640370813
1772531304.4268508,12,0.4851818084716797,2061.0830466830466,1.4089099304423147,0.0699479211583302,7.618459755033423e-05,0.003947765150840435,0.0,0.04601478576660156,0.9,0.0015516387483147955,0.0015516387483147955,0.0016297939327181061
1772531304.4393678,13,0.4680156707763672,2136.6805909322466,1.4624323857922321,0.05766154218956469,7.655452635756719e-05,0.003947765150840435,0.0,0.04601478576660156,0.9,0.0016447685288170455,0.0016447685288170457,0.0011752879247988732
1772531304.4524577,14,0.6859302520751953,1457.8741744873132,1.5089139014241508,0.05023329536518169,7.689228649954189e-05,0.003947765150840435,0.0,0.04601478576660156,0.9,0.0017550536351021017,0.0017550536351021017,0.0007753946002873025
1772531304.4648337,15,0.7429122924804688,1346.0539152759948,1.5300584032076854,0.026382020430934523,7.72016048858361e-05,0.003947765150840435,0.0,0.04601478576660156,0.9,0.0017131657385613547,0.0017131657385613547,0.00043840502644569134
1772531304.477334,16,0.6628036499023438,1508.7424460431655,1.5447366514021932,0.021335043340338165,7.74655294185635e-05,0.003947765150840435,0.0,0.04601478576660156,0.9,0.0017674911232275082,0.0017674911232275082,0.00016365496933380268
1772531304.4898703,17,0.6558895111083984,1524.6470374409305,1.5483403708787622,0.015500594118029409,7.769955952312861e-05,0.003947765150840435,0.0,0.04601478576660156,0.9,0.001766455497830539,0.001766455497830539,0.00017864845440059577
1772531304.5038466,18,1.3611316680908203,734.682781572955,1.5576057444452551,0.01866295236251731,7.789978372409159e-05,0.003947765150840435,0.0,0.07843971252441406,0.9,0.0018844902359693343,0.0018844902359693343,0.0004012720716123773
1772531304.5155895,19,0.8685588836669922,1151.3324183365357,1.536285375785614,0.025727717192115543,7.808361233211187e-05,0.003947765150840435,0.0,0.07843971252441406,0.9,0.001685088629227781,0.001685088629227781,0.0005713917756419647
1772531304.52691,20,0.5071163177490234,1971.9341795956746,1.504151433496869,0.03522006793786331,7.821557356903208e-05,0.003947765150840435,0.0,0.07843971252441406,0.9,0.0015843280254440113,0.0015843280254440113,0.0007023967417571692
1772531304.5396206,21,0.6518363952636719,1534.1272860277982,1.4870865099859731,0.023560118315757914,7.831545228398258e-05,0.003947765150840435,0.0,0.07843971252441406,0.9,0.0016914757256414287,0.0016914757256414287,0.0008363153748793241
1772531304.5518825,22,0.4971027374267578,2011.6565947242207,1.4620016398280635,0.02971171574075202,7.841164457223861e-05,0.003947765150840435,0.0,0.07843971252441406,0.9,0.001611060325326176,0.001611060325326176,0.0009356234981528743
1772531304.5650628,23,0.8332729339599609,1200.086981402003,1.4436563731434948,0.02490370865842397,7.848273100411981e-05,0.003947765150840435,0.0,0.07843971252441406,0.9,0.0016456904205689338,0.0016456904205689338,0.0010296165282556034
1772531304.5769053,24,0.484466552734375,2064.1259842519685,1.41128372769781,0.035957139327942735,7.854533783218608e-05,0.003947765150840435,0.0,0.07843971252441406,0.9,0.0014934731855004157,0.0014934731855004142,0.001080900701903596
1772531304.5897665,25,0.5753040313720703,1738.2113551595523,1.3885013113245182,0.02826511917216239,7.858012182429276e-05,0.003947765150840435,0.0,0.07843971252441406,0.9,0.0015273937037872326,0.0015273937037872326,0.0011353035651915082
1772531304.6024008,26,0.6546974182128906,1527.4231609613985,1.3619469067623131,0.031137737105569895,7.861213706241628e-05,0.003947765150840435,0.0,0.07843971252441406,0.9,0.0014526003094558553,0.0014526003094558553,0.001168470059707002
1772531304.614754,27,0.6043910980224609,1654.5577909270216,1.333765505756845,0.03240083091092435,7.862972821780912e-05,0.003947765150840435,0.0,0.07843971252441406,0.9,0.0013857179244615159,0.0013857179244615159,0.001186502189732599
1772531304.626879,28,0.4723072052001953,2117.26602725896,1.3048095332076293,0.032965704619869377,7.863635803519746e-05,0.003947765150840435,0.0,0.07843971252441406,0.9,0.001319938211876929,0.001319938211876929,0.0011920459436297979
1772531304.639732,29,0.64849853515625,1542.0235294117647,1.283095362050439,0.027208049430073076,7.863413336872154e-05,0.003947765150840435,0.0,0.07843971252441406,0.9,0.0013226004893499268,0.0013226004893499268,0.001200965638138461
1772531304.6523688,30,0.6866455078125,1456.3555555555556,1.260529356539047,0.027600807082999473,7.863142668661894e-05,0.003947765150840435,0.0,0.07843971252441406,0.9,0.0012651651489298955,0.0012651651489298955,0.0011996009761225882
1772531304.6652586,31,0.9379386901855469,1066.1677681748856,1.239290896201819,0.026380962835903774,7.862195369099115e-05,0.003947765150840435,0.0,0.07843971252441406,0.9,0.0012236405379205094,0.0012236405379205094,0.001193380396508097
1772531304.6769044,32,0.5192756652832031,1925.7594123048668,1.211281781003818,0.03148692805377114,7.860850111109517e-05,0.003947765150840435,0.0,0.07843971252441406,0.9,0.0011138938393850026,0.0011138938393850087,0.0011691863490222035
1772531304.6897483,33,0.6191730499267578,1615.0573738929534,1.19501328110485,0.022523439922515185,7.85853052303481e-05,0.003947765150840435,0.0,0.07843971252441406,0.9,0.0011468377789004324,0.0011468377789004326,0.0011592841625802034
1772531304.7020729,34,0.5905628204345703,1693.2999596285829,1.1739036635466271,0.025508056061744364,7.856785384490726e-05,0.003947765150840435,0.0,0.07843971252441406,0.9,0.0010631123907862143,0.0010631123907862143,0.0011363230355434391
1772531304.7145321,35,0.5450248718261719,1834.7786526684165,1.1568771725295668,0.022297279896351434,7.854382247981347e-05,0.003947765150840435,0.0,0.07843971252441406,0.9,0.0010427959096914285,0.0010427959096914283,0.0011161298543833848
1772531304.726818,36,0.43892860412597656,2278.2748506246603,1.139151308213812,0.02242425591687642,7.852043845625942e-05,0.003947765150840435,0.0,0.07843971252441406,0.9,0.0009915752816248415,0.0009915752816248358,0.00109139716105707
1772531304.7395465,37,0.5292892456054688,1889.3261261261262,1.1258810219558597,0.01916137012626011,7.849471280307069e-05,0.003947765150840435,0.0,0.07843971252441406,0.9,0.0009786924783404011,0.0009786924783404011,0.0010705298064714636
1772531304.7523282,38,0.6439685821533203,1552.870788596816,1.113449491570001,0.01820015267613559,7.847052021049075e-05,0.003947765150840435,0.0,0.07843971252441406,0.9,0.0009458651939763973,0.0009458651939763978,0.0010484608547480338
1772531304.7651522,39,0.7987022399902344,1252.0310447761194,1.1016225666862514,0.017383043345796354,7.844574005732427e-05,0.003947765150840435,0.0,0.07843971252441406,0.9,0.0009129918134812543,0.0009129918134812542,0.0010254441512079313
1772531304.776813,40,0.4520416259765625,2212.1856540084386,1.083010800207497,0.021753850394783957,7.842051179124697e-05,0.003947765150840435,0.0,0.07843971252441406,0.9,0.0008296598283287077,0.0008296598283287077,0.0009919698521951448
1772531304.7897503,41,0.5877017974853516,1701.5432048681541,1.075347121400347,0.014576733277339573,7.839080238806106e-05,0.003947765150840435,0.0,0.07843971252441406,0.9,0.0008588203428894291,0.0008588203428894291,0.0009715461942372897
1772531304.8022501,42,0.6337165832519531,1577.992475545523,1.063970809207143,0.015948238353941744,7.836695240469848e-05,0.003947765150840435,0.0,0.07843971252441406,0.9,0.0008053870947938583,0.0008053870947938583,0.0009452128293505345
1772531304.815301,43,0.9915828704833984,1008.488578985333,1.0563810508248093,0.013521666096551324,7.834097162286433e-05,0.003947765150840435,0.0,0.07843971252441406,0.9,0.0007963623035671973,0.0007963623035671973,0.0009229265664347752
1772531304.8270507,44,0.5013942718505859,1994.4384213029007,1.0432979304532302,0.016385923817475213,7.831695459723745e-05,0.003947765150840435,0.0,0.07843971252441406,0.9,0.0007344306267867346,0.0007344306267867346,0.0008937353454987104
1772531304.8395557,45,0.5784034729003906,1728.8969497114592,1.0344469974991857,0.013397809840484807,7.829041296958122e-05,0.003947765150840435,0.0,0.07843971252441406,0.9,0.0007259581234281608,0.0007259581234281608,0.0008690828864016028
1772531304.8520753,46,0.5691051483154297,1757.1445328864684,1.02700325530507,0.012283130919009976,7.826613494634107e-05,0.003947765150840435,0.0,0.07843971252441406,0.9,0.0007062197690466016,0.0007062197690465997,0.0008455807948234925
1772531304.865134,47,0.7708072662353516,1297.3411691927004,1.023837799719109,0.01036741400730876,7.824284066063529e-05,0.003947765150840435,0.0,0.07843971252441406,0.9,0.0007052344243086385,0.0007052344243086385,0.0008264334729667323
1772531304.876801,48,0.4451274871826172,2246.5474022495982,1.0108285704113544,0.01528924787828826,7.822177959564631e-05,0.003947765150840435,0.0,0.07843971252441406,0.9,0.0006306213047345428,0.0006306213047345428,0.0007974730355789499
1772531304.8895917,49,0.6022453308105469,1660.4528899445763,1.0064106405721294,0.009917563764491731,7.819718272380599e-05,0.003947765150840435,0.0,0.07843971252441406,0.9,0.0006465026268977807,0.0006465026268977807,0.0007771147295726367
1772531304.9019587,50,0.5588531494140625,1789.3788395904437,0.9999513293977622,0.010367937459769523,7.817645192331731e-05,0.003947765150840435,0.0,0.07843971252441406,0.9,0.0006155771411863095,0.0006155771411863021,0.0007547931328187295
1772531304.9147465,51,0.6551742553710938,1526.311499272198,0.9968277394040439,0.008745337046919825,7.81555085102854e-05,0.003947765150840435,0.0,0.07843971252441406,0.9,0.0006108877965771509,0.0006108877965771509,0.0007357909119428258
1772531304.926777,52,0.47659873962402344,2098.201100550275,0.9883892901811102,0.010994487837015383,7.813631645169303e-05,0.003947765150840435,0.0,0.07843971252441406,0.9,0.0005668509842517408,0.0005668509842517382,0.0007124451108368949
1772531304.9394603,53,0.5486011505126953,1822.8179052585833,0.9854754892895676,0.008030073179359751,7.811589950553557e-05,0.003947765150840435,0.0,0.07843971252441406,0.9,0.0005710267261435423,0.0005710267261435423,0.0006941357398899295
1772531304.9519463,54,0.5564689636230469,1797.0454155955442,0.9810370230391876,0.00817374426976234,7.809786439408121e-05,0.003947765150840435,0.0,0.07843971252441406,0.9,0.0005475265927943905,0.0005475265927943905,0.0006748337417631382
1772531304.9645822,55,0.5652904510498047,1769.002108814846,0.978124431678006,0.007326263456525581,7.807994760034293e-05,0.003947765150840435,0.0,0.07843971252441406,0.9,0.0005372560675942005,0.0005372560675942005,0.0006571653667735388
1772531304.9768107,56,0.4730224609375,2114.064516129032,0.97231011288727,0.008377429938361736,7.806307179327217e-05,0.003947765150840435,0.0,0.07843971252441406,0.9,0.0005090308520863292,0.0005090308520863292,0.0006376919820256036
1772531304.9894521,57,0.5295276641845703,1888.475461503827,0.9699108235492995,0.006652067439234732,7.804595097360736e-05,0.003947765150840435,0.0,0.07843971252441406,0.9,0.0005063470700729953,0.0005063470700729953,0.0006211489196014257
1772531305.0019784,58,0.5671977996826172,1763.0533837746952,0.9664427453511572,0.006713046417846544,7.803033069102462e-05,0.003947765150840435,0.0,0.07843971252441406,0.9,0.00048796204560914335,0.00048796204560914335,0.0006042025042579131
1772531305.0146372,59,0.6089210510253906,1642.2490211433046,0.9643515859920205,0.006020295352299611,7.801499593748923e-05,0.003947765150840435,0.0,0.07843971252441406,0.9,0.0004792964255437235,0.0004792964255437235,0.0005886489056806213
1772531305.0267777,60,0.47469139099121094,2106.631843294827,0.9587078098061963,0.007534111694264966,7.80005550949762e-05,0.003947765150840435,0.0,0.07843971252441406,0.9,0.0004523043078387213,0.00045230430783872125,0.0005711475512983696
1772531305.0395143,61,0.5888938903808594,1698.0987854251011,0.9575450148668241,0.005453387151889273,7.79857972107497e-05,0.003947765150840435,0.0,0.07843971252441406,0.9,0.00045450541175881955,0.0004545054117588232,0.0005569509061647443
1772531305.0518658,62,0.5109310150146484,1957.2113859076062,0.9540652464146928,0.005913664665513709,7.797258480103378e-05,0.003947765150840435,0.0,0.07843971252441406,0.9,0.0004344945473364597,0.0004344945473364597,0.0005416581846258098
1772531305.0642488,63,0.4410743713378906,2267.1913513513514,0.9510840680462015,0.005525808622930211,7.795937238409409e-05,0.003947765150840435,0.0,0.07843971252441406,0.9,0.0004236681376796871,0.0004236681376796871,0.0005271075052535746
1772531305.0766952,64,0.3991127014160156,2505.557945041816,0.9488692893487473,0.005059896930493864,7.79467530310335e-05,0.003947765150840435,0.0,0.07843971252441406,0.9,0.0004145476237389412,0.0004145476237389412,0.0005133793421366126
1772531305.0891669,65,0.4127025604248047,2423.052570768342,0.9465063509815919,0.004939528767033869,7.793476364984635e-05,0.003947765150840435,0.0,0.07843971252441406,0.9,0.00040308618042307875,0.00040308618042307875,0.0004999501010064162
1772531305.1017962,66,0.4630088806152344,2159.7857878475797,0.945546513954662,0.0044157319533524465,7.7923206005386e-05,0.003947765150840435,0.0,0.07843971252441406,0.9,0.0003972592722251221,0.00039725927222512207,0.00048768481793914594
1772531305.1142266,67,0.4165172576904297,2400.8609044075556,0.943284838224271,0.0045595739830359815,7.79123558138539e-05,0.003947765150840435,0.0,0.07843971252441406,0.9,0.0003835751937671418,0.0003835751937671418,0.0004751091446965301
1772531305.126645,68,0.36525726318359375,2737.7963446475196,0.9411714674320913,0.004366330596164835,7.79017034185262e-05,0.003947765150840435,0.0,0.07843971252441406,0.9,0.0003741369625644525,0.0003741369625644525,0.00046300197838913267
1772531305.139172,69,0.3781318664550781,2644.580075662043,0.9396923949007604,0.004018042668162899,7.789148696761222e-05,0.003947765150840435,0.0,0.07843971252441406,0.9,0.00036666597473809,0.00036666597473809,0.00045156544191621214
1772531305.1521497,70,0.7047653198242188,1418.9120433017592,0.9400162006033295,0.003784930504599926,7.78817716964383e-05,0.003947765150840435,0.0,0.07843971252441406,0.9,0.0003636007732426396,0.0003636007732426352,0.00044136509600716423
1772531305.164715,71,0.690460205078125,1448.3093922651933,0.9386339686738426,0.003649496749703367,7.787272848899705e-05,0.003947765150840435,0.0,0.07843971252441406,0.9,0.0003511423888003909,0.0003511423888003909,0.0004307184609913593
1772531305.177117,72,0.6475448608398438,1544.2945508100147,0.9360046707215818,0.004094736915179363,7.786379712536628e-05,0.003947765150840435,0.0,0.07843971252441406,0.9,0.0003392770704785281,0.0003392770704785281,0.00041986004713663307
1772531305.1893485,73,0.4374980926513672,2285.724250681199,0.9334855317977047,0.003964083455581154,7.785503135254986e-05,0.003947765150840435,0.0,0.07843971252441406,0.9,0.00033088823134634187,0.00033088823134634187,0.0004093552901129682
1772531305.2019677,74,0.4374980926513672,2285.724250681199,0.9330319754496699,0.003191599577822267,7.78466122536086e-05,0.003947765150840435,0.0,0.07843971252441406,0.9,0.0003284401954077217,0.0003284401954077216,0.00040003099810352654
1772531305.2144852,75,0.49233436584472656,2031.1399515738499,0.9311964852706605,0.003423992573671578,7.783879601725101e-05,0.003947765150840435,0.0,0.07843971252441406,0.9,0.0003176815922214329,0.0003176815922214329,0.00039040112525437655
1772531305.2270336,76,0.5154609680175781,1940.0111008325625,0.9302264851963745,0.003032539027285263,7.783111314635072e-05,0.003947765150840435,0.0,0.07843971252441406,0.9,0.0003125763505513441,0.0003125763505513441,0.00038143071324918295
1772531305.2397826,77,0.7162094116210938,1396.2396804260986,0.9296949027876344,0.0028512184744819515,7.78238371860806e-05,0.003947765150840435,0.0,0.07843971252441406,0.9,0.0003070177581373908,0.0003070177581373828,0.0003729110137850458
1772531305.2523336,78,0.6394386291503906,1563.8717375093213,0.929233714099899,0.0027261526796294633,7.781690380239432e-05,0.003947765150840435,0.0,0.07843971252441406,0.9,0.0003009428896775363,0.0003009428896775363,0.00036470183165370976
1772531305.2650294,79,0.7903575897216797,1265.2500754147813,0.9281641914074517,0.002736305277505484,7.781025750781565e-05,0.003947765150840435,0.0,0.07843971252441406,0.9,0.0002933457708374307,0.0002933457708374307,0.0003565356088529046
1772531305.2778432,80,0.8332729339599609,1200.086981402003,0.9291143952035157,0.0027905425652964624,7.780380924075371e-05,0.003947765150840435,0.0,0.07843971252441406,0.9,0.000292323911981511,0.0002923239119815163,0.00034939505428761706
1772531305.2898145,81,0.6949901580810547,1438.8692967409947,0.9234280986493282,0.006101604553544055,7.779783548635043e-05,0.003947765150840435,0.0,0.07843971252441406,0.9,0.0002708972346222949,0.00027089723462228957,0.00034006690623803766
1772531305.3024685,82,0.7152557373046875,1398.1013333333333,0.9238141204357687,0.0025169775504549474,7.779141204992635e-05,0.003947765150840435,0.0,0.07843971252441406,0.9,0.00027730336725120813,0.00027730336725120813,0.0003331226223546823
1772531305.3151357,83,0.8292198181152344,1205.9528464634848,0.9231161826570475,0.0023650735462912437,7.778581906059534e-05,0.003947765150840435,0.0,0.07843971252441406,0.9,0.0002697518302967363,0.0002697518302967418,0.000325962827813336
1772531305.3272767,84,0.7424354553222656,1346.9184328837507,0.9195437467529021,0.004114755262867808,7.778035096312508e-05,0.003947765150840435,0.0,0.07843971252441406,0.9,0.00025760657648651007,0.00025760657648651007,0.00031805549404451117
1772531305.3399096,85,0.7259845733642578,1377.43973727422,0.9203515563323371,0.0024830169983033165,7.777482815179138e-05,0.003947765150840435,0.0,0.07843971252441406,0.9,0.0002609347739623494,0.0002609347739623494,0.00031178921863628766
1772531305.352435,86,0.6718635559082031,1488.3974449964514,0.9202198727608175,0.0021245988406399276,7.776990169106098e-05,0.003947765150840435,0.0,0.07843971252441406,0.9,0.0002544765011123424,0.0002544765011123424,0.0003053997732523236
1772531305.365165,87,0.8294582366943359,1205.6062086806553,0.9207418357869285,0.0021596297405557215,7.776510004220817e-05,0.003947765150840435,0.0,0.07843971252441406,0.9,0.0002512867434686071,0.00025128674346860133,0.0002994483841846632
1772531305.377357,88,0.7228851318359375,1383.3456464379947,0.9176309131628642,0.003586080647754037,7.776054858201559e-05,0.003947765150840435,0.0,0.07843971252441406,0.9,0.00023919630986374483,0.000239196309863747,0.00029257407651293675
1772531305.3899696,89,0.7503032684326172,1332.7944073721005,0.9178129545764268,0.001975634863469431,7.77558886841205e-05,0.003947765150840435,0.0,0.07843971252441406,0.9,0.00024038024940188537,0.00024038024940188537,0.00028687185514287433
1772531305.40243,90,0.7212162017822266,1386.5467768595042,0.9171578122569991,0.0019194853448784265,7.775165615224119e-05,0.003947765150840435,0.0,0.07843971252441406,0.9,0.00023448439133408073,0.00023448439133408073,0.00028107153828466216
1772531305.4151673,91,0.8597373962402344,1163.1458679977816,0.9178423173446076,0.0019915775077388458,7.774753313241419e-05,0.003947765150840435,0.0,0.07843971252441406,0.9,0.00023284290740739974,0.00023284290740739974,0.0002758429870350371
1772531305.4273427,92,0.7076263427734375,1413.1752021563343,0.9152019198725517,0.003076095528151145,7.774367171625973e-05,0.003947765150840435,0.0,0.07843971252441406,0.9,0.0002224534390154366,0.0002224534390154347,0.0002698399670293827
1772531305.4398155,93,0.7460117340087891,1340.461489293704,0.9143204224256767,0.00186212506162303,7.773973482210843e-05,0.003947765150840435,0.0,0.07843971252441406,0.9,0.00022085086470904005,0.00022085086470904005,0.00026447403560606687
1772531305.4523609,94,0.7622241973876953,1311.9499530810135,0.9146992309180738,0.0017482327243862291,7.773606116289997e-05,0.003947765150840435,0.0,0.07843971252441406,0.9,0.00021910566359465553,0.00021910566359465374,0.00025957270930324154
1772531305.4662194,95,1.1706352233886719,854.237067209776,0.9230240240979141,0.00882926704658074,7.773261440934703e-05,0.003947765150840435,0.0,0.07843971252441406,0.9,0.0002308976357240702,0.0002308976357240702,0.0002569712492912419
1772531305.4775355,96,0.7460117340087891,1340.461489293704,0.9132783658965874,0.010026665473147124,7.772981958459198e-05,0.003947765150840435,0.0,0.07843971252441406,0.9,0.00019694041168003131,0.00019694041168002963,0.0002498586080422943
1772531305.4898956,97,0.6608963012695312,1513.096681096681,0.9124441736714425,0.0016621261725805892,7.772606508871277e-05,0.003947765150840435,0.0,0.07843971252441406,0.9,0.0002058474456953945,0.0002058474456953945,0.00024516720422259686
1772531305.5029442,98,0.9076595306396484,1101.7346992382454,0.9154101753749511,0.0034989160602156466,7.772293862857632e-05,0.003947765150840435,0.0,0.07843971252441406,0.9,0.0002089857419185717,0.0002089857419185717,0.0002414494104005939
1772531305.515567,99,0.7305145263671875,1368.8981723237598,0.9169005315897293,0.002100579371205127,7.772015323756528e-05,0.003947765150840435,0.0,0.07843971252441406,0.9,0.00020427640713851377,0.0002042764071385153,0.0002375288108859131
1772531305.528204,100,1.085519790649414,921.2176586865803,0.9138633960811746,0.003277431580843909,7.771741291754642e-05,0.003947765150840435,0.0,0.07843971252441406,0.9,0.00019371953656522803,0.000193719536565228,0.00023268186128148972
1772531305.5401292,101,0.5447864532470703,1835.5816192560176,0.911688755576844,0.0024787377530551863,7.77145436022081e-05,0.003947765150840435,0.0,0.07843971252441406,0.9,0.0001908557070796906,0.000190855707079697,0.00022813891072973497
1772531305.5525815,102,0.7262229919433594,1376.9875246224556,0.9094507601598459,0.002533335300762182,7.771181743892143e-05,0.003947765150840435,0.0,0.07843971252441406,0.9,0.00018676331331364014,0.00018676331331364014,0.00022363513406047512
1772531305.5655603,103,0.9887218475341797,1011.4068000964553,0.9118698025554236,0.0029085659113595964,7.770918508563769e-05,0.003947765150840435,0.0,0.07843971252441406,0.9,0.00019062899992500215,0.00019062899992500215,0.0002202634656731085
1772531305.5777276,104,0.7469654083251953,1338.750079795723,0.9099042866042133,0.002254719935943137,7.770687555744336e-05,0.003947765150840435,0.0,0.07843971252441406,0.9,0.000181327777496649,0.000181327777496649,0.00021601652962621598
1772531305.5902746,105,0.7991790771484375,1251.2840095465394,0.9103248282660532,0.001302751262083358,7.770446035689717e-05,0.003947765150840435,0.0,0.07843971252441406,0.9,0.00018154774803435524,0.00018154774803435524,0.00021240461892585365
1772531305.6030595,106,0.9253025054931641,1080.7276475135275,0.9117006098108711,0.0018846014297926087,7.770224181625967e-05,0.003947765150840435,0.0,0.07843971252441406,0.9,0.00018038803373669833,0.00018038803373669833,0.0002090873715804717
1772531305.6151602,107,0.6806850433349609,1469.10823117338,0.9090803820030651,0.0028162853569273635,7.770015592055884e-05,0.003947765150840435,0.0,0.07843971252441406,0.9,0.00017184619895146253,0.00017184619895146917,0.00020503402649445885
1772531305.627588,108,0.7653236389160156,1306.6367601246106,0.9078956484616757,0.0015612061926585756,7.769798522217554e-05,0.003947765150840435,0.0,0.07843971252441406,0.9,0.00017040393124115598,0.00017040393124115481,0.00020135771682167956
1772531305.6401775,109,0.8537769317626953,1171.266126780229,0.9083308295997897,0.0012081718324743742,7.769594882543387e-05,0.003947765150840435,0.0,0.07843971252441406,0.9,0.00016976231939529405,0.00016976231939529407,0.00019806568701125288
1772531305.652277,110,0.6897449493408203,1449.8112685793294,0.9059772660015305,0.0025467353675574793,7.769405357347606e-05,0.003947765150840435,0.0,0.07843971252441406,0.9,0.00016310094008111452,0.00016310094008111452,0.0001942909013196522
1772531305.664306,111,0.47659873962402344,2098.201100550275,0.9040660916701354,0.0021455870168900684,7.769212441998446e-05,0.003947765150840435,0.0,0.07843971252441406,0.9,0.0001603465986116125,0.0001603465986116125,0.0001906661752417522
1772531305.6769557,112,0.49304962158203125,2028.193423597679,0.9065989813001538,0.0029221820170982635,7.769027836155501e-05,0.003947765150840435,0.0,0.07843971252441406,0.9,0.00016358032316860042,0.00016358032316860042,0.00018794623538444797
1772531305.690028,113,0.6973743438720703,1433.9500854700855,0.9108874091200276,0.004593283427234635,7.768866252421978e-05,0.003947765150840435,0.0,0.07843971252441406,0.9,0.00016446297210213844,0.00016446297210213844,0.00018565700590844226
1772531305.7023652,114,0.7381439208984375,1354.749354005168,0.9084902475856371,0.00254980122865018,7.768718373728522e-05,0.003947765150840435,0.0,0.07843971252441406,0.9,0.0001541152009690209,0.00015411520096902088,0.00018225623004974293
1772531305.7150931,115,0.7758140563964844,1288.9686539643515,0.9102255851419788,0.002027871212624758,7.768554489696563e-05,0.003947765150840435,0.0,0.07843971252441406,0.9,0.00015678332015702155,0.00015678332015702155,0.00017970833946575343
1772531305.7273686,116,0.6899833679199219,1449.3102971665514,0.9084646596782732,0.0019256290850828593,7.7684101588243e-05,0.003947765150840435,0.0,0.07843971252441406,0.9,0.00015031819340971173,0.00015031819340971176,0.0001765911695158937
1772531305.7398498,117,0.7028579711914062,1422.7625508819538,0.9079224300822872,0.0009291983070509719,7.768260472697625e-05,0.003947765150840435,0.0,0.07843971252441406,0.9,0.00014919609223394405,0.0001491960922339371,0.00017375597378421054
1772531305.7522907,118,0.6709098815917969,1490.5131485429993,0.9076245769394403,0.0008061283239302941,7.768119825048599e-05,0.003947765150840435,0.0,0.07843971252441406,0.9,0.00014716871713951318,0.00014716871713950624,0.00017100794680432728
1772531305.7657628,119,1.0848045349121094,921.825054945055,0.9129200892635069,0.0055419809406265,7.767985133191661e-05,0.003947765150840435,0.0,0.07843971252441406,0.9,0.0001522651388429436,0.0001522651388429436,0.00016929003342848825
1772531305.7769864,120,0.4954338073730469,2018.4331087584217,0.9047253260584917,0.008428785279644536,7.767872519205648e-05,0.003947765150840435,0.0,0.07843971252441406,0.9,0.00013443647216580145,0.00013443647216580145,0.000165374953870511
1772531305.7896717,121,0.6313323974609375,1583.95166163142,0.9060617945199904,0.0016357475814145557,7.767726017585178e-05,0.003947765150840435,0.0,0.07843971252441406,0.9,0.00014202523960082252,0.00014202523960081548,0.00016307839917054125
1772531305.8025188,122,0.8456707000732422,1182.4933746828306,0.9074241890075766,0.0016196892582776633,7.767609756202201e-05,0.003947765150840435,0.0,0.07843971252441406,0.9,0.00014038563966866903,0.00014038563966866903,0.00016079052764006376
1772531305.8156636,123,1.0144710540771484,985.7353701527614,0.9115547504169779,0.0043349341721721744,7.767498370996502e-05,0.003947765150840435,0.0,0.07843971252441406,0.9,0.00014221371281289842,0.00014221371281289842,0.00015903538136773234
1772531305.8270116,124,0.5197525024414062,1923.9926605504588,0.9039011656463826,0.007870479915500071,7.767399163361516e-05,0.003947765150840435,0.0,0.07843971252441406,0.9,0.00012716633122240417,0.00012716633122240417,0.00015549041271911823
1772531305.8395693,125,0.5626678466796875,1777.2474576271186,0.9046274247070225,0.0010735032695348076,7.767273624943196e-05,0.003947765150840435,0.0,0.07843971252441406,0.9,0.0001331142735993359,0.0001331142735993359,0.00015327415632757953
1772531305.8524365,126,0.8606910705566406,1161.8570637119115,0.905774721288708,0.0014010212775244233,7.767172061052073e-05,0.003947765150840435,0.0,0.07843971252441406,0.9,0.00013187804769299982,0.00013187804769299985,0.00015112173927096692
1772531305.8655198,127,0.9989738464355469,1001.0272076372315,0.910372894972641,0.004807066010874441,7.76707551948112e-05,0.003947765150840435,0.0,0.07843971252441406,0.9,0.00013434447158306752,0.00013434447158306687,0.00014956432544104356
1772531305.877603,128,0.8060932159423828,1240.5513161786453,0.9072080434968401,0.003279324943380477,7.766991352633763e-05,0.003947765150840435,0.0,0.07843971252441406,0.9,0.0001249080418312372,0.0001249080418312372,0.000146934203227493
1772531305.890217,129,0.8127689361572266,1230.361982986213,0.907561440037698,0.0006623914890109066,7.766893021579734e-05,0.003947765150840435,0.0,0.07843971252441406,0.9,0.0001262917951339143,0.00012629179513391368,0.00014487418595744266
1772531305.9025426,130,0.7755756378173828,1289.3648939440516,0.9055774637682957,0.002074199679335025,7.766805576892656e-05,0.003947765150840435,0.0,0.07843971252441406,0.9,0.00012203642671538455,0.00012203642671538453,0.00014249491249873562
1772531305.9151726,131,0.8237361907958984,1213.9808972503617,0.9063075778599456,0.0009531404497761427,7.766716064147737e-05,0.003947765150840435,0.0,0.07843971252441406,0.9,0.0001227765674855798,0.0001227765674855798,0.0001405320504006472
1772531305.9276824,132,0.827789306640625,1208.036866359447,0.9061645331472,0.0005130561680801841,7.766635243972497e-05,0.003947765150840435,0.0,0.07843971252441406,0.9,0.00012031503396026146,0.00012031503396026146,0.00013847836845651043
1772531305.939993,133,0.7429122924804688,1346.0539152759948,0.9045575575049892,0.0016910638835785222,7.766555611404889e-05,0.003947765150840435,0.0,0.07843971252441406,0.9,0.00011704351489517614,0.00011704351489517614,0.00013626216274286007
1772531305.9523442,134,0.7216930389404297,1385.630657416584,0.903387364675585,0.0012696139447220035,7.766475672284674e-05,0.003947765150840435,0.0,0.07843971252441406,0.9,0.00011544341449898533,0.00011544341449898533,0.0001341283468611104
1772531305.965158,135,0.8370876312255859,1194.6180575334663,0.9058292707836756,0.002611547644590403,7.766399038356553e-05,0.003947765150840435,0.0,0.07843971252441406,0.9,0.0001172597407860121,0.0001172597407860121,0.00013250096412619828
1772531305.9774723,136,0.7793903350830078,1283.0541449984705,0.904257947181768,0.0016483069305699872,7.766332066985676e-05,0.003947765150840435,0.0,0.07843971252441406,0.9,0.00011214063740823624,0.00011214063740823624,0.00013038740842841203
1772531305.989996,137,0.7345676422119141,1361.345017851347,0.9049639163247014,0.0008990313391165838,7.766260155937262e-05,0.003947765150840435,0.0,0.07843971252441406,0.9,0.00011249303865995343,0.00011249303865995343,0.00012861138854594972
1772531306.0028446,138,0.8711814880371094,1147.8664477285167,0.9071050005071497,0.0022736239808825737,7.766194733212626e-05,0.003947765150840435,0.0,0.07843971252441406,0.9,0.00011254660055170048,0.00011254660055170048,0.00012705331809476965
1772531306.015271,139,0.8363723754882812,1195.6396807297606,0.9057461177755195,0.0014340673571415763,7.766134433802144e-05,0.003947765150840435,0.0,0.07843971252441406,0.9,0.00010811486449079568,0.00010811486449079571,0.00012510366358436774
1772531306.0277843,140,0.7696151733398438,1299.3506815365552,0.9059685338233553,0.00046671778879415625,7.766070297942178e-05,0.003947765150840435,0.0,0.07843971252441406,0.9,0.00010786588738483872,0.00010786588738483872,0.00012338790266350173
1772531306.0401168,141,0.759124755859375,1317.3065326633166,0.9039996876116746,0.002038181377036451,7.766010868098363e-05,0.003947765150840435,0.0,0.07843971252441406,0.9,0.00010436801094767437,0.00010436801094767437,0.00012142449475575926
1772531306.0522184,142,0.6718635559082031,1488.3974449964514,0.9009523844900607,0.003126404496634176,7.765949658474995e-05,0.003947765150840435,0.0,0.07843971252441406,0.9,0.00010146135232562712,0.00010146135232562712,0.00011934463466494389
1772531306.0651755,143,0.843048095703125,1186.1719457013576,0.9046225037909725,0.003855707263412427,7.76588821599032e-05,0.003947765150840435,0.0,0.07843971252441406,0.9,0.0001055680737761114,0.00010556807377611139,0.00011806886007296664
1772531306.0773973,144,0.720977783203125,1387.005291005291,0.9028476070448335,0.001836719062400635,7.76583938894696e-05,0.003947765150840435,0.0,0.07843971252441406,0.9,9.995694284978581e-05,9.995694284978581e-05,0.00011618719441258528
1772531306.0898836,145,0.7166862487792969,1395.3107119095143,0.9029910935349865,0.0004474010241695223,7.765784048966744e-05,0.003947765150840435,0.0,0.07843971252441406,0.9,9.991990868803579e-05,9.99199086880432e-05,0.00011456644644439628
1772531306.102837,146,0.8540153503417969,1170.9391401451703,0.9064485986462388,0.0036061124924446236,7.76573322910049e-05,0.003947765150840435,0.0,0.07843971252441406,0.9,0.00010153355437034182,0.00010153355437034143,0.00011334907738860694
1772531306.1157403,147,1.0485649108886719,953.6844020009095,0.907792373101163,0.0014215483717764312,7.765689292300163e-05,0.003947765150840435,0.0,0.08106231689453125,0.9,9.908635016587945e-05,9.908635016587943e-05,0.00011194761072742458
1772531306.1275814,148,0.7946491241455078,1258.4170417041705,0.9028718977279324,0.005066378499378722,7.76564425117917e-05,0.003947765150840435,0.0,0.08106231689453125,0.9,9.265859398574307e-05,9.265859398574307e-05,0.00010989720873310622
1772531306.140046,149,0.7176399230957031,1393.4564784053157,0.9031550608056944,0.0004797448713293379,7.765591523568982e-05,0.003947765150840435,0.0,0.08106231689453125,0.9,9.482389837976839e-05,9.482389837976839e-05,0.00010841943783504004
1772531306.1528351,150,0.9367465972900391,1067.5245609569865,0.9042633700083926,0.0012137338598909421,7.7655471622008e-05,0.003947765150840435,0.0,0.08106231689453125,0.9,9.428758299347614e-05,9.428758299347579e-05,0.00010703310109140101
1772531306.165557,151,0.9906291961669922,1009.4594464500601,0.9051980458926719,0.0010233635755990337,7.765505436130067e-05,0.003947765150840435,0.0,0.08106231689453125,0.9,9.310703124377948e-05,9.310703124377948e-05,0.00010566294777122578
1772531306.1770434,152,0.4897117614746094,2042.0175267770205,0.8994259698369678,0.005926664824229995,7.765464978982928e-05,0.003947765150840435,0.0,0.08106231689453125,0.9,8.655311782205086e-05,8.655311782205086e-05,0.0001036171912936491
1772531306.189512,153,0.5311965942382812,1882.5421903052065,0.899682139558721,0.0005435825832644159,7.765416686008803e-05,0.003947765150840435,0.0,0.08106231689453125,0.9,8.907533648455677e-05,8.907533648455677e-05,0.00010218905979367784
1772531306.2028553,154,0.9644031524658203,1036.9107540173054,0.9052281384235752,0.005760714711202778,7.765376981748367e-05,0.003947765150840435,0.0,0.08106231689453125,0.9,9.209680407911036e-05,9.20968040791107e-05,0.0001013028704404713
1772531306.2156563,155,1.1811256408691406,846.6499798142914,0.9053707980236402,0.0002974827046423916,7.76534553506706e-05,0.003947765150840435,0.0,0.08106231689453125,0.9,8.769710296881e-05,8.769710296880251e-05,9.99316382312933e-05
1772531306.2273664,156,0.74005126953125,1351.2577319587629,0.9015096711808522,0.003969681651509199,7.76530900125963e-05,0.003947765150840435,0.0,0.08106231689453125,0.9,8.347137850508636e-05,8.347137850508636e-05,9.820950232848081e-05
1772531306.2400384,157,0.7610321044921875,1314.0050125313282,0.9033665839382792,0.001964678241656703,7.765268498604875e-05,0.003947765150840435,0.0,0.08106231689453125,0.9,8.600354324927305e-05,8.600354324927304e-05,9.704954296431469e-05
1772531306.2527409,158,0.8490085601806641,1177.8444257231115,0.9044383722315038,0.001146951537828952,7.765235689520559e-05,0.003947765150840435,0.0,0.08106231689453125,0.9,8.460837856975802e-05,8.460837856975802e-05,9.5829199271516e-05
1772531306.2650955,159,0.8015632629394531,1247.5621653777514,0.9032974113801353,0.0011867670277567613,7.765203195368415e-05,0.003947765150840435,0.0,0.08106231689453125,0.9,8.204458793779299e-05,8.204458793779296e-05,9.443303369560677e-05
1772531306.2771044,160,0.484466552734375,2064.1259842519685,0.9012283260724643,0.002124767408602232,7.765169171381838e-05,0.003947765150840435,0.0,0.08106231689453125,0.9,8.006962069697263e-05,8.006962069697263e-05,9.29668138771414e-05
1772531306.2898824,161,0.7352828979492188,1360.0207522697795,0.902103499373192,0.0009737751796042763,7.765134856109793e-05,0.003947765150840435,0.0,0.03719329833984375,0.9,8.075743107220847e-05,8.075743107220847e-05,9.17775461919051e-05
1772531306.3026166,162,0.8127689361572266,1230.361982986213,0.9039108630576063,0.0018962315443752148,7.765104597054466e-05,0.003947765150840435,0.0,0.03719329833984375,0.9,8.049686641609861e-05,8.049686641609831e-05,9.06907683165904e-05
1772531306.3150558,163,0.8533000946044922,1171.9206482257614,0.9029659119769792,0.0009854876606577643,7.765076387745734e-05,0.003947765150840435,0.0,0.03719329833984375,0.9,7.780852717328563e-05,7.780852717328563e-05,8.938844752766935e-05
1772531306.3273046,164,0.6976127624511719,1433.46001367054,0.9017462208102036,0.0012587944004438132,7.765046187314943e-05,0.003947765150840435,0.0,0.03719329833984375,0.9,7.643035349992847e-05,7.643035349992817e-05,8.808257849488607e-05
1772531306.339801,165,0.7038116455078125,1420.8346883468835,0.9019324056400492,0.00032586556779351755,7.765016388675042e-05,0.003947765150840435,0.0,0.03719329833984375,0.9,7.617219218841822e-05,7.617219218841822e-05,8.690825031959264e-05
1772531306.3524811,166,0.7793903350830078,1283.0541449984705,0.9033465273586245,0.0014907676880933968,7.764988738449386e-05,0.003947765150840435,0.0,0.03719329833984375,0.9,7.602337751558279e-05,7.602337751558306e-05,8.585565776623687e-05
1772531306.3648164,167,0.6585121154785156,1518.5749456915278,0.9028301132341225,0.0005566820125328747,7.764963162069603e-05,0.003947765150840435,0.0,0.03719329833984375,0.9,7.396628283077203e-05,7.396628283077203e-05,8.466419622761814e-05
1772531306.376817,168,0.46634674072265625,2144.3271983640084,0.89965216054309,0.0032598503769188662,7.76493648622398e-05,0.003947765150840435,0.0,0.03719329833984375,0.9,7.1150061911002e-05,7.115006191100202e-05,8.326699167159125e-05
1772531306.3898165,169,0.659942626953125,1515.2832369942196,0.9034273197329995,0.003922928708755362,7.764907754218136e-05,0.003947765150840435,0.0,0.038623809814453125,0.9,7.421728406943635e-05,7.421728406943635e-05,8.244908870025577e-05
1772531306.4024556,170,0.7793903350830078,1283.0541449984705,0.9038625756959966,0.000486721342638088,7.764886272958655e-05,0.003947765150840435,0.0,0.038623809814453125,0.9,7.169247721441793e-05,7.16924772144177e-05,8.138158164109782e-05
1772531306.4148405,171,0.6816387176513672,1467.0528156698147,0.9033051960501735,0.000594582533377316,7.76486259975052e-05,0.003947765150840435,0.0,0.038623809814453125,0.9,7.020738055489416e-05,7.020738055489416e-05,8.026753935364695e-05
1772531306.426891,172,0.47588348388671875,2101.3547094188375,0.9006101685255777,0.002768511793715491,7.764838651725208e-05,0.003947765150840435,0.0,0.038623809814453125,0.9,6.787055042920544e-05,6.787055042919788e-05,7.899613357000052e-05
1772531306.439512,173,0.5195140838623047,1924.8756310234053,0.9018970930066602,0.0013656109984634232,7.764813230060776e-05,0.003947765150840435,0.0,0.038623809814453125,0.9,6.902239611372795e-05,6.902239611372795e-05,7.803959483430814e-05
1772531306.4524179,174,0.6854534149169922,1458.888347826087,0.9045480200465364,0.0027436472785240616,7.76479180395942e-05,0.003947765150840435,0.0,0.038623809814453125,0.9,6.914022202128802e-05,6.914022202128804e-05,7.720283731575366e-05
1772531306.4653304,175,0.9143352508544922,1093.69074315515,0.9063278287521918,0.001830321432273329,7.764772325172057e-05,0.003947765150840435,0.0,0.038623809814453125,0.9,6.81304250772546e-05,6.813042507725462e-05,7.633430809399548e-05
1772531306.4769182,176,0.47969818115234375,2084.6441351888666,0.9001227686164442,0.006395019182475744,7.764752889790644e-05,0.003947765150840435,0.0,0.038623809814453125,0.9,6.278519438905942e-05,6.278519438905942e-05,7.488984278903982e-05
1772531306.4899704,177,0.7488727569580078,1335.3403374721427,0.9037586837287498,0.003767586550233607,7.764727116257933e-05,0.003947765150840435,0.0,0.038623809814453125,0.9,6.684393375804817e-05,6.684393375804817e-05,7.417490489873587e-05
1772531306.5025392,178,0.7345676422119141,1361.345017851347,0.9043858552314205,0.0006584577321215756,7.764709752670994e-05,0.003947765150840435,0.0,0.038623809814453125,0.9,6.475423004421435e-05,6.475423004420673e-05,7.324735354225739e-05
1772531306.5151818,179,0.8616447448730469,1160.5711123408964,0.903950104120292,0.0004730071205671976,7.764690673958299e-05,0.003947765150840435,0.0,0.038623809814453125,0.9,6.341299947918494e-05,6.341299947918494e-05,7.227212403128294e-05
1772531306.5274386,180,0.5674362182617188,1762.312605042017,0.9035655235244838,0.00041723288713056304,7.764671236149589e-05,0.003947765150840435,0.0,0.038623809814453125,0.9,6.257475625460901e-05,6.257475625460901e-05,7.131415581042934e-05
1772531306.5399077,181,0.7131099700927734,1402.3082581076562,0.9015879160769003,0.0020349671645428797,7.764652250757853e-05,0.003947765150840435,0.0,0.038623809814453125,0.9,6.0830588764229656e-05,6.0830588764229656e-05,7.025182758007512e-05
1772531306.5528708,182,0.8423328399658203,1187.1791678460231,0.9046762982013535,0.0031905243155062376,7.76463237243507e-05,0.003947765150840435,0.0,0.038623809814453125,0.9,6.25593876488242e-05,6.255938764881658e-05,6.954890812812191e-05
1772531306.5654385,183,0.9512901306152344,1051.2040100250626,0.9039572113996368,0.0007569861285200115,7.764616770632339e-05,0.003947765150840435,0.0,0.038623809814453125,0.9,6.010760005517484e-05,6.010760005517484e-05,6.860217408330839e-05
1772531306.5773342,184,0.6792545318603516,1472.2021762021761,0.8997876474664879,0.004288139942295233,7.764598877296847e-05,0.003947765150840435,0.0,0.038623809814453125,0.9,5.739493132690446e-05,5.739493132690444e-05,6.743739530488027e-05
1772531306.589865,185,0.6852149963378906,1459.3959638135004,0.900413959051531,0.0007057137317846547,7.764578648922079e-05,0.003947765150840435,0.0,0.038623809814453125,0.9,5.8626419945781224e-05,5.86264199457812e-05,6.658736179414357e-05
1772531306.6027026,186,0.8392333984375,1191.5636363636363,0.9028194184280199,0.0025003580808752495,7.764562066855318e-05,0.003947765150840435,0.0,0.038623809814453125,0.9,5.885429707036098e-05,5.885429707036098e-05,6.5857867971541e-05
1772531306.6155865,187,0.8821487426757812,1133.5956756756757,0.9055069167827676,0.002767367057398534,7.764547240457438e-05,0.003947765150840435,0.0,0.038623809814453125,0.9,5.854633493123224e-05,5.854633493123224e-05,6.517320073187868e-05
1772531306.6276543,188,0.6840229034423828,1461.9393516904845,0.9019349260382036,0.0036866297247157578,7.764533197257442e-05,0.003947765150840435,0.0,0.038623809814453125,0.9,5.496333059546419e-05,5.4963330595464214e-05,6.411240886964562e-05
1772531306.6401384,189,0.6587505340576172,1518.025334781035,0.9018940625237971,0.00012791344787252534,7.764515212108117e-05,0.003947765150840435,0.0,0.038623809814453125,0.9,5.558848497639568e-05,5.558848497639566e-05,6.328257332378121e-05
1772531306.6519914,190,0.5002021789550781,1999.1916110581506,0.8972265767812291,0.004788491982436262,7.764499773369844e-05,0.003947765150840435,0.0,0.038623809814453125,0.9,5.2561982333908445e-05,5.256198233390843e-05,6.215940607646373e-05
1772531306.6656523,191,0.8797645568847656,1136.6677506775068,0.9057135804920122,0.008767739929406337,7.764481421659752e-05,0.003947765150840435,0.0,0.03981590270996094,0.9,5.7723370748094296e-05,5.7723370748094296e-05,6.185000936258872e-05
1772531306.6775863,192,0.6642341613769531,1505.4931801866476,0.9014221144087821,0.004428371687929479,7.764481421659752e-05,0.003947765150840435,0.0,0.03981590270996094,0.9,5.182781784753985e-05,5.182781784754751e-05,6.078577339340529e-05
1772531306.6900864,193,0.7112026214599609,1406.0690579953068,0.9009986233504683,0.0004423639853023546,7.76445504864009e-05,0.003947765150840435,0.0,0.03981590270996094,0.9,5.2501293179079766e-05,5.250129317907973e-05,5.9975419608425494e-05
1772531306.7027225,194,0.736236572265625,1358.259067357513,0.9022199552678934,0.0012769857581738826,7.764440572745529e-05,0.003947765150840435,0.0,0.04172325134277344,0.9,5.253924993542785e-05,5.253924993542785e-05,5.9260561244548176e-05
1772531306.7159743,195,1.1982917785644531,834.5212892956625,0.9051042595613682,0.0029701162079734116,7.764427437286368e-05,0.003947765150840435,0.0,0.07152557373046875,0.9,5.2776040075332204e-05,5.27760400753322e-05,5.865980640988471e-05
1772531306.7271132,196,0.5016326904296875,1993.490494296578,0.897275945830609,0.008059483214581163,7.764427437286368e-05,0.003947765150840435,0.0,0.07152557373046875,0.9,4.75260672967632e-05,4.75260672967632e-05,5.7457076101796586e-05
1772531306.740289,197,0.6463527679443359,1547.142751752121,0.9032309921445941,0.00616534313261173,7.7643977633003e-05,0.003947765150840435,0.0,0.07152557373046875,0.9,5.225398705927279e-05,5.2253987059272814e-05,5.7037519204511534e-05
1772531306.753155,198,0.8227825164794922,1215.388003477253,0.9049499170215678,0.0017654566913634393,7.7643977633003e-05,0.003947765150840435,0.0,0.07152557373046875,0.9,5.0345020428821923e-05,5.0345020428821923e-05,5.638964999434004e-05
1772531306.7654169,199,0.9005069732666016,1110.4855705586444,0.9010735679824295,0.003999151165053949,7.764376486891753e-05,0.003947765150840435,0.0,0.07152557373046875,0.9,4.743694940097957e-05,4.743694940097957e-05,5.54597774618322e-05
1772531306.777614,200,0.6864070892333984,1456.861410211879,0.8999601931454936,0.0011385786873790076,7.76436187891025e-05,0.003947765150840435,0.0,0.07152557373046875,0.9,4.7611829522999073e-05,4.761182952299909e-05,5.468278017295123e-05
1772531306.790207,201,0.751495361328125,1330.6802030456852,0.9003639446429346,0.0004632385923144846,7.764348887469515e-05,0.003947765150840435,0.0,0.07152557373046875,0.9,4.7516768766319914e-05,4.7516768766319914e-05,5.398387848286901e-05
1772531306.8031306,202,0.8366107940673828,1195.298945568538,0.9040657183567182,0.0038216239465582486,7.764336948683513e-05,0.003947765150840435,0.0,0.07152557373046875,0.9,4.8334436640346596e-05,4.833443664034659e-05,5.3472187054697136e-05
1772531306.8153174,203,0.7109642028808594,1406.540576794098,0.9015902105940206,0.0025551437976109917,7.764336948683513e-05,0.003947765150840435,0.0,0.07152557373046875,0.9,4.551951884713833e-05,4.551951884713833e-05,5.265513386916446e-05
1772531306.8274117,204,0.6220340728759766,1607.6289766193945,0.8983425137964087,0.0033319102335267413,7.764314382922106e-05,0.003947765150840435,0.0,0.07152557373046875,0.9,4.436402100106714e-05,4.436402100106712e-05,5.180708271059442e-05
1772531306.84062,205,0.8299350738525391,1204.9135305946568,0.9040836989280852,0.005931818342680202,7.764301195806631e-05,0.003947765150840435,0.0,0.07152557373046875,0.9,4.7113520297440976e-05,4.7113520297440976e-05,5.1417814070163045e-05
1772531306.8531523,206,0.8115768432617188,1232.1692126909518,0.9036913184425236,0.0004287419522663012,7.764301195806631e-05,0.003947765150840435,0.0,0.07152557373046875,0.9,4.461787500494487e-05,4.461787500494487e-05,5.073590980771386e-05
1772531306.8657415,207,1.1029243469238281,906.6805015131863,0.901928679824031,0.0018219010084792146,7.764282024724574e-05,0.003947765150840435,0.0,0.0743865966796875,0.9,4.347776148031187e-05,4.347776148031187e-05,5.0006373824225225e-05
1772531306.8774333,208,0.6341934204101562,1576.806015037594,0.8976578766060515,0.004386262792879609,7.764270505592989e-05,0.003947765150840435,0.0,0.0743865966796875,0.9,4.1766781960895625e-05,4.176678196088794e-05,4.9152776567596475e-05
1772531306.8903913,209,0.7262229919433594,1376.9875246224556,0.9021035092509695,0.004607267397382693,7.764257740362657e-05,0.003947765150840435,0.0,0.0743865966796875,0.9,4.417489340512248e-05,4.417489340512249e-05,4.871879374422369e-05
1772531306.9028642,210,0.7715225219726562,1296.1384425216315,0.9012078299243252,0.0009211639609325205,7.764257740362657e-05,0.003947765150840435,0.0,0.0743865966796875,0.9,4.197971343545282e-05,4.197971343545282e-05,4.8038552191818065e-05
1772531306.915167,211,0.7805824279785156,1281.0946854001222,0.8995386645415583,0.0017100321097760342,7.764238869761102e-05,0.003947765150840435,0.0,0.0743865966796875,0.9,4.106373633000324e-05,4.106373633000324e-05,4.733712055549896e-05
1772531306.927627,212,0.6244182586669922,1601.4906452844598,0.9007065725204716,0.0012274971679703077,7.764228035205986e-05,0.003947765150840435,0.0,0.0743865966796875,0.9,4.142797749670791e-05,4.142797749670793e-05,4.677105476152397e-05
1772531306.9403117,213,0.5977153778076172,1673.0370961308336,0.9027641453555066,0.0021260331758691012,7.764228035205986e-05,0.003947765150840435,0.0,0.0743865966796875,0.9,4.132280609821195e-05,4.132280609821196e-05,4.625537890715777e-05
1772531306.9532044,214,0.8544921875,1170.2857142857142,0.9039172952794181,0.0011824137647555976,7.76421004037635e-05,0.003947765150840435,0.0,0.0743865966796875,0.9,4.065719056890715e-05,4.0657190568907355e-05,4.571600202112975e-05
1772531306.9654675,215,0.8690357208251953,1150.7006858710563,0.9011431921284778,0.0028649984198555163,7.76421004037635e-05,0.003947765150840435,0.0,0.0743865966796875,0.9,3.884602060558092e-05,3.884602060558092e-05,4.501364880010939e-05
1772531306.9775162,216,0.6725788116455078,1486.8146047500886,0.8985768340880663,0.0026323097024282902,7.764190813811554e-05,0.003947765150840435,0.0,0.0743865966796875,0.9,3.818052400084571e-05,3.81805240008457e-05,4.4322134212694154e-05
1772531306.9901652,217,0.7340908050537109,1362.2292952257226,0.8997323894976723,0.0012243527009326853,7.764180479701886e-05,0.003947765150840435,0.0,0.0743865966796875,0.9,3.875289105067197e-05,3.8752891050671966e-05,4.3789517377602055e-05
1772531307.0032313,218,0.8466243743896484,1181.161362996339,0.9048218891312437,0.005245349789736513,7.764180479701886e-05,0.003947765150840435,0.0,0.0743865966796875,0.9,3.969918992757415e-05,3.969918992757415e-05,4.343586647159743e-05
1772531307.0156527,219,0.9613037109375,1040.2539682539682,0.9028804343291595,0.00202064960923395,7.764165304265994e-05,0.003947765150840435,0.0,0.0743865966796875,0.9,3.724219622011665e-05,3.724219622011665e-05,4.280349836551889e-05
1772531307.0282269,220,1.0099411010742188,990.1567516525024,0.9023080393058568,0.0005997038516998432,7.764165304265994e-05,0.003947765150840435,0.0,0.0743865966796875,0.9,3.707808417615112e-05,3.707808417615112e-05,4.224201098142124e-05
1772531307.0414124,221,1.2195110321044922,820.0007820136852,0.9067993130790608,0.0046105561116343485,7.764147344990146e-05,0.003947765150840435,0.0,0.08440017700195312,0.9,3.824753057701431e-05,3.824753057701431e-05,4.189680349005548e-05
1772531307.0532074,222,0.9419918060302734,1061.580359402683,0.9011446890153755,0.005847507105693548,7.764147344990146e-05,0.003947765150840435,0.0,0.08440017700195312,0.9,3.4823048096909974e-05,3.482304809690997e-05,4.114671245140192e-05
1772531307.065314,223,0.7355213165283203,1359.5799027552673,0.8987631057873309,0.0024429046026335837,7.764130700011786e-05,0.003947765150840435,0.0,0.08440017700195312,0.9,3.498877173700782e-05,3.4988771737000264e-05,4.053071644476911e-05
1772531307.077554,224,0.8521080017089844,1173.5601566871853,0.8961138271802006,0.0027068950994065585,7.764130700011786e-05,0.003947765150840435,0.0,0.08440017700195312,0.9,3.4251442935393924e-05,3.425144293538621e-05,3.989226930795034e-05
1772531307.0900245,225,0.7011890411376953,1426.1489289357362,0.8983431661956129,0.002350592177649922,7.76411240258698e-05,0.003947765150840435,0.0,0.08440017700195312,0.9,3.51122863994168e-05,3.51122863994168e-05,3.944348999176592e-05
1772531307.102937,226,0.7715225219726562,1296.1384425216315,0.9019189013663682,0.0037032007223310862,7.76411240258698e-05,0.003947765150840435,0.0,0.08440017700195312,0.9,3.523023139737156e-05,3.523023139737156e-05,3.905613371691888e-05
1772531307.1154673,227,0.9391307830810547,1064.814419903529,0.9008828891995578,0.0010662127776931729,7.764098805318167e-05,0.003947765150840435,0.0,0.08440017700195312,0.9,3.3634825299816135e-05,3.363482529980844e-05,3.85101063091561e-05
1772531307.1277544,228,0.8175373077392578,1223.185768445611,0.900211629942806,0.0006867743876998241,7.764098805318167e-05,0.003947765150840435,0.0,0.08440017700195312,0.9,3.3237939812176575e-05,3.3237939812176765e-05,3.79889635745552e-05
1772531307.1398323,229,0.6010532379150391,1663.7461324871083,0.8980834775177444,0.0021788282016120164,7.764083137564988e-05,0.003947765150840435,0.0,0.08440017700195312,0.9,3.232293737512859e-05,3.232293737512859e-05,3.7415421023290294e-05
1772531307.1520207,230,0.5037784576416016,1984.9995267392333,0.897022349085763,0.0010824121896404776,7.764083137564988e-05,0.003947765150840435,0.0,0.08440017700195312,0.9,3.2054582053330686e-05,3.2054582053330686e-05,3.688162345510123e-05
1772531307.1647184,231,0.5486011505126953,1822.8179052585833,0.8997446742880854,0.0028378866311312657,7.764067166002539e-05,0.003947765150840435,0.0,0.08440017700195312,0.9,3.264843205832532e-05,3.264843205832532e-05,3.6487681453906025e-05
1772531307.1773698,232,0.6155967712402344,1624.4399690162666,0.9013363874765319,0.0016497886071411639,7.764067166002539e-05,0.003947765150840435,0.0,0.08440017700195312,0.9,3.208994477412503e-05,3.208994477412486e-05,3.606455744856647e-05
1772531307.1893976,233,0.48041343688964844,2081.540446650124,0.8982273056273791,0.0031952782481859503,7.764054451099832e-05,0.003947765150840435,0.0,0.08440017700195312,0.9,3.045920696216592e-05,3.045920696215821e-05,3.5487632145152475e-05
1772531307.2019796,234,0.4863739013671875,2056.0313725490196,0.8999814473501518,0.0018296947105249436,7.764054451099832e-05,0.003947765150840435,0.0,0.08440017700195312,0.9,3.1208019942118733e-05,3.1208019942126445e-05,3.508505105408295e-05
1772531307.2145467,235,0.5965232849121094,1676.3804956035171,0.9004163403037361,0.00046065876008992705,7.764040219753657e-05,0.003947765150840435,0.0,0.08440017700195312,0.9,3.055883778776478e-05,3.055883778776478e-05,3.4641721329414e-05
1772531307.227081,236,0.5035400390625,1985.939393939394,0.902347680720743,0.001989765564942101,7.764040219753657e-05,0.003947765150840435,0.0,0.08440017700195312,0.9,3.060622236651016e-05,3.060622236651014e-05,3.426085323071001e-05
1772531307.2399094,237,0.5314350128173828,1881.697622252131,0.9050592138197805,0.0027781545417397573,7.764027820253198e-05,0.003947765150840435,0.0,0.08440017700195312,0.9,3.056435773416746e-05,3.056435773416746e-05,3.391885063784154e-05
1772531307.252836,238,1.0361671447753906,965.0952600092039,0.904126894808639,0.0010102532892613258,7.764027820253198e-05,0.003947765150840435,0.0,0.08440017700195312,0.9,2.9404875519119932e-05,2.9404875519127634e-05,3.346953074920929e-05
1772531307.2656343,239,1.2900829315185547,775.143965995195,0.904247144599221,0.0002038582141384111,7.764015979381545e-05,0.003947765150840435,0.0,0.08440017700195312,0.9,2.9266485152191198e-05,2.926648515219122e-05,3.306348119570599e-05
1772531307.2768817,240,0.45609474182128906,2192.526921066388,0.8990598506437855,0.005354007730214293,7.764015979381545e-05,0.003947765150840435,0.0,0.08440017700195312,0.9,2.7538822679120275e-05,2.7538822679120275e-05,3.2486279963525955e-05
1772531307.289816,241,0.5846023559570312,1710.5644371941273,0.9025913581382231,0.0036438466955515773,7.76400227009562e-05,0.003947765150840435,0.0,0.08440017700195312,0.9,2.9091213817376714e-05,2.9091213817376703e-05,3.218648115997029e-05
1772531307.3022509,242,0.6465911865234375,1546.5722713864307,0.9012511753395777,0.0013892287981757008,7.76400227009562e-05,0.003947765150840435,0.0,0.08440017700195312,0.9,2.771120767812201e-05,2.771120767812201e-05,3.1735185845632225e-05
1772531307.3150728,243,0.7414817810058594,1348.650803858521,0.903586958871815,0.002399479207872217,7.763991036471346e-05,0.003947765150840435,0.0,0.08440017700195312,0.9,2.8197693135209417e-05,2.8197693135209417e-05,3.140843501292537e-05
1772531307.3268013,244,0.45037269592285156,2220.3832715722606,0.8984136718639062,0.005332868505135808,7.763991036471346e-05,0.003947765150840435,0.0,0.08440017700195312,0.9,2.6136206495544237e-05,2.6136206495544237e-05,3.085431194934138e-05
1772531307.3397207,245,0.5590915679931641,1788.615778251599,0.9021784089760488,0.0038905695208596484,7.763978687903026e-05,0.003947765150840435,0.0,0.08440017700195312,0.9,2.7662680995410078e-05,2.7662680995410057e-05,3.0573890863215696e-05
1772531307.3522646,246,0.5776882171630859,1731.0375567478334,0.9022632498553544,9.780001339759184e-05,7.763978687903026e-05,0.003947765150840435,0.0,0.08440017700195312,0.9,2.664986401627395e-05,2.664986401628168e-05,3.0186596075951055e-05
1772531307.3651607,247,0.7464885711669922,1339.6052379431492,0.9043601263936636,0.002148479168973791,7.763968579359876e-05,0.003947765150840435,0.0,0.08440017700195312,0.9,2.680037557853768e-05,2.680037557853768e-05,2.9870979905503965e-05
1772531307.3766732,248,0.38933753967285156,2568.465401102266,0.8974543922163347,0.007117696563349455,7.763968579359876e-05,0.003947765150840435,0.0,0.08440017700195312,0.9,2.4480751737985425e-05,2.448075173798541e-05,2.929625879038146e-05
1772531307.389458,249,0.5283355712890625,1892.7364620938629,0.900082159110531,0.0027346894881903616,7.763956431313213e-05,0.003947765150840435,0.0,0.08440017700195312,0.9,2.5971544912268725e-05,2.597154491226875e-05,2.8994999279833682e-05
1772531307.401772,250,0.4069805145263672,2457.120093731693,0.899555121108996,0.0005375435127027052,7.763956431313213e-05,0.003947765150840435,0.0,0.08440017700195312,0.9,2.5059718178216653e-05,2.5059718178216633e-05,2.8602520371522956e-05
1772531307.4145296,251,0.4744529724121094,2107.6904522613067,0.9018663485278188,0.002389176985047118,7.763946273052663e-05,0.003947765150840435,0.0,0.08440017700195312,0.9,2.5345754313940983e-05,2.5345754313940813e-05,2.829878204168789e-05
1772531307.426843,252,0.3914833068847656,2554.3873325213153,0.9009850938597029,0.0009094786022314274,7.763946273052663e-05,0.003947765150840435,0.0,0.08440017700195312,0.9,2.444085488706673e-05,2.4440854887074464e-05,2.791348157684228e-05
1772531307.439384,253,0.4119873046875,2427.259259259259,0.9013508647749727,0.0003794248732607772,7.763936374006932e-05,0.003947765150840435,0.0,0.08440017700195312,0.9,2.4357495959847966e-05,2.4357495959847966e-05,2.7569127176373294e-05
1772531307.4518597,254,0.4684925079345703,2134.505852417303,0.9009033869618875,0.0004604901849874571,7.763936374006932e-05,0.003947765150840435,0.0,0.08440017700195312,0.9,2.389197896004511e-05,2.389197896004511e-05,2.7206493785012916e-05
1772531307.4644735,255,0.44798851013183594,2232.2001064395954,0.9021180194448802,0.001251114725943811,7.763926380617823e-05,0.003947765150840435,0.0,0.08440017700195312,0.9,2.3921219705112485e-05,2.3921219705112505e-05,2.689332404325461e-05
1772531307.4769804,256,0.4267692565917969,2343.1865921787708,0.9024125796742668,0.00030110149317197696,7.763926380617823e-05,0.003947765150840435,0.0,0.08440017700195312,0.9,2.3489851976050833e-05,2.3489851976050833e-05,2.6561723311912266e-05
1772531307.4895089,257,0.5068778991699219,1972.8617121354657,0.9018358769344146,0.0006031457963173646,7.763917135424428e-05,0.003947765150840435,0.0,0.08440017700195312,0.9,2.3030139665929458e-05,2.3030139665929468e-05,2.6213540428545496e-05
1772531307.503545,258,1.1641979217529297,858.9604751177554,0.9113979672849088,0.009815939152066548,7.763917135424428e-05,0.003947765150840435,0.0,0.08440017700195312,0.9,2.4810682911457108e-05,2.481068291145713e-05,2.613621752835879e-05
1772531307.515307,259,1.0528564453125,949.7971014492754,0.9020581150944121,0.00967289197840995,7.763917135424428e-05,0.003947765150840435,0.0,0.08440017700195312,0.9,2.1153875931846372e-05,2.1153875931838614e-05,2.558901347377808e-05
1772531307.5275238,260,0.8180141448974609,1222.472748469834,0.9010263338280443,0.0010651030265507175,7.763903526259763e-05,0.003947765150840435,0.0,0.08440017700195312,0.9,2.2104355218061587e-05,2.210435521806177e-05,2.5253484467947398e-05
1772531307.5412052,261,1.0707378387451172,933.9354264083723,0.9097923088070328,0.009006172839136453,7.763903526259763e-05,0.003947765150840435,0.0,0.08440017700195312,0.9,2.3724623354575242e-05,2.3724623354575255e-05,2.5157002563633516e-05
1772531307.5537863,262,0.9949207305908203,1005.1052000958543,0.9080811031041701,0.0018607346488888072,7.763903526259763e-05,0.003947765150840435,0.0,0.08440017700195312,0.9,2.181679971025698e-05,2.1816799710257e-05,2.4816843662490154e-05
1772531307.566098,263,1.2714862823486328,786.481155072192,0.9017142400168278,0.00659043052392439,7.76389197520595e-05,0.003947765150840435,0.0,0.08440017700195312,0.9,2.0577149525752887e-05,2.0577149525760615e-05,2.4372172924083476e-05
1772531307.5788085,264,1.2135505676269531,824.0282907662082,0.9044367907826798,0.002797847750574655,7.76389197520595e-05,0.003947765150840435,0.0,0.08440017700195312,0.9,2.1761578047147136e-05,2.1761578047147136e-05,2.4139696935694167e-05
1772531307.590903,265,1.6405582427978516,609.5486121203313,0.89595574661346,0.008732435897806874,7.763882707621893e-05,0.003947765150840435,0.0,0.12040138244628906,0.9,1.9495059109564634e-05,1.949505910956462e-05,2.3637443308183196e-05
1772531307.603272,266,1.1501312255859375,869.4660033167496,0.8991369044968989,0.0033281698521105125,7.763882707621893e-05,0.003947765150840435,0.0,0.12040138244628906,0.9,2.1018296944732693e-05,2.1018296944732693e-05,2.340426785005498e-05
1772531307.6165645,267,1.4770030975341797,677.0466505246167,0.9039576183518562,0.004976438682720296,7.763872968482659e-05,0.003947765150840435,0.0,0.12040138244628906,0.9,2.1184801995630082e-05,2.1184801995630106e-05,2.3208819046735482e-05
1772531307.6280942,268,0.9410381317138672,1062.6561945781607,0.8978927966870892,0.006244471328660175,7.763872968482659e-05,0.003947765150840435,0.0,0.12040138244628906,0.9,1.915312919308908e-05,1.9153129193089055e-05,2.277632690456512e-05
1772531307.6418822,269,1.6245841979980469,615.542119166422,0.9054673277437514,0.007814613290421435,7.763872968482659e-05,0.003947765150840435,0.0,0.12040138244628906,0.9,2.1083809973510587e-05,2.1083809973510587e-05,2.265492453567562e-05
1772531307.6536057,270,1.3995170593261719,714.5321976149914,0.8981084747577163,0.007585098064351393,7.763862122510574e-05,0.003947765150840435,0.0,0.12040138244628906,0.9,1.850403441857849e-05,1.850403441857849e-05,2.220536141702869e-05
1772531307.665812,271,1.031637191772461,969.3330251906633,0.8987125271293905,0.0006836536055373525,7.763862122510574e-05,0.003947765150840435,0.0,0.12040138244628906,0.9,1.9337907355453913e-05,1.9337907355453913e-05,2.1933242921845035e-05
1772531307.677341,272,0.5342960357666016,1871.6215975011155,0.8940956180079682,0.004726936311035017,7.76385280149956e-05,0.003947765150840435,0.0,0.12040138244628906,0.9,1.8204145409020705e-05,1.8204145409020725e-05,2.1543094444282534e-05
1772531307.6904156,273,0.7030963897705078,1422.28009494744,0.8992258139965738,0.0053431666563840225,7.76385280149956e-05,0.003947765150840435,0.0,0.12040138244628906,0.9,1.9417636562250445e-05,1.9417636562258187e-05,2.1360863410726008e-05
1772531307.7038624,274,1.3363361358642578,748.3147190008921,0.903766409236896,0.0046853375964718185,7.76385280149956e-05,0.003947765150840435,0.0,0.12040138244628906,0.9,1.92740972324229e-05,1.927409723242291e-05,2.117311233181091e-05
1772531307.7162778,275,1.3234615325927734,755.5943073320122,0.902218619200255,0.0016070575356594344,7.763842117431914e-05,0.003947765150840435,0.0,0.12040138244628906,0.9,1.8209984397511142e-05,1.8209984397511142e-05,2.08728551398344e-05
1772531307.7277112,276,0.9610652923583984,1040.5120317539072,0.8947036306519197,0.0077277093379062006,7.763842117431914e-05,0.003947765150840435,0.0,0.12040138244628906,0.9,1.6941584504795106e-05,1.6941584504795106e-05,2.045429265942602e-05
1772531307.740944,277,1.184225082397461,844.434064827864,0.9012571229099349,0.006791185805409484,7.763833044323327e-05,0.003947765150840435,0.0,0.12040138244628906,0.9,1.8687669333056576e-05,1.8687669333056576e-05,2.0315648823414728e-05
1772531307.7530334,278,0.9696483612060547,1031.3016965822474,0.899114785469673,0.002200210331585826,7.763833044323327e-05,0.003947765150840435,0.0,0.12040138244628906,0.9,1.731475580149959e-05,1.731475580149959e-05,2.0006317921519183e-05
1772531307.765187,279,1.081228256225586,924.8740904079383,0.8953912881139603,0.003813969886353124,7.763833044323327e-05,0.003947765150840435,0.0,0.12040138244628906,0.9,1.675782873721573e-05,1.675782873721574e-05,1.967236246772992e-05
1772531307.7782032,280,1.0335445404052734,967.5441753171857,0.9021693708752023,0.007011730246830125,7.763822379711913e-05,0.003947765150840435,0.0,0.12040138244628906,0.9,1.802162101377383e-05,1.802162101377384e-05,1.9541865525734283e-05
1772531307.7905407,281,1.0581016540527344,945.0887787291573,0.9004581448963548,0.0017663463150521068,7.763822379711913e-05,0.003947765150840435,0.0,0.12040138244628906,0.9,1.6745305738752132e-05,1.674530573875196e-05,1.9255450428287243e-05
1772531307.8034248,282,1.1353492736816406,880.7862242755145,0.9045252617380589,0.00418228363800447,7.763822379711913e-05,0.003947765150840435,0.0,0.12040138244628906,0.9,1.7346882052668274e-05,1.7346882052668254e-05,1.9088075807014492e-05
1772531307.8153172,283,0.7615089416503906,1313.1822166562304,0.9001438481728872,0.0045293049336122245,7.763822379711913e-05,0.003947765150840435,0.0,0.12040138244628906,0.9,1.6020164654641795e-05,1.6020164654641795e-05,1.8767282690810415e-05
1772531307.8275926,284,0.6616115570068359,1511.460900900901,0.8989117265569484,0.0012616705763390786,7.763809837709033e-05,0.003947765150840435,0.0,0.12040138244628906,0.9,1.612344310815861e-05,1.6123443108166368e-05,1.8506724451400333e-05
1772531307.8398945,285,0.6291866302490234,1589.3535430087154,0.8981588536583208,0.0007667131754301087,7.763809837709033e-05,0.003947765150840435,0.0,0.12040138244628906,0.9,1.5939124693038997e-05,1.5939124693039007e-05,1.82525559629032e-05
1772531307.852962,286,0.6728172302246094,1486.2877391920624,0.9039782336588691,0.005998820537236317,7.763809837709033e-05,0.003947765150840435,0.0,0.12040138244628906,0.9,1.665056794324429e-05,1.665056794324429e-05,1.811975371921897e-05
1772531307.8655653,287,0.7808208465576172,1280.7035114503817,0.9032288891112626,0.0008096801695129444,7.763800796390782e-05,0.003947765150840435,0.0,0.12040138244628906,0.9,1.571515228252461e-05,1.571515228252461e-05,1.787846710142132e-05
1772531307.8772838,288,0.5517005920410156,1812.5773552290407,0.8974384250900476,0.005967878492476278,7.763800796390782e-05,0.003947765150840435,0.0,0.12040138244628906,0.9,1.4788286294747825e-05,1.4788286294755572e-05,1.755438119509335e-05
1772531307.8904707,289,0.7545948028564453,1325.2145339652448,0.9031549163477816,0.005898898217823329,7.763800796390782e-05,0.003947765150840435,0.0,0.12040138244628906,0.9,1.5993276837358106e-05,1.5993276837358106e-05,1.742788024003048e-05
1772531307.903022,290,0.7958412170410156,1256.532055122828,0.902747897451613,0.0004529606426054023,7.763791512114592e-05,0.003947765150840435,0.0,0.12040138244628906,0.9,1.5147935817618327e-05,1.5147935817618327e-05,1.720014740781353e-05
1772531307.9151442,291,0.6616115570068359,1511.460900900901,0.9000207991734547,0.002817016703464156,7.763791512114592e-05,0.003947765150840435,0.0,0.12040138244628906,0.9,1.463353322248996e-05,1.4633533222489938e-05,1.693971276334221e-05
1772531307.9270942,292,0.5276203155517578,1895.3023045639404,0.896298985846732,0.0038199840916492062,7.763791512114592e-05,0.003947765150840435,0.0,0.12040138244628906,0.9,1.422401472921701e-05,1.422401472921701e-05,1.6661549461073095e-05
1772531307.940382,293,0.7812976837158203,1279.9218797680805,0.9029097950977438,0.00682777746040359,7.763781653632582e-05,0.003947765150840435,0.0,0.12040138244628906,0.9,1.5274542180747794e-05,1.5274542180747784e-05,1.655216196128301e-05
1772531307.9529114,294,0.7524490356445312,1328.9936628643852,0.9031711881639254,0.0002791382594015509,7.763781653632582e-05,0.003947765150840435,0.0,0.12040138244628906,0.9,1.4468791039974624e-05,1.4468791039974624e-05,1.6345701441016047e-05
1772531307.9651182,295,0.6556510925292969,1525.2014545454545,0.9006962245801086,0.0025615793569607804,7.763781653632582e-05,0.003947765150840435,0.0,0.12040138244628906,0.9,1.3947849461344736e-05,1.3947849461344756e-05,1.610291145342024e-05
1772531307.9772327,296,0.5278587341308594,1894.4462511291779,0.8982877319869681,0.002474126842407856,7.763781653632582e-05,0.003947765150840435,0.0,0.12040138244628906,0.9,1.3702536453934706e-05,1.3702536453926945e-05,1.5861160251052102e-05
1772531307.9899662,297,0.5910396575927734,1691.9338442920532,0.9007972199683227,0.002599307560457073,7.763770813549327e-05,0.003947765150840435,0.0,0.12040138244628906,0.9,1.4065031584964894e-05,1.4065031584964904e-05,1.5695454049354523e-05
1772531308.0028555,298,0.766754150390625,1304.1990049751244,0.9032693007123488,0.002540247683443949,7.763770813549327e-05,0.003947765150840435,0.0,0.12040138244628906,0.9,1.395750236234566e-05,1.395750236234566e-05,1.5532868567600133e-05
1772531308.0151844,299,0.6282329559326172,1591.7662239089184,0.902014132611975,0.0013120020632181135,7.763770813549327e-05,0.003947765150840435,0.0,0.12040138244628906,0.9,1.3404724844725165e-05,1.3404724844725143e-05,1.531977799420628e-05
1772531308.0273514,300,0.5824565887451172,1716.866148178469,0.8991676866877967,0.0029331816009670088,7.763770813549327e-05,0.003947765150840435,0.0,0.12040138244628906,0.9,1.3008698213711513e-05,1.3008698213711513e-05,1.5085283899975484e-05
1772531308.0400136,301,0.6663799285888672,1500.6454382826475,0.900666984214855,0.0015546474791501563,7.763760406103569e-05,0.003947765150840435,0.0,0.12040138244628906,0.9,1.3274777915707869e-05,1.327477791570805e-05,1.4914848717395017e-05
1772531308.0527058,302,0.6258487701416016,1597.8300952380953,0.9028988200817009,0.0022946406371914135,7.763760406103569e-05,0.003947765150840435,0.0,0.12040138244628906,0.9,1.3234982617205118e-05,1.3234982617205106e-05,1.4757381373291098e-05
1772531308.065275,303,0.7369518280029297,1356.9407958589454,0.9023481029034063,0.000588691063161541,7.763760406103569e-05,0.003947765150840435,0.0,0.12040138244628906,0.9,1.2811924987155664e-05,1.2811924987155664e-05,1.4564821173278618e-05
1772531308.0775487,304,0.6270408630371094,1594.7923954372623,0.9008326629453094,0.0015683622901235665,7.763760406103569e-05,0.003947765150840435,0.0,0.12040138244628906,0.9,1.2526833839509625e-05,1.2526833839501873e-05,1.4361581393954771e-05
1772531308.0899715,305,0.67138671875,1489.4545454545455,0.8999143404732439,0.0009428574503856539,7.763750674000314e-05,0.003947765150840435,0.0,0.12040138244628906,0.9,1.2393506858636354e-05,1.2393506858636374e-05,1.4167241079643809e-05
1772531308.1026247,306,0.6172657012939453,1620.0478949401313,0.9020554946321874,0.0022078523054458506,7.763750674000314e-05,0.003947765150840435,0.0,0.12040138244628906,0.9,1.2551036937808254e-05,1.2551036937808254e-05,1.4016587158806641e-05
1772531308.11532,307,0.7538795471191406,1326.471853257432,0.9024813617345916,0.00043409369370603514,7.763750674000314e-05,0.003947765150840435,0.0,0.12040138244628906,0.9,1.2262516662549785e-05,1.2262516662542055e-05,1.3845750229168583e-05
1772531308.1275163,308,0.6310939788818359,1584.550056667926,0.9005072342534206,0.0020395605845664653,7.763750674000314e-05,0.003947765150840435,0.0,0.12040138244628906,0.9,1.1859996811345818e-05,1.1859996811345818e-05,1.3645800720627889e-05
1772531308.1400065,309,0.6887912750244141,1451.8186223606785,0.9001527594669928,0.0003618103999010896,7.763741182088963e-05,0.003947765150840435,0.0,0.12040138244628906,0.9,1.1831148330008694e-05,1.183114833000094e-05,1.3468472593408033e-05
1772531308.1525645,310,0.576019287109375,1736.0529801324503,0.9016035360333434,0.0014975115907361809,7.763741182088963e-05,0.003947765150840435,0.0,0.12040138244628906,0.9,1.1861886534206884e-05,1.1861886534206894e-05,1.3315993293477036e-05
1772531308.1653016,311,0.7467269897460938,1339.1775223499362,0.9023683909935755,0.0007827377102502571,7.763741182088963e-05,0.003947765150840435,0.0,0.12040138244628906,0.9,1.1677897372600238e-05,1.1677897372600238e-05,1.3157734717550858e-05
1772531308.17762,312,0.6148815155029297,1626.3295851105079,0.9014091044548093,0.0009964518661473836,7.763741182088963e-05,0.003947765150840435,0.0,0.12040138244628906,0.9,1.1373405875277128e-05,1.1373405875277128e-05,1.2980592476125848e-05
1772531308.1901305,313,0.6146430969238281,1626.9604344453064,0.9014412026199032,3.523811797122881e-05,7.763732330380541e-05,0.003947765150840435,0.0,0.12040138244628906,0.9,1.1307603518831629e-05,1.1307603518831629e-05,1.2817988848773802e-05
1772531308.2025971,314,0.5855560302734375,1707.7785016286646,0.9011333699209317,0.0003189678897221177,7.763732330380541e-05,0.003947765150840435,0.0,0.12040138244628906,0.9,1.1131443888514425e-05,1.1131443888514403e-05,1.2652494202783052e-05
1772531308.2152522,315,0.7321834564208984,1365.7779225008142,0.9014130568795704,0.00028743044337075876,7.763732330380541e-05,0.003947765150840435,0.0,0.12040138244628906,0.9,1.1041568301829254e-05,1.1041568301829254e-05,1.249619478990201e-05
1772531308.2275279,316,0.5233287811279297,1910.8446469248292,0.9009819260841596,0.0004450018747568056,7.763732330380541e-05,0.003947765150840435,0.0,0.12040138244628906,0.9,1.083891116581277e-05,1.0838911165805018e-05,1.2333067848276832e-05
1772531308.2406585,317,0.9884834289550781,1011.6507477086349,0.9029826280777941,0.002056701917592156,7.763723789345744e-05,0.003947765150840435,0.0,0.12040138244628906,0.9,1.092771307407571e-05,1.0927713074075904e-05,1.220174986431416e-05
1772531308.2530248,318,0.9534358978271484,1048.8382095523882,0.9014079978503731,0.001632504748716566,7.763723789345744e-05,0.003947765150840435,0.0,0.12040138244628906,0.9,1.049629431252031e-05,1.0496294312520333e-05,1.2030307154758239e-05
1772531308.265869,319,1.1186599731445312,893.926683716965,0.9032519759622308,0.0018929435965634538,7.763723789345744e-05,0.003947765150840435,0.0,0.12040138244628906,0.9,1.065180957938265e-05,1.0651809579382626e-05,1.190177568769451e-05
1772531308.2779899,320,0.8740425109863281,1144.1091107474085,0.901186799461017,0.002137905293093695,7.763723789345744e-05,0.003947765150840435,0.0,0.12040138244628906,0.9,1.019666915401513e-05,1.019666915401514e-05,1.1729299590905719e-05
1772531308.2903593,321,0.9412765502929688,1062.387031408308,0.8991417247399914,0.0021011613268036252,7.763723789345744e-05,0.003947765150840435,0.0,0.0,0.9,1.0022698356503565e-05,1.0022698356503575e-05,1.155818622279488e-05
1772531308.3029208,322,0.9515285491943359,1050.9406163868705,0.8997287275176187,0.0006277899346106884,7.7637136428456e-05,0.003947765150840435,0.0,0.03981590270996094,0.9,1.0086396635323875e-05,1.0086396635323853e-05,1.141644908345796e-05
1772531308.3154607,323,1.0716915130615234,933.1043381535039,0.899529363758916,0.00021139494834136713,7.7637136428456e-05,0.003947765150840435,0.0,0.03981590270996094,0.9,9.897674610810668e-06,9.897674610810668e-06,1.1266869405844408e-05
1772531308.3277392,324,0.8676052093505859,1152.597966474306,0.8996845161215098,0.00019408262647683654,7.7637136428456e-05,0.003947765150840435,0.0,0.03981590270996094,0.9,9.796445955413918e-06,9.796445955413918e-06,1.1123272384796847e-05
1772531308.3404377,325,0.9531974792480469,1049.1005502751375,0.9011915310839788,0.0015610388282354083,7.7637136428456e-05,0.003947765150840435,0.0,0.03981590270996094,0.9,9.791770738897675e-06,9.791770738897675e-06,1.0996587718609803e-05
1772531308.3526816,326,0.9038448333740234,1106.384595093643,0.8991231869376153,0.002125405450193126,7.7637136428456e-05,0.003947765150840435,0.0,0.03981590270996094,0.9,9.389924105646742e-06,9.389924105638987e-06,1.0833710853341948e-05
1772531308.3654523,327,1.0607242584228516,942.7520791189031,0.900763344500118,0.0017023012091293992,7.763704167659328e-05,0.003947765150840435,0.0,0.04029273986816406,0.9,9.541984904925725e-06,9.541984904925725e-06,1.071205861267893e-05
1772531308.3775969,328,0.8904933929443359,1122.9729585006694,0.8990969373799158,0.0017101679151997565,7.763704167659328e-05,0.003947765150840435,0.0,0.04029273986816406,0.9,9.175168610679974e-06,9.175168610679974e-06,1.0556971224454515e-05
1772531308.390413,329,0.8859634399414062,1128.7147470398277,0.9024948075227339,0.0035060055345264673,7.763704167659328e-05,0.003947765150840435,0.0,0.04029273986816406,0.9,9.444429917235758e-06,9.444429917235758e-06,1.0456814175941933e-05
1772531308.4028647,330,0.9875297546386719,1012.6277160791888,0.9009414552979975,0.001607688476339728,7.763704167659328e-05,0.003947765150840435,0.0,0.04029273986816406,0.9,8.987984478032308e-06,8.987984478032308e-06,1.0308452258974518e-05
1772531308.415405,331,0.7004737854003906,1427.6051735874744,0.9036440008466174,0.002776807264072283,7.763704167659328e-05,0.003947765150840435,0.0,0.04029273986816406,0.9,9.189820548350429e-06,9.189820548350449e-06,1.020633313630771e-05
1772531308.4274616,332,0.5810260772705078,1721.0931473122691,0.9000031897206816,0.0037610833420365928,7.763704167659328e-05,0.003947765150840435,0.0,0.04029273986816406,0.9,8.621424337247651e-06,8.621424337247641e-06,1.004248579609982e-05
1772531308.4400043,333,0.629425048828125,1588.7515151515152,0.9004305341062293,0.0004483292001160195,7.763693801736288e-05,0.003947765150840435,0.0,0.04029273986816406,0.9,8.762980047684375e-06,8.762980047684363e-06,9.919864977808003e-06
1772531308.4525363,334,0.6115436553955078,1635.206237816764,0.9012145828296401,0.0008097615946983451,7.763693801736288e-05,0.003947765150840435,0.0,0.04029273986816406,0.9,8.687071016600998e-06,8.687071016600998e-06,9.80093463784661e-06
1772531308.4653509,335,0.7631778717041016,1310.3105279600125,0.9026233019557305,0.001445788877159475,7.763693801736288e-05,0.003947765150840435,0.0,0.04029273986816406,0.9,8.64051359349585e-06,8.64051359349585e-06,9.6905270383149e-06
1772531308.477462,336,0.5674362182617188,1762.312605042017,0.9002285587892952,0.002473021765729815,7.763693801736288e-05,0.003947765150840435,0.0,0.04029273986816406,0.9,8.269593697093105e-06,8.269593697093093e-06,9.546231620056015e-06
1772531308.4900773,337,0.5927085876464844,1687.1697506033788,0.9013100072178201,0.001116935431192349,7.763693801736288e-05,0.003947765150840435,0.0,0.04029273986816406,0.9,8.381683679335921e-06,8.381683679335943e-06,9.435706540999425e-06
1772531308.5024369,338,0.598907470703125,1669.7070063694268,0.9000509774636365,0.0012959190773203513,7.763693801736288e-05,0.003947765150840435,0.0,0.04029273986816406,0.9,8.121383490855103e-06,8.121383490855103e-06,9.30424788458066e-06
1772531308.5157053,339,0.8924007415771484,1120.5728025647877,0.9049365653446285,0.005025687142231733,7.76368415791511e-05,0.003947765150840435,0.0,0.04029273986816406,0.9,8.446112764407463e-06,8.446112764407487e-06,9.231275816495777e-06
1772531308.5277066,340,0.6589889526367188,1517.4761215629521,0.9011682821117941,0.0039027473346513754,7.76368415791511e-05,0.003947765150840435,0.0,0.04029273986816406,0.9,7.803518379255013e-06,7.803518379255182e-06,9.08280988241839e-06
1772531308.5400217,341,0.5898475646972656,1695.3532740501212,0.8999866713753323,0.001215134571218903,7.76368415791511e-05,0.003947765150840435,0.0,0.04029273986816406,0.9,7.824437342748823e-06,7.824437342748823e-06,8.958996739061953e-06
1772531308.5523708,342,0.6103515625,1638.4,0.898775737157319,0.0012384987194173996,7.76368415791511e-05,0.003947765150840435,0.0,0.04029273986816406,0.9,7.701189039111313e-06,7.701189039103554e-06,8.833891762235878e-06
1772531308.5643554,343,0.3635883331298828,2750.3632786885246,0.8963155380695418,0.002516034608221371,7.76368415791511e-05,0.003947765150840435,0.0,0.04029273986816406,0.9,7.49260462525825e-06,7.492604625266021e-06,8.697860832794307e-06
1772531308.5766652,344,0.35691261291503906,2801.806279225117,0.8960488854921047,0.00034282056374115855,7.76368415791511e-05,0.003947765150840435,0.0,0.04029273986816406,0.9,7.500930483528445e-06,7.5009304835206536e-06,8.580299341560382e-06
1772531308.5901763,345,0.45037269592285156,2220.3832715722606,0.9057093117403439,0.009962536998049628,7.763674853995402e-05,0.003947765150840435,0.0,0.04029273986816406,0.9,8.069373081741675e-06,8.069373081741641e-06,8.548540520347214e-06
1772531308.6023092,346,0.52642822265625,1899.5942028985507,0.9009429234878771,0.004934449547787175,7.763674853995402e-05,0.003947765150840435,0.0,0.04029273986816406,0.9,7.163586840097948e-06,7.163586840097948e-06,8.401348248970276e-06
1772531308.6150906,347,0.7722377777099609,1294.9379438098179,0.9020357225508004,0.001122480654358931,7.763674853995402e-05,0.003947765150840435,0.0,0.04029273986816406,0.9,7.384907396367527e-06,7.384907396367505e-06,8.305960151196347e-06
1772531308.6268616,348,0.44655799865722656,2239.350774159103,0.8975857419920747,0.004581084931557213,7.763674853995402e-05,0.003947765150840435,0.0,0.04029273986816406,0.9,6.947739707442297e-06,6.947739707442297e-06,8.164673669302734e-06
1772531308.639334,349,0.4239082336425781,2359.001124859393,0.8986169080313803,0.00109432420845717,7.763674853995402e-05,0.003947765150840435,0.0,0.04029273986816406,0.9,7.139670207734124e-06,7.139670207734113e-06,8.067394323182043e-06
1772531308.6525834,350,0.60272216796875,1659.139240506329,0.9048660151235425,0.006436163108869616,7.763674853995402e-05,0.003947765150840435,0.0,0.04029273986816406,0.9,7.395219202601525e-06,7.395219202601717e-06,8.012553406409732e-06
1772531308.6646643,351,0.568389892578125,1759.3557046979865,0.9005093397556686,0.004507923744492078,7.763674853995402e-05,0.003947765150840435,0.0,0.04029273986816406,0.9,6.7348130159286714e-06,6.7348130159286714e-06,7.878390347775506e-06
1772531308.6766653,352,0.3986358642578125,2508.555023923445,0.8974058964922444,0.0031875642838928063,7.763665668132226e-05,0.003947765150840435,0.0,0.04029273986816406,0.9,6.661448319253244e-06,6.661448319253265e-06,7.755374708799572e-06
1772531308.6890786,353,0.29468536376953125,3393.4498381877024,0.8985100570770522,0.0011698908538161877,7.763665668132226e-05,0.003947765150840435,0.0,0.04029273986816406,0.9,6.784732156333731e-06,6.784732156333731e-06,7.662913352238964e-06
1772531308.7016916,354,0.30422210693359375,3287.0721003134795,0.9003802191562652,0.0019401874103615491,7.763665668132226e-05,0.003947765150840435,0.0,0.04029273986816406,0.9,6.758603566846471e-06,6.758603566846493e-06,7.577052826770971e-06
1772531308.7142446,355,0.35643577575683594,2805.554515050167,0.9010472366580631,0.0006879143377496512,7.763665668132226e-05,0.003947765150840435,0.0,0.04029273986816406,0.9,6.627998157650744e-06,6.627998157650766e-06,7.484823169510641e-06
1772531308.726677,356,0.2932548522949219,3410.0032520325203,0.9010648707549201,3.1255086987080595e-05,7.763665668132226e-05,0.003947765150840435,0.0,0.04029273986816406,0.9,6.5159841826043304e-06,6.515984182604308e-06,7.390074350851282e-06
1772531308.739087,357,0.31185150146484375,3206.6544342507646,0.9003652895811204,0.0007221063399975608,7.763665668132226e-05,0.003947765150840435,0.0,0.04029273986816406,0.9,6.392580466319207e-06,6.392580466319207e-06,7.291533079506511e-06
1772531308.7516823,358,0.2989768981933594,3344.7400318979267,0.9018036356092153,0.0014797919893968052,7.763665668132226e-05,0.003947765150840435,0.0,0.04029273986816406,0.9,6.424761717094405e-06,6.424761717094405e-06,7.2094631552407365e-06
1772531308.7642446,359,0.3485679626464844,2868.8809849521203,0.9021143346567588,0.00031853575552691333,7.763656984409715e-05,0.003947765150840435,0.0,0.04029273986816406,0.9,6.300689656433605e-06,6.300689656433605e-06,7.120995572526102e-06
1772531308.7766402,360,0.2987384796142578,3347.4094173982444,0.9014595769129289,0.0006875109923652929,7.763656984409715e-05,0.003947765150840435,0.0,0.04029273986816406,0.9,6.17275098834868e-06,6.17275098834868e-06,7.027503339381651e-06
1772531308.7893813,361,0.3657341003417969,2734.2268578878748,0.9032562419881016,0.001840992284324853,7.763656984409715e-05,0.003947765150840435,0.0,0.04029273986816406,0.9,6.2227191246985354e-06,6.222719124706297e-06,6.952189446183454e-06
1772531308.8017397,362,0.32067298889160156,3118.4416356877323,0.9019480842604058,0.0013680362110062476,7.763656984409715e-05,0.003947765150840435,0.0,0.04029273986816406,0.9,6.00073863551543e-06,6.00073863551543e-06,6.857123094496905e-06
1772531308.8142023,363,0.3097057342529297,3228.871439568899,0.9016961669744596,0.00027531206851241996,7.763656984409715e-05,0.003947765150840435,0.0,0.04029273986816406,0.9,5.965992486897569e-06,5.965992486897548e-06,6.770343681659647e-06
1772531308.8265772,364,0.2999305725097656,3334.10492845787,0.9005507183351249,0.0011842148237082017,7.763656984409715e-05,0.003947765150840435,0.0,0.04029273986816406,0.9,5.840352757341222e-06,5.8403527573412e-06,6.6780099040453635e-06
1772531308.8392253,365,0.30803680419921875,3246.3653250773996,0.90208913727637,0.0015824735899490122,7.763656984409715e-05,0.003947765150840435,0.0,0.04029273986816406,0.9,5.892851583904466e-06,5.892851583904466e-06,6.604030219704871e-06
1772531308.8518667,366,0.39124488830566406,2555.94393662401,0.9027147225575383,0.0006377175478108445,7.763656984409715e-05,0.003947765150840435,0.0,0.04029273986816406,0.9,5.791489248844152e-06,5.791489248851924e-06,6.525444418126395e-06
1772531308.8642106,367,0.30803680419921875,3246.3653250773996,0.9014728345447025,0.0012914633108468965,7.763648122493535e-05,0.003947765150840435,0.0,0.04029273986816406,0.9,5.631856709829225e-06,5.631856709829214e-06,6.436487096824273e-06
1772531308.8766782,368,0.28824806213378906,3469.234077750207,0.9013517027223088,0.00013086827483346628,7.763648122493535e-05,0.003947765150840435,0.0,0.04029273986816406,0.9,5.602621789207086e-06,5.602621789207097e-06,6.355361858829646e-06
1772531308.8891811,369,0.2892017364501953,3457.7938994229185,0.9013346782126516,2.715942812900567e-05,7.763648122493535e-05,0.003947765150840435,0.0,0.04029273986816406,0.9,5.53573632431878e-06,5.53573632431878e-06,6.275437421060897e-06
1772531308.90157,370,0.2970695495605469,3366.215088282504,0.9002808347861171,0.0010849825189741848,7.763648122493535e-05,0.003947765150840435,0.0,0.04029273986816406,0.9,5.414380698180157e-06,5.414380698180157e-06,6.18992655292229e-06
1772531308.914163,371,0.28443336486816406,3515.761944677284,0.9014613043284756,0.0012189440964769658,7.763648122493535e-05,0.003947765150840435,0.0,0.04029273986816406,0.9,5.441709902309164e-06,5.441709902309164e-06,6.118749920212698e-06
1772531308.9266858,372,0.30803680419921875,3246.3653250773996,0.9014807096351489,2.5182805502253274e-05,7.763648122493535e-05,0.003947765150840435,0.0,0.04029273986816406,0.9,5.331049174616958e-06,5.331049174616947e-06,6.041641818409267e-06
1772531308.9391904,373,0.2944469451904297,3396.1975708502023,0.9015636614741843,8.467493042077072e-05,7.763648122493535e-05,0.003947765150840435,0.0,0.04029273986816406,0.9,5.267267419469357e-06,5.267267419469357e-06,5.9662343389993765e-06
1772531308.9516764,374,0.293731689453125,3404.4675324675327,0.9014276333077093,0.00014434232318803807,7.763648122493535e-05,0.003947765150840435,0.0,0.04029273986816406,0.9,5.191742225025682e-06,5.19174222502566e-06,5.89050500753323e-06
1772531308.964274,375,0.35071372985839844,2851.3283480625423,0.9018848971512117,0.000468041663277514,7.763648122493535e-05,0.003947765150840435,0.0,0.04029273986816406,0.9,5.152409428311748e-06,5.152409428311578e-06,5.819172268033322e-06
1772531308.9767487,376,0.31948089599609375,3130.0776119402985,0.9015680485944653,0.00033238190623741375,7.763639040391727e-05,0.003947765150840435,0.0,0.04029273986816406,0.9,5.057544592008166e-06,5.057544592008177e-06,5.744408201172731e-06
1772531308.9890578,377,0.286102294921875,3495.2533333333336,0.900045900465057,0.0015668398610341624,7.763639040391727e-05,0.003947765150840435,0.0,0.04029273986816406,0.9,4.9358593355758986e-06,4.9358593355758986e-06,5.663612897103707e-06
1772531309.0017092,378,0.2925395965576172,3418.3406682966584,0.9016219522926967,0.0016282203340223249,7.763639040391727e-05,0.003947765150840435,0.0,0.04029273986816406,0.9,4.994367773390076e-06,4.994367773390076e-06,5.600567643068729e-06
1772531309.014177,379,0.2923011779785156,3421.1288743882546,0.9012299788924464,0.00040614766924655817,7.763639040391727e-05,0.003947765150840435,0.0,0.04029273986816406,0.9,4.8616309454267065e-06,4.861630945434469e-06,5.5276129425097054e-06
1772531309.0265589,380,0.2918243408203125,3426.718954248366,0.9001528893977985,0.0011070146908106241,7.763639040391727e-05,0.003947765150840435,0.0,0.04029273986816406,0.9,4.7661876371476185e-06,4.7661876371476075e-06,5.452016269439032e-06
1772531309.0392842,381,0.3261566162109375,3066.0116959064326,0.9021929201827946,0.0021038299786860226,7.763639040391727e-05,0.003947765150840435,0.0,0.04029273986816406,0.9,4.827913885918737e-06,4.827913885918737e-06,5.3937809489757894e-06
1772531309.0517206,382,0.3123283386230469,3201.758778625954,0.9014536141199129,0.0007678804976094183,7.763639040391727e-05,0.003947765150840435,0.0,0.04029273986816406,0.9,4.670750538792685e-06,4.670750538792685e-06,5.321943291311031e-06
1772531309.0642574,383,0.3485679626464844,2868.8809849521203,0.9015118337663632,5.9351261127294546e-05,7.763639040391727e-05,0.003947765150840435,0.0,0.04029273986816406,0.9,4.637889602563114e-06,4.637889602563114e-06,5.255453483883963e-06
1772531309.0766788,384,0.2994537353515625,3339.4140127388537,0.9009942746474142,0.0005341388903026838,7.763639040391727e-05,0.003947765150840435,0.0,0.04029273986816406,0.9,4.5562514391845545e-06,4.5562514391845545e-06,5.186604496932509e-06
1772531309.0891,385,0.31256675720214844,3199.316552250191,0.9001711414599531,0.0008445785757445626,7.763639040391727e-05,0.003947765150840435,0.0,0.04029273986816406,0.9,4.480804784154019e-06,4.480804784154019e-06,5.116811109658273e-06
1772531309.1017694,386,0.35119056701660156,2847.456890699253,0.9016619210954673,0.0015396674759339645,7.763630054977439e-05,0.003947765150840435,0.0,0.04029273986816406,0.9,4.508653433430614e-06,4.508653433438377e-06,5.059255494976089e-06
1772531309.1143556,387,0.3600120544433594,2777.6847682119205,0.9023420157514217,0.0006959201365228402,7.763630054977439e-05,0.003947765150840435,0.0,0.04029273986816406,0.9,4.434198766041393e-06,4.434198766041393e-06,4.998767898868568e-06
1772531309.1267142,388,0.3044605255126953,3284.4980422866092,0.9010206153685999,0.001366606238230988,7.763630054977439e-05,0.003947765150840435,0.0,0.04029273986816406,0.9,4.306794092298087e-06,4.306794092298109e-06,4.929693933890488e-06
1772531309.1391635,389,0.28705596923828125,3483.641196013289,0.9006825977129689,0.00034642527898043747,7.763630054977439e-05,0.003947765150840435,0.0,0.04029273986816406,0.9,4.277927566809097e-06,4.277927566809097e-06,4.865947048283723e-06
1772531309.151562,390,0.2930164337158203,3412.7778681855166,0.8998134485478233,0.0008901736839018904,7.763630054977439e-05,0.003947765150840435,0.0,0.04029273986816406,0.9,4.199842624171857e-06,4.199842624171845e-06,4.799949350927663e-06
1772531309.1641955,391,0.3020763397216797,3310.4214680347277,0.9013093095182922,0.001548034527829105,7.763630054977439e-05,0.003947765150840435,0.0,0.04029273986816406,0.9,4.2272435010087466e-06,4.2272435010087466e-06,4.745706630449236e-06
1772531309.1766822,392,0.29778480529785156,3358.12970376301,0.9011387166654464,0.0001762872703200986,7.763630054977439e-05,0.003947765150840435,0.0,0.04029273986816406,0.9,4.125157579662635e-06,4.125157579670365e-06,4.68464011952934e-06
1772531309.189493,393,0.3669261932373047,2725.3437296946067,0.9034133839733051,0.0023370642477212812,7.763630054977439e-05,0.003947765150840435,0.0,0.04029273986816406,0.9,4.1618691473353e-06,4.161869147327514e-06,4.636104796964413e-06
1772531309.2016118,394,0.3170967102050781,3153.612030075188,0.8997108413493972,0.003821009207429253,7.763630054977439e-05,0.003947765150840435,0.0,0.04029273986816406,0.9,3.913071354233227e-06,3.913071354233227e-06,4.5613653361955466e-06
1772531309.2143002,395,0.4088878631591797,2445.658309037901,0.9011364613406926,0.0014765981580259291,7.763630054977439e-05,0.003947765150840435,0.0,0.04029273986816406,0.9,4.014761972798326e-06,4.014761972790563e-06,4.510071890688475e-06
1772531309.2267826,396,0.3676414489746094,2720.041504539559,0.9011747344539259,3.977089659776042e-05,7.763630054977439e-05,0.003947765150840435,0.0,0.04029273986816406,0.9,3.926910478701789e-06,3.926910478701778e-06,4.452892001802309e-06
1772531309.2394476,397,0.4284381866455078,2334.0589872008904,0.9021242067411961,0.0009753829678895407,7.763621543287542e-05,0.003947765150840435,0.0,0.04029273986816406,0.9,3.909588248220787e-06,3.909588248220787e-06,4.400821886686292e-06
1772531309.2520504,398,0.4935264587402344,2026.2338164251207,0.9022361780925773,0.00011887838519618328,7.763621543287542e-05,0.003947765150840435,0.0,0.04029273986816406,0.9,3.839822042156833e-06,3.8398220421568444e-06,4.346095874233266e-06
1772531309.2658248,399,1.0957717895507812,912.5987815491732,0.9090627482947684,0.007003900602157225,7.763621543287542e-05,0.003947765150840435,0.0,0.04029273986816406,0.9,4.023298127437492e-06,4.023298127437492e-06,4.3216240574228725e-06
1772531309.2777905,400,0.7512569427490234,1331.1025071405902,0.9042390547392177,0.005022929725256348,7.763621543287542e-05,0.003947765150840435,0.0,0.04029273986816406,0.9,3.6399910394165578e-06,3.639991039416536e-06,4.249869646419171e-06
1772531309.2898626,401,0.6628036499023438,1508.7424460431655,0.900188787347451,0.004184023232254066,7.763621543287542e-05,0.003947765150840435,0.0,0.04029273986816406,0.9,3.5823369469122502e-06,3.5823369469122502e-06,4.181960104869414e-06
1772531309.302238,402,0.6120204925537109,1633.9322165952474,0.8993217150797606,0.0008858684324896687,7.763621543287542e-05,0.003947765150840435,0.0,0.04029273986816406,0.9,3.6084481053652456e-06,3.6084481053652562e-06,4.125764579920195e-06
1772531309.314948,403,0.7183551788330078,1392.0690341851976,0.9007021083402293,0.0014372010670962597,7.763621543287542e-05,0.003947765150840435,0.0,0.04029273986816406,0.9,3.6274342972033154e-06,3.627434297203294e-06,4.078378671077878e-06
1772531309.3273726,404,0.6723403930664062,1487.3418439716313,0.9001035595028883,0.0006118223820776091,7.763621543287542e-05,0.003947765150840435,0.0,0.04029273986816406,0.9,3.528044510207218e-06,3.528044510207196e-06,4.0237681710183655e-06
1772531309.339764,405,0.6186962127685547,1616.302119460501,0.899571979116522,0.0005426806660279949,7.763621543287542e-05,0.003947765150840435,0.0,0.04029273986816406,0.9,3.479941700169286e-06,3.4799417001692965e-06,3.970146975165097e-06
1772531309.3522847,406,0.6670951843261719,1499.036454610436,0.8996112881454746,0.00011684766174474318,7.763621543287542e-05,0.003947765150840435,0.0,0.04029273986816406,0.9,3.4484807423649936e-06,3.4484807423650156e-06,3.919148787107096e-06
1772531309.3647652,407,0.6184577941894531,1616.9252120277563,0.9000239050843545,0.0004476614589424455,7.763621543287542e-05,0.003947765150840435,0.0,0.04029273986816406,0.9,3.415517012446827e-06,3.415517012446827e-06,3.870153532415737e-06
1772531309.3772864,408,0.6530284881591797,1531.3267615918219,0.9000707236725191,9.524351517317918e-05,7.763621543287542e-05,0.003947765150840435,0.0,0.04029273986816406,0.9,3.3633697068054287e-06,3.3633697068054287e-06,3.820498710495286e-06
1772531309.3893297,409,0.45800209045410156,2183.396147839667,0.8974896235176147,0.0026449129419653257,7.763621543287542e-05,0.003947765150840435,0.0,0.04029273986816406,0.9,3.2412677011778712e-06,3.2412677011778602e-06,3.76152432143755e-06
1772531309.402188,410,0.7140636444091797,1400.4353923205342,0.8994104555207126,0.00200965175131762,7.76361275842668e-05,0.003947765150840435,0.0,0.04029273986816406,0.9,3.3131809537773917e-06,3.3131809537773917e-06,3.7194504608567e-06
1772531309.4147336,411,0.7193088531494141,1390.223400729201,0.9002381663737523,0.0008680571556585039,7.76361275842668e-05,0.003947765150840435,0.0,0.04029273986816406,0.9,3.2518360015900406e-06,3.2518360015900296e-06,3.6739916279524963e-06
1772531309.4272728,412,0.7154941558837891,1397.635454848384,0.9008792422756275,0.0006666025487107546,7.76361275842668e-05,0.003947765150840435,0.0,0.04029273986816406,0.9,3.2106980527415267e-06,3.2106980527415483e-06,3.629055457348213e-06
1772531309.4397883,413,0.732421875,1365.3333333333333,0.9009464011493383,7.15795917465936e-05,7.76361275842668e-05,0.003947765150840435,0.0,0.04029273986816406,0.9,3.1581208877019006e-06,3.158120887701867e-06,3.582985695086192e-06
1772531309.4522512,414,0.7169246673583984,1394.8466910542068,0.9008156683164261,0.00013415308572102983,7.76361275842668e-05,0.003947765150840435,0.0,0.04029273986816406,0.9,3.113082895918527e-06,3.113082895918494e-06,3.536956174088822e-06
1772531309.4647126,415,0.7119178771972656,1404.6563965170797,0.9005535030487484,0.0002685336642496408,7.76361275842668e-05,0.003947765150840435,0.0,0.04029273986816406,0.9,3.069102820569033e-06,3.069102820569022e-06,3.491044495631794e-06
1772531309.4773004,416,0.7016658782958984,1425.1797485558955,0.9015668211651274,0.0010438640114152633,7.76361275842668e-05,0.003947765150840435,0.0,0.04029273986816406,0.9,3.063448613611384e-06,3.063448613611384e-06,3.4500950960390264e-06
1772531309.4897306,417,0.7162094116210938,1396.2396804260986,0.9007618425603424,0.0008324632894522321,7.76361275842668e-05,0.003947765150840435,0.0,0.04029273986816406,0.9,2.982329476846156e-06,2.982329476846156e-06,3.403668497441741e-06
1772531309.5022128,418,0.6957054138183594,1437.3899931459905,0.9008821190519934,0.00012468082073338168,7.76361275842668e-05,0.003947765150840435,0.0,0.04029273986816406,0.9,2.964097200570026e-06,2.9640972005777914e-06,3.3609338728339623e-06
1772531309.514692,419,0.6902217864990234,1448.8096718480137,0.9007972718602789,8.780704634165086e-05,7.76361275842668e-05,0.003947765150840435,0.0,0.04029273986816406,0.9,2.9219008313690265e-06,2.9219008313690045e-06,3.317966754249653e-06
1772531309.527322,420,0.7045269012451172,1419.3922165820643,0.9019337396455279,0.0011680666118846293,7.76361275842668e-05,0.003947765150840435,0.0,0.04029273986816406,0.9,2.91628810950599e-06,2.91628810950599e-06,3.279609365214609e-06
1772531309.5395758,421,0.46324729919433594,2158.6742151312405,0.9015532967625078,0.000402620713206874,7.76361275842668e-05,0.003947765150840435,0.0,0.04029273986816406,0.9,2.8478755975884878e-06,2.8478755975884878e-06,3.2370831632249134e-06
1772531309.551861,422,0.4105567932128906,2435.7166085946574,0.8998703717242782,0.001734398881969558,7.76361275842668e-05,0.003947765150840435,0.0,0.04029273986816406,0.9,2.7765564361061245e-06,2.7765564360983598e-06,3.1909618051539807e-06
1772531309.5642867,423,0.40030479431152344,2498.096486003574,0.8995678779041723,0.0003080719851708525,7.76361275842668e-05,0.003947765150840435,0.0,0.04029273986816406,0.9,2.765289969496878e-06,2.765289969496878e-06,3.1493170283665057e-06
1772531309.5767987,424,0.3361701965332031,2974.6836879432626,0.9004569588923422,0.0009245362487279623,7.76361275842668e-05,0.003947765150840435,0.0,0.04029273986816406,0.9,2.757347919778483e-06,2.757347919778483e-06,3.1116126642807264e-06
1772531309.5893257,425,0.36835670471191406,2714.759870550162,0.9006446462567748,0.00019645065086420477,7.763604461442797e-05,0.003947765150840435,0.0,0.04029273986816406,0.9,2.710293472447599e-06,2.710293472447599e-06,3.0723955569016297e-06
1772531309.6018608,426,0.3809928894042969,2624.720901126408,0.9011826845454276,0.0005542681402855273,7.763604461442797e-05,0.003947765150840435,0.0,0.04029273986816406,0.9,2.6854767301109673e-06,2.6854767301109673e-06,3.0349445160303886e-06
1772531309.6142383,427,0.3542900085449219,2822.5464333781965,0.9002252546995482,0.0009863526446819088,7.763604461442797e-05,0.003947765150840435,0.0,0.04029273986816406,0.9,2.6189894444938173e-06,2.6189894444938173e-06,2.993605420812203e-06
1772531309.6268048,428,0.3447532653808594,2900.625172890733,0.9011659374712341,0.0009710247078254966,7.763604461442797e-05,0.003947765150840435,0.0,0.04029273986816406,0.9,2.6248798838114826e-06,2.624879883803695e-06,2.9583204447576157e-06
1772531309.639351,429,0.3552436828613281,2814.9691275167784,0.9015393612732227,0.00038200930540324024,7.763604461442797e-05,0.003947765150840435,0.0,0.04029273986816406,0.9,2.5839134463132046e-06,2.5839134463132046e-06,2.921913718601245e-06
1772531309.6518545,430,0.377655029296875,2647.919191919192,0.9014829556321599,7.485510851083777e-05,7.763604461442797e-05,0.003947765150840435,0.0,0.04029273986816406,0.9,2.543736454691082e-06,2.5437364546910605e-06,2.884950326902268e-06
1772531309.664212,431,0.3495216369628906,2861.0532060027285,0.9002420614335129,0.0012799809854378325,7.763604461442797e-05,0.003947765150840435,0.0,0.04029273986816406,0.9,2.4845691593493582e-06,2.4845691593493582e-06,2.8450822451004343e-06
1772531309.6768353,432,0.3509521484375,2849.391304347826,0.9015898469277565,0.0013890815397129036,7.763604461442797e-05,0.003947765150840435,0.0,0.04029273986816406,0.9,2.504172463365488e-06,2.5041724633654996e-06,2.8127864558273764e-06
1772531309.6896732,433,0.6389617919921875,1565.0388059701493,0.9026051668122044,0.0010389195767424805,7.763604461442797e-05,0.003947765150840435,0.0,0.04029273986816406,0.9,2.472703168081142e-06,2.472703168081142e-06,2.7801268642943477e-06
1772531309.7052374,434,0.5548000335693359,1802.4512247529008,0.9297044307415703,0.027790854170230795,7.763604461442797e-05,0.003947765150840435,0.0,0.04029273986816406,0.9,3.022246672905457e-06,3.022246672905445e-06,2.8217842123829073e-06
1772531309.7144608,435,0.6020069122314453,1661.110495049505,0.8928081332091887,0.038096404920689435,7.763604461442797e-05,0.003947765150840435,0.0,0.04029273986816406,0.9,1.7513384498499138e-06,1.7513384498500847e-06,2.6921627408312995e-06
1772531309.7269094,436,0.5559921264648438,1798.5866209262435,0.894283332237331,0.0016312543048451235,7.763604461442797e-05,0.003947765150840435,0.0,0.04029273986816406,0.9,2.354406087620419e-06,2.354406087620419e-06,2.6639343517624514e-06
1772531309.7394469,437,0.5891323089599609,1697.4115742614326,0.8956764248414686,0.0015247187824078763,7.763604461442797e-05,0.003947765150840435,0.0,0.04029273986816406,0.9,2.3267691554306124e-06,2.3267691554383784e-06,2.6312289711105967e-06
1772531309.751963,438,0.5807876586914062,1721.799671592775,0.8970389128806798,0.0014701545774011874,7.763604461442797e-05,0.003947765150840435,0.0,0.04029273986816406,0.9,2.3009673332377952e-06,2.3009673332378287e-06,2.599266208565576e-06
1772531309.7644966,439,0.5936622619628906,1684.459437751004,0.8981539678832516,0.001197645492980928,7.763604461442797e-05,0.003947765150840435,0.0,0.04029273986816406,0.9,2.271613810369745e-06,2.271613810369745e-06,2.5674947541933084e-06
1772531309.777038,440,0.6170272827148438,1620.6738794435857,0.8990818453674587,0.0009895521443675941,7.763604461442797e-05,0.003947765150840435,0.0,0.04029273986816406,0.9,2.243252525228061e-06,2.243252525228061e-06,2.536043070560224e-06
1772531309.7895594,441,0.6318092346191406,1582.7562264150943,0.8996238033855868,0.0005832533281818579,7.763604461442797e-05,0.003947765150840435,0.0,0.04029273986816406,0.9,2.2108395460397116e-06,2.2108395460397226e-06,2.504352579795225e-06
1772531309.8019004,442,0.5247592926025391,1905.6356201726487,0.8994143683997694,0.00022049663478660738,7.763604461442797e-05,0.003947765150840435,0.0,0.04029273986816406,0.9,2.170095207519224e-06,2.1700952075192124e-06,2.471424030188953e-06
1772531309.814318,443,0.41937828063964844,2384.4820920977827,0.899933480373999,0.0005517316571422777,7.763596339144707e-05,0.003947765150840435,0.0,0.04029273986816406,0.9,2.1552885468674376e-06,2.1552885468674376e-06,2.4407543589917826e-06
1772531309.8266947,444,0.35452842712402344,2820.6482851378614,0.8996368007577555,0.00030259632569218397,7.763596339144707e-05,0.003947765150840435,0.0,0.04029273986816406,0.9,2.1144026140249595e-06,2.1144026140249595e-06,2.40858462247672e-06
1772531309.839419,445,0.3986358642578125,2508.555023923445,0.901864211850264,0.0022984328872409955,7.763596339144707e-05,0.003947765150840435,0.0,0.04029273986816406,0.9,2.133858738483614e-06,2.1338587384836025e-06,2.3829330505938344e-06
1772531309.8520029,446,0.4267692565917969,2343.1865921787708,0.9023101520607714,0.0004549802845098765,7.763596339144707e-05,0.003947765150840435,0.0,0.04029273986816406,0.9,2.084061208753408e-06,2.084061208753418e-06,2.3538134356850014e-06
1772531309.8643198,447,0.3533363342285156,2830.1646423751686,0.9009434478848557,0.0014163655959467838,7.763596339144707e-05,0.003947765150840435,0.0,0.04029273986816406,0.9,2.026722314218919e-06,2.0267223142189524e-06,2.3211690742251864e-06
1772531309.8768225,448,0.3559589385986328,2809.3127930341593,0.9010756871039488,0.00013562795624148964,7.763596339144707e-05,0.003947765150840435,0.0,0.04029273986816406,0.9,2.0225099937724253e-06,2.0225099937724143e-06,2.2922168165402506e-06
1772531309.8893726,449,0.3733634948730469,2678.3550446998725,0.9014662437680568,0.0003998887607565313,7.763596339144707e-05,0.003947765150840435,0.0,0.04029273986816406,0.9,2.002268860780993e-06,2.002268860781015e-06,2.2641083997253157e-06
1772531309.9017332,450,0.36406517028808594,2746.7609692206943,0.9002976611758082,0.0012059011081789986,7.763596339144707e-05,0.003947765150840435,0.0,0.04029273986816406,0.9,1.951027089357557e-06,1.951027089357546e-06,2.232923565514171e-06
1772531309.9143434,451,0.3535747528076172,2828.2562373567093,0.9015887893172495,0.0013300944589945821,7.763596339144707e-05,0.003947765150840435,0.0,0.04029273986816406,0.9,1.9644810390684982e-06,1.9644810390684982e-06,2.2074575782790187e-06
1772531309.926695,452,0.34737586975097656,2878.726149622512,0.900312011567271,0.001317988211519904,7.763596339144707e-05,0.003947765150840435,0.0,0.04029273986816406,0.9,1.900653894295596e-06,1.900653894295596e-06,2.1767674050631318e-06
1772531309.9393015,453,0.34999847412109375,2857.1553133514985,0.901540115276797,0.0012652974798322263,7.763596339144707e-05,0.003947765150840435,0.0,0.04029273986816406,0.9,1.91411279573696e-06,1.91411279573696e-06,2.1518283569933835e-06
1772531309.9517632,454,0.32830238342285156,3045.9724037763253,0.9012236600276903,0.00033268961344455215,7.763596339144707e-05,0.003947765150840435,0.0,0.04029273986816406,0.9,1.8689861656913052e-06,1.8689861656913383e-06,2.123976806137326e-06
1772531309.964294,455,0.33974647521972656,2943.371228070175,0.9014787358331326,0.00026046751613117443,7.763596339144707e-05,0.003947765150840435,0.0,0.04029273986816406,0.9,1.8537445213597033e-06,1.853744521359692e-06,2.097766423780111e-06
1772531309.9767518,456,0.3197193145751953,3127.7434750186426,0.9011712086840247,0.0003224449591303279,7.763596339144707e-05,0.003947765150840435,0.0,0.04029273986816406,0.9,1.822203198899045e-06,1.8222031988912784e-06,2.0707227769045236e-06
1772531309.9893587,457,0.38814544677734375,2576.3538083538083,0.9016329188371922,0.00047255335945141347,7.763596339144707e-05,0.003947765150840435,0.0,0.04029273986816406,0.9,1.810572336238901e-06,1.810572336238879e-06,2.045588061050768e-06
1772531310.0019047,458,0.40721893310546875,2455.68149882904,0.9019123237549105,0.0002849455476792997,7.763596339144707e-05,0.003947765150840435,0.0,0.04029273986816406,0.9,1.7867654340057676e-06,1.786765434013523e-06,2.020449850419738e-06
1772531310.0143814,459,0.37670135498046875,2654.6227848101266,0.901769646438287,0.00016294085626503697,7.763596339144707e-05,0.003947765150840435,0.0,0.04029273986816406,0.9,1.758830063958081e-06,1.758830063958059e-06,1.9948709838193977e-06
1772531310.026754,460,0.3228187561035156,3097.7134416543577,0.9007097977271105,0.0010956922513730178,7.763596339144707e-05,0.003947765150840435,0.0,0.04029273986816406,0.9,1.7218471717231513e-06,1.72184717172314e-06,1.9677854041237054e-06
1772531310.0392985,461,0.31375885009765625,3187.161094224924,0.9012502458756161,0.0005569280122911725,7.763596339144707e-05,0.003947765150840435,0.0,0.04029273986816406,0.9,1.7207908913251486e-06,1.7207908913251486e-06,1.9439975448389263e-06
1772531310.0516582,462,0.36072731018066406,2772.177131526768,0.8997119761019098,0.0015826598183547355,7.763596339144707e-05,0.003947765150840435,0.0,0.04029273986816406,0.9,1.6692150389446973e-06,1.669215038944868e-06,1.9164498871929043e-06
1772531310.0642982,463,0.3726482391357422,2683.495841330774,0.9011664875533708,0.0015044928092117064,7.763596339144707e-05,0.003947765150840435,0.0,0.04029273986816406,0.9,1.6872994515756158e-06,1.6872994515756158e-06,1.8947874567859401e-06
1772531310.0769553,464,0.423431396484375,2361.6576576576576,0.9022743087804158,0.0011370220409943077,7.763596339144707e-05,0.003947765150840435,0.0,0.04029273986816406,0.9,1.6661005123788367e-06,1.6661005123788367e-06,1.8728346764886316e-06
1772531310.0895355,465,0.4324913024902344,2312.1852260198457,0.9025747027330459,0.0003071660992470711,7.763596339144707e-05,0.003947765150840435,0.0,0.04029273986816406,0.9,1.637485554422212e-06,1.6374855544222337e-06,1.8499616840296127e-06
1772531310.102093,466,0.4589557647705078,2178.859220779221,0.9024029767817547,0.00020348333929870945,7.763596339144707e-05,0.003947765150840435,0.0,0.04029273986816406,0.9,1.611427437069731e-06,1.6114274370697197e-06,1.8266551087988944e-06
1772531310.1152534,467,0.7643699645996094,1308.2669993761697,0.9057858543857413,0.00346626808607845,7.763588151522297e-05,0.003947765150840435,0.0,0.04029273986816406,0.9,1.6420548480635876e-06,1.6420548480635876e-06,1.8101554000919876e-06
1772531310.1268177,468,0.41222572326660156,2425.8554077501444,0.8986992368464829,0.007316222912731535,7.763588151522297e-05,0.003947765150840435,0.0,0.04029273986816406,0.9,1.4854826857581296e-06,1.4854826857581516e-06,1.7754584706520933e-06
1772531310.1392703,469,0.3859996795654297,2590.67572575664,0.8988571167405545,0.00022006030445879043,7.763588151522297e-05,0.003947765150840435,0.0,0.04029273986816406,0.9,1.5434002932812488e-06,1.5434002932812268e-06,1.7533123981500912e-06
1772531310.1517227,470,0.37479400634765625,2668.1323155216287,0.8990813171979909,0.00027479674365447974,7.763588151522297e-05,0.003947765150840435,0.0,0.04029273986816406,0.9,1.5245738911370993e-06,1.5245738911293218e-06,1.730956097292432e-06
1772531310.164265,471,0.35262107849121094,2835.9053414469236,0.9000152510624855,0.0009801617721893335,7.763588151522297e-05,0.003947765150840435,0.0,0.04029273986816406,0.9,1.5151016549106874e-06,1.5151016549106874e-06,1.7101441207604839e-06
1772531310.1776443,472,1.001596450805664,998.4060937871935,0.9029641233512793,0.003038124312676586,7.763588151522297e-05,0.003947765150840435,0.0,0.04029273986816406,0.9,1.5258894827738644e-06,1.5258894827738756e-06,1.693201423459351e-06
1772531310.1898186,473,0.7734298706054688,1292.9420468557337,0.9014137801145404,0.0016076537723749582,7.763588151522297e-05,0.003947765150840435,0.0,0.04029273986816406,0.9,1.4567136731670179e-06,1.4567136731670179e-06,1.6693693448513384e-06
1772531310.2023258,474,0.7472038269042969,1338.322910019145,0.9015012535397108,8.896855544795954e-05,7.763588151522297e-05,0.003947765150840435,0.0,0.04029273986816406,0.9,1.4549762010986529e-06,1.4549762010986529e-06,1.6485984907300696e-06
1772531310.2147582,475,0.7431507110595703,1345.6220725056144,0.9006855533046982,0.0008408244193198202,7.763588151522297e-05,0.003947765150840435,0.0,0.04029273986816406,0.9,1.4252071502860996e-06,1.4252071502860996e-06,1.626488324199062e-06
1772531310.2273958,476,0.7975101470947266,1253.9025411061286,0.9015556760283164,0.0008973350341514771,7.763588151522297e-05,0.003947765150840435,0.0,0.04029273986816406,0.9,1.4261380074010236e-06,1.4261380074010236e-06,1.6072950632563666e-06
1772531310.2397795,477,0.7724761962890625,1294.5382716049382,0.9006054768790884,0.0009794136521331473,7.763588151522297e-05,0.003947765150840435,0.0,0.04029273986816406,0.9,1.3878207185346722e-06,1.3878207185346722e-06,1.5854715910961127e-06
1772531310.2523768,478,0.7710456848144531,1296.940012368584,0.901533356990476,0.0009572986174001794,7.763588151522297e-05,0.003947765150840435,0.0,0.04029273986816406,0.9,1.390722332731454e-06,1.390722332731454e-06,1.5668426297979352e-06
1772531310.2647734,479,0.7233619689941406,1382.4337508239946,0.9007324929149972,0.0008258584115745613,7.763588151522297e-05,0.003947765150840435,0.0,0.04029273986816406,0.9,1.3546628688856624e-06,1.3546628688856844e-06,1.5457900927866208e-06
1772531310.277365,480,0.8060932159423828,1240.5513161786453,0.900966696033001,0.00024423431297629583,7.763588151522297e-05,0.003947765150840435,0.0,0.04029273986816406,0.9,1.347664470567478e-06,1.347664470559711e-06,1.5265683691639263e-06
1772531310.2897396,481,0.7345676422119141,1361.345017851347,0.9003525801775351,0.0006300778133458777,7.763588151522297e-05,0.003947765150840435,0.0,0.04029273986816406,0.9,1.321040241685958e-06,1.3210402416859801e-06,1.5062629172321899e-06
1772531310.302567,482,0.7405281066894531,1350.3876368319382,0.9019318556422405,0.0016282627362774083,7.763588151522297e-05,0.003947765150840435,0.0,0.0,0.9,1.3284292252162207e-06,1.328429225223988e-06,1.4894603345822903e-06
1772531310.3146527,483,0.5400180816650391,1851.7898454746137,0.90103524217766,0.0009277145679014226,7.763588151522297e-05,0.003947765150840435,0.0,0.0,0.9,1.287276256731811e-06,1.287276256731811e-06,1.4693401832787215e-06
1772531310.3268354,484,0.3895759582519531,2566.893512851897,0.8992724979843044,0.0018109431465484944,7.763588151522297e-05,0.003947765150840435,0.0,0.0,0.9,1.2584098729216145e-06,1.2584098729293818e-06,1.448202474916744e-06
1772531310.339405,485,0.40793418884277344,2451.375803623612,0.9000442354944461,0.0008108408716707323,7.763588151522297e-05,0.003947765150840435,0.0,0.0,0.9,1.266125766751232e-06,1.26612576675121e-06,1.430724132950201e-06
1772531310.351727,486,0.37384033203125,2674.938775510204,0.8990156685661455,0.0010514130206932758,7.763588151522297e-05,0.003947765150840435,0.0,0.0,0.9,1.231649568457325e-06,1.231649568457325e-06,1.4108578465858144e-06
1772531310.3644652,487,0.43272972106933594,2310.91129476584,0.9011844376290974,0.0022446966330760655,7.763588151522297e-05,0.003947765150840435,0.0,0.0,0.9,1.2484449880471053e-06,1.248444988047116e-06,1.3956912608043864e-06
1772531310.3770435,488,0.44798851013183594,2232.2001064395954,0.9018069591900896,0.000638578684430454,7.763588151522297e-05,0.003947765150840435,0.0,0.0,0.9,1.2214959241651516e-06,1.2214959241651402e-06,1.378753693407824e-06
1772531310.389319,489,0.40221214294433594,2486.2501481920567,0.8999788017422513,0.001884450704773211,7.763588151522297e-05,0.003947765150840435,0.0,0.0,0.9,1.1812656766560173e-06,1.1812656766560505e-06,1.3588785083256628e-06
1772531310.4018328,490,0.37217140197753906,2686.9340166559896,0.9006090469115979,0.0006560784524126776,7.763588151522297e-05,0.003947765150840435,0.0,0.0,0.9,1.1877089110994223e-06,1.1877089110994223e-06,1.3424335254974246e-06
1772531310.414289,491,0.3600120544433594,2777.6847682119205,0.9004581177459188,0.00015367636246001897,7.763588151522297e-05,0.003947765150840435,0.0,0.0,0.9,1.1659555920828856e-06,1.1659555920828856e-06,1.3251029441221025e-06
1772531310.426779,492,0.3457069396972656,2892.623448275862,0.9006749362164809,0.0002270228140805378,7.763588151522297e-05,0.003947765150840435,0.0,0.0,0.9,1.1545653446042187e-06,1.1545653446042187e-06,1.3085067516484652e-06
1772531310.4394424,493,0.400543212890625,2496.609523809524,0.9019058390618995,0.0012662810694656164,7.763588151522297e-05,0.003947765150840435,0.0,0.0,0.9,1.1509262327192838e-06,1.1509262327192724e-06,1.2934687848531742e-06
1772531310.4520798,494,0.49996376037597656,2000.144969003338,0.9024238530990489,0.0005282571923592927,7.763588151522297e-05,0.003947765150840435,0.0,0.0,0.9,1.1323750288935014e-06,1.1323750288935014e-06,1.277856801135999e-06
1772531310.4643044,495,0.35643577575683594,2805.554515050167,0.9004989285630524,0.0019897440498328383,7.763588151522297e-05,0.003947765150840435,0.0,0.0,0.9,1.095041185454529e-06,1.095041185454529e-06,1.259459858151371e-06
1772531310.476862,496,0.37360191345214844,2676.64582003829,0.9010425922043522,0.0005615555461660651,7.763588151522297e-05,0.003947765150840435,0.0,0.0,0.9,1.1009700161624823e-06,1.1009700161624937e-06,1.2442347955240773e-06
1772531310.489367,497,0.38313865661621094,2610.0211574362165,0.901025816393765,2.0449249197105585e-05,7.763588151522297e-05,0.003947765150840435,0.0,0.0,0.9,1.0828428460770567e-06,1.0828428460691183e-06,1.2284453348551597e-06
1772531310.5019,498,0.42819976806640625,2335.358574610245,0.901067040721931,4.230911488519508e-05,7.763588151522297e-05,0.003947765150840435,0.0,0.0,0.9,1.0696699762911433e-06,1.0696699762911433e-06,1.212957811914158e-06
1772531310.5142632,499,0.3867149353027344,2585.8840937114674,0.9001176804567521,0.0009765436881074398,7.763588151522297e-05,0.003947765150840435,0.0,0.0,0.9,1.0467668787308639e-06,1.0467668787308526e-06,1.1964668919319823e-06
1772531310.5268188,500,0.3693103790283203,2707.7495158166557,0.9009925318264683,0.0009052469095613668,7.763588151522297e-05,0.003947765150840435,0.0,0.0,0.9,1.0483957118874737e-06,1.048395711887485e-06,1.1822742835630364e-06
1772531310.539274,501,0.38933753967285156,2568.465401102266,0.900467229103387,0.0005402241940526989,7.763580018515473e-05,0.003947765150840435,0.0,0.019550323486328125,0.9,1.024057278520885e-06,1.0240572785208743e-06,1.1666383448034717e-06
1772531310.551787,502,0.41031837463378906,2437.1319000581057,0.9007110738229784,0.00025461847980610454,7.763580018515473e-05,0.003947765150840435,0.0,0.019550323486328125,0.9,1.016909685746449e-06,1.0169096857542168e-06,1.1520961977573966e-06
1772531310.5644636,503,0.4284381866455078,2334.0589872008904,0.9021899229512483,0.0015208656910413536,7.763580018515473e-05,0.003947765150840435,0.0,0.019550323486328125,0.9,1.015766364524413e-06,1.0157663645244017e-06,1.1391590954473496e-06
1772531310.576997,504,0.4601478576660156,2173.2145077720206,0.9021532790704946,8.133715729077113e-05,7.763580018515473e-05,0.003947765150840435,0.0,0.019550323486328125,0.9,9.927801287912003e-07,9.927801287912003e-07,1.1248212041336384e-06
1772531310.5893335,505,0.37670135498046875,2654.6227848101266,0.9009106608954672,0.0012865626984363324,7.763580018515473e-05,0.003947765150840435,0.0,0.019550323486328125,0.9,9.69669977667474e-07,9.69669977667474e-07,1.1093879830199295e-06
1772531310.6017594,506,0.3936290740966797,2540.4627498485765,0.9002063121040258,0.000723560039298372,7.763580018515473e-05,0.003947765150840435,0.0,0.019550323486328125,0.9,9.594442103158763e-07,9.594442103160582e-07,1.0946272196852573e-06
1772531310.6142995,507,0.3695487976074219,2706.0025806451613,0.9009158462154542,0.0007350835628661252,7.763580018515473e-05,0.003947765150840435,0.0,0.019550323486328125,0.9,9.578856451967741e-07,9.578856451967741e-07,1.0814677214932671e-06
1772531310.6269062,508,0.4000663757324219,2499.585220500596,0.901684623761269,0.0007902035458755973,7.763580018515473e-05,0.003947765150840435,0.0,0.019550323486328125,0.9,9.477229173402846e-07,9.477229173402846e-07,1.0685664200332553e-06
1772531310.6397889,509,0.6725788116455078,1486.8146047500886,0.9029838250526443,0.0013304474096086762,7.763580018515473e-05,0.003947765150840435,0.0,0.019550323486328125,0.9,9.419041311186974e-07,9.419041311186974e-07,1.056505698207904e-06
1772531310.6524358,510,0.7452964782714844,1341.747920665387,0.9032814362799183,0.00031013896354924105,7.763580018515473e-05,0.003947765150840435,0.0,0.019550323486328125,0.9,9.246367391036597e-07,9.246367391036709e-07,1.043700956714557e-06
1772531310.6649,511,0.7355213165283203,1359.5799027552673,0.902481747104202,0.0008449778883023904,7.763580018515473e-05,0.003947765150840435,0.0,0.019550323486328125,0.9,9.048959540004901e-07,9.048959540003194e-07,1.0300071542120244e-06
1772531310.6774182,512,0.7641315460205078,1308.6751950078003,0.9017938188882781,0.0007201478467252085,7.763580018515473e-05,0.003947765150840435,0.0,0.019550323486328125,0.9,8.92990855082713e-07,8.929908550828725e-07,1.0165438418017235e-06
1772531310.6899567,513,0.8630752563476562,1158.6475138121548,0.9009451003440744,0.0008774514250411702,7.763580018515473e-05,0.003947765150840435,0.0,0.019550323486328125,0.9,8.791443643811055e-07,8.791443643811055e-07,1.0029820380234747e-06
1772531310.7030618,514,1.04522705078125,956.7299270072992,0.9056068451101544,0.0047900314765677784,7.763580018515473e-05,0.003947765150840435,0.0,0.019550323486328125,0.9,9.099500548366969e-07,9.099500548366969e-07,9.950231971984227e-07
1772531310.7154999,515,0.7982254028320312,1252.778972520908,0.9050515889949879,0.0006414034477824582,7.763580018515473e-05,0.003947765150840435,0.0,0.019550323486328125,0.9,8.672629557857674e-07,8.672629557935352e-07,9.823418356167246e-07
1772531310.7278206,516,0.6711483001708984,1489.9836589698045,0.9030967325922634,0.002042816886327433,7.763580018515473e-05,0.003947765150840435,0.0,0.019550323486328125,0.9,8.450207182274886e-07,8.450207182274886e-07,9.686186116657694e-07
1772531310.740234,517,0.7107257843017578,1407.0124119423012,0.9011236190055341,0.0020409848336370986,7.763580018515473e-05,0.003947765150840435,0.0,0.019550323486328125,0.9,8.307837582280019e-07,8.30783758220212e-07,9.54853233178225e-07
1772531310.7526093,518,0.7033348083496094,1421.797966101695,0.8997840733631599,0.0013748670334792594,7.763580018515473e-05,0.003947765150840435,0.0,0.019550323486328125,0.9,8.213204894391503e-07,8.213204894391284e-07,9.416014765752174e-07
1772531310.7649746,519,0.51116943359375,1956.2985074626865,0.8998517048564172,0.000126278647014665,7.763580018515473e-05,0.003947765150840435,0.0,0.019550323486328125,0.9,8.186477352113247e-07,8.186477352112916e-07,9.296306583166724e-07
1772531310.77745,520,0.6628036499023438,1508.7424460431655,0.8985153629338539,0.001365449768715289,7.763580018515473e-05,0.003947765150840435,0.0,0.019550323486328125,0.9,7.978284907856958e-07,7.978284907856958e-07,9.164355043985439e-07
1772531310.7905924,521,0.8592605590820312,1163.7913429522753,0.9031814385711767,0.004817434401490415,7.763580018515473e-05,0.003947765150840435,0.0,0.019550323486328125,0.9,8.283639527352939e-07,8.283639527352939e-07,9.088140020923964e-07
1772531310.803531,522,1.1301040649414062,884.8742616033755,0.9031968595232681,8.113194855693124e-05,7.763580018515473e-05,0.003947765150840435,0.0,0.019550323486328125,0.9,7.930243521158862e-07,7.930243521158862e-07,8.973701174399251e-07
1772531310.8155847,523,1.148223876953125,870.9102990033223,0.8991657602598594,0.004154207784232142,7.763580018515473e-05,0.003947765150840435,0.0,0.019550323486328125,0.9,7.547128397920823e-07,7.547128397920823e-07,8.826461743123078e-07
1772531310.8278148,524,0.8742809295654297,1143.797109353695,0.8987789600354074,0.00040241934417327093,7.763580018515473e-05,0.003947765150840435,0.0,0.019550323486328125,0.9,7.633794955515401e-07,7.633794955515295e-07,8.71025832272187e-07
1772531310.840354,525,1.0347366333007812,966.4294930875576,0.8985489541099951,0.0002620882761225695,7.763580018515473e-05,0.003947765150840435,0.0,0.019550323486328125,0.9,7.537547252061873e-07,7.5375472520638e-07,8.594823251901804e-07
1772531310.8521972,526,0.7522106170654297,1329.4148969889065,0.8950333348803662,0.003597569013149097,7.763580018515473e-05,0.003947765150840435,0.0,0.019550323486328125,0.9,7.211639345149681e-07,7.211639345227362e-07,8.452241702057839e-07
1772531310.8648763,527,0.8862018585205078,1128.4110842076943,0.8969849927598361,0.0020751811331210855,7.763580018515473e-05,0.003947765150840435,0.0,0.019550323486328125,0.9,7.420518862757194e-07,7.420518862679513e-07,8.355167333768565e-07
1772531310.8766732,528,0.35834312438964844,2790.6214238190287,0.8958609379093556,0.0011479236726459974,7.763580018515473e-05,0.003947765150840435,0.0,0.019550323486328125,0.9,7.149198987061498e-07,7.149198987061611e-07,8.233548102631246e-07
1772531310.8897402,529,0.7340908050537109,1362.2292952257226,0.8994760662970689,0.0037608989047116883,7.763580018515473e-05,0.003947765150840435,0.0,0.019550323486328125,0.9,7.34299147315248e-07,7.34299147315248e-07,8.152626485823143e-07
1772531310.902369,530,0.7233619689941406,1382.4337508239946,0.9013055646527601,0.0018916311728049767,7.763580018515473e-05,0.003947765150840435,0.0,0.019550323486328125,0.9,7.190191501979427e-07,7.190191501979427e-07,8.060377562562165e-07
1772531310.9148192,531,0.7684230804443359,1301.3664287930499,0.9006491085871416,0.0006784112989872698,7.763580018515473e-05,0.003947765150840435,0.0,0.019550323486328125,0.9,6.970759772606629e-07,6.970759772606629e-07,7.952124229161317e-07
1772531310.9275372,532,0.8165836334228516,1224.6143065693432,0.9025526444293492,0.0019564577570717594,7.763580018515473e-05,0.003947765150840435,0.0,0.019550323486328125,0.9,7.033491795937087e-07,7.033491795937305e-07,7.866041537127583e-07
1772531310.939897,533,0.7829666137695312,1277.1936662606577,0.9013457746926232,0.0012571179316457155,7.763580018515473e-05,0.003947765150840435,0.0,0.019550323486328125,0.9,6.783204264315078e-07,6.783204264315078e-07,7.757780430654579e-07
1772531310.9525092,534,0.8041858673095703,1243.493625852357,0.9021949791198063,0.0008689311583124796,7.763580018515473e-05,0.003947765150840435,0.0,0.019550323486328125,0.9,6.806249564914449e-07,6.806249564914449e-07,7.666882757416523e-07
1772531310.964839,535,0.7665157318115234,1304.60466562986,0.900786379783878,0.0014608976837835405,7.763580018515473e-05,0.003947765150840435,0.0,0.019550323486328125,0.9,6.598166067988486e-07,6.598166067988599e-07,7.560021328027527e-07
1772531310.9772184,536,0.4508495330810547,2218.034902168165,0.9025032076667433,0.0017626555072658672,7.763580018515473e-05,0.003947765150840435,0.0,0.019550323486328125,0.9,6.680802811760418e-07,6.680802811760198e-07,7.477627035321932e-07
1772531310.9896762,537,0.7350444793701172,1360.461887771651,0.8993963763891191,0.0032068033920678485,7.763580018515473e-05,0.003947765150840435,0.0,0.019550323486328125,0.9,6.338852575839773e-07,6.338852575839773e-07,7.360856602814455e-07
1772531311.0021744,538,0.7224082946777344,1384.2587458745875,0.8999700387560945,0.0006003403477937147,7.763580018515473e-05,0.003947765150840435,0.0,0.019550323486328125,0.9,6.427011223765384e-07,6.427011223765497e-07,7.27137747600806e-07
1772531311.0147514,539,0.7572174072265625,1320.624685138539,0.9007726814779703,0.0008296410466863398,7.763580018515473e-05,0.003947765150840435,0.0,0.019550323486328125,0.9,6.365769139312119e-07,6.365769139310631e-07,7.183952330294264e-07
1772531311.0272593,540,0.7205009460449219,1387.923229649239,0.901368240011227,0.0006111923448096732,7.763580018515473e-05,0.003947765150840435,0.0,0.019550323486328125,0.9,6.284538165572031e-07,6.284538165573738e-07,7.096859670045732e-07
1772531311.0399067,541,0.8249282836914062,1212.2265895953758,0.9020282916235736,0.0006747084663034574,7.763580018515473e-05,0.003947765150840435,0.0,0.019550323486328125,0.9,6.217474302136086e-07,6.217474302136086e-07,7.012001157932363e-07
1772531311.0528257,542,0.8327960968017578,1200.7741196679071,0.9054328478606706,0.00348875285188986,7.763580018515473e-05,0.003947765150840435,0.0,0.019550323486328125,0.9,6.301070891750996e-07,6.301070891673313e-07,6.948157380999799e-07
1772531311.0649776,543,0.8113384246826172,1232.531295915369,0.901386826343601,0.004195548014849465,7.763580018515473e-05,0.003947765150840435,0.0,0.019550323486328125,0.9,5.864968960776473e-07,5.864968960854156e-07,6.835736519604285e-07
1772531311.0772827,544,0.7414817810058594,1348.650803858521,0.9000656425814799,0.0013625088146598855,7.763580018515473e-05,0.003947765150840435,0.0,0.019550323486328125,0.9,5.885024142650878e-07,5.885024142573194e-07,6.742158585705973e-07
1772531311.0898066,545,0.7693767547607422,1299.7533312674311,0.9002878871050716,0.0002359987895969178,7.763580018515473e-05,0.003947765150840435,0.0,0.019550323486328125,0.9,5.874422089915444e-07,5.874422089915338e-07,6.658045914526214e-07
1772531311.102446,546,0.7522106170654297,1329.4148969889065,0.9018367842940632,0.001595348486400196,7.763580018515473e-05,0.003947765150840435,0.0,0.019550323486328125,0.9,5.8717580372079e-07,5.8717580372079e-07,6.583500497882006e-07
1772531311.1148365,547,0.7328987121582031,1364.4450227716331,0.9007973078501802,0.001075706812128857,7.763580018515473e-05,0.003947765150840435,0.0,0.019550323486328125,0.9,5.683538118280992e-07,5.683538118280992e-07,6.493776764464527e-07
1772531311.1275294,548,0.8366107940673828,1195.298945568538,0.9017881388362144,0.0010187160557790257,7.763580018515473e-05,0.003947765150840435,0.0,0.019550323486328125,0.9,5.702449954939324e-07,5.702449954939324e-07,6.418287234707672e-07
1772531311.139748,549,0.736236572265625,1358.259067357513,0.8998540510365383,0.001993573354948858,7.763580018515473e-05,0.003947765150840435,0.0,0.019550323486328125,0.9,5.495271082186736e-07,5.495271082186517e-07,6.32517768978082e-07
1772531311.1522954,550,0.7431507110595703,1345.6220725056144,0.9004872801048625,0.0006604775345073093,7.763580018515473e-05,0.003947765150840435,0.0,0.019550323486328125,0.9,5.529204995955351e-07,5.529204995955351e-07,6.248747203183111e-07
1772531311.1649206,551,0.8442401885986328,1184.4970347359504,0.9010891967368957,0.0006221750035641638,7.763580018515473e-05,0.003947765150840435,0.0,0.019550323486328125,0.9,5.464692987545459e-07,5.464692987546947e-07,6.172816404094251e-07
1772531311.177299,552,0.7562637329101562,1322.2900378310214,0.9005955424648308,0.0005080599251426739,7.763580018515473e-05,0.003947765150840435,0.0,0.019550323486328125,0.9,5.349413403030735e-07,5.349413403030735e-07,6.091579582199477e-07
1772531311.1900964,553,0.8528232574462891,1172.5759015935141,0.9029123255517474,0.002382887777590301,7.763580018515473e-05,0.003947765150840435,0.0,0.019550323486328125,0.9,5.410701138718852e-07,5.410701138718852e-07,6.028443354519134e-07
1772531311.2056513,554,1.8510818481445312,540.2246264811953,0.9205433427416546,0.01808362299519158,7.763580018515473e-05,0.003947765150840435,0.0,0.019550323486328125,0.9,6.101360710913771e-07,6.101360710913658e-07,6.060422754517676e-07
1772531311.2161527,555,1.1641979217529297,858.9604751177554,0.9040610515805375,0.017077847473035215,7.763580018515473e-05,0.003947765150840435,0.0,0.019550323486328125,0.9,4.6421536394462583e-07,4.642153639445926e-07,5.897313897177795e-07
1772531311.2279184,556,0.9949207305908203,1005.1052000958543,0.8973782956037285,0.006887934567810882,7.763580018515473e-05,0.003947765150840435,0.0,0.019550323486328125,0.9,4.853523872053382e-07,4.853523872053382e-07,5.791038715384308e-07
1772531311.2426925,557,1.1856555938720703,843.4152423084657,0.9165080123332716,0.019671309309179135,7.763580018515473e-05,0.003947765150840435,0.0,0.019550323486328125,0.9,5.897577488676694e-07,5.897577488676694e-07,5.828818994555914e-07
1772531311.253137,558,1.1622905731201172,860.3700512820512,0.8941035645663246,0.023125262111036788,7.763580018515473e-05,0.003947765150840435,0.0,0.019550323486328125,0.9,4.1660481462984333e-07,4.1660481462984333e-07,5.633827426095079e-07
1772531311.2662148,559,1.247406005859375,801.6636085626911,0.8996650115769598,0.005782423491552365,7.763580018515473e-05,0.003947765150840435,0.0,0.019550323486328125,0.9,5.111951401429796e-07,5.11195140150748e-07,5.594685990587612e-07
1772531311.277964,560,1.1358261108398438,880.416456759026,0.8934479905804343,0.006377555128040231,7.763580018515473e-05,0.003947765150840435,0.0,0.019550323486328125,0.9,4.584875174046083e-07,4.584875174046083e-07,5.486447773949646e-07
1772531311.2916074,561,1.6515254974365234,605.5007939945142,0.9009477234785132,0.007779082274300322,7.763580018515473e-05,0.003947765150840435,0.0,0.019550323486328125,0.9,5.049831810076962e-07,5.049831810076962e-07,5.453701670065033e-07
1772531311.3034537,562,1.3077259063720703,764.6862351868733,0.897485148644571,0.003552792168705963,7.763571984588896e-05,0.003947765150840435,0.0,0.05841255187988281,0.9,4.5925947464627925e-07,4.5925947464627925e-07,5.363362488654845e-07
1772531311.3156977,563,1.2674331665039062,788.9962377727614,0.8963151065439726,0.0011965578640937826,7.763571984588896e-05,0.003947765150840435,0.0,0.05841255187988281,0.9,4.5924090607201186e-07,4.5924090607214935e-07,5.286858747214861e-07
1772531311.3278067,564,0.7386207580566406,1353.8747579083279,0.8974779639338399,0.0012651738593005566,7.763571984588896e-05,0.003947765150840435,0.0,0.05841255187988281,0.9,4.615390089397941e-07,4.6153900893201454e-07,5.222230941641707e-07
1772531311.3399823,565,0.5769729614257812,1733.1834710743801,0.8967344155597413,0.0007682748727198379,7.763571984588896e-05,0.003947765150840435,0.0,0.05841255187988281,0.9,4.486741750234149e-07,4.486741750234149e-07,5.148670193853745e-07
1772531311.3529334,566,0.7302761077880859,1369.345086516487,0.9007016208440743,0.004116727057620169,7.763571984588896e-05,0.003947765150840435,0.0,0.05841255187988281,0.9,4.6106462695301554e-07,4.6106462695301554e-07,5.100345169290359e-07
1772531311.365146,567,0.7123947143554688,1403.7161981258366,0.8984161239137528,0.0023446866959875193,7.763571984588896e-05,0.003947765150840435,0.0,0.05841255187988281,0.9,4.339671051838923e-07,4.339671051838923e-07,5.022375209770318e-07
1772531311.3776422,568,0.5981922149658203,1671.703467516939,0.9000701005332424,0.001724306733130817,7.763571984588896e-05,0.003947765150840435,0.0,0.05841255187988281,0.9,4.4170640262799804e-07,4.4170640262799804e-07,4.965277099464581e-07
1772531311.3902154,569,0.6592273712158203,1516.9273056057866,0.9003956920063321,0.00034497002967297333,7.763571984588896e-05,0.003947765150840435,0.0,0.05841255187988281,0.9,4.324371734249565e-07,4.324371734327249e-07,4.902530104140692e-07
1772531311.402879,570,0.7472038269042969,1338.322910019145,0.9013580417939205,0.0009929505899970968,7.763571984588896e-05,0.003947765150840435,0.0,0.05841255187988281,0.9,4.2971453477917707e-07,4.297145347791551e-07,4.844315191478884e-07
1772531311.4153636,571,0.7948875427246094,1258.0395920815836,0.9009059589822509,0.0004691714901368103,7.763571984588896e-05,0.003947765150840435,0.0,0.05841255187988281,0.9,4.198292889116456e-07,4.1982928891163433e-07,4.780541696593274e-07
1772531311.4275496,572,0.6029605865478516,1658.483194938711,0.8996727988527949,0.0012681004480709572,7.763571984588896e-05,0.003947765150840435,0.0,0.05841255187988281,0.9,4.1117759116060396e-07,4.111775911605927e-07,4.7139466846459925e-07
1772531311.440103,573,0.6585121154785156,1518.5749456915278,0.9001025095432783,0.00045141548038589023,7.763571984588896e-05,0.003947765150840435,0.0,0.05841255187988281,0.9,4.1096517885639606e-07,4.1096517885639606e-07,4.655486251129013e-07
1772531311.4529555,574,0.72479248046875,1379.7052631578947,0.9031892846633592,0.0031754037544360555,7.763571984588896e-05,0.003947765150840435,0.0,0.05841255187988281,0.9,4.158674129772986e-07,4.158674129773205e-07,4.6100941311563547e-07
1772531311.4656725,575,0.8156299591064453,1226.046185325928,0.9039519166725587,0.0007790408619542684,7.763571984588896e-05,0.003947765150840435,0.0,0.05841255187988281,0.9,4.050970664117655e-07,4.050970664117655e-07,4.5559653844103133e-07
1772531311.4774456,576,0.5595684051513672,1787.0916063059224,0.8982949253693772,0.005837329295802429,7.763571984588896e-05,0.003947765150840435,0.0,0.05841255187988281,0.9,3.778694939182167e-07,3.778694939182167e-07,4.474352159295642e-07
1772531311.4900966,577,0.6060600280761719,1650.0015735641227,0.9004640665826017,0.0022478989953741827,7.763571984588896e-05,0.003947765150840435,0.0,0.05841255187988281,0.9,3.9571436989670095e-07,3.9571436989670095e-07,4.426895854162982e-07
1772531311.5029776,578,0.6918907165527344,1445.314955203308,0.9034407794740043,0.003059582125408584,7.763571984588896e-05,0.003947765150840435,0.0,0.05841255187988281,0.9,3.953387675974752e-07,3.953387675974752e-07,4.3832395387640505e-07
1772531311.5156903,579,0.8676052093505859,1152.597966474306,0.9034617002939419,0.00014900276777041213,7.763571984588896e-05,0.003947765150840435,0.0,0.05841255187988281,0.9,3.828320166183591e-07,3.8283201662610563e-07,4.328809576253294e-07
1772531311.527682,580,0.6592273712158203,1516.9273056057866,0.899419063814484,0.00417468965574443,7.763571984588896e-05,0.003947765150840435,0.0,0.05841255187988281,0.9,3.643402624113007e-07,3.643402624113007e-07,4.258146406228428e-07
1772531311.5400896,581,0.5962848663330078,1677.0507796881247,0.8997131842457096,0.00031787664993592396,7.763571984588896e-05,0.003947765150840435,0.0,0.05841255187988281,0.9,3.7089389375834515e-07,3.7089389375834515e-07,4.2054058295261457e-07
1772531311.5527432,582,0.5922317504882812,1688.5281803542673,0.9010977748964746,0.001430804628206491,7.763571984588896e-05,0.003947765150840435,0.0,0.05841255187988281,0.9,3.699616043022452e-07,3.6996160430241586e-07,4.157180586522101e-07
1772531311.5655015,583,0.8058547973632812,1240.9183431952663,0.9020208001096869,0.0009465095336005826,7.763571984588896e-05,0.003947765150840435,0.0,0.05841255187988281,0.9,3.648784446181422e-07,3.648784446181422e-07,4.1081979295935937e-07
1772531311.5774772,584,0.7715225219726562,1296.1384425216315,0.897152116156224,0.00501175262813894,7.763571984588896e-05,0.003947765150840435,0.0,0.05841255187988281,0.9,3.4231577474892957e-07,3.4231577474890765e-07,4.036664906988382e-07
1772531311.5898604,585,0.713348388671875,1401.8395721925133,0.8974016134340747,0.00033714182070433544,7.763571984588896e-05,0.003947765150840435,0.0,0.05841255187988281,0.9,3.503012510043256e-07,3.503012510043256e-07,3.9852548452026197e-07
1772531311.6024306,586,0.6549358367919922,1526.8671277757553,0.8994730340797074,0.002158742345922324,7.763571984588896e-05,0.003947765150840435,0.0,0.05841255187988281,0.9,3.515640313916009e-07,3.5156403139163417e-07,3.940882589881213e-07
1772531311.6155038,587,0.8437633514404297,1185.166431195253,0.9038141389728005,0.004469341073751581,7.763571984588896e-05,0.003947765150840435,0.0,0.05841255187988281,0.9,3.5566599594614023e-07,3.5566599594616215e-07,3.90680663011833e-07
1772531311.627602,588,0.6392002105712891,1564.455054084297,0.9014643949316349,0.0024399527237983767,7.763571984588896e-05,0.003947765150840435,0.0,0.05841255187988281,0.9,3.340512606120947e-07,3.3405126060432595e-07,3.848955546514566e-07
1772531311.6398354,589,0.7195472717285156,1389.7627567925779,0.8981450336495709,0.0034162615365542887,7.763571984588896e-05,0.003947765150840435,0.0,0.05841255187988281,0.9,3.2519816928448354e-07,3.2519816928448354e-07,3.7881878025161444e-07
1772531311.6525283,590,0.6625652313232422,1509.2853544440445,0.9011812861362223,0.003139951090467772,7.763571984588896e-05,0.003947765150840435,0.0,0.05841255187988281,0.9,3.375409773187671e-07,3.375409773187671e-07,3.750818554239068e-07
1772531311.6655364,591,0.8127689361572266,1230.361982986213,0.9047275703602102,0.003639975783828256,7.763571984588896e-05,0.003947765150840435,0.0,0.05841255187988281,0.9,3.369972509054398e-07,3.369972509054398e-07,3.716247795941947e-07
1772531311.6777575,592,0.8423328399658203,1187.1791678460231,0.9011730088078145,0.003684613760921391,7.763571984588896e-05,0.003947765150840435,0.0,0.05841255187988281,0.9,3.1475006835826377e-07,3.1475006835826377e-07,3.6574804016666134e-07
1772531311.6899788,593,0.7834434509277344,1276.416311625076,0.8988072302711093,0.002434270936350883,7.763571984588896e-05,0.003947765150840435,0.0,0.05841255187988281,0.9,3.117241756917857e-07,3.11724175691615e-07,3.60334998165347e-07
1772531311.70283,594,0.6678104400634766,1497.4309175294538,0.9037366377275207,0.0050786058655272175,7.763571984588896e-05,0.003947765150840435,0.0,0.05841255187988281,0.9,3.267983292168976e-07,3.267983292091288e-07,3.574901850461496e-07
1772531311.7155902,595,0.8487701416015625,1178.1752808988765,0.9043170079927704,0.0005971947264616704,7.763571984588896e-05,0.003947765150840435,0.0,0.05841255187988281,0.9,3.1397653594952254e-07,3.1397653594952254e-07,3.5324097023767276e-07
1772531311.7282584,596,0.9377002716064453,1066.4388507500635,0.9047714255700385,0.00047998956649720196,7.763571984588896e-05,0.003947765150840435,0.0,0.05841255187988281,0.9,3.1025210418973525e-07,3.1025210418973525e-07,3.491059337055121e-07
1772531311.7404473,597,0.6732940673828125,1485.2351274787536,0.90228857463275,0.0025847132294533857,7.763571984588896e-05,0.003947765150840435,0.0,0.05841255187988281,0.9,2.9877641496881606e-07,2.9877641496881606e-07,3.4402189775591685e-07
1772531311.7529476,598,0.8625984191894531,1159.2880044223327,0.9005589249684184,0.0017875734845009587,7.763571984588896e-05,0.003947765150840435,0.0,0.05841255187988281,0.9,2.9545531048427775e-07,2.9545531048425584e-07,3.3919378678055524e-07
1772531311.7659106,599,1.173257827758789,852.3275756959968,0.9022385684722205,0.001729026643552492,7.763571984588896e-05,0.003947765150840435,0.0,0.05841255187988281,0.9,2.996704349195983e-07,2.996704349195983e-07,3.354903198742564e-07
1772531311.7788188,600,1.4498233795166016,689.7391876336129,0.9031167340958398,0.0008962045805818482,7.763571984588896e-05,0.003947765150840435,0.0,0.05841255187988281,0.9,2.9489049068509183e-07,2.9489049068509183e-07,3.315822136152415e-07
1772531311.79042,601,0.7791519165039062,1283.4467564259485,0.8996048081644039,0.003622925220884982,7.763571984588896e-05,0.003947765150840435,0.0,0.05841255187988281,0.9,2.8035179928686847e-07,2.80351799286709e-07,3.2631741494808516e-07
1772531311.802756,602,0.6594657897949219,1516.3788864786695,0.8991835640196217,0.00043126781393625985,7.763571984588896e-05,0.003947765150840435,0.0,0.05841255187988281,0.9,2.824682890766187e-07,2.824682890766187e-07,3.2204265964614977e-07
1772531311.815773,603,0.8969306945800781,1114.9133439659756,0.9023084275018807,0.0032266305879743397,7.763571984588896e-05,0.003947765150840435,0.0,0.05841255187988281,0.9,2.875323849824355e-07,2.875323849824355e-07,3.1889628091889743e-07
1772531311.828206,604,0.8401870727539062,1190.211123723042,0.9016349879980038,0.0007007516091262482,7.763571984588896e-05,0.003947765150840435,0.0,0.05841255187988281,0.9,2.763167870215988e-07,2.763167870215988e-07,3.1465581744752706e-07
1772531311.8403966,605,0.8537769317626953,1171.266126780229,0.8983437758804212,0.003384566129446794,7.763571984588896e-05,0.003947765150840435,0.0,0.05841255187988281,0.9,2.659426427284929e-07,2.65942642720724e-07,3.096740260905849e-07
1772531311.8529336,606,0.9715557098388672,1029.277055214724,0.8977337751527633,0.0006267763848157261,7.763571984588896e-05,0.003947765150840435,0.0,0.05841255187988281,0.9,2.670310675936805e-07,2.670310675936805e-07,3.0548864347412634e-07
1772531311.8657553,607,0.9746551513671875,1026.0039138943248,0.9022185662267029,0.00463596028294644,7.763571984588896e-05,0.003947765150840435,0.0,0.05841255187988281,0.9,2.754189878294874e-07,2.754189878294874e-07,3.0284978207580536e-07
1772531311.8780828,608,0.774383544921875,1291.3497536945813,0.9016241441733696,0.0006193987873605476,7.763571984588896e-05,0.003947765150840435,0.0,0.05841255187988281,0.9,2.6247920436877684e-07,2.6247920436877684e-07,2.9881510482544573e-07
1772531311.8901947,609,0.6415843963623047,1558.641397250093,0.8985427226124477,0.0031694881035314285,7.763571984588896e-05,0.003947765150840435,0.0,0.05841255187988281,0.9,2.529922407670209e-07,2.5299224076703224e-07,2.941399750260156e-07
1772531311.902849,610,0.7951259613037109,1257.6623688155921,0.8999712343530721,0.0014917709647403491,7.763571984588896e-05,0.003947765150840435,0.0,0.05841255187988281,0.9,2.584087585080547e-07,2.584087585080547e-07,2.9076756039584713e-07
1772531311.916328,611,1.1894702911376953,840.710362798156,0.9058933531163318,0.00609165692125899,7.763571984588896e-05,0.003947765150840435,0.0,0.05841255187988281,0.9,2.66206123261076e-07,2.66206123261076e-07,2.8874196600653546e-07
1772531311.928541,612,1.3132095336914062,761.4931009440813,0.9003817554203264,0.00569964981459863,7.763571984588896e-05,0.003947765150840435,0.0,0.05841255187988281,0.9,2.404218354856238e-07,2.4042183548565705e-07,2.83618336461857e-07
1772531311.9406815,613,1.3072490692138672,764.9651650556265,0.8980579105262723,0.002383833553154224,7.763571984588896e-05,0.003947765150840435,0.0,0.05841255187988281,0.9,2.4148306950248105e-07,2.4148306950248105e-07,2.7941568751789587e-07
1772531311.9534972,614,1.2106895446777344,825.9755809373769,0.9018742891978291,0.003944969795648348,7.763571984588896e-05,0.003947765150840435,0.0,0.05841255187988281,0.9,2.5059753409213064e-07,2.5059753409211937e-07,2.7685457745589974e-07
1772531311.966544,615,1.440286636352539,694.3062406886277,0.9050562294586454,0.0032633636894383207,7.763571984588896e-05,0.003947765150840435,0.0,0.05841255187988281,0.9,2.481115295227436e-07,2.481115295227436e-07,2.742122303950108e-07
1772531311.978446,616,1.2743473052978516,784.7154349859682,0.8993558605613962,0.005886985841360856,7.763571984588896e-05,0.003947765150840435,0.0,0.05841255187988281,0.9,2.2768484380392355e-07,2.2768484380391225e-07,2.692992947878471e-07
1772531311.9908907,617,1.1899471282958984,840.3734722500501,0.9001370571274127,0.0008189238330745548,7.763571984588896e-05,0.003947765150840435,0.0,0.05841255187988281,0.9,2.3556035694098457e-07,2.3556035694098457e-07,2.6610898667374093e-07
1772531312.003089,618,0.7920265197753906,1262.583985550873,0.900814172338466,0.0007036657512519204,7.763571984588896e-05,0.003947765150840435,0.0,0.05841255187988281,0.9,2.327113121505603e-07,2.327113121505603e-07,2.6287394909445995e-07
1772531312.0151565,619,0.7839202880859375,1275.639902676399,0.8968807041530521,0.004040827674734464,7.763571984588896e-05,0.003947765150840435,0.0,0.05841255187988281,0.9,2.2054015090001963e-07,2.2054015090001963e-07,2.584927326060992e-07
1772531312.02849,620,1.2655258178710938,790.1853805576488,0.9014916119624057,0.004771348914687159,7.763571984588896e-05,0.003947765150840435,0.0,0.05841255187988281,0.9,2.3309030429385142e-07,2.3309030429385142e-07,2.5630355351296957e-07
1772531312.0394938,621,0.49114227294921875,2036.0699029126213,0.8939582186303003,0.007746289522415574,7.763571984588896e-05,0.003947765150840435,0.0,0.05841255187988281,0.9,2.0791093428379922e-07,2.0791093428379922e-07,2.5108676375823585e-07
1772531312.052361,622,0.7390975952148438,1353.0012903225806,0.8971252680624933,0.0033223044871891435,7.763571984588896e-05,0.003947765150840435,0.0,0.05841255187988281,0.9,2.226668075154692e-07,2.226668075154692e-07,2.485305402493261e-07
1772531312.0651295,623,0.8995532989501953,1111.6628677445003,0.8995111412194807,0.0024846962406848533,7.763571984588896e-05,0.003947765150840435,0.0,0.05841255187988281,0.9,2.1966867048701086e-07,2.1966867048701086e-07,2.4578767879312277e-07
1772531312.0775936,624,0.919342041015625,1087.734439834025,0.8996032615978942,0.00012041379971966641,7.763571984588896e-05,0.003947765150840435,0.0,0.05841255187988281,0.9,2.1352221893191385e-07,2.135222189317212e-07,2.4260636987833694e-07
1772531312.0905654,625,1.2221336364746094,818.2411236831838,0.9023603362245012,0.0028406068377982863,7.763571984588896e-05,0.003947765150840435,0.0,0.05841255187988281,0.9,2.1594019241746042e-07,2.1594019241744912e-07,2.4014668137060547e-07
1772531312.1031501,626,1.1737346649169922,851.9813122080033,0.9032425361119873,0.0009001788337980129,7.763571984588896e-05,0.003947765150840435,0.0,0.05841255187988281,0.9,2.1101217823370372e-07,2.1101217823370372e-07,2.3733107701414882e-07
1772531312.1154444,627,1.1718273162841797,853.3680569684639,0.9010877326591555,0.0022366015423173707,7.763571984588896e-05,0.003947765150840435,0.0,0.05841255187988281,0.9,2.0317910013493345e-07,2.0317910013493345e-07,2.3388480481127152e-07
1772531312.1277494,628,1.0106563568115234,989.4560037744751,0.9007220863560278,0.0003813972341669375,7.763571984588896e-05,0.003947765150840435,0.0,0.05841255187988281,0.9,2.0296498526600436e-07,2.0296498526599306e-07,2.3087034933056175e-07
1772531312.1413145,629,1.2860298156738281,777.5869484612532,0.9086024235272708,0.00809259240957921,7.763571984588896e-05,0.003947765150840435,0.0,0.05841255187988281,0.9,2.1528655985600583e-07,2.1528655985600583e-07,2.2977542126666699e-07
1772531312.1536732,630,1.1487007141113281,870.5487754254877,0.9067632010161448,0.0019883322112806343,7.763571984588896e-05,0.003947765150840435,0.0,0.05841255187988281,0.9,1.9882449662864406e-07,1.98824496628666e-07,2.2662587895492868e-07
1772531312.1651103,631,0.9021759033203125,1108.431289640592,0.8972486446812944,0.009821616709039967,7.763571984588896e-05,0.003947765150840435,0.0,0.05841255187988281,0.9,1.8206291513054227e-07,1.8206291513054227e-07,2.218334832298215e-07
1772531312.1795282,632,1.714468002319336,583.271311361424,0.9095210681149692,0.012630914247429629,7.763571984588896e-05,0.003947765150840435,0.0,0.05841255187988281,0.9,2.13845608007919e-07,2.13845608007919e-07,2.2176198533595552e-07
1772531312.1896617,633,0.583648681640625,1713.359477124183,0.8944394199162256,0.015559743456517523,7.763571984588896e-05,0.003947765150840435,0.0,0.05841255187988281,0.9,1.691427714487805e-07,1.691427714487586e-07,2.1578893641252136e-07
1772531312.2036223,634,1.3096332550048828,763.5725468778445,0.9034754143645699,0.009335778951571304,7.763571984588896e-05,0.003947765150840435,0.0,0.05841255187988281,0.9,2.0178930688309604e-07,2.0178930688309604e-07,2.1498188033758098e-07
1772531312.2152328,635,0.9977817535400391,1002.2231780167264,0.8969468177117452,0.006726368483537556,7.763571984588896e-05,0.003947765150840435,0.0,0.05841255187988281,0.9,1.766982579988956e-07,1.766982579988956e-07,2.1085073399483035e-07
1772531312.229658,636,1.9221305847167969,520.2560158769536,0.9080505664309078,0.01143666117651569,7.763571984588896e-05,0.003947765150840435,0.0,0.05841255187988281,0.9,2.011132952524448e-07,2.0111329525242285e-07,2.1048386489331885e-07
1772531312.2423403,637,1.91497802734375,522.199203187251,0.9079619046018053,0.0003859916184920853,7.763571984588896e-05,0.003947765150840435,0.0,0.05841255187988281,0.9,1.8481952902543698e-07,1.8481952902543698e-07,2.0791285622865802e-07
1772531312.2539399,638,1.2807846069335938,780.7714072970961,0.9032269661931607,0.004921123330980331,7.763571984588896e-05,0.003947765150840435,0.0,0.05841255187988281,0.9,1.750937124086171e-07,1.750937124086171e-07,2.0452009033630195e-07
1772531312.2664464,639,1.4545917510986328,687.4781183412555,0.9009484971025045,0.0023562036449601633,7.763571984588896e-05,0.003947765150840435,0.0,0.05841255187988281,0.9,1.7502660329907856e-07,1.7502660329130965e-07,2.015874306934804e-07
1772531312.278476,640,1.2257099151611328,815.8537249562341,0.8976950250259486,0.0033408765490561616,7.763571984588896e-05,0.003947765150840435,0.0,0.05841255187988281,0.9,1.7035164012306984e-07,1.7035164012306984e-07,1.9840578109821515e-07
1772531312.2905822,641,1.1124610900878906,898.9078439777111,0.8957941803221022,0.0019391627838146065,7.763571984588896e-05,0.003947765150840435,0.0,0.05841255187988281,0.9,1.689450436327028e-07,1.689450436326809e-07,1.9545268214029286e-07
1772531312.3024864,642,0.8423328399658203,1187.1791678460231,0.8933818416738925,0.002460038231231858,7.763571984588896e-05,0.003947765150840435,0.0,0.0,0.9,1.651188918950979e-07,1.6511889188732902e-07,1.923710009736345e-07
1772531312.3156497,643,0.9946823120117188,1005.346116970278,0.8999573376118051,0.006826772929470205,7.763571984588896e-05,0.003947765150840435,0.0,0.0,0.9,1.755879419239732e-07,1.755879419239513e-07,1.9100401381357218e-07
1772531312.3277507,644,0.9951591491699219,1004.8643986583613,0.8967002079799967,0.0033389178377966214,7.763571984588896e-05,0.003947765150840435,0.0,0.0,0.9,1.609249976209724e-07,1.609249976209724e-07,1.8786168178200014e-07
1772531312.3400264,645,0.865936279296875,1154.819383259912,0.8968816056254963,0.00032044701378931834,7.763571984588896e-05,0.003947765150840435,0.0,0.0,0.9,1.6269854503188604e-07,1.6269854502411716e-07,1.8541638535769766e-07
1772531312.3525608,646,0.8766651153564453,1140.6864291542017,0.8983612551473847,0.0015647179759399716,7.763571984588896e-05,0.003947765150840435,0.0,0.0,0.9,1.6248954560372388e-07,1.6248954560372388e-07,1.8321752711593017e-07
1772531312.3650274,647,0.7908344268798828,1264.487187217365,0.8997918647741115,0.0014939080276541521,7.763571984588896e-05,0.003947765150840435,0.0,0.0,0.9,1.6081606478754833e-07,1.6081606478737763e-07,1.8106441968146442e-07
1772531312.3778841,648,1.0845661163330078,922.0276983952517,0.9011574474630853,0.0014113875622277076,7.763571984588896e-05,0.003947765150840435,0.0,0.0,0.9,1.5916780265012615e-07,1.5916780265011484e-07,1.7896524618263095e-07
1772531312.3903265,649,1.0862350463867188,920.6110623353819,0.9012216276166258,7.111219685468767e-05,7.763571984588896e-05,0.003947765150840435,0.0,0.0,0.9,1.5581102350737575e-07,1.5581102350737575e-07,1.7669676429935463e-07
1772531312.4027758,650,1.0585784912109375,944.6630630630631,0.9009348884922802,0.00030109431378311555,7.763571984588896e-05,0.003947765150840435,0.0,0.0,0.9,1.5339842290555276e-07,1.5339842290555276e-07,1.7441093808627253e-07
1772531312.415162,651,0.9350776672363281,1069.4298827129016,0.9011646595603209,0.00023571269853723596,7.763571984588896e-05,0.003947765150840435,0.0,0.0,0.9,1.5208808859697684e-07,1.5208808859697684e-07,1.7224301330799773e-07
1772531312.429323,652,1.4824867248535156,674.5422965583789,0.9122776072486091,0.011407675528083019,7.763571984588896e-05,0.003947765150840435,0.0,0.0,0.9,1.6508335169302311e-07,1.6508335168524296e-07,1.719904170687633e-07
1772531312.4402888,653,1.0344982147216797,966.6522240147499,0.8990587945581257,0.013668173111165855,7.763571984588896e-05,0.003947765150840435,0.0,0.0,0.9,1.342628783388849e-07,1.342628783390337e-07,1.6775295018800763e-07
1772531312.454363,654,1.5265941619873047,655.0529439325317,0.909982842774006,0.011230493704400431,7.763571984588896e-05,0.003947765150840435,0.0,0.0,0.9,1.6029767023478768e-07,1.6029767023478768e-07,1.675433291864687e-07
1772531312.4657671,655,1.5411376953125,648.8712871287129,0.8968301727843068,0.01358203627890276,7.763571984588896e-05,0.003947765150840435,0.0,0.0,0.9,1.3042684294051943e-07,1.3042684294051943e-07,1.6337373164618152e-07
1772531312.479638,656,1.8038749694824219,554.3621464446206,0.9085390118337985,0.01205658746369477,7.763571984588896e-05,0.003947765150840435,0.0,0.0,0.9,1.5670805697838382e-07,1.5670805697840577e-07,1.6324725731688245e-07
1772531312.492355,657,2.1283626556396484,469.84474067435866,0.9053770561796518,0.0033219438538044294,7.763571984588896e-05,0.003947765150840435,0.0,0.0,0.9,1.3954815353636535e-07,1.3954815353636535e-07,1.6076455329001753e-07
1772531312.5031762,658,0.9076595306396484,1101.7346992382454,0.8993358110480633,0.006239827240096409,7.763571984588896e-05,0.003947765150840435,0.0,0.0,0.9,1.3326911069235023e-07,1.3326911069235023e-07,1.578971473760149e-07
1772531312.5152435,659,0.8242130279541016,1213.278565229968,0.8961718156617298,0.003241357692118486,7.763571984588896e-05,0.003947765150840435,0.0,0.0,0.9,1.332784087758088e-07,1.332784087759795e-07,1.5541381866659015e-07
1772531312.5284128,660,0.9696483612060547,1031.3016965822474,0.9019332354518288,0.0059612860917172255,7.763571984588896e-05,0.003947765150840435,0.0,0.0,0.9,1.4148360477742033e-07,1.4148360477740903e-07,1.5426306240463163e-07
1772531312.5411232,661,1.3356208801269531,748.7154587647269,0.9002407040372203,0.0017434703490058164,7.763571984588896e-05,0.003947765150840435,0.0,0.0,0.9,1.3234750840811612e-07,1.3234750840810482e-07,1.5202734873964956e-07
1772531312.5536103,662,0.9927749633789062,1007.2776176753122,0.9036485052026195,0.003509038168625775,7.763571984588896e-05,0.003947765150840435,0.0,0.0,0.9,1.3627041075461733e-07,1.3627041076238619e-07,1.5061691621187446e-07
1772531312.5654476,663,0.7832050323486328,1276.8048706240488,0.8983213545035705,0.005490327792928857,7.763571984588896e-05,0.003947765150840435,0.0,0.0,0.9,1.252375399097845e-07,1.2523753990979515e-07,1.479410078970443e-07
1772531312.578853,664,1.6202926635742188,617.1724543849323,0.8998066219061677,0.001555402082708978,7.763571984588896e-05,0.003947765150840435,0.0,0.0,0.9,1.3002827874830293e-07,1.300282787405121e-07,1.462662095068839e-07
1772531312.5910544,665,1.333475112915039,749.920257464688,0.8997436623378032,0.0001015339376718976,7.763571984588896e-05,0.003947765150840435,0.0,0.0,0.9,1.2697389177587263e-07,1.2697389177586133e-07,1.443652738259122e-07
1772531312.6033063,666,1.0962486267089844,912.2018268812527,0.8998451351666541,0.0001441104122509212,7.763571984588896e-05,0.003947765150840435,0.0,0.0,0.9,1.2550077570826413e-07,1.2550077570825283e-07,1.4252129259947381e-07
1772531312.6169374,667,1.659393310546875,602.6298850574713,0.9057696234028021,0.00609648447124365,7.763571984588896e-05,0.003947765150840435,0.0,0.0,0.9,1.304632757857972e-07,1.3046327578577525e-07,1.4153429575794031e-07
1772531312.6283514,668,1.123189926147461,890.3213755041393,0.8982195705406201,0.007790601738064436,7.763571984588896e-05,0.003947765150840435,0.0,0.0,0.9,1.1555298888546677e-07,1.1555298888545547e-07,1.3873124954726243e-07
1772531312.6413949,669,1.3785362243652344,725.4071255620893,0.9021488452850026,0.0040610727807650175,7.763571984588896e-05,0.003947765150840435,0.0,0.0,0.9,1.245978660174154e-07,1.245978660174154e-07,1.3751261642921203e-07
1772531312.6534538,670,1.3153553009033203,760.2508609751677,0.8978699204541507,0.0044033970457212105,7.763571984588896e-05,0.003947765150840435,0.0,0.0,0.9,1.1518908676198334e-07,1.1518908676198334e-07,1.351769346245586e-07
1772531312.6659527,671,0.919342041015625,1087.734439834025,0.9018129666226885,0.004078127526672623,7.763571984588896e-05,0.003947765150840435,0.0,0.0,0.9,1.2133189077555675e-07,1.2133189077556805e-07,1.339618355385537e-07
1772531312.6781034,672,0.9145736694335938,1093.405630865485,0.8985624555244063,0.0033445183785095886,7.763571984588896e-05,0.003947765150840435,0.0,0.0,0.9,1.1323301171248845e-07,1.1323301171248845e-07,1.3181632629208614e-07
1772531312.690042,673,0.7071495056152344,1414.1281186783547,0.8956514384552955,0.0029777918400096534,7.763571984588896e-05,0.003947765150840435,0.0,0.0,0.9,1.1127994211262115e-07,1.1127994211262115e-07,1.2973254573916873e-07
1772531312.7035444,674,1.0581016540527344,945.0887787291573,0.9033692655592983,0.007972642105882896,7.763571984588896e-05,0.003947765150840435,0.0,0.0,0.9,1.199499172932802e-07,1.199499172932802e-07,1.2900636083076003e-07
1772531312.715485,675,0.6191730499267578,1615.0573738929534,0.9012623805580734,0.0021836395733230824,7.763571984588896e-05,0.003947765150840435,0.0,0.0,0.9,1.1042059665773155e-07,1.1042059665773155e-07,1.2709269245656683e-07
1772531312.7283752,676,1.054525375366211,948.2939181550984,0.9014836898671811,0.0002261817044491725,7.763571984588896e-05,0.003947765150840435,0.0,0.0,0.9,1.1085353580074916e-07,1.1085353580851803e-07,1.2552573993959977e-07
1772531312.7410288,677,1.1093616485595703,901.4192993767462,0.902414743421412,0.0009533658687798224,7.763571984588896e-05,0.003947765150840435,0.0,0.0,0.9,1.1021990435577873e-07,1.1021990434799858e-07,1.2405842462623694e-07
1772531312.7535381,678,1.2347698211669922,809.8675419965244,0.9000343049719067,0.002457240490842949,7.763571984588896e-05,0.003947765150840435,0.0,0.0,0.9,1.0584178332751471e-07,1.0584178332751471e-07,1.2221102786468964e-07
1772531312.7660346,679,1.0747909545898438,930.4134871339841,0.9023426594257137,0.0023779163283799555,7.763571984588896e-05,0.003947765150840435,0.0,0.0,0.9,1.0844872168909922e-07,1.0844872168910986e-07,1.2094210504666546e-07
1772531312.7787564,680,1.2373924255371094,808.1510597302505,0.9027682924473142,0.0004344724483978358,7.763571984588896e-05,0.003947765150840435,0.0,0.0,0.9,1.0584578433054496e-07,1.0584578433054496e-07,1.1947212288140712e-07
1772531312.7909687,681,0.9849071502685547,1015.3241345921084,0.9016909599284756,0.0011236352459981064,7.763571984588896e-05,0.003947765150840435,0.0,0.0,0.9,1.0322481817553432e-07,1.0322481817553432e-07,1.1785943215211803e-07
1772531312.8036208,682,1.012563705444336,987.5921827172122,0.9025062019453353,0.0008333880667121234,7.763571984588896e-05,0.003947765150840435,0.0,0.0,0.9,1.0344542661344361e-07,1.0344542661345491e-07,1.1648216882698864e-07
1772531312.8151577,683,0.7131099700927734,1402.3082581076562,0.8956434678924192,0.007063684306452666,7.763571984588896e-05,0.003947765150840435,0.0,0.0,0.9,9.530395126639733e-08,9.530395126639733e-08,1.1423100587915371e-07
1772531312.8276792,684,0.7882118225097656,1268.6944948578343,0.8964636305000999,0.000920441336198845,7.763571984588896e-05,0.003947765150840435,0.0,0.0,0.9,9.94388828806696e-08,9.943888288069154e-08,1.1282661785135252e-07
1772531312.8417096,685,1.7085075378417969,585.3061680156294,0.9037525831324174,0.007523702713919306,7.763571984588896e-05,0.003947765150840435,0.0,0.0,0.9,1.0404697083062472e-07,1.0404697083062472e-07,1.1214168897651458e-07
1772531312.852468,686,0.7126331329345703,1403.2465707594513,0.8957546205612199,0.008239158574384169,7.763571984588896e-05,0.003947765150840435,0.0,0.0,0.9,9.086745720017423e-08,9.086745720019618e-08,1.0983077064486094e-07
1772531312.865652,687,0.8778572082519531,1139.1374253123302,0.9025833330704908,0.007056877375671471,7.763571984588896e-05,0.003947765150840435,0.0,0.0,0.9,1.0083928905055291e-07,1.0083928905055291e-07,1.091493483590359e-07
1772531312.8777218,688,0.6940364837646484,1440.8464445207833,0.8993948317709112,0.0032891674437276726,7.763571984588896e-05,0.003947765150840435,0.0,0.0,0.9,9.241337233712304e-08,9.24133723371011e-08,1.0740697186153915e-07
1772531312.8911767,689,1.0695457458496094,934.9763709317878,0.9059251556561353,0.006718324517976804,7.763571984588896e-05,0.003947765150840435,0.0,0.0,0.9,9.881434565120808e-08,9.881434565120808e-08,1.067411378297614e-07
1772531312.902257,690,0.64849853515625,1542.0235294117647,0.8947716962865341,0.011498640510819239,7.763571984588896e-05,0.003947765150840435,0.0,0.0,0.9,8.41680236642681e-08,8.416802366427873e-08,1.0424780505592244e-07
1772531312.9147038,691,0.568389892578125,1759.3557046979865,0.8966126110929125,0.0019561445837573124,7.763571984588896e-05,0.003947765150840435,0.0,0.0,0.9,9.150702389636222e-08,9.150702389636222e-08,1.0308237186428971e-07
1772531312.9286618,692,1.4014244079589844,713.5597141884995,0.9045913933694011,0.008228487378356927,7.763571984588896e-05,0.003947765150840435,0.0,0.0,0.9,9.565031750041456e-08,9.565031750041456e-08,1.0252654927944068e-07
1772531312.940175,693,0.9634494781494141,1037.93714427122,0.8984597717551157,0.006329385532895376,7.763571984588896e-05,0.003947765150840435,0.0,0.0,0.9,8.469806163109395e-08,8.469806163109395e-08,1.006155968354228e-07
1772531312.953444,694,1.2836456298828125,779.0312035661218,0.9039214302991746,0.005627193414579575,7.763571984588896e-05,0.003947765150840435,0.0,0.0,0.9,9.163347434566853e-08,9.163347434566853e-08,9.988635908653862e-08
1772531312.9649968,695,0.8776187896728516,1139.4468894322195,0.8977978241505251,0.00631653836849026,7.763571984588896e-05,0.003947765150840435,0.0,0.0,0.9,8.246695794784048e-08,8.246695794784048e-08,9.802947044889483e-08
1772531312.9781575,696,1.1508464813232422,868.9256266832401,0.9028473780286898,0.005209314052392397,7.763571984588896e-05,0.003947765150840435,0.0,0.0,0.9,8.889228086463744e-08,8.889228086463744e-08,9.727029100618652e-08
1772531312.991242,697,1.348257064819336,741.6983200707339,0.9063510660356935,0.003585835525412331,7.763571984588896e-05,0.003947765150840435,0.0,0.0,0.9,8.756354206437909e-08,8.756354207214797e-08,9.638555813166427e-08
1772531313.004825,698,1.621246337890625,616.8094117647058,0.9132760507582737,0.007077506585629275,7.763571984588896e-05,0.003947765150840435,0.0,0.0,0.9,8.980431312646371e-08,8.980431312646371e-08,9.589961439293763e-08
1772531313.015907,699,1.3022422790527344,767.9062614426949,0.8993372059379308,0.014413761648056645,7.763571984588896e-05,0.003947765150840435,0.0,0.0,0.9,7.449727581911493e-08,7.449727581911493e-08,9.350463681579378e-08
1772531313.0283473,700,1.154184341430664,866.4127246436686,0.8999317895213922,0.0006259164193258555,7.763571984588896e-05,0.003947765150840435,0.0,0.0,0.9,8.175748861673426e-08,8.175748861672297e-08,9.242476498958482e-08
1772531313.0406036,701,1.1572837829589844,864.0922950144211,0.8978201592308672,0.002164025973887197,7.763571984588896e-05,0.003947765150840435,0.0,0.0,0.9,7.882772438101464e-08,7.882772438099271e-08,9.104786529163826e-08
1772531313.0531867,702,1.157999038696289,863.5585752522132,0.8993504291224426,0.0016034523247045436,7.763571984588896e-05,0.003947765150840435,0.0,0.0,0.9,8.002745145632123e-08,8.002745145633252e-08,9.000520967228144e-08
1772531313.0660799,703,1.3363361358642578,748.3147190008921,0.9016477208055239,0.0023741667299911435,7.763571984588896e-05,0.003947765150840435,0.0,0.0,0.9,7.979418286084717e-08,7.979418286084717e-08,8.904621803816468e-08
1772531313.077972,704,0.9763240814208984,1024.250061050061,0.8990622727322817,0.0026603488378110778,7.763571984588896e-05,0.003947765150840435,0.0,0.0,0.9,7.575638732541728e-08,7.575638732541728e-08,8.768811605031705e-08
1772531313.090688,705,0.9167194366455078,1090.8462938881664,0.9018873833928223,0.002918844085969485,7.763571984588896e-05,0.003947765150840435,0.0,0.0,0.9,7.808108975326885e-08,7.808108975326885e-08,8.681284075641779e-08
1772531313.1027508,706,0.75531005859375,1323.959595959596,0.8989190787103307,0.0030554280891095906,7.763571984588896e-05,0.003947765150840435,0.0,0.0,0.9,7.361117185691976e-08,7.361117186468863e-08,8.545566118832279e-08
1772531313.1165888,707,1.5017986297607422,665.8682330528655,0.9058334794912858,0.007119104527568353,7.763571984588896e-05,0.003947765150840435,0.0,0.0,0.9,7.883922726740204e-08,7.883922726739074e-08,8.4953237701798e-08
1772531313.1277304,708,0.9958744049072266,1004.1426861383768,0.8960843481185271,0.010051923460372885,7.763571984588896e-05,0.003947765150840435,0.0,0.0,0.9,6.791640106398447e-08,6.791640106397318e-08,8.308443553744813e-08
1772531313.1400607,709,0.8783340454101562,1138.5190010857764,0.896626111739981,0.0006451641895205326,7.763571984588896e-05,0.003947765150840435,0.0,0.0,0.9,7.220459772687588e-08,7.220459772687588e-08,8.20573822469589e-08
1772531313.1526384,710,0.8862018585205078,1128.4110842076943,0.8984762262771756,0.0019453032488148316,7.763571984588896e-05,0.003947765150840435,0.0,0.0,0.9,7.216376756921407e-08,7.216376756921407e-08,8.111469249281625e-08
1772531313.1654873,711,0.9050369262695312,1104.927291886196,0.9025904236318186,0.00424667916751245,7.763571984588896e-05,0.003947765150840435,0.0,0.0,0.9,7.29578840809428e-08,7.295788408077208e-08,8.038306184216891e-08
1772531313.1769857,712,0.5013942718505859,1994.4384213029007,0.8962090652117203,0.006569304180633593,7.763571984588896e-05,0.003947765150840435,0.0,0.0,0.9,6.605053705089032e-08,6.605053705090163e-08,7.885474292369939e-08
1772531313.1901975,713,0.8530616760253906,1172.2481833426496,0.9013816558693066,0.005352699104483911,7.763571984588896e-05,0.003947765150840435,0.0,0.0,0.9,7.140650220662091e-08,7.140650220662091e-08,7.823361781429806e-08
1772531313.2045786,714,2.0062923431396484,498.4318478906714,0.9095794887115686,0.008415805973308979,7.763571984588896e-05,0.003947765150840435,0.0,0.0,0.9,7.316321451890849e-08,7.316321452665543e-08,7.787083017365346e-08
1772531313.21633,715,1.461029052734375,684.4490861618799,0.9050306598377328,0.004752001903507611,7.763571984588896e-05,0.003947765150840435,0.0,0.0,0.9,6.579946533841527e-08,6.579946533841527e-08,7.660054784639157e-08
1772531313.2280014,716,1.0006427764892578,999.3576364069573,0.8998256457423611,0.005380245026784555,7.763571984588896e-05,0.003947765150840435,0.0,0.0,0.9,6.395510611905455e-08,6.395510611904326e-08,7.529771806351189e-08
1772531313.2407262,717,1.4119148254394531,708.258020938872,0.8992435605392844,0.000593656190249141,7.763571984588896e-05,0.003947765150840435,0.0,0.0,0.9,6.512592093779619e-08,6.512592093779619e-08,7.430978170053854e-08
1772531313.252788,718,0.9579658508300781,1043.8785465405674,0.8991600079280359,0.00011418029071541925,7.763571984588896e-05,0.003947765150840435,0.0,0.0,0.9,6.44868188981697e-08,6.448681889820294e-08,7.334801814137846e-08
1772531313.2664764,719,1.453399658203125,688.0419947506562,0.9065188264643516,0.007572181931076109,7.763571984588896e-05,0.003947765150840435,0.0,0.0,0.9,6.79515596009557e-08,6.795155959318683e-08,7.29434232647653e-08
1772531313.2782462,720,1.383066177368164,723.0312015169799,0.8990077637238117,0.007758697768509073,7.763571984588896e-05,0.003947765150840435,0.0,0.0,0.9,5.966882818712276e-08,5.966882818713405e-08,7.150838486263746e-08
1772531313.2900074,721,0.9441375732421875,1059.1676767676768,0.8963394539064702,0.0027311465883429766,7.763571984588896e-05,0.003947765150840435,0.0,0.0,0.9,6.059531885139846e-08,6.059531884362959e-08,7.041901671175789e-08
1772531313.3039703,722,1.378774642944336,725.2816877053433,0.9074922556110212,0.0114921717536307,7.763571984588896e-05,0.003947765150840435,0.0,0.0,0.9,6.712223848316815e-08,6.712223848316815e-08,7.02793457788371e-08
1772531313.3155093,723,1.1434555053710938,874.5421184320267,0.8986719681387763,0.009110344461341352,7.763571984588896e-05,0.003947765150840435,0.0,0.0,0.9,5.6836694682612625e-08,5.683669468257939e-08,6.880188976293016e-08
1772531313.328367,724,1.3251304626464844,754.6426772220223,0.9010182619142619,0.002430095348070059,7.763571984588896e-05,0.003947765150840435,0.0,0.0,0.9,6.099816877777163e-08,6.099816877777163e-08,6.809979842072999e-08
1772531313.3408885,725,1.2292861938476562,813.4802172226532,0.9021247797750972,0.0011371562286886618,7.763571984588896e-05,0.003947765150840435,0.0,0.0,0.9,5.986516744560779e-08,5.986516744560779e-08,6.73062968163431e-08
1772531313.3537543,726,1.3384819030761719,747.1150694691842,0.9043165825362662,0.0022450924997127965,7.763571984588896e-05,0.003947765150840435,0.0,0.0,0.9,5.983894329946392e-08,5.983894329946392e-08,6.661025484985077e-08
1772531313.3654482,727,1.132965087890625,882.6397306397306,0.8975688596563163,0.006956950337284599,7.763571984588896e-05,0.003947765150840435,0.0,0.0,0.9,5.4713447451238236e-08,5.4713447451238236e-08,6.534456561494978e-08
1772531313.3779564,728,1.0807514190673828,925.2821530994926,0.8988077174025788,0.0013102097137419467,7.763571984588896e-05,0.003947765150840435,0.0,0.0,0.9,5.726294624764398e-08,5.726294623987511e-08,6.458762893658861e-08
1772531313.3905277,729,1.153707504272461,866.7708204174417,0.8997338744770753,0.000974921310762886,7.763571984588896e-05,0.003947765150840435,0.0,0.0,0.9,5.65059703240602e-08,5.6505970324038264e-08,6.380497141068903e-08
1772531313.4028044,730,0.9677410125732422,1033.3343187977334,0.899241934554173,0.0005014991014558683,7.763571984588896e-05,0.003947765150840435,0.0,0.0,0.9,5.5175991683137714e-08,5.5175991683137714e-08,6.2950327452719e-08
1772531313.4149837,731,0.8959770202636719,1116.1000532197977,0.8973771801813069,0.0019065628969072595,7.763571984588896e-05,0.003947765150840435,0.0,0.0,0.9,5.3718573820492056e-08,5.3718573820492056e-08,6.202024892597477e-08
1772531313.4281905,732,1.3353824615478516,748.8491340831994,0.9016396340745388,0.004408729947665643,7.763571984588896e-05,0.003947765150840435,0.0,0.0,0.9,5.578693734250621e-08,5.578693733475927e-08,6.147160223796803e-08
1772531313.43998,733,0.8752346038818359,1142.5508035957505,0.8985826235746412,0.003146032889943238,7.763571984588896e-05,0.003947765150840435,0.0,0.0,0.9,5.204570163006759e-08,5.204570163004566e-08,6.049747917186733e-08
1772531313.452191,734,0.7410049438476562,1349.5186615186615,0.8977817633663319,0.000815887332955709,7.763571984588896e-05,0.003947765150840435,0.0,0.0,0.9,5.209056474630546e-08,5.20905647463274e-08,5.966973372931115e-08
1772531313.4658844,735,1.2137889862060547,823.8664309565901,0.9061250763546855,0.008593650915702173,7.763571984588896e-05,0.003947765150840435,0.0,0.0,0.9,5.5629595964508095e-08,5.562959596433738e-08,5.9387512714024646e-08
1772531313.4773395,736,0.7960796356201172,1256.155735250075,0.8987066201763177,0.007662104987916805,7.763571984588896e-05,0.003947765150840435,0.0,0.0,0.9,4.857613300962591e-08,4.8576133001878974e-08,5.821710394190418e-08
1772531313.4909706,737,1.1992454528808594,833.8576540755467,0.906747257576282,0.008274400098253467,7.763571984588896e-05,0.003947765150840435,0.0,0.0,0.9,5.423349238328046e-08,5.423349238329176e-08,5.7952403517575705e-08
1772531313.5028646,738,0.888824462890625,1125.0815450643777,0.9020949451109039,0.004828921828014094,7.763571984588896e-05,0.003947765150840435,0.0,0.0,0.9,4.8720640556447946e-08,4.872064055642601e-08,5.6977574721060916e-08
1772531313.5149999,739,0.926971435546875,1078.7818930041153,0.8983515246628555,0.0038562081230090455,7.763571984588896e-05,0.003947765150840435,0.0,0.0,0.9,4.801563323386192e-08,4.801563322609305e-08,5.6067048349496756e-08
1772531313.5276637,740,0.9157657623291016,1091.9822962770113,0.9006913706670352,0.0024241541245804935,7.763571984588896e-05,0.003947765150840435,0.0,0.0,0.9,4.9677210628021444e-08,4.967721062798821e-08,5.547903109465096e-08
1772531313.5405333,741,1.1534690856933594,866.9499793303017,0.9025928048961297,0.001954522653212355,7.763571984588896e-05,0.003947765150840435,0.0,0.0,0.9,4.9103050969916354e-08,4.910305097768522e-08,5.487497996548489e-08
1772531313.5526803,742,0.9274482727050781,1078.2272493573264,0.9006223317940012,0.0020382633211277626,7.763571984588896e-05,0.003947765150840435,0.0,0.0,0.9,4.702286074416763e-08,4.702286074416763e-08,5.4081358769761164e-08
1772531313.564516,743,0.5526542663574219,1809.4495254529768,0.8979318167016739,0.0027633343614915885,7.763571984588896e-05,0.003947765150840435,0.0,0.0,0.9,4.591354126757943e-08,4.591354126775015e-08,5.325476535804345e-08
1772531313.5768335,744,0.4951953887939453,2019.4049109292248,0.8977321470091248,0.00023853950825987412,7.763571984588896e-05,0.003947765150840435,0.0,0.0,0.9,4.6080071095032186e-08,4.608007109504348e-08,5.255398610169657e-08
1772531313.58916,745,0.38886070251464844,2571.614960147149,0.8978322572805614,0.00020176444305863132,7.763571984588896e-05,0.003947765150840435,0.0,0.0,0.9,4.557391931092279e-08,4.557391931092279e-08,5.186974403015826e-08
1772531313.6017032,746,0.4036426544189453,2477.438865918488,0.8991195892285726,0.0013517156354512735,7.763571984588896e-05,0.003947765150840435,0.0,0.0,0.9,4.5469197122823816e-08,4.5469197122823816e-08,5.125568548002935e-08
1772531313.6141655,747,0.39768218994140625,2514.5707434052756,0.8997693137188844,0.0006837345598708585,7.763571984588896e-05,0.003947765150840435,0.0,0.0,0.9,4.474971458580769e-08,4.4749714585818986e-08,5.062277705281573e-08
1772531313.6267009,748,0.3941059112548828,2537.3889897156687,0.9006618026305944,0.0009245488267365428,7.763571984588896e-05,0.003947765150840435,0.0,0.0,0.9,4.4337918647150036e-08,4.4337918647150036e-08,5.001660032711949e-08
1772531313.639204,749,0.4317760467529297,2316.0154610712316,0.9008195311577691,0.00016256177224622582,7.763571984588896e-05,0.003947765150840435,0.0,0.0,0.9,4.3574581956652914e-08,4.3574581956845574e-08,4.9387262356555755e-08
1772531313.6516793,750,0.38313865661621094,2610.0211574362165,0.9014133171842237,0.0006090747516557265,7.763571984588896e-05,0.003947765150840435,0.0,0.0,0.9,4.321176403704198e-08,4.321176403704198e-08,4.879078626775708e-08
1772531313.664164,751,0.40030479431152344,2498.096486003574,0.9013743210932852,6.819799942028119e-05,7.763571984588896e-05,0.003947765150840435,0.0,0.0,0.9,4.248503178520857e-08,4.248503178520857e-08,4.8174315398646286e-08
1772531313.6766942,752,0.39649009704589844,2522.131088394468,0.9019359999533374,0.0005738002036062044,7.763571984588896e-05,0.003947765150840435,0.0,0.0,0.9,4.217968881918127e-08,4.217968881918127e-08,4.759624886502264e-08
1772531313.689188,753,0.4267692565917969,2343.1865921787708,0.9017820116510293,0.0001845352293544962,7.763571984588896e-05,0.003947765150840435,0.0,0.0,0.9,4.143983658241818e-08,4.143983658241818e-08,4.699395733575144e-08
1772531313.701912,754,0.6134510040283203,1630.1220365332297,0.9021095716828589,0.0003355340035600664,7.763571984588896e-05,0.003947765150840435,0.0,0.0,0.9,4.1089708680108607e-08,4.1089708680108607e-08,4.642283908963398e-08
1772531313.7143004,755,0.4649162292480469,2150.925128205128,0.9025521391533646,0.000452310709003678,7.763571984588896e-05,0.003947765150840435,0.0,0.0,0.9,4.065257602277672e-08,4.0652576022765424e-08,4.586542230803588e-08
1772531313.7266119,756,0.3230571746826172,3095.4273062730626,0.9016813828848136,0.0009132875906082682,7.763571984588896e-05,0.003947765150840435,0.0,0.0,0.9,3.971612856372724e-08,3.97161285637166e-08,4.5257348476875564e-08
1772531313.7392166,757,0.370025634765625,2702.5154639175257,0.902373707612751,0.0007067162899713038,7.763571984588896e-05,0.003947765150840435,0.0,0.0,0.9,3.970305511797632e-08,3.9703055117965686e-08,4.472535403714991e-08
1772531313.7518742,758,0.4916191101074219,2034.0950533462658,0.9027558559856876,0.0003914281983126394,7.763571984588896e-05,0.003947765150840435,0.0,0.0,0.9,3.91621436407824e-08,3.91621436407824e-08,4.4186913521924165e-08
1772531313.764169,759,0.3693103790283203,2707.7495158166557,0.9016167900583825,0.0011879110137507651,7.763571984588896e-05,0.003947765150840435,0.0,0.0,0.9,3.818255073185219e-08,3.818255073185219e-08,4.359084470841549e-08
1772531313.776725,760,0.400543212890625,2496.609523809524,0.9017893125539788,0.00017676636027831556,7.763571984588896e-05,0.003947765150840435,0.0,0.0,0.9,3.805984578484581e-08,3.8059845784823875e-08,4.305588668064817e-08
1772531313.7892513,761,0.40602684020996094,2462.891368173811,0.9018704118256038,8.968140002064421e-05,7.763571984588896e-05,0.003947765150840435,0.0,0.0,0.9,3.756681727131582e-08,3.7566817271304527e-08,4.252172703308168e-08
1772531313.8017251,762,0.39386749267578125,2538.9249394673125,0.9016720870039282,0.00021483444250127183,7.763571984588896e-05,0.003947765150840435,0.0,0.0,0.9,3.7010037686911454e-08,3.701003767914258e-08,4.198280888607517e-08
1772531313.8145022,763,0.5254745483398438,1903.0417422867513,0.9030456602582654,0.00140707873638298,7.763571984588896e-05,0.003947765150840435,0.0,0.0,0.9,3.705070124303078e-08,3.705070124303078e-08,4.1516024317084475e-08
1772531313.826918,764,0.46443939208984375,2153.1334702258728,0.9022885486970731,0.000797372141239527,7.763571984588896e-05,0.003947765150840435,0.0,0.0,0.9,3.600754207984331e-08,3.6007542079821374e-08,4.0970947537855787e-08
1772531313.839291,765,0.4138946533203125,2416.073732718894,0.9011841916372696,0.001143988650437284,7.763571984588896e-05,0.003947765150840435,0.0,0.0,0.9,3.538772444778816e-08,3.5387724447799456e-08,4.041834136039238e-08
1772531313.851794,766,0.42176246643066406,2371.0028264556245,0.9011716782633047,1.8050213648566346e-05,7.763571984588896e-05,0.003947765150840435,0.0,0.0,0.9,3.520206375847874e-08,3.5202063758467444e-08,3.9911248016394374e-08
1772531313.8642318,767,0.4062652587890625,2461.4460093896714,0.9007820521038622,0.0004003281971681149,7.763571984588896e-05,0.003947765150840435,0.0,0.0,0.9,3.463626978343999e-08,3.463626978345129e-08,3.93929317054705e-08
1772531313.8767798,768,0.4742145538330078,2108.750125691302,0.900532379556234,0.0002553816871767525,7.763571984588896e-05,0.003947765150840435,0.0,0.0,0.9,3.4208982311388144e-08,3.420898231139878e-08,3.8885012126836663e-08
1772531313.8892562,769,0.4360675811767578,2293.2225259704755,0.9008865314476767,0.0003714515250452809,7.763571984588896e-05,0.003947765150840435,0.0,0.0,0.9,3.3938339018954316e-08,3.3938339018954316e-08,3.8405167038262585e-08
1772531313.901825,770,0.45108795166015625,2216.862579281184,0.9014422552463885,0.0005742044068856628,7.763571984588896e-05,0.003947765150840435,0.0,0.0,0.9,3.3594203786083955e-08,3.359420378607266e-08,3.7939636400267203e-08
1772531313.9142363,771,0.42557716369628906,2349.7501400560222,0.9007349695249706,0.0007279515999042352,7.763571984588896e-05,0.003947765150840435,0.0,0.0,0.9,3.2833477857599257e-08,3.2833477857599257e-08,3.7434358054272224e-08
1772531313.926679,772,0.38051605224609375,2628.0100250626565,0.9006416229836545,9.821654385238477e-05,7.763571984588896e-05,0.003947765150840435,0.0,0.0,0.9,3.254603666295722e-08,3.254603666296786e-08,3.695710462976457e-08
1772531313.9392316,773,0.400543212890625,2496.609523809524,0.9011224356805884,0.0004996056295524119,7.763571984588896e-05,0.003947765150840435,0.0,0.0,0.9,3.229200789077359e-08,3.2292007890751654e-08,3.65054469473729e-08
1772531313.9517293,774,0.4177093505859375,2394.009132420091,0.9009565868122209,0.0001700574837919466,7.763571984588896e-05,0.003947765150840435,0.0,0.0,0.9,3.173093383996797e-08,3.1730933832199094e-08,3.6037138863861624e-08
1772531313.9642646,775,0.4665851593017578,2143.231476750128,0.9009237788576079,3.7329208129245325e-05,7.763571984588896e-05,0.003947765150840435,0.0,0.0,0.9,3.135497871474116e-08,3.135497871474116e-08,3.557984262160137e-08
1772531313.9766343,776,0.37026405334472656,2700.7752736638763,0.9006408098514912,0.0002894205121735855,7.763571984588896e-05,0.003947765150840435,0.0,0.0,0.9,3.088479523220211e-08,3.088479523220211e-08,3.511899073530524e-08
1772531313.989179,777,0.38623809814453125,2589.0765432098765,0.9010571065827954,0.00043280074496653687,7.763571984588896e-05,0.003947765150840435,0.0,0.0,0.9,3.066617729007931e-08,3.066617729007931e-08,3.468761497230533e-08
1772531314.001731,778,0.3952980041503906,2529.7370325693605,0.9015145809655477,0.0004710682927149249,7.763571984588896e-05,0.003947765150840435,0.0,0.0,0.9,3.031712672130762e-08,3.0317126721340855e-08,3.4263888333000785e-08
1772531314.0142424,779,0.43392181396484375,2304.5626373626374,0.90118803321566,0.00033816379996428546,7.763571984588896e-05,0.003947765150840435,0.0,0.0,0.9,2.9754417325418326e-08,2.9754417325418326e-08,3.382070575432255e-08
1772531314.0266929,780,0.3914833068847656,2554.3873325213153,0.9010780472060165,0.0001132571684473581,7.763571984588896e-05,0.003947765150840435,0.0,0.0,0.9,2.9415245371335874e-08,2.9415245371335874e-08,3.3390284188216214e-08
1772531314.0391622,781,0.34737586975097656,2878.726149622512,0.9011263880850479,5.066857034641798e-05,7.763571984588896e-05,0.003947765150840435,0.0,0.0,0.9,2.9077725550609224e-08,2.907772554285165e-08,3.296974576735393e-08
1772531314.0517652,782,0.4343986511230469,2302.032930845225,0.9014428281212639,0.0003252920132477412,7.763571984588896e-05,0.003947765150840435,0.0,0.0,0.9,2.878287037647477e-08,2.878287037647477e-08,3.256333094672816e-08
1772531314.0641892,783,0.3921985626220703,2549.7288753799394,0.9009969931308608,0.00046033987623329684,7.763571984588896e-05,0.003947765150840435,0.0,0.0,0.9,2.8244669280446742e-08,2.8244669288215616e-08,3.213817292512319e-08
1772531314.076667,784,0.35881996154785156,2786.9129568106314,0.9011152024794271,0.0001227338845776022,7.763571984588896e-05,0.003947765150840435,0.0,0.0,0.9,2.800231875562714e-08,2.80023187556165e-08,3.1735793878236355e-08
1772531314.08928,785,0.35691261291503906,2801.806279225117,0.9020109696718305,0.0009204493953892674,7.763571984588896e-05,0.003947765150840435,0.0,0.0,0.9,2.78500216745681e-08,2.7850021666799227e-08,3.136284111880172e-08
1772531314.1017942,786,0.4603862762451172,2172.089073019161,0.9012515853237273,0.0007873680489128317,7.763571984588896e-05,0.003947765150840435,0.0,0.0,0.9,2.714715229301646e-08,2.714715229301646e-08,3.0945271664443336e-08
1772531314.1143618,787,0.431060791015625,2319.858407079646,0.9019450860721593,0.0007117191672449695,7.763571984588896e-05,0.003947765150840435,0.0,0.0,0.9,2.7113939492958442e-08,2.7113939492958442e-08,3.057733644051347e-08
1772531314.1268275,788,0.4596710205078125,2175.46887966805,0.9012202937543887,0.0007511744243280438,7.763571984588896e-05,0.003947765150840435,0.0,0.0,0.9,2.6473771717718676e-08,2.6473771717718676e-08,3.0171325842166684e-08
1772531314.139171,789,0.3612041473388672,2768.517491749175,0.9005021840330528,0.0007383846652295902,7.763571984588896e-05,0.003947765150840435,0.0,0.0,0.9,2.609868824251248e-08,2.6098688242501183e-08,2.9769743224474066e-08
1772531314.1516783,790,0.3573894500732422,2798.0680453635755,0.9007490836229879,0.00026054680405712075,7.763571984588896e-05,0.003947765150840435,0.0,0.0,0.9,2.5950720130203485e-08,2.5950720122456548e-08,2.9399027381638926e-08
1772531314.1642206,791,0.4146099090576172,2411.9056929269696,0.9006996351464186,5.337970277888818e-05,7.763571984588896e-05,0.003947765150840435,0.0,0.0,0.9,2.5565475526147502e-08,2.556547552612557e-08,2.9023786162708736e-08
1772531314.1767416,792,0.4398822784423828,2273.3355013550135,0.9007042844330678,2.6495041606736244e-05,7.763571984588896e-05,0.003947765150840435,0.0,0.0,0.9,2.5249497676397362e-08,2.5249497676397362e-08,2.8655037428040823e-08
1772531314.1892009,793,0.3960132598876953,2525.167971101746,0.9008272801895498,0.000131616674063285,7.763571984588896e-05,0.003947765150840435,0.0,0.0,0.9,2.495505579814163e-08,2.495505579816357e-08,2.82942620656618e-08
1772531314.2019563,794,0.5676746368408203,1761.572448551029,0.9019645137172877,0.0011706256745378013,7.763571984588896e-05,0.003947765150840435,0.0,0.0,0.9,2.487116724712188e-08,2.4871167254868814e-08,2.7967104806622367e-08
1772531314.214573,795,0.522613525390625,1913.4598540145985,0.9030878231860726,0.0011491421145051021,7.763571984588896e-05,0.003947765150840435,0.0,0.0,0.9,2.461873569420775e-08,2.461873569420775e-08,2.764670164138466e-08
1772531314.2270906,796,0.4947185516357422,2021.3513253012047,0.9028258420188122,0.00029971257233001063,7.763571984588896e-05,0.003947765150840435,0.0,0.0,0.9,2.4074488849382317e-08,2.4074488841613443e-08,2.729635843763061e-08
1772531314.2397099,797,0.6494522094726562,1539.7591776798824,0.9020055493925596,0.0008584073352890559,7.763571984588896e-05,0.003947765150840435,0.0,0.0,0.9,2.364362349515359e-08,2.364362349515359e-08,2.693611542696851e-08
1772531314.2520602,798,0.4622936248779297,2163.127385250129,0.9018307662289304,0.0001898801291467657,7.763571984588896e-05,0.003947765150840435,0.0,0.0,0.9,2.344239449549993e-08,2.344239449549993e-08,2.6595540793220105e-08
1772531314.264572,799,0.5061626434326172,1975.649552520019,0.9014239763274516,0.00042337777541414084,7.763571984588896e-05,0.003947765150840435,0.0,0.0,0.9,2.3090412485262945e-08,2.309041248528488e-08,2.6251523809041113e-08
1772531314.277858,800,1.1761188507080078,850.254206365295,0.9026379244948292,0.0012458297899295696,7.763571984588896e-05,0.003947765150840435,0.0,0.0,0.9,2.3113571193116617e-08,2.311357119312791e-08,2.595321751671574e-08
1772531314.2900882,801,0.7011890411376953,1426.1489289357362,0.9039444063474757,0.0013344860895647336,7.763571984588896e-05,0.003947765150840435,0.0,0.0,0.9,2.2906213599417005e-08,2.2906213599417005e-08,2.566326818909094e-08
1772531314.3022072,802,0.5886554718017578,1698.7865532604294,0.9003296993728668,0.0037339926872799684,7.763571984588896e-05,0.003947765150840435,0.0,0.0,0.9,2.1697894659598204e-08,2.1697894659598204e-08,2.5255045402734088e-08
1772531314.314505,803,0.5743503570556641,1741.0975508509755,0.8983649605131121,0.0020132341488968424,7.763571984588896e-05,0.003947765150840435,0.0,0.0,0.9,2.1572060013374358e-08,2.157206001335242e-08,2.4887399948168375e-08
1772531314.3268926,804,0.4744529724121094,2107.6904522613067,0.8987220045439128,0.00041853278456404513,7.763571984588896e-05,0.003947765150840435,0.0,0.0,0.9,2.1648618826653194e-08,2.1648618826653194e-08,2.45734608813686e-08
1772531314.3395257,805,0.5145072937011719,1943.6070435588508,0.9000540418265288,0.001393666897454503,7.763571984588896e-05,0.003947765150840435,0.0,0.0,0.9,2.1569575837142303e-08,2.1569575837142303e-08,2.428565109637412e-08
1772531314.3518348,806,0.44727325439453125,2235.769722814499,0.8990900167299052,0.00098455430871976,7.763571984588896e-05,0.003947765150840435,0.0,0.0,0.9,2.09139034490629e-08,2.0913903449040968e-08,2.394877734462719e-08
1772531314.3642707,807,0.45609474182128906,2192.526921066388,0.8986911774158112,0.00041166557344775626,7.763571984588896e-05,0.003947765150840435,0.0,0.0,0.9,2.0703667908650982e-08,2.0703667908650982e-08,2.3629303470467563e-08
1772531314.3767672,808,0.45418739318847656,2201.7343832020997,0.8993376787701396,0.000694180264039828,7.763571984588896e-05,0.003947765150840435,0.0,0.0,0.9,2.0609278070271e-08,2.0609278070259704e-08,2.33367039431512e-08
1772531314.3893557,809,0.4773139953613281,2095.056943056943,0.9004792907822733,0.0011891644922856594,7.763571984588896e-05,0.003947765150840435,0.0,0.0,0.9,2.046225653365301e-08,2.046225653365301e-08,2.306029697857535e-08
1772531314.4019725,810,0.4715919494628906,2120.4772497472195,0.9017878818740431,0.001349054711139022,7.763571984588896e-05,0.003947765150840435,0.0,0.0,0.9,2.028272866486342e-08,2.0282728664852125e-08,2.2794420675445242e-08
1772531314.414664,811,0.8580684661865234,1165.4081689358154,0.8997594589352815,0.002089725183293773,7.763571984588896e-05,0.003947765150840435,0.0,0.0,0.9,1.948751894877508e-08,1.948751894877508e-08,2.245990156160933e-08
1772531314.4267526,812,0.4401206970214844,2272.104008667389,0.9001703003564734,0.00043465685758837066,7.763571984588896e-05,0.003947765150840435,0.0,0.0,0.9,1.9581936271643068e-08,1.9581936271665002e-08,2.2182179776162462e-08
1772531314.4392326,813,0.4067420959472656,2458.5603751465414,0.9007318736015594,0.0005833938312755797,7.763571984588896e-05,0.003947765150840435,0.0,0.0,0.9,1.9375436801384644e-08,1.9375436801384644e-08,2.191002842490789e-08
1772531314.4517705,814,0.44274330139160156,2258.645126548196,0.9009282567839304,0.00020314854201089743,7.763571984588896e-05,0.003947765150840435,0.0,0.0,0.9,1.909041187490926e-08,1.9090411874931198e-08,2.1634953859029564e-08
1772531314.464167,815,0.38933753967285156,2568.465401102266,0.9004686569572968,0.00047282506620553624,7.763571984588896e-05,0.003947765150840435,0.0,0.0,0.9,1.874547384880292e-08,1.8745473848824857e-08,2.135026280011475e-08
1772531314.4767504,816,0.4305839538574219,2322.4274640088593,0.9012718020664142,0.0008278653960983292,7.763571984588896e-05,0.003947765150840435,0.0,0.0,0.9,1.8700961602671695e-08,1.8700961602693632e-08,2.1095652151168876e-08
1772531314.489162,817,0.38170814514160156,2619.8026233603996,0.900754195216491,0.0005356847799595239,7.763571984588896e-05,0.003947765150840435,0.0,0.0,0.9,1.8278665795505432e-08,1.8278665787758498e-08,2.0817488493076292e-08
1772531314.5017536,818,0.4248619079589844,2353.7059483726152,0.9014901824731788,0.0007565606738761005,7.763571984588896e-05,0.003947765150840435,0.0,0.0,0.9,1.8232367928495195e-08,1.8232367928461965e-08,2.0568965718362673e-08
1772531314.5142288,819,0.4470348358154297,2236.9621333333334,0.9008603999773245,0.0006530264996409163,7.763571984588896e-05,0.003947765150840435,0.0,0.0,0.9,1.7811368642110592e-08,1.7811368634319785e-08,2.0296355136333003e-08
1772531314.5269108,820,0.4887580871582031,2046.0019512195122,0.9024442441614126,0.0016268306409837497,7.763571984588896e-05,0.003947765150840435,0.0,0.0,0.9,1.7916029885383008e-08,1.7916029885371712e-08,2.0071897183455322e-08
1772531314.5393229,821,0.4680156707763672,2136.6805909322466,0.9014953715956537,0.0009898769962596635,7.763571984588896e-05,0.003947765150840435,0.0,0.0,0.9,1.7354912040106508e-08,1.7354912040106508e-08,1.9801639054767647e-08
1772531314.5517395,822,0.4029273986816406,2481.8366863905326,0.9012215544748768,0.0002885206422250785,7.763571984588896e-05,0.003947765150840435,0.0,0.0,0.9,1.7206532976394935e-08,1.7206532976394935e-08,1.9548142647266384e-08
1772531314.5642421,823,0.43773651123046875,2284.4793028322442,0.9008849892154744,0.00034917340865779807,7.763571984588896e-05,0.003947765150840435,0.0,0.0,0.9,1.6969599057158538e-08,1.6969599057191767e-08,1.9295260558505516e-08
1772531314.5767128,824,0.4067420959472656,2458.5603751465414,0.9009091481390245,2.5288927957055925e-05,7.763571984588896e-05,0.003947765150840435,0.0,0.0,0.9,1.6796909018360338e-08,1.6796909018349042e-08,1.9051706306710484e-08
1772531314.5892823,825,0.4546642303466797,2199.4252753015207,0.9012709807477285,0.0003715900694076742,7.763571984588896e-05,0.003947765150840435,0.0,0.0,0.9,1.6635672881006948e-08,1.6635672881006948e-08,1.8817376705431008e-08
1772531314.6017373,826,0.4189014434814453,2387.196357427433,0.9012270702706227,5.207402021789095e-05,7.763571984588896e-05,0.003947765150840435,0.0,0.0,0.9,1.6378838828994804e-08,1.6378838828994804e-08,1.8578965436562335e-08
1772531314.6141381,827,0.36716461181640625,2723.574025974026,0.9006056383677118,0.0006408836348356447,7.763571984588896e-05,0.003947765150840435,0.0,0.0,0.9,1.6086048551899144e-08,1.608604855188785e-08,1.833307686983712e-08
1772531314.6267262,828,0.4019737243652344,2487.7247924080666,0.9013596484201052,0.0007770416394387315,7.763571984588896e-05,0.003947765150840435,0.0,0.0,0.9,1.6058367745830773e-08,1.6058367745830773e-08,1.8114509962745373e-08
1772531314.639195,829,0.41222572326660156,2425.8554077501444,0.9007833423185911,0.0005953886277924246,7.763571984588896e-05,0.003947765150840435,0.0,0.0,0.9,1.5692341021210862e-08,1.5692341021222158e-08,1.7875201604627028e-08
1772531314.6517653,830,0.4284381866455078,2334.0589872008904,0.9014828429163041,0.0007198738027022654,7.763571984588896e-05,0.003947765150840435,0.0,0.0,0.9,1.565327885621231e-08,1.5653278856190373e-08,1.7661518902760014e-08
1772531314.6641996,831,0.3764629364013672,2656.3039898670045,0.9010707178394088,0.0004278277708739816,7.763571984588896e-05,0.003947765150840435,0.0,0.0,0.9,1.5325444081367046e-08,1.5325444081367046e-08,1.7431452354687024e-08
1772531314.6767912,832,0.4563331604003906,2191.3814002089866,0.9014772197741922,0.0004170177907992592,7.763571984588896e-05,0.003947765150840435,0.0,0.0,0.9,1.5230453886900816e-08,1.5230453886900816e-08,1.7218556308624264e-08
1772531314.6891935,833,0.4169940948486328,2398.1154945683247,0.9006796419209261,0.00082322338276223,7.763571984588896e-05,0.003947765150840435,0.0,0.0,0.9,1.4888916021813424e-08,1.4888916021813424e-08,1.6987850174107223e-08
1772531314.701731,834,0.4315376281738281,2317.2950276243096,0.9009493001729801,0.0002796473381580506,7.763571984588896e-05,0.003947765150840435,0.0,0.0,0.9,1.481652796613557e-08,1.4816527966146865e-08,1.677736743852512e-08
1772531314.714167,835,0.40531158447265625,2467.2376470588233,0.9006375111857394,0.0003200333161946699,7.763571984588896e-05,0.003947765150840435,0.0,0.0,0.9,1.456046597664467e-08,1.456046597664467e-08,1.655949156161555e-08
1772531314.726735,836,0.43487548828125,2299.5087719298244,0.901357733735359,0.0007427395437932697,7.763571984588896e-05,0.003947765150840435,0.0,0.0,0.9,1.4500069398326688e-08,1.4500069398326688e-08,1.6361241087505462e-08
1772531314.739217,837,0.4260540008544922,2347.1203133743707,0.9009873848308048,0.0003832781497984334,7.763571984588896e-05,0.003947765150840435,0.0,0.0,0.9,1.419937925689676e-08,1.419937925689676e-08,1.6148402278740457e-08
1772531314.7516994,838,0.40221214294433594,2486.2501481920567,0.9010506197165983,6.514605814089901e-05,7.763571984588896e-05,0.003947765150840435,0.0,0.0,0.9,1.4063367704203384e-08,1.4063367704236617e-08,1.5945318723815478e-08
1772531314.764124,839,0.3559589385986328,2809.3127930341593,0.9007734493631133,0.00028504792704482895,7.763571984588896e-05,0.003947765150840435,0.0,0.0,0.9,1.3844572904093233e-08,1.384457290411517e-08,1.573916311379845e-08
1772531314.776669,840,0.3769397735595703,2652.943706514864,0.9010513427559135,0.00028743917763442573,7.763571984588896e-05,0.003947765150840435,0.0,0.0,0.9,1.3729267006559793e-08,1.3729267006571087e-08,1.5544027367096954e-08
1772531314.7892132,841,0.4456043243408203,2244.143392188336,0.9010859378875539,3.534506389737325e-05,7.763571984588896e-05,0.003947765150840435,0.0,0.0,0.9,1.3534057682480299e-08,1.3534057682480299e-08,1.5347732106664447e-08
1772531314.8020926,842,0.5359649658203125,1865.7935943060497,0.9037039683704616,0.002689131962377185,7.763571984588896e-05,0.003947765150840435,0.0,0.0,0.9,1.367694199131599e-08,1.3676941991337925e-08,1.519392630126408e-08
1772531314.814978,843,0.7205009460449219,1387.923229649239,0.9052869769513477,0.0016139556629163213,7.763571984588896e-05,0.003947765150840435,0.0,0.0,0.9,1.3463505581737841e-08,1.3463505581737841e-08,1.5029938929843027e-08
1772531314.8268929,844,0.5252361297607422,1903.9055832955062,0.9001489439806798,0.005311358926947304,7.763571984588896e-05,0.003947765150840435,0.0,0.0,0.9,1.2554999534511838e-08,1.2554999534511838e-08,1.4771126800067962e-08
1772531314.8392484,845,0.43964385986328125,2274.5683297180044,0.899636302654362,0.0005230385792973688,7.763571984588896e-05,0.003947765150840435,0.0,0.0,0.9,1.2786959933893141e-08,1.2786959933893141e-08,1.4578658056522076e-08
1772531314.8517437,846,0.423431396484375,2361.6576576576576,0.8998954688697675,0.0002878192330790819,7.763571984588896e-05,0.003947765150840435,0.0,0.0,0.9,1.2695428022327667e-08,1.2695428022327667e-08,1.4395446522090733e-08
1772531314.8641753,847,0.40078163146972656,2495.124330755503,0.8996625764958689,0.00024061167423141444,7.763571984588896e-05,0.003947765150840435,0.0,0.0,0.9,1.2482693861942229e-08,1.2482693861964166e-08,1.4207298218560128e-08
1772531314.876657,848,0.36263465881347656,2757.596318211703,0.9001281355550614,0.0004949101594585988,7.763571984588896e-05,0.003947765150840435,0.0,0.0,0.9,1.2393100700573788e-08,1.2393100700573788e-08,1.4031288350195486e-08
1772531314.8891644,849,0.3972053527832031,2517.5894357743095,0.9001379317667767,5.699457439143035e-05,7.763571984588896e-05,0.003947765150840435,0.0,0.0,0.9,1.2196029395062542e-08,1.219602939522197e-08,1.385146731467791e-08
1772531314.901655,850,0.35643577575683594,2805.554515050167,0.9006013052158103,0.00048558098448170747,7.763571984588896e-05,0.003947765150840435,0.0,0.0,0.9,1.2089446143183521e-08,1.2089446135392714e-08,1.3680535675812893e-08
1772531314.91417,851,0.40650367736816406,2460.0023460410557,0.9004554385426153,0.00014891719340076007,7.763571984588896e-05,0.003947765150840435,0.0,0.0,0.9,1.1881962403002209e-08,1.188196241077108e-08,1.3503995395076378e-08
1772531314.9267519,852,0.446319580078125,2240.5470085470088,0.9010071688148784,0.0005719138266139283,7.763571984588896e-05,0.003947765150840435,0.0,0.0,0.9,1.1801015102963231e-08,1.1801015102985167e-08,1.3339290380870778e-08
1772531314.9391482,853,0.38814544677734375,2576.3538083538083,0.9006252997749338,0.00039216259198754713,7.763571984588896e-05,0.003947765150840435,0.0,0.0,0.9,1.1567707833600092e-08,1.1567707833600092e-08,1.316478544501809e-08
1772531314.9517288,854,0.4315376281738281,2317.2950276243096,0.9011520649860125,0.0005442276072368975,7.763571984588896e-05,0.003947765150840435,0.0,0.0,0.9,1.150538319326433e-08,1.1505383193253034e-08,1.3004428872905536e-08
1772531314.9641547,855,0.38909912109375,2570.0392156862745,0.9009436733713511,0.0002153757429706666,7.763571984588896e-05,0.003947765150840435,0.0,0.0,0.9,1.1297995770993865e-08,1.1297995770993865e-08,1.283692169209852e-08
1772531314.9767044,856,0.40411949157714844,2474.515634218289,0.9012196109841135,0.0002837611883413534,7.763571984588896e-05,0.003947765150840435,0.0,0.0,0.9,1.1198958220306524e-08,1.1198958220284588e-08,1.2677896710731962e-08
1772531314.9891334,857,0.3719329833984375,2688.6564102564103,0.9008769506523271,0.00035407034819175,7.763571984588896e-05,0.003947765150840435,0.0,0.0,0.9,1.1002673351120868e-08,1.1002673351120868e-08,1.2513239779639156e-08
1772531315.0019052,858,0.4763603210449219,2099.2512512512512,0.902593695786311,0.001764339705879576,7.763571984588896e-05,0.003947765150840435,0.0,0.0,0.9,1.105841428161899e-08,1.1058414281640925e-08,1.237630879059283e-08
1772531315.014574,859,0.5331039428710938,1875.8067978533095,0.903320698225273,0.0007408420405287038,7.763571984588896e-05,0.003947765150840435,0.0,0.0,0.9,1.0866172682183855e-08,1.0866172682150624e-08,1.2230548776946781e-08
1772531315.0270352,860,0.49996376037597656,2000.144969003338,0.9026329432878742,0.0007326200287104493,7.763571984588896e-05,0.003947765150840435,0.0,0.0,0.9,1.0614208344089542e-08,1.0614208344067607e-08,1.2071167346616847e-08
1772531315.0393953,861,0.4420280456542969,2262.2998921251346,0.9012742243264057,0.0014094972901590912,7.763571984588896e-05,0.003947765150840435,0.0,0.0,0.9,1.0403175177758281e-08,1.0403175177758281e-08,1.1905417500756055e-08
1772531315.0521843,862,0.5230903625488281,1911.7155879671832,0.9032193861703768,0.0019967506625674565,7.763571984588896e-05,0.003947765150840435,0.0,0.0,0.9,1.0550900335752201e-08,1.0550900343521072e-08,1.1779347707732427e-08
1772531315.0644627,863,0.49376487731933594,2025.2554321583775,0.9007334973303328,0.002570737372349229,7.763571984588896e-05,0.003947765150840435,0.0,0.0,0.9,1.0054210716927673e-08,1.0054210716778887e-08,1.160383035915712e-08
1772531315.0768914,864,0.4782676696777344,2090.879361914257,0.9001007173786676,0.000648084594284815,7.763571984588896e-05,0.003947765150840435,0.0,0.0,0.9,1.0040142274141862e-08,1.0040142274119926e-08,1.1450635120506273e-08
1772531315.0893466,865,0.44536590576171875,2245.3447537473235,0.9001498673471454,8.120990229252669e-05,7.763571984588896e-05,0.003947765150840435,0.0,0.0,0.9,9.958428479561758e-09,9.958428479573054e-09,1.1305093680423736e-08
1772531315.1016626,866,0.3535747528076172,2828.2562373567093,0.8990722228186622,0.0011019607637757969,7.763571984588896e-05,0.003947765150840435,0.0,0.0,0.9,9.730822612699955e-09,9.730822612699955e-09,1.1148259182708244e-08
1772531315.1141737,867,0.4029273986816406,2481.8366863905326,0.8993245176952098,0.0002949405369575403,7.763571984588896e-05,0.003947765150840435,0.0,0.0,0.9,9.697735959112345e-09,9.69773595912364e-09,1.10071958761716e-08
1772531315.1267567,868,0.42724609375,2340.5714285714284,0.9002950626695087,0.0010142381156995487,7.763571984588896e-05,0.003947765150840435,0.0,0.0,0.9,9.639423780062503e-09,9.639423780062503e-09,1.087545345270172e-08
1772531315.1391866,869,0.40459632873535156,2471.59929286977,0.9000649646715441,0.00023500339637577857,7.763571984588896e-05,0.003947765150840435,0.0,0.0,0.9,9.433320377888134e-09,9.433320370289986e-09,1.073335056949579e-08
1772531315.151737,870,0.44035911560058594,2270.8738494856525,0.9004797816738133,0.00043638253970003507,7.763571984588896e-05,0.003947765150840435,0.0,0.0,0.9,9.362227023014334e-09,9.362227023014334e-09,1.0600299627684686e-08
1772531315.164202,871,0.4055500030517578,2465.7871840094062,0.9006399560056138,0.0001709578974690039,7.763571984588896e-05,0.003947765150840435,0.0,0.0,0.9,9.23009390370384e-09,9.230093903725774e-09,1.0466527276928227e-08
1772531315.1767259,872,0.4265308380126953,2344.496366685299,0.9008411311144343,0.0002100669410769254,7.763571984588896e-05,0.003947765150840435,0.0,0.0,0.9,9.119441865005816e-09,9.11944186502775e-09,1.0335280002329755e-08
1772531315.189217,873,0.4143714904785156,2413.2934407364787,0.9010053563014058,0.00016983722126398263,7.763571984588896e-05,0.003947765150840435,0.0,0.0,0.9,9.004938745104151e-09,9.004938745126088e-09,1.0205620379485564e-08
1772531315.201858,874,0.48613548278808594,2057.0397253555666,0.9017839948539416,0.0007996853851650233,7.763571984588896e-05,0.003947765150840435,0.0,0.0,0.9,8.943881799511271e-09,8.943881799533206e-09,1.0084174947790983e-08
1772531315.2143068,875,0.4634857177734375,2157.5637860082306,0.9012580033479021,0.0005480426392467424,7.763571984588896e-05,0.003947765150840435,0.0,0.0,0.9,8.743551887386859e-09,8.743551887386859e-09,9.951911550158418e-09
1772531315.2267573,876,0.4668235778808594,2142.1368743615935,0.90075345201666,0.0005210214212311243,7.763571984588896e-05,0.003947765150840435,0.0,0.0,0.9,8.625094945289785e-09,8.625094945289785e-09,9.821499927523215e-09
1772531315.2393415,877,0.48065185546875,2080.5079365079364,0.9015595613773494,0.0008294041495814918,7.763571984588896e-05,0.003947765150840435,0.0,0.0,0.9,8.607669202911918e-09,8.607669202911918e-09,9.704968091320225e-09
1772531315.2518008,878,0.4596710205078125,2175.46887966805,0.9012905775468912,0.0002827842067733966,7.763571984588896e-05,0.003947765150840435,0.0,0.0,0.9,8.432438685339008e-09,8.432438685327712e-09,9.57992269539344e-09
1772531315.2643468,879,0.4820823669433594,2074.3343224530167,0.9014310471961607,0.00014332389421141558,7.763571984588896e-05,0.003947765150840435,0.0,0.0,0.9,8.352220594022439e-09,8.352220594022439e-09,9.460556609182513e-09
1772531315.2767003,880,0.40650367736816406,2460.0023460410557,0.900615793765301,0.0008414449414132694,7.763571984588896e-05,0.003947765150840435,0.0,0.0,0.9,8.178440150128108e-09,8.178440150128108e-09,9.333648712783636e-09
1772531315.289251,881,0.4143714904785156,2413.2934407364787,0.9011214597515094,0.0005219976484327497,7.763571984588896e-05,0.003947765150840435,0.0,0.0,0.9,8.156988937137471e-09,8.156988937137471e-09,9.220097231306982e-09
1772531315.301875,882,0.46062469482421875,2170.9648033126296,0.901838097662483,0.0007352094923123036,7.763571984588896e-05,0.003947765150840435,0.0,0.0,0.9,8.078206098201083e-09,8.07820610599189e-09,9.109963962143462e-09
1772531315.314266,883,0.4000663757324219,2499.585220500596,0.9009991011276534,0.0008691476459206742,7.763571984588896e-05,0.003947765150840435,0.0,0.0,0.9,7.878026030520913e-09,7.878026030532209e-09,8.987835981210779e-09
1772531315.326781,884,0.408172607421875,2449.9439252336447,0.9011452640823505,0.0001499901278510962,7.763571984588896e-05,0.003947765150840435,0.0,0.0,0.9,7.833641318751781e-09,7.833641318751781e-09,8.87578230383167e-09
1772531315.340152,885,0.9675025939941406,1033.5889600788566,0.904461958753091,0.0034061325845087176,7.763571984588896e-05,0.003947765150840435,0.0,0.0,0.9,7.959237684086403e-09,7.959237684086403e-09,8.793108060824453e-09
1772531315.3526118,886,0.9255409240722656,1080.4492529623906,0.9035487143670009,0.0009778509415295223,7.763571984588896e-05,0.003947765150840435,0.0,0.0,0.9,7.62688590839523e-09,7.62688590839523e-09,8.676929131799697e-09
1772531315.3648818,887,0.7131099700927734,1402.3082581076562,0.9025009593121948,0.0011008331824021854,7.763571984588896e-05,0.003947765150840435,0.0,0.0,0.9,7.509416004640129e-09,7.509416004640129e-09,8.561779960706708e-09
1772531315.3773289,888,0.5636215209960938,1774.2402707275803,0.9026116807149656,0.0001261362651954569,7.763571984588896e-05,0.003947765150840435,0.0,0.0,0.9,7.477016716904773e-09,7.477016716926708e-09,8.45683431621816e-09
1772531315.389675,889,0.5354881286621094,1867.4550311665182,0.9008282097704682,0.001843679861663471,7.763571984588896e-05,0.003947765150840435,0.0,0.0,0.9,7.259693436600858e-09,7.25969344436973e-09,8.33677783692685e-09
1772531315.4024372,890,0.49614906311035156,2015.5233061028352,0.9032717874165335,0.0025131031280788926,7.763571984588896e-05,0.003947765150840435,0.0,0.0,0.9,7.416432538287813e-09,7.416432538309749e-09,8.25225716476757e-09
1772531315.41457,891,0.5097389221191406,1961.7885874649205,0.8990009904599604,0.004402879944745687,7.763571984588896e-05,0.003947765150840435,0.0,0.0,0.9,6.927641827235026e-09,6.927641827256961e-09,8.114367243682942e-09
1772531315.4272282,892,0.5388259887695312,1855.8867256637168,0.9006483907365678,0.0017128716838455717,7.763571984588896e-05,0.003947765150840435,0.0,0.0,0.9,7.149348975016244e-09,7.149348975004948e-09,8.024301041217129e-09
1772531315.4395163,893,0.4825592041015625,2072.284584980237,0.8989725439207745,0.0017180618680887477,7.763571984588896e-05,0.003947765150840435,0.0,0.0,0.9,6.872839105396255e-09,6.872839105396255e-09,7.908066302434449e-09
1772531315.4523022,894,0.6136894226074219,1629.4887334887335,0.9011068051251773,0.002212647979926675,7.763571984588896e-05,0.003947765150840435,0.0,0.0,0.9,6.995188956152915e-09,6.995188956130979e-09,7.822945082182678e-09
1772531315.4644368,895,0.48995018005371094,2041.0238442822385,0.8984574846795069,0.0027211275331690053,7.763571984588896e-05,0.003947765150840435,0.0,0.0,0.9,6.643499701537623e-09,6.643499701526327e-09,7.70223241624004e-09
1772531315.4769797,896,0.5335807800292969,1874.130473637176,0.8990389424371205,0.0006345311095435724,7.763571984588896e-05,0.003947765150840435,0.0,0.0,0.9,6.713305828446036e-09,6.713305828446036e-09,7.607025503913229e-09
1772531315.4898899,897,0.6444454193115234,1551.7217906030337,0.9023977645030022,0.003468101436674468,7.763571984588896e-05,0.003947765150840435,0.0,0.0,0.9,6.8009783226317944e-09,6.8009783226204984e-09,7.533586435064845e-09
1772531315.5021434,898,0.4925727844238281,2030.1568247821879,0.9007924382233995,0.001658496341852021,7.763571984588896e-05,0.003947765150840435,0.0,0.0,0.9,6.470639289852462e-09,6.470639289874398e-09,7.426120686353601e-09
1772531315.5149693,899,0.6351470947265625,1574.4384384384384,0.9027414833839712,0.0020050210961625363,7.763571984588896e-05,0.003947765150840435,0.0,0.0,0.9,6.573815055591425e-09,6.573815055558194e-09,7.346691605234733e-09
1772531315.5271344,900,0.5426406860351562,1842.8400702987697,0.9000143527347527,0.002814042625413907,7.763571984588896e-05,0.003947765150840435,0.0,0.0,0.9,6.249656261386397e-09,6.249656261408333e-09,7.234620656532896e-09
1772531315.5394793,901,0.5326271057128906,1877.4861235452104,0.8987173268750815,0.001326757250270025,7.763571984588896e-05,0.003947765150840435,0.0,0.0,0.9,6.213064384692314e-09,6.213064384863037e-09,7.133351777378982e-09
1772531315.5523908,902,0.640869140625,1560.3809523809523,0.9020905258009297,0.0034842423753293043,7.763571984588896e-05,0.003947765150840435,0.0,0.0,0.9,6.376979208077154e-09,6.376979208077154e-09,7.065004801315058e-09
1772531315.5646503,903,0.5526542663574219,1809.4495254529768,0.9002765308042799,0.0018714633826047288,7.763571984588896e-05,0.003947765150840435,0.0,0.0,0.9,6.054519056041344e-09,6.054519056041344e-09,6.9625067886670615e-09
1772531315.5774436,904,0.6761550903320312,1478.950634696756,0.902322920254125,0.0021080435725798347,7.763571984588896e-05,0.003947765150840435,0.0,0.0,0.9,6.164919380858658e-09,6.164919380858658e-09,6.888320359060742e-09
1772531315.5895174,905,0.5066394805908203,1973.7901176470589,0.8992636743152064,0.0031528890987752214,7.763571984588896e-05,0.003947765150840435,0.0,0.0,0.9,5.838425807338529e-09,5.838425807338529e-09,6.780544867287301e-09
1772531315.602482,906,0.6062984466552734,1649.3527329925284,0.9030660987093956,0.003919562636039649,7.763571984588896e-05,0.003947765150840435,0.0,0.0,0.9,6.0901904998633404e-09,6.0901904998414044e-09,6.719688153497639e-09
1772531315.6143475,907,0.48828125,2048.0,0.8975922729667821,0.005639622981469612,7.763571984588896e-05,0.003947765150840435,0.0,0.0,0.9,5.573791054953691e-09,5.5737910549204594e-09,6.598559099945237e-09
1772531315.6269937,908,0.5249977111816406,1904.770208900999,0.8995092299049043,0.002000476714148062,7.763571984588896e-05,0.003947765150840435,0.0,0.0,0.9,5.815755721455052e-09,5.815755721455052e-09,6.526018271467562e-09
1772531315.640046,909,0.7672309875488281,1303.38844002486,0.9032386649638154,0.003842273854829053,7.763571984588896e-05,0.003947765150840435,0.0,0.0,0.9,5.857913592817276e-09,5.8579135928392124e-09,6.4655893684377355e-09
1772531315.6522946,910,0.6222724914550781,1607.0130268199234,0.9013901907423533,0.0019182835816986404,7.763571984588896e-05,0.003947765150840435,0.0,0.0,0.9,5.548657251470607e-09,5.548657251470607e-09,6.372612864859026e-09
1772531315.6647613,911,0.7259845733642578,1377.43973727422,0.8999715398086394,0.0014610860431479935,7.763571984588896e-05,0.003947765150840435,0.0,0.0,0.9,5.477930135950578e-09,5.477930135950578e-09,6.283743179320589e-09
1772531315.6770568,912,0.5636215209960938,1774.2402707275803,0.8997525300984364,0.00022370272781489786,7.763571984588896e-05,0.003947765150840435,0.0,0.0,0.9,5.449913798040817e-09,5.449913798062753e-09,6.2022238939578105e-09
1772531315.6897168,913,0.46825408935546875,2135.5926680244397,0.9021074890640058,0.0024281562476426936,7.763571984588896e-05,0.003947765150840435,0.0,0.0,0.9,5.503091400322696e-09,5.5030914003446315e-09,6.137185265686266e-09
1772531315.7020905,914,0.4916191101074219,2034.0950533462658,0.9008419381337585,0.0013099688382223415,7.763571984588896e-05,0.003947765150840435,0.0,0.0,0.9,5.287279215988163e-09,5.287279215999459e-09,6.0519497385976245e-09
1772531315.7150702,915,0.7271766662597656,1375.1816393442623,0.9032039744358612,0.0024270358824402486,7.763571984588896e-05,0.003947765150840435,0.0,0.0,0.9,5.3788078731833535e-09,5.3788078731833535e-09,5.989845952742089e-09
1772531315.7277365,916,0.8766651153564453,1140.6864291542017,0.9028482782379289,0.0003997397790311257,7.763571984588896e-05,0.003947765150840435,0.0,0.0,0.9,5.211952284683858e-09,5.211952284705794e-09,5.913137311828425e-09
1772531315.740729,917,0.9357929229736328,1068.612484076433,0.9064203868420903,0.0036573676659391566,7.763571984588896e-05,0.003947765150840435,0.0,0.0,0.9,5.326903062735409e-09,5.326903062735409e-09,5.861212633956939e-09
1772531315.7526374,918,0.7424354553222656,1346.9184328837507,0.9009065702514313,0.005707614111615532,7.763571984588896e-05,0.003947765150840435,0.0,0.0,0.9,4.886533260986539e-09,4.886533261019771e-09,5.7585082729300745e-09
1772531315.7651963,919,0.8566379547119141,1167.3543000278319,0.9006393418328762,0.00027411006568602285,7.763571984588896e-05,0.003947765150840435,0.0,0.0,0.9,5.001603692594708e-09,5.0016036927767265e-09,5.685637250671213e-09
1772531315.7771022,920,0.5574226379394531,1793.9709153122326,0.8972892625282862,0.003439965420799089,7.763571984588896e-05,0.003947765150840435,0.0,0.0,0.9,4.796415210050465e-09,4.796415210072401e-09,5.594432159686916e-09
1772531315.7899163,921,0.6761550903320312,1478.950634696756,0.8998254713011133,0.002640085152040866,7.763571984588896e-05,0.003947765150840435,0.0,0.0,0.9,4.956284943995556e-09,4.956284943995556e-09,5.535664288318137e-09
1772531315.8024304,922,0.6213188171386719,1609.4796623177283,0.9009333856820743,0.0011494804147397098,7.763571984588896e-05,0.003947765150840435,0.0,0.0,0.9,4.856713588697064e-09,4.856713588675128e-09,5.469979674816295e-09
1772531315.8151574,923,0.8041858673095703,1243.493625852357,0.901464626139471,0.0005473293992708118,7.763571984588896e-05,0.003947765150840435,0.0,0.0,0.9,4.7818190004385336e-09,4.7818190004385336e-09,5.403162263229542e-09
1772531315.8272781,924,0.6430149078369141,1555.1738969225064,0.899051626337855,0.0024818980263014785,7.763571984588896e-05,0.003947765150840435,0.0,0.0,0.9,4.601771731909642e-09,4.601771731920938e-09,5.321824408364016e-09
1772531315.839921,925,0.6892681121826172,1450.8142511241786,0.9001933622164677,0.0011918719064865498,7.763571984588896e-05,0.003947765150840435,0.0,0.0,0.9,4.66646613953823e-09,4.666466139526935e-09,5.259505985196879e-09
1772531315.852058,926,0.5130767822265625,1949.0260223048326,0.8984688314851857,0.00176685688113823,7.763571984588896e-05,0.003947765150840435,0.0,0.0,0.9,4.499242414576677e-09,4.499242414576677e-09,5.182785287513999e-09
1772531315.8645108,927,0.5018711090087891,1992.5434679334917,0.8987411445094661,0.0003253153526011091,7.763571984588896e-05,0.003947765150840435,0.0,0.0,0.9,4.5047464849171506e-09,4.5047464849390866e-09,5.1169301444981865e-09
1772531315.876964,928,0.42939186096191406,2328.875069405886,0.8994262270596446,0.0007283938216698871,7.763571984588896e-05,0.003947765150840435,0.0,0.0,0.9,4.465226860033412e-09,4.465226860033412e-09,5.053716316419026e-09
1772531315.8893163,929,0.3788471221923828,2639.5871617369417,0.8990619393880744,0.00037199042496561006,7.763571984588896e-05,0.003947765150840435,0.0,0.0,0.9,4.3723341826381945e-09,4.3723341904290025e-09,4.986381084524336e-09
1772531315.9018312,930,0.3750324249267578,2666.4361093452003,0.8997668973943626,0.0007421955856868234,7.763571984588896e-05,0.003947765150840435,0.0,0.0,0.9,4.354252761781623e-09,4.354252761759687e-09,4.925279262264528e-09
1772531315.9142628,931,0.39076805114746094,2559.0628431970713,0.8995023848952465,0.00026953583928524205,7.763571984588896e-05,0.003947765150840435,0.0,0.0,0.9,4.267390910495372e-09,4.267390910495372e-09,4.8604217198425655e-09
1772531315.9269729,932,0.4239082336425781,2359.001124859393,0.9018247873147213,0.0023954473736005396,7.763571984588896e-05,0.003947765150840435,0.0,0.0,0.9,4.309348665822229e-09,4.309348665822229e-09,4.809079176914178e-09
1772531315.9393127,933,0.43129920959472656,2318.5760088446655,0.9002376044589921,0.0016396252631485334,7.763571984588896e-05,0.003947765150840435,0.0,0.0,0.9,4.129037544821264e-09,4.129037544821264e-09,4.740544146090633e-09
1772531315.9520087,934,0.45037269592285156,2220.3832715722606,0.9022027872471355,0.0020220321925899397,7.763571984588896e-05,0.003947765150840435,0.0,0.0,0.9,4.195057345440475e-09,4.195057345440475e-09,4.689680357799975e-09
1772531315.9643445,935,0.4513263702392578,2215.691494981511,0.9006034985380272,0.0016560406048335408,7.763571984588896e-05,0.003947765150840435,0.0,0.0,0.9,4.029132500754328e-09,4.029132500925051e-09,4.623222363337068e-09
1772531315.9767346,936,0.40078163146972656,2495.124330755503,0.9004326158168574,0.0001759234772718077,7.763571984588896e-05,0.003947765150840435,0.0,0.0,0.9,4.016049715983723e-09,4.016049716005658e-09,4.564056743558453e-09
1772531315.989229,937,0.4050731658935547,2468.689817539729,0.9005346851126114,0.00010668318430118978,7.763571984588896e-05,0.003947765150840435,0.0,0.0,0.9,3.973362728773306e-09,3.973362728773306e-09,4.506481266072671e-09
1772531316.0016909,938,0.37360191345214844,2676.64582003829,0.9008241632961574,0.00029815795280457196,7.763571984588896e-05,0.003947765150840435,0.0,0.0,0.9,3.930511900681901e-09,3.930511900852624e-09,4.45049684021383e-09
1772531316.0141933,939,0.36597251892089844,2732.4456026058633,0.901033645697438,0.00021470681338819312,7.763571984588896e-05,0.003947765150840435,0.0,0.0,0.9,3.880539833564677e-09,3.880539833564677e-09,4.395013914381074e-09
1772531316.0268285,940,0.3845691680908203,2600.3124612523247,0.9023047207321959,0.001303444763393981,7.763571984588896e-05,0.003947765150840435,0.0,0.0,0.9,3.870291239797536e-09,3.870291239797536e-09,4.345064987597989e-09
1772531316.0392208,941,0.3829002380371094,2611.6463262764632,0.9012103970046322,0.0011392495694386425,7.763571984588896e-05,0.003947765150840435,0.0,0.0,0.9,3.752043212330504e-09,3.752043212308568e-09,4.286008731224589e-09
1772531316.051851,942,0.39386749267578125,2538.9249394673125,0.902344469689027,0.0011618768323876576,7.763571984588896e-05,0.003947765150840435,0.0,0.0,0.9,3.771271348467886e-09,3.771271348467886e-09,4.237138136334315e-09
1772531316.064227,943,0.41222572326660156,2425.8554077501444,0.9007708420515848,0.0016304518762307967,7.763571984588896e-05,0.003947765150840435,0.0,0.0,0.9,3.6433978939442904e-09,3.6433978939442904e-09,4.177604443493823e-09
1772531316.076812,944,0.43702125549316406,2288.218221494817,0.9016403197102968,0.0008929721523626443,7.763571984588896e-05,0.003947765150840435,0.0,0.0,0.9,3.6651846852547183e-09,3.6651846852214867e-09,4.128708698722495e-09
1772531316.089213,945,0.3857612609863281,2592.276885043263,0.9010534091899264,0.0006109903409859625,7.763571984588896e-05,0.003947765150840435,0.0,0.0,0.9,3.578770523400458e-09,3.578770523400458e-09,4.074399659376474e-09
1772531316.1018198,946,0.3750324249267578,2666.4361093452003,0.902193521822818,0.001169636293813335,7.763571984588896e-05,0.003947765150840435,0.0,0.0,0.9,3.5845347445605956e-09,3.5845347445605956e-09,4.027784965177609e-09
1772531316.1141498,947,0.3380775451660156,2957.901269393512,0.9005755444092017,0.00167322609835922,7.763571984588896e-05,0.003947765150840435,0.0,0.0,0.9,3.4612443406352042e-09,3.46124434065714e-09,3.9709204000585014e-09
1772531316.1268153,948,0.36716461181640625,2723.574025974026,0.9021471901675955,0.0016166361359094689,7.763571984588896e-05,0.003947765150840435,0.0,0.0,0.9,3.5048611617867705e-09,3.5048611617867705e-09,3.927121791246977e-09
1772531316.139272,949,0.4329681396484375,2309.638766519824,0.9010304218507597,0.0011577763287612538,7.763571984588896e-05,0.003947765150840435,0.0,0.0,0.9,3.389871725224441e-09,3.389871725224441e-09,3.873526575528232e-09
1772531316.151738,950,0.415802001953125,2404.9908256880735,0.9009981604145121,3.480624284843483e-05,7.763571984588896e-05,0.003947765150840435,0.0,0.0,0.9,3.371843846026446e-09,3.3718438460377414e-09,3.824729501780023e-09
1772531316.1642582,951,0.4298686981201172,2326.291735995563,0.9009710024708364,2.874414698780372e-05,7.763571984588896e-05,0.003947765150840435,0.0,0.0,0.9,3.3290730488281776e-09,3.3290730410373708e-09,3.776335133496973e-09
1772531316.1768048,952,0.3769397735595703,2652.943706514864,0.901893203705742,0.0009474591711902002,7.763571984588896e-05,0.003947765150840435,0.0,0.0,0.9,3.3150144231446846e-09,3.3150144231446846e-09,3.732116281125333e-09
1772531316.1892438,953,0.4181861877441406,2391.279361459521,0.9009248842595704,0.0010020553197117607,7.763571984588896e-05,0.003947765150840435,0.0,0.0,0.9,3.2245798646926364e-09,3.224579872461508e-09,3.6816795714413717e-09
1772531316.2018313,954,0.4019737243652344,2487.7247924080666,0.901821921266956,0.0009222066454821851,7.763571984588896e-05,0.003947765150840435,0.0,0.0,0.9,3.2310690992352846e-09,3.231069099223989e-09,3.6386092481572983e-09
1772531316.2142246,955,0.40340423583984375,2478.903073286052,0.9006663047802993,0.00119338380469392,7.763571984588896e-05,0.003947765150840435,0.0,0.0,0.9,3.138018203137381e-09,3.138018203137381e-09,3.5887095199285937e-09
1772531316.2267287,956,0.37407875061035156,2673.2339069471,0.9010765022514244,0.0004245447064184856,7.763571984588896e-05,0.003947765150840435,0.0,0.0,0.9,3.1344631551804855e-09,3.1344631551804855e-09,3.5448580393430933e-09
1772531316.239203,957,0.3762245178222656,2657.9873257287704,0.9008625454557263,0.00022003933744377716,7.763571984588896e-05,0.003947765150840435,0.0,0.0,0.9,3.0801355680924235e-09,3.0801355603016167e-09,3.4992593910277754e-09
1772531316.251853,958,0.3826618194580078,2613.2735202492213,0.9022054557710507,0.0013811648361495852,7.763571984588896e-05,0.003947765150840435,0.0,0.0,0.9,3.082608640078741e-09,3.082608647643659e-09,3.459692059590824e-09
1772531316.2642076,959,0.3781318664550781,2644.580075662043,0.900635040776691,0.0016221118822686926,7.763571984588896e-05,0.003947765150840435,0.0,0.0,0.9,2.9737361685184043e-09,2.9737361685297e-09,3.4109018680908094e-09
1772531316.276664,960,0.3571510314941406,2799.935914552737,0.900327573671915,0.00031399166483342416,7.763571984588896e-05,0.003947765150840435,0.0,0.0,0.9,2.959576027115225e-09,2.959576027115225e-09,3.366799533615737e-09
1772531316.2894566,961,0.4668235778808594,2142.1368743615935,0.9024839986422097,0.002221105426808903,7.763571984588896e-05,0.003947765150840435,0.0,0.0,0.9,2.9852063881335093e-09,2.985206380364638e-09,3.3312097751614765e-09
1772531316.302027,962,0.4544258117675781,2200.579223504722,0.9028454843366617,0.0003687698019449759,7.763571984588896e-05,0.003947765150840435,0.0,0.0,0.9,2.914904652216457e-09,2.9149046599966243e-09,3.2906615793913244e-09
1772531316.3145666,963,0.5233287811279297,1910.8446469248292,0.9022933532848579,0.0005856123989998194,7.763571984588896e-05,0.003947765150840435,0.0,0.0,0.9,2.8575967858813545e-09,2.8575967858813545e-09,3.248070966105297e-09
1772531316.3273783,964,0.7174015045166016,1393.9195746095047,0.9032385026577664,0.0009648324544865791,7.763571984588896e-05,0.003947765150840435,0.0,0.0,0.9,2.8569611034676184e-09,2.8569611034676184e-09,3.2107910432673972e-09
1772531316.3397882,965,0.6761550903320312,1478.950634696756,0.9018220858543581,0.0014728897278515809,7.763571984588896e-05,0.003947765150840435,0.0,0.0,0.9,2.7679934069669295e-09,2.767993414735801e-09,3.1665656055784436e-09
1772531316.352184,966,0.5369186401367188,1862.4795737122558,0.9018973899016471,7.900373654906898e-05,7.763571984588896e-05,0.003947765150840435,0.0,0.0,0.9,2.7618685529640657e-09,2.7618685529640657e-09,3.1273744874656105e-09
1772531316.3658576,967,0.9722709655761719,1028.5198626777833,0.908406122498913,0.0066804242027081115,7.763571984588896e-05,0.003947765150840435,0.0,0.0,0.9,2.8864727052425577e-09,2.8864727052644933e-09,3.108675294183201e-09
1772531316.3771253,968,0.5462169647216797,1830.7743343518114,0.8984939782463095,0.010236651522242774,7.763571984588896e-05,0.003947765150840435,0.0,0.0,0.9,2.4921601840713075e-09,2.4921601840600115e-09,3.041079772195766e-09
1772531316.390247,969,0.5886554718017578,1698.7865532604294,0.9044372985820177,0.006127537861941429,7.763571984588896e-05,0.003947765150840435,0.0,0.0,0.9,2.782313170995208e-09,2.782313170995208e-09,3.021141852150968e-09
1772531316.4041324,970,1.1208057403564453,892.2152733460965,0.9121059471584881,0.007854892277167192,7.763571984588896e-05,0.003947765150840435,0.0,0.0,0.9,2.824366796928191e-09,2.8243667967461726e-09,3.006872305302268e-09
1772531316.415214,971,0.9124279022216797,1095.9770054873268,0.8972977276152964,0.01529120421611124,7.763571984588896e-05,0.003947765150840435,0.0,0.0,0.9,2.309884725760696e-09,2.3098847259314196e-09,2.9283773967869792e-09
1772531316.4279084,972,1.1091232299804688,901.6130696474635,0.8972951280567902,0.00023625406444470506,7.763571984588896e-05,0.003947765150840435,0.0,0.0,0.9,2.5378796274122777e-09,2.5378796274122777e-09,2.8918538542355437e-09
1772531316.4408567,973,0.9737014770507812,1027.0088148873654,0.9029273788981087,0.005822299744726582,7.763571984588896e-05,0.003947765150840435,0.0,0.0,0.9,2.6321824095033224e-09,2.6321824094813864e-09,2.8699799354536038e-09
1772531316.453377,974,1.216888427734375,821.7680250783699,0.9003258944638478,0.002681504620214167,7.763571984588896e-05,0.003947765150840435,0.0,0.0,0.9,2.444446142904157e-09,2.4444461430748805e-09,2.826103762669443e-09
1772531316.4651377,975,0.9465217590332031,1056.4997481108312,0.8955940340873686,0.004854677605067423,7.763571984588896e-05,0.003947765150840435,0.0,0.0,0.9,2.3513459078106547e-09,2.351345907788719e-09,2.776893031412874e-09
1772531316.4776623,976,0.9698867797851562,1031.0481809242872,0.8968134438135533,0.0013355667061760114,7.763571984588896e-05,0.003947765150840435,0.0,0.0,0.9,2.4242984604237197e-09,2.4242984604237197e-09,2.743386066623163e-09
1772531316.4901,977,0.9274482727050781,1078.2272493573264,0.8972605357195639,0.0005563742456295543,7.763571984588896e-05,0.003947765150840435,0.0,0.0,0.9,2.3811013968894886e-09,2.3811014046802963e-09,2.707796254236267e-09
1772531316.5027735,978,0.9629726409912109,1038.451101757861,0.8994343463603113,0.002274946169150301,7.763571984588896e-05,0.003947765150840435,0.0,0.0,0.9,2.388399933312309e-09,2.388399933312309e-09,2.6775987326498423e-09
1772531316.515337,979,0.9911060333251953,1008.973779167669,0.9001425491696033,0.0007494925264476879,7.763571984588896e-05,0.003947765150840435,0.0,0.0,0.9,2.337641853682918e-09,2.337641853682918e-09,2.644429926699047e-09
1772531316.5283723,980,1.0640621185302734,939.7947568899843,0.9052598923308613,0.005265623327929462,7.763571984588896e-05,0.003947765150840435,0.0,0.0,0.9,2.403331674361042e-09,2.403331674361042e-09,2.6238498491150583e-09
1772531316.540698,981,1.0666847229003906,937.4841305319625,0.9027124718059316,0.002651827442094037,7.763571984588896e-05,0.003947765150840435,0.0,0.0,0.9,2.242609777510152e-09,2.242609769751921e-09,2.5847566715148617e-09
1772531316.5527701,982,0.9136199951171875,1094.5469728601252,0.8984545298133283,0.0043862449914516535,7.763571984588896e-05,0.003947765150840435,0.0,0.0,0.9,2.1675458351692207e-09,2.1675458349984984e-09,2.5418585305351362e-09
1772531316.5653346,983,0.9639263153076172,1037.4236952757853,0.8993198902452333,0.0009179647513508531,7.763571984588896e-05,0.003947765150840435,0.0,0.0,0.9,2.221049198360357e-09,2.221049198360357e-09,2.511323538053794e-09
1772531316.578632,984,1.3580322265625,736.3595505617977,0.9040532231727239,0.004875981398263859,7.763571984588896e-05,0.003947765150840435,0.0,0.0,0.9,2.2730335614148524e-09,2.2730335614367884e-09,2.490585025243793e-09
1772531316.5914853,985,1.2054443359375,829.5696202531645,0.9079957084589901,0.004031896557647058,7.763571984588896e-05,0.003947765150840435,0.0,0.0,0.9,2.252780684700878e-09,2.252780684700878e-09,2.4693304539513412e-09
1772531316.6040285,986,1.3270378112792969,753.5580309019044,0.9046499007127634,0.0035012602167887132,7.763571984588896e-05,0.003947765150840435,0.0,0.0,0.9,2.104686904400718e-09,2.1046869044120134e-09,2.4318342164751514e-09
1772531316.6158838,987,1.1754035949707031,850.7716024340771,0.8984118122792887,0.006435807969806249,7.763571984588896e-05,0.003947765150840435,0.0,0.0,0.9,2.008461172752718e-09,2.0084611727307825e-09,2.3875662205091706e-09
1772531316.628794,988,1.3186931610107422,758.3265232326885,0.9013629271054111,0.0030545565192833333,7.763571984588896e-05,0.003947765150840435,0.0,0.0,0.9,2.126450884448361e-09,2.1264508844596566e-09,2.364184770618134e-09
1772531316.6405516,989,1.1529922485351562,867.3085194375517,0.8955283895521431,0.005997456379567316,7.763571984588896e-05,0.003947765150840435,0.0,0.0,0.9,1.9492596767563417e-09,1.9492596767782773e-09,2.3201910095923197e-09
1772531316.6528652,990,0.8921623229980469,1120.8722608230892,0.8970705218439331,0.0016507052192288848,7.763571984588896e-05,0.003947765150840435,0.0,0.0,0.9,2.0317506463815736e-09,2.0317506463815736e-09,2.2930927978018515e-09
1772531316.6654897,991,0.8130073547363281,1230.0011730205279,0.8997575447873337,0.0027979543832079303,7.763571984588896e-05,0.003947765150840435,0.0,0.0,0.9,2.03188375646218e-09,2.03188375646218e-09,2.2685918223963374e-09
1772531316.677971,992,0.7112026214599609,1406.0690579953068,0.9011427600528908,0.0014347840270867505,7.763571984588896e-05,0.003947765150840435,0.0,0.0,0.9,1.9940408803485152e-09,1.9940408803372197e-09,2.242143553655506e-09
1772531316.6902049,993,0.7045269012451172,1419.3922165820643,0.8981156611577468,0.0031110059331718558,7.763571984588896e-05,0.003947765150840435,0.0,0.0,0.9,1.896887659428172e-09,1.8968876516593005e-09,2.206717899602781e-09
1772531316.70271,994,0.6916522979736328,1445.8131678731472,0.8989014731649319,0.000840570409141275,7.763571984588896e-05,0.003947765150840435,0.0,0.0,0.9,1.925493610686034e-09,1.925493610686034e-09,2.17976390416711e-09
1772531316.7157996,995,1.058816909790039,944.4503490204909,0.9020808274085345,0.003282497697450671,7.763571984588896e-05,0.003947765150840435,0.0,0.0,0.9,1.9448720689270823e-09,1.9448720689270823e-09,2.15821615071188e-09
1772531316.7279682,996,0.7529258728027344,1328.1519949335022,0.9009015959902018,0.0012212246282768578,7.763571984588896e-05,0.003947765150840435,0.0,0.0,0.9,1.8597930938039832e-09,1.8597930937820474e-09,2.1282374044560696e-09
1772531316.7421064,997,1.8322467803955078,545.7780091086532,0.9073444729343392,0.0066175134205023085,7.763571984588896e-05,0.003947765150840435,0.0,0.0,0.9,1.9595203780141055e-09,1.9595203780141055e-09,2.115049986824634e-09
1772531316.753628,998,1.2595653533935547,793.9246640166572,0.9014496368003878,0.006108101302597839,7.763571984588896e-05,0.003947765150840435,0.0,0.0,0.9,1.758424449679679e-09,1.758424449701615e-09,2.0771034650027233e-09
1772531316.7662578,999,1.173257827758789,852.3275756959968,0.9028149532153222,0.001398971365744537,7.763571984588896e-05,0.003947765150840435,0.0,0.0,0.9,1.8316869545784595e-09,1.8316869545897551e-09,2.0543600854345256e-09
1772531316.7780457,1000,0.9617805480957031,1039.7382250867624,0.8973522270917293,0.00562736470129809,7.763571984588896e-05,0.003947765150840435,0.0,0.0,0.9,1.7040270803525255e-09,1.7040270881213972e-09,2.0175402235748167e-09
1772531316.7905552,1001,0.7755756378173828,1289.3648939440516,0.8997436956635328,0.002488462560232194,7.763571984588896e-05,0.003947765150840435,0.0,0.0,0.9,1.7852722176296525e-09,1.7852722176296525e-09,1.9962626378832742e-09
1772531316.8042357,1002,1.589059829711914,629.3029257314329,0.9042398926272541,0.004627682925422264,7.763571984588896e-05,0.003947765150840435,0.0,0.0,0.9,1.804519424466591e-09,1.8045194244446552e-09,1.9793420716005546e-09
1772531316.815811,1003,1.295328140258789,772.0051536904105,0.8968274383876734,0.007640703967521281,7.763571984588896e-05,0.003947765150840435,0.0,0.0,0.9,1.61449534991063e-09,1.6144953498993345e-09,1.940114253716987e-09
1772531316.8284621,1004,1.1224746704101562,890.8887000849618,0.9011495646851803,0.0044744569847282555,7.763571984588896e-05,0.003947765150840435,0.0,0.0,0.9,1.7451643520075592e-09,1.7451643520075592e-09,1.923431172090757e-09
1772531316.8405726,1005,0.7901191711425781,1265.6318648159324,0.8996202581829621,0.0015728644868993982,7.763571984588896e-05,0.003947765150840435,0.0,0.0,0.9,1.6503143008610479e-09,1.6503143008391123e-09,1.8957220430855104e-09
1772531316.8529115,1006,0.6325244903564453,1580.966453071994,0.8997579022112625,0.00016390177893634169,7.763571984588896e-05,0.003947765150840435,0.0,0.0,0.9,1.6483713011067544e-09,1.6483713012774776e-09,1.871682814463346e-09
1772531316.865609,1007,1.0356903076171875,965.5395948434623,0.8987593651013438,0.001020024166010832,7.763571984588896e-05,0.003947765150840435,0.0,0.0,0.9,1.6108439994238718e-09,1.6108439994238718e-09,1.8457053071147287e-09
1772531316.879725,1008,1.7933845520019531,557.6048923158735,0.9077886688785526,0.009290066265242392,7.763571984588896e-05,0.003947765150840435,0.0,0.0,0.9,1.7325883892017852e-09,1.7325883890310634e-09,1.8385035409621385e-09
1772531316.8898544,1009,0.6759166717529297,1479.4723104056438,0.8931942338982238,0.015047446309056755,7.763571984588896e-05,0.003947765150840435,0.0,0.0,0.9,1.4041900119118703e-09,1.4041900119338061e-09,1.7895487393462217e-09
1772531316.9030485,1010,0.8029937744140625,1245.3396674584324,0.9007630637066113,0.007841108992285881,7.763571984588896e-05,0.003947765150840435,0.0,0.0,0.9,1.6486886952374038e-09,1.648688695215468e-09,1.7797041437893475e-09
1772531316.9156678,1011,0.8327960968017578,1200.7741196679071,0.9016488261493422,0.0009106063491886522,7.763571984588896e-05,0.003947765150840435,0.0,0.0,0.9,1.5597731525036086e-09,1.5597731525036086e-09,1.7579894002121692e-09
1772531316.9278378,1012,0.7731914520263672,1293.3407338883749,0.8991519773055239,0.0025718099991247326,7.763571984588896e-05,0.003947765150840435,0.0,0.0,0.9,1.4964176717867584e-09,1.4964176717867584e-09,1.7313992772903053e-09
1772531316.941355,1013,1.313924789428711,761.0785701324623,0.9045716770499919,0.005579514688583381,7.763571984588896e-05,0.003947765150840435,0.0,0.0,0.9,1.5770145953873133e-09,1.577014595354082e-09,1.7186044224069869e-09
1772531316.953577,1014,1.2176036834716797,821.2852946935578,0.9016396097782954,0.0030443142814711795,7.763571984588896e-05,0.003947765150840435,0.0,0.0,0.9,1.463123892105093e-09,1.463123892105093e-09,1.6922542724972544e-09
1772531316.9661021,1015,1.3415813446044922,745.3890172383153,0.9008551590142989,0.0008134989620863156,7.763571984588896e-05,0.003947765150840435,0.0,0.0,0.9,1.4639564829074722e-09,1.4639564829074722e-09,1.669907844765119e-09
1772531316.979018,1016,1.5251636505126953,655.6673440675316,0.9032865842355287,0.00249741378707239,7.763571984588896e-05,0.003947765150840435,0.0,0.0,0.9,1.485256494852264e-09,1.485256494852264e-09,1.6528755897460307e-09
1772531316.990586,1017,1.0461807250976562,955.8577939835916,0.8976798092070158,0.005779382565390848,7.763571984588896e-05,0.003947765150840435,0.0,0.0,0.9,1.3702237730356543e-09,1.3702237730356543e-09,1.6230725920178672e-09
1772531317.003577,1018,1.3279914855957031,753.0168761220826,0.9008458614889697,0.0032786400931959893,7.763571984588896e-05,0.003947765150840435,0.0,0.0,0.9,1.4471032116875129e-09,1.4471032116875129e-09,1.6073394467613143e-09
1772531317.0164824,1019,1.392364501953125,718.2027397260274,0.9041031444654943,0.003346269073700452,7.763571984588896e-05,0.003947765150840435,0.0,0.0,0.9,1.4396743644475413e-09,1.4396743644475413e-09,1.5919556403620592e-09
1772531317.0283387,1020,1.138448715209961,878.3882722513089,0.8991393045827515,0.005124606659522622,7.763571984588896e-05,0.003947765150840435,0.0,0.0,0.9,1.3292786898537207e-09,1.3292786898537207e-09,1.5643932573848191e-09
1772531317.040775,1021,1.1456012725830078,872.9040582726327,0.8990822843156921,9.955996760672032e-05,7.763571984588896e-05,0.003947765150840435,0.0,0.0,0.9,1.3576952674430036e-09,1.3576952674430036e-09,1.5444584879020664e-09
1772531317.0529668,1022,0.9667873382568359,1034.353637484587,0.8981775500235661,0.0009222293782098998,7.763571984588896e-05,0.003947765150840435,0.0,0.0,0.9,1.3294955398481346e-09,1.3294955398700704e-09,1.5230757654658782e-09
1772531317.0656648,1023,1.1157989501953125,896.2188034188034,0.8997466461602894,0.0016364373541389494,7.763571984588896e-05,0.003947765150840435,0.0,0.0,0.9,1.3390954187467698e-09,1.3390954187467698e-09,1.5056104045717702e-09
1772531317.0783548,1024,1.12152099609375,891.6462585034013,0.9015284562103177,0.0018390830737700702,7.763571984588896e-05,0.003947765150840435,0.0,0.0,0.9,1.3289319995193254e-09,1.3289320073101335e-09,1.488825585899295e-09
1772531317.0900967,1025,0.7374286651611328,1356.0633688975106,0.8977294973573039,0.003908866918561402,7.763571984588896e-05,0.003947765150840435,0.0,0.0,0.9,1.2519077986336064e-09,1.251907798655542e-09,1.4642992607694401e-09
1772531317.102806,1026,0.8099079132080078,1234.7082720047101,0.8999768541337616,0.002335193735655941,7.763571984588896e-05,0.003947765150840435,0.0,0.0,0.9,1.2946744162635829e-09,1.2946744084947116e-09,1.4486153213012314e-09
1772531317.115616,1027,0.8852481842041016,1129.6267169404794,0.9026801410018553,0.002782919404867179,7.763571984588896e-05,0.003947765150840435,0.0,0.0,0.9,1.2895789684497675e-09,1.2895789684497675e-09,1.433811712843126e-09
1772531317.1276,1028,0.5788803100585938,1727.4728171334432,0.9001284763945308,0.002636995708881369,7.763571984588896e-05,0.003947765150840435,0.0,0.0,0.9,1.2218303044522339e-09,1.2218303044190025e-09,1.4121702156562637e-09
1772531317.1406198,1029,1.1093616485595703,901.4192993767462,0.9010191646116505,0.0009193044670057736,7.763571984588896e-05,0.003947765150840435,0.0,0.0,0.9,1.2377146284216623e-09,1.2377146283997265e-09,1.3955584265523655e-09
1772531317.153554,1030,1.2979507446289062,770.4452608376193,0.9036512957798516,0.0027019161318647122,7.763571984588896e-05,0.003947765150840435,0.0,0.0,0.9,1.24370132952273e-09,1.24370132952273e-09,1.3815342472243737e-09
1772531317.1657922,1031,1.1012554168701172,908.0545572634769,0.9018557041150201,0.0018712509053601747,7.763571984588896e-05,0.003947765150840435,0.0,0.0,0.9,1.18745357685648e-09,1.187453584625352e-09,1.3619588753451043e-09
1772531317.178139,1032,1.0998249053955078,909.2356384131801,0.9004263197541957,0.0014778554152524432,7.763571984588896e-05,0.003947765150840435,0.0,0.0,0.9,1.1719056787625659e-09,1.1719056787625659e-09,1.343101183437903e-09
1772531317.1908581,1033,1.2717247009277344,786.3337082864642,0.9012567894371155,0.0008553739035159748,7.763571984588896e-05,0.003947765150840435,0.0,0.0,0.9,1.1772449983724461e-09,1.177244998394382e-09,1.327238003538946e-09
1772531317.2028472,1034,0.8823871612548828,1133.2893812483112,0.899718778677788,0.001584034239322088,7.763571984588896e-05,0.003947765150840435,0.0,0.0,0.9,1.1397395280692434e-09,1.1397395280911792e-09,1.308429911664174e-09
1772531317.21549,1035,0.9675025939941406,1033.5889600788566,0.9006567406137306,0.000972271614964535,7.763571984588896e-05,0.003947765150840435,0.0,0.0,0.9,1.146781692585757e-09,1.1467816925744614e-09,1.292981721733912e-09
1772531317.227888,1036,0.8535385131835938,1171.5932960893854,0.901113145971067,0.00046986525972685203,7.763571984588896e-05,0.003947765150840435,0.0,0.0,0.9,1.129631940729247e-09,1.1296319407398871e-09,1.2771109068403627e-09
1772531317.2408502,1037,1.1684894561767578,855.8057539277698,0.9030225750348124,0.001959656988813828,7.763571984588896e-05,0.003947765150840435,0.0,0.0,0.9,1.1311621384843126e-09,1.1311621385062484e-09,1.2634101549616642e-09
1772531317.252992,1038,0.8206367492675781,1218.5659500290528,0.9019002602615492,0.0011735917380416264,7.763571984588896e-05,0.003947765150840435,0.0,0.0,0.9,1.0917592823749936e-09,1.091759290143864e-09,1.2462928710242159e-09
1772531317.265283,1039,0.7936954498291016,1259.9291078401923,0.900141097809741,0.001815558497740907,7.763571984588896e-05,0.003947765150840435,0.0,0.0,0.9,1.0692041768455083e-09,1.0692041846143793e-09,1.2285952107483584e-09
1772531317.2773635,1040,0.6668567657470703,1499.5723989989274,0.8973910829525589,0.002821633081593447,7.763571984588896e-05,0.003947765150840435,0.0,0.0,0.9,1.0417513872486815e-09,1.0417513872819129e-09,1.2096490969934222e-09
1772531317.2904847,1041,0.7352828979492188,1360.0207522697795,0.9037059368259891,0.006514523729172691,7.763571984588896e-05,0.003947765150840435,0.0,0.0,0.9,1.1082402766900214e-09,1.1082402766900214e-09,1.2015506403440643e-09
1772531317.3022392,1042,0.57220458984375,1747.6266666666668,0.8973178409003298,0.00658458112567805,7.763571984588896e-05,0.003947765150840435,0.0,0.0,0.9,9.891964737621531e-10,9.891964737508576e-10,1.178811271115924e-09
1772531317.3164039,1043,1.6400814056396484,609.7258322430586,0.9053884653166641,0.008317918397255241,7.763571984588896e-05,0.003947765150840435,0.0,0.0,0.9,1.0964694202425003e-09,1.096469420253796e-09,1.1731972942494451e-09
1772531317.328434,1044,1.3430118560791016,744.5950647967335,0.9021830943822876,0.003331023992316306,7.763571984588896e-05,0.003947765150840435,0.0,0.0,0.9,9.976254539559108e-10,9.976254539452706e-10,1.1549145851013407e-09
1772531317.340761,1045,1.0364055633544922,964.8732459167242,0.9031606608822375,0.000997846922035644,7.763571984588896e-05,0.003947765150840435,0.0,0.0,0.9,1.0162434405003794e-09,1.0162434327428029e-09,1.14184181379783e-09
1772531317.3522983,1046,0.6394386291503906,1563.8717375093213,0.8967133576261883,0.006641320412940942,7.763571984588896e-05,0.003947765150840435,0.0,0.0,0.9,9.39175098791285e-10,9.39175098791285e-10,1.1203828947661244e-09
1772531317.3654943,1047,0.8816719055175781,1134.2087614926988,0.9025527383043807,0.0060331067609265985,7.763571984588896e-05,0.003947765150840435,0.0,0.0,0.9,1.021599501667446e-09,1.0215995016561505e-09,1.1124464909433359e-09
1772531317.3773243,1048,0.5519390106201172,1811.794384449244,0.8980932227166156,0.004593732242304958,7.763571984588896e-05,0.003947765150840435,0.0,0.0,0.9,9.311472682867351e-10,9.311472684574593e-10,1.0933675295964966e-09
1772531317.3902044,1049,0.5159378051757812,1938.2181146025878,0.9031325651345736,0.005199477119167888,7.763571984588896e-05,0.003947765150840435,0.0,0.0,0.9,9.916317972360862e-10,9.916317972360862e-10,1.0848418571604717e-09
1772531317.402422,1050,0.5545616149902344,1803.226139294927,0.8993773439824555,0.0038744426519507114,7.763571984588896e-05,0.003947765150840435,0.0,0.0,0.9,9.148277707479073e-10,9.148277707479073e-10,1.0671278055954686e-09
1772531317.4156103,1051,0.8871555328369141,1127.1980650362805,0.9037637461805321,0.004518063924076136,7.763571984588896e-05,0.003947765150840435,0.0,0.0,0.9,9.639481839646574e-10,9.63948183760706e-10,1.0582704206944259e-09
1772531317.4274235,1052,0.6375312805175781,1568.5504861630516,0.898506512217217,0.005422372213620497,7.763571984588896e-05,0.003947765150840435,0.0,0.0,0.9,8.808215009438274e-10,8.808215009657632e-10,1.03954053057127e-09
1772531317.4399493,1053,0.6122589111328125,1633.2959501557632,0.8997798835418531,0.0013312195372769883,7.763571984588896e-05,0.003947765150840435,0.0,0.0,0.9,9.124315296094751e-10,9.12431529780199e-10,1.0276096267560097e-09
1772531317.4531813,1054,0.9586811065673828,1043.09972643621,0.9043515683866553,0.004705184213404596,7.763571984588896e-05,0.003947765150840435,0.0,0.0,0.9,9.299740175042409e-10,9.29974017674965e-10,1.0190762727444038e-09
1772531317.4653108,1055,0.9396076202392578,1064.274042121289,0.9005459406207458,0.003936305289139563,7.763571984588896e-05,0.003947765150840435,0.0,0.0,0.9,8.605551443959241e-10,8.605551521647968e-10,1.0025930831003559e-09
1772531317.47774,1056,0.6930828094482422,1442.829033367733,0.901372341216808,0.0008521887777117021,7.763571984588896e-05,0.003947765150840435,0.0,0.0,0.9,8.789348656108472e-10,8.789348655995515e-10,9.908693957969296e-10
1772531317.4907224,1057,1.0476112365722656,954.5525716886664,0.9031549316944848,0.0018288063635144,7.763571984588896e-05,0.003947765150840435,0.0,0.0,0.9,8.769216210619269e-10,8.769216210838627e-10,9.801297993150987e-10
1772531317.5031428,1058,1.085519790649414,921.2176586865803,0.901530646681382,0.0016868694354429997,7.763571984588896e-05,0.003947765150840435,0.0,0.0,0.9,8.432248410611619e-10,8.432248488300352e-10,9.66377336477461e-10
1772531317.5154963,1059,0.9329319000244141,1071.8895987733197,0.9010057992826475,0.0005433301668208268,7.763571984588896e-05,0.003947765150840435,0.0,0.0,0.9,8.37992581662457e-10,8.37992581662457e-10,9.538102150979114e-10
1772531317.5275955,1060,0.5085468292236328,1966.3872480075013,0.9007833780907101,0.0002283830503486081,7.763571984588896e-05,0.003947765150840435,0.0,0.0,0.9,8.28679844403268e-10,8.28679844403268e-10,9.415680309782352e-10
1772531317.5400434,1061,0.5056858062744141,1977.5124941065535,0.9001890053632828,0.000609082602415881,7.763571984588896e-05,0.003947765150840435,0.0,0.0,0.9,8.149701758581274e-10,8.149701758361916e-10,9.290831837840734e-10
1772531317.5525694,1062,0.7009506225585938,1426.634013605442,0.8993622559106774,0.0008449517809043907,7.763571984588896e-05,0.003947765150840435,0.0,0.0,0.9,8.017478112954758e-10,8.017478112954758e-10,9.164780434963204e-10
1772531317.565207,1063,0.7603168487548828,1315.2411414236437,0.9007006270753591,0.0013898426419488373,7.763571984588896e-05,0.003947765150840435,0.0,0.0,0.9,8.055551058821865e-10,8.055551058602507e-10,9.059242712391234e-10
1772531317.5773022,1064,0.4825592041015625,2072.284584980237,0.8990956171642444,0.0016469136667391976,7.763571984588896e-05,0.003947765150840435,0.0,0.0,0.9,7.766023634532673e-10,7.766023634532673e-10,8.929014357546598e-10
1772531317.590029,1065,0.6120204925537109,1633.9322165952474,0.9012753167650301,0.002255258083772485,7.763571984588896e-05,0.003947765150840435,0.0,0.0,0.9,7.904460285149942e-10,7.904460285149942e-10,8.833644228311152e-10
1772531317.602471,1066,0.6792545318603516,1472.2021762021761,0.8998745961943434,0.001440978949779312,7.763571984588896e-05,0.003947765150840435,0.0,0.0,0.9,7.592464961450953e-10,7.592465038920307e-10,8.708818676461089e-10
1772531317.6149693,1067,0.6656646728515625,1502.2578796561604,0.9004500956370343,0.0006017089016646058,7.763571984588896e-05,0.003947765150840435,0.0,0.0,0.9,7.607431636768889e-10,7.607431636768889e-10,8.602710186610225e-10
1772531317.627756,1068,0.8311271667480469,1203.1853126792885,0.9018192589525842,0.0014105360382379636,7.763571984588896e-05,0.003947765150840435,0.0,0.0,0.9,7.573975164719649e-10,7.573975164939008e-10,8.504644121263096e-10
1772531317.640155,1069,0.7054805755615234,1417.473470767151,0.901603734894719,0.00023193617325533735,7.763571984588896e-05,0.003947765150840435,0.0,0.0,0.9,7.395627587990257e-10,7.395627586395997e-10,8.395620108270789e-10
1772531317.652407,1070,0.7069110870361328,1414.6050590219224,0.8992445815311778,0.002428929611115799,7.763571984588896e-05,0.003947765150840435,0.0,0.0,0.9,7.15772994955509e-10,7.15772994955509e-10,8.270417138129658e-10
1772531317.6652007,1071,0.7154941558837891,1397.635454848384,0.9029155632161012,0.0037840150255011255,7.763571984588896e-05,0.003947765150840435,0.0,0.0,0.9,7.421544579472212e-10,7.421544579472212e-10,8.195041443874687e-10
1772531317.677749,1072,0.7586479187011719,1318.134506599623,0.90231335014728,0.0006407595682762476,7.763571984588896e-05,0.003947765150840435,0.0,0.0,0.9,7.112266823980189e-10,7.112266746404451e-10,8.087299395760847e-10
1772531317.689873,1073,0.7853507995605469,1273.3163327261689,0.8984268765972498,0.004003655250823418,7.763571984588896e-05,0.003947765150840435,0.0,0.0,0.9,6.80554407626344e-10,6.80554407626344e-10,7.955428624750813e-10
1772531317.7025745,1074,0.5724430084228516,1746.8987921699293,0.9023623188721889,0.00406254443293016,7.763571984588896e-05,0.003947765150840435,0.0,0.0,0.9,7.148729742148801e-10,7.148729740554546e-10,7.884737857744796e-10
1772531317.7158935,1075,1.2407302856445312,805.9769408147579,0.9045479127633712,0.0022367555493637012,7.763571984588896e-05,0.003947765150840435,0.0,0.0,0.9,7.011028237926518e-10,7.011028237926518e-10,7.802374028325516e-10
1772531317.7280152,1076,0.9853839874267578,1014.8328090975078,0.902072224656198,0.0025742516616474344,7.763571984588896e-05,0.003947765150840435,0.0,0.0,0.9,6.673576457692249e-10,6.673576457805205e-10,7.687710284759117e-10
1772531317.7407773,1077,1.1510848999023438,868.7456503728251,0.9030921555783958,0.0010418841925786285,7.763571984588896e-05,0.003947765150840435,0.0,0.0,0.9,6.765809897950154e-10,6.76580989761784e-10,7.600600487514797e-10
1772531317.7528057,1078,1.0576248168945312,945.5148782687105,0.898659719093295,0.004569621020951344,7.763571984588896e-05,0.003947765150840435,0.0,0.0,0.9,6.371121153642957e-10,6.371121231331692e-10,7.472890009583495e-10
1772531317.765842,1079,1.1417865753173828,875.8204217999582,0.9035867396246801,0.005079938475185925,7.763571984588896e-05,0.003947765150840435,0.0,0.0,0.9,6.776634905531696e-10,6.776634905531696e-10,7.414455112526345e-10
1772531317.7780545,1080,1.163482666015625,859.4885245901639,0.8999693533338994,0.0037354992621974293,7.763571984588896e-05,0.003947765150840435,0.0,0.0,0.9,6.265172705946486e-10,6.265172705946486e-10,7.29496386605811e-10
1772531317.790682,1081,1.1091232299804688,901.6130696474635,0.901892465786217,0.0019846360988277916,7.763571984588896e-05,0.003947765150840435,0.0,0.0,0.9,6.452864968725564e-10,6.452864968506206e-10,7.216954621771129e-10
1772531317.8029814,1082,1.0509490966796875,951.5208711433756,0.9001707202773913,0.0017745010011322058,7.763571984588896e-05,0.003947765150840435,0.0,0.0,0.9,6.191279528348154e-10,6.191279528348154e-10,7.113498318434252e-10
1772531317.8160489,1083,1.16729736328125,856.6797385620915,0.9047810731223507,0.004743288804377578,7.763571984588896e-05,0.003947765150840435,0.0,0.0,0.9,6.443901696002315e-10,6.443901696002315e-10,7.056114192703262e-10
1772531317.8277242,1084,0.8187294006347656,1221.4047757716949,0.898964783320214,0.006002717296875761,7.763571984588896e-05,0.003947765150840435,0.0,0.0,0.9,5.850467648840534e-10,5.850467648621176e-10,6.928195805630719e-10
1772531317.8402205,1085,0.7796287536621094,1282.6617737003057,0.8996060101678578,0.0006844108422946269,7.763571984588896e-05,0.003947765150840435,0.0,0.0,0.9,6.049873990947423e-10,6.049873913478045e-10,6.844849748231455e-10
1772531317.852926,1086,0.8184909820556641,1221.7605592775997,0.901207542682985,0.0016587253882887113,7.763571984588896e-05,0.003947765150840435,0.0,0.0,0.9,6.031672916305604e-10,6.031672916418559e-10,6.767521934025037e-10
1772531317.8650556,1087,0.7348060607910156,1360.9033095392601,0.8987073857426332,0.0025691557319420686,7.763571984588896e-05,0.003947765150840435,0.0,0.0,0.9,5.757317143012929e-10,5.757317143012929e-10,6.664520188483061e-10
1772531317.8775856,1088,0.8008480072021484,1248.6763917832689,0.8987949286802133,0.00016868241653507932,7.763571984588896e-05,0.003947765150840435,0.0,0.0,0.9,5.786049718021859e-10,5.786049795823544e-10,6.579181994372086e-10
1772531317.8901045,1089,0.6766319274902344,1477.908386187456,0.9006130839399582,0.0018884002893136346,7.763571984588896e-05,0.003947765150840435,0.0,0.0,0.9,5.801346681646857e-10,5.801346681866215e-10,6.505555378913883e-10
1772531317.9023445,1090,0.6022453308105469,1660.4528899445763,0.8987607421415114,0.001900274036161254,7.763571984588896e-05,0.003947765150840435,0.0,0.0,0.9,5.561899086102862e-10,5.561899085883506e-10,6.410026050536075e-10
1772531317.9154227,1091,0.7252693176269531,1378.7981591058515,0.9037844695427585,0.005178547267067847,7.763571984588896e-05,0.003947765150840435,0.0,0.0,0.9,5.814810133589423e-10,5.814810133476468e-10,6.35947966212412e-10
1772531317.9270377,1092,0.5614757537841797,1781.0208067940553,0.8964603168454444,0.007546060335516033,7.763571984588896e-05,0.003947765150840435,0.0,0.0,0.9,5.187844808614364e-10,5.187844886083693e-10,6.233429349067601e-10
1772531317.9404354,1093,0.7841587066650391,1275.2520522955306,0.9040926643242008,0.00787641382707736,7.763571984588896e-05,0.003947765150840435,0.0,0.0,0.9,5.76825350372695e-10,5.76825350372695e-10,6.200269212818205e-10
1772531317.9525044,1094,0.74005126953125,1351.2577319587629,0.8996039180227278,0.004635715456313533,7.763571984588896e-05,0.003947765150840435,0.0,0.0,0.9,5.198060213814691e-10,5.198060213814691e-10,6.094428740963377e-10
1772531317.96503,1095,0.6566047668457031,1522.9862018881627,0.9012480959606165,0.001699532637848914,7.763571984588896e-05,0.003947765150840435,0.0,0.0,0.9,5.37376471880096e-10,5.373764796489701e-10,6.027350610416324e-10
1772531317.9773793,1096,0.5371570587158203,1861.652907234798,0.9005328420905581,0.0007375573946209598,7.763571984588896e-05,0.003947765150840435,0.0,0.0,0.9,5.212984936145674e-10,5.212984934438496e-10,5.946448064223768e-10
1772531317.9898345,1097,0.6649494171142578,1503.8737898888492,0.8992102672988217,0.001356838344913623,7.763571984588896e-05,0.003947765150840435,0.0,0.0,0.9,5.110051954937154e-10,5.110051954604841e-10,5.863088167418717e-10
1772531318.0025904,1098,0.6597042083740234,1515.8308637513553,0.9027843636137977,0.0036843314293953365,7.763571984588896e-05,0.003947765150840435,0.0,0.0,0.9,5.255753241574021e-10,5.255753163885344e-10,5.808698969183983e-10
1772531318.015207,1099,0.7448196411132812,1342.606914212548,0.902205175289897,0.0006166708197066928,7.763571984588896e-05,0.003947765150840435,0.0,0.0,0.9,5.040924471550035e-10,5.040924471550035e-10,5.732332608935995e-10
1772531318.0276115,1100,0.7829666137695312,1277.1936662606577,0.9009550051486703,0.0012956799166782313,7.763571984588896e-05,0.003947765150840435,0.0,0.0,0.9,4.941761308589583e-10,4.941761308476627e-10,5.653831194348816e-10
1772531318.040275,1101,0.7946491241455078,1258.4170417041705,0.9026865397244814,0.0017782676432683633,7.763571984588896e-05,0.003947765150840435,0.0,0.0,0.9,4.998742557133092e-10,4.998742479557336e-10,5.592454766547314e-10
1772531318.052341,1102,0.6067752838134766,1648.0565815324164,0.8997574121127437,0.003023312851867919,7.763571984588896e-05,0.003947765150840435,0.0,0.0,0.9,4.750317967366107e-10,4.750317967366107e-10,5.506294188703388e-10
1772531318.0651608,1103,0.6685256958007812,1495.8288159771755,0.9024495761448066,0.002774247483904682,7.763571984588896e-05,0.003947765150840435,0.0,0.0,0.9,4.902594936562394e-10,4.902594936562394e-10,5.451322094636065e-10
1772531318.077788,1104,0.7612705230712891,1313.5934857500783,0.902438456110517,8.377925878118618e-05,7.763571984588896e-05,0.003947765150840435,0.0,0.0,0.9,4.753896380104056e-10,4.753896379884698e-10,5.382796160204257e-10
1772531318.090345,1105,0.75531005859375,1323.959595959596,0.9027451653447743,0.0003149230594941204,7.763571984588896e-05,0.003947765150840435,0.0,0.0,0.9,4.708400866755344e-10,4.7084007871401e-10,5.317557711264932e-10
1772531318.102902,1106,0.8950233459472656,1117.2892914224826,0.9020453603945483,0.0007366971108985081,7.763571984588896e-05,0.003947765150840435,0.0,0.0,0.9,4.61124364456286e-10,4.61124364456286e-10,5.247925662978534e-10
1772531318.114997,1107,0.5319118499755859,1880.0107575078441,0.900343259403756,0.0017566726316185445,7.763571984588896e-05,0.003947765150840435,0.0,0.0,0.9,4.5051367220478456e-10,4.5051367220478456e-10,5.173656461771379e-10
1772531318.127674,1108,0.8158683776855469,1225.687901811806,0.900094142058764,0.00025419764560887155,7.763571984588896e-05,0.003947765150840435,0.0,0.0,0.9,4.489779534574969e-10,4.489779534355611e-10,5.106890458857329e-10
1772531318.141023,1109,1.3585090637207031,736.1010881010881,0.9030999329788381,0.0030952580349318214,7.763571984588896e-05,0.003947765150840435,0.0,0.0,0.9,4.5608059210084115e-10,4.5608059210084115e-10,5.057064600202211e-10
1772531318.1530144,1110,0.9415149688720703,1062.118004558116,0.9019759578630935,0.0011725365761339236,7.763571984588896e-05,0.003947765150840435,0.0,0.0,0.9,4.369422574280086e-10,4.3694225743930414e-10,4.988226402462197e-10
1772531318.1652086,1111,0.5192756652832031,1925.7594123048668,0.9016512309602308,0.00034196713993865164,7.763571984588896e-05,0.003947765150840435,0.0,0.0,0.9,4.335445419118742e-10,4.335445419118742e-10,4.92449013849339e-10
1772531318.1775658,1112,0.7054805755615234,1417.473470767151,0.8986780057001321,0.0030586931743614184,7.763571984588896e-05,0.003947765150840435,0.0,0.0,0.9,4.175038262706744e-10,4.1750381849050505e-10,4.848085448303514e-10
1772531318.1907272,1113,1.15203857421875,868.0264900662252,0.9018853447196381,0.003315134700590254,7.763571984588896e-05,0.003947765150840435,0.0,0.0,0.9,4.329209198606001e-10,4.329209198606001e-10,4.801348681481186e-10
1772531318.2023575,1114,0.7355213165283203,1359.5799027552673,0.8968251033420684,0.005205070249080538,7.763571984588896e-05,0.003947765150840435,0.0,0.0,0.9,3.9917665149412825e-10,3.9917664370332693e-10,4.716131519114786e-10
1772531318.2151747,1115,0.6756782531738281,1479.9943542695837,0.9013110030613843,0.004644871228143143,7.763571984588896e-05,0.003947765150840435,0.0,0.0,0.9,4.2482887499282904e-10,4.2482887499282904e-10,4.675853232520642e-10
1772531318.2279549,1116,0.8478164672851562,1179.5005624296964,0.9023190322422191,0.001034627283525603,7.763571984588896e-05,0.003947765150840435,0.0,0.0,0.9,4.106715715632953e-10,4.106715715632953e-10,4.6204739148522495e-10
1772531318.2399418,1117,0.6632804870605469,1507.6578001437815,0.8986989887404692,0.003728315170628527,7.763571984588896e-05,0.003947765150840435,0.0,0.0,0.9,3.8962800893324695e-10,3.896280089445425e-10,4.54584914241974e-10
1772531318.2526424,1118,0.7064342498779297,1415.5599055011812,0.9008411381763264,0.002220859387131292,7.763571984588896e-05,0.003947765150840435,0.0,0.0,0.9,4.020620165075686e-10,4.020620165075686e-10,4.4972470058575655e-10
1772531318.2658684,1119,1.1551380157470703,865.6974200206398,0.9042339595486126,0.003487078725526045,7.763571984588896e-05,0.003947765150840435,0.0,0.0,0.9,4.032533816057913e-10,4.032533814237793e-10,4.454955747478478e-10
1772531318.2774725,1120,0.6356239318847656,1573.2573143285822,0.8989460889854822,0.005456833403352164,7.763571984588896e-05,0.003947765150840435,0.0,0.0,0.9,3.708736272749585e-10,3.708736272749585e-10,4.3763741797792766e-10
1772531318.2903523,1121,0.7665157318115234,1304.60466562986,0.9021447958255272,0.003302526971201508,7.763571984588896e-05,0.003947765150840435,0.0,0.0,0.9,3.9093386075046203e-10,3.9093386077239783e-10,4.3347842851072383e-10
1772531318.3026578,1122,0.7827281951904297,1277.5826987511423,0.8999894673409365,0.00222278869218991,7.763571984588896e-05,0.003947765150840435,0.0,0.0,0.9,3.7043664959859575e-10,3.704366418297231e-10,4.2705916894139053e-10
1772531318.3154166,1123,0.79345703125,1260.3076923076924,0.9024367753604075,0.002522011596517633,7.763571984588896e-05,0.003947765150840435,0.0,0.0,0.9,3.7942731172242243e-10,3.7942731172242243e-10,4.2267874543327713e-10
1772531318.3277586,1124,0.7784366607666016,1284.6260336906585,0.9007787852933319,0.0017145333043304745,7.763571984588896e-05,0.003947765150840435,0.0,0.0,0.9,3.630375692401755e-10,3.6303757700905133e-10,4.166638326534379e-10
1772531318.3396924,1125,0.5016326904296875,1993.490494296578,0.8976592260369172,0.003204296895755828,7.763571984588896e-05,0.003947765150840435,0.0,0.0,0.9,3.5229938108029746e-10,3.52299381091593e-10,4.101074045139004e-10
1772531318.3528929,1126,0.8151531219482422,1226.7633811055864,0.9025854113315974,0.00508749840826986,7.763571984588896e-05,0.003947765150840435,0.0,0.0,0.9,3.7124874288828134e-10,3.7124874287698577e-10,4.0679986138302647e-10
1772531318.3648858,1127,0.7522106170654297,1329.4148969889065,0.8982194795270689,0.004497593386803814,7.763571984588896e-05,0.003947765150840435,0.0,0.0,0.9,3.407314248728075e-10,3.407314248728075e-10,3.9986854935864943e-10
1772531318.377534,1128,0.7014274597167969,1425.6641740312712,0.9005964967325771,0.0024653255658266602,7.763571984588896e-05,0.003947765150840435,0.0,0.0,0.9,3.542037069674392e-10,3.542037069674392e-10,3.956758742037163e-10
1772531318.390288,1129,0.7982254028320312,1252.778972520908,0.9024900162633582,0.0019479571208395944,7.763571984588896e-05,0.003947765150840435,0.0,0.0,0.9,3.499957176495604e-10,3.4999571779835436e-10,3.913428250663607e-10
1772531318.4027436,1130,0.8463859558105469,1181.4940845070423,0.9009416921588305,0.0016033557551952769,7.763571984588896e-05,0.003947765150840435,0.0,0.0,0.9,3.364834278181025e-10,3.364834278400383e-10,3.858293186683727e-10
1772531318.4148123,1131,0.6651878356933594,1503.3347670250896,0.8987158977762518,0.0022874427947601364,7.763571984588896e-05,0.003947765150840435,0.0,0.0,0.9,3.290228936091838e-10,3.290228936311195e-10,3.8011068395069383e-10
1772531318.4274175,1132,0.7643699645996094,1308.2669993761697,0.8996827211443222,0.0010143082733770513,7.763571984588896e-05,0.003947765150840435,0.0,0.0,0.9,3.3268544130977905e-10,3.326854412878433e-10,3.755791216969374e-10
1772531318.4405317,1133,0.8511543273925781,1174.8750700280111,0.9052691333638039,0.005747436264144877,7.763571984588896e-05,0.003947765150840435,0.0,0.0,0.9,3.428084290089281e-10,3.428084289869923e-10,3.728367298030205e-10
1772531318.4528115,1134,0.8451938629150391,1183.1605077574047,0.9018069394211916,0.0035933276129164974,7.763571984588896e-05,0.003947765150840435,0.0,0.0,0.9,3.1621800449289907e-10,3.1621800451483487e-10,3.669621740739739e-10
1772531318.4649017,1135,0.6659030914306641,1501.7200143215182,0.8995749079937047,0.00230032578767061,7.763571984588896e-05,0.003947765150840435,0.0,0.0,0.9,3.133935920861679e-10,3.133935920861679e-10,3.616073452080157e-10
1772531318.4771492,1136,0.5233287811279297,1910.8446469248292,0.8987254806688638,0.0008666570698594285,7.763571984588896e-05,0.003947765150840435,0.0,0.0,0.9,3.11740540918579e-10,3.11740540918579e-10,3.566903063285252e-10
1772531318.4903052,1137,0.7407665252685547,1349.9530093337626,0.9039983830657826,0.005433289340323877,7.763571984588896e-05,0.003947765150840435,0.0,0.0,0.9,3.2434212952456995e-10,3.2434212935384654e-10,3.539597103848726e-10
1772531318.5026321,1138,0.5311965942382812,1882.5421903052065,0.9026952717308445,0.0013689856827504643,7.763571984588896e-05,0.003947765150840435,0.0,0.0,0.9,3.056808501688806e-10,3.0568085020211195e-10,3.4908646290169673e-10
1772531318.5154943,1139,0.8234977722167969,1214.332368268674,0.903584233102042,0.0009060457192177118,7.763571984588896e-05,0.003947765150840435,0.0,0.0,0.9,3.0707464460345434e-10,3.0707465238361677e-10,3.45093252935754e-10
1772531318.5276616,1140,0.6017684936523438,1661.7686212361332,0.9013553358680663,0.0023116321894209404,7.763571984588896e-05,0.003947765150840435,0.0,0.0,0.9,2.954494530764015e-10,2.954494530544657e-10,3.4007957832179966e-10
1772531318.540056,1141,0.6020069122314453,1661.110495049505,0.9004749507015226,0.0009073022917922037,7.763571984588896e-05,0.003947765150840435,0.0,0.0,0.9,2.938820547463695e-10,2.938820547463695e-10,3.35537113573008e-10
1772531318.5527747,1142,0.6728172302246094,1486.2877391920624,0.9020498729347239,0.0016221695991749498,7.763571984588896e-05,0.003947765150840435,0.0,0.0,0.9,2.9605491389572226e-10,2.9605491389572226e-10,3.3181336377962003e-10
1772531318.5652964,1143,0.9338855743408203,1070.7949961705388,0.8995433323417373,0.002582573822940569,7.763571984588896e-05,0.003947765150840435,0.0,0.0,0.9,2.826836075229298e-10,2.8268360751163424e-10,3.2681089522949055e-10
1772531318.5777388,1144,0.8950233459472656,1117.2892914224826,0.9002414347957987,0.0007324294253826026,7.763571984588896e-05,0.003947765150840435,0.0,0.0,0.9,2.857132175701788e-10,2.857132175701788e-10,3.2287415395984514e-10
1772531318.5899963,1145,0.7314682006835938,1367.1134289439374,0.8995783013030869,0.0006772247526392407,7.763571984588896e-05,0.003947765150840435,0.0,0.0,0.9,2.7900946174897634e-10,2.790094617376808e-10,3.185250133625159e-10
1772531318.603314,1146,0.8685588836669922,1151.3324183365357,0.905752904646479,0.0063540150940016174,7.763571984588896e-05,0.003947765150840435,0.0,0.0,0.9,2.92201126441255e-10,2.9220112646319077e-10,3.164084503016773e-10
1772531318.614945,1147,0.5021095275878906,1991.5973409306744,0.8993425765799126,0.006621049301548501,7.763571984588896e-05,0.003947765150840435,0.0,0.0,0.9,2.6121142635310645e-10,2.6121142635310645e-10,3.105048930444681e-10
1772531318.626933,1148,0.4379749298095703,2283.2357103973873,0.8957093477038254,0.0037236558200452797,7.763571984588896e-05,0.003947765150840435,0.0,0.0,0.9,2.6080980640197427e-10,2.6080980640197427e-10,3.0546673853456826e-10
1772531318.6398568,1149,0.5776882171630859,1731.0375567478334,0.8996154324036004,0.004060862374011405,7.763571984588896e-05,0.003947765150840435,0.0,0.0,0.9,2.733350576356401e-10,2.733350576462803e-10,3.026098958667609e-10
1772531318.6526024,1150,0.7312297821044922,1367.5591783501793,0.9011810718946597,0.0016205196296915656,7.763571984588896e-05,0.003947765150840435,0.0,0.0,0.9,2.6647767868003626e-10,2.6647767868003626e-10,2.991271599250253e-10
1772531318.6658998,1151,0.9791851043701172,1021.2573654735817,0.9068794424408039,0.005852297226352773,7.763571984588896e-05,0.003947765150840435,0.0,0.0,0.9,2.7378507562071584e-10,2.7378507562071584e-10,2.9702902691184286e-10
1772531318.6777039,1152,0.7305145263671875,1368.8981723237598,0.9007502236361433,0.006342607531599495,7.763571984588896e-05,0.003947765150840435,0.0,0.0,0.9,2.462825000537313e-10,2.462825000537313e-10,2.9162579784171084e-10
1772531318.6902575,1153,0.7452964782714844,1341.747920665387,0.9011143468169065,0.00037609881526000626,7.763571984588896e-05,0.003947765150840435,0.0,0.0,0.9,2.5466350605952363e-10,2.546635060708192e-10,2.8811797704237424e-10
1772531318.7030437,1154,0.8492469787597656,1177.513756316676,0.902646626882217,0.0015736781889704897,7.763571984588896e-05,0.003947765150840435,0.0,0.0,0.9,2.542949380563741e-10,2.5429493822710745e-10,2.849141562137763e-10
1772531318.7154305,1155,0.7874965667724609,1269.8468059339993,0.9017537645284576,0.0009316051457573412,7.763571984588896e-05,0.003947765150840435,0.0,0.0,0.9,2.4654264310386635e-10,2.4654264310386635e-10,2.8110208466625896e-10
1772531318.7277725,1156,0.8203983306884766,1218.9200813716943,0.899590238248905,0.0022279128828566054,7.763571984588896e-05,0.003947765150840435,0.0,0.0,0.9,2.4015203963618423e-10,2.4015203962488867e-10,2.7697974458051723e-10
1772531318.74047,1157,0.8411407470703125,1188.8616780045352,0.9014509819536544,0.0019237606821426035,7.763571984588896e-05,0.003947765150840435,0.0,0.0,0.9,2.4468765621234714e-10,2.4468765619041134e-10,2.7396165360959323e-10
1772531318.7527862,1158,0.6885528564453125,1452.3213296398892,0.901168208945049,0.0002932373889392477,7.763571984588896e-05,0.003947765150840435,0.0,0.0,0.9,2.379503081071615e-10,2.3795030808522575e-10,2.7040806378536113e-10
1772531318.765672,1159,1.211404800415039,825.4878960834482,0.901271344448278,0.00010569540704328182,7.763571984588896e-05,0.003947765150840435,0.0,0.0,0.9,2.356150504828944e-10,2.356150504828944e-10,2.6702132181695915e-10
1772531318.7777793,1160,0.8397102355957031,1190.8869960249858,0.8994430307245559,0.0018796755114435211,7.763571984588896e-05,0.003947765150840435,0.0,0.0,0.9,2.28624106585022e-10,2.286241066069578e-10,2.63159543908787e-10
1772531318.7903786,1161,0.7474422454833984,1337.8960127591706,0.9014150781215357,0.00203964370258801,7.763571984588896e-05,0.003947765150840435,0.0,0.0,0.9,2.3262868659774626e-10,2.3262868673524092e-10,2.603080574411865e-10
1772531318.8027728,1162,0.7565021514892578,1321.8733060195398,0.9001198496777644,0.0013328825360862885,7.763571984588896e-05,0.003947765150840435,0.0,0.0,0.9,2.2397635572755258e-10,2.2397635573884817e-10,2.5666225188589814e-10
1772531318.8156326,1163,0.9098052978515625,1099.1362683438156,0.9025094695282923,0.002462455384742068,7.763571984588896e-05,0.003947765150840435,0.0,0.0,0.9,2.2792741744349266e-10,2.2792741742155687e-10,2.5400638536378557e-10
1772531318.828068,1164,0.9186267852783203,1088.5813651699973,0.9013309374991892,0.0012223607895919277,7.763571984588896e-05,0.003947765150840435,0.0,0.0,0.9,2.1912848869723336e-10,2.1912848869723336e-10,2.505145390910627e-10
1772531318.8402138,1165,0.7104873657226562,1407.4845637583892,0.8999540113917306,0.0014164437875471998,7.763571984588896e-05,0.003947765150840435,0.0,0.0,0.9,2.154068393798604e-10,2.154068393798604e-10,2.470213912790543e-10
1772531318.8526342,1166,0.7855892181396484,1272.9298937784522,0.8986403680713231,0.001343634654657491,7.763571984588896e-05,0.003947765150840435,0.0,0.0,0.9,2.1210310489658174e-10,2.1210310489658174e-10,2.435444749521323e-10
1772531318.8654385,1167,0.8156299591064453,1226.046185325928,0.9016149781269316,0.00307570451258103,7.763571984588896e-05,0.003947765150840435,0.0,0.0,0.9,2.1695562952596708e-10,2.1695562950403134e-10,2.4111378004711966e-10
1772531318.877761,1168,0.7097721099853516,1408.9029224051058,0.9006863528913255,0.0009582320774563545,7.763571984588896e-05,0.003947765150840435,0.0,0.0,0.9,2.081910943742131e-10,2.081910943742131e-10,2.37819128100341e-10
1772531318.890056,1169,0.7317066192626953,1366.6679700228087,0.8986778243171908,0.002061702779801384,7.763571984588896e-05,0.003947765150840435,0.0,0.0,0.9,2.0309612479512394e-10,2.030961248170597e-10,2.343256552512343e-10
1772531318.9025846,1170,0.6635189056396484,1507.1160618038089,0.9002008097761498,0.0015853599650565366,7.763571984588896e-05,0.003947765150840435,0.0,0.0,0.9,2.0607035805046322e-10,2.0607035805046322e-10,2.3165472004319664e-10
1772531318.9156253,1171,0.8254051208496094,1211.526285384171,0.9040620807176257,0.003972416730213963,7.763571984588896e-05,0.003947765150840435,0.0,0.0,0.9,2.0838845770958388e-10,2.083884576876481e-10,2.2956918314806304e-10
1772531318.9277325,1172,0.7753372192382812,1289.7613776137762,0.9000689423067645,0.004126472936997304,7.763571984588896e-05,0.003947765150840435,0.0,0.0,0.9,1.9338782091024842e-10,1.9338782091024842e-10,2.2580438559546117e-10
1772531318.9400623,1173,0.6890296936035156,1451.3162629757785,0.899487168516446,0.0005935877340844681,7.763571984588896e-05,0.003947765150840435,0.0,0.0,0.9,1.9525820812771424e-10,1.9525820814965e-10,2.2282540541468355e-10
1772531318.9527476,1174,0.7479190826416016,1337.043034746573,0.9009665271132357,0.0015316086123997748,7.763571984588896e-05,0.003947765150840435,0.0,0.0,0.9,1.9610847389201358e-10,1.9610846612313988e-10,2.2028944950507173e-10
1772531318.9652276,1175,0.7376670837402344,1355.6250808015513,0.9011216373887359,0.00015919726209739674,7.763571984588896e-05,0.003947765150840435,0.0,0.0,0.9,1.9195169755008897e-10,1.9195169757202477e-10,2.175157924974686e-10
1772531318.9775033,1176,0.6310939788818359,1584.550056667926,0.8999016745417572,0.001255061008687642,7.763571984588896e-05,0.003947765150840435,0.0,0.0,0.9,1.872364546824006e-10,1.872364546824006e-10,2.1449727190840462e-10
1772531318.9909568,1177,1.2166500091552734,821.9290613364687,0.9042305805054064,0.004454320240248033,7.763571984588896e-05,0.003947765150840435,0.0,0.0,0.9,1.9372945279001966e-10,1.9372945281195545e-10,2.1268991077545233e-10
1772531319.0030963,1178,1.1067390441894531,903.5553640672124,0.9013691786414838,0.002967061827995861,7.763571984588896e-05,0.003947765150840435,0.0,0.0,0.9,1.811292756301316e-10,1.811292756301316e-10,2.0944592554789916e-10
1772531319.0155947,1179,1.0786056518554688,927.1229000884173,0.9010735477718977,0.00030803051951298937,7.763571984588896e-05,0.003947765150840435,0.0,0.0,0.9,1.819390322012436e-10,1.819390322012436e-10,2.067745681358484e-10
1772531319.0284982,1180,1.3170242309570312,759.2874728457639,0.9030068869464998,0.0019852352084723662,7.763571984588896e-05,0.003947765150840435,0.0,0.0,0.9,1.831564469350339e-10,1.8315644694632946e-10,2.0456458515230948e-10
1772531319.0406914,1181,1.088857650756836,918.3936938909569,0.9013205003914582,0.001749679361271353,7.763571984588896e-05,0.003947765150840435,0.0,0.0,0.9,1.7583136723102087e-10,1.7583136725295664e-10,2.0167328013790387e-10
1772531319.0528214,1182,0.9441375732421875,1059.1676767676768,0.8986978731852904,0.0026973978207331852,7.763571984588896e-05,0.003947765150840435,0.0,0.0,0.9,1.7147168307287807e-10,1.7147168309481384e-10,1.9861927607628534e-10
1772531319.0655987,1183,1.0805130004882812,925.486319505737,0.9008790035246729,0.0022599576443440186,7.763571984588896e-05,0.003947765150840435,0.0,0.0,0.9,1.757587624630723e-10,1.7575876247436786e-10,1.9649815166339233e-10
1772531319.0778453,1184,0.8337497711181641,1199.4006291106664,0.9005227238907229,0.0003652512210951029,7.763571984588896e-05,0.003947765150840435,0.0,0.0,0.9,1.7041527887778969e-10,1.7041527887778969e-10,1.9391575348438056e-10
1772531319.0901175,1185,0.6654262542724609,1502.7961304192045,0.8999866328283601,0.0005481653870292146,7.763571984588896e-05,0.003947765150840435,0.0,0.0,0.9,1.6783425218975932e-10,1.67834252156528e-10,1.913456182121865e-10
1772531319.1027591,1186,0.5929470062255859,1686.4913550462404,0.9022353603695122,0.0023179559730328496,7.763571984588896e-05,0.003947765150840435,0.0,0.0,0.9,1.696869489268562e-10,1.696869489268562e-10,1.8932958520105325e-10
1772531319.1150975,1187,0.7677078247070312,1302.5788819875777,0.8990857426241353,0.0032452323058166604,7.763571984588896e-05,0.003947765150840435,0.0,0.0,0.9,1.6034303367013631e-10,1.6034304143900605e-10,1.8634923812600457e-10
1772531319.1276367,1188,0.7727146148681641,1294.1388460351743,0.8998362691594407,0.0007901485763279041,7.763571984588896e-05,0.003947765150840435,0.0,0.0,0.9,1.6286958531751823e-10,1.6286958531751823e-10,1.8410514024082075e-10
1772531319.1402743,1189,0.7922649383544922,1262.2040325007524,0.9013012100231155,0.001514061681791346,7.763571984588896e-05,0.003947765150840435,0.0,0.0,0.9,1.6207655507409287e-10,1.6207655507409287e-10,1.820046138441565e-10
1772531319.1527154,1190,0.7619857788085938,1312.360450563204,0.9008747936977536,0.00044084457938583686,7.763571984588896e-05,0.003947765150840435,0.0,0.0,0.9,1.5783416445597772e-10,1.5783416445597772e-10,1.7961634549961952e-10
1772531319.1654375,1191,0.8296966552734375,1205.2597701149425,0.902588255228199,0.0017608562012984353,7.763571984588896e-05,0.003947765150840435,0.0,0.0,0.9,1.5872258729392198e-10,1.5872257952505428e-10,1.7765025432541798e-10
1772531319.1780398,1192,0.8053779602050781,1241.6530491415037,0.9032257575398875,0.0006496697525810762,7.763571984588896e-05,0.003947765150840435,0.0,0.0,0.9,1.5584282116014594e-10,1.5584282116014594e-10,1.755416004465472e-10
1772531319.1899962,1193,0.7035732269287109,1421.3161640121994,0.8985203854313889,0.004851654375613014,7.763571984588896e-05,0.003947765150840435,0.0,0.0,0.9,1.4676743139676206e-10,1.4676743141869786e-10,1.7254741782370003e-10
1772531319.2026837,1194,0.6954669952392578,1437.882756256428,0.9009617700701196,0.002528150129566869,7.763571984588896e-05,0.003947765150840435,0.0,0.0,0.9,1.530258579845822e-10,1.5302585800651796e-10,1.707632018467404e-10
1772531319.2156408,1195,0.8392333984375,1191.5636363636363,0.9040515158853626,0.003174144024252203,7.763571984588896e-05,0.003947765150840435,0.0,0.0,0.9,1.5276153523929046e-10,1.527615352279949e-10,1.6910950280499292e-10
1772531319.2279148,1196,0.8695125579833984,1150.0696462846174,0.9010129540141567,0.0031464092037784665,7.763571984588896e-05,0.003947765150840435,0.0,0.0,0.9,1.4376155763959176e-10,1.4376155767282314e-10,1.6650685653211885e-10
1772531319.2400136,1197,0.5426406860351562,1842.8400702987697,0.8994795071977899,0.0015759606386609771,7.763571984588896e-05,0.003947765150840435,0.0,0.0,0.9,1.4294668831074594e-10,1.4294668827751455e-10,1.6416998061806468e-10
1772531319.2527578,1198,0.7228851318359375,1383.3456464379947,0.9008482806165605,0.0014189333929733668,7.763571984588896e-05,0.003947765150840435,0.0,0.0,0.9,1.4437165312273924e-10,1.4437165312273924e-10,1.6229336165600842e-10
1772531319.2656388,1199,0.8833408355712891,1132.0658569500674,0.9031212836137144,0.0023363623766913776,7.763571984588896e-05,0.003947765150840435,0.0,0.0,0.9,1.441226917706623e-10,1.4412269180389367e-10,1.6059426404513528e-10
1772531319.2778463,1200,0.9438991546630859,1059.4352109118465,0.8991047201912408,0.004142458941864547,7.763571984588896e-05,0.003947765150840435,0.0,0.0,0.9,1.3510174596978877e-10,1.3510174596978877e-10,1.5794942677597198e-10
1772531319.2899828,1201,0.78582763671875,1272.5436893203882,0.8979774737027023,0.00114990778568626,7.763571984588896e-05,0.003947765150840435,0.0,0.0,0.9,1.3572814385961498e-10,1.3572814371083267e-10,1.557586612079869e-10
1772531319.302417,1202,0.6234645843505859,1603.94034416826,0.8992813536941501,0.0013696135773118537,7.763571984588896e-05,0.003947765150840435,0.0,0.0,0.9,1.365853964058603e-10,1.3658538863698707e-10,1.5392848285120245e-10
1772531319.3156824,1203,1.071929931640625,932.8967971530249,0.9034708125649352,0.004316919728805419,7.763571984588896e-05,0.003947765150840435,0.0,0.0,0.9,1.3870799910058635e-10,1.3870799910058635e-10,1.5257549512720892e-10
1772531319.3277593,1204,0.7424354553222656,1346.9184328837507,0.9012327681955329,0.0023196330766870644,7.763571984588896e-05,0.003947765150840435,0.0,0.0,0.9,1.3052521201053796e-10,1.3052521201053796e-10,1.503255786270187e-10
1772531319.340047,1205,0.5156993865966797,1939.1141932501155,0.900914256732089,0.0003295134907526776,7.763571984588896e-05,0.003947765150840435,0.0,0.0,0.9,1.3051308917153068e-10,1.3051308918217093e-10,1.4839574688365206e-10
1772531319.3525755,1206,0.7655620574951172,1306.2298349423857,0.8995986059239114,0.0013516942381878705,7.763571984588896e-05,0.003947765150840435,0.0,0.0,0.9,1.276025999211416e-10,1.276025999211416e-10,1.4632230182981285e-10
1772531319.3657374,1207,1.1417865753173828,875.8204217999582,0.9030432296674528,0.0035488378850368815,7.763571984588896e-05,0.003947765150840435,0.0,0.0,0.9,1.3108692483741316e-10,1.310869250081578e-10,1.4495447275003488e-10
1772531319.3779023,1208,0.8087158203125,1236.5283018867924,0.9019357905108458,0.0011570709855371086,7.763571984588896e-05,0.003947765150840435,0.0,0.0,0.9,1.2524032834917143e-10,1.252403283711072e-10,1.4297866743348996e-10
1772531319.390192,1209,0.7143020629882812,1399.9679572763685,0.900643515014208,0.0013354794353849183,7.763571984588896e-05,0.003947765150840435,0.0,0.0,0.9,1.2316658635221072e-10,1.2316658635221072e-10,1.4101225497448616e-10
1772531319.4027812,1210,0.6766319274902344,1477.908386187456,0.9018229062117675,0.0012139362672508574,7.763571984588896e-05,0.003947765150840435,0.0,0.0,0.9,1.239991849453882e-10,1.239991849453882e-10,1.3939647350180964e-10
1772531319.4154458,1211,0.8127689361572266,1230.361982986213,0.9020945529853378,0.00027692442945874684,7.763571984588896e-05,0.003947765150840435,0.0,0.0,0.9,1.217658283041173e-10,1.2176583607300289e-10,1.3767986659028893e-10
1772531319.4280968,1212,0.9405612945556641,1063.1949302915082,0.9019948766845924,0.00012388610989875462,7.763571984588896e-05,0.003947765150840435,0.0,0.0,0.9,1.1991777385092844e-10,1.1991776587812174e-10,1.3594499854794584e-10
1772531319.4404452,1213,0.820159912109375,1219.2744186046511,0.9013861054024866,0.0006341174723017839,7.763571984588896e-05,0.003947765150840435,0.0,0.0,0.9,1.178487050459637e-10,1.178487050459637e-10,1.3416333130401185e-10
1772531319.4529414,1214,0.8766651153564453,1140.6864291542017,0.9005586541202711,0.0008527558660148765,7.763571984588896e-05,0.003947765150840435,0.0,0.0,0.9,1.1597413826019802e-10,1.1597413827149357e-10,1.3236675542938966e-10
1772531319.4656029,1215,0.8561611175537109,1168.004455583403,0.9023659224098273,0.0018604059305167761,7.763571984588896e-05,0.003947765150840435,0.0,0.0,0.9,1.1703474554476538e-10,1.1703474554476538e-10,1.30928465991318e-10
1772531319.4776704,1216,0.7622241973876953,1311.9499530810135,0.8986234691800944,0.00385472384649237,7.763571984588896e-05,0.003947765150840435,0.0,0.0,0.9,1.1030954345837026e-10,1.1030954345837026e-10,1.2879651367014545e-10
1772531319.4899173,1217,0.6721019744873047,1487.8694572543454,0.8976777061735995,0.0009640560227041748,7.763571984588896e-05,0.003947765150840435,0.0,0.0,0.9,1.1078052205773388e-10,1.1078052202450251e-10,1.2702235984649511e-10
1772531319.5025651,1218,0.6375312805175781,1568.5504861630516,0.8999689124708409,0.0023842539013449555,7.763571984588896e-05,0.003947765150840435,0.0,0.0,0.9,1.1232511689387811e-10,1.1232511690517369e-10,1.2564827496045743e-10
1772531319.515541,1219,0.8614063262939453,1160.8923332410739,0.9028427874986396,0.002960667227086887,7.763571984588896e-05,0.003947765150840435,0.0,0.0,0.9,1.1201239632654731e-10,1.1201239632654731e-10,1.2438394891095787e-10
1772531319.5275824,1220,0.675201416015625,1481.0395480225989,0.8997616890865022,0.0031792478676038786,7.763571984588896e-05,0.003947765150840435,0.0,0.0,0.9,1.0548820453226685e-10,1.0548819676339411e-10,1.2244074115395408e-10
1772531319.5400198,1221,0.6899833679199219,1449.3102971665514,0.8996797441917262,9.886506347152645e-05,7.763571984588896e-05,0.003947765150840435,0.0,0.0,0.9,1.0630586547455759e-10,1.0630586547455759e-10,1.2087542203178706e-10
1772531319.5530312,1222,0.8187294006347656,1221.4047757716949,0.9036430410781338,0.004081200170923207,7.763571984588896e-05,0.003947765150840435,0.0,0.0,0.9,1.087784593636168e-10,1.0877845937491237e-10,1.1980124054599817e-10
1772531319.565478,1223,0.8120536804199219,1231.4456840869054,0.9026153579471083,0.001082817515352589,7.763571984588896e-05,0.003947765150840435,0.0,0.0,0.9,1.0366160395365628e-10,1.0366160395365628e-10,1.1818453313579855e-10
1772531319.5775757,1224,0.7772445678710938,1286.596319018405,0.8988813711148836,0.0038488944904118715,7.763571984588896e-05,0.003947765150840435,0.0,0.0,0.9,9.963048820539053e-11,9.963048820539053e-11,1.1628162249045818e-10
1772531319.5900314,1225,0.6144046783447266,1627.591773379899,0.9000141346497457,0.0011828134841529792,7.763571984588896e-05,0.003947765150840435,0.0,0.0,0.9,1.0196620075445692e-10,1.0196620075445692e-10,1.1492688970942599e-10
1772531319.6028564,1226,0.7779598236083984,1285.4134232301562,0.9020154326097961,0.00206320598325654,7.763571984588896e-05,0.003947765150840435,0.0,0.0,0.9,1.0169397358613082e-10,1.0169397358613082e-10,1.1367928330335476e-10
1772531319.6153955,1227,0.8227825164794922,1215.388003477253,0.9019702269236177,7.743867019030832e-05,7.763571984588896e-05,0.003947765150840435,0.0,0.0,0.9,9.903013237491104e-11,9.903013237491104e-11,1.1224090351306768e-10
1772531319.6274729,1228,0.7262229919433594,1376.9875246224556,0.8981712845869332,0.003910957137709312,7.763571984588896e-05,0.003947765150840435,0.0,0.0,0.9,9.446615261376225e-11,9.446615261376225e-11,1.1041036405451185e-10
1772531319.6404183,1229,0.7822513580322266,1278.361475160012,0.9029370773001981,0.004917684997934203,7.763571984588896e-05,0.003947765150840435,0.0,0.0,0.9,9.989109396046821e-11,9.989109396046821e-11,1.0951521705063492e-10
1772531319.6529524,1230,0.8823871612548828,1133.2893812483112,0.9020935840218322,0.0008859942459313264,7.763571984588896e-05,0.003947765150840435,0.0,0.0,0.9,9.482589102906643e-11,9.482589102906643e-11,1.0804248112241101e-10
1772531319.6650417,1231,0.7069110870361328,1414.6050590219224,0.8997763211812082,0.0023894405033648234,7.763571984588896e-05,0.003947765150840435,0.0,0.0,0.9,9.221695610272677e-11,9.221695610272677e-11,1.0644675170452574e-10
1772531319.6782827,1232,0.8921623229980469,1120.8722608230892,0.905015499016301,0.005390611784146465,7.763571984588896e-05,0.003947765150840435,0.0,0.0,0.9,9.690893316481349e-11,9.690893317610908e-11,1.0565241053145943e-10
1772531319.6902707,1233,0.7781982421875,1285.0196078431372,0.9002811008568781,0.004895375433959348,7.763571984588896e-05,0.003947765150840435,0.0,0.0,0.9,8.85288292510462e-11,8.85288292510462e-11,1.0385216755987508e-10
1772531319.7025523,1234,0.6740093231201172,1483.659002476123,0.8991332322667058,0.0011754133895675771,7.763571984588896e-05,0.003947765150840435,0.0,0.0,0.9,8.939070069752219e-11,8.939070068688201e-11,1.0243243922468663e-10
1772531319.7155743,1235,0.827789306640625,1208.036866359447,0.9032576083012355,0.0042514113474473566,7.763571984588896e-05,0.003947765150840435,0.0,0.0,0.9,9.226583239335759e-11,9.226583239335759e-11,1.0153780212471556e-10
1772531319.7278118,1236,0.8528232574462891,1172.5759015935141,0.8999941945382126,0.003369785200402899,7.763571984588896e-05,0.003947765150840435,0.0,0.0,0.9,8.603205949154531e-11,8.603205949154531e-11,9.993510640974274e-11
1772531319.740042,1237,0.7100105285644531,1408.4298186702486,0.8988360829532938,0.0011843723820631428,7.763571984588896e-05,0.003947765150840435,0.0,0.0,0.9,8.595994080163421e-11,8.595994079033862e-11,9.855552052931256e-11
1772531319.7526371,1238,0.7445812225341797,1343.0368235670828,0.8998792854172217,0.0010930172881959107,7.763571984588896e-05,0.003947765150840435,0.0,0.0,0.9,8.632942663850511e-11,8.632942662720955e-11,9.738477928610671e-11
1772531319.7653222,1239,0.7393360137939453,1352.5649790390196,0.9021188073594805,0.002309679304191454,7.763571984588896e-05,0.003947765150840435,0.0,0.0,0.9,8.633269633459318e-11,8.633269633459318e-11,9.634860817821254e-11
1772531319.7780101,1240,0.9024143218994141,1108.1384412153236,0.9022847806319929,0.0001727492159472846,7.763571984588896e-05,0.003947765150840435,0.0,0.0,0.9,8.409885363787387e-11,8.409884586902423e-11,9.514957215550097e-11
1772531319.7898183,1241,0.6883144378662109,1452.824385174922,0.8972570934828397,0.005175523125664365,7.763571984588896e-05,0.003947765150840435,0.0,0.0,0.9,7.919329648142576e-11,7.919329649272137e-11,9.348397644060189e-11
1772531319.8023186,1242,0.5776882171630859,1731.0375567478334,0.8990826642449196,0.0019111720539558231,7.763571984588896e-05,0.003947765150840435,0.0,0.0,0.9,8.229922828618036e-11,8.229923605503301e-11,9.244257303137014e-11
1772531319.8154554,1243,0.8077621459960938,1237.9881936245572,0.9037252853187768,0.004783752140940976,7.763571984588896e-05,0.003947765150840435,0.0,0.0,0.9,8.361020808269905e-11,8.361020810463483e-11,9.166723768680485e-11
1772531319.827237,1244,0.5369186401367188,1862.4795737122558,0.8985804576212286,0.00530675704036497,7.763571984588896e-05,0.003947765150840435,0.0,0.0,0.9,7.635169500883262e-11,7.635170277771737e-11,9.005116700977215e-11
1772531319.8399549,1245,0.6012916564941406,1663.086439333862,0.9011134173688309,0.0026213065304871034,7.763571984588896e-05,0.003947765150840435,0.0,0.0,0.9,7.992764889160687e-11,7.992764889160687e-11,8.91299764938664e-11
1772531319.8526142,1246,0.701904296875,1424.695652173913,0.9014700618353284,0.0003653021952917633,7.763571984588896e-05,0.003947765150840435,0.0,0.0,0.9,7.782274444614219e-11,7.782273666599012e-11,8.80236825463285e-11
1772531319.865543,1247,0.8690357208251953,1150.7006858710563,0.9041817161205121,0.0027819439661573176,7.763571984588896e-05,0.003947765150840435,0.0,0.0,0.9,7.85440643603761e-11,7.85440643603761e-11,8.715322870000625e-11
1772531319.8783824,1248,1.065969467163086,938.1131737866249,0.9050520610834643,0.0008889162586438437,7.763571984588896e-05,0.003947765150840435,0.0,0.0,0.9,7.679052332577978e-11,7.679051556823399e-11,8.615639383008682e-11
1772531319.8900754,1249,0.6458759307861328,1548.2849760059062,0.8999172420835057,0.00530743650180414,7.763571984588896e-05,0.003947765150840435,0.0,0.0,0.9,7.19519643518455e-11,7.195196436314107e-11,8.467361870005061e-11
1772531319.902781,1250,0.7116794586181641,1405.1269681742044,0.9012280363964732,0.0013548130045241285,7.763571984588896e-05,0.003947765150840435,0.0,0.0,0.9,7.449855875789608e-11,7.449856652678203e-11,8.372276440363841e-11
1772531319.9156168,1251,0.8070468902587891,1239.0853766617429,0.9035400892913804,0.0023736950651460937,7.763571984588896e-05,0.003947765150840435,0.0,0.0,0.9,7.442825215842183e-11,7.442825216906209e-11,8.285606186805382e-11
1772531319.9277065,1252,0.5886554718017578,1698.7865532604294,0.900488139231281,0.0031549909518596786,7.763571984588896e-05,0.003947765150840435,0.0,0.0,0.9,7.038737339558466e-11,7.038737339558466e-11,8.157754645890521e-11
1772531319.9400537,1253,0.6844997406005859,1460.9209334726577,0.8986432337235642,0.0018922606954380429,7.763571984588896e-05,0.003947765150840435,0.0,0.0,0.9,6.97856526087488e-11,6.97856526087488e-11,8.040137574456736e-11
1772531319.9530363,1254,0.7991790771484375,1251.2840095465394,0.9027441374398045,0.004232271382925788,7.763571984588896e-05,0.003947765150840435,0.0,0.0,0.9,7.23605946068513e-11,7.23605946181469e-11,7.969411949633133e-11
1772531319.9656336,1255,0.8695125579833984,1150.0696462846174,0.9027788891002644,8.547264486282834e-05,7.763571984588896e-05,0.003947765150840435,0.0,0.0,0.9,6.954038511889414e-11,6.954038509695837e-11,7.869269791204274e-11
1772531319.977823,1256,0.7536411285400391,1326.891490034799,0.8994360047111508,0.003446793872957428,7.763571984588896e-05,0.003947765150840435,0.0,0.0,0.9,6.65935740756819e-11,6.65935740756819e-11,7.745409709510895e-11
1772531319.9901717,1257,0.6973743438720703,1433.9500854700855,0.8992839355764627,0.0001712617815692688,7.763571984588896e-05,0.003947765150840435,0.0,0.0,0.9,6.718226997608157e-11,6.718226996478603e-11,7.645646642984101e-11
1772531320.002412,1258,0.6210803985595703,1610.0975047984646,0.8978688712968135,0.0014450763637824174,7.763571984588896e-05,0.003947765150840435,0.0,0.0,0.9,6.552273345154393e-11,6.552272566076223e-11,7.536080424229411e-11
1772531320.015251,1259,0.7817745208740234,1279.1412015858493,0.9008011484092976,0.003040246176672805,7.763571984588896e-05,0.003947765150840435,0.0,0.0,0.9,6.703756959089029e-11,6.703756957959474e-11,7.459729233121035e-11
1772531320.0278983,1260,0.8008480072021484,1248.6763917832689,0.9013660361821123,0.0005828081817124228,7.763571984588896e-05,0.003947765150840435,0.0,0.0,0.9,6.521326702064279e-11,6.521326702064279e-11,7.368049446820302e-11
1772531320.0406733,1261,0.8180141448974609,1222.472748469834,0.9040096998995301,0.0027139641002615813,7.763571984588896e-05,0.003947765150840435,0.0,0.0,0.9,6.56823558427991e-11,6.568235582086342e-11,7.29433971391986e-11
1772531320.0527642,1262,0.6880760192871094,1453.3277893277893,0.9005720365372165,0.003554873076851358,7.763571984588896e-05,0.003947765150840435,0.0,0.0,0.9,6.176805535864516e-11,6.176804760109229e-11,7.179158280237653e-11
1772531320.0652242,1263,0.698089599609375,1432.48087431694,0.900363964826403,0.00021210034375598397,7.763571984588896e-05,0.003947765150840435,0.0,0.0,0.9,6.233673199973613e-11,6.233673198844063e-11,7.087490704298421e-11
1772531320.0780294,1264,0.8802413940429688,1136.0520043336944,0.9017583264065753,0.0014376653580907305,7.763571984588896e-05,0.003947765150840435,0.0,0.0,0.9,6.240701564200882e-11,6.240701562007309e-11,7.007030735112134e-11
1772531320.0903335,1265,0.7905960083007812,1264.8685162846803,0.9005299857849601,0.001267434749474152,7.763571984588896e-05,0.003947765150840435,0.0,0.0,0.9,6.03640120654127e-11,6.036401207670829e-11,6.909972366364507e-11
1772531320.1026852,1266,0.6208419799804688,1610.715821812596,0.9007016246968386,0.0001817489319792161,7.763571984588896e-05,0.003947765150840435,0.0,0.0,0.9,6.019458034091816e-11,6.019458034091816e-11,6.823574447390461e-11
1772531320.1151388,1267,0.5564689636230469,1797.0454155955442,0.9009547857723955,0.0002629728434220825,7.763571984588896e-05,0.003947765150840435,0.0,0.0,0.9,5.949467560227094e-11,5.949467560227094e-11,6.738509097779062e-11
1772531320.1278696,1268,0.8893013000488281,1124.4782841823057,0.9002048043427023,0.0007701156972873122,7.763571984588896e-05,0.003947765150840435,0.0,0.0,0.9,5.824046072587011e-11,5.824046072587011e-11,6.647960218620518e-11
1772531320.1402729,1269,0.7662773132324219,1305.0105787181083,0.9005629615581514,0.00037593110361544194,7.763571984588896e-05,0.003947765150840435,0.0,0.0,0.9,5.797985480005922e-11,5.797985477812358e-11,6.565586951639162e-11
1772531320.1525762,1270,0.6682872772216797,1496.3624687834463,0.8995600685714882,0.0010277734774951002,7.763571984588896e-05,0.003947765150840435,0.0,0.0,0.9,5.6580947596499544e-11,5.6580939827629235e-11,6.475270715936599e-11
1772531320.1651695,1271,0.5240440368652344,1908.2365787079164,0.9017792252969846,0.0022910712405978116,7.763571984588896e-05,0.003947765150840435,0.0,0.0,0.9,5.7372543362108245e-11,5.737254332887698e-11,6.406560701656248e-11
1772531320.178292,1272,1.0521411895751953,950.4427826875142,0.9035111982229084,0.0017744417411167711,7.763571984588896e-05,0.003947765150840435,0.0,0.0,0.9,5.6682833008501296e-11,5.668283299720578e-11,6.336548998522794e-11
1772531320.190206,1273,0.7641315460205078,1308.6751950078003,0.899658412930649,0.003977721888437609,7.763571984588896e-05,0.003947765150840435,0.0,0.0,0.9,5.341730209995586e-11,5.341730209995586e-11,6.233718694551922e-11
1772531320.2026534,1274,0.7131099700927734,1402.3082581076562,0.8997894176259825,0.0001583712940384375,7.763571984588896e-05,0.003947765150840435,0.0,0.0,0.9,5.4227474715658855e-11,5.4227474715658855e-11,6.155556924809145e-11
1772531320.215179,1275,0.6275177001953125,1593.580547112462,0.9009999830548246,0.0012533356578298958,7.763571984588896e-05,0.003947765150840435,0.0,0.0,0.9,5.406789121584448e-11,5.406789898472925e-11,6.083934025753979e-11
1772531320.22803,1276,0.8058547973632812,1240.9183431952663,0.9028221906681894,0.0018719119159557377,7.763571984588896e-05,0.003947765150840435,0.0,0.0,0.9,5.381890669190737e-11,5.3818906862675194e-11,6.017628942299504e-11
1772531320.2400696,1277,0.7393360137939453,1352.5649790390196,0.8987800160864354,0.004166978860307618,7.763571984588896e-05,0.003947765150840435,0.0,0.0,0.9,5.0587761405610614e-11,5.0587769174490494e-11,5.918207754331085e-11
1772531320.2526565,1278,0.6866455078125,1456.3555555555556,0.9003633736555552,0.001645558491480734,7.763571984588896e-05,0.003947765150840435,0.0,0.0,0.9,5.209700655247345e-11,5.209700657440934e-11,5.851896166792774e-11
1772531320.2649958,1279,0.576019287109375,1736.0529801324503,0.8999834699991296,0.0003875186726107815,7.763571984588896e-05,0.003947765150840435,0.0,0.0,0.9,5.070270265611792e-11,5.070270265611792e-11,5.774559370728939e-11
1772531320.2780948,1280,0.8668899536132812,1153.5489548954895,0.9036630168734752,0.003787100521352581,7.763571984588896e-05,0.003947765150840435,0.0,0.0,0.9,5.186103916824307e-11,5.1861039190178905e-11,5.721959619739096e-11
1772531320.2900698,1281,0.7507801055908203,1331.9479199745952,0.8991315600150098,0.004676331297226012,7.763571984588896e-05,0.003947765150840435,0.0,0.0,0.9,4.7936975840271466e-11,4.7936968071389266e-11,5.62483307166571e-11
1772531320.3026955,1282,0.6959438323974609,1436.8975676601576,0.9010665570443925,0.0020024707722798266,7.763571984588896e-05,0.003947765150840435,0.0,0.0,0.9,4.969796596853768e-11,4.9697965990473486e-11,5.5642362162604045e-11
1772531320.3149111,1283,0.5061626434326172,1975.649552520019,0.8998914575066082,0.0012084405486837032,7.763571984588896e-05,0.003947765150840435,0.0,0.0,0.9,4.791137316797192e-11,4.791137316797192e-11,5.48678505384704e-11
1772531320.3281016,1284,0.8847713470458984,1130.2355160334141,0.9040574878033873,0.004287275356610722,7.763571984588896e-05,0.003947765150840435,0.0,0.0,0.9,4.948668363808044e-11,4.948668363808044e-11,5.4396644482283755e-11
1772531320.340055,1285,0.6983280181884766,1431.9918060771595,0.8994710540558912,0.004736065230955491,7.763571984588896e-05,0.003947765150840435,0.0,0.0,0.9,4.557704097561226e-11,4.557704097561226e-11,5.347255016377726e-11
1772531320.3525233,1286,0.6983280181884766,1431.9918060771595,0.8995249665051842,9.816436017726066e-05,7.763571984588896e-05,0.003947765150840435,0.0,0.0,0.9,4.647615965753468e-11,4.647615969076618e-11,5.2798775043610615e-11
1772531320.3652246,1287,0.6482601165771484,1542.5906583302685,0.9021171614164412,0.0026738106905525995,7.763571984588896e-05,0.003947765150840435,0.0,0.0,0.9,4.6939179371221876e-11,4.6939179371221876e-11,5.2256150090784135e-11
1772531320.3777926,1288,0.7538795471191406,1326.471853257432,0.9016158257914478,0.0005268808492374003,7.763571984588896e-05,0.003947765150840435,0.0,0.0,0.9,4.534106581171982e-11,4.534106582301542e-11,5.157059039390503e-11
1772531320.3900445,1289,0.6129741668701172,1631.3901205756515,0.9002946088774512,0.0013627148375553613,7.763571984588896e-05,0.003947765150840435,0.0,0.0,0.9,4.439028701993239e-11,4.439028701993239e-11,5.085583833003355e-11
1772531320.4025192,1290,0.6928443908691406,1443.3255333792154,0.8997445737687557,0.0005618660786176702,7.763571984588896e-05,0.003947765150840435,0.0,0.0,0.9,4.400310326407282e-11,4.400310326407282e-11,5.018236786111668e-11
1772531320.4156039,1291,0.8032321929931641,1244.9700207776789,0.9047579860770458,0.005158808711693403,7.763571984588896e-05,0.003947765150840435,0.0,0.0,0.9,4.558909395188708e-11,4.558909395188708e-11,4.9791817425804835e-11
1772531320.4278286,1292,0.7903575897216797,1265.2500754147813,0.9010141601472889,0.003876767617940224,7.763571984588896e-05,0.003947765150840435,0.0,0.0,0.9,4.2092731630382344e-11,4.2092731630382344e-11,4.899115814477457e-11
1772531320.440186,1293,0.6914138793945312,1446.311724137931,0.9007837948983258,0.00023724307472428152,7.763571984588896e-05,0.003947765150840435,0.0,0.0,0.9,4.256644715484282e-11,4.256644715484282e-11,4.8369441822395525e-11
1772531320.452935,1294,0.7877349853515625,1269.4624697336562,0.9026063057154414,0.0018737312477902451,7.763571984588896e-05,0.003947765150840435,0.0,0.0,0.9,4.2787084224027166e-11,4.2787084224027166e-11,4.784511752738785e-11
1772531320.465778,1295,1.2135505676269531,824.0282907662082,0.901621812566863,0.0010256292294654247,7.763571984588896e-05,0.003947765150840435,0.0,0.0,0.9,4.1367177655353926e-11,4.1367177666649484e-11,4.720002092271046e-11
1772531320.477382,1296,0.6012916564941406,1663.086439333862,0.8981154168026284,0.003607386903421841,7.763571984588896e-05,0.003947765150840435,0.0,0.0,0.9,3.9820245941287274e-11,3.9820245941287274e-11,4.64442106661871e-11
1772531320.4901118,1297,0.5929470062255859,1686.4913550462404,0.9012182023401986,0.003211745107255016,7.763571984588896e-05,0.003947765150840435,0.0,0.0,0.9,4.14067382994955e-11,4.14067382994955e-11,4.598930457911955e-11
1772531320.5025265,1298,0.6947517395019531,1439.363074811256,0.8993116786738382,0.001960224372261447,7.763571984588896e-05,0.003947765150840435,0.0,0.0,0.9,3.93404690774235e-11,3.93404690774235e-11,4.5313875771826847e-11
1772531320.5157633,1299,1.2936592102050781,773.0011057869517,0.9022508504793416,0.003032954450333644,7.763571984588896e-05,0.003947765150840435,0.0,0.0,0.9,4.039873947269282e-11,4.039873947269282e-11,4.486648125148413e-11
1772531320.5280912,1300,1.1019706726074219,907.4651665945478,0.9010564866610504,0.0012369005898892548,7.763571984588896e-05,0.003947765150840435,0.0,0.0,0.9,3.868845311508515e-11,3.868846090591195e-11,4.4246575680970975e-11
1772531320.5408156,1301,1.0900497436523438,917.3893263342082,0.9034702173035082,0.002479497874142464,7.763571984588896e-05,0.003947765150840435,0.0,0.0,0.9,3.9357689125199334e-11,3.935768913649502e-11,4.379636526622948e-11
1772531320.5530837,1302,1.1053085327148438,904.7247627264884,0.9006285847408276,0.002938592433955203,7.763571984588896e-05,0.003947765150840435,0.0,0.0,0.9,3.726856990821881e-11,3.726856990821881e-11,4.3128495256549066e-11
1772531320.5655987,1303,1.2557506561279297,796.3364344028859,0.899623593247448,0.0010302436101904053,7.763571984588896e-05,0.003947765150840435,0.0,0.0,0.9,3.718341072758852e-11,3.718341074952432e-11,4.254296992563701e-11
1772531320.5785763,1304,1.3623237609863281,734.0399019950997,0.9038808880589454,0.004384123143524567,7.763571984588896e-05,0.003947765150840435,0.0,0.0,0.9,3.838874149195576e-11,3.8388749260795996e-11,4.2179685839996925e-11
1772531320.590909,1305,1.2102127075195312,826.3010244286841,0.9025158197715392,0.0014286777518911753,7.763571984588896e-05,0.003947765150840435,0.0,0.0,0.9,3.640064474233058e-11,3.6400644753626163e-11,4.1597474456733824e-11
1772531320.603283,1306,1.165628433227539,857.9063203109021,0.9012171542501749,0.0013459837354294426,7.763571984588896e-05,0.003947765150840435,0.0,0.0,0.9,3.586222862863123e-11,3.586222861733565e-11,4.10291598571536e-11
1772531320.6156797,1307,0.8721351623535156,1146.6112629852378,0.902508851028136,0.001326277359298631,7.763571984588896e-05,0.003947765150840435,0.0,0.0,0.9,3.6144673480340835e-11,3.614466571151228e-11,4.056709793454406e-11
1772531320.6281161,1308,0.9298324584960938,1075.462564102564,0.9006848631799894,0.001884564684142682,7.763571984588896e-05,0.003947765150840435,0.0,0.0,0.9,3.480021005737837e-11,3.480021003544256e-11,3.99862006977251e-11
1772531320.6400568,1309,0.6136894226074219,1629.4887334887335,0.8981305315841209,0.0026219460118470646,7.763571984588896e-05,0.003947765150840435,0.0,0.0,0.9,3.3985780093592065e-11,3.3985780093592065e-11,3.93795441245617e-11
1772531320.6528547,1310,0.7426738739013672,1346.4860353130016,0.9005660750641012,0.00252848425543389,7.763571984588896e-05,0.003947765150840435,0.0,0.0,0.9,3.489470028481877e-11,3.489470028481877e-11,3.8965130272526856e-11
1772531320.6649194,1311,0.6053447723388672,1651.9511618747538,0.8976830689433785,0.002958908478400202,7.763571984588896e-05,0.003947765150840435,0.0,0.0,0.9,3.299683658550746e-11,3.2996836552276233e-11,3.8351768361248044e-11
1772531320.678028,1312,0.8580684661865234,1165.4081689358154,0.902163139117985,0.004630551073122094,7.763571984588896e-05,0.003947765150840435,0.0,0.0,0.9,3.4578208361726435e-11,3.4578208361726435e-11,3.8024358449393213e-11
1772531320.689843,1313,0.7047653198242188,1418.9120433017592,0.8968375684137464,0.0054800923395731975,7.763571984588896e-05,0.003947765150840435,0.0,0.0,0.9,3.153789440478449e-11,3.153790217368778e-11,3.733798430171978e-11
1772531320.7027805,1314,0.7729530334472656,1293.739666872301,0.9010853590808238,0.004399311725756519,7.763571984588896e-05,0.003947765150840435,0.0,0.0,0.9,3.356042342581e-11,3.3560415656983476e-11,3.7010242462540936e-11
1772531320.715033,1315,0.7202625274658203,1388.3826547500828,0.8997015658304242,0.0014223289213711509,7.763571984588896e-05,0.003947765150840435,0.0,0.0,0.9,3.179478324483573e-11,3.179478324483573e-11,3.648224364984883e-11
1772531320.7278252,1316,0.881195068359375,1134.8225108225108,0.9013977678886185,0.001752563416235851,7.763571984588896e-05,0.003947765150840435,0.0,0.0,0.9,3.217639173871122e-11,3.217639173871122e-11,3.607697446979983e-11
1772531320.7400007,1317,0.6611347198486328,1512.5510277677606,0.9007327863430145,0.0006870197892883848,7.763571984588896e-05,0.003947765150840435,0.0,0.0,0.9,3.121862640940066e-11,3.1218626431336444e-11,3.5594729327520716e-11
1772531320.7527168,1318,0.7867813110351562,1271.0012121212121,0.9013860562040398,0.0006722578126192996,7.763571984588896e-05,0.003947765150840435,0.0,0.0,0.9,3.114834276715771e-11,3.114834276715771e-11,3.51667321572285e-11
1772531320.7650728,1319,0.7503032684326172,1332.7944073721005,0.9003096744813431,0.0011100033895469,7.763571984588896e-05,0.003947765150840435,0.0,0.0,0.9,3.032186756275474e-11,3.032186756275474e-11,3.468430471864481e-11
1772531320.7781384,1320,0.8733272552490234,1145.0461370461371,0.9047522682005135,0.004567524633440874,7.763571984588896e-05,0.003947765150840435,0.0,0.0,0.9,3.1375480370166155e-11,3.137548034823031e-11,3.4397986332464683e-11
1772531320.7900612,1321,0.7374286651611328,1356.0633688975106,0.9001330456678096,0.00477627199645918,7.763571984588896e-05,0.003947765150840435,0.0,0.0,0.9,2.884242005674909e-11,2.8842412287875342e-11,3.381570475662131e-11
1772531320.8024843,1322,0.7052421569824219,1417.9526707234618,0.8995382164480005,0.0006075250421455911,7.763571984588896e-05,0.003947765150840435,0.0,0.0,0.9,2.92477493029173e-11,2.92477493029173e-11,3.337121793566205e-11
1772531320.8152251,1323,0.6594657897949219,1516.3788864786695,0.9028157349975072,0.003376941614581226,7.763571984588896e-05,0.003947765150840435,0.0,0.0,0.9,2.985226175521029e-11,2.985226176650587e-11,3.305260961087737e-11
1772531320.8281796,1324,0.9284019470214844,1077.1196712891629,0.9041704158918558,0.00138234594143258,7.763571984588896e-05,0.003947765150840435,0.0,0.0,0.9,2.919237235154368e-11,2.9192372340248205e-11,3.268302927127045e-11
1772531320.8400571,1325,0.8089542388916016,1236.1638667845564,0.8986520786048346,0.005694481354695042,7.763571984588896e-05,0.003947765150840435,0.0,0.0,0.9,2.7157720651733293e-11,2.7157720651733293e-11,3.210286420304358e-11
1772531320.8525722,1326,0.7359981536865234,1358.6990605766116,0.8998966425761632,0.0012992996084905603,7.763571984588896e-05,0.003947765150840435,0.0,0.0,0.9,2.8176932062707082e-11,2.8176932062707082e-11,3.173464792629274e-11
1772531320.8655884,1327,0.8718967437744141,1146.9248017500684,0.9038631661382622,0.004082467337660714,7.763571984588896e-05,0.003947765150840435,0.0,0.0,0.9,2.857203597194914e-11,2.857203597194914e-11,3.14524066725894e-11
1772531320.877948,1328,0.8683204650878906,1151.6485447556288,0.9019927132137047,0.0019469107128426643,7.763571984588896e-05,0.003947765150840435,0.0,0.0,0.9,2.7019975907190946e-11,2.7019975929126696e-11,3.100304044714699e-11
1772531320.8902035,1329,0.7259845733642578,1377.43973727422,0.9003780100952858,0.0016667706559822483,7.763571984588896e-05,0.003947765150840435,0.0,0.0,0.9,2.663417227405622e-11,2.663417225212055e-11,3.0568321427022573e-11
1772531320.902858,1330,0.7596015930175781,1316.4795982423102,0.9011673472918145,0.0008158908828733367,7.763571984588896e-05,0.003947765150840435,0.0,0.0,0.9,2.6778425481498964e-11,2.6778425481498964e-11,3.020555864108961e-11
1772531320.915577,1331,0.8375644683837891,1193.9379447765443,0.902919217209015,0.001798884159036902,7.763571984588896e-05,0.003947765150840435,0.0,0.0,0.9,2.6714704593087464e-11,2.6714696812915186e-11,2.987610651272054e-11
1772531320.9276214,1332,0.8540153503417969,1170.9391401451703,0.8981697490740339,0.004893770813536526,7.763571984588896e-05,0.003947765150840435,0.0,0.0,0.9,2.495649052643944e-11,2.4956498295339983e-11,2.9362295507403234e-11
1772531320.9405596,1333,0.8530616760253906,1172.2481833426496,0.9028914062494077,0.004873446348617218,7.763571984588896e-05,0.003947765150840435,0.0,0.0,0.9,2.6557379987602863e-11,2.6557379987602863e-11,2.912447067573302e-11
1772531320.9529183,1334,0.9167194366455078,1090.8462938881664,0.9006447796290611,0.0023221938850056644,7.763571984588896e-05,0.003947765150840435,0.0,0.0,0.9,2.489505206485566e-11,2.489505206485566e-11,2.8691821556150676e-11
1772531320.9652734,1335,0.7469654083251953,1338.750079795723,0.900586317981801,6.223613064822114e-05,7.763571984588896e-05,0.003947765150840435,0.0,0.0,0.9,2.4949488247530406e-11,2.4949488247530406e-11,2.8328592103708444e-11
1772531320.9779246,1336,0.8089542388916016,1236.1638667845564,0.9017419531390621,0.0011911131623371248,7.763571984588896e-05,0.003947765150840435,0.0,0.0,0.9,2.489925515441679e-11,2.4899255121185406e-11,2.8001057711057373e-11
1772531320.990315,1337,0.7929801940917969,1261.065544197234,0.9004520378992956,0.0013300770050685541,7.763571984588896e-05,0.003947765150840435,0.0,0.0,0.9,2.4109479110742983e-11,2.410947928156412e-11,2.7611843563261022e-11
1772531321.0028336,1338,0.7672309875488281,1303.38844002486,0.9009013855225075,0.000467373602816006,7.763571984588896e-05,0.003947765150840435,0.0,0.0,0.9,2.4111838945852088e-11,2.4111838934556594e-11,2.7274085978371046e-11
1772531321.0150466,1339,0.7443428039550781,1343.4670083279948,0.8985215087664926,0.0024443194089694108,7.763571984588896e-05,0.003947765150840435,0.0,0.0,0.9,2.3221063978407082e-11,2.3221063978407082e-11,2.6862729767983522e-11
1772531321.0275924,1340,0.827789306640625,1208.036866359447,0.898666629613542,0.00021313806044958444,7.763571984588896e-05,0.003947765150840435,0.0,0.0,0.9,2.3329026482292867e-11,2.332903421790758e-11,2.651958818101003e-11
1772531321.040543,1341,0.8301734924316406,1204.5674899483056,0.903499031821809,0.004982827875129296,7.763571984588896e-05,0.003947765150840435,0.0,0.0,0.9,2.4013137859921508e-11,2.4013137859921508e-11,2.63026253690528e-11
1772531321.052716,1342,0.7770061492919922,1286.9911015648972,0.9004432073249968,0.0031586456767923312,7.763571984588896e-05,0.003947765150840435,0.0,0.0,0.9,2.2331260973071552e-11,2.2331260973071552e-11,2.5892418098708807e-11
1772531321.0652626,1343,0.7855892181396484,1272.9298937784522,0.9013893349410317,0.0009763272584114797,7.763571984588896e-05,0.003947765150840435,0.0,0.0,0.9,2.2712430135003368e-11,2.2712430135003368e-11,2.5590648806094578e-11
1772531321.078962,1344,1.5711784362792969,636.4649468892261,0.9053833955917902,0.004100238015099646,7.763571984588896e-05,0.003947765150840435,0.0,0.0,0.9,2.3089357434156697e-11,2.3089357434156697e-11,2.5369342041985882e-11
1772531321.0910048,1345,1.3363361358642578,748.3147190008921,0.9023203179141753,0.0031839959079827036,7.763571984588896e-05,0.003947765150840435,0.0,0.0,0.9,2.1602484047710922e-11,2.1602483888331727e-11,2.4982114237014584e-11
1772531321.1032372,1346,1.1157989501953125,896.2188034188034,0.9008794864908473,0.0014906648936590476,7.763571984588896e-05,0.003947765150840435,0.0,0.0,0.9,2.1506613463562935e-11,2.1506605694671655e-11,2.463870508870112e-11
1772531321.1155236,1347,0.8797645568847656,1136.6677506775068,0.9007793990523753,0.00010235791759494573,7.763571984588896e-05,0.003947765150840435,0.0,0.0,0.9,2.1425186683836365e-11,2.1425186513187425e-11,2.4325868021653095e-11
1772531321.1277466,1348,0.6597042083740234,1515.8308637513553,0.9000308621064117,0.0007673226571156217,7.763571984588896e-05,0.003947765150840435,0.0,0.0,0.9,2.102309600294917e-11,2.1023095992309074e-11,2.3999130965213912e-11
1772531321.1400764,1349,0.7305145263671875,1368.8981723237598,0.8979828968573854,0.002098220484721128,7.763571984588896e-05,0.003947765150840435,0.0,0.0,0.9,2.0471624050588966e-11,2.0471624039293356e-11,2.364350452508268e-11
1772531321.1529663,1350,0.8206367492675781,1218.5659500290528,0.9015967623552591,0.003738249992348335,7.763571984588896e-05,0.003947765150840435,0.0,0.0,0.9,2.116546744994308e-11,2.116546744994308e-11,2.3421469433866358e-11
1772531321.165704,1351,0.8399486541748047,1190.548963951178,0.9034352846181881,0.0018856137746105822,7.763571984588896e-05,0.003947765150840435,0.0,0.0,0.9,2.0734096166016495e-11,2.0734096166016495e-11,2.316563398952803e-11
1772531321.1777089,1352,0.8893013000488281,1124.4782841823057,0.8976337399896201,0.0059783455010202725,7.763571984588896e-05,0.003947765150840435,0.0,0.0,0.9,1.916994442630099e-11,1.916994442630099e-11,2.2744094533105984e-11
1772531321.1900256,1353,0.7143020629882812,1399.9679572763685,0.8985400950676566,0.0009711144236751625,7.763571984588896e-05,0.003947765150840435,0.0,0.0,0.9,1.986756671598718e-11,1.9867566749218874e-11,2.247170931185348e-11
1772531321.2029693,1354,0.8623600006103516,1159.608515344208,0.9018458995329481,0.0034163346713545584,7.763571984588896e-05,0.003947765150840435,0.0,0.0,0.9,2.0071831378484194e-11,2.007183135654847e-11,2.2252107793886065e-11
1772531321.2155623,1355,0.8647441864013672,1156.411359250069,0.9026368851513759,0.0008083001106064108,7.763571984588896e-05,0.003947765150840435,0.0,0.0,0.9,1.9521300354361155e-11,1.9521300365656788e-11,2.1986755861573578e-11
1772531321.227686,1356,0.8416175842285156,1188.1881019830028,0.8987529286266175,0.004002806885187558,7.763571984588896e-05,0.003947765150840435,0.0,0.0,0.9,1.850445641005935e-11,1.850445642135512e-11,2.1627202322248888e-11
1772531321.2398877,1357,0.6899833679199219,1449.3102971665514,0.8980571257346678,0.000709259485092507,7.763571984588896e-05,0.003947765150840435,0.0,0.0,0.9,1.8646380466949064e-11,1.8646380466949064e-11,2.1335077566537665e-11
1772531321.2530463,1358,0.8628368377685547,1158.967670627245,0.9035212217702747,0.005635719213536587,7.763571984588896e-05,0.003947765150840435,0.0,0.0,0.9,1.941054629226925e-11,1.9410538523378223e-11,2.1173100145265232e-11
1772531321.2648156,1359,0.5202293395996094,1922.2291475710358,0.8989586357604537,0.00470732016242799,7.763571984588896e-05,0.003947765150840435,0.0,0.0,0.9,1.772540726616788e-11,1.772540726616788e-11,2.0810563403143353e-11
1772531321.277631,1360,0.7214546203613281,1386.088565763384,0.900634028667183,0.0017373113453043377,7.763571984588896e-05,0.003947765150840435,0.0,0.0,0.9,1.833829439277917e-11,1.833829439277917e-11,2.0580273696876748e-11
1772531321.2904036,1361,0.8306503295898438,1203.8760045924225,0.9027023114641307,0.002126584989686614,7.763571984588896e-05,0.003947765150840435,0.0,0.0,0.9,1.8235460228166133e-11,1.8235467997065235e-11,2.0359439323802963e-11
1772531321.302929,1362,0.8840560913085938,1131.1499460625673,0.9020825372386707,0.0006566274673651284,7.763571984588896e-05,0.003947765150840435,0.0,0.0,0.9,1.7660737978533025e-11,1.7660737978533025e-11,2.0092129229025548e-11
1772531321.3152034,1363,0.6504058837890625,1537.5014662756598,0.9018782558044249,0.00022818915074256316,7.763571984588896e-05,0.003947765150840435,0.0,0.0,0.9,1.7483394146685158e-11,1.7483394146685158e-11,1.9837621163800014e-11
1772531321.327637,1364,0.6961822509765625,1436.4054794520548,0.9001930318112699,0.0017392919698329828,7.763571984588896e-05,0.003947765150840435,0.0,0.0,0.9,1.702593411275659e-11,1.7025934134692443e-11,1.9556058974224565e-11
1772531321.3406348,1365,0.8766651153564453,1140.6864291542017,0.9039723886049353,0.0038874594926309835,7.763571984588896e-05,0.003947765150840435,0.0,0.0,0.9,1.758858017365035e-11,1.758858014041932e-11,1.938215400577522e-11
1772531321.3528364,1366,0.9036064147949219,1106.6765171503957,0.9003465234389948,0.003749193435381864,7.763571984588896e-05,0.003947765150840435,0.0,0.0,0.9,1.638650370498376e-11,1.638650370498376e-11,1.9071813097845154e-11
1772531321.3652515,1367,0.7700920104980469,1298.5461300309598,0.9007036510221107,0.00037193910200580463,7.763571984588896e-05,0.003947765150840435,0.0,0.0,0.9,1.6643831973479765e-11,1.664383196218433e-11,1.8839086161019885e-11
1772531321.3776724,1368,0.6442070007324219,1552.2960769800147,0.9008377110806319,0.00013996397070912577,7.763571984588896e-05,0.003947765150840435,0.0,0.0,0.9,1.6411627920312287e-11,1.6411627909016925e-11,1.8602253736492195e-11
1772531321.3907878,1369,0.9055137634277344,1104.3454449710373,0.9044751264447242,0.003737627875614617,7.763571984588896e-05,0.003947765150840435,0.0,0.0,0.9,1.6722482680570135e-11,1.6722482647339246e-11,1.8434264599290005e-11
1772531321.4034991,1370,1.4166831970214844,705.8741164591047,0.9009052889866304,0.0036951180223134686,7.763571984588896e-05,0.003947765150840435,0.0,0.0,0.9,1.56046631628653e-11,1.5604663345073272e-11,1.814158289265098e-11
1772531321.4159603,1371,1.2733936309814453,785.3031267552893,0.9021513994685254,0.0012810663503652767,7.763571984588896e-05,0.003947765150840435,0.0,0.0,0.9,1.597138833820803e-11,1.5971380591276104e-11,1.7937766234980384e-11
1772531321.4285343,1372,1.2946128845214844,772.4316758747698,0.9015097319903409,0.0006688582939574567,7.763571984588896e-05,0.003947765150840435,0.0,0.0,0.9,1.5548345016432778e-11,1.554835278520814e-11,1.7701407585006478e-11
1772531321.4408617,1373,0.9572505950927734,1044.6585305105853,0.9031757118367391,0.001708840980504889,7.763571984588896e-05,0.003947765150840435,0.0,0.0,0.9,1.56525828992835e-11,1.56525828992835e-11,1.7508973366272865e-11
1772531321.4532225,1374,1.1284351348876953,886.1829706317346,0.8998244434795916,0.0034585202075627223,7.763571984588896e-05,0.003947765150840435,0.0,0.0,0.9,1.4824233725551323e-11,1.4824233725551323e-11,1.723300276488587e-11
1772531321.465855,1375,1.2006759643554688,832.8641779189833,0.9005912585824988,0.0008003244929821826,7.763571984588896e-05,0.003947765150840435,0.0,0.0,0.9,1.5081600852340798e-11,1.5081600852340798e-11,1.7027977566484303e-11
1772531321.4782982,1376,1.2121200561523438,825.0007867820614,0.900056185472169,0.0005469059874514605,7.763571984588896e-05,0.003947765150840435,0.0,0.0,0.9,1.47390513206124e-11,1.4739051298676935e-11,1.680160290204765e-11
1772531321.4911845,1377,1.2822151184082031,779.9003346969133,0.9031179930871203,0.003154129878435919,7.763571984588896e-05,0.003947765150840435,0.0,0.0,0.9,1.5008980491521843e-11,1.500897274466832e-11,1.6638425613734312e-11
1772531321.5032902,1378,1.1720657348632812,853.1944670463791,0.8996510344600929,0.0035762509799429306,7.763571984588896e-05,0.003947765150840435,0.0,0.0,0.9,1.4066607526773496e-11,1.4066607504837676e-11,1.6372643320172174e-11
1772531321.5158691,1379,1.165628433227539,857.9063203109021,0.9007303186825699,0.0011226941358098443,7.763571984588896e-05,0.003947765150840435,0.0,0.0,0.9,1.4363049230418263e-11,1.4363041461528616e-11,1.6182372323478095e-11
1772531321.5285292,1380,1.338958740234375,746.8490028490029,0.9006915910329241,4.634584891816147e-05,7.763571984588896e-05,0.003947765150840435,0.0,0.0,0.9,1.4070764104520248e-11,1.4070756335653748e-11,1.597511547637077e-11
1772531321.5406892,1381,0.9663105010986328,1034.8640513200098,0.9003153986329412,0.00038424990182035583,7.763571984588896e-05,0.003947765150840435,0.0,0.0,0.9,1.3847844596891409e-11,1.3847844618826937e-11,1.5765843788187802e-11
1772531321.5527763,1382,0.7870197296142578,1270.616176916086,0.8984631668397093,0.0018981689597730713,7.763571984588896e-05,0.003947765150840435,0.0,0.0,0.9,1.3475104827648497e-11,1.3475104645643168e-11,1.553534881840187e-11
1772531321.5662627,1383,1.3532638549804688,738.954193093728,0.9030378855443246,0.004720859061826345,7.763571984588896e-05,0.003947765150840435,0.0,0.0,0.9,1.4031673807152974e-11,1.4031673785217445e-11,1.540513230866103e-11
1772531321.578978,1384,1.4967918395996094,668.095571838165,0.9037436886476241,0.0007189509421431385,7.763571984588896e-05,0.003947765150840435,0.0,0.0,0.9,1.3525353246438484e-11,1.3525353246438484e-11,1.5221811680141283e-11
1772531321.5901616,1385,0.9059906005859375,1103.7642105263158,0.8957913955222014,0.008190758570706117,7.763571984588896e-05,0.003947765150840435,0.0,0.0,0.9,1.2345139087311036e-11,1.2345139109246739e-11,1.491367099993989e-11
1772531321.602443,1386,0.6937980651855469,1441.3415807560139,0.8965454344699215,0.0008558289952833208,7.763571984588896e-05,0.003947765150840435,0.0,0.0,0.9,1.2976194831988434e-11,1.2976194831988434e-11,1.4730213507058986e-11
1772531321.6156564,1387,0.8759498596191406,1141.6178551986936,0.9027250871133793,0.0063850902705489074,7.763571984588896e-05,0.003947765150840435,0.0,0.0,0.9,1.3454152208108802e-11,1.345415203759135e-11,1.462435115011759e-11
1772531321.6273727,1388,0.6089210510253906,1642.2490211433046,0.8975537520149275,0.005326145276822575,7.763571984588896e-05,0.003947765150840435,0.0,0.0,0.9,1.215482462812824e-11,1.215482462812824e-11,1.4362454104398224e-11
1772531321.6400237,1389,0.6566047668457031,1522.9862018881627,0.8996576633881012,0.0021919484463803957,7.763571984588896e-05,0.003947765150840435,0.0,0.0,0.9,1.2677424189852941e-11,1.2677424211788606e-11,1.4206784750796438e-11
1772531321.6527252,1390,0.7855892181396484,1272.9298937784522,0.9007626347109293,0.0011454121656894294,7.763571984588896e-05,0.003947765150840435,0.0,0.0,0.9,1.2459625435188525e-11,1.2459625413252952e-11,1.4037959230574766e-11
1772531321.665675,1391,0.8573532104492188,1166.3804226918799,0.904478935841366,0.0038183295225983505,7.763571984588896e-05,0.003947765150840435,0.0,0.0,0.9,1.262156894094271e-11,1.2621568770407706e-11,1.3910968816945813e-11
1772531321.6779072,1392,1.0180473327636719,982.2725995316159,0.9001466692278883,0.004479719125248828,7.763571984588896e-05,0.003947765150840435,0.0,0.0,0.9,1.1688951392076934e-11,1.1688951380781393e-11,1.3679130455255824e-11
1772531321.6900995,1393,0.6878376007080078,1453.8315424610053,0.9000157003329514,0.00013357363403457696,7.763571984588896e-05,0.003947765150840435,0.0,0.0,0.9,1.1879759304738099e-11,1.1879759304738099e-11,1.3505364907201376e-11
1772531321.7029798,1394,0.8170604705810547,1223.8996206594688,0.902886010291463,0.0029542608958968994,7.763571984588896e-05,0.003947765150840435,0.0,0.0,0.9,1.2044055121722927e-11,1.2044055121722927e-11,1.3371403453372684e-11
1772531321.7157102,1395,0.8578300476074219,1165.7320733740967,0.9041834821356244,0.0013235292317979102,7.763571984588896e-05,0.003947765150840435,0.0,0.0,0.9,1.180437090739003e-11,1.180437090739003e-11,1.3221464281862929e-11
1772531321.727615,1396,0.8814334869384766,1134.5155531512037,0.8975886815497114,0.006801422821236527,7.763571984588896e-05,0.003947765150840435,0.0,0.0,0.9,1.0874097430421971e-11,1.0874097441717963e-11,1.2972617319907468e-11
1772531321.7400799,1397,0.7936954498291016,1259.9291078401923,0.8991764370802677,0.0016613118665533837,7.763571984588896e-05,0.003947765150840435,0.0,0.0,0.9,1.1404640295900587e-11,1.1404640307196441e-11,1.2826925225573925e-11
1772531321.7530231,1398,0.8521080017089844,1173.5601566871853,0.9031896546223082,0.0041352083595643,7.763571984588896e-05,0.003947765150840435,0.0,0.0,0.9,1.1541443855770255e-11,1.1541443855770255e-11,1.2711846255877674e-11
1772531321.765332,1399,0.8444786071777344,1184.1626199887069,0.901187289881007,0.0020768503504047203,7.763571984588896e-05,0.003947765150840435,0.0,0.0,0.9,1.089595213054015e-11,1.089595213054015e-11,1.2527210208032521e-11
1772531321.7772334,1400,0.7076263427734375,1413.1752021563343,0.8968485711330908,0.00446138598004863,7.763571984588896e-05,0.003947765150840435,0.0,0.0,0.9,1.0479911321358544e-11,1.0479911343294639e-11,1.2316034447805295e-11
1772531321.790193,1401,0.7126331329345703,1403.2465707594513,0.9019998030294424,0.005324159678187374,7.763571984588896e-05,0.003947765150840435,0.0,0.0,0.9,1.1161685980459311e-11,1.1161693749374809e-11,1.2219024541573372e-11
1772531321.8027308,1402,0.6594657897949219,1516.3788864786695,0.9023473549735973,0.00035500753434951246,7.763571984588896e-05,0.003947765150840435,0.0,0.0,0.9,1.0680921635571092e-11,1.0680921635571092e-11,1.2067425406899846e-11
1772531321.8155844,1403,0.8411407470703125,1188.8616780045352,0.904081386540562,0.0017729275855002792,7.763571984588896e-05,0.003947765150840435,0.0,0.0,0.9,1.0688856966391204e-11,1.0688856966391204e-11,1.1937974471899012e-11
1772531321.8272722,1404,0.6158351898193359,1623.8110723964382,0.8977129860854773,0.0065676206354932255,7.763571984588896e-05,0.003947765150840435,0.0,0.0,0.9,9.838598960415979e-12,9.838598960415979e-12,1.1715621591048518e-11
1772531321.8406167,1405,0.8625984191894531,1159.2880044223327,0.9043981038938536,0.0068915643749687065,7.763571984588896e-05,0.003947765150840435,0.0,0.0,0.9,1.0774502214162637e-11,1.0774502214162637e-11,1.1644199366769596e-11
1772531321.8526592,1406,0.7455348968505859,1341.3188359449953,0.9004102437344829,0.004124672994192317,7.763571984588896e-05,0.003947765150840435,0.0,0.0,0.9,9.816289516998617e-12,9.816289516998617e-12,1.1452695484949533e-11
1772531321.86506,1407,0.67138671875,1489.4545454545455,0.9002204519602519,0.00019336367587659476,7.763571984588896e-05,0.003947765150840435,0.0,0.0,0.9,9.947023957305134e-12,9.947023979240771e-12,1.1307071289443948e-11
1772531321.8780434,1408,0.89263916015625,1120.2735042735044,0.9030641065233551,0.0029264704127318366,7.763571984588896e-05,0.003947765150840435,0.0,0.0,0.9,1.0086179966660992e-11,1.0086179966660992e-11,1.1195224547076978e-11
1772531321.890046,1409,0.5867481231689453,1704.3088175538398,0.9004641546678439,0.002687746823518001,7.763571984588896e-05,0.003947765150840435,0.0,0.0,0.9,9.543545363055062e-12,9.543545384990732e-12,1.1026494950430303e-11
1772531321.9027407,1410,0.7894039154052734,1266.778616732105,0.9008840159502834,0.00043549713636102503,7.763571984588896e-05,0.003947765150840435,0.0,0.0,0.9,9.629206010800674e-12,9.62920598886482e-12,1.0892249906424308e-11
1772531321.9153366,1411,0.8037090301513672,1244.2313853455948,0.9016732009105642,0.000811519107011155,7.763571984588896e-05,0.003947765150840435,0.0,0.0,0.9,9.547748259821438e-12,9.547748271117038e-12,1.0762760048828298e-11
1772531321.9282758,1412,0.9596347808837891,1042.0631055900622,0.9046224957086284,0.003025357309321781,7.763571984588896e-05,0.003947765150840435,0.0,0.0,0.9,9.627786955183395e-12,9.627786955183395e-12,1.0659148239188662e-11
1772531321.940304,1413,0.8342266082763672,1198.7150614461275,0.8999336439466133,0.0048448495623293775,7.763571984588896e-05,0.003947765150840435,0.0,0.0,0.9,8.932054175320178e-12,8.93205416468034e-12,1.0478655378847941e-11
1772531321.9528415,1414,0.7817745208740234,1279.1412015858493,0.9009060728720696,0.0010085252546723957,7.763571984588896e-05,0.003947765150840435,0.0,0.0,0.9,9.190809279108628e-12,9.190809279108628e-12,1.0357164886476967e-11
1772531321.9656148,1415,0.9133815765380859,1094.8326807622032,0.9023583488425257,0.001493366184653544,7.763571984588896e-05,0.003947765150840435,0.0,0.0,0.9,9.132632893077091e-12,9.132632893077091e-12,1.0240644274017105e-11
1772531321.977857,1416,0.9062290191650391,1103.4738226782426,0.8996457519084706,0.0027962362494071526,7.763571984588896e-05,0.003947765150840435,0.0,0.0,0.9,8.711456198896806e-12,8.711456198896806e-12,1.008463578783539e-11
1772531321.9899297,1417,0.7252693176269531,1378.7981591058515,0.897539179126575,0.0021564700695684462,7.763571984588896e-05,0.003947765150840435,0.0,0.0,0.9,8.594648353829873e-12,8.594648342534423e-12,9.935083035633077e-12
1772531322.0028906,1418,0.8413791656494141,1188.5247945593653,0.9015945499684059,0.004195831595419868,7.763571984588896e-05,0.003947765150840435,0.0,0.0,0.9,8.923679308398852e-12,8.923679286463034e-12,9.845646611209289e-12
1772531322.015003,1419,0.8378028869628906,1193.5981787137166,0.8981582776214444,0.0035343866347498348,7.763571984588896e-05,0.003947765150840435,0.0,0.0,0.9,8.307036430436448e-12,8.307036430436448e-12,9.686012593142647e-12
1772531322.0280175,1420,0.9024143218994141,1108.1384412153236,0.9029290678212312,0.004924173119325119,7.763571984588896e-05,0.003947765150840435,0.0,0.0,0.9,8.762159575209287e-12,8.762159553274023e-12,9.607213202251786e-12
1772531322.0397692,1421,0.637054443359375,1569.7245508982037,0.8978241642592834,0.00525901220996382,7.763571984588896e-05,0.003947765150840435,0.0,0.0,0.9,7.995217933701505e-12,7.995217955637304e-12,9.436986622151784e-12
1772531322.052736,1422,0.7760524749755859,1288.5726574500768,0.9017322761273237,0.0040408472056695545,7.763571984588896e-05,0.003947765150840435,0.0,0.0,0.9,8.469458233704731e-12,8.469458211769265e-12,9.352345934290603e-12
1772531322.0651674,1423,0.8413791656494141,1188.5247945593653,0.9008364484034934,0.0009262173335763936,7.763571984588896e-05,0.003947765150840435,0.0,0.0,0.9,8.079467274693676e-12,8.079475043612205e-12,9.22470242578437e-12
1772531322.078032,1424,0.8912086486816406,1122.071696094168,0.90382412967029,0.0030702011596721243,7.763571984588896e-05,0.003947765150840435,0.0,0.0,0.9,8.244210192778543e-12,8.244210192778543e-12,9.13566599249485e-12
1772531322.0900347,1425,0.7698535919189453,1298.9482812016104,0.8996755196424759,0.004284312973223262,7.763571984588896e-05,0.003947765150840435,0.0,0.0,0.9,7.683438145653179e-12,7.683438145653179e-12,8.984609457826855e-12
1772531322.1027274,1426,0.7448196411132812,1342.606914212548,0.901782618400876,0.002174438447046277,7.763571984588896e-05,0.003947765150840435,0.0,0.0,0.9,7.957045437596464e-12,7.957045437596464e-12,8.889989724124668e-12
1772531322.1155589,1427,0.8673667907714844,1152.9147883452447,0.9037550522894651,0.0020211182316703493,7.763571984588896e-05,0.003947765150840435,0.0,0.0,0.9,7.884001303673101e-12,7.883993534824838e-12,8.795193446879089e-12
1772531322.128215,1428,0.9257793426513672,1080.17100180273,0.9041005019484155,0.00036644626372355074,7.763571984588896e-05,0.003947765150840435,0.0,0.0,0.9,7.709017296552314e-12,7.709025087391924e-12,8.68975336277019e-12
1772531322.1402173,1429,0.7538795471191406,1326.471853257432,0.9000713169083594,0.004163620236085143,7.763571984588896e-05,0.003947765150840435,0.0,0.0,0.9,7.322311571500655e-12,7.322311571500655e-12,8.548769772731084e-12
1772531322.1525524,1430,0.7283687591552734,1372.9309328968905,0.8987839347022224,0.001317596368569012,7.763571984588896e-05,0.003947765150840435,0.0,0.0,0.9,7.34695775597233e-12,7.346957767268302e-12,8.430223684624792e-12
1772531322.1656816,1431,0.9005069732666016,1110.4855705586444,0.9039473799250602,0.005321726781826563,7.763571984588896e-05,0.003947765150840435,0.0,0.0,0.9,7.659686091670032e-12,7.65969386052209e-12,8.365060244928471e-12
1772531322.178021,1432,0.9093284606933594,1099.7126376507604,0.9012349063171727,0.0028096896583177174,7.763571984588896e-05,0.003947765150840435,0.0,0.0,0.9,7.131017377433471e-12,7.131017355498296e-12,8.238075413705933e-12
1772531322.1900432,1433,0.6644725799560547,1504.9529960531038,0.898892151216441,0.002408324032067597,7.763571984588896e-05,0.003947765150840435,0.0,0.0,0.9,7.022114104639267e-12,7.022114082704169e-12,8.115918614402077e-12
1772531322.2026901,1434,0.6053447723388672,1651.9511618747538,0.9007967482186865,0.0019756438784851314,7.763571984588896e-05,0.003947765150840435,0.0,0.0,0.9,7.1659045963637865e-12,7.165904574428737e-12,8.027119479273956e-12
1772531322.2157445,1435,0.8912086486816406,1122.071696094168,0.9039582331347084,0.003250212119903963,7.763571984588896e-05,0.003947765150840435,0.0,0.0,0.9,7.1836182671955245e-12,7.1836182891313616e-12,7.949900509552663e-12
1772531322.2275748,1436,0.8053779602050781,1241.6530491415037,0.8976845092667274,0.006466962472013246,7.763571984588896e-05,0.003947765150840435,0.0,0.0,0.9,6.554436558532465e-12,6.554436558532465e-12,7.801642780475322e-12
1772531322.2400966,1437,0.7531642913818359,1327.7315606204495,0.8991544788018537,0.0015444479232830214,7.763571984588896e-05,0.003947765150840435,0.0,0.0,0.9,6.8508780807752245e-12,6.850878092071262e-12,7.712908878995295e-12
1772531322.2525494,1438,0.6389617919921875,1565.0388059701493,0.9000166731884319,0.0009051875410719475,7.763571984588896e-05,0.003947765150840435,0.0,0.0,0.9,6.7461778978713265e-12,6.746178057638101e-12,7.619165314982556e-12
1772531322.2656991,1439,0.8728504180908203,1145.6716744059,0.9042560814320071,0.004363065298873471,7.763571984588896e-05,0.003947765150840435,0.0,0.0,0.9,6.87552442412095e-12,6.8755166552696565e-12,7.553530082206361e-12
1772531322.2775705,1440,0.6785392761230469,1473.75404075896,0.8990565977998394,0.005365975114363704,7.763571984588896e-05,0.003947765150840435,0.0,0.0,0.9,6.293329377072293e-12,6.293329388367804e-12,7.420654601930032e-12
1772531322.2906535,1441,0.9033679962158203,1106.9685932963844,0.9035264687691257,0.0046071266543216685,7.763571984588896e-05,0.003947765150840435,0.0,0.0,0.9,6.704265037930537e-12,6.704265037930537e-12,7.35970719946347e-12
1772531322.30249,1442,0.6124973297119141,1632.6601790579991,0.8987297051680743,0.004946866090067835,7.763571984588896e-05,0.003947765150840435,0.0,0.0,0.9,6.148605919413582e-12,6.148605919413582e-12,7.232373212737013e-12
1772531322.3149316,1443,0.6673336029052734,1498.5008931761342,0.8986221731935534,0.00015249987811043707,7.763571984588896e-05,0.003947765150840435,0.0,0.0,0.9,6.2696006850605845e-12,6.2696006737655204e-12,7.139260820502715e-12
1772531322.3279412,1444,0.8323192596435547,1201.462045259238,0.9024253805627398,0.003926071126852977,7.763571984588896e-05,0.003947765150840435,0.0,0.0,0.9,6.4064200090095584e-12,6.4064200090095584e-12,7.073540027329304e-12
1772531322.340407,1445,0.8304119110107422,1204.2216480045938,0.9017720016533516,0.000684755280323629,7.763571984588896e-05,0.003947765150840435,0.0,0.0,0.9,6.130452649042094e-12,6.130452682273614e-12,6.979487018821101e-12
1772531322.352678,1446,0.7050037384033203,1418.432194792019,0.9002661788705352,0.0015530131167429376,7.763571984588896e-05,0.003947765150840435,0.0,0.0,0.9,5.9982833892840106e-12,5.998291146775701e-12,6.881607990891984e-12
1772531322.3652227,1447,0.5204677581787109,1921.3486028401283,0.9023862627377259,0.0021833672210712332,7.763571984588896e-05,0.003947765150840435,0.0,0.0,0.9,6.098364832061751e-12,6.098364832061751e-12,6.808826914357943e-12
1772531322.3778532,1448,0.8630752563476562,1158.6475138121548,0.9008091603637557,0.0016314654527513246,7.763571984588896e-05,0.003947765150840435,0.0,0.0,0.9,5.852156413366064e-12,5.852156435302211e-12,6.712541015356279e-12
1772531322.3903341,1449,0.7665157318115234,1304.60466562986,0.9012949124675167,0.0005002916244505232,7.763571984588896e-05,0.003947765150840435,0.0,0.0,0.9,5.867031951827106e-12,5.867031940532035e-12,6.631162349149867e-12
1772531322.402761,1450,0.7891654968261719,1267.161329305136,0.9005826990733187,0.0007340730044894421,7.763571984588896e-05,0.003947765150840435,0.0,0.0,0.9,5.736297500065513e-12,5.736297500065513e-12,6.5426016495078786e-12
1772531322.415541,1451,0.8802413940429688,1136.0520043336944,0.9025807310591798,0.0020556422938490214,7.763571984588896e-05,0.003947765150840435,0.0,0.0,0.9,5.794442732694259e-12,5.794442732694259e-12,6.472695364644522e-12
1772531322.4282744,1452,0.9634494781494141,1037.93714427122,0.9037025172295547,0.001144691425222942,7.763571984588896e-05,0.003947765150840435,0.0,0.0,0.9,5.702775067328778e-12,5.70277505603343e-12,6.398929779492733e-12
1772531322.440161,1453,0.7488727569580078,1335.3403374721427,0.8988073185359576,0.0050496438291786645,7.763571984588896e-05,0.003947765150840435,0.0,0.0,0.9,5.344416774822423e-12,5.344424521659397e-12,6.2888819202758456e-12
1772531322.4527197,1454,0.7567405700683594,1321.4568367989918,0.8997715596609938,0.001012530926159325,7.763571984588896e-05,0.003947765150840435,0.0,0.0,0.9,5.506368104500056e-12,5.506368104500056e-12,6.2148838030282335e-12
1772531322.4655495,1455,1.0235309600830078,977.0100163056138,0.9007227379554676,0.0009882794346062617,7.763571984588896e-05,0.003947765150840435,0.0,0.0,0.9,5.4458708180912726e-12,5.4458708180912726e-12,6.140708182173676e-12
1772531322.4781113,1456,0.942230224609375,1061.3117408906883,0.9019273811974462,0.0012400541084545483,7.763571984588896e-05,0.003947765150840435,0.0,0.0,0.9,5.400256453315484e-12,5.400264222071013e-12,6.069812765148316e-12
1772531322.4900308,1457,0.6194114685058594,1614.4357197844495,0.8993155162626285,0.0026900549381198755,7.763571984588896e-05,0.003947765150840435,0.0,0.0,0.9,5.1638730995585065e-12,5.1638730995585065e-12,5.977504769698287e-12
1772531322.5027535,1458,0.8587837219238281,1164.437534702943,0.8996259777662644,0.00034248338262818617,7.763571984588896e-05,0.003947765150840435,0.0,0.0,0.9,5.2048216474340835e-12,5.2048216474340835e-12,5.902912970651901e-12
1772531322.5158033,1459,0.9028911590576172,1107.5532083443359,0.9047432325380704,0.005267177008485596,7.763571984588896e-05,0.003947765150840435,0.0,0.0,0.9,5.365384816707856e-12,5.365384646419757e-12,5.8571322323029225e-12
1772531322.5276551,1460,0.6775856018066406,1475.8282899366643,0.8999265594932274,0.004977167806985177,7.763571984588896e-05,0.003947765150840435,0.0,0.0,0.9,4.9013699903767824e-12,4.901369979081991e-12,5.7565539571231414e-12
1772531322.5401702,1461,0.7221698760986328,1384.7157477715418,0.8997000189480858,0.00023239979932628322,7.763571984588896e-05,0.003947765150840435,0.0,0.0,0.9,4.993523744997288e-12,4.993515976127241e-12,5.682784091233509e-12
1772531322.553043,1462,0.8606910705566406,1161.8570637119115,0.9023255395226704,0.002707375166727608,7.763571984588896e-05,0.003947765150840435,0.0,0.0,0.9,5.054499296756105e-12,5.0544992748208224e-12,5.624747177941259e-12
1772531322.5661862,1463,1.129150390625,885.6216216216217,0.9061378899744348,0.0039076711795704095,7.763571984588896e-05,0.003947765150840435,0.0,0.0,0.9,5.072675696554269e-12,5.072675696554269e-12,5.575393864750977e-12
1772531322.5772517,1464,0.5986690521240234,1670.3719633612106,0.8952637084837692,0.011211031257597936,7.763571984588896e-05,0.003947765150840435,0.0,0.0,0.9,4.411320758309377e-12,4.41132073637458e-12,5.447633349151024e-12
1772531322.590345,1465,0.8578300476074219,1165.7320733740967,0.8998568880889621,0.004769287777338698,7.763571984588896e-05,0.003947765150840435,0.0,0.0,0.9,4.903722290984068e-12,4.90373007154779e-12,5.402074039063309e-12
1772531322.6025097,1466,0.7266998291015625,1376.0839895013123,0.8985739113885179,0.0013118894045593438,7.763571984588896e-05,0.003947765150840435,0.0,0.0,0.9,4.63751775292482e-12,4.637509983860864e-12,5.324557827496834e-12
1772531322.615496,1467,0.8690357208251953,1150.7006858710563,0.9023966005250794,0.00394646625284681,7.763571984588896e-05,0.003947765150840435,0.0,0.0,0.9,4.778516612356598e-12,4.77851659042087e-12,5.275903790545891e-12
1772531322.6277456,1468,0.8802413940429688,1136.0520043336944,0.900063132688738,0.0024080426019856935,7.763571984588896e-05,0.003947765150840435,0.0,0.0,0.9,4.502101946054764e-12,4.502101775967599e-12,5.196799855645442e-12
1772531322.6402886,1469,0.7338523864746094,1362.6718648473034,0.9016092861062867,0.0015953934246363188,7.763571984588896e-05,0.003947765150840435,0.0,0.0,0.9,4.580297718162913e-12,4.5802977294590795e-12,5.138847899006152e-12
1772531322.6527245,1470,0.6830692291259766,1463.9804537521816,0.9009801262465497,0.0006518552048802802,7.763571984588896e-05,0.003947765150840435,0.0,0.0,0.9,4.449971542154557e-12,4.44997153085892e-12,5.070581930155285e-12
1772531322.665709,1471,0.8952617645263672,1116.9917443408788,0.9041593361924987,0.0032657373564415966,7.763571984588896e-05,0.003947765150840435,0.0,0.0,0.9,4.540251069602013e-12,4.54025124029614e-12,5.022659571753448e-12
1772531322.6775198,1472,0.6544589996337891,1527.9795992714025,0.8988945975663768,0.005433463911340381,7.763571984588896e-05,0.003947765150840435,0.0,0.0,0.9,4.182379036251986e-12,4.182379036251986e-12,4.9342267952609084e-12
1772531322.6901157,1473,0.7390975952148438,1353.0012903225806,0.8997517042982244,0.0009005772788920874,7.763571984588896e-05,0.003947765150840435,0.0,0.0,0.9,4.316422117441086e-12,4.316422128737626e-12,4.87573139211966e-12
1772531322.702963,1474,0.8356571197509766,1196.6630527817404,0.9025337783960724,0.002867129532888323,7.763571984588896e-05,0.003947765150840435,0.0,0.0,0.9,4.342926859614421e-12,4.342926848318919e-12,4.826497658352466e-12
1772531322.7152832,1475,0.7717609405517578,1295.7380290392339,0.901002980713586,0.0015856205575430658,7.763571984588896e-05,0.003947765150840435,0.0,0.0,0.9,4.151177729889927e-12,4.151177729889927e-12,4.758467732628923e-12
1772531322.7280989,1476,0.9067058563232422,1102.893505127531,0.902614879412296,0.0016556487699344788,7.763571984588896e-05,0.003947765150840435,0.0,0.0,0.9,4.202390728061783e-12,4.202390728061783e-12,4.706266627669811e-12
1772531322.7404964,1477,0.8680820465087891,1151.9648448228509,0.9016353815793701,0.001021143889473193,7.763571984588896e-05,0.003947765150840435,0.0,0.0,0.9,4.0692726743769816e-12,4.069264917242843e-12,4.642871406381975e-12
1772531322.7529697,1478,0.9415149688720703,1062.118004558116,0.9005284535808068,0.0011423568263966221,7.763571984588896e-05,0.003947765150840435,0.0,0.0,0.9,4.004588050330074e-12,4.0045880390345865e-12,4.579664257628992e-12
1772531322.7650752,1479,0.7073879241943359,1413.6514998314797,0.8990506259519995,0.0015157301114363873,7.763571984588896e-05,0.003947765150840435,0.0,0.0,0.9,3.930587331948514e-12,3.930587331948514e-12,4.51488564075608e-12
1772531322.7780268,1480,0.885009765625,1129.9310344827586,0.9022287668268963,0.0032802695400118726,7.763571984588896e-05,0.003947765150840435,0.0,0.0,0.9,4.032519233981966e-12,4.032519233981966e-12,4.471186424239719e-12
1772531322.7905397,1481,0.8568763732910156,1167.0294936004452,0.9023026103659288,9.252353253666256e-05,7.763571984588896e-05,0.003947765150840435,0.0,0.0,0.9,3.900319249840104e-12,3.900319261135884e-12,4.41503207959965e-12
1772531322.8028846,1482,0.9503364562988281,1052.2589061716005,0.8996070555500691,0.0027791487186344414,7.763571984588896e-05,0.003947765150840435,0.0,0.0,0.9,3.756081610790201e-12,3.756081610790201e-12,4.348080715990548e-12
1772531322.8152487,1483,0.7078647613525391,1412.6992253283934,0.9008875757149557,0.0013273152997423418,7.763571984588896e-05,0.003947765150840435,0.0,0.0,0.9,3.821684037914011e-12,3.821684015980068e-12,4.298327775919186e-12
1772531322.828165,1484,0.9660720825195312,1035.1194471865745,0.9024344031366416,0.0015901693737492418,7.763571984588896e-05,0.003947765150840435,0.0,0.0,0.9,3.792395686779627e-12,3.792395686779627e-12,4.250217278161446e-12
1772531322.840555,1485,0.8227825164794922,1215.388003477253,0.9022430154555087,0.00021843168745209457,7.763571984588896e-05,0.003947765150840435,0.0,0.0,0.9,3.699794800113229e-12,3.699794800113229e-12,4.196151213692616e-12
1772531322.8526468,1486,0.6868839263916016,1455.850052065255,0.8991367296926879,0.003200498732526825,7.763571984588896e-05,0.003947765150840435,0.0,0.0,0.9,3.5559733775412695e-12,3.5559733775412695e-12,4.130795386613348e-12
1772531322.8649285,1487,0.7154941558837891,1397.635454848384,0.8973720689052506,0.001803541189607242,7.763571984588896e-05,0.003947765150840435,0.0,0.0,0.9,3.5289594198748358e-12,3.52896717732404e-12,4.07071876119847e-12
1772531322.8781786,1488,0.9205341339111328,1086.3258223258224,0.903865983028538,0.006699997978762709,7.763571984588896e-05,0.003947765150840435,0.0,0.0,0.9,3.7337412385024546e-12,3.7337412385024546e-12,4.04385716436241e-12
1772531322.8904142,1489,0.8349418640136719,1197.688178183895,0.9009562107983579,0.0030119271025614083,7.763571984588896e-05,0.003947765150840435,0.0,0.0,0.9,3.4396128805999616e-12,3.439612710830283e-12,3.981308776303072e-12
1772531322.9024467,1490,0.7836818695068359,1276.0279890477639,0.8976263081270939,0.0034216544078403245,7.763571984588896e-05,0.003947765150840435,0.0,0.0,0.9,3.3609467523577833e-12,3.3609467417190867e-12,3.918185573673606e-12
1772531322.9149473,1491,0.6995201110839844,1429.5514655760055,0.899067588186503,0.0015139463795096606,7.763571984588896e-05,0.003947765150840435,0.0,0.0,0.9,3.4387030181338116e-12,3.4387030181338116e-12,3.8729011928845e-12
1772531322.9282253,1492,0.9226799011230469,1083.7994832041343,0.9051149063995821,0.006226404731453602,7.763571984588896e-05,0.003947765150840435,0.0,0.0,0.9,3.545732310934679e-12,3.5457323215756886e-12,3.8459349578160425e-12
1772531322.9402266,1493,0.8187294006347656,1221.4047757716949,0.9000083330760678,0.005278521757668311,7.763571984588896e-05,0.003947765150840435,0.0,0.0,0.9,3.211110501290635e-12,3.211110479355428e-12,3.778826762026702e-12
1772531322.9526005,1494,0.6999969482421875,1428.5776566757493,0.8999960391905331,4.67025310564408e-05,7.763571984588896e-05,0.003947765150840435,0.0,0.0,0.9,3.2846716196641294e-12,3.2846716196641294e-12,3.731311609267056e-12
1772531322.9656498,1495,0.8792877197265625,1137.2841648590022,0.9039961978133488,0.004116180348527165,7.763571984588896e-05,0.003947765150840435,0.0,0.0,0.9,3.3609467523577833e-12,3.3609467304236418e-12,3.69850533708304e-12
1772531322.9778736,1496,0.8916854858398438,1121.4716577540107,0.9006543870943281,0.00345750530480699,7.763571984588896e-05,0.003947765150840435,0.0,0.0,0.9,3.1348120104215714e-12,3.1348120104215714e-12,3.640273954604646e-12
1772531322.990204,1497,0.7381439208984375,1354.749354005168,0.900530212751013,0.00012650136874087133,7.763571984588896e-05,0.003947765150840435,0.0,0.0,0.9,3.1641082241045e-12,3.1641082460402874e-12,3.594192081846851e-12
1772531323.0027862,1498,0.7011890411376953,1426.1489289357362,0.9011891315087831,0.0006801678029320643,7.763571984588896e-05,0.003947765150840435,0.0,0.0,0.9,3.1450297777676597e-12,3.145029755831805e-12,3.5508685473546705e-12
1772531323.0157008,1499,0.9012222290039062,1109.6042328042329,0.9037552393563179,0.0026347220494855952,7.763571984588896e-05,0.003947765150840435,0.0,0.0,0.9,3.1631983629028894e-12,3.1631983629028894e-12,3.5150520631202575e-12
1772531323.027882,1500,1.0578632354736328,945.3017804823079,0.8991185396630911,0.004784799327098714,7.763571984588896e-05,0.003947765150840435,0.0,0.0,0.9,2.943031973768562e-12,2.943031995703855e-12,3.455311955267829e-12
1772531323.040132,1501,0.7541179656982422,1326.052481821056,0.8996568554509218,0.0005740273290159228,7.763571984588896e-05,0.003947765150840435,0.0,0.0,0.9,3.0151740351523082e-12,3.015174013217875e-12,3.4132897438086773e-12
1772531323.0531354,1502,0.8835792541503906,1131.7603885590934,0.9033930943082472,0.0038484087786484185,7.763571984588896e-05,0.003947765150840435,0.0,0.0,0.9,3.065908723399977e-12,3.0659085530386708e-12,3.3821413797067267e-12
1772531323.065624,1503,0.8537769317626953,1171.266126780229,0.9029478463129206,0.0004891034707516288,7.763571984588896e-05,0.003947765150840435,0.0,0.0,0.9,2.9412122494582e-12,2.9412122494582e-12,3.338385303937567e-12
1772531323.0782158,1504,1.3492107391357422,741.1740590210285,0.8984675037770011,0.004617649138424671,7.763571984588896e-05,0.003947765150840435,0.0,0.0,0.9,2.7960182633510144e-12,2.7960182633510144e-12,3.2822368998468655e-12
1772531323.0901093,1505,0.7836818695068359,1276.0279890477639,0.8989417439425219,0.0005221192591980088,7.763571984588896e-05,0.003947765150840435,0.0,0.0,0.9,2.859731213294645e-12,2.859731213294645e-12,3.2417634228563e-12
1772531323.1029985,1506,0.8456707000732422,1182.4933746828306,0.902361590260377,0.003529832508050011,7.763571984588896e-05,0.003947765150840435,0.0,0.0,0.9,2.900710826124091e-12,2.900710997689032e-12,3.2107725730817176e-12
1772531323.1157062,1507,0.8766651153564453,1140.6864291542017,0.9037391247226948,0.0014079092635197158,7.763571984588896e-05,0.003947765150840435,0.0,0.0,0.9,2.8341442488276006e-12,2.8341444200730594e-12,3.1746683683353825e-12
1772531323.127872,1508,0.83160400390625,1202.4954128440368,0.9002145225049651,0.0036419392552813723,7.763571984588896e-05,0.003947765150840435,0.0,0.0,0.9,2.685695912385469e-12,2.685695912385469e-12,3.1243670044664993e-12
1772531323.140009,1509,0.762939453125,1310.72,0.8975754636090464,0.0027069429811566815,7.763571984588896e-05,0.003947765150840435,0.0,0.0,0.9,2.651741916067582e-12,2.6517419273642067e-12,3.076721525416142e-12
1772531323.1529737,1510,0.8063316345214844,1240.1845062093437,0.902570795063905,0.005159618615620758,7.763571984588896e-05,0.003947765150840435,0.0,0.0,0.9,2.7866792874070823e-12,2.7866792874070823e-12,3.0520418982665532e-12
1772531323.1649766,1511,0.8509159088134766,1175.2042588960494,0.8972526326466647,0.005475760391081012,7.763571984588896e-05,0.003947765150840435,0.0,0.0,0.9,2.5335152078036517e-12,2.5335152078036517e-12,2.9971387229480468e-12
1772531323.1777904,1512,0.8466243743896484,1181.161362996339,0.900955517960566,0.0038356462344521,7.763571984588896e-05,0.003947765150840435,0.0,0.0,0.9,2.6829198413152796e-12,2.6829198413152796e-12,2.9694275278604002e-12
1772531323.190047,1513,0.7076263427734375,1413.1752021563343,0.9001367650984322,0.0008410064393083141,7.763571984588896e-05,0.003947765150840435,0.0,0.0,0.9,2.564238215074577e-12,2.564238215074577e-12,2.9287999056529444e-12
1772531323.2029326,1514,0.8156299591064453,1226.046185325928,0.9028844294778806,0.002828868959534001,7.763571984588896e-05,0.003947765150840435,0.0,0.0,0.9,2.6093742699709825e-12,2.6093742699709825e-12,2.899521111348371e-12
1772531323.2151115,1515,0.7622241973876953,1311.9499530810135,0.8999602056749281,0.003019302621100177,7.763571984588896e-05,0.003947765150840435,0.0,0.0,0.9,2.462800161246827e-12,2.462800161246827e-12,2.8547371381782517e-12
1772531323.2277246,1516,0.6570816040039062,1521.8809869375907,0.9025295768560216,0.002646728429335678,7.763571984588896e-05,0.003947765150840435,0.0,0.0,0.9,2.539114011061287e-12,2.5391217801097754e-12,2.8259148644836288e-12
1772531323.2400317,1517,0.6225109100341797,1606.3975488318652,0.9004998165393465,0.0020980773145778554,7.763571984588896e-05,0.003947765150840435,0.0,0.0,0.9,2.419499142382182e-12,2.419499142382182e-12,2.7847236083953633e-12
1772531323.2530026,1518,0.8645057678222656,1156.73028130171,0.9028913452214645,0.002459850287907209,7.763571984588896e-05,0.003947765150840435,0.0,0.0,0.9,2.4748916749332067e-12,2.4748916749332067e-12,2.7562198564879863e-12
1772531323.2651477,1519,0.9138584136962891,1094.261414036003,0.8991644821144207,0.003843988987363525,7.763571984588896e-05,0.003947765150840435,0.0,0.0,0.9,2.3241146472467945e-12,2.3241146472467945e-12,2.7114953312168912e-12
1772531323.2774065,1520,0.6899833679199219,1449.3102971665514,0.8988999083819105,0.0002750094678167691,7.763571984588896e-05,0.003947765150840435,0.0,0.0,0.9,2.3487839258396306e-12,2.3487839258396306e-12,2.67624993809067e-12
1772531323.2902863,1521,0.9455680847167969,1057.565305093293,0.900767643062977,0.0019356097978262946,7.763571984588896e-05,0.003947765150840435,0.0,0.0,0.9,2.3618088451933675e-12,2.361808867129529e-12,2.6465739787553693e-12
1772531323.3033137,1522,1.2052059173583984,829.7337289812067,0.9044326768479856,0.003766120902466477,7.763571984588896e-05,0.003947765150840435,0.0,0.0,0.9,2.3790210907589098e-12,2.3790133002346813e-12,2.622465957772052e-12
1772531323.3152597,1523,0.7152557373046875,1398.1013333333333,0.9020787353681937,0.0024487109622112154,7.763571984588896e-05,0.003947765150840435,0.0,0.0,0.9,2.2445462770051525e-12,2.244546288301229e-12,2.5839675515784894e-12
1772531323.3282511,1524,1.0552406311035156,947.6511522819702,0.9033511991340023,0.0013008026120736433,7.763571984588896e-05,0.003947765150840435,0.0,0.0,0.9,2.2789707789081824e-12,2.2789707789081824e-12,2.555316059539182e-12
1772531323.3405566,1525,0.8630752563476562,1158.6475138121548,0.9025151980777429,0.0008838955792353762,7.763571984588896e-05,0.003947765150840435,0.0,0.0,0.9,2.2147642185986166e-12,2.214764240535984e-12,2.5215877927194615e-12
1772531323.352866,1526,0.8151531219482422,1226.7633811055864,0.9006716573177826,0.001906044231948504,7.763571984588896e-05,0.003947765150840435,0.0,0.0,0.9,2.163543462031398e-12,2.1635434288042657e-12,2.4857713137562395e-12
1772531323.3652513,1527,0.7507801055908203,1331.9479199745952,0.9002384799315181,0.0004432224888452325,7.763571984588896e-05,0.003947765150840435,0.0,0.0,0.9,2.1547136705510684e-12,2.1547136705510684e-12,2.453398028418596e-12
1772531323.3775399,1528,0.7674694061279297,1302.9835352593973,0.8982948820329146,0.0019922945868994816,7.763571984588896e-05,0.003947765150840435,0.0,0.0,0.9,2.095612097580271e-12,2.095612097580271e-12,2.417355077074716e-12
1772531323.3906956,1529,0.9138584136962891,1094.261414036003,0.9036592927035867,0.0055325531636441164,7.763571984588896e-05,0.003947765150840435,0.0,0.0,0.9,2.1984696037356096e-12,2.198477395537988e-12,2.399033838565097e-12
1772531323.402976,1530,0.9725093841552734,1028.267712674675,0.9002749476571944,0.0034967023442428217,7.763571984588896e-05,0.003947765150840435,0.0,0.0,0.9,2.0313821749229496e-12,2.0313821529887754e-12,2.3608673729009572e-12
1772531323.4151099,1531,0.7228851318359375,1383.3456464379947,0.8994457785452944,0.0008476991235641237,7.763571984588896e-05,0.003947765150840435,0.0,0.0,0.9,2.037451284017989e-12,2.0374512953146357e-12,2.3291376029522594e-12
1772531323.4275734,1532,0.6098747253417969,1639.6810007818608,0.9001129468908656,0.0007021393315383958,7.763571984588896e-05,0.003947765150840435,0.0,0.0,0.9,2.035106775349313e-12,2.035106947207059e-12,2.3007657612138526e-12
1772531323.4406624,1533,0.8747577667236328,1143.173616789316,0.9037762047666588,0.0037705153859009352,7.763571984588896e-05,0.003947765150840435,0.0,0.0,0.9,2.0662771740547615e-12,2.066277184695006e-12,2.279691303444388e-12
1772531323.452722,1534,0.7045269012451172,1419.3922165820643,0.9003995864747085,0.003489909072596331,7.763571984588896e-05,0.003947765150840435,0.0,0.0,0.9,1.930869125261622e-12,1.930869113967929e-12,2.2436356886311936e-12
1772531323.4651737,1535,0.7579326629638672,1319.3784208870713,0.8994319245686577,0.0009904953317582913,7.763571984588896e-05,0.003947765150840435,0.0,0.0,0.9,1.934123496030378e-12,1.9341157268673318e-12,2.213209767663048e-12
1772531323.4780073,1536,0.8347034454345703,1198.030277063696,0.9026074876189892,0.0032749964768619614,7.763571984588896e-05,0.003947765150840435,0.0,0.0,0.9,1.9774164903974887e-12,1.9774164903974887e-12,2.1918007608970912e-12
1772531323.4905694,1537,0.8997917175292969,1111.3683094859566,0.9020898433470218,0.0005478090886881129,7.763571984588896e-05,0.003947765150840435,0.0,0.0,0.9,1.902498367929775e-12,1.902498367929775e-12,2.163064065703269e-12
1772531323.5029597,1538,0.9925365447998047,1007.5195772279606,0.8995854643201303,0.002580666749373676,7.763571984588896e-05,0.003947765150840435,0.0,0.0,0.9,1.8429183039043347e-12,1.8429183039043347e-12,2.130660653314125e-12
1772531323.515237,1539,0.7574558258056641,1320.2090022033365,0.9003840478232263,0.0008342296236324792,7.763571984588896e-05,0.003947765150840435,0.0,0.0,0.9,1.8643257102188733e-12,1.8643256995801375e-12,2.1052111889954916e-12
1772531323.5283532,1540,1.131296157836914,883.9418335089568,0.9027879867837135,0.0024747453797632954,7.763571984588896e-05,0.003947765150840435,0.0,0.0,0.9,1.8703563006407802e-12,1.870356311937857e-12,2.083324184433967e-12
1772531323.540652,1541,0.8776187896728516,1139.4468894322195,0.9026664178862742,0.00016258368456372875,7.763571984588896e-05,0.003947765150840435,0.0,0.0,0.9,1.8154651826292209e-12,1.8154651826292209e-12,2.056973347915613e-12
1772531323.5529587,1542,0.9717941284179688,1029.0245338567222,0.8996456314038254,0.0031155887668838423,7.763571984588896e-05,0.003947765150840435,0.0,0.0,0.9,1.7456442319878334e-12,1.7456442426292893e-12,2.0252384350242766e-12
1772531323.56551,1543,0.8137226104736328,1228.9200117198945,0.9015811750620042,0.0019998834022740175,7.763571984588896e-05,0.003947765150840435,0.0,0.0,0.9,1.7903407961436196e-12,1.790348554855341e-12,2.003391926535344e-12
1772531323.5782917,1544,1.1210441589355469,892.0255210548703,0.9015362591664825,5.4960010888892736e-05,7.763571984588896e-05,0.003947765150840435,0.0,0.0,0.9,1.7442329790744203e-12,1.7442329571402532e-12,1.9779191642989967e-12
1772531323.5902338,1545,0.8215904235839844,1217.1514799767847,0.8981832994340369,0.0034485507076296934,7.763571984588896e-05,0.003947765150840435,0.0,0.0,0.9,1.6702789890393785e-12,1.6702712194802692e-12,1.946382721285079e-12
1772531323.603087,1546,0.8816719055175781,1134.2087614926988,0.9020720199955101,0.004018410005852626,7.763571984588896e-05,0.003947765150840435,0.0,0.0,0.9,1.747071104788202e-12,1.747071104788202e-12,1.9288233113075595e-12
1772531323.6152887,1547,0.8165836334228516,1224.6143065693432,0.899732473413517,0.002410978470899914,7.763571984588896e-05,0.003947765150840435,0.0,0.0,0.9,1.645131216124264e-12,1.645131238060883e-12,1.8997861829257523e-12
1772531323.6277914,1548,0.743865966796875,1344.3282051282051,0.9004680121683301,0.0007680362102178748,7.763571984588896e-05,0.003947765150840435,0.0,0.0,0.9,1.6614105070924915e-12,1.6614182768205664e-12,1.8769671927131925e-12
1772531323.6405802,1549,0.9036064147949219,1106.6765171503957,0.9020765018038659,0.0016569140401151102,7.763571984588896e-05,0.003947765150840435,0.0,0.0,0.9,1.655835021398192e-12,1.6558272637536828e-12,1.8559893497328874e-12
1772531323.6529865,1550,0.8242130279541016,1213.278565229968,0.9016174018153209,0.000481619079075766,7.763571984588896e-05,0.003947765150840435,0.0,0.0,0.9,1.6106989465656143e-12,1.6106989578622778e-12,1.8317635265454515e-12
1772531323.6652036,1551,0.7157325744628906,1397.169886742172,0.8996239165300283,0.002052537386740695,7.763571984588896e-05,0.003947765150840435,0.0,0.0,0.9,1.5669278125311677e-12,1.5669278125311677e-12,1.8051297469026766e-12
1772531323.6780708,1552,0.9064674377441406,1103.1835875854813,0.901647183474921,0.002089601417670071,7.763571984588896e-05,0.003947765150840435,0.0,0.0,0.9,1.5967334375903495e-12,1.5967334262947676e-12,1.785705263742213e-12
1772531323.6905968,1553,0.8375644683837891,1193.9379447765443,0.9022725024530661,0.0006390665635714154,7.763571984588896e-05,0.003947765150840435,0.0,0.0,0.9,1.5641517631573535e-12,1.5641517518631213e-12,1.7642045268659192e-12
1772531323.702704,1554,0.6091594696044922,1641.6062622309198,0.9004051680823811,0.0019281591046696736,7.763571984588896e-05,0.003947765150840435,0.0,0.0,0.9,1.5120291610244759e-12,1.5120291610244759e-12,1.7388230643052308e-12
1772531323.7150948,1555,0.6244182586669922,1601.4906452844598,0.8990752921368258,0.0013628693761552962,7.763571984588896e-05,0.003947765150840435,0.0,0.0,0.9,1.4938836917104376e-12,1.493883669774729e-12,1.7145002487159057e-12
1772531323.7279794,1556,0.8215904235839844,1217.1514799767847,0.9014739441111085,0.0024798076282845135,7.763571984588896e-05,0.003947765150840435,0.0,0.0,0.9,1.5208354221033946e-12,1.5208354221033946e-12,1.6965567484994468e-12
1772531323.7402604,1557,0.7236003875732422,1381.9782537067545,0.9001990094820927,0.0013133606338901046,7.763571984588896e-05,0.003947765150840435,0.0,0.0,0.9,1.4603456882248797e-12,1.4603456882248797e-12,1.672813673104713e-12
1772531323.7528343,1558,0.5958080291748047,1678.3929571828733,0.9020488560694303,0.0019064176459342452,7.763571984588896e-05,0.003947765150840435,0.0,0.0,0.9,1.4785298796122778e-12,1.4785298796122778e-12,1.654633142200495e-12
1772531323.765227,1559,0.8404254913330078,1189.873475177305,0.8993086515708218,0.0028233305749942633,7.763571984588896e-05,0.003947765150840435,0.0,0.0,0.9,1.406372233824627e-12,1.406372233824627e-12,1.6292777047421764e-12
1772531323.7778163,1560,0.8955001831054688,1116.6943556975507,0.8997447488791271,0.00046709219704851916,7.763571984588896e-05,0.003947765150840435,0.0,0.0,0.9,1.4203303422171572e-12,1.4203303535130499e-12,1.609160171048811e-12
1772531323.7903275,1561,0.7481575012207031,1336.61695347355,0.9009463105326103,0.0012443429451793444,7.763571984588896e-05,0.003947765150840435,0.0,0.0,0.9,1.4129118592132842e-12,1.4129118924514492e-12,1.590346502345804e-12
1772531323.802809,1562,0.7660388946533203,1305.416744475568,0.9010046900767098,6.011907525076233e-05,7.763571984588896e-05,0.003947765150840435,0.0,0.0,0.9,1.3844945666622316e-12,1.3844945666622316e-12,1.5701945879850072e-12
1772531323.8154488,1563,0.7910728454589844,1264.1060880048221,0.9023366952596052,0.0013679595364539897,7.763571984588896e-05,0.003947765150840435,0.0,0.0,0.9,1.3831064052578414e-12,1.3831141738090848e-12,1.5524060842507304e-12
1772531323.8281248,1564,0.9250640869140625,1081.0061855670103,0.902508583743174,0.00018348468470767612,7.763571984588896e-05,0.003947765150840435,0.0,0.0,0.9,1.35565311333751e-12,1.35565308010725e-12,1.5332136175142206e-12
1772531323.8401158,1565,0.7750988006591797,1290.1581051984006,0.8988556044059913,0.0037652233865872846,7.763571984588896e-05,0.003947765150840435,0.0,0.0,0.9,1.2932893932207792e-12,1.293289381927506e-12,1.5085299032878404e-12
1772531323.8528354,1566,0.8087158203125,1236.5283018867924,0.9010165300348734,0.002236821398522879,7.763571984588896e-05,0.003947765150840435,0.0,0.0,0.9,1.335155591731825e-12,1.335155591731825e-12,1.4925325660861123e-12
1772531323.8655484,1567,0.8816719055175781,1134.2087614926988,0.902356806366053,0.0013763839735930802,7.763571984588896e-05,0.003947765150840435,0.0,0.0,0.9,1.314704545857452e-12,1.314704545857452e-12,1.4754978777295013e-12
1772531323.8779633,1568,0.8552074432373047,1169.3069417340396,0.9015279082168519,0.0008645497940579077,7.763571984588896e-05,0.003947765150840435,0.0,0.0,0.9,1.2769947750329163e-12,1.2769947969685956e-12,1.4557830627876614e-12
1772531323.8902478,1569,0.6840229034423828,1461.9393516904845,0.9006016255458226,0.0009563096885392755,7.763571984588896e-05,0.003947765150840435,0.0,0.0,0.9,1.2574613819314217e-12,1.2574613819314217e-12,1.4361887866343362e-12
1772531323.9027755,1570,0.7755756378173828,1289.3648939440516,0.900344011903051,0.00026298586123732557,7.763571984588896e-05,0.003947765150840435,0.0,0.0,0.9,1.2463104788170652e-12,1.2463103094516142e-12,1.4176096393407663e-12
1772531323.915586,1571,0.8757114410400391,1141.928668663218,0.9024714134478905,0.00219006989453184,7.763571984588896e-05,0.003947765150840435,0.0,0.0,0.9,1.256520627489672e-12,1.256520627489672e-12,1.4025781631401635e-12
1772531323.927981,1572,0.9756088256835938,1025.0009775171065,0.9004419166279257,0.0020967991793403693,7.763571984588896e-05,0.003947765150840435,0.0,0.0,0.9,1.2006809469583499e-12,1.2006809469583499e-12,1.3821259726232415e-12
1772531323.9401755,1573,0.7054805755615234,1417.473470767151,0.8999356809159399,0.0005173667321320576,7.763571984588896e-05,0.003947765150840435,0.0,0.0,0.9,1.1965012203915384e-12,1.1965012316904197e-12,1.363939748117869e-12
1772531323.9526408,1574,0.6978511810302734,1432.9702767338572,0.8997951718211177,0.0001474427632065785,7.763571984588896e-05,0.003947765150840435,0.0,0.0,0.9,1.1839158368707848e-12,1.1839156663878278e-12,1.3463041329293586e-12
1772531323.9655979,1575,0.8416175842285156,1188.1881019830028,0.9032952391830416,0.0036044900626987417,7.763571984588896e-05,0.003947765150840435,0.0,0.0,0.9,1.2071738288339157e-12,1.207173850766981e-12,1.333772109348337e-12
1772531323.9775887,1576,0.7889270782470703,1267.5442731943185,0.898587445515413,0.0048543353552264554,7.763571984588896e-05,0.003947765150840435,0.0,0.0,0.9,1.1150434672891205e-12,1.1150434672891205e-12,1.3108428737657724e-12
1772531323.9902048,1577,0.7381439208984375,1354.749354005168,0.9007053414305229,0.0021957694176994386,7.763571984588896e-05,0.003947765150840435,0.0,0.0,0.9,1.159261711115094e-12,1.159261711115094e-12,1.296858761008539e-12
1772531324.0030534,1578,0.8988380432128906,1112.5474801061007,0.902636980510694,0.001986359479873986,7.763571984588896e-05,0.003947765150840435,0.0,0.0,0.9,1.1480644709053407e-12,1.1480644376820833e-12,1.282767156254669e-12
1772531324.0153337,1579,0.8149147033691406,1227.1222937390287,0.9009603086040715,0.001736144862518633,7.763571984588896e-05,0.003947765150840435,0.0,0.0,0.9,1.1020185473028338e-12,1.102018536010086e-12,1.2645843924106134e-12
1772531324.0285294,1580,1.1060237884521484,904.1396852769993,0.9052697147091362,0.004426812569671949,7.763571984588896e-05,0.003947765150840435,0.0,0.0,0.9,1.14387696361989e-12,1.14387696361989e-12,1.2541721764682241e-12
1772531324.0399044,1581,0.7035732269287109,1421.3161640121994,0.8966941417344046,0.008843086843803296,7.763571984588896e-05,0.003947765150840435,0.0,0.0,0.9,1.0135818737690808e-12,1.0135818737690808e-12,1.2281115232291121e-12
1772531324.053219,1582,0.8363723754882812,1195.6396807297606,0.9043792099635221,0.0079284959836008,7.763571984588896e-05,0.003947765150840435,0.0,0.0,0.9,1.1378465366645331e-12,1.1378543266340968e-12,1.221809764161516e-12
1772531324.065265,1583,0.9243488311767578,1081.8426618519475,0.8987409478186801,0.005818177045029716,7.763571984588896e-05,0.003947765150840435,0.0,0.0,0.9,1.0140599355161228e-12,1.01405995745071e-12,1.1996532770792385e-12
1772531324.077546,1584,0.6966590881347656,1435.422313483915,0.898707979247244,0.000119290364392418,7.763571984588896e-05,0.003947765150840435,0.0,0.0,0.9,1.0406036315527498e-12,1.0406036315527498e-12,1.1843302700760303e-12
1772531324.0902321,1585,0.6997585296630859,1429.064395229983,0.9016465388789634,0.0030374853588662296,7.763571984588896e-05,0.003947765150840435,0.0,0.0,0.9,1.0550084805652046e-12,1.0550084586348232e-12,1.172434930512791e-12
1772531324.1029108,1586,0.8265972137451172,1209.7790597057974,0.9016570719206249,3.36282278279395e-05,7.763571984588896e-05,0.003947765150840435,0.0,0.0,0.9,1.0210546660398811e-12,1.0210546441023012e-12,1.1575364052007083e-12
1772531324.115756,1587,0.8685588836669922,1151.3324183365357,0.9042831331536432,0.002693494332455493,7.763571984588896e-05,0.003947765150840435,0.0,0.0,0.9,1.0322209735438957e-12,1.0322209735438957e-12,1.1460381132717496e-12
1772531324.128013,1588,0.8575916290283203,1166.056157909369,0.9013702027189993,0.003019287012851563,7.763571984588896e-05,0.003947765150840435,0.0,0.0,0.9,9.758952287220025e-13,9.758874726806822e-13,1.1286100446871015e-12
1772531324.139941,1589,0.6680488586425781,1496.8965024982156,0.8972400530728033,0.0042468571558337016,7.763571984588896e-05,0.003947765150840435,0.0,0.0,0.9,9.46136361445015e-13,9.46136361445015e-13,1.109880765593264e-12
1772531324.152506,1590,0.6899833679199219,1449.3102971665514,0.8986493036992199,0.0014869186317937931,7.763571984588896e-05,0.003947765150840435,0.0,0.0,0.9,9.735740931617593e-13,9.735740931617593e-13,1.0970209214749692e-12
1772531324.1656575,1591,0.8823871612548828,1133.2893812483112,0.903895201189514,0.0054073059470933224,7.763571984588896e-05,0.003947765150840435,0.0,0.0,0.9,9.968554813370295e-13,9.968555032758536e-13,1.0884438440325088e-12
1772531324.177887,1592,0.8296966552734375,1205.2597701149425,0.9010742808973299,0.00292120071279404,7.763571984588896e-05,0.003947765150840435,0.0,0.0,0.9,9.265873986600715e-13,9.265874205998185e-13,1.0717560581501177e-12
1772531324.1902225,1593,0.728607177734375,1372.4816753926702,0.900426329361754,0.000666331557965606,7.763571984588896e-05,0.003947765150840435,0.0,0.0,0.9,9.275050365182377e-13,9.275050365182377e-13,1.0576444669361713e-12
1772531324.2026348,1594,0.6501674652099609,1538.065273193986,0.9003557652036083,7.462660698329258e-05,7.763571984588896e-05,0.003947765150840435,0.0,0.0,0.9,9.191303627004497e-13,9.191303407627739e-13,1.0441014582992135e-12
1772531324.2156122,1595,0.9431838989257812,1060.2386248736098,0.9029079670979288,0.0026266360905511264,7.763571984588896e-05,0.003947765150840435,0.0,0.0,0.9,9.28908544734044e-13,9.2890851150252e-13,1.0334368486072006e-12
1772531324.227764,1596,0.6351470947265625,1574.4384384384384,0.9013086293111094,0.0016589932861669392,7.763571984588896e-05,0.003947765150840435,0.0,0.0,0.9,8.888698349749554e-13,8.888698236826324e-13,1.0188614963045208e-12
1772531324.2405813,1597,0.8296966552734375,1205.2597701149425,0.9027330537131261,0.0014613666192719531,7.763571984588896e-05,0.003947765150840435,0.0,0.0,0.9,8.986484291923019e-13,8.986484291923019e-13,1.0075518449824474e-12
1772531324.2528646,1598,0.9124279022216797,1095.9770054873268,0.8998558192445453,0.002969178731683188,7.763571984588896e-05,0.003947765150840435,0.0,0.0,0.9,8.563037559505923e-13,8.563037559505923e-13,9.920991637308255e-13
1772531324.264947,1599,0.6566047668457031,1522.9862018881627,0.898069468248885,0.0018289995840011135,7.763571984588896e-05,0.003947765150840435,0.0,0.0,0.9,8.483839926429597e-13,8.483839926429597e-13,9.777464402801287e-13
1772531324.2782402,1600,1.1432170867919922,874.7245046923879,0.9023475715012622,0.00441858925033587,7.763571984588896e-05,0.003947765150840435,0.0,0.0,0.9,8.805029405485826e-13,8.805029405485826e-13,9.69215053019787e-13
1772531324.2902448,1601,0.7185935974121094,1391.6071665560717,0.9006939035721503,0.0017092542102697633,7.763571984588896e-05,0.003947765150840435,0.0,0.0,0.9,8.321127447129049e-13,8.321127666555065e-13,9.552930443425541e-13
1772531324.3026295,1602,0.7512569427490234,1331.1025071405902,0.8993957296078271,0.00133194026164971,7.763571984588896e-05,0.003947765150840435,0.0,0.0,0.9,8.213856297232555e-13,8.213856516629946e-13,9.419822562188742e-13
1772531324.3155286,1603,0.8437633514404297,1185.166431195253,0.9028016340873293,0.0035112465152352034,7.763571984588896e-05,0.003947765150840435,0.0,0.0,0.9,8.432868115170666e-13,8.432868115170666e-13,9.33104187917707e-13
1772531324.3272943,1604,0.6506443023681641,1536.938072554049,0.897051542056391,0.005921695002360361,7.763571984588896e-05,0.003947765150840435,0.0,0.0,0.9,7.720390155782881e-13,7.720389936511274e-13,9.160505763983127e-13
1772531324.340282,1605,0.79345703125,1260.3076923076924,0.9016837764630657,0.004790920906628413,7.763571984588896e-05,0.003947765150840435,0.0,0.0,0.9,8.265294877386364e-13,8.265372358513673e-13,9.084379431124617e-13
1772531324.352929,1606,0.8499622344970703,1176.5228611500702,0.9023191918457772,0.000649144045656724,7.763571984588896e-05,0.003947765150840435,0.0,0.0,0.9,7.957831063319771e-13,7.957831063319771e-13,8.97406180966831e-13
1772531324.3649986,1607,0.8046627044677734,1242.7567407407407,0.8986539253885024,0.003776216022848243,7.763571984588896e-05,0.003947765150840435,0.0,0.0,0.9,7.566929786497179e-13,7.566929899460018e-13,8.829297643512554e-13
1772531324.3775506,1608,0.7786750793457031,1284.232700551133,0.9000187925214813,0.001422469659822365,7.763571984588896e-05,0.003947765150840435,0.0,0.0,0.9,7.757714148889391e-13,7.757714148889391e-13,8.728433468307379e-13
1772531324.39023,1609,0.7491111755371094,1334.915340547422,0.9023480632160027,0.002399562661780198,7.763571984588896e-05,0.003947765150840435,0.0,0.0,0.9,7.743990831243975e-13,7.743990831243975e-13,8.636072627441228e-13
1772531324.4033163,1610,1.03759765625,963.7647058823529,0.905352799779276,0.0030776206526224046,7.763571984588896e-05,0.003947765150840435,0.0,0.0,0.9,7.734658580857873e-13,7.734658580857873e-13,8.553415241980307e-13
1772531324.4151835,1611,0.7061958312988281,1416.037812288994,0.900536741172611,0.004982968506609943,7.763571984588896e-05,0.003947765150840435,0.0,0.0,0.9,7.166776317975171e-13,7.166776317975171e-13,8.4083831986969e-13
1772531324.4278388,1612,0.8075237274169922,1238.3537053439622,0.901587737691051,0.0010823995651900176,7.763571984588896e-05,0.003947765150840435,0.0,0.0,0.9,7.385555182245337e-13,7.385553711849703e-13,8.3121730983475e-13
1772531324.4405408,1613,0.8738040924072266,1144.4212824010915,0.9025704147154022,0.001005733786793351,7.763571984588896e-05,0.003947765150840435,0.0,0.0,0.9,7.306509306411806e-13,7.306509525789513e-13,8.215692324431714e-13
1772531324.4531116,1614,0.9036064147949219,1106.6765171503957,0.9027055261180256,0.00015266130375387997,7.763571984588896e-05,0.003947765150840435,0.0,0.0,0.9,7.176261949505274e-13,7.176184265231338e-13,8.11464221640381e-13
1772531324.4651637,1615,0.7042884826660156,1419.8727149627623,0.8991519248726529,0.0036638432428258458,7.763571984588896e-05,0.003947765150840435,0.0,0.0,0.9,6.854841259984983e-13,6.854841259984983e-13,7.985178925913053e-13
1772531324.4776142,1616,0.7827281951904297,1277.5826987511423,0.8990709979161957,0.00012130828653552884,7.763571984588896e-05,0.003947765150840435,0.0,0.0,0.9,6.929411705761193e-13,6.929411486430944e-13,7.882753517471022e-13
1772531324.4905612,1617,0.8752346038818359,1142.5508035957505,0.9026379285096169,0.0036798534633018603,7.763571984588896e-05,0.003947765150840435,0.0,0.0,0.9,7.064365902624775e-13,7.06436557031921e-13,7.808904712313727e-13
1772531324.5030398,1618,0.8614063262939453,1160.8923332410739,0.9016362206191931,0.0010427308040517286,7.763571984588896e-05,0.003947765150840435,0.0,0.0,0.9,6.748190599129463e-13,6.748192311525999e-13,7.702629034973537e-13
1772531324.5151174,1619,0.7789134979248047,1283.8396082032446,0.8988709139949234,0.0028454714629122446,7.763571984588896e-05,0.003947765150840435,0.0,0.0,0.9,6.543215175314074e-13,6.543215175314074e-13,7.585044354558287e-13
1772531324.5273242,1620,0.6628036499023438,1508.7424460431655,0.897671835486129,0.0012229299447149202,7.763571984588896e-05,0.003947765150840435,0.0,0.0,0.9,6.510596180953287e-13,6.510596180953287e-13,7.478464912707208e-13
1772531324.540555,1621,0.850677490234375,1175.5336322869955,0.903488630384469,0.006002309126117749,7.763571984588896e-05,0.003947765150840435,0.0,0.0,0.9,6.822453370853352e-13,6.822453370853352e-13,7.424181778841598e-13
1772531324.5530176,1622,0.9212493896484375,1085.4824016563148,0.9021761957314558,0.0013704664100030464,7.763571984588896e-05,0.003947765150840435,0.0,0.0,0.9,6.403636376231856e-13,6.403636376231856e-13,7.320987643353127e-13
1772531324.5652204,1623,0.6976127624511719,1433.46001367054,0.9007642924374953,0.0014595839704010707,7.763571984588896e-05,0.003947765150840435,0.0,0.0,0.9,6.301302977741545e-13,6.301302977741545e-13,7.219751376186819e-13
1772531324.5775466,1624,0.8041858673095703,1243.493625852357,0.8981870814185667,0.002646768355271159,7.763571984588896e-05,0.003947765150840435,0.0,0.0,0.9,6.133885450422636e-13,6.133885450422636e-13,7.109972995625768e-13
1772531324.5905674,1625,0.8304119110107422,1204.2216480045938,0.9037233184118089,0.005709270702089561,7.763571984588896e-05,0.003947765150840435,0.0,0.0,0.9,6.473659155480399e-13,6.473659374911749e-13,7.057127115528899e-13
1772531324.6028438,1626,0.8563995361328125,1167.6792873051224,0.9008477973308492,0.00297571520101454,7.763571984588896e-05,0.003947765150840435,0.0,0.0,0.9,6.003558589269345e-13,6.003558808690201e-13,6.948547175098931e-13
1772531324.6154606,1627,0.8037090301513672,1244.2313853455948,0.9024724668622492,0.0016702357189041425,7.763571984588896e-05,0.003947765150840435,0.0,0.0,0.9,6.138201072072638e-13,6.138123415659807e-13,6.872950163078308e-13
1772531324.629309,1628,1.665353775024414,600.4730136005727,0.9073269732092926,0.0049767234759929635,7.763571984588896e-05,0.003947765150840435,0.0,0.0,0.9,6.259273812177157e-13,6.259273812177157e-13,6.820541195514615e-13
1772531324.641092,1629,1.3239383697509766,755.3221681973708,0.902072663178321,0.005448764536137541,7.763571984588896e-05,0.003947765150840435,0.0,0.0,0.9,5.705815819364774e-13,5.705815819364774e-13,6.702919900587876e-13
1772531324.6528285,1630,0.8089542388916016,1236.1638667845564,0.8984670425005551,0.0037120491407073753,7.763571984588896e-05,0.003947765150840435,0.0,0.0,0.9,5.654377294030463e-13,5.654378791298092e-13,6.596817748088638e-13
1772531324.6648953,1631,0.7977485656738281,1253.5277943813508,0.8954462544851645,0.0030902536956411444,7.763571984588896e-05,0.003947765150840435,0.0,0.0,0.9,5.565925126081164e-13,5.56592490676298e-13,6.491975529623948e-13
1772531324.677884,1632,0.9160041809082031,1091.6980739198334,0.9002223958870553,0.00495652604803575,7.763571984588896e-05,0.003947765150840435,0.0,0.0,0.9,5.854104843383809e-13,5.854104843383809e-13,6.436738456475833e-13
1772531324.6903374,1633,0.8115768432617188,1232.1692126909518,0.9003401244104637,0.00013700817868489716,7.763571984588896e-05,0.003947765150840435,0.0,0.0,0.9,5.598622477336642e-13,5.598544794563941e-13,6.353603619248693e-13
1772531324.7023199,1634,0.7150173187255859,1398.5675225075024,0.8969699741241989,0.003458588446425693,7.763571984588896e-05,0.003947765150840435,0.0,0.0,0.9,5.356322782090568e-13,5.356322782090568e-13,6.251250457921783e-13
1772531324.7148166,1635,0.6387233734130859,1565.6229936543486,0.8984267759502942,0.00153948593838588,7.763571984588896e-05,0.003947765150840435,0.0,0.0,0.9,5.48202088531708e-13,5.48202088531708e-13,6.178579905627335e-13
1772531324.7281015,1636,0.9515285491943359,1050.9406163868705,0.904228865907419,0.005980182806353788,7.763571984588896e-05,0.003947765150840435,0.0,0.0,0.9,5.640108639500826e-13,5.640108639500826e-13,6.133310100877534e-13
1772531324.7403727,1637,0.8795261383056641,1136.975874220656,0.9022313801397704,0.0020810432628698373,7.763571984588896e-05,0.003947765150840435,0.0,0.0,0.9,5.263397769621175e-13,5.263397769621175e-13,6.044450720961963e-13
1772531324.752651,1638,0.7014274597167969,1425.6641740312712,0.9007409908005484,0.0015418666434147124,7.763571984588896e-05,0.003947765150840435,0.0,0.0,0.9,5.198390946826103e-13,5.198315004095422e-13,5.960430111944851e-13
1772531324.7647262,1639,0.6732940673828125,1485.2351274787536,0.8972860687516281,0.0035496635760764008,7.763571984588896e-05,0.003947765150840435,0.0,0.0,0.9,5.021719353036219e-13,5.021717665547815e-13,5.864300765024936e-13
1772531324.7782047,1640,0.9467601776123047,1056.2336942835557,0.9055526356098581,0.008519267897892969,7.763571984588896e-05,0.003947765150840435,0.0,0.0,0.9,5.463358798284762e-13,5.46335901758924e-13,5.836775929969252e-13
1772531324.7900312,1641,0.7548332214355469,1324.795957043588,0.8997868939330989,0.005959820903093811,7.763571984588896e-05,0.003947765150840435,0.0,0.0,0.9,4.844660251251015e-13,4.844660251251015e-13,5.730809383031667e-13
1772531324.8027282,1642,0.7138252258300781,1400.9031396125586,0.9021470369130183,0.0024326068344668024,7.763571984588896e-05,0.003947765150840435,0.0,0.0,0.9,5.086804047810522e-13,5.086804047810522e-13,5.67251099575184e-13
1772531324.81505,1643,0.5755424499511719,1737.4913007456503,0.9012214105949579,0.0009622038317200808,7.763571984588896e-05,0.003947765150840435,0.0,0.0,0.9,4.904962093407871e-13,4.904963821064497e-13,5.59593904103334e-13
1772531324.8282888,1644,0.9925365447998047,1007.5195772279606,0.9049621637386461,0.0038403722856960587,7.763571984588896e-05,0.003947765150840435,0.0,0.0,0.9,5.039760650372152e-13,5.039758968924608e-13,5.546967859318833e-13
1772531324.840588,1645,0.9605884552001953,1041.0285430627948,0.9024113628610017,0.002656041479735525,7.763571984588896e-05,0.003947765150840435,0.0,0.0,0.9,4.742403165250637e-13,4.742403165250637e-13,5.464796607337019e-13
1772531324.8528357,1646,0.7939338684082031,1259.5507507507507,0.90068148445377,0.0017889828172137998,7.763571984588896e-05,0.003947765150840435,0.0,0.0,0.9,4.691122072825878e-13,4.691122072825878e-13,5.388025227606642e-13
1772531324.8653688,1647,0.6916522979736328,1445.8131678731472,0.9023172129566249,0.0016826657950588036,7.763571984588896e-05,0.003947765150840435,0.0,0.0,0.9,4.756284624308038e-13,4.756284404921913e-13,5.328668489071009e-13
1772531324.8782158,1648,0.9140968322753906,1093.9760041731872,0.9030847605659476,0.0007825741811568751,7.763571984588896e-05,0.003947765150840435,0.0,0.0,0.9,4.681634024213396e-13,4.68163554924328e-13,5.266292529343158e-13
1772531324.8902435,1649,0.7579326629638672,1319.3784208870713,0.8990973756379685,0.00411174241478326,7.763571984588896e-05,0.003947765150840435,0.0,0.0,0.9,4.4306255414100306e-13,4.4306255414100306e-13,5.179788989901134e-13
1772531324.902787,1650,0.7464885711669922,1339.6052379431492,0.8998570155908767,0.0008014969956985513,7.763571984588896e-05,0.003947765150840435,0.0,0.0,0.9,4.5280980863124407e-13,4.5280980863124407e-13,5.117727621163632e-13
1772531324.9155753,1651,0.8251667022705078,1211.876336318983,0.9021541897857621,0.002370048931618538,7.763571984588896e-05,0.003947765150840435,0.0,0.0,0.9,4.541899272461787e-13,4.541899272461787e-13,5.063785967507783e-13
1772531324.9282932,1652,0.8862018585205078,1128.4110842076943,0.9033487883848619,0.0012215377260737209,7.763571984588896e-05,0.003947765150840435,0.0,0.0,0.9,4.4627797323093944e-13,4.4627797323093944e-13,5.006165367414458e-13
1772531324.9402256,1653,0.7903575897216797,1265.2500754147813,0.8981455732267344,0.005362145780649086,7.763571984588896e-05,0.003947765150840435,0.0,0.0,0.9,4.165113253019521e-13,4.165113253019521e-13,4.91794012995872e-13
1772531324.9527602,1654,0.7510185241699219,1331.5250793650794,0.8992931736643305,0.0012105826956790692,7.763571984588896e-05,0.003947765150840435,0.0,0.0,0.9,4.30931920410209e-13,4.30931920410209e-13,4.860459921473896e-13
1772531324.9655457,1655,0.8997917175292969,1111.3683094859566,0.9012260252171522,0.0020014694396622537,7.763571984588896e-05,0.003947765150840435,0.0,0.0,0.9,4.2952065947253537e-13,4.2952049087766445e-13,4.807127968464675e-13
1772531324.9774623,1656,0.7021427154541016,1424.211884550085,0.8972626457421371,0.0040733967977393025,7.763571984588896e-05,0.003947765150840435,0.0,0.0,0.9,4.0347080919822115e-13,4.0347080919822115e-13,4.726911879349282e-13
1772531324.990166,1657,0.7026195526123047,1423.2453342382084,0.9002993024642787,0.003153382545616479,7.763571984588896e-05,0.003947765150840435,0.0,0.0,0.9,4.2068305854924356e-13,4.2068305854924356e-13,4.679654455438316e-13
1772531325.0030208,1658,0.7956027984619141,1256.9086005394067,0.9027689921170494,0.0025432077544148587,7.763571984588896e-05,0.003947765150840435,0.0,0.0,0.9,4.1560145892822205e-13,4.1560145892822205e-13,4.630274394909966e-13
1772531325.0149763,1659,0.7357597351074219,1359.1393389500972,0.8979616666358955,0.004952096877044451,7.763571984588896e-05,0.003947765150840435,0.0,0.0,0.9,3.8626635223661216e-13,3.8626637417897423e-13,4.549885092257927e-13
1772531325.0279043,1660,0.8165836334228516,1224.6143065693432,0.9020163544916185,0.004189983363457167,7.763571984588896e-05,0.003947765150840435,0.0,0.0,0.9,4.0906182064891024e-13,4.0906182064891024e-13,4.5097720690530897e-13
1772531325.039944,1661,0.6744861602783203,1482.6101095793567,0.8987864175310821,0.003326317448600551,7.763571984588896e-05,0.003947765150840435,0.0,0.0,0.9,3.816007049668352e-13,3.816007049668352e-13,4.4380196566926033e-13
1772531325.0534039,1662,1.1954307556152344,836.5185480654168,0.9040024971894317,0.005374775468547245,7.763571984588896e-05,0.003947765150840435,0.0,0.0,0.9,4.0346304279206085e-13,4.0346304279206085e-13,4.4042081098020443e-13
1772531325.066134,1663,1.4336109161376953,697.5393314485282,0.9030957902758949,0.0009658135949486927,7.763571984588896e-05,0.003947765150840435,0.0,0.0,0.9,3.8161629641995476e-13,3.8161629641995476e-13,4.3453482931105217e-13
1772531325.078329,1664,1.2705326080322266,787.071495590167,0.9015563432527809,0.0016004425115163133,7.763571984588896e-05,0.003947765150840435,0.0,0.0,0.9,3.741668370558484e-13,3.741668370558484e-13,4.2851697291520824e-13
1772531325.0908802,1665,1.15966796875,862.3157894736842,0.902732069630082,0.0012040691133439394,7.763571984588896e-05,0.003947765150840435,0.0,0.0,0.9,3.7741336730818747e-13,3.7742113497262913e-13,4.236711008149314e-13
1772531325.103828,1666,1.344442367553711,743.8028019152332,0.9049228312662151,0.002240258182466826,7.763571984588896e-05,0.003947765150840435,0.0,0.0,0.9,3.76958465264939e-13,3.7695864101898285e-13,4.1933874549323855e-13
1772531325.1156876,1667,1.2679100036621094,788.6995110943964,0.8982775879779921,0.006857059006705256,7.763571984588896e-05,0.003947765150840435,0.0,0.0,0.9,3.452944456643055e-13,3.452944456643055e-13,4.1147444692247e-13
1772531325.1282501,1668,1.1992454528808594,833.8576540755467,0.9001528937358007,0.0019509325531180616,7.763571984588896e-05,0.003947765150840435,0.0,0.0,0.9,3.6298498907460386e-13,3.629927577607292e-13,4.0701457722202706e-13
1772531325.1406155,1669,0.850677490234375,1175.5336322869955,0.901905905661826,0.0018079751119844936,7.763571984588896e-05,0.003947765150840435,0.0,0.0,0.9,3.592912968047157e-13,3.5929127486493763e-13,4.0245904722111484e-13
1772531325.153146,1670,0.8721351623535156,1146.6112629852378,0.90177000741848,0.0001508270655433337,7.763571984588896e-05,0.003947765150840435,0.0,0.0,0.9,3.504073949784503e-13,3.504073949784503e-13,3.9733585186734153e-13
1772531325.1655953,1671,1.024484634399414,976.1005352571561,0.9005486501351272,0.0012598645609852674,7.763571984588896e-05,0.003947765150840435,0.0,0.0,0.9,3.425106115772155e-13,3.425183768230612e-13,3.918725653921227e-13
1772531325.177693,1672,0.8053779602050781,1241.6530491415037,0.897738641079874,0.0028841633885500076,7.763571984588896e-05,0.003947765150840435,0.0,0.0,0.9,3.3227747493531823e-13,3.3227747493531823e-13,3.8581732980342503e-13
1772531325.1907353,1673,0.8752346038818359,1142.5508035957505,0.9029390712798722,0.005369320684428286,7.763571984588896e-05,0.003947765150840435,0.0,0.0,0.9,3.4997581220572327e-13,3.4997599270529976e-13,3.8279610581707936e-13
1772531325.2026021,1674,0.8094310760498047,1235.4356406480117,0.8971672834467621,0.00594406305261523,7.763571984588896e-05,0.003947765150840435,0.0,0.0,0.9,3.164765257259234e-13,3.164687568326722e-13,3.7572720653735263e-13
1772531325.215271,1675,0.7832050323486328,1276.8048706240488,0.8999517036249782,0.0028951324036896025,7.763571984588896e-05,0.003947765150840435,0.0,0.0,0.9,3.336809747380509e-13,3.336809747380509e-13,3.719357504760446e-13
1772531325.2282414,1676,0.9856224060058594,1014.5873246250604,0.902881545881873,0.003018240562204423,7.763571984588896e-05,0.003947765150840435,0.0,0.0,0.9,3.3181460685261906e-13,3.3181460685261906e-13,3.6822122917949783e-13
1772531325.2399452,1677,0.7388591766357422,1353.4378831881252,0.8970178451224419,0.006038804034722794,7.763571984588896e-05,0.003947765150840435,0.0,0.0,0.9,3.0435365773312424e-13,3.0434589325872e-13,3.6146841166571713e-13
1772531325.2524745,1678,0.6618499755859375,1510.9164265129682,0.8990403261687706,0.0021151226827372726,7.763571984588896e-05,0.003947765150840435,0.0,0.0,0.9,3.18782076530635e-13,3.187898422125219e-13,3.5751101342225013e-13
1772531325.2656076,1679,0.9074211120605469,1102.0241723594324,0.9035184297695245,0.004614846709878672,7.763571984588896e-05,0.003947765150840435,0.0,0.0,0.9,3.2294629874635026e-13,3.2294629874635026e-13,3.544638895402666e-13
1772531325.2779374,1680,0.9398460388183594,1064.0040588533739,0.9012142860785906,0.002388697729853812,7.763571984588896e-05,0.003947765150840435,0.0,0.0,0.9,3.029657283409962e-13,3.029657283409962e-13,3.4918698769317937e-13
1772531325.290136,1681,0.7131099700927734,1402.3082581076562,0.8998994991559709,0.0013534984959774343,7.763571984588896e-05,0.003947765150840435,0.0,0.0,0.9,3.0018968365893536e-13,3.0018968365893536e-13,3.4434671539186887e-13
1772531325.3029017,1682,0.7572174072265625,1320.624685138539,0.9026635351618487,0.002846657528875498,7.763571984588896e-05,0.003947765150840435,0.0,0.0,0.9,3.0669038194852005e-13,3.0669038194852005e-13,3.4089750090794655e-13
1772531325.31561,1683,0.8575916290283203,1166.056157909369,0.9034113012200905,0.000762217120306131,7.763571984588896e-05,0.003947765150840435,0.0,0.0,0.9,2.99241130407468e-13,2.99241130407468e-13,3.368437430010042e-13
1772531325.3280635,1684,1.0554790496826172,947.4370905805285,0.9013151712868684,0.0021748879661680647,7.763571984588896e-05,0.003947765150840435,0.0,0.0,0.9,2.8853735634556323e-13,2.8853735634556323e-13,3.3196742993490993e-13
1772531325.3401794,1685,0.6678104400634766,1497.4309175294538,0.9003423863284079,0.0010029082303072456,7.763571984588896e-05,0.003947765150840435,0.0,0.0,0.9,2.866787255736728e-13,2.866787255736728e-13,3.275181790315004e-13
1772531325.353066,1686,0.91552734375,1092.2666666666667,0.9020849667240701,0.0017943112498443857,7.763571984588896e-05,0.003947765150840435,0.0,0.0,0.9,2.894625475253901e-13,2.894625475253901e-13,3.2393327433077684e-13
1772531325.3657322,1687,0.8909702301025391,1122.3719561145303,0.9033671639190733,0.0013107999323601497,7.763571984588896e-05,0.003947765150840435,0.0,0.0,0.9,2.857379104154316e-13,2.857379104154316e-13,3.2028761058239296e-13
1772531325.3782058,1688,1.2540817260742188,797.3961977186311,0.8994400362119025,0.004053138942084133,7.763571984588896e-05,0.003947765150840435,0.0,0.0,0.9,2.6992139471610755e-13,2.6992139471610755e-13,3.1509242429267203e-13
1772531325.389949,1689,0.7028579711914062,1422.7625508819538,0.8973736351463693,0.0021149235394226605,7.763571984588896e-05,0.003947765150840435,0.0,0.0,0.9,2.685256862162575e-13,2.6853345650573133e-13,3.104385707616443e-13
1772531325.4023678,1690,0.5669593811035156,1763.7947855340622,0.8987436108860252,0.0014445111318135064,7.763571984588896e-05,0.003947765150840435,0.0,0.0,0.9,2.7225030432482593e-13,2.7225030432482593e-13,3.068094328100112e-13
1772531325.4154453,1691,0.9272098541259766,1078.5044998714322,0.9018759915102454,0.0032358226710162267,7.763571984588896e-05,0.003947765150840435,0.0,0.0,0.9,2.7363845598683747e-13,2.7363845598683747e-13,3.0376539547970074e-13
1772531325.427829,1692,0.9298324584960938,1075.462564102564,0.9001112814085069,0.001819995958056875,7.763571984588896e-05,0.003947765150840435,0.0,0.0,0.9,2.601663998553868e-13,2.601663998553868e-13,2.993390262055501e-13
1772531325.4400225,1693,0.6990432739257812,1430.5266030013643,0.9000888755531052,4.444690655455277e-05,7.763571984588896e-05,0.003947765150840435,0.0,0.0,0.9,2.601507985698758e-13,2.601507985698758e-13,2.955383538556552e-13
1772531325.4527552,1694,0.6477832794189453,1543.7261685682738,0.9028918877726954,0.002885675462914069,7.763571984588896e-05,0.003947765150840435,0.0,0.0,0.9,2.6342069441793183e-13,2.6342069441793183e-13,2.9258875475059277e-13
1772531325.4651513,1695,0.7364749908447266,1357.8193590158628,0.9008323041662629,0.0021320656251470754,7.763571984588896e-05,0.003947765150840435,0.0,0.0,0.9,2.5040358129452616e-13,2.5040358129452616e-13,2.882972570917022e-13
1772531325.4779396,1696,0.7963180541992188,1255.7796407185629,0.903561040904411,0.0028036736588332176,7.763571984588896e-05,0.003947765150840435,0.0,0.0,0.9,2.569198524217455e-13,2.5691986373050886e-13,2.8546088296421533e-13
1772531325.4901142,1697,0.7603168487548828,1315.2411414236437,0.8999866085544309,0.003693023079559,7.763571984588896e-05,0.003947765150840435,0.0,0.0,0.9,2.4151171922682316e-13,2.415117305219237e-13,2.8093885954559203e-13
1772531325.502445,1698,0.675201416015625,1481.0395480225989,0.8991571416088424,0.0008475341010074967,7.763571984588896e-05,0.003947765150840435,0.0,0.0,0.9,2.424680638703681e-13,2.424680751705623e-13,2.7715175760063386e-13
1772531325.5155225,1699,0.7956027984619141,1256.9086005394067,0.9041182924629433,0.0051096817059003525,7.763571984588896e-05,0.003947765150840435,0.0,0.0,0.9,2.5132121447878645e-13,2.5132121447878645e-13,2.749247447120859e-13
1772531325.52787,1700,0.9098052978515625,1099.1362683438156,0.901174553766052,0.003050147352388222,7.763571984588896e-05,0.003947765150840435,0.0,0.0,0.9,2.3408557323211044e-13,2.3408557323211044e-13,2.7070546424977964e-13
1772531325.5402207,1701,0.7531642913818359,1327.7315606204495,0.9005716045847485,0.0006213213921387966,7.763571984588896e-05,0.003947765150840435,0.0,0.0,0.9,2.345482957545789e-13,2.345482957545789e-13,2.6716172716542584e-13
1772531325.55248,1702,0.6601810455322266,1514.7360057782594,0.8993413846435553,0.001261759216136355,7.763571984588896e-05,0.003947765150840435,0.0,0.0,0.9,2.298982461414288e-13,2.298982461414288e-13,2.634550420289441e-13
1772531325.565621,1703,0.8618831634521484,1160.2500691562932,0.903983509163,0.004781020284964475,7.763571984588896e-05,0.003947765150840435,0.0,0.0,0.9,2.3829630127462735e-13,2.3829630127462735e-13,2.612868348102663e-13
1772531325.5773532,1704,0.7903575897216797,1265.2500754147813,0.8965309777852842,0.00767974925969209,7.763571984588896e-05,0.003947765150840435,0.0,0.0,0.9,2.131409225662909e-13,2.131409225662909e-13,2.5612457173156836e-13
1772531325.5902276,1705,0.7677078247070312,1302.5788819875777,0.9016619433996067,0.005307826932164499,7.763571984588896e-05,0.003947765150840435,0.0,0.0,0.9,2.317878361201037e-13,2.317878361201037e-13,2.54118687793048e-13
1772531325.6030211,1706,0.896453857421875,1115.5063829787234,0.9034070907933549,0.0017886342902352324,7.763571984588896e-05,0.003947765150840435,0.0,0.0,0.9,2.2479331165371554e-13,2.2479331165371554e-13,2.513090395529001e-13
1772531325.6157277,1707,0.9953975677490234,1004.6237125748503,0.9036404122249397,0.0002567762102187282,7.763571984588896e-05,0.003947765150840435,0.0,0.0,0.9,2.2010433306714995e-13,2.2010433306714995e-13,2.4827489078917365e-13
1772531325.6280582,1708,1.0120868682861328,988.0574793875147,0.9015097608600814,0.002211021892655421,7.763571984588896e-05,0.003947765150840435,0.0,0.0,0.9,2.1269378551869777e-13,2.1269378551869777e-13,2.4471101142620986e-13
1772531325.6402764,1709,0.7932186126708984,1260.6865043582807,0.9004131887886808,0.0011303982055483521,7.763571984588896e-05,0.003947765150840435,0.0,0.0,0.9,2.1084315303576074e-13,2.1084315303576074e-13,2.413602491823523e-13
1772531325.6530318,1710,0.8709430694580078,1148.1806734191075,0.9022399195709997,0.0018813902858993705,7.763571984588896e-05,0.003947765150840435,0.0,0.0,0.9,2.1359585361419948e-13,2.1359585361419948e-13,2.3874774904817914e-13
1772531325.6658347,1711,0.9524822235107422,1049.8883604505631,0.904255743440895,0.00206374074830994,7.763571984588896e-05,0.003947765150840435,0.0,0.0,0.9,2.1176082424732756e-13,2.1176082424732756e-13,2.362114727648031e-13
1772531325.6775572,1712,0.7543563842773438,1325.6333754740836,0.8973688044713541,0.0070994768900237105,7.763571984588896e-05,0.003947765150840435,0.0,0.0,0.9,1.9361532906568047e-13,1.9361532906568047e-13,2.316585229673209e-13
1772531325.6906064,1713,0.8902549743652344,1123.2737011247991,0.9021754177307343,0.004968548348610239,7.763571984588896e-05,0.003947765150840435,0.0,0.0,0.9,2.094240904196956e-13,2.094240904196956e-13,2.297833647663511e-13
1772531325.7025974,1714,0.7688999176025391,1300.5593798449613,0.8979994235141436,0.004298338524741611,7.763571984588896e-05,0.003947765150840435,0.0,0.0,0.9,1.9266679227573647e-13,1.9266679227573647e-13,2.2588465568372334e-13
1772531325.7155669,1715,0.9014606475830078,1109.3107643480562,0.9022018079633851,0.004342669523122214,7.763571984588896e-05,0.003947765150840435,0.0,0.0,0.9,2.0336259002556195e-13,2.0336259002556195e-13,2.2394356255747173e-13
1772531325.7285798,1716,1.27410888671875,784.8622754491018,0.9039875332530589,0.0018281379473111985,7.763571984588896e-05,0.003947765150840435,0.0,0.0,0.9,1.982653888112032e-13,1.982653888112032e-13,2.2150189838031983e-13
1772531325.7402804,1717,0.804901123046875,1242.3886255924172,0.8991103867460121,0.005032171489261283,7.763571984588896e-05,0.003947765150840435,0.0,0.0,0.9,1.8521710588418943e-13,1.8521710588418943e-13,2.1770799308969774e-13
1772531325.752566,1718,0.6933212280273438,1442.3328748280605,0.8985165386676357,0.0006061834153433209,7.763571984588896e-05,0.003947765150840435,0.0,0.0,0.9,1.8800877367906062e-13,1.8800100664660433e-13,2.1480541511336186e-13
1772531325.7656453,1719,0.8637905120849609,1157.6881037813966,0.9030014182382491,0.004627982648918758,7.763571984588896e-05,0.003947765150840435,0.0,0.0,0.9,1.9405468721069388e-13,1.9405468721069388e-13,2.1297539647219854e-13
1772531325.7780106,1720,0.9381771087646484,1065.8968233799237,0.9010990314357978,0.0019693302479852734,7.763571984588896e-05,0.003947765150840435,0.0,0.0,0.9,1.8288043426360824e-13,1.8288043426360824e-13,2.0989655478171483e-13
1772531325.7908204,1721,1.230478286743164,812.6921139314086,0.9010514455731229,4.8919878331996866e-05,7.763571984588896e-05,0.003947765150840435,0.0,0.0,0.9,1.8288043426360824e-13,1.8288043426360824e-13,2.072755059656571e-13
1772531325.803286,1722,0.9882450103759766,1011.8948130277442,0.9028863322487937,0.0018855371556980446,7.763571984588896e-05,0.003947765150840435,0.0,0.0,0.9,1.8335870349794614e-13,1.8335870349794614e-13,2.0504274884361135e-13
1772531325.8157015,1723,0.8897781372070312,1123.8756698821007,0.9021272616262335,0.0007969097006533658,7.763571984588896e-05,0.003947765150840435,0.0,0.0,0.9,1.7776009101345323e-13,1.7776009101345323e-13,2.0232060791805877e-13
1772531325.8280249,1724,0.8916854858398438,1121.4716577540107,0.9000346443366866,0.00215751484683615,7.763571984588896e-05,0.003947765150840435,0.0,0.0,0.9,1.731100249648878e-13,1.731100249648878e-13,1.9937232520374747e-13
1772531325.8407972,1725,1.1990070343017578,834.0234639093259,0.8999165476500275,0.00012826661902102374,7.763571984588896e-05,0.003947765150840435,0.0,0.0,0.9,1.7311781452032998e-13,1.7311004689422575e-13,1.9683168987831263e-13
1772531325.8530278,1726,0.8523464202880859,1173.231888111888,0.9008333270841378,0.0009524969203654751,7.763571984588896e-05,0.003947765150840435,0.0,0.0,0.9,1.7263952026115453e-13,1.7263952026115453e-13,1.9450594797950675e-13
1772531325.8653193,1727,0.8318424224853516,1202.1507595299513,0.8990202845574051,0.0018611275527796365,7.763571984588896e-05,0.003947765150840435,0.0,0.0,0.9,1.6658581425231468e-13,1.6658581425231468e-13,1.916877316785637e-13
1772531325.877265,1728,0.49042701721191406,2039.0393777345648,0.896895356571191,0.002172597626402302,7.763571984588896e-05,0.003947765150840435,0.0,0.0,0.9,1.6291551272806076e-13,1.6291551272806076e-13,1.887822689497303e-13
1772531325.8900526,1729,0.7536411285400391,1326.891490034799,0.8988284611321988,0.002026631957202337,7.763571984588896e-05,0.003947765150840435,0.0,0.0,0.9,1.661464592220673e-13,1.661464592220673e-13,1.8663798090239077e-13
1772531325.9025521,1730,0.7650852203369141,1307.0439389217825,0.8990779433917698,0.0002937091083367857,7.763571984588896e-05,0.003947765150840435,0.0,0.0,0.9,1.6239847658434314e-13,1.6239847658434314e-13,1.8425678406202876e-13
1772531325.9152048,1731,0.7135868072509766,1401.3711994654193,0.9017584012834119,0.002768610588789556,7.763571984588896e-05,0.003947765150840435,0.0,0.0,0.9,1.6380975634533163e-13,1.6380975634533163e-13,1.8235936728947072e-13
1772531325.9283042,1732,0.9810924530029297,1019.2719319562576,0.9052346914072316,0.0035655328870920944,7.763571984588896e-05,0.003947765150840435,0.0,0.0,0.9,1.6381752291058316e-13,1.6381752291058316e-13,1.8067022597492111e-13
1772531325.9398665,1733,0.6809234619140625,1468.593837535014,0.897726401547917,0.007747163634062833,7.763571984588896e-05,0.003947765150840435,0.0,0.0,0.9,1.4751514269536662e-13,1.4751514269536662e-13,1.7712232041642702e-13
1772531325.9530108,1734,0.8082389831542969,1237.2578171091445,0.9037480157303873,0.006209949379221546,7.763571984588896e-05,0.003947765150840435,0.0,0.0,0.9,1.6195130796395345e-13,1.619512966758144e-13,1.7591484299715684e-13
1772531325.9655263,1735,0.9891986846923828,1010.9192576524464,0.9024960485210398,0.0013149113088973023,7.763571984588896e-05,0.003947765150840435,0.0,0.0,0.9,1.5172583836489586e-13,1.5172582706967543e-13,1.7346876598592523e-13
1772531325.977411,1736,0.5667209625244141,1764.5368111064367,0.8993096718519897,0.00328647397636238,7.763571984588896e-05,0.003947765150840435,0.0,0.0,0.9,1.4705241047375805e-13,1.4705239918791784e-13,1.7077065156196619e-13
1772531325.9905758,1737,0.8904933929443359,1122.9729585006694,0.9031452542066857,0.003951837274757508,7.763571984588896e-05,0.003947765150840435,0.0,0.0,0.9,1.5356884650626585e-13,1.5356883522902817e-13,1.692575499208129e-13
1772531326.0026805,1738,0.7147789001464844,1399.0340226817877,0.9004323967141461,0.0028051605526767786,7.763571984588896e-05,0.003947765150840435,0.0,0.0,0.9,1.4426081349459918e-13,1.4426080221982507e-13,1.6668125875356572e-13
1772531326.0150602,1739,0.7128715515136719,1402.7772575250835,0.8998089970862967,0.0006380131460310423,7.763571984588896e-05,0.003947765150840435,0.0,0.0,0.9,1.442685751695873e-13,1.442685638954198e-13,1.6449339358918991e-13
1772531326.0280263,1740,0.8788108825683594,1137.901247965274,0.9026980140956528,0.002976084220799889,7.763571984588896e-05,0.003947765150840435,0.0,0.0,0.9,1.4660528368783038e-13,1.4660528368783038e-13,1.6287440946567595e-13
1772531326.040193,1741,0.8189678192138672,1221.0491994177585,0.8999507664243745,0.0028362520551587114,7.763571984588896e-05,0.003947765150840435,0.0,0.0,0.9,1.3866995023123823e-13,1.3866995023123823e-13,1.6039459920574568e-13
1772531326.052767,1742,0.7431507110595703,1345.6220725056144,0.9012766679742469,0.00136974205806477,7.763571984588896e-05,0.003947765150840435,0.0,0.0,0.9,1.410144365426356e-13,1.410144365426356e-13,1.5855201998136878e-13
1772531326.0651753,1743,0.5497932434082031,1818.865568083261,0.9016403973779291,0.000371853054192905,7.763571984588896e-05,0.003947765150840435,0.0,0.0,0.9,1.3866995023123823e-13,1.3866995023123823e-13,1.5660383137651797e-13
1772531326.078287,1744,0.9753704071044922,1025.2515277438279,0.9041103713021567,0.002532940248621675,7.763571984588896e-05,0.003947765150840435,0.0,0.0,0.9,1.395954077056692e-13,1.395954077056692e-13,1.550116295428557e-13
1772531326.0901735,1745,0.7650852203369141,1307.0439389217825,0.8993173831281533,0.004948242236994197,7.763571984588896e-05,0.003947765150840435,0.0,0.0,0.9,1.2983236740201003e-13,1.2983236740201003e-13,1.5238133372015694e-13
1772531326.1024857,1746,0.6754398345947266,1480.5167666784328,0.8986381931354757,0.0006922253723112695,7.763571984588896e-05,0.003947765150840435,0.0,0.0,0.9,1.316908257167961e-13,1.316908257167961e-13,1.5038139863003019e-13
1772531326.1155546,1747,0.8270740509033203,1209.0815797059672,0.9031767377950599,0.004680817431587398,7.763571984588896e-05,0.003947765150840435,0.0,0.0,0.9,1.3589388477346024e-13,1.358861209615442e-13,1.4912514254607968e-13
1772531326.1282358,1748,0.9233951568603516,1082.9599793441776,0.9036314501255001,0.0004662077549955881,7.763571984588896e-05,0.003947765150840435,0.0,0.0,0.9,1.3075780445924678e-13,1.3076559421559943e-13,1.4734468155426108e-13
1772531326.1401105,1749,0.7529258728027344,1328.1519949335022,0.898555753431058,0.005234449170898321,7.763571984588896e-05,0.003947765150840435,0.0,0.0,0.9,1.2286121206192182e-13,1.2285347430282206e-13,1.4477454348811774e-13
1772531326.1527798,1750,0.7495880126953125,1334.0661577608143,0.9005470861141437,0.002067115461656602,7.763571984588896e-05,0.003947765150840435,0.0,0.0,0.9,1.2796617779638948e-13,1.279661997251516e-13,1.4322752998939422e-13
1772531326.1656213,1751,0.8938312530517578,1118.7794078420911,0.9027232898814032,0.0022394578784716603,7.763571984588896e-05,0.003947765150840435,0.0,0.0,0.9,1.2704856530699313e-13,1.270485872520208e-13,1.4169642569861708e-13
1772531326.1782413,1752,0.9853839874267578,1014.8328090975078,0.9027174604865061,8.67583687044615e-05,7.763571984588896e-05,0.003947765150840435,0.0,0.0,0.9,1.2334728977378975e-13,1.2334728977378975e-13,1.3991471412480146e-13
1772531326.1902897,1753,0.7975101470947266,1253.9025411061286,0.8994174390043328,0.0034028282188053646,7.763571984588896e-05,0.003947765150840435,0.0,0.0,0.9,1.1823455390779763e-13,1.1823455390779763e-13,1.3768421546896774e-13
1772531326.2026694,1754,0.7648468017578125,1307.4513715710723,0.8990413630774053,0.00038541064013449336,7.763571984588896e-05,0.003947765150840435,0.0,0.0,0.9,1.1914434554241809e-13,1.1914434554241809e-13,1.3586983365047943e-13
1772531326.2156026,1755,0.9109973907470703,1097.6979848207275,0.9022163945038723,0.003277987055070464,7.763571984588896e-05,0.003947765150840435,0.0,0.0,0.9,1.2145768903185274e-13,1.2145768903185274e-13,1.3455689560097427e-13
1772531326.2279303,1756,0.8785724639892578,1138.2100407055632,0.9005931820889622,0.0016762982521503081,7.763571984588896e-05,0.003947765150840435,0.0,0.0,0.9,1.1541955854135227e-13,1.1541955854135227e-13,1.326271497676761e-13
1772531326.2400417,1757,0.6511211395263672,1535.8125228853899,0.898786477718667,0.0018535283262560022,7.763571984588896e-05,0.003947765150840435,0.0,0.0,0.9,1.1353778584096676e-13,1.1353002674603802e-13,1.3071741340877828e-13
1772531326.2526722,1758,0.7658004760742188,1305.8231631382316,0.899376366654571,0.0006327170214326995,7.763571984588896e-05,0.003947765150840435,0.0,0.0,0.9,1.140083135412015e-13,1.140083135412015e-13,1.2910107042847993e-13
1772531326.265516,1759,0.8609294891357422,1161.5353087787316,0.9025535974779111,0.0032769189304893915,7.763571984588896e-05,0.003947765150840435,0.0,0.0,0.9,1.1540398592910513e-13,1.1540398592910513e-13,1.278657326871148e-13
1772531326.277562,1760,0.7739067077636719,1292.1454097350586,0.8986520145148058,0.004020109695755684,7.763571984588896e-05,0.003947765150840435,0.0,0.0,0.9,1.0749206100440904e-13,1.0749206100440904e-13,1.257380594385393e-13
1772531326.290497,1761,1.0743141174316406,930.826453617399,0.9008583669514018,0.002286071252953878,7.763571984588896e-05,0.003947765150840435,0.0,0.0,0.9,1.1122442795188637e-13,1.1122442795188637e-13,1.2440617766453135e-13
1772531326.3034918,1762,1.043081283569336,958.6980571428571,0.9066135833569045,0.005912446130372294,7.763571984588896e-05,0.003947765150840435,0.0,0.0,0.9,1.1399275132913957e-13,1.1399275132913957e-13,1.2355796729024934e-13
1772531326.3156362,1763,0.8852481842041016,1129.6267169404794,0.9024978319644003,0.004275588964593769,7.763571984588896e-05,0.003947765150840435,0.0,0.0,0.9,1.0425324677036917e-13,1.0425324677036917e-13,1.2152086330902375e-13
1772531326.3278136,1764,0.8931159973144531,1119.6753870795515,0.899334190769974,0.0032620128635595623,7.763571984588896e-05,0.003947765150840435,0.0,0.0,0.9,1.0285754273260807e-13,1.0285754273260807e-13,1.1964108344279492e-13
1772531326.340065,1765,0.7460117340087891,1340.461489293704,0.8986683186886255,0.0006786241456050689,7.763571984588896e-05,0.003947765150840435,0.0,0.0,0.9,1.0329694525921265e-13,1.0329694525921265e-13,1.1804273048105028e-13
1772531326.3525162,1766,0.6206035614013672,1611.3346139070304,0.8992428244638984,0.0006181135762809576,7.763571984588896e-05,0.003947765150840435,0.0,0.0,0.9,1.0284976438666497e-13,1.0284976438666497e-13,1.1655711123181434e-13
1772531326.3647933,1767,0.6058216094970703,1650.650924832743,0.8980835007017142,0.0011830615060956942,7.763571984588896e-05,0.003947765150840435,0.0,0.0,0.9,1.000657209633894e-13,1.0005794886414483e-13,1.1492800212364105e-13
1772531326.3781168,1768,0.8702278137207031,1149.1243835616438,0.9043554834080273,0.006465374611585562,7.763571984588896e-05,0.003947765150840435,0.0,0.0,0.9,1.0517869623879612e-13,1.0517092108935897e-13,1.1413808574348791e-13
1772531326.3898177,1769,0.5533695220947266,1807.1107281344248,0.8985241130652325,0.006016824862031871,7.763571984588896e-05,0.003947765150840435,0.0,0.0,0.9,9.446712674429362e-14,9.446712674429362e-14,1.120544202589939e-13
1772531326.402712,1770,0.7336139678955078,1363.1147221319468,0.901515274531849,0.0030922102317966745,7.763571984588896e-05,0.003947765150840435,0.0,0.0,0.9,1.0004237080411872e-13,1.0004237080411872e-13,1.109743218735502e-13
1772531326.4152772,1771,0.8127689361572266,1230.361982986213,0.9014661316483696,6.390540432357009e-05,7.763571984588896e-05,0.003947765150840435,0.0,0.0,0.9,9.677270270637266e-14,9.677270270637266e-14,1.0959248000764025e-13
1772531326.4276843,1772,0.8358955383300781,1196.3217341699942,0.9001901383006395,0.0013152976393303458,7.763571984588896e-05,0.003947765150840435,0.0,0.0,0.9,9.445156526761868e-14,9.445156526761868e-14,1.0806332565045197e-13
1772531326.4404235,1773,0.774383544921875,1291.3497536945813,0.9033176135378685,0.003218012658480386,7.763571984588896e-05,0.003947765150840435,0.0,0.0,0.9,9.677270270637266e-14,9.677270270637266e-14,1.0705147705101488e-13
1772531326.4529865,1774,0.919342041015625,1087.734439834025,0.9020574257332884,0.0013171363889800723,7.763571984588896e-05,0.003947765150840435,0.0,0.0,0.9,9.215378027907706e-14,9.215378027907706e-14,1.0555742203540982e-13
1772531326.4649675,1775,0.6687641143798828,1495.2955436720142,0.8991267780728867,0.0030197898930924925,7.763571984588896e-05,0.003947765150840435,0.0,0.0,0.9,8.936991781620595e-14,8.936991781620595e-14,1.0390897824718504e-13
1772531326.4777675,1776,0.614166259765625,1628.223602484472,0.9032238853189183,0.00422254236442595,7.763571984588896e-05,0.003947765150840435,0.0,0.0,0.9,9.354167254054371e-14,9.354167254054371e-14,1.0301563249968997e-13
1772531326.4902043,1777,0.8573532104492188,1166.3804226918799,0.9003099173139055,0.0030116260571277547,7.763571984588896e-05,0.003947765150840435,0.0,0.0,0.9,8.749590208085151e-14,8.748813162024446e-14,1.0143477515945206e-13
1772531326.50253,1778,0.7174015045166016,1393.9195746095047,0.8993857239744633,0.0009460313068819332,7.763571984588896e-05,0.003947765150840435,0.0,0.0,0.9,8.748812032106851e-14,8.748812032106851e-14,1.0006308208434595e-13
1772531326.5150225,1779,0.5586147308349609,1790.1425522833974,0.9009361070509001,0.0016056733571620792,7.763571984588896e-05,0.003947765150840435,0.0,0.0,0.9,8.795864963033552e-14,8.795864963033552e-14,9.891631594500463e-14
1772531326.5280538,1780,0.8547306060791016,1169.9592747559275,0.9036781946719612,0.0028172179636168884,7.763571984588896e-05,0.003947765150840435,0.0,0.0,0.9,8.841342459953881e-14,8.841342459953881e-14,9.793127205529879e-14
1772531326.5401022,1781,0.682830810546875,1464.491620111732,0.9001479762741318,0.0036478948769159483,7.763571984588896e-05,0.003947765150840435,0.0,0.0,0.9,8.283807606912898e-14,8.283807606912898e-14,9.638992324984428e-14
1772531326.55281,1782,0.7636547088623047,1309.4923509210116,0.9017498440820969,0.001651942315486337,7.763571984588896e-05,0.003947765150840435,0.0,0.0,0.9,8.515142839488877e-14,8.515142839488877e-14,9.53475687241541e-14
1772531326.5654237,1783,0.8077621459960938,1237.9881936245572,0.9022632759208268,0.0005238337531488838,7.763571984588896e-05,0.003947765150840435,0.0,0.0,0.9,8.330857031372461e-14,8.330857031372461e-14,9.417195443580996e-14
1772531326.5779607,1784,0.8935928344726562,1119.0779082177162,0.9015538105968748,0.0007401983319614384,7.763571984588896e-05,0.003947765150840435,0.0,0.0,0.9,8.144222158277938e-14,8.144222158277938e-14,9.293026831615126e-14
1772531326.590202,1785,0.7488727569580078,1335.3403374721427,0.9002752950066364,0.0013175074622491006,7.763571984588896e-05,0.003947765150840435,0.0,0.0,0.9,8.005408725237696e-14,8.005408725237696e-14,9.163757746595717e-14
1772531326.6026125,1786,0.7195472717285156,1389.7627567925779,0.8996822586667237,0.0006056298154174143,7.763571984588896e-05,0.003947765150840435,0.0,0.0,0.9,7.912106728282895e-14,7.912104531837436e-14,9.040147805039059e-14
1772531326.6154854,1787,0.7996559143066406,1250.5378652355396,0.9027929664760301,0.0032061874633420146,7.763571984588896e-05,0.003947765150840435,0.0,0.0,0.9,8.095614762427017e-14,8.095612574880969e-14,8.955678536463108e-14
1772531326.627845,1788,0.8270740509033203,1209.0815797059672,0.900649051289135,0.0022160463471331696,7.763571984588896e-05,0.003947765150840435,0.0,0.0,0.9,7.676880326394299e-14,7.676878137126039e-14,8.827451109580848e-14
1772531326.639812,1789,0.6816387176513672,1467.0528156698147,0.8971501945179241,0.003593058040555631,7.763571984588896e-05,0.003947765150840435,0.0,0.0,0.9,7.444765925326193e-14,7.444763736516572e-14,8.684925403006301e-14
1772531326.6524498,1790,0.6422996520996094,1556.90571640683,0.899701421452868,0.0026561158889747264,7.763571984588896e-05,0.003947765150840435,0.0,0.0,0.9,7.679215232271752e-14,7.678436024852482e-14,8.590633089397079e-14
1772531326.6654606,1791,0.8113384246826172,1232.531295915369,0.9035012862674773,0.003913729018787572,7.763571984588896e-05,0.003947765150840435,0.0,0.0,0.9,7.723930714668875e-14,7.723928523152447e-14,8.510834709718234e-14
1772531326.6778307,1792,0.7307529449462891,1368.4515497553018,0.9025400345862222,0.0010123853176352024,7.763571984588896e-05,0.003947765150840435,0.0,0.0,0.9,7.355343274790168e-14,7.355343274790168e-14,8.394648593017085e-14
1772531326.6899526,1793,0.5657672882080078,1767.511167298778,0.899996325409274,0.0026251319761653436,7.763571984588896e-05,0.003947765150840435,0.0,0.0,0.9,7.16716200981298e-14,7.16716200981298e-14,8.272422223270792e-14
1772531326.702532,1794,0.7312297821044922,1367.5591783501793,0.8998058641190382,0.00019592456467146705,7.763571984588896e-05,0.003947765150840435,0.0,0.0,0.9,7.168718287066941e-14,7.168718287066941e-14,8.163833633865868e-14
1772531326.7156065,1795,0.86212158203125,1159.929203539823,0.9041515555111898,0.0044730970804466325,7.763571984588896e-05,0.003947765150840435,0.0,0.0,0.9,7.356125278443341e-14,7.356125278443341e-14,8.094769799266893e-14
1772531326.7278662,1796,0.8518695831298828,1173.8886090120347,0.9014518044383715,0.002799388380534678,7.763571984588896e-05,0.003947765150840435,0.0,0.0,0.9,6.888020373455053e-14,6.888020373455053e-14,7.970826121413521e-14
1772531326.7401948,1797,0.7016658782958984,1425.1797485558955,0.9009111872080534,0.0005589564491277727,7.763571984588896e-05,0.003947765150840435,0.0,0.0,0.9,6.891127173718432e-14,6.891127173718432e-14,7.866414089600942e-14
1772531326.752649,1798,0.6589889526367188,1517.4761215629521,0.9003143560833501,0.0006125530033023614,7.763571984588896e-05,0.003947765150840435,0.0,0.0,0.9,6.796255136860372e-14,6.796255136860372e-14,7.761109638589768e-14
1772531326.7657259,1799,0.8647441864013672,1156.411359250069,0.9045640414893599,0.004370866215490571,7.763571984588896e-05,0.003947765150840435,0.0,0.0,0.9,7.026029545324757e-14,7.026029545324757e-14,7.696147565242644e-14
1772531326.7783327,1800,1.1565685272216797,864.6266749123891,0.9021309388419402,0.0025294053785072925,7.763571984588896e-05,0.003947765150840435,0.0,0.0,0.9,6.564126336574568e-14,6.564126336574568e-14,7.581830602313934e-14
1772531326.7902343,1801,0.7445812225341797,1343.0368235670828,0.8996577200346954,0.002548857469155893,7.763571984588896e-05,0.003947765150840435,0.0,0.0,0.9,6.467714330673233e-14,6.467714330673233e-14,7.469450728524645e-14
1772531326.8027573,1802,0.7872581481933594,1270.2313749242883,0.8995119087987644,0.00016020358315099148,7.763571984588896e-05,0.003947765150840435,0.0,0.0,0.9,6.469271923239446e-14,6.469271923239446e-14,7.374063805105651e-14
1772531326.8152738,1803,0.7755756378173828,1289.3648939440516,0.9000545143122575,0.0005750226974401989,7.763571984588896e-05,0.003947765150840435,0.0,0.0,0.9,6.42299802105979e-14,6.42299802105979e-14,7.283617036927512e-14
1772531326.8275204,1804,0.7462501525878906,1340.0332268370607,0.8986246455591365,0.0014632698016183543,7.763571984588896e-05,0.003947765150840435,0.0,0.0,0.9,6.23637827393287e-14,6.23637827393287e-14,7.176592180646226e-14
1772531326.8398046,1805,0.7300376892089844,1369.7922926192032,0.8969716828516137,0.001687111195920205,7.763571984588896e-05,0.003947765150840435,0.0,0.0,0.9,6.143050792332762e-14,6.143050792332762e-14,7.073832265080783e-14
1772531326.8523517,1806,0.6325244903564453,1580.966453071994,0.8993454986097063,0.0024765176134375205,7.763571984588896e-05,0.003947765150840435,0.0,0.0,0.9,6.23715707403793e-14,6.23637827393287e-14,6.995627038603321e-14
1772531326.8649724,1807,0.7827281951904297,1277.5826987511423,0.8999641688311748,0.0006527449615733314,7.763571984588896e-05,0.003947765150840435,0.0,0.0,0.9,6.09834518742187e-14,6.097567608965506e-14,6.909318093721788e-14
1772531326.8779411,1808,0.6711483001708984,1489.9836589698045,0.9057494549702513,0.005950049089045927,7.763571984588896e-05,0.003947765150840435,0.0,0.0,0.9,6.329674427585148e-14,6.328898491563046e-14,6.863715013276963e-14
1772531326.890079,1809,0.7941722869873047,1259.1726208345842,0.9001232281538836,0.005817748935283304,7.763571984588896e-05,0.003947765150840435,0.0,0.0,0.9,5.723538140198471e-14,5.724314040233125e-14,6.744570165799898e-14
1772531326.9027133,1810,0.7150173187255859,1398.5675225075024,0.9022476214945515,0.002188047901574504,7.763571984588896e-05,0.003947765150840435,0.0,0.0,0.9,5.958769514120464e-14,5.958769514120464e-14,6.672077135323843e-14
1772531326.915475,1811,0.8018016815185547,1247.19119833482,0.9035116486497818,0.0012914035862564089,7.763571984588896e-05,0.003947765150840435,0.0,0.0,0.9,5.86623575212572e-14,5.86623575212572e-14,6.596540236887525e-14
1772531326.9280546,1812,0.7779598236083984,1285.4134232301562,0.9036633849565491,0.0001955845748386485,7.763571984588896e-05,0.003947765150840435,0.0,0.0,0.9,5.770589289133401e-14,5.770589289133401e-14,6.515309915147756e-14
1772531326.9400947,1813,0.63323974609375,1579.1807228915663,0.9000793289393496,0.003703551575349189,7.763571984588896e-05,0.003947765150840435,0.0,0.0,0.9,5.493766360879782e-14,5.493766360879782e-14,6.410402282237714e-14
1772531326.9525495,1814,0.6315708160400391,1583.353718384296,0.8999576432809042,0.00012752348303326502,7.763571984588896e-05,0.003947765150840435,0.0,0.0,0.9,5.5831901413051084e-14,5.5831901413051084e-14,6.329454140340759e-14
1772531326.9650815,1815,0.7009506225585938,1426.634013605442,0.9002195782346444,0.0002812314834646764,7.763571984588896e-05,0.003947765150840435,0.0,0.0,0.9,5.536142060521725e-14,5.536142060521725e-14,6.252186679202024e-14
1772531326.978279,1816,0.9009838104248047,1109.8978565758136,0.9050290304945877,0.004946268893215007,7.763571984588896e-05,0.003947765150840435,0.0,0.0,0.9,5.678051888920038e-14,5.678051888920038e-14,6.204336308082983e-14
1772531326.990317,1817,0.7274150848388672,1374.7309078990495,0.9010335004071885,0.004136553494906268,7.763571984588896e-05,0.003947765150840435,0.0,0.0,0.9,5.2153931018957744e-14,5.2153931018957744e-14,6.102637952014354e-14
1772531327.0027983,1818,0.6875991821289062,1454.3356449375867,0.9009492281796099,8.669057500546528e-05,7.763571984588896e-05,0.003947765150840435,0.0,0.0,0.9,5.305583170125889e-14,5.305583170125889e-14,6.026379945224245e-14
1772531327.0154235,1819,0.7848739624023438,1274.0899149453219,0.9012201859815475,0.0002795124058196079,7.763571984588896e-05,0.003947765150840435,0.0,0.0,0.9,5.2593151060602056e-14,5.2593151060602056e-14,5.953987037505622e-14
1772531327.02804,1820,0.9419918060302734,1061.580359402683,0.9009665798421788,0.0002613550237630507,7.763571984588896e-05,0.003947765150840435,0.0,0.0,0.9,5.1652367127939073e-14,5.1652367127939073e-14,5.876307513892436e-14
1772531327.0399098,1821,0.6792545318603516,1472.2021762021761,0.8971502162175532,0.0039209383135803836,7.763571984588896e-05,0.003947765150840435,0.0,0.0,0.9,4.9331051552690834e-14,4.9331051552690834e-14,5.780163162674178e-14
1772531327.052585,1822,0.6992816925048828,1430.0388680531878,0.8994175767638414,0.002366308263659095,7.763571984588896e-05,0.003947765150840435,0.0,0.0,0.9,5.118168454047038e-14,5.117393984866824e-14,5.720018036636001e-14
1772531327.0653448,1823,0.8559226989746094,1168.3298050139276,0.9009775127576617,0.0016169055560233626,7.763571984588896e-05,0.003947765150840435,0.0,0.0,0.9,5.027969571478887e-14,5.027969571478887e-14,5.653220182956213e-14
1772531327.0778804,1824,0.8254051208496094,1211.526285384171,0.9016707879588732,0.0007131126153466298,7.763571984588896e-05,0.003947765150840435,0.0,0.0,0.9,4.933886900075872e-14,4.933886900075872e-14,5.585280048500746e-14
1772531327.0897226,1825,0.6511211395263672,1535.8125228853899,0.896809810906269,0.004999743238833296,7.763571984588896e-05,0.003947765150840435,0.0,0.0,0.9,4.653940651012204e-14,4.653940651012204e-14,5.488277126082569e-14
1772531327.1025326,1826,0.7054805755615234,1417.473470767151,0.9002658576229498,0.003586720172736918,7.763571984588896e-05,0.003947765150840435,0.0,0.0,0.9,4.8876127252340125e-14,4.8876127252340125e-14,5.4341548154650233e-14
1772531327.1153991,1827,0.8327960968017578,1200.7741196679071,0.9031287112135687,0.0029463389781369544,7.763571984588896e-05,0.003947765150840435,0.0,0.0,0.9,4.84134351758061e-14,4.84134351758061e-14,5.377900785922527e-14
1772531327.1276824,1828,0.8151531219482422,1226.7633811055864,0.9010164049110739,0.0021879307957810134,7.763571984588896e-05,0.003947765150840435,0.0,0.0,0.9,4.6076779455877356e-14,4.6076779455877356e-14,5.2979331083081915e-14
1772531327.1402018,1829,0.7302761077880859,1369.345086516487,0.9016290950874818,0.000628791434522891,7.763571984588896e-05,0.003947765150840435,0.0,0.0,0.9,4.653162883994568e-14,4.653162883994568e-14,5.235550290614961e-14
1772531327.1527815,1830,0.5965232849121094,1676.3804956035171,0.9036072927893483,0.0020276701947855367,7.763571984588896e-05,0.003947765150840435,0.0,0.0,0.9,4.653165073120911e-14,4.652391021799471e-14,5.183026021528233e-14
1772531327.165578,1831,0.8344650268554688,1198.3725714285715,0.903637958589562,0.0001435092777988575,7.763571984588896e-05,0.003947765150840435,0.0,0.0,0.9,4.515151672902258e-14,4.515151672902258e-14,5.119207647658547e-14
1772531327.177663,1832,0.7383823394775391,1354.3119147562156,0.8997727751373501,0.003992018820538421,7.763571984588896e-05,0.003947765150840435,0.0,0.0,0.9,4.326198733212302e-14,4.326198733212302e-14,5.037759074663492e-14
1772531327.1903996,1833,0.8165836334228516,1224.6143065693432,0.9017447691780419,0.0020349756088792305,7.763571984588896e-05,0.003947765150840435,0.0,0.0,0.9,4.4665427015169445e-14,4.4665427015169445e-14,4.9859422110777905e-14
1772531327.2025878,1834,0.6768703460693359,1477.387812610074,0.8995782577339619,0.0022316319732790784,7.763571984588896e-05,0.003947765150840435,0.0,0.0,0.9,4.236766921120331e-14,4.236766921120331e-14,4.910483864881e-14
1772531327.215049,1835,0.7162094116210938,1396.2396804260986,0.8992971745353401,0.0002889124271107135,7.763571984588896e-05,0.003947765150840435,0.0,0.0,0.9,4.236766921120331e-14,4.236766921120331e-14,4.842730472037154e-14
1772531327.2280536,1836,0.8676052093505859,1152.597966474306,0.903221474249088,0.004044557675958232,7.763571984588896e-05,0.003947765150840435,0.0,0.0,0.9,4.329318030551186e-14,4.329318030551186e-14,4.7969143666978544e-14
1772531327.2400584,1837,0.7631778717041016,1310.3105279600125,0.8992493079291459,0.004097635950061547,7.763571984588896e-05,0.003947765150840435,0.0,0.0,0.9,4.0478090409229033e-14,4.0478090409229033e-14,4.7192511757955576e-14
1772531327.2528088,1838,0.7672309875488281,1303.38844002486,0.9014635595300629,0.0022889456651658062,7.763571984588896e-05,0.003947765150840435,0.0,0.0,0.9,4.1889404594170967e-14,4.1889404594170967e-14,4.672173920952746e-14
1772531327.2649195,1839,0.6742477416992188,1483.1343705799152,0.8986477555285469,0.002896562862930534,7.763571984588896e-05,0.003947765150840435,0.0,0.0,0.9,3.957611239362892e-14,3.957611239362892e-14,4.6004982689244035e-14
1772531327.2781398,1840,1.032114028930664,968.8851928851929,0.9029793975147925,0.004468276098796091,7.763571984588896e-05,0.003947765150840435,0.0,0.0,0.9,4.1411386980770405e-14,4.1411386980770405e-14,4.559847290415536e-14
1772531327.2902024,1841,0.7917881011962891,1262.964167419452,0.9004576763145972,0.0026061584604182638,7.763571984588896e-05,0.003947765150840435,0.0,0.0,0.9,3.8643059499228016e-14,3.8643059499228016e-14,4.4885376480219617e-14
1772531327.3026462,1842,0.7283687591552734,1372.9309328968905,0.9006783241927644,0.00023186223217411096,7.763571984588896e-05,0.003947765150840435,0.0,0.0,0.9,3.909020515082758e-14,3.909020515082758e-14,4.4345833125008536e-14
1772531327.315058,1843,0.6213188171386719,1609.4796623177283,0.900678113097691,1.5541101230575936e-05,7.763571984588896e-05,0.003947765150840435,0.0,0.0,0.9,3.8619642615762235e-14,3.8619642615762235e-14,4.379813068764694e-14
1772531327.3282542,1844,1.0051727294921875,994.853889943074,0.9044779995116321,0.003905735995579127,7.763571984588896e-05,0.003947765150840435,0.0,0.0,0.9,3.952971175616195e-14,3.952971175616195e-14,4.342575969055631e-14
1772531327.340507,1845,0.9641647338867188,1037.1671612265084,0.9017618427886417,0.002819538485916498,7.763571984588896e-05,0.003947765150840435,0.0,0.0,0.9,3.67768942923887e-14,3.67768942923887e-14,4.275874430684389e-14
1772531327.3529034,1846,0.7069110870361328,1414.6050590219224,0.902200558593462,0.0004472926303059029,7.763571984588896e-05,0.003947765150840435,0.0,0.0,0.9,3.723189536389437e-14,3.7231906719796064e-14,4.2225452446923604e-14
1772531327.365544,1847,0.7569789886474609,1321.0406299212598,0.902915610643853,0.0007291466837232341,7.763571984588896e-05,0.003947765150840435,0.0,0.0,0.9,3.720850228971129e-14,3.7208513571876745e-14,4.173386305231788e-14
1772531327.3775575,1848,0.8249282836914062,1212.2265895953758,0.897161275291599,0.0059263497170731014,7.763571984588896e-05,0.003947765150840435,0.0,0.0,0.9,3.4440118534393866e-14,3.444012993705752e-14,4.095341307809701e-14
1772531327.3900871,1849,0.6694793701171875,1493.6980056980058,0.8994377741352602,0.0023749760700640193,7.763571984588896e-05,0.003947765150840435,0.0,0.0,0.9,3.629072557522224e-14,3.629073689394557e-14,4.052822068779572e-14
1772531327.4027777,1850,0.7622241973876953,1311.9499530810135,0.9006777804875511,0.0012883976678359085,7.763571984588896e-05,0.003947765150840435,0.0,0.0,0.9,3.539661063970315e-14,3.5396622074305e-14,4.0034467828811546e-14
1772531327.415064,1851,0.5354881286621094,1867.4550311665182,0.9010221931237704,0.0003573755612835625,7.763571984588896e-05,0.003947765150840435,0.0,0.0,0.9,3.489511767327179e-14,3.489512901349301e-14,3.9534598538856264e-14
1772531327.4276755,1852,0.812530517578125,1230.7230046948357,0.8996187321004352,0.0014418145363052333,7.763571984588896e-05,0.003947765150840435,0.0,0.0,0.9,3.397737364631043e-14,3.39851723378145e-14,3.8977108432996075e-14
1772531327.4405293,1853,0.8859634399414062,1128.7147470398277,0.9029048925143657,0.0033868054128128847,7.763571984588896e-05,0.003947765150840435,0.0,0.0,0.9,3.489509572583698e-14,3.489510706606533e-14,3.859891555390071e-14
1772531327.4532182,1854,0.8661746978759766,1154.5015139003578,0.904450547608106,0.0015781637200216008,7.763571984588896e-05,0.003947765150840435,0.0,0.0,0.9,3.399299115034383e-14,3.398519434159417e-14,3.815605925922118e-14
1772531327.4651434,1855,0.6487369537353516,1541.4568173465639,0.8996318516568944,0.004976793144222801,7.763571984588896e-05,0.003947765150840435,0.0,0.0,0.9,3.2095483825438375e-14,3.209549512349001e-14,3.752328882881517e-14
1772531327.477623,1856,0.6854534149169922,1458.888347826087,0.8991504014957663,0.0004908421547998766,7.763571984588896e-05,0.003947765150840435,0.0,0.0,0.9,3.255825501185457e-14,3.255826633417403e-14,3.7023814784062376e-14
1772531327.491016,1857,1.132965087890625,882.6397306397306,0.9045555099085092,0.005566828691328371,7.763571984588896e-05,0.003947765150840435,0.0,0.0,0.9,3.3530198850044306e-14,3.3522409217019725e-14,3.670881181698426e-14
1772531327.502792,1858,0.8661746978759766,1154.5015139003578,0.8988696741111478,0.00586796907245405,7.763571984588896e-05,0.003947765150840435,0.0,0.0,0.9,3.0692118955246094e-14,3.0692130279655004e-14,3.6065538023002307e-14
1772531327.515126,1859,0.6575584411621094,1520.7773749093546,0.899800988029029,0.0009785450267650664,7.763571984588896e-05,0.003947765150840435,0.0,0.0,0.9,3.16483278998915e-14,3.16483392624876e-14,3.566791750118182e-14
1772531327.5280051,1860,0.8225440979003906,1215.7402898550724,0.9020512379047843,0.0023216142228229333,7.763571984588896e-05,0.003947765150840435,0.0,0.0,0.9,3.16483278998915e-14,3.16483392624876e-14,3.527562071217002e-14
1772531327.5406256,1861,0.8428096771240234,1186.507496463932,0.9026220431238905,0.0005819877733308971,7.763571984588896e-05,0.003947765150840435,0.0,0.0,0.9,3.072330446239186e-14,3.07233158732533e-14,3.4824567261729655e-14
1772531327.5526583,1862,0.7200241088867188,1388.8423841059603,0.8987893574246206,0.003949452318716407,7.763571984588896e-05,0.003947765150840435,0.0,0.0,0.9,2.932720573840925e-14,2.9335004551788925e-14,3.425118191806882e-14
1772531327.56514,1863,0.6842613220214844,1461.4299651567944,0.9000086226557705,0.0012737761966611914,7.763571984588896e-05,0.003947765150840435,0.0,0.0,0.9,3.022932538754316e-14,3.022933668622649e-14,3.3856094407924306e-14
1772531327.5781326,1864,0.8740425109863281,1144.1091107474085,0.9031627991832629,0.0032482134533158924,7.763571984588896e-05,0.003947765150840435,0.0,0.0,0.9,3.024484908046808e-14,3.023710350691095e-14,3.351374612576765e-14
1772531327.5903666,1865,0.8399486541748047,1190.548963951178,0.9001246723093936,0.0031375114979199444,7.763571984588896e-05,0.003947765150840435,0.0,0.0,0.9,2.8386487934618354e-14,2.8386499330743905e-14,3.2985690776047974e-14
1772531327.6027715,1866,0.7603168487548828,1315.2411414236437,0.9001306819679338,4.937798839323389e-05,7.763571984588896e-05,0.003947765150840435,0.0,0.0,0.9,2.882604380337742e-14,2.882605513012239e-14,3.2579594833275556e-14
1772531327.6149707,1867,0.6389617919921875,1565.0388059701493,0.8985943296257308,0.0015734264301750592,7.763571984588896e-05,0.003947765150840435,0.0,0.0,0.9,2.7923676538099173e-14,2.7923687907570854e-14,3.211219969990105e-14
1772531327.6278338,1868,0.7822513580322266,1278.361475160012,0.9012354452597208,0.0027332065607091694,7.763571984588896e-05,0.003947765150840435,0.0,0.0,0.9,2.8394289234799353e-14,2.839430062779383e-14,3.1768075402267356e-14
1772531327.640593,1869,0.90789794921875,1101.4453781512605,0.9028185216799349,0.0016249208092890509,7.763571984588896e-05,0.003947765150840435,0.0,0.0,0.9,2.7931502596825243e-14,2.793151407084863e-14,3.141174934184071e-14
1772531327.652668,1870,0.7450580596923828,1342.17728,0.8998442707142414,0.003069760226553931,7.763571984588896e-05,0.003947765150840435,0.0,0.0,0.9,2.6551404891735282e-14,2.655141628213526e-14,3.093385319326245e-14
1772531327.664984,1871,0.8330345153808594,1200.4304522037778,0.8971097770999189,0.002803407705415389,7.763571984588896e-05,0.003947765150840435,0.0,0.0,0.9,2.6065341971018032e-14,2.6065353458373747e-14,3.0462451035070936e-14
1772531327.678291,1872,0.8549690246582031,1169.633017289459,0.9057673701767257,0.008923011434655107,7.763571984588896e-05,0.003947765150840435,0.0,0.0,0.9,2.8386487934618354e-14,2.8386499330743905e-14,3.034091585806721e-14
1772531327.6903381,1873,0.8227825164794922,1215.388003477253,0.9006082701558759,0.005338123673257953,7.763571984588896e-05,0.003947765150840435,0.0,0.0,0.9,2.5571516924037286e-14,2.557152816251002e-14,2.984211817629634e-14
1772531327.702753,1874,0.6728172302246094,1486.2877391920624,0.9011963099110372,0.0006064465857892833,7.763571984588896e-05,0.003947765150840435,0.0,0.0,0.9,2.6057519464826756e-14,2.6057530840145546e-14,2.9487158781640597e-14
1772531327.7152884,1875,0.6160736083984375,1623.1826625386998,0.9017630033794873,0.0005806256191214931,7.763571984588896e-05,0.003947765150840435,0.0,0.0,0.9,2.561036330404448e-14,2.5610374760474083e-14,2.912574522240644e-14
1772531327.7282677,1876,0.8375644683837891,1193.9379447765443,0.9043178552858157,0.0026193424813376882,7.763571984588896e-05,0.003947765150840435,0.0,0.0,0.9,2.6042001157686944e-14,2.604201253978423e-14,2.882642501123283e-14
1772531327.740721,1877,1.2173652648925781,821.4461417939679,0.8992406405791897,0.005241850651352427,7.763571984588896e-05,0.003947765150840435,0.0,0.0,0.9,2.4175876680185062e-14,2.4175888069543784e-14,2.8337396608235715e-14
1772531327.7527544,1878,0.7052421569824219,1417.9526707234618,0.9000209479541071,0.0008185780722890405,7.763571984588896e-05,0.003947765150840435,0.0,0.0,0.9,2.4677294158903843e-14,2.4677305560731818e-14,2.7985364306771062e-14
1772531327.765676,1879,0.9276866912841797,1077.9501413518376,0.9027114651257406,0.0027714801584621503,7.763571984588896e-05,0.003947765150840435,0.0,0.0,0.9,2.5116586218941712e-14,2.5116597541162287e-14,2.772901006269697e-14
1772531327.7782938,1880,0.8401870727539062,1190.211123723042,0.9037091341595063,0.001017256391515562,7.763571984588896e-05,0.003947765150840435,0.0,0.0,0.9,2.4207012632947666e-14,2.4207024131970713e-14,2.73702975722279e-14
1772531327.7902014,1881,0.6711483001708984,1489.9836589698045,0.8985700255410258,0.0053000054625109965,7.763571984588896e-05,0.003947765150840435,0.0,0.0,0.9,2.2810994279081814e-14,2.2811005690307504e-14,2.688662370261613e-14
1772531327.8026805,1882,0.7126331329345703,1403.2465707594513,0.8986727852690655,0.00017886335290553715,7.763571984588896e-05,0.003947765150840435,0.0,0.0,0.9,2.327363310710681e-14,2.3273644550096112e-14,2.6528187980153294e-14
1772531327.8155663,1883,0.8206367492675781,1218.5659500290528,0.9020619375318129,0.003501001779384893,7.763571984588896e-05,0.003947765150840435,0.0,0.0,0.9,2.372858080499623e-14,2.3728592282229846e-14,2.6275086547711905e-14
1772531327.8282115,1884,0.9512901306152344,1051.2040100250626,0.902604883514139,0.0005534670051335623,7.763571984588896e-05,0.003947765150840435,0.0,0.0,0.9,2.325035741271222e-14,2.3250368737728253e-14,2.6001017005823197e-14
1772531327.8402104,1885,0.7832050323486328,1276.8048706240488,0.8985260301247385,0.004202194503454614,7.763571984588896e-05,0.003947765150840435,0.0,0.0,0.9,2.1862414603067904e-14,2.1862425958828324e-14,2.5566836948530117e-14
1772531327.8524528,1886,0.6368160247802734,1570.3122426057657,0.8976466144394186,0.0008964594507615786,7.763571984588896e-05,0.003947765150840435,0.0,0.0,0.9,2.187801736007684e-14,2.187802884528605e-14,2.520142612236941e-14
1772531327.865559,1887,0.8518695831298828,1173.8886090120347,0.9025540908873191,0.005068796969820651,7.763571984588896e-05,0.003947765150840435,0.0,0.0,0.9,2.2810994279081814e-14,2.2811005690307504e-14,2.5002084529298248e-14
1772531327.8777733,1888,0.6492137908935547,1540.3246419390377,0.9014536690798328,0.0011435392843032483,7.763571984588896e-05,0.003947765150840435,0.0,0.0,0.9,2.141522342082955e-14,2.1415234873200184e-14,2.4628151353589044e-14
1772531327.8899825,1889,0.6656646728515625,1502.2578796561604,0.8981167616511038,0.003432202134998707,7.763571984588896e-05,0.003947765150840435,0.0,0.0,0.9,2.0936953133870412e-14,2.0936964560391907e-14,2.424743196909535e-14
1772531327.9023747,1890,0.5967617034912109,1675.7107471034758,0.8985077924857907,0.000445667240202705,7.763571984588896e-05,0.003947765150840435,0.0,0.0,0.9,2.0960341808123906e-14,2.096035336546449e-14,2.3933217107271827e-14
1772531327.91562,1891,0.8296966552734375,1205.2597701149425,0.9042629226902601,0.005930694899755934,7.763571984588896e-05,0.003947765150840435,0.0,0.0,0.9,2.1862414603067904e-14,2.1862425958828324e-14,2.3780258238317418e-14
1772531327.928313,1892,1.0156631469726562,984.5784037558685,0.9044980289682378,0.0002814891082866616,7.763571984588896e-05,0.003947765150840435,0.0,0.0,0.9,2.0936953133870412e-14,2.0936964560391907e-14,2.3505001581254497e-14
1772531327.94008,1893,0.6897449493408203,1449.8112685793294,0.8988966278043511,0.005782274978957572,7.763571984588896e-05,0.003947765150840435,0.0,0.0,0.9,1.9541152699595607e-14,1.9541164172317826e-14,2.3068814530804705e-14
1772531327.952147,1894,0.5259513854980469,1901.3164097914778,0.896524032650282,0.002427278559485405,7.763571984588896e-05,0.003947765150840435,0.0,0.0,0.9,1.9541152699595607e-14,1.9541164172317826e-14,2.2698018695117923e-14
1772531327.9656568,1895,0.8633136749267578,1158.3275338304336,0.9043936671582716,0.008118779641249007,7.763571984588896e-05,0.003947765150840435,0.0,0.0,0.9,2.095245663722825e-14,2.096027985779836e-14,2.2557303926791395e-14
1772531327.977792,1896,0.7839202880859375,1275.639902676399,0.9009847471676128,0.00353024310669804,7.763571984588896e-05,0.003947765150840435,0.0,0.0,0.9,1.908618796900785e-14,1.9078427983467806e-14,2.2213943484515305e-14
1772531327.9898348,1897,0.6580352783203125,1519.6753623188406,0.8978079433137339,0.0032653797311349027,7.763571984588896e-05,0.003947765150840435,0.0,0.0,0.9,1.863139570721834e-14,1.863140725559736e-14,2.1840579409824497e-14
1772531328.0028365,1898,0.7767677307128906,1287.3861264579496,0.9023690291089566,0.004710027404248961,7.763571984588896e-05,0.003947765150840435,0.0,0.0,0.9,1.9980797266094167e-14,1.9988520903339702e-14,2.1682328920108925e-14
1772531328.015052,1899,0.6928443908691406,1443.3255333792154,0.90006798908211,0.002375632056903108,7.763571984588896e-05,0.003947765150840435,0.0,0.0,0.9,1.8615786657773196e-14,1.861582011955582e-14,2.1350054566283888e-14
1772531328.0280252,1900,0.7464885711669922,1339.6052379431492,0.9043899414488064,0.00444559241002549,7.763571984588896e-05,0.003947765150840435,0.0,0.0,0.9,1.9525637648320043e-14,1.952567078380854e-14,2.1190902056784768e-14
1772531328.0399017,1901,0.6964206695556641,1435.9137281752824,0.8982400312149685,0.006345173451476492,7.763571984588896e-05,0.003947765150840435,0.0,0.0,0.9,1.765954939843781e-14,1.7667280489016203e-14,2.0793276019056077e-14
1772531328.0528734,1902,0.7712841033935547,1296.5391035548687,0.9027660293318688,0.00467005767462456,7.763571984588896e-05,0.003947765150840435,0.0,0.0,0.9,1.863139570721834e-14,1.8631429625513977e-14,2.0592729040190385e-14
1772531328.0649905,1903,0.7367134094238281,1357.379935275081,0.8987892631101129,0.0041000750360349935,7.763571984588896e-05,0.003947765150840435,0.0,0.0,0.9,1.7227808190715006e-14,1.722784207761076e-14,2.025174668400403e-14
1772531328.0776894,1904,0.7534027099609375,1327.3113924050633,0.9012655696742002,0.0025607987316016005,7.763571984588896e-05,0.003947765150840435,0.0,0.0,0.9,1.8153294941158985e-14,1.8153328260830154e-14,2.0044105046480753e-14
1772531328.0903358,1905,0.8225440979003906,1215.7402898550724,0.9022441778858658,0.0010030820813810215,7.763571984588896e-05,0.003947765150840435,0.0,0.0,0.9,1.76750185835737e-14,1.767505212383538e-14,1.9818389064750786e-14
1772531328.1025922,1906,0.6496906280517578,1539.194128440367,0.9010590595877641,0.0012288845388960157,7.763571984588896e-05,0.003947765150840435,0.0,0.0,0.9,1.721218420991168e-14,1.7212217603068134e-14,1.9542224597449674e-14
1772531328.115124,1907,0.5090236663818359,1964.5451990632318,0.9022733077127041,0.001246410139965964,7.763571984588896e-05,0.003947765150840435,0.0,0.0,0.9,1.7219969793175132e-14,1.722779674950577e-14,1.932074037060189e-14
1772531328.1281395,1908,0.8170604705810547,1223.8996206594688,0.904615892697393,0.0023982580830715365,7.763571984588896e-05,0.003947765150840435,0.0,0.0,0.9,1.7219969793175132e-14,1.72199918995929e-14,1.910585902846703e-14
1772531328.1402416,1909,0.8215904235839844,1217.1514799767847,0.899491706230777,0.005292693588192955,7.763571984588896e-05,0.003947765150840435,0.0,0.0,0.9,1.584794777181448e-14,1.584797008312298e-14,1.8766118893993727e-14
1772531328.152425,1910,0.6425380706787109,1556.3280148423005,0.8987120440378783,0.0007950707330830289,7.763571984588896e-05,0.003947765150840435,0.0,0.0,0.9,1.6294729282333233e-14,1.6302526613371104e-14,1.8537928299827814e-14
1772531328.16535,1911,0.6430149078369141,1555.1738969225064,0.9034320848622678,0.004866509636602386,7.763571984588896e-05,0.003947765150840435,0.0,0.0,0.9,1.6757291669572367e-14,1.67573138476221e-14,1.8375532632616217e-14
1772531328.1780088,1912,0.9143352508544922,1093.69074315515,0.9022630504346612,0.0012234840987037881,7.763571984588896e-05,0.003947765150840435,0.0,0.0,0.9,1.5816748616408336e-14,1.5816770781468805e-14,1.8136323423127538e-14
1772531328.1901765,1913,0.6754398345947266,1480.5167666784328,0.9001798730788159,0.0021495889533088355,7.763571984588896e-05,0.003947765150840435,0.0,0.0,0.9,1.536950716570351e-14,1.5369529584161637e-14,1.7856142681250202e-14
1772531328.2026196,1914,0.7159709930419922,1396.7046287046287,0.8996702687135139,0.0005199284209728418,7.763571984588896e-05,0.003947765150840435,0.0,0.0,0.9,1.5361638616511492e-14,1.5361660850558257e-14,1.762815418647026e-14
1772531328.2154484,1915,0.8177757263183594,1222.8291545189504,0.9021968751659648,0.0026065361962065974,7.763571984588896e-05,0.003947765150840435,0.0,0.0,0.9,1.5801219160997184e-14,1.5801241157396586e-14,1.7456899213332474e-14
1772531328.228152,1916,0.9102821350097656,1098.5605028810896,0.9031442982208084,0.0009674465286725985,7.763571984588896e-05,0.003947765150840435,0.0,0.0,0.9,1.535380493983173e-14,1.535382698922804e-14,1.7233495764389574e-14
1772531328.2401352,1917,0.7495880126953125,1334.0661577608143,0.8991562541983621,0.004112780000713676,7.763571984588896e-05,0.003947765150840435,0.0,0.0,0.9,1.4444016138343653e-14,1.444403832653083e-14,1.694627454826038e-14
1772531328.2525687,1918,0.7197856903076172,1389.3024180192117,0.898940875742164,0.00023204487892979802,7.763571984588896e-05,0.003947765150840435,0.0,0.0,0.9,1.48755854738402e-14,1.4867966789938348e-14,1.6764539024791992e-14
1772531328.2654524,1919,0.8211135864257812,1217.8583042973287,0.9023182769058135,0.0034867617369502423,7.763571984588896e-05,0.003947765150840435,0.0,0.0,0.9,1.4898849584459605e-14,1.4898871903202472e-14,1.6593677899702173e-14
1772531328.2777927,1920,0.8378028869628906,1193.5981787137166,0.900683143781574,0.001689316712020371,7.763571984588896e-05,0.003947765150840435,0.0,0.0,0.9,1.4420661412247436e-14,1.442068321901496e-14,1.6359955720463144e-14
1772531328.2899835,1921,0.72479248046875,1379.7052631578947,0.8987387630917558,0.0019955093965570957,7.763571984588896e-05,0.003947765150840435,0.0,0.0,0.9,1.3973729527662507e-14,1.3973751601187934e-14,1.612494158663744e-14
1772531328.302924,1922,0.7836818695068359,1276.0279890477639,0.9025304900130899,0.003913641045696308,7.763571984588896e-05,0.003947765150840435,0.0,0.0,0.9,1.4436200442472724e-14,1.443622264267247e-14,1.5958712691496512e-14
1772531328.3156416,1923,0.8723735809326172,1146.2978955998906,0.9035684961863989,0.0010591760364278618,7.763571984588896e-05,0.003947765150840435,0.0,0.0,0.9,1.3981550310369983e-14,1.398157258677912e-14,1.5777953663043226e-14
1772531328.3281126,1924,0.8916854858398438,1121.4716577540107,0.9020703238973288,0.0015614454376487073,7.763571984588896e-05,0.003947765150840435,0.0,0.0,0.9,1.3495565335299693e-14,1.349558774495264e-14,1.554682215893429e-14
1772531328.340086,1925,0.6473064422607422,1544.8633517495396,0.8991260941735618,0.0030325797359635853,7.763571984588896e-05,0.003947765150840435,0.0,0.0,0.9,1.3464616207574007e-14,1.3464637998254708e-14,1.535401094773024e-14
1772531328.3523226,1926,0.545501708984375,1833.1748251748252,0.8979378649255932,0.0012123588135389144,7.763571984588896e-05,0.003947765150840435,0.0,0.0,0.9,1.3040477020784798e-14,1.3040499289439236e-14,1.5122513057372713e-14
1772531328.3656309,1927,0.8020401000976562,1246.8204518430439,0.9041379874259515,0.00639359878610051,7.763571984588896e-05,0.003947765150840435,0.0,0.0,0.9,1.3966070062602604e-14,1.3966091932764474e-14,1.5052796360769185e-14
1772531328.3781934,1928,1.079559326171875,926.303886925795,0.9020507266596302,0.0021706475288541436,7.763571984588896e-05,0.003947765150840435,0.0,0.0,0.9,1.3017095528610635e-14,1.301711737490915e-14,1.4858939398586864e-14
1772531328.3898332,1929,0.6272792816162109,1594.186240973014,0.8971391450667118,0.00505430544192401,7.763571984588896e-05,0.003947765150840435,0.0,0.0,0.9,1.2546756515596701e-14,1.2546778221469074e-14,1.461623764865381e-14
1772531328.4026828,1930,0.5428791046142578,1842.0307422046553,0.9017835528430419,0.004803357104883407,7.763571984588896e-05,0.003947765150840435,0.0,0.0,0.9,1.3032765395088732e-14,1.3032787676919746e-14,1.4494239915911795e-14
1772531328.4149437,1931,0.5960464477539062,1677.7216,0.8992230219511098,0.002636279348746727,7.763571984588896e-05,0.003947765150840435,0.0,0.0,0.9,1.2123064466853662e-14,1.2123086931328681e-14,1.4257594896550855e-14
1772531328.4285483,1932,1.104593276977539,905.3105978847399,0.9054608482536883,0.006421105099720789,7.763571984588896e-05,0.003947765150840435,0.0,0.0,0.9,1.3032731914545632e-14,1.3032753965533688e-14,1.414556612472699e-14
1772531328.4401007,1933,0.7169246673583984,1394.8466910542068,0.8992611578030846,0.006403294266978151,7.763571984588896e-05,0.003947765150840435,0.0,0.0,0.9,1.1629545945781574e-14,1.1629568069771622e-14,1.3893173305405584e-14
1772531328.4524696,1934,0.5753040313720703,1738.2113551595523,0.8993545782372933,0.00014026644535838304,7.763571984588896e-05,0.003947765150840435,0.0,0.0,0.9,1.2107366265799009e-14,1.2107388262305298e-14,1.3718171502743063e-14
1772531328.4649482,1935,0.6289482116699219,1589.956027293404,0.8992022741863793,0.00016842570262581554,7.763571984588896e-05,0.003947765150840435,0.0,0.0,0.9,1.2091925297170063e-14,1.209194707289982e-14,1.3580165389553816e-14
1772531328.4773674,1936,0.7114410400390625,1405.597855227882,0.8986066081277503,0.0006070564259180182,7.763571984588896e-05,0.003947765150840435,0.0,0.0,0.9,1.1629545945781574e-14,1.1629568069771622e-14,1.3394405826609704e-14
1772531328.4902508,1937,0.7295608520507812,1370.6875816993463,0.9023603020938434,0.003874766582286317,7.763571984588896e-05,0.003947765150840435,0.0,0.0,0.9,1.209972720878001e-14,1.2099748970468787e-14,1.3272814382067085e-14
1772531328.502316,1938,0.7176399230957031,1393.4564784053157,0.8985273453950539,0.003948850230011404,7.763571984588896e-05,0.003947765150840435,0.0,0.0,0.9,1.115872590132026e-14,1.1158747880075003e-14,1.3033709586744218e-14
1772531328.5156019,1939,0.8530616760253906,1172.2481833426496,0.9052018094727118,0.006874167586329224,7.763571984588896e-05,0.003947765150840435,0.0,0.0,0.9,1.209972720878001e-14,1.2099748970468787e-14,1.2965559175234654e-14
1772531328.5277712,1940,0.8947849273681641,1117.5869970690114,0.9009743574504855,0.004377612869428413,7.763571984588896e-05,0.003947765150840435,0.0,0.0,0.9,1.0719365196331064e-14,1.0719387514477416e-14,1.2724259306839568e-14
1772531328.5400684,1941,0.698089599609375,1432.48087431694,0.9006536458139085,0.0003304196850228226,7.763571984588896e-05,0.003947765150840435,0.0,0.0,0.9,1.1151025548789506e-14,1.115104754272167e-14,1.2588223845347687e-14
1772531328.5529444,1942,0.7009506225585938,1426.634013605442,0.9044272633977836,0.0038781891825546955,7.763571984588896e-05,0.003947765150840435,0.0,0.0,0.9,1.1174488787434767e-14,1.1174511004483333e-14,1.2461410830966812e-14
1772531328.5656455,1943,0.812530517578125,1230.7230046948357,0.9041310697790356,0.00037647332518572795,7.763571984588896e-05,0.003947765150840435,0.0,0.0,0.9,1.0719365196331064e-14,1.0719387514477416e-14,1.227980043365507e-14
1772531328.577837,1944,0.8437633514404297,1185.166431195253,0.9001626709708017,0.004101929139279911,7.763571984588896e-05,0.003947765150840435,0.0,0.0,0.9,1.0256708748986175e-14,1.025673119366774e-14,1.2087725072100157e-14
1772531328.5904584,1945,0.8647441864013672,1156.411359250069,0.9013912560978211,0.001268554332184404,7.763571984588896e-05,0.003947765150840435,0.0,0.0,0.9,1.0695913324704779e-14,1.0695935410439179e-14,1.1956420794755267e-14
1772531328.6028173,1946,0.7932186126708984,1260.6865043582807,0.9004607661992639,0.0009587085886260342,7.763571984588896e-05,0.003947765150840435,0.0,0.0,0.9,1.0248834676151358e-14,1.0248856844457275e-14,1.177180129730929e-14
1772531328.6151948,1947,0.6191730499267578,1615.0573738929534,0.9008662802441628,0.0004220314725366753,7.763571984588896e-05,0.003947765150840435,0.0,0.0,0.9,1.0248834676151358e-14,1.0248856844457275e-14,1.1635579239529254e-14
1772531328.627603,1948,0.8127689361572266,1230.361982986213,0.8982605733999728,0.0026762593806340293,7.763571984588896e-05,0.003947765150840435,0.0,0.0,0.9,9.79428146724631e-15,9.79430374264284e-15,1.1448813992913887e-14
1772531328.6406202,1949,0.8361339569091797,1195.9806102081552,0.9035594500999353,0.005465645617075358,7.763571984588896e-05,0.003947765150840435,0.0,0.0,0.9,1.0256858966050013e-14,1.0256881410402865e-14,1.1330627649391338e-14
1772531328.6529744,1950,0.9386539459228516,1065.3553467106933,0.90098582821055,0.0026634928325050848,7.763571984588896e-05,0.003947765150840435,0.0,0.0,0.9,9.755958055070493e-15,9.75598010951574e-15,1.1184026786625406e-14
1772531328.665448,1951,0.7841587066650391,1275.2520522955306,0.9017355933769102,0.0007711446580549858,7.763571984588896e-05,0.003947765150840435,0.0,0.0,0.9,9.786452137320823e-15,9.786474430538013e-15,1.1051895253005259e-14
1772531328.67812,1952,0.8199214935302734,1219.6289619075312,0.9027301044249597,0.0010179645056172754,7.763571984588896e-05,0.003947765150840435,0.0,0.0,0.9,9.755958055070493e-15,9.75598010951574e-15,1.0917641184660033e-14
1772531328.6905704,1953,0.84686279296875,1180.8288288288288,0.9014559624928259,0.0013223453789967879,7.763571984588896e-05,0.003947765150840435,0.0,0.0,0.9,9.308371804344968e-15,9.308394272689259e-15,1.0775449570806375e-14
1772531328.7034967,1954,1.3515949249267578,739.8666431469395,0.901095169082805,0.0003731404113147646,7.763571984588896e-05,0.003947765150840435,0.0,0.0,0.9,9.300536096713756e-15,9.300558583987595e-15,1.0637876858737215e-14
1772531328.7154877,1955,1.020669937133789,979.7486568558747,0.8989656587628196,0.002187851305150561,7.763571984588896e-05,0.003947765150840435,0.0,0.0,0.9,9.28506150496604e-15,9.292754823933242e-15,1.0496089642746124e-14
1772531328.728565,1956,1.2640953063964844,791.0795926065636,0.9029715691669764,0.004132506738870031,7.763571984588896e-05,0.003947765150840435,0.0,0.0,0.9,9.308371804344968e-15,9.308394272689259e-15,1.0369250329607334e-14
1772531328.7409754,1957,1.1467933654785156,871.9966735966736,0.9021766462400869,0.0008336409977148431,7.763571984588896e-05,0.003947765150840435,0.0,0.0,0.9,8.85322511974318e-15,8.853247723472342e-15,1.0228818097561887e-14
1772531328.7531586,1958,1.09100341796875,916.5874125874126,0.8995407926882438,0.0027155253202017,7.763571984588896e-05,0.003947765150840435,0.0,0.0,0.9,8.829774699218904e-15,8.82979668136366e-15,1.0086437927149819e-14
1772531328.7656007,1959,1.066446304321289,937.693717862732,0.8992941898422484,0.0002577660511139913,7.763571984588896e-05,0.003947765150840435,0.0,0.0,0.9,8.829774699218904e-15,8.829774699218904e-15,9.949434716918e-15
1772531328.778777,1960,1.3668537139892578,731.6071864643293,0.9034297716946081,0.0042629910557768404,7.763571984588896e-05,0.003947765150840435,0.0,0.0,0.9,8.85322511974318e-15,8.85322511974318e-15,9.864528311059333e-15
1772531328.7909708,1961,1.2154579162597656,822.7351902706944,0.9014658660448898,0.0020359718351467557,7.763571984588896e-05,0.003947765150840435,0.0,0.0,0.9,8.382552169359973e-15,8.390406097456645e-15,9.722810640947258e-15
1772531328.8031814,1962,1.0445117950439453,957.3850719013924,0.8991091869705473,0.0024236869632749823,7.763571984588896e-05,0.003947765150840435,0.0,0.0,0.9,8.37474944606768e-15,8.37474944606768e-15,9.584749861045272e-15
1772531328.8155246,1963,1.1522769927978516,867.8468859921373,0.8978649568445536,0.0012694963475945887,7.763571984588896e-05,0.003947765150840435,0.0,0.0,0.9,8.36704320790778e-15,8.36704320790778e-15,9.448903913738469e-15
1772531328.8284056,1964,1.2447834014892578,803.3526144416778,0.9010562754540639,0.0033060970260506534,7.763571984588896e-05,0.003947765150840435,0.0,0.0,0.9,8.382552169359973e-15,8.382552169359973e-15,9.36154400299615e-15
1772531328.840831,1965,1.1098384857177734,901.0320085929109,0.9011677541688553,0.00011517458510033916,7.763571984588896e-05,0.003947765150840435,0.0,0.0,0.9,8.35944380127447e-15,8.35944380127447e-15,9.270252053116758e-15
1772531328.8529794,1966,1.069784164428711,934.7679964341431,0.8985328507693127,0.002708238860032054,7.763571984588896e-05,0.003947765150840435,0.0,0.0,0.9,7.912318517910025e-15,7.912318517910025e-15,9.128781174294896e-15
1772531328.8652031,1967,1.0366439819335938,964.6513339466421,0.8967017138006356,0.0018696099393211763,7.763571984588896e-05,0.003947765150840435,0.0,0.0,0.9,7.90463865816463e-15,7.90463865816463e-15,8.992041713948242e-15
1772531328.8784807,1968,1.1188983917236328,893.7362028553164,0.9046863120421247,0.008236018191339704,7.763571984588896e-05,0.003947765150840435,0.0,0.0,0.9,8.37476076483023e-15,8.37476076483023e-15,8.961663357600374e-15
1772531328.8900898,1969,0.7734298706054688,1292.9420468557337,0.8983404799561975,0.006547996816740053,7.763571984588896e-05,0.003947765150840435,0.0,0.0,0.9,7.427013089123269e-15,7.427013089123269e-15,8.807768640873552e-15
1772531328.9028118,1970,0.80108642578125,1248.304761904762,0.9014064655628398,0.0031703047750129983,7.763571984588896e-05,0.003947765150840435,0.0,0.0,0.9,7.912296649097847e-15,7.912296649097847e-15,8.726527764318767e-15
1772531328.915513,1971,0.7338523864746094,1362.6718648473034,0.9033532334899608,0.0019965961323976803,7.763571984588896e-05,0.003947765150840435,0.0,0.0,0.9,7.882756219946849e-15,7.882756219946849e-15,8.638055664720059e-15
1772531328.9281266,1972,0.8883476257324219,1125.6854535695115,0.9027031384644145,0.0006977911272752653,7.763571984588896e-05,0.003947765150840435,0.0,0.0,0.9,7.434758695521832e-15,7.434758695521832e-15,8.500381179213311e-15
1772531328.9402647,1973,0.7576942443847656,1319.7935808684708,0.8995760579604979,0.003227143787836081,7.763571984588896e-05,0.003947765150840435,0.0,0.0,0.9,6.995221170827866e-15,6.995221170827866e-15,8.35816485044837e-15
1772531328.9522312,1974,0.6206035614013672,1611.3346139070304,0.8961675930682519,0.003495328647934202,7.763571984588896e-05,0.003947765150840435,0.0,0.0,0.9,6.9792998339355676e-15,6.9792998339355676e-15,8.217286607151652e-15
1772531328.9654965,1975,0.8385181427001953,1192.5800398066533,0.9031154010109546,0.007174993119814625,7.763571984588896e-05,0.003947765150840435,0.0,0.0,0.9,7.442589237450509e-15,7.45050343735312e-15,8.139350577848936e-15
1772531328.9775913,1976,0.6554126739501953,1525.7562750090942,0.9004329137398775,0.002773992096530601,7.763571984588896e-05,0.003947765150840435,0.0,0.0,0.9,6.971502293769693e-15,6.971502293769693e-15,8.038152053266081e-15
1772531328.9899838,1977,0.6988048553466797,1431.0146707608326,0.8993283486700301,0.0011326763044333336,7.763571984588896e-05,0.003947765150840435,0.0,0.0,0.9,6.971502293769693e-15,6.963818099801872e-15,7.944418895187671e-15
1772531329.0030994,1978,0.8246898651123047,1212.5770453888408,0.9045182928858366,0.005342361401164041,7.763571984588896e-05,0.003947765150840435,0.0,0.0,0.9,7.419352481467721e-15,7.419352481467721e-15,7.906247910203496e-15
1772531329.0149727,1979,0.5178451538085938,1931.0791896869246,0.9002746030994352,0.004389099565400624,7.763571984588896e-05,0.003947765150840435,0.0,0.0,0.9,6.524180604636817e-15,6.524180604636817e-15,7.762021533797705e-15
1772531329.027649,1980,0.8044242858886719,1243.1250740960284,0.9002616268911565,2.6297663027857243e-05,7.763571984588896e-05,0.003947765150840435,0.0,0.0,0.9,6.532168451415911e-15,6.532168451415911e-15,7.631013474041784e-15
1772531329.0405178,1981,0.823974609375,1213.6296296296296,0.9033549305234776,0.0031817909949430467,7.763571984588896e-05,0.003947765150840435,0.0,0.0,0.9,6.963796277269232e-15,6.963796277269232e-15,7.591077294837384e-15
1772531329.052634,1982,0.7722377777099609,1294.9379438098179,0.8996439071786516,0.0038321458990416115,7.763571984588896e-05,0.003947765150840435,0.0,0.0,0.9,6.508542158237469e-15,6.508542158237469e-15,7.490498818676094e-15
1772531329.0656285,1983,0.8499622344970703,1176.5228611500702,0.9038590877015346,0.004339075673057456,7.763571984588896e-05,0.003947765150840435,0.0,0.0,0.9,6.532168451415911e-15,6.540242016823671e-15,7.40784276509148e-15
1772531329.0777812,1984,0.8456707000732422,1182.4933746828306,0.9001607176996356,0.003822924719884665,7.763571984588896e-05,0.003947765150840435,0.0,0.0,0.9,6.069498729492603e-15,6.069498729492603e-15,7.267675069924562e-15
1772531329.0900784,1985,0.6685256958007812,1495.8288159771755,0.9000170960377252,0.00014745413436714693,7.763571984588896e-05,0.003947765150840435,0.0,0.0,0.9,6.500881723176405e-15,6.4933524421175654e-15,7.182168314858951e-15
1772531329.1030104,1986,0.7574558258056641,1320.2090022033365,0.903569415490129,0.0036559699659067875,7.763571984588896e-05,0.003947765150840435,0.0,0.0,0.9,6.508542158237469e-15,6.508542158237469e-15,7.139561656587301e-15
1772531329.1152418,1987,0.7836818695068359,1276.0279890477639,0.9001623535094433,0.0035206877373648326,7.763571984588896e-05,0.003947765150840435,0.0,0.0,0.9,6.0536831328995044e-15,6.0536831328995044e-15,7.041932266480429e-15
1772531329.127666,1988,0.7495880126953125,1334.0661577608143,0.8999655553757497,0.0002012440977531215,7.763571984588896e-05,0.003947765150840435,0.0,0.0,0.9,6.0536831328995044e-15,6.0536831328995044e-15,6.951843030373026e-15
1772531329.1401222,1989,0.5519390106201172,1811.794384449244,0.9009879399409101,0.001058702512897546,7.763571984588896e-05,0.003947765150840435,0.0,0.0,0.9,6.0536831328995044e-15,6.0536831328995044e-15,6.863994615189901e-15
1772531329.1528683,1990,0.7517337799072266,1330.2581668252458,0.9021161018556549,0.0011591461083624516,7.763571984588896e-05,0.003947765150840435,0.0,0.0,0.9,6.0536831328995044e-15,6.0536831328995044e-15,6.77720873215896e-15
1772531329.1651092,1991,0.72479248046875,1379.7052631578947,0.8998436352462488,0.002343126155931331,7.763571984588896e-05,0.003947765150840435,0.0,0.0,0.9,5.607229530636352e-15,5.607229530636352e-15,6.640717308738716e-15
1772531329.1781094,1992,0.8919239044189453,1121.1718791766907,0.9030694134528381,0.0033226304768051622,7.763571984588896e-05,0.003947765150840435,0.0,0.0,0.9,6.0459679991953645e-15,6.0536719482147976e-15,6.600551963541805e-15
1772531329.190155,1993,0.6861686706542969,1457.367616400278,0.8998080172281531,0.0033663380680543143,7.763571984588896e-05,0.003947765150840435,0.0,0.0,0.9,5.577233367132775e-15,5.577233367132775e-15,6.502132068118773e-15
1772531329.202712,1994,0.7648468017578125,1307.4513715710723,0.9002451735497362,0.0004617891799792279,7.763571984588896e-05,0.003947765150840435,0.0,0.0,0.9,5.577233367132775e-15,5.569423668385526e-15,6.41247451706542e-15
1772531329.2153387,1995,0.75531005859375,1323.959595959596,0.9018221196083988,0.0016260897683742868,7.763571984588896e-05,0.003947765150840435,0.0,0.0,0.9,5.577233367132775e-15,5.577233367132775e-15,6.323592582885321e-15
1772531329.228304,1996,0.9615421295166016,1039.9960327299777,0.9043176874601427,0.002558639528494883,7.763571984588896e-05,0.003947765150840435,0.0,0.0,0.9,5.577233367132775e-15,5.577233367132775e-15,6.236742125099625e-15
1772531329.2401237,1997,0.6887912750244141,1451.8186223606785,0.899194405949627,0.0052884463817943796,7.763571984588896e-05,0.003947765150840435,0.0,0.0,0.9,5.121501887181789e-15,5.121501887181789e-15,6.135443434500148e-15
1772531329.2527404,1998,0.7829666137695312,1277.1936662606577,0.8999559264516238,0.0008010153606359199,7.763571984588896e-05,0.003947765150840435,0.0,0.0,0.9,5.561687140254199e-15,5.561687140254199e-15,6.0905055884364765e-15
1772531329.2655187,1999,0.8370876312255859,1194.6180575334663,0.9022596168904738,0.002375200493754789,7.763571984588896e-05,0.003947765150840435,0.0,0.0,0.9,5.561687140254199e-15,5.561687140254199e-15,6.044264580641552e-15
1772531329.2784605,2000,1.234292984008789,810.1804133668147,0.9028537488763327,0.0006054026875898028,7.763571984588896e-05,0.003947765150840435,0.0,0.0,0.9,5.121524508762314e-15,5.121524508762314e-15,5.951501749736329e-15
1772531329.2901354,2001,0.7441043853759766,1343.8974687600128,0.8988131629377187,0.004164636988527284,7.763571984588896e-05,0.003947765150840435,0.0,0.0,0.9,5.105800735708579e-15,5.105800735708579e-15,5.856246629792891e-15
1772531329.3023133,2002,0.5846023559570312,1710.5644371941273,0.8974538007872636,0.0013869021224450222,7.763571984588896e-05,0.003947765150840435,0.0,0.0,0.9,5.105800735708579e-15,5.1135652402674026e-15,5.7654333640994905e-15
1772531329.3155625,2003,0.8256435394287109,1211.1764366156513,0.9033144519900427,0.006049461841112639,7.763571984588896e-05,0.003947765150840435,0.0,0.0,0.9,5.121501887181789e-15,5.121501887181789e-15,5.725297154643253e-15
1772531329.3276844,2004,0.8161067962646484,1225.329827636576,0.8995933045952608,0.0038400624911767494,7.763571984588896e-05,0.003947765150840435,0.0,0.0,0.9,4.6661614125251365e-15,4.658147297574042e-15,5.628096866155405e-15
1772531329.3398602,2005,0.6241798400878906,1602.1023682200153,0.8984958443942369,0.001120603274230731,7.763571984588896e-05,0.003947765150840435,0.0,0.0,0.9,4.6661614125251365e-15,4.658147297574042e-15,5.539204218526146e-15
1772531329.3528652,2006,0.7426738739013672,1346.4860353130016,0.9028364061009178,0.004478857252685107,7.763571984588896e-05,0.003947765150840435,0.0,0.0,0.9,5.098175515123917e-15,5.098175515123917e-15,5.499844623032325e-15
1772531329.3653295,2007,0.8072853088378906,1238.719432959244,0.9018270938908951,0.0010536542120819375,7.763571984588896e-05,0.003947765150840435,0.0,0.0,0.9,4.658147297574042e-15,4.658147297574042e-15,5.407599182929866e-15
1772531329.3774285,2008,0.7729530334472656,1293.739666872301,0.8980197105830118,0.003918483128398754,7.763571984588896e-05,0.003947765150840435,0.0,0.0,0.9,4.642519976227503e-15,4.642519976227503e-15,5.314864963087713e-15
1772531329.390157,2009,0.6945133209228516,1439.8571918983866,0.9015436837448164,0.0036440804869197195,7.763571984588896e-05,0.003947765150840435,0.0,0.0,0.9,4.658147297574042e-15,4.658147297574042e-15,5.272234789057312e-15
1772531329.4024491,2010,0.7224082946777344,1384.2587458745875,0.8991828076076324,0.002430189962916369,7.763571984588896e-05,0.003947765150840435,0.0,0.0,0.9,4.6349636330499635e-15,4.6349636330499635e-15,5.221978308599395e-15
1772531329.4147804,2011,0.6852149963378906,1459.3959638135004,0.8985687046989036,0.000625583334978291,7.763571984588896e-05,0.003947765150840435,0.0,0.0,0.9,4.6349636330499635e-15,4.6349636330499635e-15,5.1747675044124516e-15
1772531329.4282136,2012,0.9098052978515625,1099.1362683438156,0.9064919161640805,0.00815602226810259,7.763571984588896e-05,0.003947765150840435,0.0,0.0,0.9,4.658147297574042e-15,4.658147297574042e-15,5.137825267066436e-15
1772531329.4407058,2013,0.8225440979003906,1215.7402898550724,0.905318745553612,0.0012771657494237143,7.763571984588896e-05,0.003947765150840435,0.0,0.0,0.9,4.634942532268954e-15,4.642498909791088e-15,5.091049170040397e-15
1772531329.4525118,2014,0.7159709930419922,1396.7046287046287,0.8986377171659993,0.006897849455668972,7.763571984588896e-05,0.003947765150840435,0.0,0.0,0.9,4.187369512803047e-15,4.195181170684002e-15,4.9926228387680625e-15
1772531329.4647868,2015,0.6785392761230469,1473.75404075896,0.8975215975929718,0.0011378408856359012,7.763571984588896e-05,0.003947765150840435,0.0,0.0,0.9,4.1952030487283226e-15,4.187391431661273e-15,4.905304721759214e-15
1772531329.4781818,2016,0.8747577667236328,1143.173616789316,0.9053798286807162,0.008098537909603212,7.763571984588896e-05,0.003947765150840435,0.0,0.0,0.9,4.642519976227503e-15,4.6349636330499635e-15,4.872423753330801e-15
1772531329.4909408,2017,1.2121200561523438,825.0007867820614,0.9032641493650113,0.002214862481843818,7.763571984588896e-05,0.003947765150840435,0.0,0.0,0.9,4.187391431661273e-15,4.17974952931352e-15,4.822280452675957e-15
1772531329.5026572,2018,0.6113052368164062,1635.8439937597504,0.9009167433606463,0.002430042107289914,7.763571984588896e-05,0.003947765150840435,0.0,0.0,0.9,4.179727570380487e-15,4.179727570380487e-15,4.774253614523218e-15
1772531329.5149581,2019,0.5478858947753906,1825.1975630983463,0.8992225804092902,0.0017403460904438508,7.763571984588896e-05,0.003947765150840435,0.0,0.0,0.9,4.1797164108785046e-15,4.1797164108785046e-15,4.726535714004865e-15
1772531329.528319,2020,0.8120536804199219,1231.4456840869054,0.9057727988807245,0.006742065731453143,7.763571984588896e-05,0.003947765150840435,0.0,0.0,0.9,4.1952030487283226e-15,4.1952030487283226e-15,4.687937379364563e-15
1772531329.5402133,2021,0.8602142333984375,1162.50110864745,0.8980093930522787,0.008011362582844022,7.763571984588896e-05,0.003947765150840435,0.0,0.0,0.9,3.732875021474313e-15,3.732875021474313e-15,4.587942356980303e-15
1772531329.552827,2022,0.7779598236083984,1285.4134232301562,0.9008981409151886,0.0029937853853899323,7.763571984588896e-05,0.003947765150840435,0.0,0.0,0.9,4.1797164108785046e-15,4.1797164108785046e-15,4.5483901003944996e-15
1772531329.5652833,2023,0.640869140625,1560.3809523809523,0.9016835153215171,0.000808630921737052,7.763571984588896e-05,0.003947765150840435,0.0,0.0,0.9,3.748972225999133e-15,3.748972225999133e-15,4.4599926813200424e-15
1772531329.578221,2024,0.8957386016845703,1116.3971253659836,0.9032760025391597,0.0016325592040374,7.763571984588896e-05,0.003947765150840435,0.0,0.0,0.9,3.748972225999133e-15,3.748972225999133e-15,4.375525114333328e-15
1772531329.590085,2025,0.6902217864990234,1448.8096718480137,0.8982292564932436,0.005201034749562552,7.763571984588896e-05,0.003947765150840435,0.0,0.0,0.9,3.705199198191873e-15,3.705199198191873e-15,4.321738861086482e-15
1772531329.6027284,2026,0.7357597351074219,1359.1393389500972,0.899742194290867,0.0015821176649613894,7.763571984588896e-05,0.003947765150840435,0.0,0.0,0.9,3.740812019900756e-15,3.748937710135582e-15,4.277397903650184e-15
1772531329.6154776,2027,0.8678436279296875,1152.2813186813187,0.9013682545734383,0.0016821353399367757,7.763571984588896e-05,0.003947765150840435,0.0,0.0,0.9,3.7129878799443064e-15,3.720967298821698e-15,4.230100791430997e-15
1772531329.6280186,2028,0.8530616760253906,1172.2481833426496,0.9018980931725449,0.0005430160860117124,7.763571984588896e-05,0.003947765150840435,0.0,0.0,0.9,3.7129878799443064e-15,3.720967298821698e-15,4.183234049605183e-15
1772531329.640294,2029,0.7915496826171875,1263.3445783132531,0.9000119195209533,0.0019435225994769245,7.763571984588896e-05,0.003947765150840435,0.0,0.0,0.9,3.69756990504068e-15,3.690166228266953e-15,4.134484464614061e-15
1772531329.6524706,2030,0.7386207580566406,1353.8747579083279,0.8975185800718766,0.002555647383903289,7.763571984588896e-05,0.003947765150840435,0.0,0.0,0.9,3.27319336551994e-15,3.2648274682842203e-15,4.041274861526143e-15
1772531329.665539,2031,0.8156299591064453,1226.046185325928,0.9029931646596624,0.005652632253821654,7.763571984588896e-05,0.003947765150840435,0.0,0.0,0.9,3.705199198191873e-15,3.697602458878671e-15,4.002519257535325e-15
1772531329.6780944,2032,0.8616447448730469,1160.5711123408964,0.9028778374924995,0.0001645563868633794,7.763571984588896e-05,0.003947765150840435,0.0,0.0,0.9,3.27319336551994e-15,3.27319336551994e-15,3.911647550535149e-15
1772531329.6900587,2033,0.7543563842773438,1325.6333754740836,0.8983590382475252,0.004656436997413298,7.763571984588896e-05,0.003947765150840435,0.0,0.0,0.9,3.2566304372225373e-15,3.2566304372225373e-15,3.860151210000418e-15
1772531329.702847,2034,0.7901191711425781,1265.6318648159324,0.9011444428529669,0.002883643662897303,7.763571984588896e-05,0.003947765150840435,0.0,0.0,0.9,3.264803964271164e-15,3.264803964271164e-15,3.816859698289948e-15
1772531329.7155752,2035,0.8206367492675781,1218.5659500290528,0.9031031660076634,0.0020115648726209932,7.763571984588896e-05,0.003947765150840435,0.0,0.0,0.9,3.256653076189667e-15,3.256653076189667e-15,3.772365402654617e-15
1772531329.7282217,2036,0.8032321929931641,1244.9700207776789,0.9043719047413024,0.0012938237383380577,7.763571984588896e-05,0.003947765150840435,0.0,0.0,0.9,3.256653076189667e-15,3.256653076189667e-15,3.7266902324141555e-15
1772531329.7399726,2037,0.6437301635742188,1553.4459259259258,0.8973584324480885,0.007231024346475927,7.763571984588896e-05,0.003947765150840435,0.0,0.0,0.9,3.233450572045799e-15,3.233450572045799e-15,3.674803191948557e-15
1772531329.7523541,2038,0.6840229034423828,1461.9393516904845,0.8966832244497636,0.0006955306987308518,7.763571984588896e-05,0.003947765150840435,0.0,0.0,0.9,3.2409467808746666e-15,3.2409467808746666e-15,3.62829843940565e-15
1772531329.7656853,2039,0.8573532104492188,1166.3804226918799,0.904201339786798,0.007757634661500518,7.763571984588896e-05,0.003947765150840435,0.0,0.0,0.9,3.256653076189667e-15,3.256653076189667e-15,3.589435244656581e-15
1772531329.7775898,2040,0.8356571197509766,1196.6630527817404,0.8981719036006062,0.006218660218877931,7.763571984588896e-05,0.003947765150840435,0.0,0.0,0.9,2.80075120979986e-15,2.80075120979986e-15,3.494951485598166e-15
1772531329.7900615,2041,0.6978511810302734,1432.9702767338572,0.8998894813772514,0.0017898393619151327,7.763571984588896e-05,0.003947765150840435,0.0,0.0,0.9,3.233450572045799e-15,3.2409467808746666e-15,3.4531891639456375e-15
1772531329.8025212,2042,0.6427764892578125,1555.7507418397627,0.9003603091934317,0.0004939826886488594,7.763571984588896e-05,0.003947765150840435,0.0,0.0,0.9,3.233450572045799e-15,3.2409467808746666e-15,3.4495261223272605e-15
1772531329.8150132,2043,0.7569789886474609,1321.0406299212598,0.8996675942962101,0.000708540424970856,7.763571984588896e-05,0.003947765150840435,0.0,0.0,0.9,2.80075120979986e-15,2.80075120979986e-15,3.4008984451288024e-15
1772531329.8282986,2044,0.8616447448730469,1160.5711123408964,0.9062588951738232,0.006779573067988851,7.763571984588896e-05,0.003947765150840435,0.0,0.0,0.9,3.2409467808746666e-15,3.2409467808746666e-15,3.407259979758555e-15
1772531329.8399837,2045,0.6077289581298828,1645.4703805413887,0.8995605858894495,0.006922947158483308,7.763571984588896e-05,0.003947765150840435,0.0,0.0,0.9,2.784728854189878e-15,2.777110788676093e-15,3.3553518719343674e-15
1772531329.8530123,2046,0.9369850158691406,1067.2529262086514,0.9022086385180552,0.0027303816770584276,7.763571984588896e-05,0.003947765150840435,0.0,0.0,0.9,2.80075120979986e-15,2.7926251793801185e-15,3.3134996250312965e-15
1772531329.865237,2047,0.6821155548095703,1466.027263194687,0.9010947921241852,0.00115540801194704,7.763571984588896e-05,0.003947765150840435,0.0,0.0,0.9,2.792602011402574e-15,2.784728854189878e-15,3.2694772641664767e-15
1772531329.8779297,2048,0.7314682006835938,1367.1134289439374,0.9028291076872286,0.001780521157819123,7.763571984588896e-05,0.003947765150840435,0.0,0.0,0.9,2.792602011402574e-15,2.792602011402574e-15,3.226404359340198e-15
1772531329.890004,2049,0.6763935089111328,1478.429326753613,0.8990530628307892,0.0038939409427087876,7.763571984588896e-05,0.003947765150840435,0.0,0.0,0.9,2.7770771970036754e-15,2.7770771970036754e-15,3.1786072192221168e-15
1772531329.902339,2050,0.5905628204345703,1693.2999596285829,0.8982172429037811,0.0008518176470998312,7.763571984588896e-05,0.003947765150840435,0.0,0.0,0.9,2.7770771970036754e-15,2.7770771970036754e-15,3.1330836124534802e-15
1772531329.9156656,2051,0.8718967437744141,1146.9248017500684,0.9045035363315175,0.0064786964380216415,7.763571984588896e-05,0.003947765150840435,0.0,0.0,0.9,2.792602011402574e-15,2.792602011402574e-15,3.0938754042322227e-15
1772531329.9278843,2052,0.8826255798339844,1132.9832522960562,0.9007332514668039,0.003901442184801134,7.763571984588896e-05,0.003947765150840435,0.0,0.0,0.9,2.7696950521566078e-15,2.7696950521566078e-15,3.047018559152891e-15
1772531329.9399898,2053,0.6742477416992188,1483.1343705799152,0.8991416208598567,0.001634107721880722,7.763571984588896e-05,0.003947765150840435,0.0,0.0,0.9,2.7696950521566078e-15,2.7696950521566078e-15,3.0012693791888085e-15
1772531329.9527187,2054,0.5774497985839844,1731.7522708505367,0.9022105757467745,0.0031670341556876906,7.763571984588896e-05,0.003947765150840435,0.0,0.0,0.9,2.7770771970036754e-15,2.7770771970036754e-15,3.0005857411960008e-15
1772531329.9651246,2055,0.7500648498535156,1333.2180546726001,0.9000319619289726,0.0022477189257643034,7.763571984588896e-05,0.003947765150840435,0.0,0.0,0.9,2.3372107781964193e-15,2.3372107781964193e-15,2.951487691898889e-15
1772531329.9778814,2056,0.7271766662597656,1375.1816393442623,0.9025811628798387,0.0026258930054034553,7.763571984588896e-05,0.003947765150840435,0.0,0.0,0.9,2.7696950521566078e-15,2.7696950521566078e-15,2.9537036101656797e-15
1772531329.989956,2057,0.7579326629638672,1319.3784208870713,0.8985983189976358,0.004104152136641966,7.763571984588896e-05,0.003947765150840435,0.0,0.0,0.9,2.32908511564893e-15,2.32908511564893e-15,2.9037227481511783e-15
1772531330.002555,2058,0.5280971527099609,1893.5909706546274,0.901555814613364,0.003057429318063132,7.763571984588896e-05,0.003947765150840435,0.0,0.0,0.9,2.3456008169727032e-15,2.3456008169727032e-15,2.862554104337855e-15
1772531330.014952,2059,0.6539821624755859,1529.093693036821,0.8998170973465321,0.0017907510125678373,7.763571984588896e-05,0.003947765150840435,0.0,0.0,0.9,2.32908511564893e-15,2.32908511564893e-15,2.8175280205595416e-15
1772531330.028292,2060,0.8339881896972656,1199.0577472841624,0.9060355080595722,0.006395976358194248,7.763571984588896e-05,0.003947765150840435,0.0,0.0,0.9,2.7696950521566078e-15,2.7696950521566078e-15,2.822337068537164e-15
1772531330.0406733,2061,1.1677742004394531,856.3299305839118,0.9010282971765577,0.005184260651969818,7.763571984588896e-05,0.003947765150840435,0.0,0.0,0.9,2.321276517067511e-15,2.321276517067511e-15,2.7695931091086782e-15
1772531330.052795,2062,0.7879734039306641,1269.0783661119515,0.9005738380829982,0.0004673557038257884,7.763571984588896e-05,0.003947765150840435,0.0,0.0,0.9,2.329062504881214e-15,2.337152194135749e-15,2.7253845719485453e-15
1772531330.0652664,2063,0.6079673767089844,1644.8250980392156,0.9020768510611099,0.0015473603567116897,7.763571984588896e-05,0.003947765150840435,0.0,0.0,0.9,2.32908511564893e-15,2.3371747266405605e-15,2.6820055562103516e-15
1772531330.078195,2064,0.8924007415771484,1120.5728025647877,0.9033263241148947,0.0012776899640010565,7.763571984588896e-05,0.003947765150840435,0.0,0.0,0.9,2.329062504881214e-15,2.329062504881214e-15,2.639288576022363e-15
1772531330.09013,2065,0.7877349853515625,1269.4624697336562,0.8981512417632933,0.00533396550059324,7.763571984588896e-05,0.003947765150840435,0.0,0.0,0.9,2.3137647819977724e-15,2.3137647819977724e-15,2.5928450204542336e-15
1772531330.1027272,2066,0.7631778717041016,1310.3105279600125,0.8999084331786055,0.001832077822889564,7.763571984588896e-05,0.003947765150840435,0.0,0.0,0.9,2.321276517067511e-15,2.321276517067511e-15,2.550983764509191e-15
1772531330.1155064,2067,0.7884502410888672,1268.310855760508,0.9024644221944482,0.0026350192980154497,7.763571984588896e-05,0.003947765150840435,0.0,0.0,0.9,2.321276517067511e-15,2.3137972965863073e-15,2.5505290607897656e-15
1772531330.1282275,2068,0.8339881896972656,1199.0577472841624,0.9038494936656978,0.0014153955642472174,7.763571984588896e-05,0.003947765150840435,0.0,0.0,0.9,2.321265497778082e-15,2.3137862416774713e-15,2.5498004250981608e-15
1772531330.1401236,2069,0.7119178771972656,1404.6563965170797,0.8987028842236197,0.005308215961363466,7.763571984588896e-05,0.003947765150840435,0.0,0.0,0.9,1.8829102866017758e-15,1.8745041734556983e-15,2.5011739023800557e-15
1772531330.152754,2070,0.6995201110839844,1429.5514655760055,0.9001371730959595,0.0014956508263419019,7.763571984588896e-05,0.003947765150840435,0.0,0.0,0.9,2.3137647819977724e-15,2.306595211858756e-15,2.503316260596625e-15
1772531330.1655068,2071,0.8296966552734375,1205.2597701149425,0.9016351226808211,0.001546771674220452,7.763571984588896e-05,0.003947765150840435,0.0,0.0,0.9,2.3137647819977724e-15,2.3137647819977724e-15,2.501834175579685e-15
1772531330.178259,2072,0.8442401885986328,1184.4970347359504,0.9035292664055662,0.0019426547823580371,7.763571984588896e-05,0.003947765150840435,0.0,0.0,0.9,2.3137647819977724e-15,2.3137647819977724e-15,2.5013333528742784e-15
1772531330.1902876,2073,0.7369518280029297,1356.9407958589454,0.8989096667000579,0.0047642245698980325,7.763571984588896e-05,0.003947765150840435,0.0,0.0,0.9,1.8745041734556983e-15,1.8745041734556983e-15,2.4522239638509033e-15
1772531330.202678,2074,0.7534027099609375,1327.3113924050633,0.8987238015576019,0.00021112845529976186,7.763571984588896e-05,0.003947765150840435,0.0,0.0,0.9,1.8829102866017758e-15,1.8829102866017758e-15,2.4087645810955965e-15
1772531330.215448,2075,0.8215904235839844,1217.1514799767847,0.9012424719243918,0.0026073850584864317,7.763571984588896e-05,0.003947765150840435,0.0,0.0,0.9,1.8829102866017758e-15,1.8829102866017758e-15,2.3671510397670407e-15
1772531330.227954,2076,0.6439685821533203,1552.870788596816,0.9030831446105985,0.001890186418451447,7.763571984588896e-05,0.003947765150840435,0.0,0.0,0.9,1.8829102866017758e-15,1.8829102866017758e-15,2.3254423535098742e-15
1772531330.239926,2077,0.6618499755859375,1510.9164265129682,0.8969304431536803,0.006336715009797952,7.763571984588896e-05,0.003947765150840435,0.0,0.0,0.9,1.8664375107371567e-15,1.8664375107371567e-15,2.27897331477108e-15
1772531330.2522552,2078,0.6256103515625,1598.439024390244,0.8969357527668468,0.00021562783193311108,7.763571984588896e-05,0.003947765150840435,0.0,0.0,0.9,1.874468855067791e-15,1.874468855067791e-15,2.235638262979629e-15
1772531330.2656853,2079,0.8687973022460938,1151.0164654226126,0.9043821750489579,0.007681801202204098,7.763571984588896e-05,0.003947765150840435,0.0,0.0,0.9,1.8829102866017758e-15,1.8829102866017758e-15,2.1960728714333836e-15
1772531330.2777443,2080,0.8127689361572266,1230.361982986213,0.9000345156400871,0.0044928130276257455,7.763571984588896e-05,0.003947765150840435,0.0,0.0,0.9,1.8664375107371567e-15,1.8664375107371567e-15,2.150598434387205e-15
1772531330.2900796,2081,0.5979537963867188,1672.3700159489633,0.9007844003114591,0.0007780241006301917,7.763571984588896e-05,0.003947765150840435,0.0,0.0,0.9,1.8664375107371567e-15,1.8664375107371567e-15,2.10779725992752e-15
1772531330.302979,2082,0.7975101470947266,1253.9025411061286,0.9026977671828725,0.0019667725941676494,7.763571984588896e-05,0.003947765150840435,0.0,0.0,0.9,1.8531824451225517e-15,1.8531824451225517e-15,2.1026226072682577e-15
1772531330.3156466,2083,0.8552074432373047,1169.3069417340396,0.903569184666856,0.000888273465256009,7.763571984588896e-05,0.003947765150840435,0.0,0.0,0.9,1.8531824451225517e-15,1.8531824451225517e-15,2.097767531522473e-15
1772531330.3278177,2084,0.8530616760253906,1172.2481833426496,0.8997332925204115,0.003961396427867767,7.763571984588896e-05,0.003947765150840435,0.0,0.0,0.9,1.845453917485869e-15,1.845453917485869e-15,2.09146666952048e-15
1772531330.3399491,2085,0.6687641143798828,1495.2955436720142,0.8981724329006362,0.001597247850957466,7.763571984588896e-05,0.003947765150840435,0.0,0.0,0.9,1.845453917485869e-15,1.845453917485869e-15,2.0862096366030155e-15
1772531330.352511,2086,0.5755424499511719,1737.4913007456503,0.9000951799403809,0.0019994841541470096,7.763571984588896e-05,0.003947765150840435,0.0,0.0,0.9,1.845453917485869e-15,1.845453917485869e-15,2.082518075152983e-15
1772531330.3647668,2087,0.6999969482421875,1428.5776566757493,0.8973291923225516,0.002837378690144818,7.763571984588896e-05,0.003947765150840435,0.0,0.0,0.9,1.8454229351217818e-15,1.8454229351217818e-15,2.0782207238309645e-15
1772531330.377699,2088,0.7729530334472656,1293.739666872301,0.9015481740240198,0.004363335503455058,7.763571984588896e-05,0.003947765150840435,0.0,0.0,0.9,1.845453917485869e-15,1.845453917485869e-15,2.076721377128336e-15
1772531330.3900888,2089,0.644683837890625,1551.1479289940828,0.9018539026675458,0.00031203835245849685,7.763571984588896e-05,0.003947765150840435,0.0,0.0,0.9,1.8454433183145845e-15,1.8454433183145845e-15,2.0743331784091694e-15
1772531330.4029746,2090,1.1627674102783203,860.0172237030962,0.9013759090135687,0.0005012540093842964,7.763571984588896e-05,0.003947765150840435,0.0,0.0,0.9,1.8381030412498833e-15,1.8454229351217818e-15,2.0289806829578525e-15
1772531330.4152448,2091,0.7627010345458984,1311.1297280400124,0.9021262813576605,0.0007678360919917996,7.763571984588896e-05,0.003947765150840435,0.0,0.0,0.9,1.4135473837531234e-15,1.4230527837493315e-15,1.9824704142960043e-15
1772531330.4279397,2092,0.8244514465332031,1212.9277038750722,0.903158942133497,0.00105444155084372,7.763571984588896e-05,0.003947765150840435,0.0,0.0,0.9,1.4135473837531234e-15,1.4230527837493315e-15,1.9392156273313088e-15
1772531330.4398372,2093,0.5474090576171875,1826.787456445993,0.8993765238473166,0.0039040321082313514,7.763571984588896e-05,0.003947765150840435,0.0,0.0,0.9,1.404526230032529e-15,1.404526230032529e-15,1.894247935749379e-15
1772531330.4524415,2094,0.6611347198486328,1512.5510277677606,0.899956360708617,0.0006099208114970381,7.763571984588896e-05,0.003947765150840435,0.0,0.0,0.9,1.4135473837531234e-15,1.4135473837531234e-15,1.8515454490602694e-15
1772531330.4657438,2095,0.9903907775878906,1009.7024554646124,0.9047076809187298,0.004887365180099662,7.763571984588896e-05,0.003947765150840435,0.0,0.0,0.9,1.4135473837531234e-15,1.4135473837531234e-15,1.811026361928213e-15
1772531330.4777303,2096,0.8111000061035156,1232.8935920047031,0.9003341426700311,0.004523325797747964,7.763571984588896e-05,0.003947765150840435,0.0,0.0,0.9,1.4045015905088937e-15,1.4045015905088937e-15,1.7661702654668027e-15
1772531330.4904084,2097,0.7824897766113281,1277.971968312005,0.9027645239254858,0.0025008201531489254,7.763571984588896e-05,0.003947765150840435,0.0,0.0,0.9,1.404526230032529e-15,1.404526230032529e-15,1.7250348150038286e-15
1772531330.5031214,2098,0.8685588836669922,1151.3324183365357,0.903972291159055,0.0012320258555392947,7.763571984588896e-05,0.003947765150840435,0.0,0.0,0.9,1.4045015905088937e-15,1.395973920398089e-15,1.6836684883645242e-15
1772531330.5153053,2099,0.8146762847900391,1227.481416447176,0.9004492892442953,0.0036430083596401424,7.763571984588896e-05,0.003947765150840435,0.0,0.0,0.9,1.3959620641373788e-15,1.387937065271981e-15,1.6401521626980298e-15
1772531330.5274296,2100,0.5013942718505859,1994.4384213029007,0.8994503348639383,0.0010232874974690372,7.763571984588896e-05,0.003947765150840435,0.0,0.0,0.9,1.3959620641373788e-15,1.387937065271981e-15,1.59740669724204e-15
1772531330.5405898,2101,0.8389949798583984,1191.9022449559534,0.9033540813464143,0.004022460909326399,7.763571984588896e-05,0.003947765150840435,0.0,0.0,0.9,1.395973920398089e-15,1.3879489900845485e-15,1.5966659573012225e-15
1772531330.5526009,2102,0.7197856903076172,1389.3024180192117,0.8991118465978517,0.004375586120081613,7.763571984588896e-05,0.003947765150840435,0.0,0.0,0.9,1.3879142994362075e-15,1.3879142994362075e-15,1.592017781796889e-15
1772531330.5651698,2103,0.6947517395019531,1439.363074811256,0.9004289856074453,0.0013708958151991129,7.763571984588896e-05,0.003947765150840435,0.0,0.0,0.9,1.387937065271981e-15,1.387937065271981e-15,1.5897790718310745e-15
1772531330.5782638,2104,0.9582042694091797,1043.6188106494153,0.9041333707592948,0.0038104987867775843,7.763571984588896e-05,0.003947765150840435,0.0,0.0,0.9,1.4055863914153808e-15,1.4055863914153808e-15,1.5897423134730211e-15
1772531330.5905106,2105,0.8604526519775391,1162.1789969520644,0.9014327912566894,0.0027987568814291587,7.763571984588896e-05,0.003947765150840435,0.0,0.0,0.9,1.3804006879091725e-15,1.3804006879091725e-15,1.5853127839321685e-15
1772531330.6026938,2106,0.7886886596679688,1267.9274486094316,0.8988315531256524,0.0026750157897024287,7.763571984588896e-05,0.003947765150840435,0.0,0.0,0.9,1.3804006879091725e-15,1.3804006879091725e-15,1.5823108391689198e-15
1772531330.6149607,2107,0.6511211395263672,1535.8125228853899,0.898281315553999,0.0005633603003157837,7.763571984588896e-05,0.003947765150840435,0.0,0.0,0.9,1.3804006879091725e-15,1.3804006879091725e-15,1.5798691492932226e-15
1772531330.6281307,2108,0.8759498596191406,1141.6178551986936,0.9037035199666121,0.005592593441762024,7.763571984588896e-05,0.003947765150840435,0.0,0.0,0.9,1.4055639114447313e-15,1.4055639114447313e-15,1.5821334621234827e-15
1772531330.640438,2109,0.7941722869873047,1259.1726208345842,0.9014982656158992,0.0022864488328371182,7.763571984588896e-05,0.003947765150840435,0.0,0.0,0.9,1.3804006879091725e-15,1.3804006879091725e-15,1.578686169160508e-15
1772531330.6525664,2110,0.7402896881103516,1350.822544283414,0.8983778035615438,0.00320913695857167,7.763571984588896e-05,0.003947765150840435,0.0,0.0,0.9,1.3803799778086079e-15,1.3803799778086079e-15,1.5764624336782386e-15
1772531330.6646872,2111,0.6365776062011719,1570.9003745318353,0.8960983907840662,0.002328829798037498,7.763571984588896e-05,0.003947765150840435,0.0,0.0,0.9,1.3733861742754732e-15,1.3733861742754732e-15,1.5743322337340314e-15
1772531330.6778953,2112,0.7770061492919922,1286.9911015648972,0.9028362063002222,0.006962443063212942,7.763571984588896e-05,0.003947765150840435,0.0,0.0,0.9,1.3981451518910439e-15,1.3981451518910439e-15,1.5770189635474273e-15
1772531330.6904607,2113,0.8246898651123047,1212.5770453888408,0.9028484854180936,9.324232976547594e-05,7.763571984588896e-05,0.003947765150840435,0.0,0.0,0.9,1.3803799778086079e-15,1.3803799778086079e-15,1.5748873871784192e-15
1772531330.7027452,2114,0.7131099700927734,1402.3082581076562,0.9012633019867937,0.001643754871952426,7.763571984588896e-05,0.003947765150840435,0.0,0.0,0.9,1.3733861742754732e-15,1.3733861742754732e-15,1.5732389155787152e-15
1772531330.7151132,2115,0.6520748138427734,1533.566361974406,0.9002514104465519,0.0010417158287499414,7.763571984588896e-05,0.003947765150840435,0.0,0.0,0.9,9.487430907072556e-16,9.487430907072556e-16,1.526702316071322e-15
1772531330.728366,2116,0.9961128234863281,1003.9023456199138,0.9054853211741114,0.005381708033350759,7.763571984588896e-05,0.003947765150840435,0.0,0.0,0.9,1.398124704635179e-15,1.398124704635179e-15,1.5323597904260409e-15
1772531330.740185,2117,0.75531005859375,1323.959595959596,0.8991884788370668,0.00650353458395388,7.763571984588896e-05,0.003947765150840435,0.0,0.0,0.9,9.487288172997133e-16,9.487288172997133e-16,1.4835016806835214e-15
1772531330.7526665,2118,0.7412433624267578,1349.0845931167578,0.8999345227940438,0.0007842927623012345,7.763571984588896e-05,0.003947765150840435,0.0,0.0,0.9,9.487288172997133e-16,9.487288172997133e-16,1.4412932841856506e-15
1772531330.7654393,2119,0.7808208465576172,1280.7035114503817,0.902115325516772,0.002248627256277068,7.763571984588896e-05,0.003947765150840435,0.0,0.0,0.9,9.487288172997133e-16,9.487288172997133e-16,1.3988815616125331e-15
1772531330.778225,2120,0.9281635284423828,1077.3963524274338,0.90349853318346,0.0014147231361178864,7.763571984588896e-05,0.003947765150840435,0.0,0.0,0.9,9.487288172997133e-16,9.487288172997133e-16,1.3571392897520663e-15
1772531330.7900712,2121,0.7014274597167969,1425.6641740312712,0.8984136421745098,0.005242885430511032,7.763571984588896e-05,0.003947765150840435,0.0,0.0,0.9,9.393171220479282e-16,9.393171220479282e-16,1.3131909630191858e-15
1772531330.802716,2122,0.7300376892089844,1369.7922926192032,0.9002368648889018,0.0018961992755167597,7.763571984588896e-05,0.003947765150840435,0.0,0.0,0.9,9.487288172997133e-16,9.487288172997133e-16,1.2717407161891164e-15
1772531330.8154683,2123,0.8134841918945312,1229.2801875732707,0.9019546618743585,0.0017709658792592771,7.763571984588896e-05,0.003947765150840435,0.0,0.0,0.9,9.487018558328875e-16,9.487018558328875e-16,1.2304245618083251e-15
1772531330.828165,2124,0.8702278137207031,1149.1243835616438,0.9033822725300478,0.001461247992834534,7.763571984588896e-05,0.003947765150840435,0.0,0.0,0.9,9.393171220479282e-16,9.393171220479282e-16,1.1874177821290266e-15
1772531330.840171,2125,0.7033348083496094,1421.797966101695,0.8991981898646335,0.004316337742655844,7.763571984588896e-05,0.003947765150840435,0.0,0.0,0.9,9.393171220479282e-16,9.393171220479282e-16,1.1443050456810762e-15
1772531330.8527737,2126,0.6906986236572266,1447.809458060062,0.9006426216048095,0.0014999225763649025,7.763571984588896e-05,0.003947765150840435,0.0,0.0,0.9,9.409559732970624e-16,9.409559732970624e-16,1.142641906769714e-15
1772531330.8654792,2127,0.8399486541748047,1190.548963951178,0.9013000541644641,0.0006787346942960033,7.763571984588896e-05,0.003947765150840435,0.0,0.0,0.9,9.409559732970624e-16,9.409559732970624e-16,1.1409572947972272e-15
1772531330.8783035,2128,0.8742809295654297,1143.797109353695,0.9042460898516598,0.003024902688401629,7.763571984588896e-05,0.003947765150840435,0.0,0.0,0.9,9.409559732970624e-16,9.409559732970624e-16,1.1398583997601143e-15
1772531330.8899264,2129,0.720977783203125,1387.005291005291,0.8962997333795523,0.008188439382004899,7.763571984588896e-05,0.003947765150840435,0.0,0.0,0.9,9.30641555732645e-16,9.30641555732645e-16,1.1366031667087175e-15
1772531330.902683,2130,0.7481575012207031,1336.61695347355,0.899598482475025,0.0034314805160429326,7.763571984588896e-05,0.003947765150840435,0.0,0.0,0.9,9.323198657920838e-16,9.409559732970624e-16,1.1348381597488952e-15
1772531330.9155636,2131,0.8349418640136719,1197.688178183895,0.902673908232108,0.0031707200237594685,7.763571984588896e-05,0.003947765150840435,0.0,0.0,0.9,9.323198657920838e-16,9.409559732970624e-16,1.1331627302775015e-15
1772531330.9281473,2132,1.0571479797363281,945.9413622011728,0.9016833156696572,0.0010320750521899196,7.763571984588896e-05,0.003947765150840435,0.0,0.0,0.9,9.322956575933932e-16,9.40931987287259e-16,1.1315704428227438e-15
1772531330.9400415,2133,0.6744861602783203,1482.6101095793567,0.8987083364894635,0.0030616090557497523,7.763571984588896e-05,0.003947765150840435,0.0,0.0,0.9,9.227326659549712e-16,9.227326659549712e-16,1.1294689470672794e-15
1772531330.952284,2134,0.6361007690429688,1572.0779610194902,0.8969963947539243,0.001748027123653878,7.763571984588896e-05,0.003947765150840435,0.0,0.0,0.9,9.227326659549712e-16,9.227326659549712e-16,1.1277198495643136e-15
1772531330.9656463,2135,0.8769035339355469,1140.3762914627514,0.9040880245674012,0.007316552597160453,7.763571984588896e-05,0.003947765150840435,0.0,0.0,0.9,9.323198657920838e-16,9.323198657920838e-16,1.1291152227688597e-15
1772531330.9776742,2136,0.8578300476074219,1165.7320733740967,0.8992687483034154,0.004975079062170298,7.763571984588896e-05,0.003947765150840435,0.0,0.0,0.9,9.227326659549712e-16,9.227326659549712e-16,1.1275035178607601e-15
1772531330.9901621,2137,0.7529258728027344,1328.1519949335022,0.9004048514821958,0.0011815161915496141,7.763571984588896e-05,0.003947765150840435,0.0,0.0,0.9,9.227326659549712e-16,9.227326659549712e-16,1.1270494941519895e-15
1772531331.0029788,2138,0.7517337799072266,1330.2581668252458,0.9039583354323872,0.0036541153982778936,7.763571984588896e-05,0.003947765150840435,0.0,0.0,0.9,9.322843602188825e-16,9.322843602188825e-16,1.1278284648451232e-15
1772531331.0155532,2139,0.8487701416015625,1178.1752808988765,0.9029087818409555,0.001110563196477236,7.763571984588896e-05,0.003947765150840435,0.0,0.0,0.9,9.227326659549712e-16,9.227326659549712e-16,1.1270195515123842e-15
1772531331.0280783,2140,0.8707046508789062,1148.4950711938664,0.9027115042191505,0.00024110283406242642,7.763571984588896e-05,0.003947765150840435,0.0,0.0,0.9,9.227326659549712e-16,9.227326659549712e-16,1.1264432634581398e-15
1772531331.040149,2141,0.7266998291015625,1376.0839895013123,0.8991901071719375,0.0036315424592802802,7.763571984588896e-05,0.003947765150840435,0.0,0.0,0.9,9.227114675608909e-16,9.227114675608909e-16,1.1251905104834198e-15
1772531331.0528033,2142,0.7386207580566406,1353.8747579083279,0.9008915731737102,0.0017624524091904496,7.763571984588896e-05,0.003947765150840435,0.0,0.0,0.9,9.227326659549712e-16,9.227326659549712e-16,1.1249143310366267e-15
1772531331.0662513,2143,1.1827945709228516,845.4553517436001,0.9061432800941184,0.005395158630417348,7.763571984588896e-05,0.003947765150840435,0.0,0.0,0.9,9.30630238278185e-16,9.30630238278185e-16,1.1266068765498722e-15
1772531331.0778148,2144,0.8099079132080078,1234.7082720047101,0.8993285815605262,0.007040460433882398,7.763571984588896e-05,0.003947765150840435,0.0,0.0,0.9,9.227114675608909e-16,9.227114675608909e-16,1.1247576218422616e-15
1772531331.0901952,2145,0.7183551788330078,1392.0690341851976,0.8991950339217976,0.00015418011036351,7.763571984588896e-05,0.003947765150840435,0.0,0.0,0.9,9.227114675608909e-16,9.227114675608909e-16,1.1246789540848736e-15
1772531331.1027422,2146,0.6167888641357422,1621.3003478933126,0.9007250773231861,0.0015878378751214698,7.763571984588896e-05,0.003947765150840435,0.0,0.0,0.9,9.227114675608909e-16,9.227114675608909e-16,1.124934771517807e-15
1772531331.1156735,2147,0.9107589721679688,1097.9853403141362,0.9026106311729513,0.0019397080666988232,7.763571984588896e-05,0.003947765150840435,0.0,0.0,0.9,9.227114675608909e-16,9.227114675608909e-16,1.1253120875446014e-15
1772531331.1276693,2148,0.7548332214355469,1324.795957043588,0.8983474507598566,0.004391577474949069,7.763571984588896e-05,0.003947765150840435,0.0,0.0,0.9,5.096575060298966e-16,5.096575060298966e-16,1.0795424202306597e-15
1772531331.140353,2149,0.79345703125,1260.3076923076924,0.9004762690761813,0.0022106653240369215,7.763571984588896e-05,0.003947765150840435,0.0,0.0,0.9,9.227114675608909e-16,9.227114675608909e-16,1.0823778047209015e-15
1772531331.1524985,2150,0.7193088531494141,1390.223400729201,0.8978846700040309,0.002659462869315977,7.763571984588896e-05,0.003947765150840435,0.0,0.0,0.9,5.096575060298966e-16,5.096575060298966e-16,1.0371328420265356e-15
1772531331.1651988,2151,0.7023811340332031,1423.7284453496266,0.9008492240216001,0.0030721944076646177,7.763571984588896e-05,0.003947765150840435,0.0,0.0,0.9,5.096575060298966e-16,5.096575060298966e-16,9.955426448600988e-16
1772531331.1773746,2152,0.5948543548583984,1681.0837675350701,0.8987909262701015,0.002113987982232355,7.763571984588896e-05,0.003947765150840435,0.0,0.0,0.9,5.096575060298966e-16,5.096575060298966e-16,9.541195125959502e-16
1772531331.1904929,2153,0.8084774017333984,1236.8929519315836,0.9033639104967842,0.004714592040639697,7.763571984588896e-05,0.003947765150840435,0.0,0.0,0.9,5.096575060298966e-16,5.096575060298966e-16,9.141457071856402e-16
1772531331.202601,2154,0.7960796356201172,1256.155735250075,0.8994882071928014,0.0040003719189393525,7.763571984588896e-05,0.003947765150840435,0.0,0.0,0.9,4.966098548255579e-16,4.966098548255579e-16,8.722998074465809e-16
1772531331.2152066,2155,0.7729530334472656,1293.739666872301,0.9010411600974976,0.00160680902727591,7.763571984588896e-05,0.003947765150840435,0.0,0.0,0.9,4.966431816010172e-16,4.84869951806108e-16,8.315544524928083e-16
1772531331.2276747,2156,0.568389892578125,1759.3557046979865,0.9023100247185366,0.0013026502293097093,7.763571984588896e-05,0.003947765150840435,0.0,0.0,0.9,4.966431816010172e-16,4.84869951806108e-16,7.912318609685144e-16
1772531331.240567,2157,0.8687973022460938,1151.0164654226126,0.9035552953049686,0.0012719376981108583,7.763571984588896e-05,0.003947765150840435,0.0,0.0,0.9,4.966098548255579e-16,4.848358157598697e-16,7.513548164426115e-16
1772531331.2525852,2158,0.7221698760986328,1384.7157477715418,0.899378027473428,0.004312235928171644,7.763571984588896e-05,0.003947765150840435,0.0,0.0,0.9,4.848202985806678e-16,4.743794748985607e-16,7.099091105112814e-16
1772531331.2651942,2159,0.7419586181640625,1347.784061696658,0.9008203962545401,0.0014941443444283925,7.763571984588896e-05,0.003947765150840435,0.0,0.0,0.9,4.966098548255579e-16,4.848358157598697e-16,7.089308859496552e-16
1772531331.277956,2160,0.7963180541992188,1255.7796407185629,0.9028068411461493,0.002041374388346792,7.763571984588896e-05,0.003947765150840435,0.0,0.0,0.9,4.848358157598697e-16,4.848358157598697e-16,7.056159196129239e-16
1772531331.290576,2161,0.8342266082763672,1198.7150614461275,0.903169361856994,0.00037319949196397087,7.763571984588896e-05,0.003947765150840435,0.0,0.0,0.9,4.848202985806678e-16,4.848202985806678e-16,7.023077019391402e-16
1772531331.3025105,2162,0.7076263427734375,1413.1752021563343,0.8984692300169128,0.004845880021581228,7.763571984588896e-05,0.003947765150840435,0.0,0.0,0.9,4.848202985806678e-16,4.848202985806678e-16,6.995845449733896e-16
1772531331.3151464,2163,0.6995201110839844,1429.5514655760055,0.9002323345737377,0.001833042520943555,7.763571984588896e-05,0.003947765150840435,0.0,0.0,0.9,4.848202985806678e-16,4.848202985806678e-16,6.946160035264087e-16
1772531331.328151,2164,0.8208751678466797,1218.212024397328,0.9043318234022822,0.004216753637370591,7.763571984588896e-05,0.003947765150840435,0.0,0.0,0.9,4.848202985806678e-16,4.848202985806678e-16,6.930835356289629e-16
1772531331.3406215,2165,0.8568763732910156,1167.0294936004452,0.9027507502526207,0.001655661990498584,7.763571984588896e-05,0.003947765150840435,0.0,0.0,0.9,4.743794748985607e-16,4.743794748985607e-16,6.899812673710055e-16
1772531331.3526456,2166,0.7388591766357422,1353.4378831881252,0.8988659686542882,0.0040043904260032214,7.763571984588896e-05,0.003947765150840435,0.0,0.0,0.9,4.743794748985607e-16,4.743794748985607e-16,6.877142150752978e-16
1772531331.365703,2167,1.1143684387207031,897.3692768506633,0.9016653717222521,0.0028933615551807964,7.763571984588896e-05,0.003947765150840435,0.0,0.0,0.9,4.743794748985607e-16,4.743794748985607e-16,6.862972530434963e-16
1772531331.378753,2168,1.3227462768554688,756.0028839221341,0.9044562656199295,0.002863108996797678,7.763571984588896e-05,0.003947765150840435,0.0,0.0,0.9,4.743794748985607e-16,4.743794748985607e-16,6.858290787435871e-16
1772531331.3910794,2169,1.2540817260742188,797.3961977186311,0.9026138703815358,0.0019230182967948978,7.763571984588896e-05,0.003947765150840435,0.0,0.0,0.9,4.743794748985607e-16,4.743794748985607e-16,6.848609025410239e-16
1772531331.4032185,2170,1.1224746704101562,890.8887000849618,0.8995767878118409,0.003131536713852177,7.763571984588896e-05,0.003947765150840435,0.0,0.0,0.9,4.743509279164438e-16,4.743509279164438e-16,6.837309267463556e-16
1772531331.415416,2171,1.0442733764648438,957.6036529680365,0.8978216340183857,0.0017951952976392527,7.763571984588896e-05,0.003947765150840435,0.0,0.0,0.9,4.743509279164438e-16,4.743509279164438e-16,6.827240599000742e-16
1772531331.4285553,2172,1.2764930725097656,783.3963391856556,0.9026475575272032,0.004984684680893528,7.763571984588896e-05,0.003947765150840435,0.0,0.0,0.9,4.743794748985607e-16,4.743794748985607e-16,6.825211534488705e-16
1772531331.4413202,2173,1.5499591827392578,645.1782802645747,0.9021946148903035,0.000480749560409194,7.763571984588896e-05,0.003947765150840435,0.0,0.0,0.9,4.743509279164438e-16,4.743509279164438e-16,6.817777825586295e-16
1772531331.4532099,2174,1.1341571807861328,881.7120033634644,0.8994965019885719,0.002779613436866054,7.763571984588896e-05,0.003947765150840435,0.0,0.0,0.9,4.65332903478668e-16,4.65332903478668e-16,6.800522735649559e-16
1772531331.465103,2175,0.6155967712402344,1624.4399690162666,0.898355234952525,0.0011649951958719214,7.763571984588896e-05,0.003947765150840435,0.0,0.0,0.9,4.65332903478668e-16,4.65332903478668e-16,6.792337285842345e-16
1772531331.4782708,2176,0.8981227874755859,1113.4335014600479,0.9029313873779884,0.0047233459402922,7.763571984588896e-05,0.003947765150840435,0.0,0.0,0.9,4.743509279164438e-16,4.743509279164438e-16,6.797920792033046e-16
1772531331.490181,2177,0.7073879241943359,1413.6514998314797,0.8984466281681353,0.0046210487600683,7.763571984588896e-05,0.003947765150840435,0.0,0.0,0.9,4.65332903478668e-16,4.65332903478668e-16,6.786003320827589e-16
1772531331.5026681,2178,0.7402896881103516,1350.822544283414,0.8986966925762387,0.0003081259891759506,7.763571984588896e-05,0.003947765150840435,0.0,0.0,0.9,4.65332903478668e-16,4.65332903478668e-16,6.779783753523018e-16
1772531331.5155392,2179,0.9059906005859375,1103.7642105263158,0.9017553205283051,0.0031614853257648486,7.763571984588896e-05,0.003947765150840435,0.0,0.0,0.9,4.65332903478668e-16,4.65332903478668e-16,6.777317904409841e-16
1772531331.5277655,2180,0.7956027984619141,1256.9086005394067,0.899608414765166,0.002211021696633057,7.763571984588896e-05,0.003947765150840435,0.0,0.0,0.9,4.65332903478668e-16,4.65332903478668e-16,6.769223254385373e-16
1772531331.5400832,2181,0.7381439208984375,1354.749354005168,0.8991099231875893,0.0005078655786660863,7.763571984588896e-05,0.003947765150840435,0.0,0.0,0.9,4.65332903478668e-16,4.65332903478668e-16,6.762994907945233e-16
1772531331.552783,2182,0.6825923919677734,1465.0031435557107,0.9018476497142786,0.002827158625808171,7.763571984588896e-05,0.003947765150840435,0.0,0.0,0.9,4.65332903478668e-16,4.65332903478668e-16,6.766005085772645e-16
1772531331.5657067,2183,0.9202957153320312,1086.6072538860103,0.9034821445831429,0.0016737437364970366,7.763571984588896e-05,0.003947765150840435,0.0,0.0,0.9,4.65332903478668e-16,4.65332903478668e-16,6.768185886584492e-16
1772531331.57769,2184,0.7572174072265625,1320.624685138539,0.8994048583409152,0.004208729046680441,7.763571984588896e-05,0.003947765150840435,0.0,0.0,0.9,4.65332903478668e-16,4.65332903478668e-16,6.763580514740375e-16
1772531331.5901222,2185,0.5638599395751953,1773.490063424947,0.9011315811761822,0.0017857497087306795,7.763571984588896e-05,0.003947765150840435,0.0,0.0,0.9,4.65332903478668e-16,4.65332903478668e-16,6.765419106147299e-16
1772531331.603071,2186,0.812530517578125,1230.7230046948357,0.9031156337024036,0.0020367172514653173,7.763571984588896e-05,0.003947765150840435,0.0,0.0,0.9,4.65332903478668e-16,4.65332903478668e-16,6.767917161985818e-16
1772531331.6155477,2187,0.8788108825683594,1137.901247965274,0.9018586140219879,0.001311709149935565,7.763571984588896e-05,0.003947765150840435,0.0,0.0,0.9,4.65332903478668e-16,4.65332903478668e-16,6.766768309678773e-16
1772531331.6279829,2188,0.9148120880126953,1093.1206671879072,0.900886665931366,0.0010064929740291888,7.763571984588896e-05,0.003947765150840435,0.0,0.0,0.9,4.65332903478668e-16,4.65332903478668e-16,6.76573947444876e-16
1772531331.6400871,2189,0.5276203155517578,1895.3023045639404,0.899929293442055,0.0009836098853272294,7.763571984588896e-05,0.003947765150840435,0.0,0.0,0.9,4.653102687466941e-16,4.653102687466941e-16,6.764519713556745e-16
1772531331.652712,2190,0.8153915405273438,1226.4046783625731,0.8993570579184295,0.0005835371527060728,7.763571984588896e-05,0.003947765150840435,0.0,0.0,0.9,4.653102687466941e-16,4.653102687466941e-16,6.763589879923831e-16
1772531331.6651466,2191,0.6122589111328125,1633.2959501557632,0.901260242970591,0.0019678740875779276,7.763571984588896e-05,0.003947765150840435,0.0,0.0,0.9,4.653102687466941e-16,4.653102687466941e-16,6.765621867017772e-16
1772531331.6775737,2192,0.6937980651855469,1441.3415807560139,0.8994118280010264,0.0019016243701861675,7.763571984588896e-05,0.003947765150840435,0.0,0.0,0.9,4.653102687466941e-16,4.653102687466941e-16,6.763350232104351e-16
1772531331.6899567,2193,0.5652904510498047,1769.002108814846,0.8998302818933405,0.00044674977115502024,7.763571984588896e-05,0.003947765150840435,0.0,0.0,0.9,4.653102687466941e-16,4.653102687466941e-16,6.763539926135082e-16
1772531331.7029276,2194,0.7526874542236328,1328.5726955970858,0.9030284442812343,0.00329358166474358,7.763571984588896e-05,0.003947765150840435,0.0,0.0,0.9,4.743287235203288e-16,4.743287235203288e-16,6.772957694508496e-16
1772531331.7155893,2195,0.827789306640625,1208.036866359447,0.9034535782819841,0.00043721947882459047,7.763571984588896e-05,0.003947765150840435,0.0,0.0,0.9,4.653005678102127e-16,4.653005678102127e-16,6.768168731935319e-16
1772531331.7279532,2196,0.7550716400146484,1324.377644458478,0.9020106735931563,0.0015055189482608051,7.763571984588896e-05,0.003947765150840435,0.0,0.0,0.9,4.653005678102127e-16,4.653005678102127e-16,6.766835724838051e-16
1772531331.7401984,2197,0.7216930389404297,1385.630657416584,0.8999230509022852,0.0021532153307350244,7.763571984588896e-05,0.003947765150840435,0.0,0.0,0.9,4.653005678102127e-16,4.653005678102127e-16,6.764428357517395e-16
1772531331.7531602,2198,0.7908344268798828,1264.487187217365,0.9038251424499828,0.004016074800013456,7.763571984588896e-05,0.003947765150840435,0.0,0.0,0.9,4.743192070323636e-16,4.743192070323636e-16,6.774769782488206e-16
1772531331.7653112,2199,0.5800724029541016,1723.9227291409782,0.9012786446979391,0.0026394425738274475,7.763571984588896e-05,0.003947765150840435,0.0,0.0,0.9,4.653005678102127e-16,4.653005678102127e-16,6.766468123723647e-16
1772531331.777526,2200,0.6763935089111328,1478.429326753613,0.8978605499359549,0.003514515479743996,7.763571984588896e-05,0.003947765150840435,0.0,0.0,0.9,4.653005678102127e-16,4.653005678102127e-16,6.762281835801849e-16
1772531331.7905734,2201,0.8172988891601562,1223.5425904317385,0.9025238976098173,0.004815938574426303,7.763571984588896e-05,0.003947765150840435,0.0,0.0,0.9,4.743192070323636e-16,4.743192070323636e-16,6.773173787275389e-16
1772531331.8029375,2202,0.9272098541259766,1078.5044998714322,0.9004639901192275,0.0021277488959980054,7.763571984588896e-05,0.003947765150840435,0.0,0.0,0.9,4.653005678102127e-16,4.653005678102127e-16,6.765207230782317e-16
1772531331.81556,2203,0.8521080017089844,1173.5601566871853,0.9018762589970363,0.0014552603782794463,7.763571984588896e-05,0.003947765150840435,0.0,0.0,0.9,4.743192070323636e-16,4.743192070323636e-16,6.772552900952509e-16
1772531331.8279178,2204,0.8575916290283203,1166.056157909369,0.900255257577589,0.0016716276547104438,7.763571984588896e-05,0.003947765150840435,0.0,0.0,0.9,4.653005678102127e-16,4.653005678102127e-16,6.765008513449448e-16
1772531331.8406477,2205,1.1050701141357422,904.919956850054,0.9003282058326461,9.081191647646236e-05,7.763571984588896e-05,0.003947765150840435,0.0,0.0,0.9,4.653005678102127e-16,4.653005678102127e-16,6.764956798077458e-16
1772531331.8535283,2206,1.1570453643798828,864.2703482382032,0.9041734703505413,0.003955516714377236,7.763571984588896e-05,0.003947765150840435,0.0,0.0,0.9,4.743192070323636e-16,4.743192070323636e-16,6.775310214916964e-16
1772531331.8661435,2207,1.3251304626464844,754.6426772220223,0.9028843783869154,0.0013546276655497138,7.763571984588896e-05,0.003947765150840435,0.0,0.0,0.9,1.3888625597680071e-16,1.3888625597680071e-16,6.320467721296124e-16
1772531331.8771951,2208,0.5857944488525391,1707.083435083435,0.8946223787076814,0.00850380351456904,7.763571984588896e-05,0.003947765150840435,0.0,0.0,0.9,1.388320776029909e-16,1.388320776029909e-16,5.892874057099076e-16
1772531331.8899143,2209,0.6330013275146484,1579.775517890772,0.898053646250366,0.003586348363548587,7.763571984588896e-05,0.003947765150840435,0.0,0.0,0.9,1.6662377937904675e-16,1.6662377937904675e-16,5.489426874066029e-16
1772531331.9030027,2210,0.8337497711181641,1199.4006291106664,0.9026224843190322,0.004717630603341088,7.763571984588896e-05,0.003947765150840435,0.0,0.0,0.9,1.6662377937904675e-16,1.6662377937904675e-16,5.093988925860495e-16
1772531331.915541,2211,0.835418701171875,1197.0045662100456,0.9026929066153957,0.00010339650996902688,7.763571984588896e-05,0.003947765150840435,0.0,0.0,0.9,1.3888625597680071e-16,1.3888625597680071e-16,4.692078033902332e-16
1772531331.927725,2212,0.804901123046875,1242.3886255924172,0.8994930826245785,0.0033003204296057596,7.763571984588896e-05,0.003947765150840435,0.0,0.0,0.9,1.388320776029909e-16,1.388320776029909e-16,4.296446502997962e-16
1772531331.9403024,2213,0.789642333984375,1266.3961352657004,0.9005999116342388,0.0011498221273571775,7.763571984588896e-05,0.003947765150840435,0.0,0.0,0.9,1.388320776029909e-16,1.388320776029909e-16,3.914913632239081e-16
1772531331.95261,2214,0.6911754608154297,1446.8106243532252,0.9000062295163975,0.0006078591812172684,7.763571984588896e-05,0.003947765150840435,0.0,0.0,0.9,1.388320776029909e-16,1.388320776029909e-16,3.546449815775136e-16
1772531331.965431,2215,0.8177757263183594,1222.8291545189504,0.9020884812596441,0.0021462737894501894,7.763571984588896e-05,0.003947765150840435,0.0,0.0,0.9,1.388320776029909e-16,1.388320776029909e-16,3.1992827037996405e-16
1772531331.9781907,2216,0.8909702301025391,1122.3719561145303,0.9040662122984754,0.002024827291793021,7.763571984588896e-05,0.003947765150840435,0.0,0.0,0.9,1.1109004443139284e-16,1.1109004443139284e-16,2.8556998753225724e-16
1772531331.9900076,2217,0.751495361328125,1330.6802030456852,0.8977939710518859,0.006467916241439505,7.763571984588896e-05,0.003947765150840435,0.0,0.0,0.9,1.1109004443139284e-16,1.1109004443139284e-16,2.809792680052707e-16
1772531332.0029292,2218,0.80108642578125,1248.304761904762,0.9022012930538265,0.0045527308073216805,7.763571984588896e-05,0.003947765150840435,0.0,0.0,0.9,1.1109004443139284e-16,1.1109004443139284e-16,2.773128461421176e-16
1772531332.0154922,2219,0.8604526519775391,1162.1789969520644,0.902027105052042,0.00019896558104388345,7.763571984588896e-05,0.003947765150840435,0.0,0.0,0.9,1.1109004443139284e-16,1.1109004443139284e-16,2.735233348479475e-16
1772531332.0275586,2220,0.6122589111328125,1633.2959501557632,0.8997845139076326,0.0023122965919509676,7.763571984588896e-05,0.003947765150840435,0.0,0.0,0.9,8.335702806293285e-17,8.335702806293285e-17,2.6965277910733708e-16
1772531332.04007,2221,0.77056884765625,1297.7425742574258,0.8991681156618236,0.0006284342437911526,7.763571984588896e-05,0.003947765150840435,0.0,0.0,0.9,8.335702806293285e-17,8.335702806293285e-17,2.6621053861046194e-16
1772531332.05315,2222,0.9419918060302734,1061.580359402683,0.9039717979300695,0.004948166733461478,7.763571984588896e-05,0.003947765150840435,0.0,0.0,0.9,8.335702806293285e-17,8.335702806293285e-17,2.632927999855542e-16
1772531332.0654292,2223,0.7364749908447266,1357.8193590158628,0.9027275659179952,0.00130796123162795,7.763571984588896e-05,0.003947765150840435,0.0,0.0,0.9,8.335702806293285e-17,8.335702806293285e-17,2.6025374720161583e-16
1772531332.0774295,2224,0.6115436553955078,1635.206237816764,0.8981525009591143,0.004713942486374888,7.763571984588896e-05,0.003947765150840435,0.0,0.0,0.9,8.335702806293285e-17,1.1109004443139284e-16,2.5733809070301633e-16
1772531332.0901842,2225,0.6852149963378906,1459.3959638135004,0.9008431504820468,0.002787707893158738,7.763571984588896e-05,0.003947765150840435,0.0,0.0,0.9,8.335702806293285e-17,1.1109004443139284e-16,2.549091362738081e-16
1772531332.102632,2226,0.7951259613037109,1257.6623688155921,0.8997524926939197,0.001119816077749279,7.763571984588896e-05,0.003947765150840435,0.0,0.0,0.9,8.335702806293285e-17,8.335702806293285e-17,2.524407891612946e-16
1772531332.1154306,2227,0.8571147918701172,1166.7048678720446,0.9021243528854582,0.002446054917761942,7.763571984588896e-05,0.003947765150840435,0.0,0.0,0.9,8.335702806293285e-17,8.335702806293285e-17,2.5255686038485144e-16
1772531332.1272874,2228,0.6151199340820312,1625.6992248062015,0.8975666682511246,0.004691685605531678,7.763571984588896e-05,0.003947765150840435,0.0,0.0,0.9,8.335702806293285e-17,8.335702806293285e-17,2.5232361418424827e-16
1772531332.1405241,2229,1.2965202331542969,771.2953291651343,0.9003000441128456,0.0028371194933395814,7.763571984588896e-05,0.003947765150840435,0.0,0.0,0.9,8.335702806293285e-17,8.335702806293285e-17,2.5244081767542444e-16
1772531332.1534648,2230,1.2104511260986328,826.1382706322631,0.9051810218846179,0.005018577051322397,7.763571984588896e-05,0.003947765150840435,0.0,0.0,0.9,8.335702806293285e-17,8.335702806293285e-17,2.5269487417480577e-16
1772531332.1660829,2231,1.2824535369873047,779.7553448596393,0.9049669529762657,0.0003342443109997297,7.763571984588896e-05,0.003947765150840435,0.0,0.0,0.9,8.335702806293285e-17,8.335702806293285e-17,2.5271779941892683e-16
1772531332.177935,2232,1.0013580322265625,998.6438095238095,0.899735971371904,0.005405344189624544,7.763571984588896e-05,0.003947765150840435,0.0,0.0,0.9,5.56465114693644e-17,5.56465114693644e-17,2.5132379696568313e-16
1772531332.1902015,2233,0.7092952728271484,1409.8500840336135,0.900298788195681,0.0005898658653218438,7.763571984588896e-05,0.003947765150840435,0.0,0.0,0.9,5.56465114693644e-17,5.56465114693644e-17,2.5033782303654314e-16
1772531332.2025213,2234,0.6310939788818359,1584.550056667926,0.8995365678235631,0.0007794729391558608,7.763571984588896e-05,0.003947765150840435,0.0,0.0,0.9,5.56465114693644e-17,5.56465114693644e-17,2.493469632605678e-16
1772531332.2154884,2235,0.8733272552490234,1145.0461370461371,0.9022981833090123,0.0028484407328901455,7.763571984588896e-05,0.003947765150840435,0.0,0.0,0.9,5.56465114693644e-17,5.56465114693644e-17,2.4859452476074365e-16
1772531332.2281573,2236,0.8733272552490234,1145.0461370461371,0.9034098303373403,0.0011353055823460944,7.763571984588896e-05,0.003947765150840435,0.0,0.0,0.9,5.56465114693644e-17,5.56465114693644e-17,2.478397946880825e-16
1772531332.240155,2237,0.7889270782470703,1267.5442731943185,0.8990719990585837,0.004474643910361233,7.763571984588896e-05,0.003947765150840435,0.0,0.0,0.9,5.56465114693644e-17,5.56465114693644e-17,2.4687278104560165e-16
1772531332.252831,2238,0.6849765777587891,1459.9039331709016,0.9011257886202838,0.002126198441660642,7.763571984588896e-05,0.003947765150840435,0.0,0.0,0.9,5.56465114693644e-17,5.56465114693644e-17,2.4626728132864697e-16
1772531332.265635,2239,0.8685588836669922,1151.3324183365357,0.9029036850371811,0.0018261532298814243,7.763571984588896e-05,0.003947765150840435,0.0,0.0,0.9,5.56465114693644e-17,5.56465114693644e-17,2.4636132565169287e-16
1772531332.2777297,2240,0.8716583251953125,1147.238512035011,0.8986571277820401,0.004376704619454731,7.763571984588896e-05,0.003947765150840435,0.0,0.0,0.9,5.56465114693644e-17,5.56465114693644e-17,2.4615468713276337e-16
1772531332.2898827,2241,0.6434917449951172,1554.0214894405335,0.8979265347019928,0.0007453297513118016,7.763571984588896e-05,0.003947765150840435,0.0,0.0,0.9,5.56465114693644e-17,5.56465114693644e-17,2.460982483232742e-16
1772531332.3030834,2242,0.8432865142822266,1185.8365846762792,0.9038451034206768,0.006104645132096696,7.763571984588896e-05,0.003947765150840435,0.0,0.0,0.9,5.56465114693644e-17,5.56465114693644e-17,2.463824265800981e-16
1772531332.3151486,2243,0.6134510040283203,1630.1220365332297,0.900799238708638,0.0031511362275704544,7.763571984588896e-05,0.003947765150840435,0.0,0.0,0.9,5.56465114693644e-17,5.56465114693644e-17,2.462451639009934e-16
1772531332.3279665,2244,0.8325576782226562,1201.1179839633448,0.9018625674909256,0.0010942170412109253,7.763571984588896e-05,0.003947765150840435,0.0,0.0,0.9,5.56465114693644e-17,5.56465114693644e-17,2.4629901810537867e-16
1772531332.3400044,2245,0.6835460662841797,1462.9591907917684,0.899629425155865,0.0023004961588454415,7.763571984588896e-05,0.003947765150840435,0.0,0.0,0.9,5.556533489592038e-17,5.556533489592038e-17,2.461860718011751e-16
1772531332.3525991,2246,0.6458759307861328,1548.2849760059062,0.8999586339152348,0.00035537187605938416,7.763571984588896e-05,0.003947765150840435,0.0,0.0,0.9,5.556533489592038e-17,5.556533489592038e-17,2.461895633486634e-16
1772531332.364956,2247,0.5762577056884766,1735.3347124534546,0.8998687116214353,0.00010168148708708087,7.763571984588896e-05,0.003947765150840435,0.0,0.0,0.9,5.556533489592038e-17,5.556533489592038e-17,2.4617366758509383e-16
1772531332.3778248,2248,0.83160400390625,1202.4954128440368,0.9014353413814743,0.0016185180142569797,7.763571984588896e-05,0.003947765150840435,0.0,0.0,0.9,5.556533489592038e-17,5.556533489592038e-17,2.4624346937916203e-16
1772531332.390232,2249,0.80108642578125,1248.304761904762,0.9006513908564122,0.0008087967351069693,7.763571984588896e-05,0.003947765150840435,0.0,0.0,0.9,5.556533489592038e-17,5.556533489592038e-17,2.4620315894731616e-16
1772531332.4026964,2250,0.72479248046875,1379.7052631578947,0.9013383115777698,0.0007081414928942847,7.763571984588896e-05,0.003947765150840435,0.0,0.0,0.9,2.2889148743107297e-16,2.2889148743107297e-16,2.367570562519288e-16
1772531332.4155374,2251,0.8602142333984375,1162.50110864745,0.9031341417078457,0.0018425328009122216,7.763571984588896e-05,0.003947765150840435,0.0,0.0,0.9,2.2889148743107297e-16,2.2889148743107297e-16,2.300158384721828e-16
1772531332.4279366,2252,0.8273124694824219,1208.7331412103747,0.9019324902444612,0.0012542829124967299,7.763571984588896e-05,0.003947765150840435,0.0,0.0,0.9,2.2888491377299405e-16,2.2888491377299405e-16,2.2685280678075485e-16
1772531332.4398391,2253,0.7371902465820312,1356.5019404915913,0.8968365561544251,0.005243659166601352,7.763571984588896e-05,0.003947765150840435,0.0,0.0,0.9,5.553824967135427e-17,5.553824967135427e-17,2.2593182121235385e-16
1772531332.4525623,2254,0.7328987121582031,1364.4450227716331,0.8999801048836344,0.003265480341953897,7.763571984588896e-05,0.003947765150840435,0.0,0.0,0.9,2.2888491377299405e-16,2.2888491377299405e-16,2.2577841633098296e-16
1772531332.4657247,2255,0.9148120880126953,1093.1206671879072,0.9053065823338171,0.005478782488225544,7.763571984588896e-05,0.003947765150840435,0.0,0.0,0.9,2.2888491377299405e-16,2.2888491377299405e-16,2.2899429920735603e-16
1772531332.4778202,2256,0.8916854858398438,1121.4716577540107,0.9002923356956387,0.005185316610676559,7.763571984588896e-05,0.003947765150840435,0.0,0.0,0.9,5.553824967135427e-17,5.553824967135427e-17,2.2754576870034297e-16
1772531332.4900632,2257,0.6885528564453125,1452.3213296398892,0.900099837398213,0.00019627110810486523,7.763571984588896e-05,0.003947765150840435,0.0,0.0,0.9,2.2888491377299405e-16,2.2888491377299405e-16,2.3375715094885895e-16
1772531332.5036657,2258,1.428842544555664,699.8671783747706,0.9033727526822795,0.003368665609553214,7.763571984588896e-05,0.003947765150840435,0.0,0.0,0.9,2.2888491377299405e-16,2.2888491377299405e-16,2.426260210179187e-16
1772531332.5161767,2259,1.3549327850341797,738.0439908499033,0.9045218340494793,0.00117089804605632,7.763571984588896e-05,0.003947765150840435,0.0,0.0,0.9,5.553824967135427e-17,5.553824967135427e-17,2.410353797037414e-16
1772531332.5278068,2260,1.0993480682373047,909.6300151810887,0.8973684831254843,0.007376033200532663,7.763571984588896e-05,0.003947765150840435,0.0,0.0,0.9,5.553824967135427e-17,5.553824967135427e-17,2.406337187992115e-16
1772531332.5401785,2261,0.6532669067382812,1530.7678832116787,0.9008604805009609,0.0036181863284447573,7.763571984588896e-05,0.003947765150840435,0.0,0.0,0.9,5.553824967135427e-17,5.553824967135427e-17,2.4081255128536083e-16
1772531332.5529997,2262,0.8587837219238281,1164.437534702943,0.9020390546281515,0.001212223297512326,7.763571984588896e-05,0.003947765150840435,0.0,0.0,0.9,5.553824967135427e-17,5.553824967135427e-17,2.4088250372963454e-16
1772531332.5655892,2263,0.8349418640136719,1197.688178183895,0.9029040267068124,0.0008834162667495047,7.763571984588896e-05,0.003947765150840435,0.0,0.0,0.9,2.7809732887839817e-17,2.7809732887839817e-17,2.40004132170599e-16
1772531332.5778146,2264,0.7584095001220703,1318.5488839987424,0.8999303143447196,0.003069121325625744,7.763571984588896e-05,0.003947765150840435,0.0,0.0,0.9,2.7809732887839817e-17,2.7809732887839817e-17,2.390373573664335e-16
1772531332.5900006,2265,0.7023811340332031,1423.7284453496266,0.8984633055237642,0.0015011109214607184,7.763571984588896e-05,0.003947765150840435,0.0,0.0,0.9,2.7809732887839817e-17,2.7809732887839817e-17,2.382015789328848e-16
1772531332.602828,2266,0.9038448333740234,1106.384595093643,0.9004227785758883,0.0020359413016838757,7.763571984588896e-05,0.003947765150840435,0.0,0.0,0.9,2.7809732887839817e-17,2.7809732887839817e-17,2.3761821479285043e-16
1772531332.6149464,2267,0.7355213165283203,1359.5799027552673,0.8982108651023707,0.002268920137275105,7.763571984588896e-05,0.003947765150840435,0.0,0.0,0.9,2.7809732887839817e-17,2.7809732887839817e-17,2.3748455594804843e-16
1772531332.6275444,2268,0.6937980651855469,1441.3415807560139,0.9004215397971238,0.002295654496845938,7.763571984588896e-05,0.003947765150840435,0.0,0.0,0.9,2.7809732887839817e-17,2.7809732887839817e-17,2.3758809564919735e-16
1772531332.6406443,2269,0.8463859558105469,1181.4940845070423,0.904852472406851,0.004556096494849694,7.763571984588896e-05,0.003947765150840435,0.0,0.0,0.9,2.7809732887839817e-17,2.7809732887839817e-17,2.3783985778561455e-16
1772531332.652629,2270,0.7541179656982422,1326.052481821056,0.8996413956996759,0.005383326642295645,7.763571984588896e-05,0.003947765150840435,0.0,0.0,0.9,2.7809732887839817e-17,2.7809732887839817e-17,2.375696441033836e-16
1772531332.6655433,2271,0.8156299591064453,1226.046185325928,0.9035571148424004,0.0040325575734675885,7.763571984588896e-05,0.003947765150840435,0.0,0.0,0.9,2.7809732887839817e-17,2.7809732887839817e-17,2.3778559329710556e-16
1772531332.6781185,2272,0.850677490234375,1175.5336322869955,0.9032724235429446,0.00033768301550200227,7.763571984588896e-05,0.003947765150840435,0.0,0.0,0.9,2.7809732887839817e-17,2.7809732887839817e-17,2.3779111034240336e-16
1772531332.690203,2273,0.7653236389160156,1306.6367601246106,0.8995751736036682,0.0038159145090864463,7.763571984588896e-05,0.003947765150840435,0.0,0.0,0.9,2.7809732887839817e-17,2.7809732887839817e-17,2.3759616556728453e-16
1772531332.7027142,2274,0.7176399230957031,1393.4564784053157,0.9003323241623891,0.0007912507152676568,7.763571984588896e-05,0.003947765150840435,0.0,0.0,0.9,2.7809732887839817e-17,2.7809732887839817e-17,2.3762838937258132e-16
1772531332.7156081,2275,0.8544921875,1170.2857142857142,0.9030795115034156,0.0028274472418225085,7.763571984588896e-05,0.003947765150840435,0.0,0.0,0.9,2.7809732887839817e-17,2.7809732887839817e-17,2.3778246374264233e-16
1772531332.728137,2276,0.9543895721435547,1047.7901573819636,0.901910533349537,0.001219018120539007,7.763571984588896e-05,0.003947765150840435,0.0,0.0,0.9,2.7809732887839817e-17,2.7809732887839817e-17,2.37732315075669e-16
1772531332.7399817,2277,0.7119178771972656,1404.6563965170797,0.897332061898622,0.0047108719247779245,7.763571984588896e-05,0.003947765150840435,0.0,0.0,0.9,2.7809732887839817e-17,2.7809732887839817e-17,2.374746952700552e-16
1772531332.7529013,2278,0.7359981536865234,1358.6990605766116,0.902094654329431,0.0049231868565124525,7.763571984588896e-05,0.003947765150840435,0.0,0.0,0.9,2.7809732887839817e-17,2.7809732887839817e-17,2.3771954736784364e-16
1772531332.7655127,2279,0.8804798126220703,1135.7443812618467,0.901483398339411,0.00063682923929083,7.763571984588896e-05,0.003947765150840435,0.0,0.0,0.9,2.7809732887839817e-17,2.7809732887839817e-17,2.376928903075976e-16
1772531332.7779138,2280,0.9055137634277344,1104.3454449710373,0.9004790468565632,0.0010348803568452204,7.763571984588896e-05,0.003947765150840435,0.0,0.0,0.9,2.7809732887839817e-17,2.7809732887839817e-17,2.376383791690965e-16
1772531332.7899914,2281,0.774383544921875,1291.3497536945813,0.8973860041259858,0.0031748778543425234,7.763571984588896e-05,0.003947765150840435,0.0,0.0,0.9,2.7809732887839817e-17,2.7809732887839817e-17,2.374544788858925e-16
1772531332.8023472,2282,0.6392002105712891,1564.455054084297,0.8981528020680354,0.0008346801641605099,7.763571984588896e-05,0.003947765150840435,0.0,0.0,0.9,2.7809732887839817e-17,2.7809732887839817e-17,2.3746757694847686e-16
1772531332.814843,2283,0.6601810455322266,1514.7360057782594,0.8991103542973249,0.0010142729396242498,7.763571984588896e-05,0.003947765150840435,0.0,0.0,0.9,2.7809732887839817e-17,2.7809732887839817e-17,2.3749778182373713e-16
1772531332.828026,2284,0.9267330169677734,1079.059428865449,0.9037925842477444,0.0048241662209965435,7.763571984588896e-05,0.003947765150840435,0.0,0.0,0.9,2.7809732887839817e-17,2.7809732887839817e-17,2.377521582470782e-16
1772531332.8404481,2285,0.8294582366943359,1205.6062086806553,0.9030517378198357,0.0007947525277900288,7.763571984588896e-05,0.003947765150840435,0.0,0.0,0.9,2.7809732887839817e-17,2.7809732887839817e-17,2.377323924915499e-16
1772531332.8526971,2286,0.537872314453125,1859.177304964539,0.9025057160233019,0.0005866950795547815,7.763571984588896e-05,0.003947765150840435,0.0,0.0,0.9,2.7809732887839817e-17,2.7809732887839817e-17,2.3771835077297403e-16
1772531332.8650837,2287,0.6501674652099609,1538.065273193986,0.9003339574746355,0.0022438713891523424,7.763571984588896e-05,0.003947765150840435,0.0,0.0,0.9,1.734723475976807e-18,1.734723475976807e-18,2.3695296403923653e-16
1772531332.8784125,2288,0.9703636169433594,1030.5415233415233,0.905509143803214,0.005320202263984994,7.763571984588896e-05,0.003947765150840435,0.0,0.0,0.9,1.734723475976807e-18,2.7809732887839817e-17,2.366703299001463e-16
1772531332.890018,2289,0.7379055023193359,1355.1870759289177,0.8982410548062568,0.00750180601438294,7.763571984588896e-05,0.003947765150840435,0.0,0.0,0.9,1.734723475976807e-18,2.7809732887839817e-17,2.3582503268998067e-16
1772531332.9027798,2290,0.7424354553222656,1346.9184328837507,0.9010486878293006,0.0029067558542703775,7.763571984588896e-05,0.003947765150840435,0.0,0.0,0.9,1.734723475976807e-18,2.7809732887839817e-17,2.3596343284822393e-16
1772531332.9155333,2291,0.8535385131835938,1171.5932960893854,0.9024132358727642,0.001401512297449337,7.763571984588896e-05,0.003947765150840435,0.0,0.0,0.9,1.734723475976807e-18,2.7809732887839817e-17,2.360425851653263e-16
1772531332.9280086,2292,0.8416175842285156,1188.1881019830028,0.9023546187724004,0.00010069608774130687,7.763571984588896e-05,0.003947765150840435,0.0,0.0,0.9,1.734723475976807e-18,2.7809732887839817e-17,2.3605161456519073e-16
1772531332.9401827,2293,0.7069110870361328,1414.6050590219224,0.899707157218816,0.002730030559925399,7.763571984588896e-05,0.003947765150840435,0.0,0.0,0.9,1.734723475976807e-18,2.7809732887839817e-17,2.3591151459260797e-16
1772531332.9526296,2294,0.75531005859375,1323.959595959596,0.8991810844162943,0.000536258164893196,7.763571984588896e-05,0.003947765150840435,0.0,0.0,0.9,1.734723475976807e-18,2.7809732887839817e-17,2.358706629076221e-16
1772531332.9652553,2295,0.8058547973632812,1240.9183431952663,0.9002593864926002,0.0011250303433449035,7.763571984588896e-05,0.003947765150840435,0.0,0.0,0.9,1.734723475976807e-18,2.7809732887839817e-17,2.359168783463262e-16
1772531332.97813,2296,0.8323192596435547,1201.462045259238,0.9037233153327159,0.0035644034694211255,7.763571984588896e-05,0.003947765150840435,0.0,0.0,0.9,1.734723475976807e-18,2.7809732887839817e-17,2.361092209408005e-16
1772531332.990366,2297,0.7915496826171875,1263.3445783132531,0.9008515335574359,0.0029714483969066592,7.763571984588896e-05,0.003947765150840435,0.0,0.0,0.9,1.734723475976807e-18,2.7809732887839817e-17,2.3596709582495967e-16
1772531333.002217,2298,0.5064010620117188,1974.719397363465,0.8970429907075802,0.003912718781167194,7.763571984588896e-05,0.003947765150840435,0.0,0.0,0.9,1.734723475976807e-18,2.7809732887839817e-17,2.3574773637531386e-16
1772531333.0156121,2299,0.8857250213623047,1129.0185733512785,0.9035561695679816,0.00672278737667391,7.763571984588896e-05,0.003947765150840435,0.0,0.0,0.9,1.734723475976807e-18,2.7809732887839817e-17,2.360873188038418e-16
1772531333.0275218,2300,0.5941390991210938,1683.107544141252,0.8992953670346767,0.004396510980427893,7.763571984588896e-05,0.003947765150840435,0.0,0.0,0.9,1.734723475976807e-18,2.7809732887839817e-17,2.358639362998557e-16
1772531333.0404599,2301,0.7941722869873047,1259.1726208345842,0.9025770732204641,0.003384717267055098,7.763571984588896e-05,0.003947765150840435,0.0,0.0,0.9,1.734723475976807e-18,2.7809732887839817e-17,2.3603752167182423e-16
1772531333.053373,2302,1.1742115020751953,851.6353299492386,0.9031068175058597,0.0005398364956226999,7.763571984588896e-05,0.003947765150840435,0.0,0.0,0.9,1.734723475976807e-18,2.7809732887839817e-17,2.360812122537886e-16
1772531333.065109,2303,0.762939453125,1310.72,0.898666873936377,0.004577368039610653,7.763571984588896e-05,0.003947765150840435,0.0,0.0,0.9,1.734723475976807e-18,2.7809732887839817e-17,2.3584435939545275e-16
1772531333.0777905,2304,0.8502006530761719,1176.192933258553,0.9001832795656366,0.0015788878406065765,7.763571984588896e-05,0.003947765150840435,0.0,0.0,0.9,1.734723475976807e-18,2.7809732887839817e-17,2.359115418693712e-16
1772531333.090189,2305,0.7350444793701172,1360.461887771651,0.9000995421728868,9.148543494496669e-05,7.763571984588896e-05,0.003947765150840435,0.0,0.0,0.9,1.734723475976807e-18,2.7809732887839817e-17,2.3589951420183466e-16
1772531333.1031506,2306,0.8761882781982422,1141.3072108843537,0.9038949275032212,0.003905734254112291,7.763571984588896e-05,0.003947765150840435,0.0,0.0,0.9,1.734723475976807e-18,2.7809732887839817e-17,2.361095406920388e-16
1772531333.11496,2307,0.7741451263427734,1291.7474591931013,0.8972838286255811,0.006814183885323613,7.763571984588896e-05,0.003947765150840435,0.0,0.0,0.9,0.0,2.7755575615628914e-17,2.3575295205755424e-16
1772531333.1275105,2308,0.7433891296386719,1345.1905067350865,0.8990710233818199,0.0018715388317316446,7.763571984588896e-05,0.003947765150840435,0.0,0.0,0.9,1.734723475976807e-18,2.7809732887839817e-17,2.358237877097507e-16
1772531333.1404912,2309,0.9925365447998047,1007.5195772279606,0.9024244896219934,0.0034599371854864397,7.763571984588896e-05,0.003947765150840435,0.0,0.0,0.9,1.734723475976807e-18,2.7809732887839817e-17,2.3599909956386267e-16
1772531333.152697,2310,0.7207393646240234,1387.4641085014887,0.9012100008058865,0.0012600096219049963,7.763571984588896e-05,0.003947765150840435,0.0,0.0,0.9,0.0,2.7755575615628914e-17,2.3593938608335915e-16
1772531333.1655166,2311,0.8425712585449219,1186.8432371250708,0.9031539585859033,0.001995332403632581,7.763571984588896e-05,0.003947765150840435,0.0,0.0,0.9,0.0,2.7755575615628914e-17,2.3605134319331354e-16
1772531333.1777306,2312,0.7185935974121094,1391.6071665560717,0.9008242113925162,0.0024113399772257784,7.763571984588896e-05,0.003947765150840435,0.0,0.0,0.9,0.0,2.7755575615628914e-17,2.359347763827998e-16
1772531333.1900742,2313,0.5850791931152344,1709.1703341483292,0.9008389842663607,1.6641854439625632e-05,7.763571984588896e-05,0.003947765150840435,0.0,0.0,0.9,0.0,2.7755575615628914e-17,2.3593336917974135e-16
1772531333.2027328,2314,0.5588531494140625,1789.3788395904437,0.9024788018283072,0.0016854520815367028,7.763571984588896e-05,0.003947765150840435,0.0,0.0,0.9,0.0,2.7755575615628914e-17,2.360254455507395e-16
1772531333.2156796,2315,0.8845329284667969,1130.5401617250675,0.903397523321245,0.0009369338068589212,7.763571984588896e-05,0.003947765150840435,0.0,0.0,0.9,0.0,2.7755575615628914e-17,2.3609037359497497e-16
1772531333.2275636,2316,0.8497238159179688,1176.8529741863076,0.8976895574410048,0.005882773326468859,7.763571984588896e-05,0.003947765150840435,0.0,0.0,0.9,0.0,2.7755575615628914e-17,2.357829511473589e-16
1772531333.240194,2317,0.7314682006835938,1367.1134289439374,0.9005135560452304,0.002929407556762657,7.763571984588896e-05,0.003947765150840435,0.0,0.0,0.9,0.0,2.7755575615628914e-17,2.3591635574761513e-16
1772531333.252872,2318,0.7727146148681641,1294.1388460351743,0.901852402956033,0.0013792328033228084,7.763571984588896e-05,0.003947765150840435,0.0,0.0,0.9,0.0,2.7755575615628914e-17,2.3598835631820803e-16
1772531333.2651892,2319,0.8177757263183594,1222.8291545189504,0.8999937655372741,0.0019158629210019934,7.763571984588896e-05,0.003947765150840435,0.0,0.0,0.9,0.0,2.7755575615628914e-17,2.358888843685343e-16
1772531333.2776484,2320,0.7162094116210938,1396.2396804260986,0.9006060013703457,0.0006381083501694427,7.763571984588896e-05,0.003947765150840435,0.0,0.0,0.9,0.0,2.7755575615628914e-17,2.35915405578846e-16
1772531333.2902687,2321,0.8099079132080078,1234.7082720047101,0.9009609774012146,0.00036801768897133826,7.763571984588896e-05,0.003947765150840435,0.0,0.0,0.9,0.0,2.7755575615628914e-17,2.359322551641002e-16
1772531333.302559,2322,0.8661746978759766,1154.5015139003578,0.8987666773226852,0.0022546189834557894,7.763571984588896e-05,0.003947765150840435,0.0,0.0,0.9,0.0,2.7755575615628914e-17,2.3580605556804646e-16
1772531333.3146093,2323,0.5090236663818359,1964.5451990632318,0.8978787080940872,0.0009048362915694109,7.763571984588896e-05,0.003947765150840435,0.0,0.0,0.9,0.0,2.7755575615628914e-17,2.357361836015664e-16
1772531333.327575,2324,0.6475448608398438,1544.2945508100147,0.9024260355000062,0.004696018230720816,7.763571984588896e-05,0.003947765150840435,0.0,0.0,0.9,0.0,2.7755575615628914e-17,2.3596954543566806e-16
1772531333.340263,2325,0.7863044738769531,1271.7719830200122,0.902367725586243,0.00010636830292177663,7.763571984588896e-05,0.003947765150840435,0.0,0.0,0.9,0.0,2.7755575615628914e-17,2.3597786123406775e-16
1772531333.3526654,2326,0.789642333984375,1266.3961352657004,0.9011862753404865,0.0012262532464290773,7.763571984588896e-05,0.003947765150840435,0.0,0.0,0.9,0.0,2.7755575615628914e-17,2.3592176978999396e-16
1772531333.3651469,2327,0.6687641143798828,1495.2955436720142,0.9019298493802147,0.000762115182078363,7.763571984588896e-05,0.003947765150840435,0.0,0.0,0.9,0.0,2.7755575615628914e-17,2.359663922068179e-16
1772531333.3782418,2328,0.8862018585205078,1128.4110842076943,0.9056020973037155,0.0037654975457806147,7.763571984588896e-05,0.003947765150840435,0.0,0.0,0.9,0.0,2.7755575615628914e-17,2.3618625425193004e-16
1772531333.390271,2329,0.762939453125,1310.72,0.901097448210567,0.004665373707582467,7.763571984588896e-05,0.003947765150840435,0.0,0.0,0.9,0.0,2.7755575615628914e-17,2.3596723983708777e-16
1772531333.4024043,2330,0.6477832794189453,1543.7261685682738,0.8984153422573977,0.0027573289251753433,7.763571984588896e-05,0.003947765150840435,0.0,0.0,0.9,0.0,2.7755575615628914e-17,2.358154805072891e-16
1772531333.4153423,2331,0.8363723754882812,1195.6396807297606,0.9017129636904033,0.003408327218514149,7.763571984588896e-05,0.003947765150840435,0.0,0.0,0.9,2.220446049250313e-16,2.237726045655905e-16,2.2739856225322505e-16
1772531333.4284427,2332,1.0991096496582031,909.8273318872017,0.9051018782027238,0.003476624617614187,7.763571984588896e-05,0.003947765150840435,0.0,0.0,0.9,2.220446049250313e-16,2.237726045655905e-16,2.225757421321126e-16
1772531333.4401903,2333,0.6849765777587891,1459.9039331709016,0.9001589828295484,0.005109660851331008,7.763571984588896e-05,0.003947765150840435,0.0,0.0,0.9,2.220446049250313e-16,2.237726045655905e-16,2.2050486138475674e-16
1772531333.4530268,2334,0.8032321929931641,1244.9700207776789,0.9022535900998327,0.0021586791514379916,7.763571984588896e-05,0.003947765150840435,0.0,0.0,0.9,2.220446049250313e-16,2.237726045655905e-16,2.2189358645259645e-16
1772531333.46566,2335,0.865936279296875,1154.819383259912,0.9025923805002276,0.00034512803573282034,7.763571984588896e-05,0.003947765150840435,0.0,0.0,0.9,2.220446049250313e-16,2.237726045655905e-16,2.2635132673861564e-16
1772531333.4776638,2336,0.7328987121582031,1364.4450227716331,0.8985523641304678,0.004161730715111973,7.763571984588896e-05,0.003947765150840435,0.0,0.0,0.9,2.220446049250313e-16,2.237726045655905e-16,2.3353392011612925e-16
1772531333.490122,2337,0.67138671875,1489.4545454545455,0.8992762499784945,0.0007739437423931582,7.763571984588896e-05,0.003947765150840435,0.0,0.0,0.9,2.220446049250313e-16,2.237726045655905e-16,2.435963961340828e-16
1772531333.5029209,2338,0.8502006530761719,1176.192933258553,0.9010828391687227,0.0018719571030659582,7.763571984588896e-05,0.003947765150840435,0.0,0.0,0.9,2.220446049250313e-16,2.237726045655905e-16,2.5611281437259745e-16
1772531333.5150783,2339,0.8344650268554688,1198.3725714285715,0.8979419236999668,0.0032271446905999617,7.763571984588896e-05,0.003947765150840435,0.0,0.0,0.9,0.0,2.7755575615628914e-17,2.4266459067840435e-16
1772531333.5276604,2340,0.6818771362304688,1466.5398601398601,0.9002801714367861,0.0024303371140809173,7.763571984588896e-05,0.003947765150840435,0.0,0.0,0.9,0.0,2.7755575615628914e-17,2.427805910332436e-16
1772531333.540032,2341,0.7638931274414062,1309.083645443196,0.8995680398618909,0.0007274870820034826,7.763571984588896e-05,0.003947765150840435,0.0,0.0,0.9,2.7755575615628914e-17,0.0,2.4269629902974295e-16
1772531333.5525599,2342,0.7724761962890625,1294.5382716049382,0.8999618887510885,0.0004220961559781113,7.763571984588896e-05,0.003947765150840435,0.0,0.0,0.9,2.7755575615628914e-17,0.0,2.427435597448669e-16
1772531333.5656426,2343,0.8623600006103516,1159.608515344208,0.9045630435930626,0.004734482532449551,7.763571984588896e-05,0.003947765150840435,0.0,0.0,0.9,2.7755575615628914e-17,2.7755575615628914e-17,2.4311071493730793e-16
1772531333.577811,2344,0.9045600891113281,1105.5097522403796,0.9003880899852411,0.004317057477908582,7.763571984588896e-05,0.003947765150840435,0.0,0.0,0.9,2.7755575615628914e-17,2.7755575615628914e-17,2.4290025082801865e-16
1772531333.5901353,2345,0.63323974609375,1579.1807228915663,0.9011516721151849,0.0007889880603228862,7.763571984588896e-05,0.003947765150840435,0.0,0.0,0.9,2.7755575615628914e-17,2.7755575615628914e-17,2.4293888343268934e-16
1772531333.6029613,2346,0.8070468902587891,1239.0853766617429,0.902703670117049,0.001593266507212814,7.763571984588896e-05,0.003947765150840435,0.0,0.0,0.9,2.7755575615628914e-17,2.7755575615628914e-17,2.4302896059767185e-16
1772531333.6153,2347,0.9610652923583984,1040.5120317539072,0.9002599896670039,0.002524058775990152,7.763571984588896e-05,0.003947765150840435,0.0,0.0,0.9,2.7755575615628914e-17,2.7755575615628914e-17,2.4290306888184967e-16
1772531333.6276996,2348,0.6718635559082031,1488.3974449964514,0.900795657074541,0.0005563278629008456,7.763571984588896e-05,0.003947765150840435,0.0,0.0,0.9,2.7755575615628914e-17,2.7755575615628914e-17,2.4292783572586916e-16
1772531333.639732,2349,0.6184577941894531,1616.9252120277563,0.8970479369128459,0.003850342752629178,7.763571984588896e-05,0.003947765150840435,0.0,0.0,0.9,2.7755575615628914e-17,2.7755575615628914e-17,2.4271243557238895e-16
1772531333.652763,2350,0.7851123809814453,1273.7030063771638,0.9018307125837742,0.004945434352029429,7.763571984588896e-05,0.003947765150840435,0.0,0.0,0.9,2.7755575615628914e-17,2.7755575615628914e-17,2.429531002260941e-16
1772531333.665154,2351,0.6742477416992188,1483.1343705799152,0.9015767783236355,0.00027087450853703913,7.763571984588896e-05,0.003947765150840435,0.0,0.0,0.9,2.7755575615628914e-17,2.7755575615628914e-17,2.4294501678920486e-16
1772531333.6782537,2352,0.9226799011230469,1083.7994832041343,0.9051314175893743,0.0036472977161359017,7.763571984588896e-05,0.003947765150840435,0.0,0.0,0.9,2.7755575615628914e-17,2.7755575615628914e-17,2.4315356055290227e-16
1772531333.6900234,2353,0.5869865417480469,1703.61657189277,0.9001260670075053,0.005174949807652477,7.763571984588896e-05,0.003947765150840435,0.0,0.0,0.9,2.7755575615628914e-17,2.7755575615628914e-17,2.42900730312651e-16
1772531333.702645,2354,0.5245208740234375,1906.5018181818182,0.9014153820892937,0.001330867725863039,7.763571984588896e-05,0.003947765150840435,0.0,0.0,0.9,2.7755575615628914e-17,2.7755575615628914e-17,2.429678881047493e-16
1772531333.715677,2355,0.8721351623535156,1146.6112629852378,0.9037008144147699,0.0023449626831980475,7.763571984588896e-05,0.003947765150840435,0.0,0.0,0.9,2.7755575615628914e-17,2.7755575615628914e-17,2.4310271319614007e-16
1772531333.7277625,2356,0.7355213165283203,1359.5799027552673,0.9001493981865369,0.003669564422579093,7.763571984588896e-05,0.003947765150840435,0.0,0.0,0.9,2.7755575615628914e-17,2.7755575615628914e-17,2.42921672856059e-16
1772531333.7398965,2357,0.6430149078369141,1555.1738969225064,0.8976127999190356,0.002601430701928692,7.763571984588896e-05,0.003947765150840435,0.0,0.0,0.9,2.7755575615628914e-17,2.7755575615628914e-17,2.4277035760824284e-16
1772531333.7526293,2358,0.7700920104980469,1298.5461300309598,0.8993787669482337,0.0018466228942145264,7.763571984588896e-05,0.003947765150840435,0.0,0.0,0.9,5.551115123125783e-17,5.551115123125783e-17,2.430333617471319e-16
1772531333.766277,2359,1.3592243194580078,735.7137344325557,0.9059594581637163,0.006772120049442327,7.763571984588896e-05,0.003947765150840435,0.0,0.0,0.9,5.551115123125783e-17,5.551115123125783e-17,2.4362940304318485e-16
1772531333.777324,2360,0.5433559417724609,1840.4142167617376,0.8976829629753328,0.008540229858692574,7.763571984588896e-05,0.003947765150840435,0.0,0.0,0.9,5.551115123125783e-17,5.551115123125783e-17,2.4321111406317503e-16
1772531333.790045,2361,0.5030632019042969,1987.8218009478674,0.9008573884901475,0.0032892530280747,7.763571984588896e-05,0.003947765150840435,0.0,0.0,0.9,5.551115123125783e-17,5.551115123125783e-17,2.4335981663285003e-16
1772531333.802834,2362,0.7345676422119141,1361.345017851347,0.9018168230839796,0.0009869783560314703,7.763571984588896e-05,0.003947765150840435,0.0,0.0,0.9,5.551115123125783e-17,5.551115123125783e-17,2.4341147408570915e-16
1772531333.8155978,2363,0.9090900421142578,1100.0010490427485,0.9031951987018576,0.0014113036747769184,7.763571984588896e-05,0.003947765150840435,0.0,0.0,0.9,5.551115123125783e-17,5.551115123125783e-17,2.4349427158751533e-16
1772531333.827676,2364,0.713348388671875,1401.8395721925133,0.8997323086699913,0.003574288844612496,7.763571984588896e-05,0.003947765150840435,0.0,0.0,0.9,5.551115123125783e-17,5.551115123125783e-17,2.433203827357402e-16
1772531333.8396869,2365,0.5784034729003906,1728.8969497114592,0.8968092135812022,0.0029963122107621695,7.763571984588896e-05,0.003947765150840435,0.0,0.0,0.9,5.551115123125783e-17,5.551115123125783e-17,2.431492665796482e-16
1772531333.8530207,2366,0.8084774017333984,1236.8929519315836,0.9037032853022281,0.007115724907632527,7.763571984588896e-05,0.003947765150840435,0.0,0.0,0.9,5.551115123125783e-17,5.551115123125783e-17,2.4349608170850817e-16
1772531333.8650336,2367,0.7851123809814453,1273.7030063771638,0.8988177809711684,0.005039643843431483,7.763571984588896e-05,0.003947765150840435,0.0,0.0,0.9,5.551115123125783e-17,5.551115123125783e-17,2.4324731103780287e-16
1772531333.8774874,2368,0.6186962127685547,1616.302119460501,0.9000832708897583,0.0013197823827536075,7.763571984588896e-05,0.003947765150840435,0.0,0.0,0.9,5.551115123125783e-17,5.551115123125783e-17,2.432994302592133e-16
1772531333.8905528,2369,0.8459091186523438,1182.1600901916572,0.9038569754142058,0.0038832717182966173,7.763571984588896e-05,0.003947765150840435,0.0,0.0,0.9,5.551115123125783e-17,5.551115123125783e-17,2.435004559609028e-16
1772531333.9026134,2370,0.6442070007324219,1552.2960769800147,0.9011829343581559,0.002770717454257155,7.763571984588896e-05,0.003947765150840435,0.0,0.0,0.9,5.551115123125783e-17,5.551115123125783e-17,2.4337531818800354e-16
1772531333.914976,2371,0.7030963897705078,1422.28009494744,0.8991281550358529,0.002113069084762595,7.763571984588896e-05,0.003947765150840435,0.0,0.0,0.9,5.551115123125783e-17,5.551115123125783e-17,2.4326354135486834e-16
1772531333.927516,2372,0.7278919219970703,1373.830330822142,0.8997582564151516,0.0006662989076123223,7.763571984588896e-05,0.003947765150840435,0.0,0.0,0.9,5.551115123125783e-17,5.551115123125783e-17,2.432833989735803e-16
1772531333.9406233,2373,0.8871555328369141,1127.1980650362805,0.9046901753662423,0.00507514874913367,7.763571984588896e-05,0.003947765150840435,0.0,0.0,0.9,5.551115123125783e-17,5.551115123125783e-17,2.4354624012784533e-16
1772531333.9527173,2374,0.8664131164550781,1154.1838194826637,0.8997213634894601,0.005133649676470661,7.763571984588896e-05,0.003947765150840435,0.0,0.0,0.9,5.551115123125783e-17,5.551115123125783e-17,2.433010496400104e-16
1772531333.9650493,2375,0.6127357482910156,1632.0249027237355,0.9007155422951716,0.0010316269198578439,7.763571984588896e-05,0.003947765150840435,0.0,0.0,0.9,5.551115123125783e-17,5.551115123125783e-17,2.433460693390912e-16
1772531333.9782746,2376,0.8966922760009766,1115.209784631747,0.905159924040846,0.004567214341251819,7.763571984588896e-05,0.003947765150840435,0.0,0.0,0.9,4.47545209131181e-16,4.47545209131181e-16,2.0312250980405028e-16
1772531333.9905343,2377,0.7991790771484375,1251.2840095465394,0.9026531633613825,0.0026121454827340573,7.763571984588896e-05,0.003947765150840435,0.0,0.0,0.9,5.551115123125783e-17,5.551115123125783e-17,2.0573075409744349e-16
1772531334.002528,2378,0.6964206695556641,1435.9137281752824,0.8982012302397916,0.004586553939098803,7.763571984588896e-05,0.003947765150840435,0.0,0.0,0.9,5.551115123125783e-17,5.551115123125783e-17,2.0552724545392022e-16
1772531334.015064,2379,0.5567073822021484,1796.2758029978586,0.9001436923192305,0.0020206249304531593,7.763571984588896e-05,0.003947765150840435,0.0,0.0,0.9,4.47545209131181e-16,4.47545209131181e-16,1.6907341943641524e-16
1772531334.028178,2380,0.8413791656494141,1188.5247945593653,0.9039966793205899,0.003964875742776975,7.763571984588896e-05,0.003947765150840435,0.0,0.0,0.9,4.47545209131181e-16,4.47545209131181e-16,1.4179008644880083e-16
1772531334.0400698,2381,0.5533695220947266,1807.1107281344248,0.8999200920953988,0.004210603893861607,7.763571984588896e-05,0.003947765150840435,0.0,0.0,0.9,5.551115123125783e-17,5.551115123125783e-17,1.4336710652578314e-16
1772531334.0525181,2382,0.4661083221435547,2145.424040920716,0.9000149086582921,0.00012199131311661882,7.763571984588896e-05,0.003947765150840435,0.0,0.0,0.9,4.47545209131181e-16,4.47545209131181e-16,1.2482602870907611e-16
1772531334.065716,2383,0.8795261383056641,1136.975874220656,0.9035445882034422,0.0036341065422212547,7.763571984588896e-05,0.003947765150840435,0.0,0.0,0.9,4.47545209131181e-16,4.47545209131181e-16,1.233436686830415e-16
1772531334.0777833,2384,0.7464885711669922,1339.6052379431492,0.900000331381009,0.0036599405051866503,7.763571984588896e-05,0.003947765150840435,0.0,0.0,0.9,5.551115123125783e-17,5.551115123125783e-17,1.206572744596899e-16
1772531334.0902553,2385,0.7469654083251953,1338.750079795723,0.8998921874087098,0.00011947304274373914,7.763571984588896e-05,0.003947765150840435,0.0,0.0,0.9,4.47545209131181e-16,4.47545209131181e-16,1.3496617729394465e-16
1772531334.1028929,2386,0.7791519165039062,1283.4467564259485,0.9010779126924007,0.0012283587937832634,7.763571984588896e-05,0.003947765150840435,0.0,0.0,0.9,4.47545209131181e-16,4.47545209131181e-16,1.6079739424915454e-16
1772531334.1153834,2387,0.8091926574707031,1235.799646434885,0.9010277341161089,5.1511482968643135e-05,7.763571984588896e-05,0.003947765150840435,0.0,0.0,0.9,5.551115123125783e-17,5.551115123125783e-17,1.5857326898157587e-16
1772531334.1275983,2388,0.6983280181884766,1431.9918060771595,0.8989271873916517,0.0021579828730105086,7.763571984588896e-05,0.003947765150840435,0.0,0.0,0.9,2.7755575615628914e-17,2.7755575615628914e-17,1.5630994277016448e-16
1772531334.1404757,2389,0.8335113525390625,1199.7437070938215,0.9017218215710219,0.0028884205785670025,7.763571984588896e-05,0.003947765150840435,0.0,0.0,0.9,2.7755575615628914e-17,0.0,1.5449834958387708e-16
1772531334.1525376,2390,0.8265972137451172,1209.7790597057974,0.8978545819473326,0.003978494400010303,7.763571984588896e-05,0.003947765150840435,0.0,0.0,0.9,2.7755575615628914e-17,0.0,1.5243842594844986e-16
1772531334.1652696,2391,0.7336139678955078,1363.1147221319468,0.9010701252061938,0.003329995522757945,7.763571984588896e-05,0.003947765150840435,0.0,0.0,0.9,2.7755575615628914e-17,0.0,1.52644462741555e-16
1772531334.1774783,2392,0.5755424499511719,1737.4913007456503,0.8998356585613382,0.001268801598434493,7.763571984588896e-05,0.003947765150840435,0.0,0.0,0.9,2.7755575615628914e-17,0.0,1.5255491188210545e-16
1772531334.1905813,2393,0.8387565612792969,1192.2410460488913,0.9038097014518848,0.004091019889871305,7.763571984588896e-05,0.003947765150840435,0.0,0.0,0.9,2.7755575615628914e-17,0.0,1.5283574196343502e-16
1772531334.2030075,2394,0.8566379547119141,1167.3543000278319,0.9023227429813728,0.0015538674135509433,7.763571984588896e-05,0.003947765150840435,0.0,0.0,0.9,2.7755575615628914e-17,0.0,1.5275289476783268e-16
1772531334.2151318,2395,0.6964206695556641,1435.9137281752824,0.8998241682065515,0.0025775498454888445,7.763571984588896e-05,0.003947765150840435,0.0,0.0,0.9,0.0,2.7755575615628914e-17,1.5076537833401116e-16
1772531334.228016,2396,0.8232593536376953,1214.68404286128,0.902622067357016,0.0028827999921343553,7.763571984588896e-05,0.003947765150840435,0.0,0.0,0.9,0.0,2.7755575615628914e-17,1.4934967760977836e-16
1772531334.240548,2397,0.8325576782226562,1201.1179839633448,0.9023020283728764,0.00035095135640129564,7.763571984588896e-05,0.003947765150840435,0.0,0.0,0.9,0.0,2.7755575615628914e-17,1.4783034800776552e-16
1772531334.2525737,2398,0.7710456848144531,1296.940012368584,0.8979702818373914,0.004460724429217172,7.763571984588896e-05,0.003947765150840435,0.0,0.0,0.9,0.0,0.0,1.4492379534380062e-16
1772531334.2649152,2399,0.6024837493896484,1659.7958053027305,0.8987139597515753,0.0007997103744250833,7.763571984588896e-05,0.003947765150840435,0.0,0.0,0.9,0.0,0.0,1.4260586493821996e-16
1772531334.2781482,2400,0.8449554443359375,1183.494356659142,0.9042007446953128,0.005653737857111449,7.763571984588896e-05,0.003947765150840435,0.0,0.0,0.9,0.0,0.0,1.4189992446674804e-16
1772531334.291149,2401,1.3875961303710938,720.6707903780069,0.9033514760108343,0.0009097196369818538,7.763571984588896e-05,0.003947765150840435,0.0,0.0,0.9,0.0,0.0,1.4096196664115177e-16
1772531334.3033323,2402,1.1699199676513672,854.7593234155288,0.9022567447802691,0.001147305274178173,7.763571984588896e-05,0.003947765150840435,0.0,0.0,0.9,0.0,0.0,1.401140786339797e-16
1772531334.3154964,2403,0.8614063262939453,1160.8923332410739,0.9007944190480015,0.0015123495709638978,7.763571984588896e-05,0.003947765150840435,0.0,0.0,0.9,0.0,0.0,1.3934985090240063e-16
1772531334.3281648,2404,0.8537769317626953,1171.266126780229,0.9024434960600738,0.0016958804234223647,7.763571984588896e-05,0.003947765150840435,0.0,0.0,0.9,0.0,0.0,1.3886302448390314e-16
1772531334.3401134,2405,0.8046627044677734,1242.7567407407407,0.8976424407261357,0.00494333873529364,7.763571984588896e-05,0.003947765150840435,0.0,0.0,0.9,0.0,0.0,1.3814454588929725e-16
1772531334.3523693,2406,0.6594657897949219,1516.3788864786695,0.8970480050918219,0.0006142509085765602,7.763571984588896e-05,0.003947765150840435,0.0,0.0,0.9,0.0,0.0,1.3808632599124343e-16
1772531334.3656158,2407,0.885009765625,1129.9310344827586,0.9030814559017075,0.006230457619154716,7.763571984588896e-05,0.003947765150840435,0.0,0.0,0.9,0.0,0.0,1.3838872199317548e-16
1772531334.378841,2408,1.478433609008789,676.3915497500403,0.9040046085418114,0.0009406151314470486,7.763571984588896e-05,0.003947765150840435,0.0,0.0,0.9,0.0,0.0,1.3845525747469675e-16
1772531334.3900075,2409,0.6742477416992188,1483.1343705799152,0.8977944968831918,0.006402703264240628,7.763571984588896e-05,0.003947765150840435,0.0,0.0,0.9,0.0,0.0,1.3813488457152504e-16
1772531334.4029174,2410,0.7569789886474609,1321.0406299212598,0.9017769087318473,0.004117482143470812,7.763571984588896e-05,0.003947765150840435,0.0,0.0,0.9,2.7755575615628914e-17,2.7755575615628914e-17,1.3796066397665614e-16
1772531334.4147139,2411,0.5383491516113281,1857.5305580159434,0.8968035947022089,0.00511610217429429,7.763571984588896e-05,0.003947765150840435,0.0,0.0,0.9,2.7755575615628914e-17,2.7755575615628914e-17,1.3747247472192623e-16
1772531334.4277039,2412,0.7958412170410156,1256.532055122828,0.9006670454320905,0.004004598874529041,7.763571984588896e-05,0.003947765150840435,0.0,0.0,0.9,2.237726045655905e-16,2.237726045655905e-16,1.1747909066248988e-16
1772531334.4404356,2413,0.7417201995849609,1348.2172934747668,0.9031531370738436,0.0025563192838991998,7.763571984588896e-05,0.003947765150840435,0.0,0.0,0.9,2.237726045655905e-16,2.237726045655905e-16,1.0220664011545754e-16
1772531334.4524336,2414,0.6887912750244141,1451.8186223606785,0.8983582669840461,0.0049430177189452714,7.763571984588896e-05,0.003947765150840435,0.0,0.0,0.9,2.237726045655905e-16,2.237726045655905e-16,9.177086986297067e-17
1772531334.4652658,2415,0.7736682891845703,1292.5436055469954,0.9016412392137917,0.0033931464990014384,7.763571984588896e-05,0.003947765150840435,0.0,0.0,0.9,2.237726045655905e-16,2.237726045655905e-16,8.834014066638815e-17
1772531334.4782171,2416,0.9496212005615234,1053.0514687421542,0.9043110405954107,0.002737940652705214,7.763571984588896e-05,0.003947765150840435,0.0,0.0,0.9,2.237726045655905e-16,2.237726045655905e-16,9.250461519128659e-17
1772531334.489846,2417,0.6847381591796875,1460.4122562674095,0.897545844683439,0.006976569659387524,7.763571984588896e-05,0.003947765150840435,0.0,0.0,0.9,2.7755575615628914e-17,2.7755575615628914e-17,9.157905397134061e-17
1772531334.5021627,2418,0.5106925964355469,1958.125116713352,0.8981113256512838,0.0006268355041284241,7.763571984588896e-05,0.003947765150840435,0.0,0.0,0.9,2.237726045655905e-16,2.237726045655905e-16,1.0293393789396614e-16
1772531334.5154378,2419,0.8337497711181641,1199.4006291106664,0.9035898446240358,0.005649381355113562,7.763571984588896e-05,0.003947765150840435,0.0,0.0,0.9,2.237726045655905e-16,2.237726045655905e-16,1.188039425303393e-16
1772531334.5276444,2420,0.7457733154296875,1340.8900255754477,0.9010463241814707,0.002635400106095997,7.763571984588896e-05,0.003947765150840435,0.0,0.0,0.9,2.7755575615628914e-17,2.7755575615628914e-17,1.173676806127275e-16
1772531334.5398808,2421,0.6501674652099609,1538.065273193986,0.8995614271928317,0.0015273199867350121,7.763571984588896e-05,0.003947765150840435,0.0,0.0,0.9,2.7755575615628914e-17,2.7755575615628914e-17,1.1731342328379228e-16
1772531334.5527575,2422,0.6191730499267578,1615.0573738929534,0.9040939940243549,0.004665644447490336,7.763571984588896e-05,0.003947765150840435,0.0,0.0,0.9,2.7755575615628914e-17,2.7755575615628914e-17,1.1747450636573952e-16
1772531334.564798,2423,0.6611347198486328,1512.5510277677606,0.8984692022465358,0.005803633694073175,7.763571984588896e-05,0.003947765150840435,0.0,0.0,0.9,2.7755575615628914e-17,2.7755575615628914e-17,1.172820827101286e-16
1772531334.57718,2424,0.47850608825683594,2089.837568510214,0.8992713343063218,0.0008487162617770321,7.763571984588896e-05,0.003947765150840435,0.0,0.0,0.9,2.7755575615628914e-17,2.7755575615628914e-17,1.1729966436264911e-16
1772531334.5900397,2425,0.6890296936035156,1451.3162629757785,0.9018745439435222,0.0026865411113286284,7.763571984588896e-05,0.003947765150840435,0.0,0.0,0.9,2.7809732887839817e-17,2.7809732887839817e-17,1.173865481387969e-16
1772531334.6024644,2426,0.6580352783203125,1519.6753623188406,0.9010354599161601,0.0008709187319034228,7.763571984588896e-05,0.003947765150840435,0.0,0.0,0.9,2.7755575615628914e-17,2.7755575615628914e-17,1.1736027798800811e-16
1772531334.6152906,2427,0.7367134094238281,1357.379935275081,0.9035446866222084,0.0025764722107511516,7.763571984588896e-05,0.003947765150840435,0.0,0.0,0.9,2.7809732887839817e-17,2.7809732887839817e-17,1.1745292968866148e-16
1772531334.6276116,2428,0.7612705230712891,1313.5934857500783,0.901391881143354,0.0022343903302631894,7.763571984588896e-05,0.003947765150840435,0.0,0.0,0.9,2.7755575615628914e-17,2.7755575615628914e-17,1.173862437697579e-16
1772531334.6398294,2429,0.6368160247802734,1570.3122426057657,0.8993274715213261,0.002125161482694137,7.763571984588896e-05,0.003947765150840435,0.0,0.0,0.9,2.7755575615628914e-17,2.7755575615628914e-17,1.1731232131089085e-16
1772531334.6527398,2430,0.7197856903076172,1389.3024180192117,0.9031107645602219,0.0038983042986437217,7.763571984588896e-05,0.003947765150840435,0.0,0.0,0.9,2.7809732887839817e-17,2.7809732887839817e-17,1.1744382970068622e-16
1772531334.6651447,2431,0.7655620574951172,1306.2298349423857,0.9015917573591288,0.0015796579616508372,7.763571984588896e-05,0.003947765150840435,0.0,0.0,0.9,2.7809732887839817e-17,2.7809732887839817e-17,1.1739797095929008e-16
1772531334.677422,2432,0.6513595581054688,1535.2503660322109,0.8998306441474672,0.0018144912835113536,7.763571984588896e-05,0.003947765150840435,0.0,0.0,0.9,2.7809732887839817e-17,2.7809732887839817e-17,1.1733596809371514e-16
1772531334.689516,2433,0.5071163177490234,1971.9341795956746,0.8978789394815735,0.0019991587500887537,7.763571984588896e-05,0.003947765150840435,0.0,0.0,0.9,2.7809732887839817e-17,2.7809732887839817e-17,1.1725862472732496e-16
1772531334.7029831,2434,0.7336139678955078,1363.1147221319468,0.9056160487853715,0.007971258662087234,7.763571984588896e-05,0.003947765150840435,0.0,0.0,0.9,2.7809732887839817e-17,2.7809732887839817e-17,1.175302852774912e-16
1772531334.7148376,2435,0.5977153778076172,1673.0370961308336,0.899787739319304,0.006023613375368542,7.763571984588896e-05,0.003947765150840435,0.0,0.0,0.9,2.7755575615628914e-17,2.7755575615628914e-17,1.1733717631257466e-16
1772531334.7280753,2436,0.8292198181152344,1205.9528464634848,0.9051690922993694,0.005536558457547624,7.763571984588896e-05,0.003947765150840435,0.0,0.0,0.9,2.7809732887839817e-17,2.7809732887839817e-17,1.1753164719900517e-16
1772531334.7401254,2437,0.7688999176025391,1300.5593798449613,0.9006251065036867,0.004701043700118497,7.763571984588896e-05,0.003947765150840435,0.0,0.0,0.9,2.7755575615628914e-17,2.7755575615628914e-17,1.1738376524482925e-16
1772531334.7528691,2438,1.0328292846679688,968.2142197599261,0.9006056044055308,2.872821657658634e-05,7.763571984588896e-05,0.003947765150840435,0.0,0.0,0.9,2.7809732887839817e-17,2.7809732887839817e-17,1.1738224325362529e-16
1772531334.7654688,2439,0.7658004760742188,1305.8231631382316,0.9035667860182165,0.0030453565266434462,7.763571984588896e-05,0.003947765150840435,0.0,0.0,0.9,5.553824967135427e-17,5.553824967135427e-17,1.175979851067216e-16
1772531334.777737,2440,0.7221698760986328,1384.7157477715418,0.9012022446509486,0.0024490830580225094,7.763571984588896e-05,0.003947765150840435,0.0,0.0,0.9,2.7755575615628914e-17,2.7755575615628914e-17,1.1751286457923664e-16
1772531334.789966,2441,0.6549358367919922,1526.8671277757553,0.8990637952302231,0.002197989883214995,7.763571984588896e-05,0.003947765150840435,0.0,0.0,0.9,2.7755575615628914e-17,2.7755575615628914e-17,1.1743711095989953e-16
1772531334.802795,2442,0.7085800170898438,1411.2732166890983,0.9021501277545112,0.0031872737110997923,7.763571984588896e-05,0.003947765150840435,0.0,0.0,0.9,5.551115123125783e-17,5.551115123125783e-17,1.177940839558692e-16
1772531334.8157032,2443,1.0952949523925781,912.9960818458859,0.9022733582860571,0.00012922482049771455,7.763571984588896e-05,0.003947765150840435,0.0,0.0,0.9,5.551115123125783e-17,5.551115123125783e-17,1.1818299783980322e-16
1772531334.8278782,2444,1.0685920715332031,935.8107987505578,0.8991372779691039,0.0032301877502667977,7.763571984588896e-05,0.003947765150840435,0.0,0.0,0.9,5.551115123125783e-17,5.551115123125783e-17,1.185978306268704e-16
1772531334.8407128,2445,1.1081695556640625,902.3889845094665,0.902283443164275,0.0032483982960038976,7.763571984588896e-05,0.003947765150840435,0.0,0.0,0.9,5.551115123125783e-17,5.551115123125783e-17,1.1934178020456912e-16
1772531334.8533835,2446,1.1584758758544922,863.2031282156822,0.9034002575230058,0.0011412628003393426,7.763571984588896e-05,0.003947765150840435,0.0,0.0,0.9,5.551115123125783e-17,5.551115123125783e-17,1.2016317503709728e-16
1772531334.8649244,2447,0.6275177001953125,1593.580547112462,0.8978772884343548,0.005690892170668845,7.763571984588896e-05,0.003947765150840435,0.0,0.0,0.9,2.7755575615628914e-17,2.7755575615628914e-17,1.1992884011302202e-16
1772531334.8779538,2448,0.8192062377929688,1220.6938300349243,0.9020395846249789,0.004303160360090323,7.763571984588896e-05,0.003947765150840435,0.0,0.0,0.9,5.551115123125783e-17,5.551115123125783e-17,1.2102095642693393e-16
1772531334.8900127,2449,0.6351470947265625,1574.4384384384384,0.8989184014404971,0.003212957024707451,7.763571984588896e-05,0.003947765150840435,0.0,0.0,0.9,2.7755575615628914e-17,2.7755575615628914e-17,1.1995236068049333e-16
1772531334.9024858,2450,0.6902217864990234,1448.8096718480137,0.8987304520937869,0.00021467124769660015,7.763571984588896e-05,0.003947765150840435,0.0,0.0,0.9,5.551115123125783e-17,5.551115123125783e-17,1.2090514178573513e-16
1772531334.915381,2451,0.8106231689453125,1233.6188235294117,0.9021683656671934,0.0035513887318630753,7.763571984588896e-05,0.003947765150840435,0.0,0.0,0.9,5.551115123125783e-17,5.551115123125783e-17,1.2100742202919545e-16
1772531334.9275825,2452,0.5567073822021484,1796.2758029978586,0.9011787297893864,0.0010249611226489505,7.763571984588896e-05,0.003947765150840435,0.0,0.0,0.9,2.7755575615628914e-17,2.7755575615628914e-17,1.200100037509475e-16
1772531334.9399037,2453,0.5400180816650391,1851.7898454746137,0.8997041492910572,0.0015156650079361255,7.763571984588896e-05,0.003947765150840435,0.0,0.0,0.9,2.7755575615628914e-17,2.7755575615628914e-17,1.1996162598284359e-16
1772531334.9527538,2454,0.7715225219726562,1296.1384425216315,0.901095265760463,0.001440506071424319,7.763571984588896e-05,0.003947765150840435,0.0,0.0,0.9,2.7755575615628914e-17,2.7755575615628914e-17,1.2000100442290079e-16
1772531334.9653168,2455,0.7448196411132812,1342.606914212548,0.90192797943118,0.0008553376437230216,7.763571984588896e-05,0.003947765150840435,0.0,0.0,0.9,2.7755575615628914e-17,2.7755575615628914e-17,1.200286255461154e-16
1772531334.9773195,2456,0.6616115570068359,1511.460900900901,0.8979101513184846,0.004134972856899115,7.763571984588896e-05,0.003947765150840435,0.0,0.0,0.9,2.7755575615628914e-17,2.7755575615628914e-17,1.1990005524066953e-16
1772531334.9898658,2457,0.6182193756103516,1617.5487851908986,0.8993197793820316,0.0014782020562032364,7.763571984588896e-05,0.003947765150840435,0.0,0.0,0.9,2.7755575615628914e-17,2.7755575615628914e-17,1.199316021686432e-16
1772531335.0028863,2458,0.7970333099365234,1254.6527071492671,0.90323249409739,0.00403222770036651,7.763571984588896e-05,0.003947765150840435,0.0,0.0,0.9,2.7755575615628914e-17,2.7755575615628914e-17,1.2005260311825176e-16
1772531335.014616,2459,0.5590915679931641,1788.615778251599,0.8977675930746719,0.005631986928189205,7.763571984588896e-05,0.003947765150840435,0.0,0.0,0.9,2.7755575615628914e-17,2.7755575615628914e-17,1.1988254017992312e-16
1772531335.027858,2460,0.7894039154052734,1266.778616732105,0.903322351053934,0.005731043778137382,7.763571984588896e-05,0.003947765150840435,0.0,0.0,0.9,2.7755575615628914e-17,2.7755575615628914e-17,1.2005056653427524e-16
1772531335.0399337,2461,0.6921291351318359,1444.817085773338,0.8998255455997359,0.003611237417748285,7.763571984588896e-05,0.003947765150840435,0.0,0.0,0.9,2.7755575615628914e-17,2.7755575615628914e-17,1.1994599227982075e-16
1772531335.0524178,2462,0.6628036499023438,1508.7424460431655,0.9003436222689774,0.000541866252851194,7.763571984588896e-05,0.003947765150840435,0.0,0.0,0.9,2.7755575615628914e-17,2.7755575615628914e-17,1.1995765828497834e-16
1772531335.0654948,2463,0.7748603820800781,1290.555076923077,0.9050618813919412,0.004850617736985817,7.763571984588896e-05,0.003947765150840435,0.0,0.0,0.9,2.7755575615628914e-17,2.7755575615628914e-17,1.201109492771373e-16
1772531335.0776277,2464,0.7295608520507812,1370.6875816993463,0.9012678593780618,0.003931809334685399,7.763571984588896e-05,0.003947765150840435,0.0,0.0,0.9,2.7755575615628914e-17,2.7755575615628914e-17,1.200049724338866e-16
1772531335.089695,2465,0.5886554718017578,1698.7865532604294,0.8980710362958212,0.0032879181032299796,7.763571984588896e-05,0.003947765150840435,0.0,0.0,0.9,2.7755575615628914e-17,2.7755575615628914e-17,1.1990119259246936e-16
1772531335.1027448,2466,0.7419586181640625,1347.784061696658,0.9025913214091922,0.0046659321898765566,7.763571984588896e-05,0.003947765150840435,0.0,0.0,0.9,2.7755575615628914e-17,2.7755575615628914e-17,1.2003694875335767e-16
1772531335.115183,2467,0.7576942443847656,1319.7935808684708,0.9020529107616496,0.0005714258779515251,7.763571984588896e-05,0.003947765150840435,0.0,0.0,0.9,2.7755575615628914e-17,2.7755575615628914e-17,1.2002697022970175e-16
1772531335.1274424,2468,0.7269382476806641,1375.6326664480157,0.8994204063215084,0.0027132856161074816,7.763571984588896e-05,0.003947765150840435,0.0,0.0,0.9,2.7755575615628914e-17,2.7755575615628914e-17,1.1994529032608395e-16
1772531335.1396096,2469,0.4894733428955078,2043.01217730151,0.8985468692194308,0.0008909208074782662,7.763571984588896e-05,0.003947765150840435,0.0,0.0,0.9,2.7755575615628914e-17,2.7755575615628914e-17,1.1990925314055377e-16
1772531335.1522272,2470,0.5767345428466797,1733.8999586606035,0.8997597385448602,0.0012682652399664317,7.763571984588896e-05,0.003947765150840435,0.0,0.0,0.9,2.7755575615628914e-17,2.7755575615628914e-17,1.1993770187173276e-16
1772531335.1654763,2471,0.7815361022949219,1279.5314215985356,0.9054884491348762,0.005893207964979309,7.763571984588896e-05,0.003947765150840435,0.0,0.0,0.9,2.7755575615628914e-17,2.7755575615628914e-17,1.2012148904755367e-16
1772531335.1773367,2472,0.5974769592285156,1673.7047086991222,0.8999449320906217,0.005730644677623215,7.763571984588896e-05,0.003947765150840435,0.0,0.0,0.9,2.7755575615628914e-17,2.7755575615628914e-17,1.199595333988386e-16
1772531335.1895144,2473,0.5133152008056641,1948.1207617278217,0.898051871564505,0.0019396699617920115,7.763571984588896e-05,0.003947765150840435,0.0,0.0,0.9,2.7755575615628914e-17,2.7755575615628914e-17,1.1989246068114457e-16
1772531335.2027647,2474,0.7584095001220703,1318.5488839987424,0.9037878730521509,0.005914637660648961,7.763571984588896e-05,0.003947765150840435,0.0,0.0,0.9,2.7755575615628914e-17,2.7755575615628914e-17,1.2006820461346215e-16
1772531335.2153664,2475,0.7562637329101562,1322.2900378310214,0.9039816468566491,0.0002345987873196531,7.763571984588896e-05,0.003947765150840435,0.0,0.0,0.9,2.7755575615628914e-17,2.7755575615628914e-17,1.2008820869372148e-16
1772531335.2272048,2476,0.6687641143798828,1495.2955436720142,0.8980211299693539,0.006147024338274138,7.763571984588896e-05,0.003947765150840435,0.0,0.0,0.9,2.7755575615628914e-17,2.7755575615628914e-17,1.1990569991158732e-16
1772531335.2395537,2477,0.5366802215576172,1863.3069746779208,0.8983077351695873,0.0003479917461140222,7.763571984588896e-05,0.003947765150840435,0.0,0.0,0.9,2.7755575615628914e-17,2.7755575615628914e-17,1.1990138523886004e-16
1772531335.2527533,2478,0.7171630859375,1394.3829787234042,0.9040439683931056,0.005913043008603534,7.763571984588896e-05,0.003947765150840435,0.0,0.0,0.9,2.7755575615628914e-17,2.7755575615628914e-17,1.200783026013923e-16
1772531335.2650447,2479,0.6554126739501953,1525.7562750090942,0.9020020559717058,0.002124482075049934,7.763571984588896e-05,0.003947765150840435,0.0,0.0,0.9,2.7755575615628914e-17,2.7755575615628914e-17,1.200253045840608e-16
1772531335.277024,2480,0.47707557678222656,2096.103948025987,0.8982635036504335,0.00384914854323205,7.763571984588896e-05,0.003947765150840435,0.0,0.0,0.9,2.7755575615628914e-17,2.7755575615628914e-17,1.1990684759227541e-16
1772531335.2908747,2481,1.1420249938964844,875.6375782881003,0.9061168161591524,0.008087370754289941,7.763571984588896e-05,0.003947765150840435,0.0,0.0,0.9,2.7755575615628914e-17,2.7755575615628914e-17,1.2015410238080355e-16
1772531335.3028073,2482,1.0318756103515625,969.1090573012939,0.9001675239906157,0.006151809776158586,7.763571984588896e-05,0.003947765150840435,0.0,0.0,0.9,2.7755575615628914e-17,2.7755575615628914e-17,1.1998152028120993e-16
1772531335.314949,2483,0.6761550903320312,1478.950634696756,0.9009483229004424,0.0008089512685058621,7.763571984588896e-05,0.003947765150840435,0.0,0.0,0.9,2.7755575615628914e-17,2.7755575615628914e-17,1.2000372656609084e-16
1772531335.328004,2484,0.7982254028320312,1252.778972520908,0.904442470490907,0.0035900364243121184,7.763571984588896e-05,0.003947765150840435,0.0,0.0,0.9,2.7755575615628914e-17,2.7755575615628914e-17,1.2011956927449377e-16
1772531335.3397207,2485,0.49805641174316406,2007.8046912398277,0.8985914828671332,0.006036844037265626,7.763571984588896e-05,0.003947765150840435,0.0,0.0,0.9,2.7755575615628914e-17,2.7755575615628914e-17,1.1994238535945361e-16
1772531335.3523183,2486,0.5092620849609375,1963.625468164794,0.9000626205188055,0.0015341030917546865,7.763571984588896e-05,0.003947765150840435,0.0,0.0,0.9,2.7755575615628914e-17,2.7755575615628914e-17,1.1997965562054362e-16
1772531335.365253,2487,0.7700920104980469,1298.5461300309598,0.9022095408322931,0.002213590601188716,7.763571984588896e-05,0.003947765150840435,0.0,0.0,0.9,2.7755575615628914e-17,2.7755575615628914e-17,1.200461130255525e-16
1772531335.3772411,2488,0.5247592926025391,1905.6356201726487,0.8991759509363096,0.0031249566094674404,7.763571984588896e-05,0.003947765150840435,0.0,0.0,0.9,2.7755575615628914e-17,2.7755575615628914e-17,1.1995133399194853e-16
1772531335.3897681,2489,0.6022453308105469,1660.4528899445763,0.8991121545767585,0.0001143294155510793,7.763571984588896e-05,0.003947765150840435,0.0,0.0,0.9,2.7755575615628914e-17,2.7755575615628914e-17,1.1994032966304154e-16
1772531335.402809,2490,0.7641315460205078,1308.6751950078003,0.9032539038842834,0.0042701425915577605,7.763571984588896e-05,0.003947765150840435,0.0,0.0,0.9,2.7755575615628914e-17,2.7755575615628914e-17,1.2006799235000373e-16
1772531335.414539,2491,0.5230903625488281,1911.7155879671832,0.897632844784332,0.00579155395790144,7.763571984588896e-05,0.003947765150840435,0.0,0.0,0.9,2.7755575615628914e-17,2.7755575615628914e-17,1.1989262038834127e-16
1772531335.427313,2492,0.5013942718505859,1994.4384213029007,0.9011624287579723,0.003654544847745311,7.763571984588896e-05,0.003947765150840435,0.0,0.0,0.9,2.7755575615628914e-17,2.7755575615628914e-17,1.1999283773360822e-16
1772531335.440355,2493,0.7519721984863281,1329.8363982244769,0.9041879443742844,0.003107370490287597,7.763571984588896e-05,0.003947765150840435,0.0,0.0,0.9,2.7755575615628914e-17,2.7755575615628914e-17,1.2009351575155393e-16
1772531335.4522624,2494,0.4858970642089844,2058.0490677134444,0.9002653823850112,0.004054460608237868,7.763571984588896e-05,0.003947765150840435,0.0,0.0,0.9,2.7755575615628914e-17,2.7755575615628914e-17,1.1997869814961657e-16
1772531335.465013,2495,0.4858970642089844,2058.0490677134444,0.9026396193678683,0.0024446923550276002,7.763571984588896e-05,0.003947765150840435,0.0,0.0,0.9,2.7755575615628914e-17,2.7755575615628914e-17,1.2005380817870385e-16
1772531335.477819,2496,0.7698535919189453,1298.9482812016104,0.9026553011710033,8.35853141993251e-05,7.763571984588896e-05,0.003947765150840435,0.0,0.0,0.9,2.7755575615628914e-17,2.7755575615628914e-17,1.2006220002035717e-16
1772531335.489711,2497,0.6010532379150391,1663.7461324871083,0.8979580289835608,0.00483835441829678,7.763571984588896e-05,0.003947765150840435,0.0,0.0,0.9,2.7755575615628914e-17,2.7755575615628914e-17,1.1991484063948186e-16
1772531335.5025518,2498,0.5934238433837891,1685.136199276818,0.9020899858814737,0.004269731252974303,7.763571984588896e-05,0.003947765150840435,0.0,0.0,0.9,2.7755575615628914e-17,2.7755575615628914e-17,1.2003692296859096e-16
1772531335.5153074,2499,0.7734298706054688,1292.9420468557337,0.9026462346795402,0.0005669874672104979,7.763571984588896e-05,0.003947765150840435,0.0,0.0,0.9,2.7755575615628914e-17,2.7755575615628914e-17,1.2006042111990002e-16
1772531335.5272574,2500,0.6425380706787109,1556.3280148423005,0.8980922989502356,0.004690771362279697,7.763571984588896e-05,0.003947765150840435,0.0,0.0,0.9,2.7755575615628914e-17,2.7755575615628914e-17,1.1991760292143535e-16
1772531335.539879,2501,0.6134510040283203,1630.1220365332297,0.9002795842604168,0.002273065446492971,7.763571984588896e-05,0.003947765150840435,0.0,0.0,0.9,2.7755575615628914e-17,2.7755575615628914e-17,1.1997586072147634e-16
1772531335.552823,2502,0.7741451263427734,1291.7474591931013,0.9033691375785281,0.003179744169915725,7.763571984588896e-05,0.003947765150840435,0.0,0.0,0.9,2.7755575615628914e-17,2.7755575615628914e-17,1.2007443661567153e-16
1772531335.5647035,2503,0.48232078552246094,2073.308947108255,0.8990995712222426,0.004404012903879302,7.763571984588896e-05,0.003947765150840435,0.0,0.0,0.9,2.7755575615628914e-17,2.7755575615628914e-17,1.1994426383088085e-16
1772531335.577669,2504,0.6129741668701172,1631.3901205756515,0.9030970605436541,0.004121583477845945,7.763571984588896e-05,0.003947765150840435,0.0,0.0,0.9,2.7755575615628914e-17,2.7755575615628914e-17,1.200673562950847e-16
1772531335.5903137,2505,0.7846355438232422,1274.4770586447887,0.902352201555379,0.000786162274237115,7.763571984588896e-05,0.003947765150840435,0.0,0.0,0.9,2.7755575615628914e-17,2.7755575615628914e-17,1.2005257257600022e-16
1772531335.6021764,2506,0.6401538848876953,1562.1243947858472,0.8972954325654082,0.00520563148569346,7.763571984588896e-05,0.003947765150840435,0.0,0.0,0.9,2.7755575615628914e-17,2.7755575615628914e-17,1.198918892926431e-16
1772531335.6152468,2507,0.7290840148925781,1371.5840418574232,0.9027158266086482,0.005598525644622396,7.763571984588896e-05,0.003947765150840435,0.0,0.0,0.9,2.7755575615628914e-17,2.7755575615628914e-17,1.2005328166509516e-16
1772531335.627812,2508,0.7882118225097656,1268.6944948578343,0.9022640198066346,0.00048299526508517967,7.763571984588896e-05,0.003947765150840435,0.0,0.0,0.9,2.7755575615628914e-17,2.7755575615628914e-17,1.2004629657694254e-16
1772531335.639823,2509,0.6375312805175781,1568.5504861630516,0.8987438999237108,0.0036258032249578093,7.763571984588896e-05,0.003947765150840435,0.0,0.0,0.9,2.7755575615628914e-17,2.7755575615628914e-17,1.1993582526182002e-16
1772531335.6528156,2510,0.7724761962890625,1294.5382716049382,0.9029430558445938,0.004331726709204907,7.763571984588896e-05,0.003947765150840435,0.0,0.0,0.9,2.7755575615628914e-17,2.7755575615628914e-17,1.2006387792808892e-16
1772531335.665711,2511,1.1475086212158203,871.4531477249117,0.9028531718168298,0.00014352506686671456,7.763571984588896e-05,0.003947765150840435,0.0,0.0,0.9,2.7755575615628914e-17,2.7755575615628914e-17,1.2007006144376934e-16
1772531335.6777117,2512,0.9655952453613281,1035.6306172839506,0.8990183223195964,0.003953505587119245,7.763571984588896e-05,0.003947765150840435,0.0,0.0,0.9,2.7755575615628914e-17,2.7755575615628914e-17,1.1995196403976771e-16
1772531335.690187,2513,0.6961822509765625,1436.4054794520548,0.9014807574542798,0.0025462562018814068,7.763571984588896e-05,0.003947765150840435,0.0,0.0,0.9,2.7755575615628914e-17,2.7755575615628914e-17,1.200239010056244e-16
1772531335.7027402,2514,0.7050037384033203,1418.432194792019,0.9020068642778428,0.0005381571620998728,7.763571984588896e-05,0.003947765150840435,0.0,0.0,0.9,2.7755575615628914e-17,2.7755575615628914e-17,1.2004345500209496e-16
1772531335.7148635,2515,0.6210803985595703,1610.0975047984646,0.8986620852975383,0.003443558313306285,7.763571984588896e-05,0.003947765150840435,0.0,0.0,0.9,2.7755575615628914e-17,2.7755575615628914e-17,1.1993749471928487e-16
1772531335.7277484,2516,0.7543563842773438,1325.6333754740836,0.9017229266761618,0.003163927166139752,7.763571984588896e-05,0.003947765150840435,0.0,0.0,0.9,2.7755575615628914e-17,2.7755575615628914e-17,1.2002735756403113e-16
1772531335.7400293,2517,0.759124755859375,1317.3065326633166,0.8995811547757895,0.0022053388677885336,7.763571984588896e-05,0.003947765150840435,0.0,0.0,0.9,2.7755575615628914e-17,2.7755575615628914e-17,1.199596881891794e-16
1772531335.7524002,2518,0.6194114685058594,1614.4357197844495,0.8996894468958606,0.00014338813521515753,7.763571984588896e-05,0.003947765150840435,0.0,0.0,0.9,2.7755575615628914e-17,2.7755575615628914e-17,1.1995625263548527e-16
1772531335.7653432,2519,0.7736682891845703,1292.5436055469954,0.903051623819665,0.0034642430164003152,7.763571984588896e-05,0.003947765150840435,0.0,0.0,0.9,2.237726045655905e-16,2.237726045655905e-16,1.0526494949118642e-16
1772531335.7776723,2520,0.6759166717529297,1479.4723104056438,0.9017662108890272,0.0013383182684658383,7.763571984588896e-05,0.003947765150840435,0.0,0.0,0.9,2.7755575615628914e-17,2.7755575615628914e-17,1.0608783356793835e-16
1772531335.7902179,2521,0.9951591491699219,1004.8643986583613,0.8994128215022071,0.0024235762848076256,7.763571984588896e-05,0.003947765150840435,0.0,0.0,0.9,2.7755575615628914e-17,2.7755575615628914e-17,1.0603366523513487e-16
1772531335.8027418,2522,0.9894371032714844,1010.6756626506024,0.899942200333964,0.0005607760804510041,7.763571984588896e-05,0.003947765150840435,0.0,0.0,0.9,2.220446049250313e-16,2.220446049250313e-16,9.569802365481118e-17
1772531335.815353,2523,0.7760524749755859,1288.5726574500768,0.9031921140746569,0.0033466042737919817,7.763571984588896e-05,0.003947765150840435,0.0,0.0,0.9,2.220513810852149e-16,2.220513810852149e-16,9.299729202178334e-17
1772531335.8272552,2524,0.61798095703125,1618.1728395061727,0.898278924663498,0.005064443292190255,7.763571984588896e-05,0.003947765150840435,0.0,0.0,0.9,0.0,0.0,9.15845294287306e-17
1772531335.8403227,2525,0.7448196411132812,1342.606914212548,0.9031564727648658,0.005031792514336578,7.763571984588896e-05,0.003947765150840435,0.0,0.0,0.9,2.220513810852149e-16,2.220513810852149e-16,9.63213741022138e-17
1772531335.8521705,2526,0.6146430969238281,1626.9604344453064,0.897714030245102,0.005608143884966171,7.763571984588896e-05,0.003947765150840435,0.0,0.0,0.9,0.0,0.0,9.455426562675064e-17
1772531335.8645115,2527,0.4901885986328125,2040.0311284046693,0.8979392067700032,0.00030288788090857113,7.763571984588896e-05,0.003947765150840435,0.0,0.0,0.9,1.734723475976807e-18,1.734723475976807e-18,9.37199481172409e-17
1772531335.877842,2528,0.8032321929931641,1244.9700207776789,0.9040790477512661,0.006330587178540786,7.763571984588896e-05,0.003947765150840435,0.0,0.0,0.9,2.220513810852149e-16,2.220513810852149e-16,1.0560080255534226e-16
1772531335.8898816,2529,0.6494522094726562,1539.7591776798824,0.9002331598159456,0.003975817578268902,7.763571984588896e-05,0.003947765150840435,0.0,0.0,0.9,0.0,0.0,1.0382218027510275e-16
1772531335.9024384,2530,0.48065185546875,2080.5079365079364,0.9023800149144389,0.002210384019655501,7.763571984588896e-05,0.003947765150840435,0.0,0.0,0.9,1.734723475976807e-18,1.734723475976807e-18,1.0343288806220745e-16
1772531335.9148588,2531,0.5626678466796875,1777.2474576271186,0.9008968210983205,0.0015360009035422818,7.763571984588896e-05,0.003947765150840435,0.0,0.0,0.9,1.734723475976807e-18,1.734723475976807e-18,1.0339408526499886e-16
1772531335.9272125,2532,0.5474090576171875,1826.787456445993,0.8995015652758223,0.0014338582880369629,7.763571984588896e-05,0.003947765150840435,0.0,0.0,0.9,0.0,0.0,1.0335121715424872e-16
1772531335.9398746,2533,0.5962848663330078,1677.0507796881247,0.901224199844737,0.0017806906971317372,7.763571984588896e-05,0.003947765150840435,0.0,0.0,0.9,1.734723475976807e-18,1.734723475976807e-18,1.0339833982241333e-16
1772531335.9528546,2534,0.7588863372802734,1317.7203895695884,0.904279946708934,0.0031369286547743274,7.763571984588896e-05,0.003947765150840435,0.0,0.0,0.9,1.734723475976807e-18,1.734723475976807e-18,1.0349424236859731e-16
1772531335.9647608,2535,0.5137920379638672,1946.3127610208817,0.8999678882304941,0.004456403863947387,7.763571984588896e-05,0.003947765150840435,0.0,0.0,0.9,0.0,0.0,1.0337661150791701e-16
1772531335.9775946,2536,0.5617141723632812,1780.264855687606,0.9031536667169757,0.0032796876676648608,7.763571984588896e-05,0.003947765150840435,0.0,0.0,0.9,1.734723475976807e-18,1.734723475976807e-18,1.0347146073679802e-16
1772531335.990351,2537,0.766754150390625,1304.1990049751244,0.9030999713506984,0.00013567370905220437,7.763571984588896e-05,0.003947765150840435,0.0,0.0,0.9,0.0,0.0,1.0347949788423071e-16
1772531336.0023572,2538,0.6253719329833984,1599.0484178421655,0.8990522217320408,0.004174870677240305,7.763571984588896e-05,0.003947765150840435,0.0,0.0,0.9,0.0,0.0,1.033649576420003e-16
1772531336.0152125,2539,0.6971359252929688,1434.4404924760602,0.9023488010156017,0.0034017997982621617,7.763571984588896e-05,0.003947765150840435,0.0,0.0,0.9,0.0,0.0,1.0345775134489655e-16
1772531336.0276656,2540,0.537872314453125,1859.177304964539,0.9025543534545963,0.0002132216802818589,7.763571984588896e-05,0.003947765150840435,0.0,0.0,0.9,0.0,0.0,1.0347008640371998e-16
1772531336.0399466,2541,0.6518363952636719,1534.1272860277982,0.8995033957555388,0.003145837957566246,7.763571984588896e-05,0.003947765150840435,0.0,0.0,0.9,0.0,0.0,1.0338342721605194e-16
1772531336.052923,2542,0.7627010345458984,1311.1297280400124,0.9030961492437252,0.003702910693208449,7.763571984588896e-05,0.003947765150840435,0.0,0.0,0.9,0.0,0.0,1.0348711776427147e-16
1772531336.0649216,2543,0.7188320159912109,1391.1456053067993,0.8980739794590662,0.0051748189362067305,7.763571984588896e-05,0.003947765150840435,0.0,0.0,0.9,0.0,0.0,1.0334226103697601e-16
1772531336.077086,2544,0.5133152008056641,1948.1207617278217,0.8975483561215588,0.0005434776590026749,7.763571984588896e-05,0.003947765150840435,0.0,0.0,0.9,0.0,0.0,1.0331336104246559e-16
1772531336.0899026,2545,0.6632804870605469,1507.6578001437815,0.900153004988263,0.002707210624965967,7.763571984588896e-05,0.003947765150840435,0.0,0.0,0.9,0.0,0.0,1.0337755145829587e-16
1772531336.1026864,2546,0.7338523864746094,1362.6718648473034,0.9024346969917604,0.0023511591902630274,7.763571984588896e-05,0.003947765150840435,0.0,0.0,0.9,0.0,0.0,1.0344328253820178e-16
1772531336.1144958,2547,0.5285739898681641,1891.8827244023455,0.897406078054956,0.0051772082403208994,7.763571984588896e-05,0.003947765150840435,0.0,0.0,0.9,0.0,0.0,1.0329545547097045e-16
1772531336.1276648,2548,0.6968975067138672,1434.9312350325008,0.9031733514913172,0.0059533013569199825,7.763571984588896e-05,0.003947765150840435,0.0,0.0,0.9,0.0,0.0,1.0345596133884352e-16
1772531336.140042,2549,0.6632804870605469,1507.6578001437815,0.9018835070466252,0.0013446653022348497,7.763571984588896e-05,0.003947765150840435,0.0,0.0,0.9,0.0,0.0,1.0342570675514027e-16
1772531336.1523323,2550,0.6325244903564453,1580.966453071994,0.9000879630678736,0.0018518036955577845,7.763571984588896e-05,0.003947765150840435,0.0,0.0,0.9,0.0,0.0,1.0337459672200122e-16
1772531336.1652732,2551,0.7388591766357422,1353.4378831881252,0.9034787580185492,0.0034896841886052857,7.763571984588896e-05,0.003947765150840435,0.0,0.0,0.9,0.0,0.0,1.0347461949093228e-16
1772531336.1782472,2552,1.1301040649414062,884.8742616033755,0.9041265534346441,0.000661880779478797,7.763571984588896e-05,0.003947765150840435,0.0,0.0,0.9,0.0,0.0,1.0350555127629954e-16
1772531336.1900327,2553,0.9205341339111328,1086.3258223258224,0.8983031571261526,0.006006951085699428,7.763571984588896e-05,0.003947765150840435,0.0,0.0,0.9,0.0,0.0,1.0334098137294518e-16
1772531336.2031057,2554,1.0085105895996094,991.5612293144208,0.9037064351020265,0.00557139904482116,7.763571984588896e-05,0.003947765150840435,0.0,0.0,0.9,0.0,0.0,1.0349507673040186e-16
1772531336.215168,2555,0.9534358978271484,1048.8382095523882,0.8992219935692588,0.004627736946840973,7.763571984588896e-05,0.003947765150840435,0.0,0.0,0.9,0.0,0.0,1.0336949475336151e-16
1772531336.227871,2556,1.0292530059814453,971.5784109335186,0.9008894260745344,0.0017280781640163535,7.763571984588896e-05,0.003947765150840435,0.0,0.0,0.9,0.0,0.0,1.0341289393965103e-16
1772531336.2406106,2557,0.7870197296142578,1270.616176916086,0.9048905872983866,0.004111369845297244,7.763571984588896e-05,0.003947765150840435,0.0,0.0,0.9,0.0,0.0,1.0353530744248471e-16
1772531336.2528875,2558,1.0004043579101562,999.5958055290753,0.8999954809861439,0.005058550694522255,7.763571984588896e-05,0.003947765150840435,0.0,0.0,0.9,0.0,0.0,1.0340200921689248e-16
1772531336.2654371,2559,0.8783340454101562,1138.5190010857764,0.9016018024533403,0.001658783055303695,7.763571984588896e-05,0.003947765150840435,0.0,0.0,0.9,0.0,0.0,1.0344692197576068e-16
1772531336.2783422,2560,1.1444091796875,873.8133333333334,0.9032552323663456,0.0016954705035477087,7.763571984588896e-05,0.003947765150840435,0.0,0.0,0.9,0.0,0.0,1.0350027390641003e-16
1772531336.2901094,2561,0.8592605590820312,1163.7913429522753,0.8980698701520916,0.005343464395415164,7.763571984588896e-05,0.003947765150840435,0.0,0.0,0.9,0.0,0.0,1.033510046488628e-16
1772531336.3031735,2562,0.9889602661132812,1011.1629701060752,0.9027240886641771,0.00480590889964155,7.763571984588896e-05,0.003947765150840435,0.0,0.0,0.9,0.0,0.0,1.034806810662738e-16
1772531336.3156278,2563,1.111745834350586,899.4861677031954,0.9008483036234591,0.0019391876012407393,7.763571984588896e-05,0.003947765150840435,0.0,0.0,0.9,0.0,0.0,1.0343028266257632e-16
1772531336.3276384,2564,0.9310245513916016,1074.0855313700383,0.8975336149411838,0.0034042866720989506,7.763571984588896e-05,0.003947765150840435,0.0,0.0,0.9,0.0,0.0,1.0332785212151292e-16
1772531336.3398278,2565,0.7150173187255859,1398.5675225075024,0.8973939381154841,0.00022387172424175684,7.763571984588896e-05,0.003947765150840435,0.0,0.0,0.9,0.0,0.0,1.0330810641302822e-16
1772531336.3526256,2566,0.7274150848388672,1374.7309078990495,0.9007694853136498,0.00349973268566439,7.763571984588896e-05,0.003947765150840435,0.0,0.0,0.9,0.0,0.0,1.0339494217745992e-16
1772531336.3649833,2567,0.5650520324707031,1769.748523206751,0.901176770599701,0.0004211626248268771,7.763571984588896e-05,0.003947765150840435,0.0,0.0,0.9,0.0,0.0,1.034057780660882e-16
1772531336.3779006,2568,0.7448196411132812,1342.606914212548,0.9033412941999518,0.0022229054728574098,7.763571984588896e-05,0.003947765150840435,0.0,0.0,0.9,0.0,0.0,1.0347249361426808e-16
1772531336.3903031,2569,0.8170604705810547,1223.8996206594688,0.9016901256402031,0.001716257356717997,7.763571984588896e-05,0.003947765150840435,0.0,0.0,0.9,0.0,0.0,1.0343185369202884e-16
1772531336.4024382,2570,0.6096363067626953,1640.3222526398122,0.8994924175888306,0.0022632285221186803,7.763571984588896e-05,0.003947765150840435,0.0,0.0,0.9,0.0,0.0,1.0336752707346375e-16
1772531336.415515,2571,0.7770061492919922,1286.9911015648972,0.903743262761296,0.004378052390922548,7.763571984588896e-05,0.003947765150840435,0.0,0.0,0.9,0.0,0.0,1.0349124928890237e-16
1772531336.4279776,2572,0.8981227874755859,1113.4335014600479,0.9017188402367404,0.002103138992976703,7.763571984588896e-05,0.003947765150840435,0.0,0.0,0.9,0.0,0.0,1.0344110842572496e-16
1772531336.4398077,2573,0.5924701690673828,1687.8486921529175,0.8977917894574755,0.004040610516336191,7.763571984588896e-05,0.003947765150840435,0.0,0.0,0.9,0.0,0.0,1.0332417795564705e-16
1772531336.4526255,2574,0.7355213165283203,1359.5799027552673,0.9004482204172705,0.00275646802221809,7.763571984588896e-05,0.003947765150840435,0.0,0.0,0.9,0.0,0.0,1.0339144641076733e-16
1772531336.4649885,2575,0.7281303405761719,1373.3804846103471,0.8996314565245045,0.0008360546462531916,7.763571984588896e-05,0.003947765150840435,0.0,0.0,0.9,0.0,0.0,1.033639346049241e-16
1772531336.4771721,2576,0.5314350128173828,1881.697622252131,0.8984394357251796,0.001217880841010322,7.763571984588896e-05,0.003947765150840435,0.0,0.0,0.9,0.0,0.0,1.0332147201361492e-16
1772531336.4903803,2577,0.7560253143310547,1322.707032481867,0.9039487021151804,0.005678851029115362,7.763571984588896e-05,0.003947765150840435,0.0,0.0,0.9,0.0,0.0,1.0347884445759553e-16
1772531336.5021415,2578,0.5514621734619141,1813.3610030263726,0.8979915642335763,0.006143263372036387,7.763571984588896e-05,0.003947765150840435,0.0,0.0,0.9,0.0,0.0,1.0330936064370321e-16
1772531336.5146728,2579,0.5688667297363281,1757.880972338642,0.8991370783315328,0.0012057721305016155,7.763571984588896e-05,0.003947765150840435,0.0,0.0,0.9,0.0,0.0,1.0333137683975153e-16
1772531336.5272796,2580,0.7193088531494141,1390.223400729201,0.8994170537176884,0.0003115823281676476,7.763571984588896e-05,0.003947765150840435,0.0,0.0,0.9,0.0,0.0,1.0333187538938258e-16
1772531336.539711,2581,0.6036758422851562,1656.518167456556,0.9002932060339577,0.0009124832919402847,7.763571984588896e-05,0.003947765150840435,0.0,0.0,0.9,0.0,0.0,1.033518294032018e-16
1772531336.552665,2582,0.6172657012939453,1620.0478949401313,0.9049129933400812,0.004749350666378151,7.763571984588896e-05,0.003947765150840435,0.0,0.0,0.9,0.0,0.0,1.0349045677919717e-16
1772531336.5648344,2583,0.5359649658203125,1865.7935943060497,0.9018050527144497,0.003227883958037437,7.763571984588896e-05,0.003947765150840435,0.0,0.0,0.9,0.0,0.0,1.0341266965532172e-16
1772531336.577292,2584,0.5004405975341797,1998.2391615054787,0.901385299306592,0.0004422666520348698,7.763571984588896e-05,0.003947765150840435,0.0,0.0,0.9,0.0,0.0,1.0340397625148342e-16
1772531336.5897837,2585,0.7081031799316406,1412.223569023569,0.8998448402816154,0.001587407171065597,7.763571984588896e-05,0.003947765150840435,0.0,0.0,0.9,0.0,0.0,1.033591822888202e-16
1772531336.6025004,2586,0.7669925689697266,1303.7935965184954,0.9011719732066398,0.0013707641695657555,7.763571984588896e-05,0.003947765150840435,0.0,0.0,0.9,0.0,0.0,1.0339533997832596e-16
1772531336.6148405,2587,0.5700588226318359,1754.2049351735675,0.9017570305132061,0.0005990519162873795,7.763571984588896e-05,0.003947765150840435,0.0,0.0,0.9,0.0,0.0,1.0341452868597558e-16
1772531336.6280293,2588,0.8451938629150391,1183.1605077574047,0.9055584751444015,0.0038989088437123382,7.763571984588896e-05,0.003947765150840435,0.0,0.0,0.9,0.0,0.0,1.0353516457901119e-16
1772531336.6402946,2589,0.67901611328125,1472.7191011235955,0.9039018585215093,0.0017504800891391737,7.763571984588896e-05,0.003947765150840435,0.0,0.0,0.9,0.0,0.0,1.0350486606481175e-16
1772531336.652456,2590,0.6406307220458984,1560.9616672869372,0.8999287309446017,0.004105134062383511,7.763571984588896e-05,0.003947765150840435,0.0,0.0,0.9,0.0,0.0,1.0339632589292089e-16
1772531336.6655295,2591,0.8270740509033203,1209.0815797059672,0.903993710876493,0.00418354531645444,7.763571984588896e-05,0.003947765150840435,0.0,0.0,0.9,0.0,0.0,1.0351704415805209e-16
1772531336.677896,2592,0.9071826934814453,1102.3137976346911,0.9014673956727147,0.0026196113445122473,7.763571984588896e-05,0.003947765150840435,0.0,0.0,0.9,0.0,0.0,1.0345287449206154e-16
1772531336.689956,2593,0.6058216094970703,1650.650924832743,0.8992086127060759,0.0023236597552729167,7.763571984588896e-05,0.003947765150840435,0.0,0.0,0.9,0.0,0.0,1.0338591735848917e-16
1772531336.7025232,2594,0.5908012390136719,1692.6166263115415,0.8999167102379186,0.0007479879147011222,7.763571984588896e-05,0.003947765150840435,0.0,0.0,0.9,0.0,0.0,1.0339980416962819e-16
1772531336.7145705,2595,0.47969818115234375,2084.6441351888666,0.8971745101204797,0.0028106124042360796,7.763571984588896e-05,0.003947765150840435,0.0,0.0,0.9,0.0,0.0,1.0331102241286602e-16
1772531336.7272723,2596,0.5965232849121094,1676.3804956035171,0.8990409878929314,0.0019565997652719173,7.763571984588896e-05,0.003947765150840435,0.0,0.0,0.9,0.0,0.0,1.0335098319457901e-16
1772531336.7396092,2597,0.5733966827392578,1743.9933471933473,0.8983957608220622,0.0006582899748736883,7.763571984588896e-05,0.003947765150840435,0.0,0.0,0.9,0.0,0.0,1.0332218977657919e-16
1772531336.7521791,2598,0.5712509155273438,1750.5442404006678,0.8996228756228648,0.0012870820604785455,7.763571984588896e-05,0.003947765150840435,0.0,0.0,0.9,0.0,0.0,1.03347760689993e-16
1772531336.765089,2599,0.6470680236816406,1545.4325718496684,0.9034665226321195,0.003959352624829039,7.763571984588896e-05,0.003947765150840435,0.0,0.0,0.9,0.0,0.0,1.0345890249193135e-16
1772531336.7774656,2600,0.6301403045654297,1586.948164964056,0.9017042793476551,0.0018315387198143442,7.763571984588896e-05,0.003947765150840435,0.0,0.0,0.9,0.0,0.0,1.0341536208897603e-16
1772531336.7898114,2601,0.6268024444580078,1595.3990110308102,0.9002998278490989,0.0014486751022543508,7.763571984588896e-05,0.003947765150840435,0.0,0.0,0.9,0.0,0.0,1.0337540991487715e-16
1772531336.8027465,2602,0.7078647613525391,1412.6992253283934,0.9040570495521977,0.0038643692517651446,7.763571984588896e-05,0.003947765150840435,0.0,0.0,0.9,0.0,0.0,1.034875993191166e-16
1772531336.8152738,2603,0.6527900695800781,1531.8860482103726,0.9036442357032954,0.00047423874944045385,7.763571984588896e-05,0.003947765150840435,0.0,0.0,0.9,0.0,0.0,1.0348849391064935e-16
1772531336.8273177,2604,0.6403923034667969,1561.5428145941921,0.8992024483929308,0.004584061719470628,7.763571984588896e-05,0.003947765150840435,0.0,0.0,0.9,0.0,0.0,1.0336419721488977e-16
1772531336.8395598,2605,0.5593299865722656,1787.85336743393,0.8979203994863538,0.0013089277219279524,7.763571984588896e-05,0.003947765150840435,0.0,0.0,0.9,0.0,0.0,1.0331751256944987e-16
1772531336.8528636,2606,0.6916522979736328,1445.8131678731472,0.9051744941146702,0.007475211231883933,7.763571984588896e-05,0.003947765150840435,0.0,0.0,0.9,0.0,0.0,1.0352648663093962e-16
1772531336.8650494,2607,0.6334781646728516,1578.586375611592,0.9013900373081745,0.00392167783946833,7.763571984588896e-05,0.003947765150840435,0.0,0.0,0.9,0.0,0.0,1.034285808274868e-16
1772531336.878088,2608,0.84686279296875,1180.8288288288288,0.9049122390787667,0.0036156021853309453,7.763571984588896e-05,0.003947765150840435,0.0,0.0,0.9,0.0,0.0,1.0353876337452945e-16
1772531336.8901973,2609,0.789642333984375,1266.3961352657004,0.9001421443539604,0.004930615049234298,7.763571984588896e-05,0.003947765150840435,0.0,0.0,0.9,0.0,0.0,1.0340954866663525e-16
1772531336.902478,2610,0.6530284881591797,1531.3267615918219,0.8996701201653154,0.0004814974297221024,7.763571984588896e-05,0.003947765150840435,0.0,0.0,0.9,0.0,0.0,1.0339151819228797e-16
1772531336.9154437,2611,0.7748603820800781,1290.555076923077,0.9031464621813251,0.003582237679655411,7.763571984588896e-05,0.003947765150840435,0.0,0.0,0.9,0.0,0.0,1.0349232681644874e-16
1772531336.9276497,2612,0.6952285766601562,1438.3758573388202,0.9005647488881768,0.0026678924393190376,7.763571984588896e-05,0.003947765150840435,0.0,0.0,0.9,0.0,0.0,1.0342229257233165e-16
1772531336.9397273,2613,0.5347728729248047,1869.9527418635755,0.8977644962361595,0.0028739826802196863,7.763571984588896e-05,0.003947765150840435,0.0,0.0,0.9,0.0,0.0,1.0333451903265661e-16
1772531336.9526615,2614,0.6299018859863281,1587.54882664648,0.9015377670292556,0.0039045129468043773,7.763571984588896e-05,0.003947765150840435,0.0,0.0,0.9,0.0,0.0,1.0343556180020782e-16
1772531336.9651039,2615,0.6120204925537109,1633.9322165952474,0.9008144519653373,0.0007458828466427934,7.763571984588896e-05,0.003947765150840435,0.0,0.0,0.9,0.0,0.0,1.034152531527295e-16
1772531336.9773095,2616,0.5965232849121094,1676.3804956035171,0.898829585022107,0.0020375190988067057,7.763571984588896e-05,0.003947765150840435,0.0,0.0,0.9,0.0,0.0,1.0335327828564559e-16
1772531336.9904041,2617,0.743865966796875,1344.3282051282051,0.9034388465550799,0.004752842915614574,7.763571984588896e-05,0.003947765150840435,0.0,0.0,0.9,0.0,0.0,1.0348462947946195e-16
1772531337.002002,2618,0.4818439483642578,2075.3607125185554,0.8968114511631106,0.0068269279758156245,7.763571984588896e-05,0.003947765150840435,0.0,0.0,0.9,0.0,0.0,1.0329204223917274e-16
1772531337.0149271,2619,0.5197525024414062,1923.9926605504588,0.901207756101701,0.004552088463999502,7.763571984588896e-05,0.003947765150840435,0.0,0.0,0.9,0.0,0.0,1.0340784291623406e-16
1772531337.0273519,2620,0.6012916564941406,1663.086439333862,0.9002861533672615,0.0009480280210852623,7.763571984588896e-05,0.003947765150840435,0.0,0.0,0.9,0.0,0.0,1.0338013423331789e-16
1772531337.0399442,2621,0.5004405975341797,1998.2391615054787,0.9019522766842035,0.0017171847686946666,7.763571984588896e-05,0.003947765150840435,0.0,0.0,0.9,0.0,0.0,1.0342776151606344e-16
1772531337.0529394,2622,0.7293224334716797,1371.1356652500817,0.9043605495283841,0.0024679782656466284,7.763571984588896e-05,0.003947765150840435,0.0,0.0,0.9,1.734723475976807e-18,1.734723475976807e-18,1.0350441632342103e-16
1772531337.0647328,2623,0.6737709045410156,1484.1840056617127,0.8973555955531745,0.0072225857540140475,7.763571984588896e-05,0.003947765150840435,0.0,0.0,0.9,0.0,0.0,1.0330466665574227e-16
1772531337.0775127,2624,0.5946159362792969,1681.757818765036,0.9017081528496214,0.004500871632780085,7.763571984588896e-05,0.003947765150840435,0.0,0.0,0.9,1.734723475976807e-18,1.734723475976807e-18,1.0342096782976713e-16
1772531337.0903268,2625,0.7085800170898438,1411.2732166890983,0.9035051030984128,0.0018414829917334829,7.763571984588896e-05,0.003947765150840435,0.0,0.0,0.9,1.734723475976807e-18,1.734723475976807e-18,1.0347852416409077e-16
1772531337.1021557,2626,0.4787445068359375,2088.796812749004,0.8984998316233475,0.005161673119172475,7.763571984588896e-05,0.003947765150840435,0.0,0.0,0.9,0.0,0.0,1.0333626986105377e-16
1772531337.1152554,2627,0.6263256072998047,1596.6136277122193,0.9036238142853477,0.005282768861002478,7.763571984588896e-05,0.003947765150840435,0.0,0.0,0.9,1.734723475976807e-18,1.734723475976807e-18,1.0348205768553018e-16
1772531337.1273406,2628,0.5304813385009766,1885.0804494382023,0.9000941836273944,0.003646758075950133,7.763571984588896e-05,0.003947765150840435,0.0,0.0,0.9,0.0,0.0,1.0338537533648519e-16
1772531337.1399376,2629,0.47779083251953125,2092.9660678642713,0.9010699525238304,0.001009552586027354,7.763571984588896e-05,0.003947765150840435,0.0,0.0,0.9,1.734723475976807e-18,1.734723475976807e-18,1.0341131149307069e-16
1772531337.1527991,2630,0.7312297821044922,1367.5591783501793,0.9025416008768193,0.0015114212293362225,7.763571984588896e-05,0.003947765150840435,0.0,0.0,0.9,2.7809732887839817e-17,2.7809732887839817e-17,1.0314314007784981e-16
1772531337.165447,2631,0.7562637329101562,1322.2900378310214,0.9031909503214206,0.0006615495715087112,7.763571984588896e-05,0.003947765150840435,0.0,0.0,0.9,1.734723475976807e-18,1.734723475976807e-18,1.0318633379391843e-16
1772531337.1773236,2632,0.5197525024414062,1923.9926605504588,0.8988656750676984,0.0044601891117850645,7.763571984588896e-05,0.003947765150840435,0.0,0.0,0.9,0.0,0.0,1.0306367072535214e-16
1772531337.1903658,2633,0.7185935974121094,1391.6071665560717,0.9026786319975609,0.00393407099855012,7.763571984588896e-05,0.003947765150840435,0.0,0.0,0.9,2.7809732887839817e-17,2.7809732887839817e-17,1.0302584283561321e-16
1772531337.203069,2634,1.0671615600585938,937.065236818588,0.9009226061941157,0.0018168686671832125,7.763571984588896e-05,0.003947765150840435,0.0,0.0,0.9,0.0,0.0,1.0298334283570476e-16
1772531337.2148654,2635,0.5981922149658203,1671.703467516939,0.8983531714671693,0.0026394068124281508,7.763571984588896e-05,0.003947765150840435,0.0,0.0,0.9,0.0,0.0,1.029040297390997e-16
1772531337.2279093,2636,0.7834434509277344,1276.416311625076,0.9024335147592206,0.004213543619235034,7.763571984588896e-05,0.003947765150840435,0.0,0.0,0.9,1.734723475976807e-18,1.734723475976807e-18,1.0301866900726078e-16
1772531337.2399726,2637,0.7100105285644531,1408.4298186702486,0.8988738914912239,0.0036672741843072933,7.763571984588896e-05,0.003947765150840435,0.0,0.0,0.9,0.0,0.0,1.0291520828637581e-16
1772531337.2523456,2638,0.58746337890625,1702.2337662337663,0.8989880969884014,0.00017480408745968742,7.763571984588896e-05,0.003947765150840435,0.0,0.0,0.9,0.0,0.0,1.0290915455923941e-16
1772531337.2652755,2639,0.7236003875732422,1381.9782537067545,0.9023620627025588,0.0034823926163219214,7.763571984588896e-05,0.003947765150840435,0.0,0.0,0.9,0.0,0.0,1.0300362702416519e-16
1772531337.2774708,2640,0.7321834564208984,1365.7779225008142,0.8994281818179981,0.003024256383198589,7.763571984588896e-05,0.003947765150840435,0.0,0.0,0.9,0.0,0.0,1.0291918959934284e-16
1772531337.2896705,2641,0.5447864532470703,1835.5816192560176,0.8983701450235136,0.0010797475884747583,7.763571984588896e-05,0.003947765150840435,0.0,0.0,0.9,0.0,0.0,1.0287971508230464e-16
1772531337.3027391,2642,0.6873607635498047,1454.8400971210544,0.9033787635667374,0.005165546432401434,7.763571984588896e-05,0.003947765150840435,0.0,0.0,0.9,0.0,0.0,1.0302176650916372e-16
1772531337.3146439,2643,0.5462169647216797,1830.7743343518114,0.8982878823780042,0.005248789683390456,7.763571984588896e-05,0.003947765150840435,0.0,0.0,0.9,0.0,0.0,1.0287579982941032e-16
1772531337.3272104,2644,0.5097389221191406,1961.7885874649205,0.900010961835779,0.001793328205922346,7.763571984588896e-05,0.003947765150840435,0.0,0.0,0.9,0.0,0.0,1.0291675372407242e-16
1772531337.3402057,2645,0.7100105285644531,1408.4298186702486,0.9033264344205076,0.0034124977011023424,7.763571984588896e-05,0.003947765150840435,0.0,0.0,0.9,0.0,0.0,1.0301427909463238e-16
1772531337.3521194,2646,0.5154609680175781,1940.0111008325625,0.8990529832249491,0.004409316122190364,7.763571984588896e-05,0.003947765150840435,0.0,0.0,0.9,0.0,0.0,1.0289343636260953e-16
1772531337.364937,2647,0.5083084106445312,1967.3095684803002,0.9024722950902107,0.003526442698580471,7.763571984588896e-05,0.003947765150840435,0.0,0.0,0.9,2.220446049250313e-16,2.220446049250313e-16,9.166033687848506e-17
1772531337.3778563,2648,0.7619857788085938,1312.360450563204,0.9041830523147375,0.001748606361234725,7.763571984588896e-05,0.003947765150840435,0.0,0.0,0.9,2.220446049250313e-16,2.220446049250313e-16,8.841752970576555e-17
1772531337.3899388,2649,0.5578994750976562,1792.4376068376068,0.9011574235754916,0.0031356776321683788,7.763571984588896e-05,0.003947765150840435,0.0,0.0,0.9,0.0,0.0,8.833974491728438e-17
1772531337.402801,2650,0.7522106170654297,1329.4148969889065,0.9030890051425253,0.0019824556792062816,7.763571984588896e-05,0.003947765150840435,0.0,0.0,0.9,2.220446049250313e-16,2.220446049250313e-16,9.292135330004399e-17
1772531337.4151347,2651,0.7901191711425781,1265.6318648159324,0.9007473458723383,0.0024232729943593516,7.763571984588896e-05,0.003947765150840435,0.0,0.0,0.9,0.0,0.0,9.227805844851093e-17
1772531337.4271069,2652,0.5259513854980469,1901.3164097914778,0.897843661833804,0.002982809607129781,7.763571984588896e-05,0.003947765150840435,0.0,0.0,0.9,0.0,0.0,9.220691608176338e-17
1772531337.4397297,2653,0.6492137908935547,1540.3246419390377,0.8989009175479248,0.001119145638211002,7.763571984588896e-05,0.003947765150840435,0.0,0.0,0.9,0.0,0.0,9.222261151015018e-17
1772531337.4525285,2654,0.6964206695556641,1435.9137281752824,0.901328063223888,0.002510230038294815,7.763571984588896e-05,0.003947765150840435,0.0,0.0,0.9,0.0,0.0,9.227489980648425e-17
1772531337.4648466,2655,0.5717277526855469,1749.0842368640533,0.9011075120616321,0.00022996996750350486,7.763571984588896e-05,0.003947765150840435,0.0,0.0,0.9,0.0,0.0,9.227062602114449e-17
1772531337.4779165,2656,0.8363723754882812,1195.6396807297606,0.904430991057179,0.0034131029874035924,7.763571984588896e-05,0.003947765150840435,0.0,0.0,0.9,0.0,0.0,9.235201908885775e-17
1772531337.4905908,2657,1.142740249633789,875.0895055288963,0.9026009415391382,0.0019119615178176882,7.763571984588896e-05,0.003947765150840435,0.0,0.0,0.9,0.0,0.0,9.231845220522326e-17
1772531337.5027747,2658,0.8041858673095703,1243.493625852357,0.9019695576202981,0.0006652452368072951,7.763571984588896e-05,0.003947765150840435,0.0,0.0,0.9,0.0,0.0,9.230829490943469e-17
1772531337.5153139,2659,0.7345676422119141,1361.345017851347,0.9024800897019097,0.000520315662057974,7.763571984588896e-05,0.003947765150840435,0.0,0.0,0.9,0.0,0.0,9.232393732794984e-17
1772531337.5271618,2660,0.6008148193359375,1664.4063492063492,0.8968762871072742,0.005768877296631407,7.763571984588896e-05,0.003947765150840435,0.0,0.0,0.9,0.0,0.0,9.219258374110984e-17
1772531337.5395207,2661,0.48065185546875,2080.5079365079364,0.8976805104078686,0.0008818438112357289,7.763571984588896e-05,0.003947765150840435,0.0,0.0,0.9,0.0,0.0,9.219902323483704e-17
1772531337.5528173,2662,0.7951259613037109,1257.6623688155921,0.9035987518887527,0.006106387218857221,7.763571984588896e-05,0.003947765150840435,0.0,0.0,0.9,0.0,0.0,9.233223872001618e-17
1772531337.5645864,2663,0.5528926849365234,1808.6692539887883,0.8980182317920384,0.005752665513944059,7.763571984588896e-05,0.003947765150840435,0.0,0.0,0.9,0.0,0.0,9.220486484895038e-17
1772531337.5777552,2664,0.6470680236816406,1545.4325718496684,0.9041656104923441,0.006338309147276729,7.763571984588896e-05,0.003947765150840435,0.0,0.0,0.9,0.0,0.0,9.234482363403768e-17
1772531337.590056,2665,0.6024837493896484,1659.7958053027305,0.9017261247214173,0.002532513135614738,7.763571984588896e-05,0.003947765150840435,0.0,0.0,0.9,0.0,0.0,9.229547974357243e-17
1772531337.6024702,2666,0.6518363952636719,1534.1272860277982,0.9005542548019975,0.0012095481988694653,7.763571984588896e-05,0.003947765150840435,0.0,0.0,0.9,2.7755575615628914e-17,2.7755575615628914e-17,9.185266333242281e-17
1772531337.615354,2667,0.7951259613037109,1257.6623688155921,0.9035409000477785,0.003071504482824146,7.763571984588896e-05,0.003947765150840435,0.0,0.0,0.9,2.7755575615628914e-17,2.7755575615628914e-17,9.170717034463762e-17
1772531337.6277282,2668,0.8003711700439453,1249.4203157581173,0.9013320029608386,0.0022899250726646533,7.763571984588896e-05,0.003947765150840435,0.0,0.0,0.9,2.7755575615628914e-17,2.7755575615628914e-17,9.163573054859141e-17
1772531337.639885,2669,0.6327629089355469,1580.3707611152977,0.8992813563534904,0.002109219898816633,7.763571984588896e-05,0.003947765150840435,0.0,0.0,0.9,2.7755575615628914e-17,2.7755575615628914e-17,9.174155084304834e-17
1772531337.6523666,2670,0.5981922149658203,1671.703467516939,0.8996426373224383,0.00039429790447482977,7.763571984588896e-05,0.003947765150840435,0.0,0.0,0.9,2.7755575615628914e-17,2.7755575615628914e-17,9.174360590314371e-17
1772531337.6650362,2671,0.6771087646484375,1476.867605633803,0.9010740884924883,0.0014823212106109473,7.763571984588896e-05,0.003947765150840435,0.0,0.0,0.9,2.7755575615628914e-17,2.7755575615628914e-17,9.176665434441893e-17
1772531337.6771586,2672,0.5567073822021484,1796.2758029978586,0.8986006171745086,0.0025418640989337523,7.763571984588896e-05,0.003947765150840435,0.0,0.0,0.9,2.7755575615628914e-17,2.7755575615628914e-17,9.1720286907704e-17
1772531337.6902955,2673,0.7331371307373047,1364.0013008130081,0.9035689498946988,0.0051227708930047635,7.763571984588896e-05,0.003947765150840435,0.0,0.0,0.9,2.7755575615628914e-17,2.7755575615628914e-17,9.180686587046281e-17
1772531337.702126,2674,0.49686431884765625,2012.6218809980805,0.898662455528176,0.005060107751476078,7.763571984588896e-05,0.003947765150840435,0.0,0.0,0.9,2.7755575615628914e-17,2.7755575615628914e-17,9.172164851632185e-17
1772531337.7147841,2675,0.46753883361816406,2138.8597654258033,0.9009372077290885,0.0023563746716004147,7.763571984588896e-05,0.003947765150840435,0.0,0.0,0.9,2.7755575615628914e-17,2.7755575615628914e-17,9.175775890867181e-17
1772531337.7276032,2676,0.7245540618896484,1380.1592629154327,0.9020492566857917,0.0011429368408438806,7.763571984588896e-05,0.003947765150840435,0.0,0.0,0.9,2.7755575615628914e-17,2.7755575615628914e-17,9.177836854365321e-17
1772531337.7398865,2677,0.48351287841796875,2068.197238658777,0.9014686392317812,0.0006063624738613953,7.763571984588896e-05,0.003947765150840435,0.0,0.0,0.9,2.7755575615628914e-17,2.7755575615628914e-17,9.177032159765962e-17
1772531337.7527926,2678,0.6911754608154297,1446.8106243532252,0.9036002727902417,0.0021866666451094033,7.763571984588896e-05,0.003947765150840435,0.0,0.0,0.9,2.7755575615628914e-17,2.7755575615628914e-17,9.181183536377428e-17
1772531337.7653239,2679,0.7007122039794922,1427.119428376999,0.9030527830477657,0.0005958975421836204,7.763571984588896e-05,0.003947765150840435,0.0,0.0,0.9,2.7755575615628914e-17,2.7755575615628914e-17,9.180895679940802e-17
1772531337.777608,2680,0.9336471557617188,1071.0684371807968,0.8986050201550293,0.004585194390296044,7.763571984588896e-05,0.003947765150840435,0.0,0.0,0.9,2.7755575615628914e-17,2.7755575615628914e-17,9.173123605390441e-17
1772531337.7903664,2681,0.7038116455078125,1420.8346883468835,0.9033546340591025,0.0048979863281109325,7.763571984588896e-05,0.003947765150840435,0.0,0.0,0.9,2.7755575615628914e-17,2.7755575615628914e-17,9.181412429871285e-17
1772531337.8029804,2682,0.9074211120605469,1102.0241723594324,0.9025324309754524,0.0008681964440296839,7.763571984588896e-05,0.003947765150840435,0.0,0.0,0.9,2.7755575615628914e-17,2.7755575615628914e-17,9.1805348332895e-17
1772531337.8148713,2683,0.5767345428466797,1733.8999586606035,0.8987719053683878,0.003874562927279901,7.763571984588896e-05,0.003947765150840435,0.0,0.0,0.9,2.7755575615628914e-17,2.7755575615628914e-17,9.173902701787441e-17
1772531337.8280768,2684,0.9634494781494141,1037.93714427122,0.9024237344840843,0.003769986800159639,7.763571984588896e-05,0.003947765150840435,0.0,0.0,0.9,2.7755575615628914e-17,2.7755575615628914e-17,9.180162597222101e-17
1772531337.8398614,2685,0.7119178771972656,1404.6563965170797,0.8977583753254162,0.004803256488750463,7.763571984588896e-05,0.003947765150840435,0.0,0.0,0.9,2.7755575615628914e-17,2.7755575615628914e-17,9.171785209112329e-17
1772531337.8520772,2686,0.5259513854980469,1901.3164097914778,0.8972804105997351,0.0005001925117958452,7.763571984588896e-05,0.003947765150840435,0.0,0.0,0.9,2.7755575615628914e-17,2.7755575615628914e-17,9.169977483480746e-17
1772531337.8654032,2687,0.7486343383789062,1335.7656050955413,0.9041278784681164,0.007064408308656674,7.763571984588896e-05,0.003947765150840435,0.0,0.0,0.9,2.7755575615628914e-17,2.7755575615628914e-17,9.181780151926808e-17
1772531337.8772132,2688,0.6005764007568359,1665.067090115125,0.8980619908138743,0.006255033022051743,7.763571984588896e-05,0.003947765150840435,0.0,0.0,0.9,2.7755575615628914e-17,2.7755575615628914e-17,9.171217096035382e-17
1772531337.8899837,2689,0.6284713745117188,1591.1623672230653,0.9012765988589115,0.0033269771833872386,7.763571984588896e-05,0.003947765150840435,0.0,0.0,0.9,2.7755575615628914e-17,2.7755575615628914e-17,9.176410815937671e-17
1772531337.9027972,2690,0.7565021514892578,1321.8733060195398,0.9031494793089226,0.0019224440146170846,7.763571984588896e-05,0.003947765150840435,0.0,0.0,0.9,2.7755575615628914e-17,2.7755575615628914e-17,9.17998950158854e-17
1772531337.9148622,2691,0.5717277526855469,1749.0842368640533,0.9004116097715261,0.002829642708698199,7.763571984588896e-05,0.003947765150840435,0.0,0.0,0.9,2.7755575615628914e-17,2.7755575615628914e-17,9.175426625470485e-17
1772531337.9275737,2692,0.5037784576416016,1984.9995267392333,0.9025336644463032,0.0021842319971548635,7.763571984588896e-05,0.003947765150840435,0.0,0.0,0.9,2.7755575615628914e-17,2.7755575615628914e-17,9.179253706795074e-17
1772531337.9403083,2693,0.7152557373046875,1398.1013333333333,0.9027217989385761,0.00020007449739287334,7.763571984588896e-05,0.003947765150840435,0.0,0.0,0.9,2.7755575615628914e-17,2.7755575615628914e-17,9.180041286537108e-17
1772531337.9522703,2694,0.579833984375,1724.6315789473683,0.8985799243746201,0.004268514878147713,7.763571984588896e-05,0.003947765150840435,0.0,0.0,0.9,2.7755575615628914e-17,2.7755575615628914e-17,9.172742681938396e-17
1772531337.9652858,2695,0.7188320159912109,1391.1456053067993,0.9026239176588521,0.004173393299738253,7.763571984588896e-05,0.003947765150840435,0.0,0.0,0.9,2.7755575615628914e-17,2.7755575615628914e-17,9.17967926691051e-17
1772531337.977523,2696,0.7932186126708984,1260.6865043582807,0.899092883597331,0.0036399403076256952,7.763571984588896e-05,0.003947765150840435,0.0,0.0,0.9,2.7755575615628914e-17,2.7755575615628914e-17,9.173491197442928e-17
1772531337.9898562,2697,0.54168701171875,1846.0845070422536,0.9002431892066083,0.0011990793249467898,7.763571984588896e-05,0.003947765150840435,0.0,0.0,0.9,2.7755575615628914e-17,2.7755575615628914e-17,9.175118268235581e-17
1772531338.0027125,2698,0.7183551788330078,1392.0690341851976,0.9020794008735394,0.0018922195909186587,7.763571984588896e-05,0.003947765150840435,0.0,0.0,0.9,2.7755575615628914e-17,2.7755575615628914e-17,9.178350952222718e-17
1772531338.0153577,2699,0.7605552673339844,1314.828840125392,0.9029346182266972,0.0008731694671028145,7.763571984588896e-05,0.003947765150840435,0.0,0.0,0.9,2.7755575615628914e-17,2.7755575615628914e-17,9.180259763065648e-17
1772531338.027534,2700,0.5548000335693359,1802.4512247529008,0.9008320969196222,0.00217541923512389,7.763571984588896e-05,0.003947765150840435,0.0,0.0,0.9,2.7755575615628914e-17,2.7755575615628914e-17,9.176846351316203e-17
1772531338.0401237,2701,0.7586479187011719,1318.134506599623,0.9004089682798386,0.0004337023402666573,7.763571984588896e-05,0.003947765150840435,0.0,0.0,0.9,2.7755575615628914e-17,2.7755575615628914e-17,9.17601179887691e-17
1772531338.0527534,2702,0.74005126953125,1351.2577319587629,0.9015305481390621,0.001156978253516554,7.763571984588896e-05,0.003947765150840435,0.0,0.0,0.9,2.7755575615628914e-17,2.7755575615628914e-17,9.177960075019008e-17
1772531338.0646827,2703,0.6184577941894531,1616.9252120277563,0.8975271700953296,0.004117471293120189,7.763571984588896e-05,0.003947765150840435,0.0,0.0,0.9,2.7755575615628914e-17,2.7755575615628914e-17,9.170587753005097e-17
1772531338.0773184,2704,0.6465911865234375,1546.5722713864307,0.8990289387372943,0.0015773891815596265,7.763571984588896e-05,0.003947765150840435,0.0,0.0,0.9,2.7755575615628914e-17,2.7755575615628914e-17,9.172425682318281e-17
1772531338.0896015,2705,0.4527568817138672,2208.6908899420746,0.8990799339696921,0.00012100531204899626,7.763571984588896e-05,0.003947765150840435,0.0,0.0,0.9,2.7755575615628914e-17,2.7755575615628914e-17,9.171944931370762e-17
1772531338.1025548,2706,0.6692409515380859,1494.2301389383683,0.9022032811824943,0.003223462418629319,7.763571984588896e-05,0.003947765150840435,0.0,0.0,0.9,2.7755575615628914e-17,2.7755575615628914e-17,9.177242714351584e-17
1772531338.114982,2707,0.6823539733886719,1465.5150244584206,0.9015043802732913,0.0007297576236243517,7.763571984588896e-05,0.003947765150840435,0.0,0.0,0.9,2.7755575615628914e-17,2.7755575615628914e-17,9.176240808094382e-17
1772531338.1273324,2708,0.6086826324462891,1642.8922835879357,0.9006440056579369,0.0008887499989745643,7.763571984588896e-05,0.003947765150840435,0.0,0.0,0.9,2.7755575615628914e-17,2.7755575615628914e-17,9.174755194546953e-17
1772531338.1402326,2709,0.7050037384033203,1418.432194792019,0.9036214780682015,0.0030605180806809007,7.763571984588896e-05,0.003947765150840435,0.0,0.0,0.9,2.7755575615628914e-17,2.7755575615628914e-17,9.180257054455081e-17
1772531338.152474,2710,0.5714893341064453,1749.813934084272,0.9019160314413325,0.0017763594859930318,7.763571984588896e-05,0.003947765150840435,0.0,0.0,0.9,2.7755575615628914e-17,2.7755575615628914e-17,9.177789306913256e-17
1772531338.1649468,2711,0.6222724914550781,1607.0130268199234,0.9008008798396121,0.0011540843672803935,7.763571984588896e-05,0.003947765150840435,0.0,0.0,0.9,2.7755575615628914e-17,2.7755575615628914e-17,9.175969436080485e-17
1772531338.1779568,2712,0.728607177734375,1372.4816753926702,0.904625536543633,0.003929714135785347,7.763571984588896e-05,0.003947765150840435,0.0,0.0,0.9,2.7755575615628914e-17,2.7755575615628914e-17,9.183147136502036e-17
1772531338.1904857,2713,1.1072158813476562,903.1662360034453,0.900865343791187,0.0038924329729132104,7.763571984588896e-05,0.003947765150840435,0.0,0.0,0.9,2.7755575615628914e-17,2.7755575615628914e-17,9.177104550951512e-17
1772531338.2024353,2714,0.6363391876220703,1571.4889471712252,0.8996509394776,0.0012472614913501589,7.763571984588896e-05,0.003947765150840435,0.0,0.0,0.9,2.7755575615628914e-17,2.7755575615628914e-17,9.17481697087475e-17
1772531338.2153554,2715,0.7441043853759766,1343.8974687600128,0.9028709437120933,0.0033182392617681663,7.763571984588896e-05,0.003947765150840435,0.0,0.0,0.9,2.7755575615628914e-17,2.7755575615628914e-17,9.180524130455927e-17
1772531338.2281656,2716,1.1768341064453125,849.7374392220421,0.9008821769162886,0.0020577348523619973,7.763571984588896e-05,0.003947765150840435,0.0,0.0,0.9,2.7755575615628914e-17,2.7755575615628914e-17,9.177317703247233e-17
1772531338.2401693,2717,0.9429454803466797,1060.5067003792667,0.8988870939407692,0.0020490101434655606,7.763571984588896e-05,0.003947765150840435,0.0,0.0,0.9,2.7755575615628914e-17,2.7755575615628914e-17,9.173549449223173e-17
1772531338.2529676,2718,0.9675025939941406,1033.5889600788566,0.9019552096572442,0.0031694328218324764,7.763571984588896e-05,0.003947765150840435,0.0,0.0,0.9,2.7755575615628914e-17,2.7755575615628914e-17,9.178732923562595e-17
1772531338.265382,2719,1.0204315185546875,979.977570093458,0.9006816793653496,0.0013150400886981278,7.763571984588896e-05,0.003947765150840435,0.0,0.0,0.9,2.7755575615628914e-17,2.7755575615628914e-17,9.176598647389478e-17
1772531338.2777426,2720,0.9715557098388672,1029.277055214724,0.8995910971904476,0.0011181623206817448,7.763571984588896e-05,0.003947765150840435,0.0,0.0,0.9,2.7755575615628914e-17,2.7755575615628914e-17,9.174455654382851e-17
1772531338.2905555,2721,0.7660388946533203,1305.416744475568,0.9044015665788361,0.004952823290498112,7.763571984588896e-05,0.003947765150840435,0.0,0.0,0.9,5.551115123125783e-17,5.551115123125783e-17,9.217821907160056e-17
1772531338.302184,2722,0.5788803100585938,1727.4728171334432,0.8970172967358917,0.0076117371359544035,7.763571984588896e-05,0.003947765150840435,0.0,0.0,0.9,2.7755575615628914e-17,2.7755575615628914e-17,9.202296053107278e-17
1772531338.3150213,2723,0.5090236663818359,1964.5451990632318,0.9018823756002406,0.005031268417593125,7.763571984588896e-05,0.003947765150840435,0.0,0.0,0.9,5.551115123125783e-17,5.551115123125783e-17,9.263514078139552e-17
1772531338.327717,2724,0.8578300476074219,1165.7320733740967,0.9010646449634598,0.0008465901435199688,7.763571984588896e-05,0.003947765150840435,0.0,0.0,0.9,2.7755575615628914e-17,2.7755575615628914e-17,9.257926783185506e-17
1772531338.3398533,2725,0.6592273712158203,1516.9273056057866,0.8986772069353148,0.0024533948275267847,7.763571984588896e-05,0.003947765150840435,0.0,0.0,0.9,2.7755575615628914e-17,2.7755575615628914e-17,9.253699773977218e-17
1772531338.3527837,2726,0.7760524749755859,1288.5726574500768,0.9026015770631117,0.004050095780110834,7.763571984588896e-05,0.003947765150840435,0.0,0.0,0.9,5.551115123125783e-17,5.551115123125783e-17,9.331818858046516e-17
1772531338.365375,2727,0.8029937744140625,1245.3396674584324,0.902781104199979,0.00019220477997513384,7.763571984588896e-05,0.003947765150840435,0.0,0.0,0.9,2.7755575615628914e-17,2.7755575615628914e-17,9.326940792400188e-17
1772531338.3775892,2728,0.675201416015625,1481.0395480225989,0.9008622416659374,0.0019854445594826597,7.763571984588896e-05,0.003947765150840435,0.0,0.0,0.9,2.7755575615628914e-17,2.7755575615628914e-17,9.324045176920581e-17
1772531338.3902597,2729,0.7259845733642578,1377.43973727422,0.9017424141652665,0.0009053761171360853,7.763571984588896e-05,0.003947765150840435,0.0,0.0,0.9,2.7755575615628914e-17,2.7755575615628914e-17,9.325565846598032e-17
1772531338.4021235,2730,0.5764961242675781,1734.6170388751034,0.8966227759909721,0.005266312689178797,7.763571984588896e-05,0.003947765150840435,0.0,0.0,0.9,2.7755575615628914e-17,2.7755575615628914e-17,9.316766757598065e-17
1772531338.4145632,2731,0.5393028259277344,1854.2458001768346,0.8976895883497684,0.0011486557345518472,7.763571984588896e-05,0.003947765150840435,0.0,0.0,0.9,2.7809732887839817e-17,2.7809732887839817e-17,9.317284062412455e-17
1772531338.4277015,2732,0.6968975067138672,1434.9312350325008,0.9034902727391995,0.005985006260329279,7.763571984588896e-05,0.003947765150840435,0.0,0.0,0.9,2.7809732887839817e-17,2.7809732887839817e-17,9.326435883612011e-17
1772531338.439935,2733,0.6227493286132812,1605.7825421133232,0.9009599616712088,0.002619823456927501,7.763571984588896e-05,0.003947765150840435,0.0,0.0,0.9,2.7809732887839817e-17,2.7809732887839817e-17,9.322551320752914e-17
1772531338.4528472,2734,0.7436275482177734,1344.7592176979801,0.9037087218576437,0.0028236989606356816,7.763571984588896e-05,0.003947765150840435,0.0,0.0,0.9,2.7809732887839817e-17,2.7809732887839817e-17,9.327331070795594e-17
1772531338.465327,2735,0.7266998291015625,1376.0839895013123,0.9029520633605266,0.000809351210190246,7.763571984588896e-05,0.003947765150840435,0.0,0.0,0.9,2.7809732887839817e-17,2.7809732887839817e-17,9.326732701471136e-17
1772531338.4775462,2736,0.8769035339355469,1140.3762914627514,0.8992569064933713,0.0038118007828842923,7.763571984588896e-05,0.003947765150840435,0.0,0.0,0.9,2.7809732887839817e-17,2.7809732887839817e-17,9.320795765337241e-17
1772531338.4899218,2737,0.6663799285888672,1500.6454382826475,0.8997767987379058,0.0005524026021308044,7.763571984588896e-05,0.003947765150840435,0.0,0.0,0.9,2.7809732887839817e-17,2.7809732887839817e-17,9.321299047717185e-17
1772531338.5027468,2738,0.7638931274414062,1309.083645443196,0.9020719451085717,0.002366960765919949,7.763571984588896e-05,0.003947765150840435,0.0,0.0,0.9,2.7809732887839817e-17,2.7809732887839817e-17,9.325087203291995e-17
1772531338.5152676,2739,0.7469654083251953,1338.750079795723,0.9021941694793006,0.00013152860542020437,7.763571984588896e-05,0.003947765150840435,0.0,0.0,0.9,2.7809732887839817e-17,2.7809732887839817e-17,9.325708634882929e-17
1772531338.52748,2740,0.5626678466796875,1777.2474576271186,0.9008316536309129,0.001409545191435574,7.763571984588896e-05,0.003947765150840435,0.0,0.0,0.9,2.7809732887839817e-17,2.7809732887839817e-17,9.323784410511608e-17
1772531338.5401936,2741,0.7085800170898438,1411.2732166890983,0.901524125592903,0.0007125480855348812,7.763571984588896e-05,0.003947765150840435,0.0,0.0,0.9,2.7809732887839817e-17,2.7809732887839817e-17,9.32514131042247e-17
1772531338.5526314,2742,0.7982254028320312,1252.778972520908,0.9000822346471189,0.0014853234832304825,7.763571984588896e-05,0.003947765150840435,0.0,0.0,0.9,2.7755575615628914e-17,2.7755575615628914e-17,9.322577492424946e-17
1772531338.5650373,2743,0.6232261657714844,1604.5539403213465,0.9008149392145004,0.0007606658767711014,7.763571984588896e-05,0.003947765150840435,0.0,0.0,0.9,2.7755575615628914e-17,2.7755575615628914e-17,9.323623393880594e-17
1772531338.577858,2744,0.7367134094238281,1357.379935275081,0.9028996049569434,0.0021431689127860715,7.763571984588896e-05,0.003947765150840435,0.0,0.0,0.9,2.7755575615628914e-17,2.7755575615628914e-17,9.327251736153007e-17
1772531338.5899305,2745,0.7305145263671875,1368.8981723237598,0.8984821988095903,0.004552608011273561,7.763571984588896e-05,0.003947765150840435,0.0,0.0,0.9,2.7755575615628914e-17,2.7755575615628914e-17,9.31999555704402e-17
1772531338.6021137,2746,0.5402565002441406,1850.972639011474,0.8976930648107858,0.0008047330946818164,7.763571984588896e-05,0.003947765150840435,0.0,0.0,0.9,2.7755575615628914e-17,2.7755575615628914e-17,9.317922216471206e-17
1772531338.6154099,2747,0.7565021514892578,1321.8733060195398,0.9042550406475273,0.0067668485774303455,7.763571984588896e-05,0.003947765150840435,0.0,0.0,0.9,2.7755575615628914e-17,2.7755575615628914e-17,9.328549907070291e-17
1772531338.62719,2748,0.6253719329833984,1599.0484178421655,0.897709843584365,0.006749089254417942,7.763571984588896e-05,0.003947765150840435,0.0,0.0,0.9,2.7755575615628914e-17,2.7755575615628914e-17,9.317898363687207e-17
1772531338.6399143,2749,0.5488395690917969,1822.02606429192,0.9014134638541499,0.0038315625043422127,7.763571984588896e-05,0.003947765150840435,0.0,0.0,0.9,2.7755575615628914e-17,2.7755575615628914e-17,9.323497287561095e-17
1772531338.6528492,2750,0.6949901580810547,1438.8692967409947,0.9041661498401953,0.002824912623061231,7.763571984588896e-05,0.003947765150840435,0.0,0.0,0.9,2.7755575615628914e-17,2.7755575615628914e-17,9.328449350933031e-17
1772531338.6646676,2751,0.5559921264648438,1798.5866209262435,0.8982768620847339,0.006075005098998454,7.763571984588896e-05,0.003947765150840435,0.0,0.0,0.9,2.7755575615628914e-17,2.7755575615628914e-17,9.318944977713436e-17
1772531338.6771019,2752,0.48613548278808594,2057.0397253555666,0.8988439672865982,0.0006158721549924354,7.763571984588896e-05,0.003947765150840435,0.0,0.0,0.9,2.7755575615628914e-17,2.7755575615628914e-17,9.319201545140999e-17
1772531338.6898186,2753,0.75531005859375,1323.959595959596,0.8996765869234902,0.0008761205697927989,7.763571984588896e-05,0.003947765150840435,0.0,0.0,0.9,2.7755575615628914e-17,2.7755575615628914e-17,9.320059435159657e-17
1772531338.7022836,2754,0.6186962127685547,1616.302119460501,0.9006652342437934,0.0010260133679238922,7.763571984588896e-05,0.003947765150840435,0.0,0.0,0.9,2.7755575615628914e-17,2.7755575615628914e-17,9.321411846709434e-17
1772531338.7151814,2755,0.7028579711914062,1422.7625508819538,0.9040561262543919,0.0034850289405545585,7.763571984588896e-05,0.003947765150840435,0.0,0.0,0.9,2.7755575615628914e-17,2.7755575615628914e-17,9.327276241694491e-17
1772531338.727294,2756,0.5133152008056641,1948.1207617278217,0.9012167997810093,0.002943181825280187,7.763571984588896e-05,0.003947765150840435,0.0,0.0,0.9,2.7755575615628914e-17,2.7755575615628914e-17,9.323113254181196e-17
1772531338.7397873,2757,0.5006790161132812,1997.287619047619,0.901014761301597,0.00021122824258806416,7.763571984588896e-05,0.003947765150840435,0.0,0.0,0.9,2.7755575615628914e-17,2.7755575615628914e-17,9.322837160245038e-17
1772531338.7528477,2758,0.7643699645996094,1308.2669993761697,0.9043916606653347,0.0034680457756413054,7.763571984588896e-05,0.003947765150840435,0.0,0.0,0.9,2.7755575615628914e-17,2.7755575615628914e-17,9.328822367796234e-17
1772531338.765185,2759,0.6949901580810547,1438.8692967409947,0.9023436159184782,0.0021353028567839493,7.763571984588896e-05,0.003947765150840435,0.0,0.0,0.9,2.7755575615628914e-17,2.7755575615628914e-17,9.32617619418643e-17
1772531338.7771819,2760,0.5738735198974609,1742.5442459493145,0.8986506802967417,0.003805024589022773,7.763571984588896e-05,0.003947765150840435,0.0,0.0,0.9,2.7755575615628914e-17,2.7755575615628914e-17,9.320087481936924e-17
1772531338.790245,2761,0.7076263427734375,1413.1752021563343,0.9029883111909256,0.004473909677801284,7.763571984588896e-05,0.003947765150840435,0.0,0.0,0.9,2.7755575615628914e-17,2.7755575615628914e-17,9.32712229813841e-17
1772531338.8025854,2762,0.5712509155273438,1750.5442404006678,0.9025454633781846,0.00047965099645529206,7.763571984588896e-05,0.003947765150840435,0.0,0.0,0.9,2.7755575615628914e-17,2.7755575615628914e-17,9.326915345569729e-17
1772531338.814895,2763,0.6513595581054688,1535.2503660322109,0.8993103787996071,0.003335273943788269,7.763571984588896e-05,0.003947765150840435,0.0,0.0,0.9,2.7755575615628914e-17,2.7755575615628914e-17,9.321670119345375e-17
1772531338.8277955,2764,0.7314682006835938,1367.1134289439374,0.9027527395060346,0.0035497512443238353,7.763571984588896e-05,0.003947765150840435,0.0,0.0,0.9,2.7755575615628914e-17,2.7755575615628914e-17,9.327302275632999e-17
1772531338.8402164,2765,0.87738037109375,1139.7565217391304,0.9008782802029056,0.0019390022930780848,7.763571984588896e-05,0.003947765150840435,0.0,0.0,0.9,2.7755575615628914e-17,2.7755575615628914e-17,9.324494091521585e-17
1772531338.8525105,2766,0.6177425384521484,1618.7973755306832,0.9004447876478773,0.00044422768988805364,7.763571984588896e-05,0.003947765150840435,0.0,0.0,0.9,2.7755575615628914e-17,2.7755575615628914e-17,9.323714241360527e-17
1772531338.865339,2767,0.7262229919433594,1376.9875246224556,0.9027338810966467,0.002356626330937457,7.763571984588896e-05,0.003947765150840435,0.0,0.0,0.9,2.7755575615628914e-17,2.7755575615628914e-17,9.32761059185267e-17
1772531338.8777494,2768,0.6861686706542969,1457.367616400278,0.9017241156672104,0.001051321334120701,7.763571984588896e-05,0.003947765150840435,0.0,0.0,0.9,2.7755575615628914e-17,2.7755575615628914e-17,9.326313568522449e-17
1772531338.8895266,2769,0.5180835723876953,1930.1905200184078,0.8961447802977514,0.005737926354042882,7.763571984588896e-05,0.003947765150840435,0.0,0.0,0.9,2.7755575615628914e-17,2.7755575615628914e-17,9.316703092049489e-17
1772531338.902746,2770,0.5843639373779297,1711.2623419012648,0.9035573161452332,0.007655228343036648,7.763571984588896e-05,0.003947765150840435,0.0,0.0,0.9,2.7755575615628914e-17,2.7755575615628914e-17,9.328415940255153e-17
1772531338.915145,2771,0.6532669067382812,1530.7678832116787,0.9012350708711608,0.0024050787180957467,7.763571984588896e-05,0.003947765150840435,0.0,0.0,0.9,2.7755575615628914e-17,2.7755575615628914e-17,9.324998027961759e-17
1772531338.9270778,2772,0.49614906311035156,2015.5233061028352,0.8972125998974634,0.0041345116449863694,7.763571984588896e-05,0.003947765150840435,0.0,0.0,0.9,2.7755575615628914e-17,2.7755575615628914e-17,9.31797402787901e-17
1772531338.94034,2773,0.7157325744628906,1397.169886742172,0.9034469876889257,0.00643560765406749,7.763571984588896e-05,0.003947765150840435,0.0,0.0,0.9,2.7755575615628914e-17,2.7755575615628914e-17,9.32789189300068e-17
1772531338.9522853,2774,0.530242919921875,1885.928057553957,0.8992182391620317,0.004362273060736398,7.763571984588896e-05,0.003947765150840435,0.0,0.0,0.9,2.7755575615628914e-17,2.7755575615628914e-17,9.321081990335143e-17
1772531338.9650307,2775,0.5083084106445312,1967.3095684803002,0.9023383771445642,0.003219875036112042,7.763571984588896e-05,0.003947765150840435,0.0,0.0,0.9,2.7755575615628914e-17,2.7755575615628914e-17,9.326070999188794e-17
1772531338.978015,2776,0.7376670837402344,1355.6250808015513,0.9043599553658539,0.002069136791909263,7.763571984588896e-05,0.003947765150840435,0.0,0.0,0.9,2.7755575615628914e-17,2.7755575615628914e-17,9.32999667723195e-17
1772531338.9899287,2777,0.5421638488769531,1844.4608619173264,0.8998006626391216,0.0047094324842843266,7.763571984588896e-05,0.003947765150840435,0.0,0.0,0.9,2.7755575615628914e-17,2.7755575615628914e-17,9.322876809253522e-17
1772531339.0028403,2778,0.6916522979736328,1445.8131678731472,0.9024435234126195,0.002724720458070391,7.763571984588896e-05,0.003947765150840435,0.0,0.0,0.9,2.7755575615628914e-17,2.7755575615628914e-17,9.327220445603503e-17
1772531339.0154128,2779,0.7469654083251953,1338.750079795723,0.9021879795028103,0.0002803967314788344,7.763571984588896e-05,0.003947765150840435,0.0,0.0,0.9,2.7755575615628914e-17,2.7755575615628914e-17,9.327173579835311e-17
1772531339.027128,2780,0.5018711090087891,1992.5434679334917,0.8965701151678861,0.00578086937375735,7.763571984588896e-05,0.003947765150840435,0.0,0.0,0.9,2.7755575615628914e-17,2.7755575615628914e-17,9.317615988606242e-17
1772531339.0398917,2781,0.6647109985351562,1504.413199426112,0.898601484441876,0.0021315011657469535,7.763571984588896e-05,0.003947765150840435,0.0,0.0,0.9,2.7755575615628914e-17,2.7755575615628914e-17,9.319965177332651e-17
1772531339.0525932,2782,0.6530284881591797,1531.3267615918219,0.9012410640129025,0.002732313177954989,7.763571984588896e-05,0.003947765150840435,0.0,0.0,0.9,2.7755575615628914e-17,2.7755575615628914e-17,9.323913708550176e-17
1772531339.0646262,2783,0.4894733428955078,2043.01217730151,0.8982734949993045,0.0030507118711080796,7.763571984588896e-05,0.003947765150840435,0.0,0.0,0.9,2.7755575615628914e-17,2.7755575615628914e-17,9.31871811786351e-17
1772531339.0780146,2784,0.7822513580322266,1278.361475160012,0.9049202808499118,0.006848933348364881,7.763571984588896e-05,0.003947765150840435,0.0,0.0,0.9,2.7755575615628914e-17,2.7755575615628914e-17,9.329641864803878e-17
1772531339.0899887,2785,0.6940364837646484,1440.8464445207833,0.900023011775484,0.0050616619586457395,7.763571984588896e-05,0.003947765150840435,0.0,0.0,0.9,2.7755575615628914e-17,2.7755575615628914e-17,9.322055291534843e-17
1772531339.102749,2786,0.7464885711669922,1339.6052379431492,0.9020033092762365,0.0020415566790565327,7.763571984588896e-05,0.003947765150840435,0.0,0.0,0.9,2.7755575615628914e-17,2.7755575615628914e-17,9.325269588689691e-17
1772531339.1152148,2787,0.7495880126953125,1334.0661577608143,0.9015266294963996,0.0004998341944149764,7.763571984588896e-05,0.003947765150840435,0.0,0.0,0.9,2.7755575615628914e-17,2.7755575615628914e-17,9.324700682544841e-17
1772531339.127125,2788,0.49233436584472656,2031.1399515738499,0.8978561564910317,0.003775831761908427,7.763571984588896e-05,0.003947765150840435,0.0,0.0,0.9,2.7755575615628914e-17,2.7755575615628914e-17,9.318389277972997e-17
1772531339.1401227,2789,0.7159709930419922,1396.7046287046287,0.9013691098690944,0.003634268632006945,7.763571984588896e-05,0.003947765150840435,0.0,0.0,0.9,2.7755575615628914e-17,2.7755575615628914e-17,9.323699192732599e-17
1772531339.152733,2790,0.6263256072998047,1596.6136277122193,0.9035648357159165,0.002253030015259049,7.763571984588896e-05,0.003947765150840435,0.0,0.0,0.9,2.7755575615628914e-17,2.7755575615628914e-17,9.327659101892862e-17
1772531339.1649654,2791,0.6923675537109375,1444.3195592286502,0.8997363815699976,0.003953481694257953,7.763571984588896e-05,0.003947765150840435,0.0,0.0,0.9,2.7755575615628914e-17,2.7755575615628914e-17,9.321616319591094e-17
1772531339.1778772,2792,0.7538795471191406,1326.471853257432,0.903200064025945,0.0035672298085387983,7.763571984588896e-05,0.003947765150840435,0.0,0.0,0.9,2.7755575615628914e-17,2.7755575615628914e-17,9.327385170147929e-17
1772531339.1902318,2793,0.7979869842529297,1253.1532715864953,0.9006395023205054,0.0026484468963104907,7.763571984588896e-05,0.003947765150840435,0.0,0.0,0.9,2.7755575615628914e-17,2.7755575615628914e-17,9.323485043761461e-17
1772531339.2024832,2794,0.6570816040039062,1521.8809869375907,0.8999013915533077,0.0007565052673533669,7.763571984588896e-05,0.003947765150840435,0.0,0.0,0.9,2.7755575615628914e-17,2.7755575615628914e-17,9.32210283124443e-17
1772531339.215397,2795,0.8008480072021484,1248.6763917832689,0.9028479330393527,0.003035084594800669,7.763571984588896e-05,0.003947765150840435,0.0,0.0,0.9,4.449557262054371e-16,4.449557262054371e-16,5.551624195910272e-17
1772531339.227742,2796,0.6988048553466797,1431.0146707608326,0.9015459264059481,0.001353595728677267,7.763571984588896e-05,0.003947765150840435,0.0,0.0,0.9,2.7755575615628914e-17,2.7755575615628914e-17,5.760986695841355e-17
1772531339.2398143,2797,0.6592273712158203,1516.9273056057866,0.8978521886664101,0.0037995799122300922,7.763571984588896e-05,0.003947765150840435,0.0,0.0,0.9,2.7755575615628914e-17,2.7755575615628914e-17,5.75544794839197e-17
1772531339.2525432,2798,0.7066726684570312,1415.0823211875843,0.9004044159638824,0.0026490985461865377,7.763571984588896e-05,0.003947765150840435,0.0,0.0,0.9,2.7755575615628914e-17,2.7755575615628914e-17,5.758685327280919e-17
1772531339.2651155,2799,0.7488727569580078,1335.3403374721427,0.9010800391479071,0.0006989564540002724,7.763571984588896e-05,0.003947765150840435,0.0,0.0,0.9,2.7755575615628914e-17,2.7755575615628914e-17,5.759589090756415e-17
1772531339.2772117,2800,0.5526542663574219,1809.4495254529768,0.8988702370692613,0.002271373315222614,7.763571984588896e-05,0.003947765150840435,0.0,0.0,0.9,2.7755575615628914e-17,2.7755575615628914e-17,5.75621749414268e-17
1772531339.2901268,2801,0.6921291351318359,1444.817085773338,0.901960975170516,0.003191791106110719,7.763571984588896e-05,0.003947765150840435,0.0,0.0,0.9,4.449557262054371e-16,4.449557262054371e-16,4.5426927737569755e-17
1772531339.302331,2802,0.7114410400390625,1405.597855227882,0.8988939005735344,0.0031587810503317876,7.763571984588896e-05,0.003947765150840435,0.0,0.0,0.9,2.7755575615628914e-17,2.7755575615628914e-17,4.462937126752685e-17
1772531339.3146093,2803,0.5609989166259766,1782.534636634084,0.8987567216640872,0.0001637201639797564,7.763571984588896e-05,0.003947765150840435,0.0,0.0,0.9,2.7755575615628914e-17,2.7755575615628914e-17,4.461938124683347e-17
1772531339.3279347,2804,0.7948875427246094,1258.0395920815836,0.9051857878941542,0.006620336714934338,7.763571984588896e-05,0.003947765150840435,0.0,0.0,0.9,4.440892098500626e-16,4.440892098500626e-16,6.883576969050983e-17
1772531339.3395746,2805,0.5383491516113281,1857.5305580159434,0.8983143366278171,0.007092310386266605,7.763571984588896e-05,0.003947765150840435,0.0,0.0,0.9,0.0,0.0,6.348656700979293e-17
1772531339.3520308,2806,0.5092620849609375,1963.625468164794,0.8990176075251506,0.0007508232715115348,7.763571984588896e-05,0.003947765150840435,0.0,0.0,0.9,0.0,0.0,6.123841253447915e-17
1772531339.3654234,2807,0.7760524749755859,1288.5726574500768,0.9057757618303681,0.0069557011683752555,7.763571984588896e-05,0.003947765150840435,0.0,0.0,0.9,4.440892098500626e-16,4.440892098500626e-16,1.0330626533052158e-16
1772531339.3770292,2808,0.4985332489013672,2005.8842659014826,0.8986205053121563,0.007388727619255475,7.763571984588896e-05,0.003947765150840435,0.0,0.0,0.9,0.0,0.0,9.837946281297395e-17
1772531339.3899562,2809,0.6403923034667969,1561.5428145941921,0.9021349698967528,0.0036277551350884503,7.763571984588896e-05,0.003947765150840435,0.0,0.0,0.9,0.0,0.0,9.715392363815671e-17
1772531339.4027765,2810,0.7419586181640625,1347.784061696658,0.9039300759300645,0.0018367032482009724,7.763571984588896e-05,0.003947765150840435,0.0,0.0,0.9,0.0,0.0,9.602159314959106e-17
1772531339.4149694,2811,0.5567073822021484,1796.2758029978586,0.9019895193862197,0.002020542911966939,7.763571984588896e-05,0.003947765150840435,0.0,0.0,0.9,0.0,0.0,9.493131831879811e-17
1772531339.4277685,2812,0.637054443359375,1569.7245508982037,0.903853082817797,0.0019078621121268772,7.763571984588896e-05,0.003947765150840435,0.0,0.0,0.9,0.0,0.0,9.41077928374472e-17
1772531339.4401088,2813,0.6988048553466797,1431.0146707608326,0.9012101948707709,0.0027388946712149113,7.763571984588896e-05,0.003947765150840435,0.0,0.0,0.9,0.0,0.0,9.404457976288546e-17
1772531339.4521825,2814,0.5276203155517578,1895.3023045639404,0.8982487513838034,0.003044784339806332,7.763571984588896e-05,0.003947765150840435,0.0,0.0,0.9,0.0,0.0,9.396263709234934e-17
1772531339.4651396,2815,0.6983280181884766,1431.9918060771595,0.9015659853572757,0.0034305886105719724,7.763571984588896e-05,0.003947765150840435,0.0,0.0,0.9,0.0,0.0,9.404527565733129e-17
1772531339.478278,2816,1.0058879852294922,994.1464802085802,0.9054698140897248,0.0040068123833196835,7.763571984588896e-05,0.003947765150840435,0.0,0.0,0.9,0.0,0.0,9.41572754131096e-17
1772531339.4898798,2817,0.6623268127441406,1509.8286537077033,0.8983038971493951,0.007395155518553018,7.763571984588896e-05,0.003947765150840435,0.0,0.0,0.9,0.0,0.0,9.3972869653735e-17
1772531339.5028157,2818,0.7638931274414062,1309.083645443196,0.902045458553814,0.0038664478231636963,7.763571984588896e-05,0.003947765150840435,0.0,0.0,0.9,2.7755575615628914e-17,2.7755575615628914e-17,9.330543552442711e-17
1772531339.515189,2819,0.7114410400390625,1405.597855227882,0.9009212469889973,0.0011619299080860884,7.763571984588896e-05,0.003947765150840435,0.0,0.0,0.9,2.7755575615628914e-17,2.7755575615628914e-17,9.27470402100125e-17
1772531339.527312,2820,0.49948692321777344,2002.054415274463,0.8989321337872244,0.002042465301209088,7.763571984588896e-05,0.003947765150840435,0.0,0.0,0.9,2.7755575615628914e-17,2.7755575615628914e-17,9.233878932852837e-17
1772531339.539953,2821,0.6513595581054688,1535.2503660322109,0.8997605510765152,0.0008744614006790687,7.763571984588896e-05,0.003947765150840435,0.0,0.0,0.9,2.7755575615628914e-17,2.7755575615628914e-17,9.216499188010099e-17
1772531339.5527573,2822,0.7154941558837891,1397.635454848384,0.9022028958165033,0.0025200418028712957,7.763571984588896e-05,0.003947765150840435,0.0,0.0,0.9,2.7755575615628914e-17,2.7755575615628914e-17,9.22024923095424e-17
1772531339.5651624,2823,0.6403923034667969,1561.5428145941921,0.9013336732393389,0.0009016880618829128,7.763571984588896e-05,0.003947765150840435,0.0,0.0,0.9,2.7755575615628914e-17,2.7755575615628914e-17,9.234888205522996e-17
1772531339.5773168,2824,0.6163120269775391,1622.554738878143,0.8986158060356396,0.002794255660679304,7.763571984588896e-05,0.003947765150840435,0.0,0.0,0.9,2.7755575615628914e-17,2.7755575615628914e-17,9.262736470310424e-17
1772531339.5903962,2825,0.7703304290771484,1298.1442277932529,0.9033384993480993,0.004871051244163968,7.763571984588896e-05,0.003947765150840435,0.0,0.0,0.9,2.7755575615628914e-17,2.7755575615628914e-17,9.272055051346927e-17
1772531339.602863,2826,0.7030963897705078,1422.28009494744,0.902955054550297,0.0004247385778141495,7.763571984588896e-05,0.003947765150840435,0.0,0.0,0.9,2.7755575615628914e-17,2.7755575615628914e-17,9.271960486379553e-17
1772531339.614808,2827,0.5848407745361328,1709.867101508357,0.8979882662560973,0.005117023099907664,7.763571984588896e-05,0.003947765150840435,0.0,0.0,0.9,2.7755575615628914e-17,2.7755575615628914e-17,9.261950934039923e-17
1772531339.6279836,2828,0.8540153503417969,1170.9391401451703,0.9030072277864546,0.005180541247417279,7.763571984588896e-05,0.003947765150840435,0.0,0.0,0.9,2.7755575615628914e-17,2.7755575615628914e-17,9.27171611755249e-17
1772531339.640131,2829,0.8292198181152344,1205.9528464634848,0.8997538399330474,0.003356967142995021,7.763571984588896e-05,0.003947765150840435,0.0,0.0,0.9,2.7755575615628914e-17,2.7755575615628914e-17,9.265373342981498e-17
1772531339.6529021,2830,0.7698535919189453,1298.9482812016104,0.9026266637601594,0.002961500236479411,7.763571984588896e-05,0.003947765150840435,0.0,0.0,0.9,2.7755575615628914e-17,2.7755575615628914e-17,9.271113204354107e-17
1772531339.6651726,2831,0.7021427154541016,1424.211884550085,0.9005222334422266,0.00217392340580916,7.763571984588896e-05,0.003947765150840435,0.0,0.0,0.9,2.7755575615628914e-17,2.7755575615628914e-17,9.267112488613027e-17
1772531339.6776588,2832,0.621795654296875,1608.2453987730062,0.9013016391915649,0.0008051810985179162,7.763571984588896e-05,0.003947765150840435,0.0,0.0,0.9,2.7755575615628914e-17,2.7755575615628914e-17,9.268618829663915e-17
1772531339.690213,2833,0.7243156433105469,1380.6135615536537,0.9006444237029525,0.0006767935513676915,7.763571984588896e-05,0.003947765150840435,0.0,0.0,0.9,2.7755575615628914e-17,2.7755575615628914e-17,9.267295676277025e-17
1772531339.702383,2834,0.583648681640625,1713.359477124183,0.898929381105736,0.0017595820361556809,7.763571984588896e-05,0.003947765150840435,0.0,0.0,0.9,2.7755575615628914e-17,2.7755575615628914e-17,9.263501075148024e-17
1772531339.7151642,2835,0.6558895111083984,1524.6470374409305,0.9013699797655818,0.00252484326202036,7.763571984588896e-05,0.003947765150840435,0.0,0.0,0.9,2.7755575615628914e-17,2.7755575615628914e-17,9.268035017083659e-17
1772531339.727279,2836,0.46753883361816406,2138.8597654258033,0.898889894806674,0.002550555604294589,7.763571984588896e-05,0.003947765150840435,0.0,0.0,0.9,2.7755575615628914e-17,2.7755575615628914e-17,9.262824566391125e-17
1772531339.7404735,2837,0.9634494781494141,1037.93714427122,0.9017175618765323,0.002922168356722162,7.763571984588896e-05,0.003947765150840435,0.0,0.0,0.9,2.7755575615628914e-17,2.7755575615628914e-17,9.268167377385749e-17
1772531339.7532835,2838,1.1069774627685547,903.3607581305191,0.9034781073266628,0.0018043518879811299,7.763571984588896e-05,0.003947765150840435,0.0,0.0,0.9,2.7755575615628914e-17,2.7755575615628914e-17,9.272145693467337e-17
1772531339.7654707,2839,0.7779598236083984,1285.4134232301562,0.9028470070685495,0.0006773321691191405,7.763571984588896e-05,0.003947765150840435,0.0,0.0,0.9,2.7755575615628914e-17,2.7755575615628914e-17,9.271581736194751e-17
1772531339.7776158,2840,0.5273818969726562,1896.1591320072332,0.9006389494161173,0.002282995168317108,7.763571984588896e-05,0.003947765150840435,0.0,0.0,0.9,2.7755575615628914e-17,2.7755575615628914e-17,9.267451772554387e-17
1772531339.7902322,2841,0.7538795471191406,1326.471853257432,0.900103118872362,0.0005484268029547423,7.763571984588896e-05,0.003947765150840435,0.0,0.0,0.9,2.7755575615628914e-17,2.7755575615628914e-17,9.266199918761303e-17
1772531339.8021593,2842,0.5540847778320312,1804.777969018933,0.8966783354913563,0.003513906956275949,7.763571984588896e-05,0.003947765150840435,0.0,0.0,0.9,2.7755575615628914e-17,2.7755575615628914e-17,9.258604561416474e-17
1772531339.815478,2843,0.8053779602050781,1241.6530491415037,0.903347705267659,0.006886272302340424,7.763571984588896e-05,0.003947765150840435,0.0,0.0,0.9,2.7755575615628914e-17,2.7755575615628914e-17,9.271458443145499e-17
1772531339.8271902,2844,0.5793571472167969,1726.0510288065843,0.8973623824273081,0.006167085729530071,7.763571984588896e-05,0.003947765150840435,0.0,0.0,0.9,2.7755575615628914e-17,2.7755575615628914e-17,9.259391456648684e-17
1772531339.839978,2845,0.6604194641113281,1514.1891696750902,0.9001729801125113,0.002918792621485873,7.763571984588896e-05,0.003947765150840435,0.0,0.0,0.9,2.7755575615628914e-17,2.7755575615628914e-17,9.264206625523951e-17
1772531339.852485,2846,0.6356239318847656,1573.2573143285822,0.9008598275727202,0.000712145130563456,7.763571984588896e-05,0.003947765150840435,0.0,0.0,0.9,2.7755575615628914e-17,2.7755575615628914e-17,9.265379073428287e-17
1772531339.8652725,2847,0.7529258728027344,1328.1519949335022,0.9025162417280952,0.0017022500755753938,7.763571984588896e-05,0.003947765150840435,0.0,0.0,0.9,2.7755575615628914e-17,2.7755575615628914e-17,9.268855992710549e-17
1772531339.8774946,2848,0.5974769592285156,1673.7047086991222,0.9008945528497491,0.0016792847802815797,7.763571984588896e-05,0.003947765150840435,0.0,0.0,0.9,2.7755575615628914e-17,2.7755575615628914e-17,9.265866100943899e-17
1772531339.8901043,2849,0.6191730499267578,1615.0573738929534,0.9014293129212811,0.0005493261068645736,7.763571984588896e-05,0.003947765150840435,0.0,0.0,0.9,2.7755575615628914e-17,2.7755575615628914e-17,9.266982829149325e-17
1772531339.9022505,2850,0.5488395690917969,1822.02606429192,0.8991316012167894,0.0023650193570141317,7.763571984588896e-05,0.003947765150840435,0.0,0.0,0.9,2.7755575615628914e-17,2.7755575615628914e-17,9.262222517458855e-17
1772531339.9151165,2851,0.6394386291503906,1563.8717375093213,0.9022929907915325,0.003261130626480838,7.763571984588896e-05,0.003947765150840435,0.0,0.0,0.9,2.7755575615628914e-17,2.7755575615628914e-17,9.268391366507325e-17
1772531339.9274864,2852,0.6833076477050781,1463.4696441032797,0.9005628394031492,0.0017888795965468219,7.763571984588896e-05,0.003947765150840435,0.0,0.0,0.9,2.7755575615628914e-17,2.7755575615628914e-17,9.265114760599335e-17
1772531339.9400375,2853,0.583648681640625,1713.359477124183,0.9019693319439277,0.0014471201126866858,7.763571984588896e-05,0.003947765150840435,0.0,0.0,0.9,2.7755575615628914e-17,2.7755575615628914e-17,9.268000621134903e-17
1772531339.952864,2854,0.7615089416503906,1313.1822166562304,0.9034273900519915,0.0014916276357338195,7.763571984588896e-05,0.003947765150840435,0.0,0.0,0.9,2.7755575615628914e-17,2.7755575615628914e-17,9.271457816015219e-17
1772531339.9649048,2855,0.6728172302246094,1486.2877391920624,0.8992515786411664,0.004309674967358244,7.763571984588896e-05,0.003947765150840435,0.0,0.0,0.9,2.7755575615628914e-17,2.7755575615628914e-17,9.263331171874593e-17
1772531339.9772182,2856,0.6022453308105469,1660.4528899445763,0.8984408724627471,0.0008263688124503754,7.763571984588896e-05,0.003947765150840435,0.0,0.0,0.9,2.7755575615628914e-17,2.7755575615628914e-17,9.261075146582885e-17
1772531339.9897635,2857,0.6303787231445312,1586.3479576399395,0.8994178003428189,0.0010282877251047387,7.763571984588896e-05,0.003947765150840435,0.0,0.0,0.9,2.7755575615628914e-17,2.7755575615628914e-17,9.262354291723417e-17
1772531340.0026016,2858,0.6558895111083984,1524.6470374409305,0.9028078238948907,0.0034939096246142387,7.763571984588896e-05,0.003947765150840435,0.0,0.0,0.9,2.7755575615628914e-17,2.7755575615628914e-17,9.269092465547115e-17
1772531340.0147374,2859,0.5676746368408203,1761.572448551029,0.8997564436925234,0.003149669187377536,7.763571984588896e-05,0.003947765150840435,0.0,0.0,0.9,2.7755575615628914e-17,2.7755575615628914e-17,9.263151428863898e-17
1772531340.0278149,2860,0.7307529449462891,1368.4515497553018,0.904118562384728,0.004489381212814728,7.763571984588896e-05,0.003947765150840435,0.0,0.0,0.9,2.7755575615628914e-17,2.7755575615628914e-17,9.272102019428558e-17
1772531340.0396218,2861,0.5776882171630859,1731.0375567478334,0.8981568063467252,0.006149659822572745,7.763571984588896e-05,0.003947765150840435,0.0,0.0,0.9,2.7755575615628914e-17,2.7755575615628914e-17,9.260373386915793e-17
1772531340.0526485,2862,0.6215572357177734,1608.862293824319,0.9037092867253598,0.005724993128272654,7.763571984588896e-05,0.003947765150840435,0.0,0.0,0.9,2.7755575615628914e-17,2.7755575615628914e-17,9.271361133568937e-17
1772531340.0651963,2863,0.8647441864013672,1156.411359250069,0.9021059419964359,0.001672512168521432,7.763571984588896e-05,0.003947765150840435,0.0,0.0,0.9,2.7755575615628914e-17,2.7755575615628914e-17,9.268817024457162e-17
1772531340.0774815,2864,0.6430149078369141,1555.1738969225064,0.9009208996579045,0.0012272796814159401,7.763571984588896e-05,0.003947765150840435,0.0,0.0,0.9,2.7755575615628914e-17,2.7755575615628914e-17,9.266669626940899e-17
1772531340.090114,2865,0.7483959197998047,1336.19114367633,0.9015463932221945,0.0006427011648314282,7.763571984588896e-05,0.003947765150840435,0.0,0.0,0.9,2.7755575615628914e-17,2.7755575615628914e-17,9.268016077162144e-17
1772531340.1021714,2866,0.4966259002685547,2013.588094095055,0.89893532856808,0.002687203689059712,7.763571984588896e-05,0.003947765150840435,0.0,0.0,0.9,2.7755575615628914e-17,2.7755575615628914e-17,9.262636234352791e-17
1772531340.1148,2867,0.5326271057128906,1877.4861235452104,0.9005245878555351,0.0016501878552141588,7.763571984588896e-05,0.003947765150840435,0.0,0.0,0.9,2.7809732887839817e-17,2.7809732887839817e-17,9.265274934929847e-17
1772531340.1273603,2868,0.568389892578125,1759.3557046979865,0.9009250852418695,0.0004152535957126314,7.763571984588896e-05,0.003947765150840435,0.0,0.0,0.9,2.7809732887839817e-17,2.7809732887839817e-17,9.265909147343561e-17
1772531340.1398408,2869,0.5342960357666016,1871.6215975011155,0.9011242408824591,0.00020499913362043075,7.763571984588896e-05,0.003947765150840435,0.0,0.0,0.9,2.7809732887839817e-17,2.7809732887839817e-17,9.26627061840318e-17
1772531340.152741,2870,0.7159709930419922,1396.7046287046287,0.9033312251649004,0.0022663575019914468,7.763571984588896e-05,0.003947765150840435,0.0,0.0,0.9,2.7809732887839817e-17,2.7809732887839817e-17,9.271030257936685e-17
1772531340.165191,2871,0.6852149963378906,1459.3959638135004,0.9025899494045349,0.0007868248441958281,7.763571984588896e-05,0.003947765150840435,0.0,0.0,0.9,2.7809732887839817e-17,2.7809732887839817e-17,9.270222653134504e-17
1772531340.1771176,2872,0.5121231079101562,1952.655493482309,0.8984693213897176,0.004245662579778349,7.763571984588896e-05,0.003947765150840435,0.0,0.0,0.9,2.7755575615628914e-17,2.7755575615628914e-17,9.261940276577466e-17
1772531340.190264,2873,0.7467269897460938,1339.1775223499362,0.9031373914059587,0.004815314089569881,7.763571984588896e-05,0.003947765150840435,0.0,0.0,0.9,2.7809732887839817e-17,2.7809732887839817e-17,9.27118639363808e-17
1772531340.2026174,2874,0.6325244903564453,1580.966453071994,0.9022838263546926,0.000897568962135802,7.763571984588896e-05,0.003947765150840435,0.0,0.0,0.9,2.7755575615628914e-17,2.7755575615628914e-17,9.270047133841013e-17
1772531340.2149227,2875,0.6434917449951172,1554.0214894405335,0.8997657317682611,0.002596409155908144,7.763571984588896e-05,0.003947765150840435,0.0,0.0,0.9,2.7755575615628914e-17,2.7755575615628914e-17,9.265084384647962e-17
1772531340.2278435,2876,0.7576942443847656,1319.7935808684708,0.9030640701129731,0.003398259960510013,7.763571984588896e-05,0.003947765150840435,0.0,0.0,0.9,2.7809732887839817e-17,2.7809732887839817e-17,9.271849613703589e-17
1772531340.2400932,2877,0.7631778717041016,1310.3105279600125,0.9002335325711609,0.002923176397259792,7.763571984588896e-05,0.003947765150840435,0.0,0.0,0.9,0.0,0.0,9.231046728367592e-17
1772531340.2525432,2878,0.6251335144042969,1599.6582761250954,0.9008229171454045,0.0006132745694263391,7.763571984588896e-05,0.003947765150840435,0.0,0.0,0.9,2.7755575615628914e-17,2.7755575615628914e-17,9.26746763522286e-17
1772531340.2653067,2879,0.6937980651855469,1441.3415807560139,0.9026276377687457,0.0018562566113670782,7.763571984588896e-05,0.003947765150840435,0.0,0.0,0.9,2.7755575615628914e-17,2.7755575615628914e-17,9.271274952077145e-17
1772531340.2776315,2880,0.6620883941650391,1510.372344256392,0.9012073910645212,0.0014711539750390371,7.763571984588896e-05,0.003947765150840435,0.0,0.0,0.9,2.7755575615628914e-17,2.7755575615628914e-17,9.268748829461916e-17
1772531340.28965,2881,0.5490779876708984,1821.234910985671,0.8972715794597143,0.0040451871247276176,7.763571984588896e-05,0.003947765150840435,0.0,0.0,0.9,0.0,0.0,9.224948998968005e-17
1772531340.3025548,2882,0.5812644958496094,1720.3872026251026,0.901127488312168,0.003993809428712746,7.763571984588896e-05,0.003947765150840435,0.0,0.0,0.9,2.7755575615628914e-17,2.7755575615628914e-17,9.267428154334308e-17
1772531340.3149967,2883,0.6422996520996094,1556.90571640683,0.9010309437542443,9.923982914843676e-05,7.763571984588896e-05,0.003947765150840435,0.0,0.0,0.9,2.7755575615628914e-17,2.7755575615628914e-17,9.267227836344126e-17
1772531340.3272915,2884,0.5550384521484375,1801.6769759450171,0.8992850692288176,0.0017934717157263318,7.763571984588896e-05,0.003947765150840435,0.0,0.0,0.9,2.7755575615628914e-17,2.7755575615628914e-17,9.263476425906883e-17
1772531340.3401709,2885,0.6768703460693359,1477.387812610074,0.902213206727659,0.0030222756696535705,7.763571984588896e-05,0.003947765150840435,0.0,0.0,0.9,2.7755575615628914e-17,2.7755575615628914e-17,9.269160821610192e-17
1772531340.3521411,2886,0.47206878662109375,2118.3353535353535,0.8986384098573306,0.003681459044766471,7.763571984588896e-05,0.003947765150840435,0.0,0.0,0.9,0.0,0.0,9.226443427352425e-17
1772531340.364642,2887,0.4837512969970703,2067.1779201577133,0.8992919830405541,0.0006987991025856206,7.763571984588896e-05,0.003947765150840435,0.0,0.0,0.9,2.7755575615628914e-17,2.7755575615628914e-17,9.262497063103052e-17
1772531340.3780174,2888,0.77056884765625,1297.7425742574258,0.9057714865141048,0.006668639378587937,7.763571984588896e-05,0.003947765150840435,0.0,0.0,0.9,2.7755575615628914e-17,2.7755575615628914e-17,9.275797774951208e-17
1772531340.389487,2889,0.4696846008300781,2129.0883248730966,0.8972709585048886,0.008769463117532305,7.763571984588896e-05,0.003947765150840435,0.0,0.0,0.9,0.0,0.0,9.223666265277576e-17
1772531340.402516,2890,0.45609474182128906,2192.526921066388,0.90304088288318,0.005956752770627688,7.763571984588896e-05,0.003947765150840435,0.0,0.0,0.9,2.7755575615628914e-17,2.7755575615628914e-17,9.2702623526693e-17
1772531340.4147506,2891,0.48232078552246094,2073.308947108255,0.9000253343759644,0.003114158025432476,7.763571984588896e-05,0.003947765150840435,0.0,0.0,0.9,0.0,0.0,9.229043687915242e-17
1772531340.4273317,2892,0.5016326904296875,1993.490494296578,0.9009476218006279,0.0009549720623094919,7.763571984588896e-05,0.003947765150840435,0.0,0.0,0.9,2.7755575615628914e-17,2.7755575615628914e-17,9.266118510399346e-17
1772531340.439879,2893,0.6992816925048828,1430.0388680531878,0.8999811395100773,0.0009931507583296703,7.763571984588896e-05,0.003947765150840435,0.0,0.0,0.9,2.7755575615628914e-17,2.7755575615628914e-17,9.264036066876685e-17
1772531340.4525046,2894,0.7066726684570312,1415.0823211875843,0.9009593285207883,0.001012634185149627,7.763571984588896e-05,0.003947765150840435,0.0,0.0,0.9,2.7755575615628914e-17,2.7755575615628914e-17,9.265799908215999e-17
1772531340.4648733,2895,0.522613525390625,1913.4598540145985,0.9018593555959201,0.0009244918522001551,7.763571984588896e-05,0.003947765150840435,0.0,0.0,0.9,2.7755575615628914e-17,2.7755575615628914e-17,9.267711205736381e-17
1772531340.4778228,2896,0.7381439208984375,1354.749354005168,0.9039294178477305,0.002120815710401897,7.763571984588896e-05,0.003947765150840435,0.0,0.0,0.9,2.7755575615628914e-17,2.7755575615628914e-17,9.272431572120914e-17
1772531340.4903123,2897,0.7348060607910156,1360.9033095392601,0.9033010671246203,0.0006839809977694011,7.763571984588896e-05,0.003947765150840435,0.0,0.0,0.9,0.0,0.0,9.236698468602053e-17
1772531340.5024219,2898,0.6067752838134766,1648.0565815324164,0.8998484206463826,0.0035653090362812137,7.763571984588896e-05,0.003947765150840435,0.0,0.0,0.9,0.0,0.0,9.23002058180161e-17
1772531340.5152445,2899,0.7443428039550781,1343.4670083279948,0.902219112417952,0.002444120469580116,7.763571984588896e-05,0.003947765150840435,0.0,0.0,0.9,2.7755575615628914e-17,2.7755575615628914e-17,9.270167687817925e-17
1772531340.5277162,2900,0.7572174072265625,1320.624685138539,0.9008151563840093,0.001451851458733518,7.763571984588896e-05,0.003947765150840435,0.0,0.0,0.9,2.7755575615628914e-17,2.7755575615628914e-17,9.267571982454919e-17
1772531340.5398426,2901,0.6177425384521484,1618.7973755306832,0.898906912796256,0.001959430235897709,7.763571984588896e-05,0.003947765150840435,0.0,0.0,0.9,0.0,0.0,9.228024154656044e-17
1772531340.5524592,2902,0.6563663482666016,1523.5394115510353,0.900155406956403,0.0013024207851533136,7.763571984588896e-05,0.003947765150840435,0.0,0.0,0.9,2.7755575615628914e-17,2.7755575615628914e-17,9.265448909742714e-17
1772531340.5651202,2903,0.6842613220214844,1461.4299651567944,0.9016229170044765,0.0015148006829101613,7.763571984588896e-05,0.003947765150840435,0.0,0.0,0.9,2.7755575615628914e-17,2.7755575615628914e-17,9.268305124440043e-17
1772531340.577379,2904,0.6654262542724609,1502.7961304192045,0.8996988636478297,0.001980955808039956,7.763571984588896e-05,0.003947765150840435,0.0,0.0,0.9,0.0,0.0,9.228959432004227e-17
1772531340.5902448,2905,0.7395744323730469,1352.1289490651193,0.9025199893063552,0.002908582518542917,7.763571984588896e-05,0.003947765150840435,0.0,0.0,0.9,2.7755575615628914e-17,2.7755575615628914e-17,9.26998234552354e-17
1772531340.6024835,2906,0.7331371307373047,1364.0013008130081,0.8999322492835697,0.0026697893123047746,7.763571984588896e-05,0.003947765150840435,0.0,0.0,0.9,0.0,0.0,9.229507533928976e-17
1772531340.6145577,2907,0.5257129669189453,1902.1786848072563,0.8976601920202752,0.002328308955749439,7.763571984588896e-05,0.003947765150840435,0.0,0.0,0.9,2.7755575615628914e-17,2.7755575615628914e-17,9.259722005458006e-17
1772531340.6278856,2908,0.7781982421875,1285.0196078431372,0.9043079166306236,0.0068551833389241135,7.763571984588896e-05,0.003947765150840435,0.0,0.0,0.9,2.7755575615628914e-17,2.7755575615628914e-17,9.272850300579039e-17
1772531340.6395204,2909,0.5037784576416016,1984.9995267392333,0.8977125759130736,0.0068009909009445636,7.763571984588896e-05,0.003947765150840435,0.0,0.0,0.9,0.0,0.0,9.224335937629426e-17
1772531340.6520073,2910,0.46753883361816406,2138.8597654258033,0.8987983086343941,0.001150053372475682,7.763571984588896e-05,0.003947765150840435,0.0,0.0,0.9,2.7755575615628914e-17,2.7755575615628914e-17,9.261046335365401e-17
1772531340.6653516,2911,0.743865966796875,1344.3282051282051,0.9050639660948512,0.0064526480337587675,7.763571984588896e-05,0.003947765150840435,0.0,0.0,0.9,2.7755575615628914e-17,2.7755575615628914e-17,9.273724110666725e-17
1772531340.6776605,2912,0.9679794311523438,1033.079802955665,0.9003584494143057,0.004866534448780394,7.763571984588896e-05,0.003947765150840435,0.0,0.0,0.9,0.0,0.0,9.229533809557044e-17
1772531340.6902664,2913,1.0046958923339844,995.3260560037969,0.9016626774274115,0.0013440334771870363,7.763571984588896e-05,0.003947765150840435,0.0,0.0,0.9,2.7755575615628914e-17,2.7755575615628914e-17,9.267537103811993e-17
1772531340.7031538,2914,1.051187515258789,951.305057836244,0.9044710044029052,0.002880167236861138,7.763571984588896e-05,0.003947765150840435,0.0,0.0,0.9,2.7755575615628914e-17,2.7755575615628914e-17,9.273785724169117e-17
1772531340.7152994,2915,0.7927417755126953,1261.4448120300751,0.9022042449613527,0.0023595126491865012,7.763571984588896e-05,0.003947765150840435,0.0,0.0,0.9,2.7755575615628914e-17,2.7755575615628914e-17,9.270065601428651e-17
1772531340.727732,2916,0.9806156158447266,1019.767566253343,0.9000414452780124,0.002231563013978612,7.763571984588896e-05,0.003947765150840435,0.0,0.0,0.9,0.0,0.0,9.230454564639744e-17
1772531340.7408152,2917,1.1327266693115234,882.8255104188592,0.9041691734415311,0.004247369901653648,7.763571984588896e-05,0.003947765150840435,0.0,0.0,0.9,2.7755575615628914e-17,2.7755575615628914e-17,9.274431938658583e-17
1772531340.7522202,2918,0.5843639373779297,1711.2623419012648,0.8976911156359354,0.006679206973984983,7.763571984588896e-05,0.003947765150840435,0.0,0.0,0.9,0.0,0.0,9.226158045697065e-17
1772531340.7649424,2919,0.7786750793457031,1284.232700551133,0.899192150521664,0.001575238852725683,7.763571984588896e-05,0.003947765150840435,0.0,0.0,0.9,2.7755575615628914e-17,2.7755575615628914e-17,9.263764758493041e-17
1772531340.77787,2920,0.8788108825683594,1137.901247965274,0.902634751933126,0.0035513704491297094,7.763571984588896e-05,0.003947765150840435,0.0,0.0,0.9,2.7755575615628914e-17,2.7755575615628914e-17,9.270542546557567e-17
1772531340.7900438,2921,0.5846023559570312,1710.5644371941273,0.9017425233937961,0.0009304052071674002,7.763571984588896e-05,0.003947765150840435,0.0,0.0,0.9,2.7755575615628914e-17,2.7755575615628914e-17,9.269141775276827e-17
1772531340.802803,2922,0.7207393646240234,1387.4641085014887,0.90261021637009,0.000887601396924192,7.763571984588896e-05,0.003947765150840435,0.0,0.0,0.9,2.7755575615628914e-17,2.7755575615628914e-17,9.271237300706156e-17
1772531340.8153327,2923,0.7214546203613281,1386.088565763384,0.9023543986453861,0.0002836854630528661,7.763571984588896e-05,0.003947765150840435,0.0,0.0,0.9,2.7755575615628914e-17,2.7755575615628914e-17,9.271208120627269e-17
1772531340.8278143,2924,0.6926059722900391,1443.8223752151464,0.9019412252802848,0.0004373438397221246,7.763571984588896e-05,0.003947765150840435,0.0,0.0,0.9,2.7755575615628914e-17,2.7755575615628914e-17,9.270764111446985e-17
1772531340.8402503,2925,0.7059574127197266,1416.516041877744,0.900812380684163,0.0011659273466010187,7.763571984588896e-05,0.003947765150840435,0.0,0.0,0.9,0.0,0.0,9.233265129158065e-17
1772531340.8525143,2926,0.6709098815917969,1490.5131485429993,0.8989162745050361,0.001946222371063425,7.763571984588896e-05,0.003947765150840435,0.0,0.0,0.9,0.0,0.0,9.229111707499981e-17
1772531340.8649094,2927,0.6656646728515625,1502.2578796561604,0.89861626289731,0.00031656546333453934,7.763571984588896e-05,0.003947765150840435,0.0,0.0,0.9,2.7755575615628914e-17,2.7755575615628914e-17,9.263209498328353e-17
1772531340.8779416,2928,0.8552074432373047,1169.3069417340396,0.9023299259875455,0.0038355386060583154,7.763571984588896e-05,0.003947765150840435,0.0,0.0,0.9,2.237726045655905e-16,2.237726045655905e-16,8.825506748887456e-17
1772531340.8899143,2929,0.5974769592285156,1673.7047086991222,0.899239352271258,0.003184014928497415,7.763571984588896e-05,0.003947765150840435,0.0,0.0,0.9,2.7755575615628914e-17,2.7755575615628914e-17,8.856600742234735e-17
1772531340.902748,2930,0.7271766662597656,1375.1816393442623,0.9016123903755116,0.0024531375981742608,7.763571984588896e-05,0.003947765150840435,0.0,0.0,0.9,2.237726045655905e-16,2.237726045655905e-16,9.23191504438731e-17
1772531340.9152446,2931,0.7283687591552734,1372.9309328968905,0.9014450011347205,0.00017717038386142497,7.763571984588896e-05,0.003947765150840435,0.0,0.0,0.9,2.7755575615628914e-17,2.7755575615628914e-17,9.177796542032086e-17
1772531340.927161,2932,0.5931854248046875,1685.813504823151,0.8970841916379799,0.004483919214805361,7.763571984588896e-05,0.003947765150840435,0.0,0.0,0.9,2.7755575615628914e-17,2.7755575615628914e-17,9.169710707787462e-17
1772531340.9402406,2933,0.7078647613525391,1412.6992253283934,0.9022662140446213,0.005355831790941202,7.763571984588896e-05,0.003947765150840435,0.0,0.0,0.9,2.7755575615628914e-17,2.7755575615628914e-17,9.178321035508784e-17
1772531340.9525542,2934,0.6589889526367188,1517.4761215629521,0.9006970889593281,0.0016217125986698264,7.763571984588896e-05,0.003947765150840435,0.0,0.0,0.9,2.7755575615628914e-17,2.7755575615628914e-17,9.175690325138969e-17
1772531340.9652781,2935,0.7367134094238281,1357.379935275081,0.9022163796509464,0.0015630806267643912,7.763571984588896e-05,0.003947765150840435,0.0,0.0,0.9,2.7755575615628914e-17,2.7755575615628914e-17,9.178442910572761e-17
1772531340.9777684,2936,0.7827281951904297,1277.5826987511423,0.9015929115857316,0.0006521151904444014,7.763571984588896e-05,0.003947765150840435,0.0,0.0,0.9,2.7755575615628914e-17,2.7755575615628914e-17,9.177596535862622e-17
1772531340.9899461,2937,0.6747245788574219,1482.086219081272,0.8993885512214008,0.002269514761540441,7.763571984588896e-05,0.003947765150840435,0.0,0.0,0.9,2.7755575615628914e-17,2.7755575615628914e-17,9.173613161139075e-17
1772531341.0028634,2938,0.7457733154296875,1340.8900255754477,0.9028464958034674,0.003564403997231063,7.763571984588896e-05,0.003947765150840435,0.0,0.0,0.9,2.7809732887839817e-17,2.7809732887839817e-17,9.179511297250191e-17
1772531341.0153182,2939,0.7212162017822266,1386.5467768595042,0.9022748512679352,0.000607964361156397,7.763571984588896e-05,0.003947765150840435,0.0,0.0,0.9,2.7809732887839817e-17,2.7809732887839817e-17,9.178840738007662e-17
1772531341.0275223,2940,0.6246566772460938,1600.879389312977,0.9000193117003624,0.002327323045049952,7.763571984588896e-05,0.003947765150840435,0.0,0.0,0.9,2.7755575615628914e-17,2.7755575615628914e-17,9.174966761936413e-17
1772531341.0396173,2941,0.46896934509277344,2132.3355363497712,0.8975012690276438,0.0025818701135893554,7.763571984588896e-05,0.003947765150840435,0.0,0.0,0.9,2.7755575615628914e-17,2.7755575615628914e-17,9.169973475832382e-17
1772531341.0522568,2942,0.5235671997070312,1909.9744990892532,0.8995905237520735,0.002177917265539237,7.763571984588896e-05,0.003947765150840435,0.0,0.0,0.9,2.7809732887839817e-17,2.7809732887839817e-17,9.172821464690812e-17
1772531341.0648396,2943,0.6749629974365234,1481.5626986930413,0.899369086200731,0.0002290907104614241,7.763571984588896e-05,0.003947765150840435,0.0,0.0,0.9,2.7809732887839817e-17,2.7809732887839817e-17,9.171942123745076e-17
1772531341.0771616,2944,0.5583763122558594,1790.9069171648164,0.899302588927089,9.732498696309135e-05,7.763571984588896e-05,0.003947765150840435,0.0,0.0,0.9,2.7809732887839817e-17,2.7809732887839817e-17,9.171320654844949e-17
1772531341.0899644,2945,0.5297660827636719,1887.6255625562555,0.9030785440240447,0.003891070650724028,7.763571984588896e-05,0.003947765150840435,0.0,0.0,0.9,2.7809732887839817e-17,2.7809732887839817e-17,9.177927567605479e-17
1772531341.102808,2946,0.7603168487548828,1315.2411414236437,0.9037998839207504,0.0007358156957444455,7.763571984588896e-05,0.003947765150840435,0.0,0.0,0.9,2.7809732887839817e-17,2.7809732887839817e-17,9.17990256987576e-17
1772531341.114676,2947,0.5154609680175781,1940.0111008325625,0.8991412640573665,0.004808969045888001,7.763571984588896e-05,0.003947765150840435,0.0,0.0,0.9,2.7755575615628914e-17,2.7755575615628914e-17,9.17193119885993e-17
1772531341.1273437,2948,0.5173683166503906,1932.8589861751152,0.9012037922711313,0.00213231840356907,7.763571984588896e-05,0.003947765150840435,0.0,0.0,0.9,2.7809732887839817e-17,2.7809732887839817e-17,9.175382084153967e-17
1772531341.1398327,2949,0.6101131439208984,1639.0402500976945,0.9003234406735686,0.0009073398855087064,7.763571984588896e-05,0.003947765150840435,0.0,0.0,0.9,2.7809732887839817e-17,2.7809732887839817e-17,9.173903104304398e-17
1772531341.152808,2950,0.7309913635253906,1368.0052185257664,0.9039469354349791,0.003726124564397892,7.763571984588896e-05,0.003947765150840435,0.0,0.0,0.9,2.7809732887839817e-17,2.7809732887839817e-17,9.180684030216047e-17
1772531341.1647573,2951,0.6077289581298828,1645.4703805413887,0.8993389293602998,0.004757978180840293,7.763571984588896e-05,0.003947765150840435,0.0,0.0,0.9,2.7755575615628914e-17,2.7755575615628914e-17,9.172849116757446e-17
1772531341.177811,2952,0.7531642913818359,1327.7315606204495,0.9037117354460773,0.004503513397100675,7.763571984588896e-05,0.003947765150840435,0.0,0.0,0.9,2.7809732887839817e-17,2.7809732887839817e-17,9.180818156407135e-17
1772531341.1901815,2953,0.7696151733398438,1299.3506815365552,0.9016365627708742,0.0021559411701308805,7.763571984588896e-05,0.003947765150840435,0.0,0.0,0.9,2.7755575615628914e-17,2.7755575615628914e-17,9.17751338068288e-17
1772531341.2026126,2954,0.7052421569824219,1417.9526707234618,0.9012764220434708,0.0003769524047059425,7.763571984588896e-05,0.003947765150840435,0.0,0.0,0.9,2.7755575615628914e-17,2.7755575615628914e-17,9.177047185073866e-17
1772531341.2149234,2955,0.6279945373535156,1592.3705391040244,0.9001764847909988,0.0011326202590148144,7.763571984588896e-05,0.003947765150840435,0.0,0.0,0.9,2.7755575615628914e-17,2.7755575615628914e-17,9.175085245789387e-17
1772531341.2278411,2956,0.7092952728271484,1409.8500840336135,0.9034760755714115,0.0033955467983651636,7.763571984588896e-05,0.003947765150840435,0.0,0.0,0.9,2.7755575615628914e-17,2.7755575615628914e-17,9.18109230948263e-17
1772531341.2400954,2957,0.6597042083740234,1515.8308637513553,0.9010206625110806,0.0025424338103178265,7.763571984588896e-05,0.003947765150840435,0.0,0.0,0.9,2.7755575615628914e-17,2.7755575615628914e-17,9.177182274768284e-17
1772531341.2522867,2958,0.6043910980224609,1654.5577909270216,0.8984247015186928,0.002667650717294257,7.763571984588896e-05,0.003947765150840435,0.0,0.0,0.9,2.7755575615628914e-17,2.7755575615628914e-17,9.172333510376361e-17
1772531341.2653942,2959,0.7405281066894531,1350.3876368319382,0.9035507921951138,0.005286373842161328,7.763571984588896e-05,0.003947765150840435,0.0,0.0,0.9,2.7755575615628914e-17,2.7755575615628914e-17,9.181270355082619e-17
1772531341.2773707,2960,0.6513595581054688,1535.2503660322109,0.8987621378543938,0.00493855265301455,7.763571984588896e-05,0.003947765150840435,0.0,0.0,0.9,2.7755575615628914e-17,2.7755575615628914e-17,9.172977134132407e-17
1772531341.2895632,2961,0.5538463592529297,1805.554885923375,0.8975400389377599,0.00124632536066525,7.763571984588896e-05,0.003947765150840435,0.0,0.0,0.9,2.7755575615628914e-17,2.7755575615628914e-17,9.17006605222066e-17
1772531341.3026686,2962,0.7002353668212891,1428.0912495743955,0.9026443823366913,0.005271975498640305,7.763571984588896e-05,0.003947765150840435,0.0,0.0,0.9,2.7755575615628914e-17,2.7755575615628914e-17,9.178671697489908e-17
1772531341.314573,2963,0.5309581756591797,1883.3875168387965,0.8982464040539146,0.004530609323881,7.763571984588896e-05,0.003947765150840435,0.0,0.0,0.9,2.7755575615628914e-17,2.7755575615628914e-17,9.170848887174159e-17
1772531341.3270822,2964,0.5145072937011719,1943.6070435588508,0.8992694954330109,0.0010794466408996473,7.763571984588896e-05,0.003947765150840435,0.0,0.0,0.9,2.7755575615628914e-17,2.7755575615628914e-17,9.171982121444663e-17
1772531341.34034,2965,0.7441043853759766,1343.8974687600128,0.9049700634656921,0.005868700489283709,7.763571984588896e-05,0.003947765150840435,0.0,0.0,0.9,2.7755575615628914e-17,2.7755575615628914e-17,9.182197484295503e-17
1772531341.3522992,2966,0.5054473876953125,1978.445283018868,0.9009103032644534,0.0042027252345688245,7.763571984588896e-05,0.003947765150840435,0.0,0.0,0.9,2.7755575615628914e-17,2.7755575615628914e-17,9.175654438777097e-17
1772531341.3650174,2967,0.49304962158203125,2028.193423597679,0.902855749511876,0.0019988429573060598,7.763571984588896e-05,0.003947765150840435,0.0,0.0,0.9,2.7755575615628914e-17,2.7755575615628914e-17,9.179300315412578e-17
1772531341.3779469,2968,0.7982254028320312,1252.778972520908,0.9041447950973959,0.0013151058583599647,7.763571984588896e-05,0.003947765150840435,0.0,0.0,0.9,2.7755575615628914e-17,2.7755575615628914e-17,9.182270434481722e-17
1772531341.3898602,2969,0.5970001220703125,1675.0415335463258,0.8999750267846027,0.004308517070593601,7.763571984588896e-05,0.003947765150840435,0.0,0.0,0.9,2.7755575615628914e-17,2.7755575615628914e-17,9.175324521768149e-17
1772531341.4028335,2970,0.762939453125,1310.72,0.9026387921851546,0.0027441931167121254,7.763571984588896e-05,0.003947765150840435,0.0,0.0,0.9,2.7755575615628914e-17,2.7755575615628914e-17,9.180083981025546e-17
1772531341.4153504,2971,0.7841587066650391,1275.2520522955306,0.9023466846395767,0.00032159471809721887,7.763571984588896e-05,0.003947765150840435,0.0,0.0,0.9,2.7755575615628914e-17,2.7755575615628914e-17,9.180017591064425e-17
1772531341.4277108,2972,0.5967617034912109,1675.7107471034758,0.9018482039149406,0.0005247562952893419,7.763571984588896e-05,0.003947765150840435,0.0,0.0,0.9,2.7755575615628914e-17,2.7755575615628914e-17,9.179482104731907e-17
1772531341.440256,2973,0.7538795471191406,1326.471853257432,0.9007838007307409,0.0010992479072889072,7.763571984588896e-05,0.003947765150840435,0.0,0.0,0.9,2.7755575615628914e-17,2.7755575615628914e-17,9.177737775623321e-17
1772531341.4519937,2974,0.46563148498535156,2147.621095750128,0.8958622937555117,0.005055816247477942,7.763571984588896e-05,0.003947765150840435,0.0,0.0,0.9,2.7755575615628914e-17,2.7755575615628914e-17,9.168451632464105e-17
1772531341.4652624,2975,0.7176399230957031,1393.4564784053157,0.9021983026525459,0.006552910495791101,7.763571984588896e-05,0.003947765150840435,0.0,0.0,0.9,2.7755575615628914e-17,2.7755575615628914e-17,9.178908533039717e-17
1772531341.477731,2976,0.8225440979003906,1215.7402898550724,0.9009328715322396,0.0013081694826376435,7.763571984588896e-05,0.003947765150840435,0.0,0.0,0.9,2.7755575615628914e-17,2.7755575615628914e-17,9.17683633481431e-17
1772531341.4898658,2977,0.6275177001953125,1593.580547112462,0.8990034611224174,0.0019813492416107643,7.763571984588896e-05,0.003947765150840435,0.0,0.0,0.9,2.7755575615628914e-17,2.7755575615628914e-17,9.173172336027001e-17
1772531341.502514,2978,0.6723403930664062,1487.3418439716313,0.9004800568456286,0.001535504392762723,7.763571984588896e-05,0.003947765150840435,0.0,0.0,0.9,2.7755575615628914e-17,2.7755575615628914e-17,9.175364628624107e-17
1772531341.5153415,2979,0.7658004760742188,1305.8231631382316,0.9030084319761623,0.0026019521689533394,7.763571984588896e-05,0.003947765150840435,0.0,0.0,0.9,2.7755575615628914e-17,2.7755575615628914e-17,9.179950938822689e-17
1772531341.5277224,2980,0.6163120269775391,1622.554738878143,0.9026705970577029,0.0003739574631326465,7.763571984588896e-05,0.003947765150840435,0.0,0.0,0.9,2.7755575615628914e-17,2.7755575615628914e-17,9.179861191978146e-17
1772531341.5399313,2981,0.720977783203125,1387.005291005291,0.8987810086299031,0.004008418742871285,7.763571984588896e-05,0.003947765150840435,0.0,0.0,0.9,2.7755575615628914e-17,2.7755575615628914e-17,9.173008273878493e-17
1772531341.5528162,2982,0.7519721984863281,1329.8363982244769,0.9023962072995193,0.003731753664480731,7.763571984588896e-05,0.003947765150840435,0.0,0.0,0.9,2.7755575615628914e-17,2.7755575615628914e-17,9.17918264633674e-17
1772531341.565253,2983,0.7250308990478516,1379.2515619861888,0.901615302141862,0.0008143342499080399,7.763571984588896e-05,0.003947765150840435,0.0,0.0,0.9,2.7755575615628914e-17,2.7755575615628914e-17,9.178094819862398e-17
1772531341.5776916,2984,0.6251335144042969,1599.6582761250954,0.9020907473872323,0.0004854901719587029,7.763571984588896e-05,0.003947765150840435,0.0,0.0,0.9,2.7755575615628914e-17,2.7755575615628914e-17,9.179162477412114e-17
1772531341.5902975,2985,0.7534027099609375,1327.3113924050633,0.9013506323285826,0.0007692366107568624,7.763571984588896e-05,0.003947765150840435,0.0,0.0,0.9,2.7755575615628914e-17,2.7755575615628914e-17,9.178076876358383e-17
1772531341.6026323,2986,0.7240772247314453,1381.068159367797,0.8994583423177709,0.0019464170900524748,7.763571984588896e-05,0.003947765150840435,0.0,0.0,0.9,2.7755575615628914e-17,2.7755575615628914e-17,9.174618609729082e-17
1772531341.6148987,2987,0.6186962127685547,1616.302119460501,0.8989285333412458,0.0005402297863260145,7.763571984588896e-05,0.003947765150840435,0.0,0.0,0.9,2.7755575615628914e-17,2.7755575615628914e-17,9.17318895697023e-17
1772531341.6278756,2988,0.7522106170654297,1329.4148969889065,0.9027149735539433,0.003906576432546276,7.763571984588896e-05,0.003947765150840435,0.0,0.0,0.9,5.551115123125783e-17,5.551115123125783e-17,9.214544794140264e-17
1772531341.6400769,2989,0.6763935089111328,1478.429326753613,0.8999806167340234,0.002821808140192935,7.763571984588896e-05,0.003947765150840435,0.0,0.0,0.9,2.7755575615628914e-17,2.7755575615628914e-17,9.206966900577185e-17
1772531341.652879,2990,1.027822494506836,972.9306425423335,0.900276551241123,0.0003161278851469823,7.763571984588896e-05,0.003947765150840435,0.0,0.0,0.9,2.7755575615628914e-17,2.7755575615628914e-17,9.207209640423985e-17
1772531341.6657522,2991,1.0602474212646484,943.1760737575894,0.9035972975678872,0.0034170112867990734,7.763571984588896e-05,0.003947765150840435,0.0,0.0,0.9,5.551115123125783e-17,5.551115123125783e-17,9.266458378633942e-17
1772531341.6777778,2992,1.031637191772461,969.3330251906633,0.8986230913197372,0.00512988928149366,7.763571984588896e-05,0.003947765150840435,0.0,0.0,0.9,2.7755575615628914e-17,2.7755575615628914e-17,9.253978321176286e-17
1772531341.6899426,2993,0.804901123046875,1242.3886255924172,0.8980083105911686,0.0006279341337156393,7.763571984588896e-05,0.003947765150840435,0.0,0.0,0.9,2.7755575615628914e-17,2.7755575615628914e-17,9.252235115779664e-17
1772531341.7029805,2994,1.0035037994384766,996.5084343074365,0.9023076232090924,0.004440679280298978,7.763571984588896e-05,0.003947765150840435,0.0,0.0,0.9,5.551115123125783e-17,5.551115123125783e-17,9.330825970218164e-17
1772531341.7152576,2995,1.0035037994384766,996.5084343074365,0.9000723972651029,0.0023065507360903745,7.763571984588896e-05,0.003947765150840435,0.0,0.0,0.9,2.7755575615628914e-17,2.7755575615628914e-17,9.321601049130274e-17
1772531341.727555,2996,0.8370876312255859,1194.6180575334663,0.8995576954474493,0.0005248420944938679,7.763571984588896e-05,0.003947765150840435,0.0,0.0,0.9,2.7755575615628914e-17,2.7755575615628914e-17,9.320422157563538e-17
1772531341.7407687,2997,1.0809898376464844,925.0780767534186,0.904790758507709,0.0053858795030373025,7.763571984588896e-05,0.003947765150840435,0.0,0.0,0.9,5.551115123125783e-17,5.551115123125783e-17,9.419024769066491e-17
1772531341.7524586,2998,0.8466243743896484,1181.161362996339,0.898129932485916,0.006872619852301386,7.763571984588896e-05,0.003947765150840435,0.0,0.0,0.9,2.7755575615628914e-17,2.7755575615628914e-17,9.401383461363831e-17
1772531341.7654846,2999,0.8182525634765625,1222.1165501165501,0.9037575095485707,0.005802543642483923,7.763571984588896e-05,0.003947765150840435,0.0,0.0,0.9,2.7755575615628914e-17,2.7755575615628914e-17,9.410587111155648e-17
1772531341.7778406,3000,0.9829998016357422,1017.2942032500606,0.9004010923501912,0.0034706385593062192,7.763571984588896e-05,0.003947765150840435,0.0,0.0,0.9,2.7755575615628914e-17,2.7755575615628914e-17,9.40538906639239e-17
1772531341.7901092,3001,0.9009838104248047,1109.8978565758136,0.8992271730950734,0.0012031950686277417,7.763571984588896e-05,0.003947765150840435,0.0,0.0,0.9,2.7755575615628914e-17,2.7755575615628914e-17,9.40315470798356e-17
1772531341.8031135,3002,1.027822494506836,972.9306425423335,0.9034492617246861,0.004350129234236686,7.763571984588896e-05,0.003947765150840435,0.0,0.0,0.9,2.7755575615628914e-17,2.7755575615628914e-17,9.410169171854858e-17
1772531341.8156943,3003,1.0802745819091797,925.6905760317811,0.9032276737075426,0.0002781234238060902,7.763571984588896e-05,0.003947765150840435,0.0,0.0,0.9,2.7755575615628914e-17,2.7755575615628914e-17,9.410466389574682e-17
1772531341.827567,3004,0.54931640625,1820.4444444444443,0.9009771530038202,0.0023306147438786665,7.763571984588896e-05,0.003947765150840435,0.0,0.0,0.9,2.7755575615628914e-17,2.7755575615628914e-17,9.407109142289879e-17
1772531341.8398654,3005,0.5772113800048828,1732.4675753820736,0.8992357723242623,0.0017895471793357173,7.763571984588896e-05,0.003947765150840435,0.0,0.0,0.9,2.7755575615628914e-17,2.7755575615628914e-17,9.404040729687482e-17
1772531341.8526046,3006,0.6465911865234375,1546.5722713864307,0.9008299041471713,0.0016523527776153093,7.763571984588896e-05,0.003947765150840435,0.0,0.0,0.9,2.7755575615628914e-17,2.7755575615628914e-17,9.406398475735223e-17
1772531341.8649247,3007,0.6265640258789062,1596.0060882800608,0.8995902406798987,0.001272714179638296,7.763571984588896e-05,0.003947765150840435,0.0,0.0,0.9,2.7755575615628914e-17,2.7755575615628914e-17,9.404153422054497e-17
1772531341.8779352,3008,0.7569789886474609,1321.0406299212598,0.9035716503816859,0.0041007122862788984,7.763571984588896e-05,0.003947765150840435,0.0,0.0,0.9,2.7755575615628914e-17,2.7755575615628914e-17,9.410838266112897e-17
1772531341.890476,3009,1.0471343994140625,954.9872495446266,0.9013892017904283,0.0022632454030217684,7.763571984588896e-05,0.003947765150840435,0.0,0.0,0.9,2.7755575615628914e-17,2.7755575615628914e-17,9.407671901106505e-17
1772531341.9024746,3010,0.6527900695800781,1531.8860482103726,0.8994316580507807,0.002014142284489516,7.763571984588896e-05,0.003947765150840435,0.0,0.0,0.9,2.7755575615628914e-17,2.7755575615628914e-17,9.404316119369992e-17
1772531341.9153838,3011,0.7450580596923828,1342.17728,0.9028213398180914,0.0034944199076855018,7.763571984588896e-05,0.003947765150840435,0.0,0.0,0.9,2.7755575615628914e-17,2.7755575615628914e-17,9.409913025238765e-17
1772531341.9277153,3012,0.7274150848388672,1374.7309078990495,0.9009975951871079,0.0018879950844161218,7.763571984588896e-05,0.003947765150840435,0.0,0.0,0.9,2.7755575615628914e-17,2.7755575615628914e-17,9.407178874111186e-17
1772531341.9397914,3013,0.6170272827148438,1620.6738794435857,0.8977737534898452,0.0033127562429752294,7.763571984588896e-05,0.003947765150840435,0.0,0.0,0.9,2.7755575615628914e-17,2.7755575615628914e-17,9.401466439587898e-17
1772531341.9525204,3014,0.6701946258544922,1492.1038776236214,0.9001890494434515,0.0025098378216630054,7.763571984588896e-05,0.003947765150840435,0.0,0.0,0.9,2.7755575615628914e-17,2.7755575615628914e-17,9.404849118177652e-17
1772531341.9650753,3015,0.7658004760742188,1305.8231631382316,0.9007278557598222,0.0005609909504712354,7.763571984588896e-05,0.003947765150840435,0.0,0.0,0.9,2.7755575615628914e-17,2.7755575615628914e-17,9.405556663521614e-17
1772531341.9772058,3016,0.5750656127929688,1738.9320066334992,0.8985207556217566,0.002266258412710215,7.763571984588896e-05,0.003947765150840435,0.0,0.0,0.9,2.7755575615628914e-17,2.7755575615628914e-17,9.401544950314273e-17
1772531341.990305,3017,0.7340908050537109,1362.2292952257226,0.9035607160158358,0.005196427084865643,7.763571984588896e-05,0.003947765150840435,0.0,0.0,0.9,2.7755575615628914e-17,2.7755575615628914e-17,9.409778803512828e-17
1772531342.0022628,3018,0.6039142608642578,1655.8641926569285,0.8988267448673068,0.004883446038300605,7.763571984588896e-05,0.003947765150840435,0.0,0.0,0.9,2.7755575615628914e-17,2.7755575615628914e-17,9.402064500843693e-17
1772531342.014653,3019,0.4782676696777344,2090.879361914257,0.8994551505732518,0.0006683366336912386,7.763571984588896e-05,0.003947765150840435,0.0,0.0,0.9,2.7755575615628914e-17,2.7755575615628914e-17,9.402567226801506e-17
1772531342.027935,3020,0.8156299591064453,1226.046185325928,0.9047471867491562,0.005447028853456268,7.763571984588896e-05,0.003947765150840435,0.0,0.0,0.9,2.7755575615628914e-17,2.7755575615628914e-17,9.411523064511053e-17
1772531342.0395923,3021,0.5068778991699219,1972.8617121354657,0.8985351558596317,0.006411500418465445,7.763571984588896e-05,0.003947765150840435,0.0,0.0,0.9,2.7755575615628914e-17,2.7755575615628914e-17,9.401527232146985e-17
1772531342.0525398,3022,0.5381107330322266,1858.3535666814355,0.9031287549767352,0.0047370102851760085,7.763571984588896e-05,0.003947765150840435,0.0,0.0,0.9,2.7755575615628914e-17,2.7755575615628914e-17,9.409007864980446e-17
1772531342.065348,3023,0.6570816040039062,1521.8809869375907,0.9046583727209422,0.0015606550181593833,7.763571984588896e-05,0.003947765150840435,0.0,0.0,0.9,2.7755575615628914e-17,2.7755575615628914e-17,9.412338318303065e-17
1772531342.0774167,3024,0.6499290466308594,1538.6294937637565,0.8993807015932879,0.005451085624144117,7.763571984588896e-05,0.003947765150840435,0.0,0.0,0.9,2.7755575615628914e-17,2.7755575615628914e-17,9.404003553357699e-17
1772531342.0900514,3025,0.6687641143798828,1495.2955436720142,0.9011307821859226,0.0018102703021673251,7.763571984588896e-05,0.003947765150840435,0.0,0.0,0.9,2.7755575615628914e-17,2.7755575615628914e-17,9.406701466490993e-17
1772531342.1025743,3026,0.6418228149414062,1558.0624071322436,0.9014527542291408,0.00032970750028329937,7.763571984588896e-05,0.003947765150840435,0.0,0.0,0.9,2.7755575615628914e-17,2.7755575615628914e-17,9.407335028100205e-17
1772531342.11484,3027,0.5180835723876953,1930.1905200184078,0.8999928463734123,0.0015035611665524778,7.763571984588896e-05,0.003947765150840435,0.0,0.0,0.9,2.7755575615628914e-17,2.7755575615628914e-17,9.404889176022164e-17
1772531342.1273284,3028,0.5710124969482422,1751.2751565762005,0.8999482683324531,6.462439610178348e-05,7.763571984588896e-05,0.003947765150840435,0.0,0.0,0.9,2.7755575615628914e-17,2.7755575615628914e-17,9.404546189475692e-17
1772531342.140338,3029,0.7529258728027344,1328.1519949335022,0.903322041209029,0.0034737010255474,7.763571984588896e-05,0.003947765150840435,0.0,0.0,0.9,2.7755575615628914e-17,2.7755575615628914e-17,9.410257077853395e-17
1772531342.152336,3030,0.6222724914550781,1607.0130268199234,0.8992333918687142,0.004218234535713035,7.763571984588896e-05,0.003947765150840435,0.0,0.0,0.9,2.7755575615628914e-17,2.7755575615628914e-17,9.40364345492922e-17
1772531342.1653576,3031,0.7669925689697266,1303.7935965184954,0.9035354331429398,0.004432901461195567,7.763571984588896e-05,0.003947765150840435,0.0,0.0,0.9,2.7755575615628914e-17,2.7755575615628914e-17,9.410812574398513e-17
1772531342.1777346,3032,0.6916522979736328,1445.8131678731472,0.9019992326376357,0.0016003644664794136,7.763571984588896e-05,0.003947765150840435,0.0,0.0,0.9,2.7755575615628914e-17,2.7755575615628914e-17,9.408795008683844e-17
1772531342.1894972,3033,0.47898292541503906,2087.757093081135,0.8966082668491416,0.005546892385953087,7.763571984588896e-05,0.003947765150840435,0.0,0.0,0.9,2.7755575615628914e-17,2.7755575615628914e-17,9.399528119376858e-17
1772531342.202222,3034,0.5764961242675781,1734.6170388751034,0.8992402171900018,0.002744512640410617,7.763571984588896e-05,0.003947765150840435,0.0,0.0,0.9,2.7755575615628914e-17,2.7755575615628914e-17,9.402979410785304e-17
1772531342.2153163,3035,0.7476806640625,1337.469387755102,0.903717695194605,0.0046132972544213014,7.763571984588896e-05,0.003947765150840435,0.0,0.0,0.9,2.7755575615628914e-17,2.7755575615628914e-17,9.410422354743777e-17
1772531342.2278304,3036,0.8513927459716797,1174.5460655278634,0.9019686449805165,0.001820341183202347,7.763571984588896e-05,0.003947765150840435,0.0,0.0,0.9,2.7755575615628914e-17,2.7755575615628914e-17,9.408052450945881e-17
1772531342.2400806,3037,0.7350444793701172,1360.461887771651,0.9010775124815609,0.0009234648644195168,7.763571984588896e-05,0.003947765150840435,0.0,0.0,0.9,2.7755575615628914e-17,2.7755575615628914e-17,9.406743255688642e-17
1772531342.2523532,3038,0.7116794586181641,1405.1269681742044,0.8990479298815919,0.0020860835990977405,7.763571984588896e-05,0.003947765150840435,0.0,0.0,0.9,2.7755575615628914e-17,2.7755575615628914e-17,9.403170643143592e-17
1772531342.2651412,3039,0.5915164947509766,1690.5699314792423,0.9030014126601473,0.004076516819869626,7.763571984588896e-05,0.003947765150840435,0.0,0.0,0.9,2.7755575615628914e-17,2.7755575615628914e-17,9.409653467666062e-17
1772531342.2774818,3040,0.6844997406005859,1460.9209334726577,0.9000890947352183,0.0030073662755308148,7.763571984588896e-05,0.003947765150840435,0.0,0.0,0.9,2.7755575615628914e-17,2.7755575615628914e-17,9.405031637025563e-17
1772531342.2902396,3041,0.6914138793945312,1446.311724137931,0.9028598016105289,0.0028532400333197276,7.763571984588896e-05,0.003947765150840435,0.0,0.0,0.9,2.7755575615628914e-17,2.7755575615628914e-17,9.409710714552681e-17
1772531342.3025334,3042,0.6468296051025391,1546.0022115739034,0.9008287728897568,0.0021012592239276866,7.763571984588896e-05,0.003947765150840435,0.0,0.0,0.9,2.7755575615628914e-17,2.7755575615628914e-17,9.406622725668278e-17
1772531342.3146513,3043,0.560760498046875,1783.2925170068027,0.8980263298336665,0.00287868444344649,7.763571984588896e-05,0.003947765150840435,0.0,0.0,0.9,2.7755575615628914e-17,2.7755575615628914e-17,9.40161508900643e-17
1772531342.3278744,3044,0.7355213165283203,1359.5799027552673,0.9039849332120597,0.0061444334863639104,7.763571984588896e-05,0.003947765150840435,0.0,0.0,0.9,2.7755575615628914e-17,2.7755575615628914e-17,9.411375207523821e-17
1772531342.3395846,3045,0.5621910095214844,1778.754877014419,0.89735114359159,0.006837986561717257,7.763571984588896e-05,0.003947765150840435,0.0,0.0,0.9,2.7755575615628914e-17,2.7755575615628914e-17,9.400417115462821e-17
1772531342.3524396,3046,0.49495697021484375,2020.3776493256262,0.9020023982763659,0.004808038786413352,7.763571984588896e-05,0.003947765150840435,0.0,0.0,0.9,2.7755575615628914e-17,2.7755575615628914e-17,9.407653513497882e-17
1772531342.365113,3047,0.7975101470947266,1253.9025411061286,0.901556283821407,0.00046788161933778664,7.763571984588896e-05,0.003947765150840435,0.0,0.0,0.9,2.7755575615628914e-17,2.7755575615628914e-17,9.407123691252691e-17
1772531342.3773243,3048,0.5486011505126953,1822.8179052585833,0.9002842311853602,0.0013111507675624184,7.763571984588896e-05,0.003947765150840435,0.0,0.0,0.9,2.7755575615628914e-17,2.7755575615628914e-17,9.405014026649016e-17
1772531342.38973,3049,0.5726814270019531,1746.1715237302249,0.8994132844579796,0.0008910024442331153,7.763571984588896e-05,0.003947765150840435,0.0,0.0,0.9,2.7755575615628914e-17,2.7755575615628914e-17,9.403267135852113e-17
1772531342.4026263,3050,0.8263587951660156,1210.1281015579918,0.9017179249576371,0.002379906048961635,7.763571984588896e-05,0.003947765150840435,0.0,0.0,0.9,2.7755575615628914e-17,2.7755575615628914e-17,9.40690679538089e-17
1772531342.4149382,3051,0.6546974182128906,1527.4231609613985,0.901142758846976,0.000597377924474002,7.763571984588896e-05,0.003947765150840435,0.0,0.0,0.9,2.7755575615628914e-17,2.7755575615628914e-17,9.406073480019961e-17
1772531342.4275994,3052,0.7588863372802734,1317.7203895695884,0.9017928224266801,0.0006666776380653649,7.763571984588896e-05,0.003947765150840435,0.0,0.0,0.9,2.7755575615628914e-17,2.7755575615628914e-17,9.40726595550203e-17
1772531342.4398546,3053,0.6461143493652344,1547.7136531365313,0.9003178614185009,0.0015218729754046137,7.763571984588896e-05,0.003947765150840435,0.0,0.0,0.9,2.7755575615628914e-17,2.7755575615628914e-17,9.40487012407866e-17
1772531342.4522216,3054,0.6432533264160156,1554.5974796145292,0.8991092900998787,0.0012381636405647816,7.763571984588896e-05,0.003947765150840435,0.0,0.0,0.9,2.7755575615628914e-17,2.7755575615628914e-17,9.402543159344499e-17
1772531342.46534,3055,0.7364749908447266,1357.8193590158628,0.904768712842715,0.005827390113398232,7.763571984588896e-05,0.003947765150840435,0.0,0.0,0.9,2.7755575615628914e-17,2.7755575615628914e-17,9.412075066669362e-17
1772531342.477168,3056,0.5860328674316406,1706.3889340927583,0.8988154145314013,0.006145421603909582,7.763571984588896e-05,0.003947765150840435,0.0,0.0,0.9,0.0,0.0,9.314159520166099e-17
1772531342.4898312,3057,0.6654262542724609,1502.7961304192045,0.900395962533583,0.0016420153442434945,7.763571984588896e-05,0.003947765150840435,0.0,0.0,0.9,0.0,0.0,9.251392607375864e-17
1772531342.5027986,3058,0.7305145263671875,1368.8981723237598,0.9041657079343499,0.003876590656649184,7.763571984588896e-05,0.003947765150840435,0.0,0.0,0.9,2.7755575615628914e-17,2.7755575615628914e-17,9.262190085637801e-17
1772531342.514943,3059,0.6976127624511719,1433.46001367054,0.9006604681898102,0.003626558530059248,7.763571984588896e-05,0.003947765150840435,0.0,0.0,0.9,0.0,0.0,9.20467540787027e-17
1772531342.5278597,3060,0.7183551788330078,1392.0690341851976,0.9041989885817082,0.003637220549750583,7.763571984588896e-05,0.003947765150840435,0.0,0.0,0.9,2.7755575615628914e-17,2.7755575615628914e-17,9.214017714661853e-17
1772531342.5401845,3061,0.7991790771484375,1251.2840095465394,0.9009627212916508,0.003350414362825431,7.763571984588896e-05,0.003947765150840435,0.0,0.0,0.9,0.0,0.0,9.175511748568253e-17
1772531342.5523279,3062,0.60272216796875,1659.139240506329,0.8992969203701029,0.0017114170706688818,7.763571984588896e-05,0.003947765150840435,0.0,0.0,0.9,2.7755575615628914e-17,2.7755575615628914e-17,9.174075966647158e-17
1772531342.5652928,3063,0.7157325744628906,1397.169886742172,0.9031936265473121,0.004016518310449556,7.763571984588896e-05,0.003947765150840435,0.0,0.0,0.9,2.7755575615628914e-17,2.7755575615628914e-17,9.180952444109044e-17
1772531342.577033,3064,0.5049705505371094,1980.3135033050048,0.8972985792810443,0.006072785010783662,7.763571984588896e-05,0.003947765150840435,0.0,0.0,0.9,2.7755575615628914e-17,2.7755575615628914e-17,9.170490575838563e-17
1772531342.5897691,3065,0.5307197570800781,1884.2336028751124,0.9000027764730799,0.002811554907186252,7.763571984588896e-05,0.003947765150840435,0.0,0.0,0.9,2.7755575615628914e-17,2.7755575615628914e-17,9.174534771326228e-17
1772531342.6032534,3066,1.0943412780761719,913.7917211328976,0.9047735380014529,0.004908801988214837,7.763571984588896e-05,0.003947765150840435,0.0,0.0,0.9,2.7755575615628914e-17,2.7755575615628914e-17,9.183229421499206e-17
1772531342.6152637,3067,0.8509159088134766,1175.2042588960494,0.9011485439168178,0.0037535684522197747,7.763571984588896e-05,0.003947765150840435,0.0,0.0,0.9,2.7755575615628914e-17,2.7755575615628914e-17,9.177448806000448e-17
1772531342.6278958,3068,0.8640289306640625,1157.3686534216336,0.9024365297040084,0.001322770560589188,7.763571984588896e-05,0.003947765150840435,0.0,0.0,0.9,2.7755575615628914e-17,2.7755575615628914e-17,9.179926417329324e-17
1772531342.6398914,3069,0.7376670837402344,1355.6250808015513,0.8987009972556079,0.003848034230148624,7.763571984588896e-05,0.003947765150840435,0.0,0.0,0.9,2.7755575615628914e-17,2.7755575615628914e-17,9.173307160959345e-17
1772531342.6524293,3070,0.6692409515380859,1494.2301389383683,0.8998474243805505,0.0012009480043928705,7.763571984588896e-05,0.003947765150840435,0.0,0.0,0.9,2.7755575615628914e-17,2.7755575615628914e-17,9.174819277439376e-17
1772531342.6653469,3071,0.7271766662597656,1375.1816393442623,0.9033467166000265,0.003604358793441192,7.763571984588896e-05,0.003947765150840435,0.0,0.0,0.9,2.7755575615628914e-17,2.7755575615628914e-17,9.181072955126077e-17
1772531342.6774204,3072,0.7169246673583984,1394.8466910542068,0.898981959104321,0.004501205926591075,7.763571984588896e-05,0.003947765150840435,0.0,0.0,0.9,2.7755575615628914e-17,2.7755575615628914e-17,9.173504311235243e-17
1772531342.6895869,3073,0.5269050598144531,1897.875113122172,0.897892272119469,0.0011111667818084349,7.763571984588896e-05,0.003947765150840435,0.0,0.0,0.9,2.7755575615628914e-17,2.7755575615628914e-17,9.17088842321103e-17
1772531342.7031138,3074,1.1072158813476562,903.1662360034453,0.9034909091639053,0.005776491533035821,7.763571984588896e-05,0.003947765150840435,0.0,0.0,0.9,2.7755575615628914e-17,2.7755575615628914e-17,9.180520587565713e-17
1772531342.7151346,3075,0.873565673828125,1144.7336244541484,0.9005749454999337,0.0030147376975166295,7.763571984588896e-05,0.003947765150840435,0.0,0.0,0.9,2.7755575615628914e-17,2.7755575615628914e-17,9.175704745162709e-17
1772531342.727788,3076,0.7586479187011719,1318.134506599623,0.9026398332324618,0.0021247224260251855,7.763571984588896e-05,0.003947765150840435,0.0,0.0,0.9,2.7755575615628914e-17,2.7755575615628914e-17,9.179462110513521e-17
1772531342.7401807,3077,0.7295608520507812,1370.6875816993463,0.9017011157475989,0.000978792588537496,7.763571984588896e-05,0.003947765150840435,0.0,0.0,0.9,2.7755575615628914e-17,2.7755575615628914e-17,9.178148236642702e-17
1772531342.7522786,3078,0.6074905395507812,1646.116169544741,0.8986024768136254,0.0031888166184711976,7.763571984588896e-05,0.003947765150840435,0.0,0.0,0.9,2.7755575615628914e-17,2.7755575615628914e-17,9.172520684490787e-17
1772531342.7652678,3079,0.7750988006591797,1290.1581051984006,0.9025943477386194,0.00411996093473173,7.763571984588896e-05,0.003947765150840435,0.0,0.0,0.9,2.7755575615628914e-17,2.7755575615628914e-17,9.179352873389458e-17
1772531342.7783267,3080,1.0552406311035156,947.6511522819702,0.9052942876675505,0.002764039183931129,7.763571984588896e-05,0.003947765150840435,0.0,0.0,0.9,2.7755575615628914e-17,2.7755575615628914e-17,9.184895330612968e-17
1772531342.7902467,3081,0.9222030639648438,1084.3598759048605,0.8994195569778135,0.0060680061193198395,7.763571984588896e-05,0.003947765150840435,0.0,0.0,0.9,2.7755575615628914e-17,2.7755575615628914e-17,9.175034889419821e-17
1772531342.8032825,3082,1.055002212524414,947.8653107344633,0.9036386356938393,0.00434663427431256,7.763571984588896e-05,0.003947765150840435,0.0,0.0,0.9,2.7755575615628914e-17,2.7755575615628914e-17,9.18256150953586e-17
1772531342.8158154,3083,1.1684894561767578,855.8057539277698,0.9022531200653928,0.0014462976663075957,7.763571984588896e-05,0.003947765150840435,0.0,0.0,0.9,2.7755575615628914e-17,2.7755575615628914e-17,9.180700986671446e-17
1772531342.8279607,3084,0.9758472442626953,1024.7505497190325,0.8997258112013566,0.002604995990220167,7.763571984588896e-05,0.003947765150840435,0.0,0.0,0.9,2.7755575615628914e-17,2.7755575615628914e-17,9.176306798734581e-17
1772531342.8406627,3085,1.043081283569336,958.6980571428571,0.9017365510528356,0.002077153794266647,7.763571984588896e-05,0.003947765150840435,0.0,0.0,0.9,2.7755575615628914e-17,2.7755575615628914e-17,9.179746022244398e-17
1772531342.8530204,3086,1.0554790496826172,947.4370905805285,0.8997926214966011,0.002001269764785344,7.763571984588896e-05,0.003947765150840435,0.0,0.0,0.9,2.7755575615628914e-17,2.7755575615628914e-17,9.176287391721651e-17
1772531342.8645883,3087,0.6017684936523438,1661.7686212361332,0.8950948189608726,0.004819774441272736,7.763571984588896e-05,0.003947765150840435,0.0,0.0,0.9,2.7755575615628914e-17,2.7755575615628914e-17,9.16712822857612e-17
1772531342.8779316,3088,0.7524490356445312,1328.9936628643852,0.9030787247723979,0.008252063405921115,7.763571984588896e-05,0.003947765150840435,0.0,0.0,0.9,2.7755575615628914e-17,2.7755575615628914e-17,9.180439013730412e-17
1772531342.8895462,3089,0.5040168762207031,1984.0605487228004,0.8963878642377361,0.0068892598549405,7.763571984588896e-05,0.003947765150840435,0.0,0.0,0.9,2.7755575615628914e-17,2.7755575615628914e-17,9.168404598924978e-17
1772531342.9022083,3090,0.484466552734375,2064.1259842519685,0.8989386150020267,0.0026646680460505126,7.763571984588896e-05,0.003947765150840435,0.0,0.0,0.9,2.7755575615628914e-17,2.7755575615628914e-17,9.171853358632056e-17
1772531342.915283,3091,0.7152557373046875,1398.1013333333333,0.9033996826260687,0.004599102977433085,7.763571984588896e-05,0.003947765150840435,0.0,0.0,0.9,2.7755575615628914e-17,2.7755575615628914e-17,9.179603123378375e-17
1772531342.9272707,3092,0.5397796630859375,1852.60777385159,0.8993464796000006,0.004182538512751962,7.763571984588896e-05,0.003947765150840435,0.0,0.0,0.9,2.7755575615628914e-17,2.7755575615628914e-17,9.172610379235209e-17
1772531342.93989,3093,0.6098747253417969,1639.6810007818608,0.9005713134909503,0.0012717910459211653,7.763571984588896e-05,0.003947765150840435,0.0,0.0,0.9,2.7755575615628914e-17,2.7755575615628914e-17,9.174418587199118e-17
1772531342.952743,3094,0.7398128509521484,1351.6932001289076,0.9028863358562565,0.0023807098277142482,7.763571984588896e-05,0.003947765150840435,0.0,0.0,0.9,2.7755575615628914e-17,2.7755575615628914e-17,9.178626047661577e-17
1772531342.9652348,3095,0.7185935974121094,1391.6071665560717,0.9029151709006293,0.0001093361248676606,7.763571984588896e-05,0.003947765150840435,0.0,0.0,0.9,2.7755575615628914e-17,2.7755575615628914e-17,9.179198486436216e-17
1772531342.978092,3096,0.9038448333740234,1106.384595093643,0.9036369012164809,0.0007358248754569025,7.763571984588896e-05,0.003947765150840435,0.0,0.0,0.9,2.7755575615628914e-17,2.7755575615628914e-17,9.18110616649203e-17
1772531342.989632,3097,0.6098747253417969,1639.6810007818608,0.8966195729047203,0.007230975401311385,7.763571984588896e-05,0.003947765150840435,0.0,0.0,0.9,2.7755575615628914e-17,2.7755575615628914e-17,9.168678583682676e-17
1772531343.0023952,3098,0.48613548278808594,2057.0397253555666,0.9010553437003959,0.004592463688970243,7.763571984588896e-05,0.003947765150840435,0.0,0.0,0.9,2.7755575615628914e-17,2.7755575615628914e-17,9.175793289520603e-17
1772531343.0159783,3099,1.2137889862060547,823.8664309565901,0.9051084999568649,0.004162612126610823,7.763571984588896e-05,0.003947765150840435,0.0,0.0,0.9,2.7755575615628914e-17,2.7755575615628914e-17,9.183449006033183e-17
1772531343.0278914,3100,1.0459423065185547,956.075678139959,0.9001111779178501,0.005166765924262658,7.763571984588896e-05,0.003947765150840435,0.0,0.0,0.9,2.7755575615628914e-17,2.7755575615628914e-17,9.175199204683704e-17
1772531343.0403817,3101,1.0170936584472656,983.1936240037506,0.9007417657969848,0.0006546087913134498,7.763571984588896e-05,0.003947765150840435,0.0,0.0,0.9,2.7755575615628914e-17,2.7755575615628914e-17,9.176160126258017e-17
1772531343.0522654,3102,0.6818771362304688,1466.5398601398601,0.8975492873386135,0.003279513981515455,7.763571984588896e-05,0.003947765150840435,0.0,0.0,0.9,2.7755575615628914e-17,2.7755575615628914e-17,9.170109602732989e-17
1772531343.0651531,3103,0.6392002105712891,1564.455054084297,0.9025266721594118,0.005140485868795612,7.763571984588896e-05,0.003947765150840435,0.0,0.0,0.9,2.7755575615628914e-17,2.7755575615628914e-17,9.178496108041166e-17
1772531343.0780659,3104,0.8647441864013672,1156.411359250069,0.9041438701607549,0.001652781800030093,7.763571984588896e-05,0.003947765150840435,0.0,0.0,0.9,2.7755575615628914e-17,2.7755575615628914e-17,9.181971251494461e-17
1772531343.0900407,3105,0.6375312805175781,1568.5504861630516,0.9002365197698085,0.004039130472074307,7.763571984588896e-05,0.003947765150840435,0.0,0.0,0.9,2.7755575615628914e-17,2.7755575615628914e-17,9.17550502628198e-17
1772531343.1026297,3106,0.6611347198486328,1512.5510277677606,0.9008643329569332,0.0006510548020919639,7.763571984588896e-05,0.003947765150840435,0.0,0.0,0.9,2.7755575615628914e-17,2.7755575615628914e-17,9.17649106001279e-17
1772531343.1147275,3107,0.5171298980712891,1933.7501152604887,0.8983704781321143,0.0025619536849594044,7.763571984588896e-05,0.003947765150840435,0.0,0.0,0.9,2.7755575615628914e-17,2.7755575615628914e-17,9.171779163624227e-17
1772531343.127303,3108,0.5271434783935547,1897.0167345092718,0.8997201633854844,0.0014111827639931578,7.763571984588896e-05,0.003947765150840435,0.0,0.0,0.9,2.7755575615628914e-17,2.7755575615628914e-17,9.173577577950634e-17
1772531343.1403184,3109,0.7445812225341797,1343.0368235670828,0.9032349418226757,0.0036202960273207826,7.763571984588896e-05,0.003947765150840435,0.0,0.0,0.9,2.7755575615628914e-17,2.7755575615628914e-17,9.179819117904748e-17
1772531343.1521146,3110,0.4634857177734375,2157.5637860082306,0.898222195172659,0.0051672116462163015,7.763571984588896e-05,0.003947765150840435,0.0,0.0,0.9,2.7755575615628914e-17,2.7755575615628914e-17,9.171016129024153e-17
1772531343.1650972,3111,0.7367134094238281,1357.379935275081,0.9015369527714507,0.003427465326297028,7.763571984588896e-05,0.003947765150840435,0.0,0.0,0.9,2.7755575615628914e-17,2.7755575615628914e-17,9.176460414483386e-17
1772531343.1773138,3112,0.5130767822265625,1949.0260223048326,0.9006047638830528,0.0009622896079803594,7.763571984588896e-05,0.003947765150840435,0.0,0.0,0.9,2.7755575615628914e-17,2.7755575615628914e-17,9.17484899318668e-17
1772531343.1898484,3113,0.5030632019042969,1987.8218009478674,0.90092986952678,0.0003365759026659489,7.763571984588896e-05,0.003947765150840435,0.0,0.0,0.9,2.7755575615628914e-17,2.7755575615628914e-17,9.175345400319153e-17
1772531343.202733,3114,0.7278919219970703,1373.830330822142,0.9028196931208804,0.0019414983491042577,7.763571984588896e-05,0.003947765150840435,0.0,0.0,0.9,2.7755575615628914e-17,2.7755575615628914e-17,9.178880772919353e-17
1772531343.2152267,3115,0.7750988006591797,1290.1581051984006,0.9019000175588574,0.0009628722188403759,7.763571984588896e-05,0.003947765150840435,0.0,0.0,0.9,2.7755575615628914e-17,2.7755575615628914e-17,9.177667186649559e-17
1772531343.2272978,3116,0.5228519439697266,1912.5873233014136,0.8998371910858092,0.002126815531084012,7.763571984588896e-05,0.003947765150840435,0.0,0.0,0.9,2.7755575615628914e-17,2.7755575615628914e-17,9.174057135714369e-17
1772531343.24013,3117,0.6768703460693359,1477.387812610074,0.9020250447483165,0.002255988080737964,7.763571984588896e-05,0.003947765150840435,0.0,0.0,0.9,2.7755575615628914e-17,2.7755575615628914e-17,9.177861022408615e-17
1772531343.252609,3118,0.6589889526367188,1517.4761215629521,0.9020150625441009,5.934915436198836e-05,7.763571984588896e-05,0.003947765150840435,0.0,0.0,0.9,2.7755575615628914e-17,2.7755575615628914e-17,9.178142392593521e-17
1772531343.2646983,3119,0.49424171447753906,2023.3014954172697,0.8989130890883913,0.003195021986342951,7.763571984588896e-05,0.003947765150840435,0.0,0.0,0.9,2.7755575615628914e-17,2.7755575615628914e-17,9.17261201541457e-17
1772531343.2770581,3120,0.4856586456298828,2059.0594010800196,0.8984015076830051,0.0005227257206525318,7.763571984588896e-05,0.003947765150840435,0.0,0.0,0.9,2.7755575615628914e-17,2.7755575615628914e-17,9.17108170971904e-17
1772531343.2901366,3121,0.5970001220703125,1675.0415335463258,0.9036160983652581,0.00537673560401279,7.763571984588896e-05,0.003947765150840435,0.0,0.0,0.9,5.551115123125783e-17,5.551115123125783e-17,9.214923485013084e-17
1772531343.3024583,3122,0.6134510040283203,1630.1220365332297,0.9010617354224023,0.0026456454162449156,7.763571984588896e-05,0.003947765150840435,0.0,0.0,0.9,2.7755575615628914e-17,2.7755575615628914e-17,9.207938526195887e-17
1772531343.3153722,3123,0.7345676422119141,1361.345017851347,0.9039652129907145,0.0029820641485745645,7.763571984588896e-05,0.003947765150840435,0.0,0.0,0.9,5.551115123125783e-17,5.551115123125783e-17,9.26665675911985e-17
1772531343.3272233,3124,0.5679130554199219,1760.832913518052,0.8985465758814629,0.005589787695129804,7.763571984588896e-05,0.003947765150840435,0.0,0.0,0.9,2.7755575615628914e-17,2.7755575615628914e-17,9.253519550967288e-17
1772531343.3401523,3125,0.7455348968505859,1341.3188359449953,0.9017459835427887,0.0033063157523832935,7.763571984588896e-05,0.003947765150840435,0.0,0.0,0.9,5.551115123125783e-17,5.551115123125783e-17,9.33036596888247e-17
1772531343.352046,3126,0.45680999755859375,2189.0939457202503,0.8981924577864676,0.0036568417043049174,7.763571984588896e-05,0.003947765150840435,0.0,0.0,0.9,2.7755575615628914e-17,2.7755575615628914e-17,9.318706187985605e-17
1772531343.3653622,3127,0.7369518280029297,1356.9407958589454,0.9041551949649127,0.006146987106379499,7.763571984588896e-05,0.003947765150840435,0.0,0.0,0.9,5.551115123125783e-17,5.551115123125783e-17,9.418229511221757e-17
1772531343.3778584,3128,0.6830692291259766,1463.9804537521816,0.9035651378644485,0.0006483712453503699,7.763571984588896e-05,0.003947765150840435,0.0,0.0,0.9,2.7755575615628914e-17,2.7755575615628914e-17,9.411208680742984e-17
1772531343.389872,3129,0.6518363952636719,1534.1272860277982,0.898926476081277,0.004785129879262514,7.763571984588896e-05,0.003947765150840435,0.0,0.0,0.9,2.7755575615628914e-17,2.7755575615628914e-17,9.403698652408379e-17
1772531343.4028146,3130,0.7545948028564453,1325.2145339652448,0.9026492641787979,0.0038407926744712553,7.763571984588896e-05,0.003947765150840435,0.0,0.0,0.9,2.7755575615628914e-17,2.7755575615628914e-17,9.409763493634745e-17
1772531343.415223,3131,0.7188320159912109,1391.1456053067993,0.9016617162118196,0.001028605627471313,7.763571984588896e-05,0.003947765150840435,0.0,0.0,0.9,2.7755575615628914e-17,2.7755575615628914e-17,9.408478637178991e-17
1772531343.4276621,3132,0.7746219635009766,1290.9522930132348,0.9006583577819557,0.0010353811455630897,7.763571984588896e-05,0.003947765150840435,0.0,0.0,0.9,2.7755575615628914e-17,2.7755575615628914e-17,9.406896553305594e-17
1772531343.4402587,3133,0.7166862487792969,1395.3107119095143,0.9016929365556104,0.0010661183770892186,7.763571984588896e-05,0.003947765150840435,0.0,0.0,0.9,2.7755575615628914e-17,2.7755575615628914e-17,9.408655738337724e-17
1772531343.4525945,3134,0.6613731384277344,1512.0057678442681,0.9004528741655645,0.0012784441902130253,7.763571984588896e-05,0.003947765150840435,0.0,0.0,0.9,2.7755575615628914e-17,2.7755575615628914e-17,9.406651139412826e-17
1772531343.4647963,3135,0.6320476531982422,1582.159185213127,0.8978892069233899,0.0026304297527244462,7.763571984588896e-05,0.003947765150840435,0.0,0.0,0.9,2.7755575615628914e-17,2.7755575615628914e-17,9.401952962123129e-17
1772531343.4780145,3136,0.8065700531005859,1239.8179130948863,0.903975730631753,0.006277776177038697,7.763571984588896e-05,0.003947765150840435,0.0,0.0,0.9,2.7755575615628914e-17,2.7755575615628914e-17,9.411894613496033e-17
1772531343.4897685,3137,0.6098747253417969,1639.6810007818608,0.8977767101282472,0.006390485308724336,7.763571984588896e-05,0.003947765150840435,0.0,0.0,0.9,2.7755575615628914e-17,2.7755575615628914e-17,9.40168726132117e-17
1772531343.502157,3138,0.5924701690673828,1687.8486921529175,0.898121673243179,0.00041410151028370234,7.763571984588896e-05,0.003947765150840435,0.0,0.0,0.9,2.7755575615628914e-17,2.7755575615628914e-17,9.401393011458324e-17
1772531343.5154498,3139,0.7679462432861328,1302.174479975163,0.9044828957800299,0.006557426499658973,7.763571984588896e-05,0.003947765150840435,0.0,0.0,0.9,2.7755575615628914e-17,2.7755575615628914e-17,9.411858245239553e-17
1772531343.5279644,3140,1.035451889038086,965.7619157264563,0.9013064219368149,0.0032911057316287124,7.763571984588896e-05,0.003947765150840435,0.0,0.0,0.9,2.7755575615628914e-17,2.7755575615628914e-17,9.407146227587834e-17
1772531343.5403757,3141,0.9987354278564453,1001.2661733110527,0.9011346912966033,0.00017907245104898365,7.763571984588896e-05,0.003947765150840435,0.0,0.0,0.9,2.7755575615628914e-17,2.7755575615628914e-17,9.406921036465874e-17
1772531343.5532362,3142,1.054525375366211,948.2939181550984,0.9041684824089435,0.003115814599949197,7.763571984588896e-05,0.003947765150840435,0.0,0.0,0.9,2.7755575615628914e-17,2.7755575615628914e-17,9.412360282276443e-17
1772531343.5647907,3143,0.5812644958496094,1720.3872026251026,0.8983346450011542,0.006017448990211841,7.763571984588896e-05,0.003947765150840435,0.0,0.0,0.9,2.7755575615628914e-17,2.7755575615628914e-17,9.402876972143992e-17
1772531343.5776277,3144,0.5600452423095703,1785.570029799915,0.9017681513856238,0.0035490374776794413,7.763571984588896e-05,0.003947765150840435,0.0,0.0,0.9,2.7755575615628914e-17,2.7755575615628914e-17,9.408246867840723e-17
1772531343.590414,3145,0.7610321044921875,1314.0050125313282,0.9029292526157308,0.0011885487821003354,7.763571984588896e-05,0.003947765150840435,0.0,0.0,0.9,2.7755575615628914e-17,2.7755575615628914e-17,9.410526704831728e-17
1772531343.6023667,3146,0.5176067352294922,1931.9686780285583,0.8993244334318021,0.0037177743841516372,7.763571984588896e-05,0.003947765150840435,0.0,0.0,0.9,2.7755575615628914e-17,2.7755575615628914e-17,9.404659239598714e-17
1772531343.6154234,3147,0.8008480072021484,1248.6763917832689,0.9024598911466841,0.0032345679884748803,7.763571984588896e-05,0.003947765150840435,0.0,0.0,0.9,2.7755575615628914e-17,2.7755575615628914e-17,9.409775105480013e-17
1772531343.6276085,3148,0.6191730499267578,1615.0573738929534,0.9006979606938751,0.0018209733932645037,7.763571984588896e-05,0.003947765150840435,0.0,0.0,0.9,2.7755575615628914e-17,2.7755575615628914e-17,9.40704610402321e-17
1772531343.6398933,3149,0.6363391876220703,1571.4889471712252,0.8983937296933572,0.002365467397181449,7.763571984588896e-05,0.003947765150840435,0.0,0.0,0.9,2.7755575615628914e-17,2.7755575615628914e-17,9.402872973298882e-17
1772531343.652849,3150,0.7932186126708984,1260.6865043582807,0.9018746844266631,0.003597703001276121,7.763571984588896e-05,0.003947765150840435,0.0,0.0,0.9,2.7809732887839817e-17,2.7809732887839817e-17,9.408177218867374e-17
1772531343.6653328,3151,0.7643699645996094,1308.2669993761697,0.9020098601398718,0.0001396395425938075,7.763571984588896e-05,0.003947765150840435,0.0,0.0,0.9,2.7809732887839817e-17,2.7809732887839817e-17,9.408539987587256e-17
1772531343.6774385,3152,0.5199909210205078,1923.1104997707473,0.8997291523526334,0.0023503175862513437,7.763571984588896e-05,0.003947765150840435,0.0,0.0,0.9,2.7755575615628914e-17,2.7755575615628914e-17,9.404763281536078e-17
1772531343.6902614,3153,0.7505416870117188,1332.3710292249048,0.9013261774884057,0.0016513344802273854,7.763571984588896e-05,0.003947765150840435,0.0,0.0,0.9,2.7809732887839817e-17,2.7809732887839817e-17,9.407160422700865e-17
1772531343.7030346,3154,1.0786056518554688,927.1229000884173,0.9015383547060775,0.00021659515780636445,7.763571984588896e-05,0.003947765150840435,0.0,0.0,0.9,2.7809732887839817e-17,2.7809732887839817e-17,9.407573798264393e-17
1772531343.7148998,3155,0.6525516510009766,1532.4457435147972,0.8985018820179967,0.0031236968583531833,7.763571984588896e-05,0.003947765150840435,0.0,0.0,0.9,2.7809732887839817e-17,2.7809732887839817e-17,9.402311583861412e-17
1772531343.7279081,3156,0.7565021514892578,1321.8733060195398,0.9028476382620803,0.004484232854698751,7.763571984588896e-05,0.003947765150840435,0.0,0.0,0.9,2.7809732887839817e-17,2.7809732887839817e-17,9.409342701965079e-17
1772531343.740582,3157,1.1487007141113281,870.5487754254877,0.9011303866448268,0.0017790431124891295,7.763571984588896e-05,0.003947765150840435,0.0,0.0,0.9,2.7809732887839817e-17,2.7809732887839817e-17,9.406834820858763e-17
1772531343.752474,3158,0.6792545318603516,1472.2021762021761,0.8990815604888455,0.0021061481334316546,7.763571984588896e-05,0.003947765150840435,0.0,0.0,0.9,2.7755575615628914e-17,2.7755575615628914e-17,9.403223076446011e-17
1772531343.7653768,3159,0.7491111755371094,1334.915340547422,0.9025975917240965,0.003626990122168721,7.763571984588896e-05,0.003947765150840435,0.0,0.0,0.9,2.7809732887839817e-17,2.7809732887839817e-17,9.409010769466917e-17
1772531343.7777789,3160,0.8494853973388672,1177.1832725231548,0.9007801417391466,0.0018798432185116471,7.763571984588896e-05,0.003947765150840435,0.0,0.0,0.9,2.7755575615628914e-17,2.7755575615628914e-17,9.406204687327381e-17
1772531343.7898986,3161,0.6041526794433594,1655.2107340173638,0.898989898176862,0.0018382730844128056,7.763571984588896e-05,0.003947765150840435,0.0,0.0,0.9,2.7755575615628914e-17,2.7755575615628914e-17,9.402962878196667e-17
1772531343.8026226,3162,0.6074905395507812,1646.116169544741,0.9013008372308017,0.0023902608246354575,7.763571984588896e-05,0.003947765150840435,0.0,0.0,0.9,2.7809732887839817e-17,2.7809732887839817e-17,9.406612718157298e-17
1772531343.8151479,3163,0.8428096771240234,1186.507496463932,0.9001142659093194,0.00122153074552485,7.763571984588896e-05,0.003947765150840435,0.0,0.0,0.9,2.7755575615628914e-17,2.7755575615628914e-17,9.404563357779381e-17
1772531343.8272479,3164,0.5636215209960938,1774.2402707275803,0.8986265365588405,0.0015237850985970116,7.763571984588896e-05,0.003947765150840435,0.0,0.0,0.9,2.7755575615628914e-17,2.7755575615628914e-17,9.401666488754422e-17
1772531343.8403218,3165,0.7579326629638672,1319.3784208870713,0.903139329442513,0.004653859868187914,7.763571984588896e-05,0.003947765150840435,0.0,0.0,0.9,2.7755575615628914e-17,2.7755575615628914e-17,9.408997427052427e-17
1772531343.8522837,3166,0.49996376037597656,2000.144969003338,0.8998023796271,0.0034454045066668565,7.763571984588896e-05,0.003947765150840435,0.0,0.0,0.9,2.7755575615628914e-17,2.7755575615628914e-17,9.403647663201521e-17
1772531343.865439,3167,0.8003711700439453,1249.4203157581173,0.903872236799846,0.004189013294280143,7.763571984588896e-05,0.003947765150840435,0.0,0.0,0.9,2.7755575615628914e-17,2.7755575615628914e-17,9.410545171403718e-17
1772531343.877725,3168,0.7061958312988281,1416.037812288994,0.901839294582524,0.0021142003563270153,7.763571984588896e-05,0.003947765150840435,0.0,0.0,0.9,2.7755575615628914e-17,2.7755575615628914e-17,9.407733962956362e-17
1772531343.8904464,3169,0.7898807525634766,1266.0138846966495,0.9029540425242051,0.0011399927556592704,7.763571984588896e-05,0.003947765150840435,0.0,0.0,0.9,2.7755575615628914e-17,2.7755575615628914e-17,9.409976899893967e-17
1772531343.9024773,3170,0.5552768707275391,1800.90339201374,0.9002770449797457,0.002766079362926286,7.763571984588896e-05,0.003947765150840435,0.0,0.0,0.9,2.7755575615628914e-17,2.7755575615628914e-17,9.405790056426766e-17
1772531343.9152563,3171,0.75531005859375,1323.959595959596,0.9011121258038247,0.0008633003433585934,7.763571984588896e-05,0.003947765150840435,0.0,0.0,0.9,2.7755575615628914e-17,2.7755575615628914e-17,9.407104249476589e-17
1772531343.9276516,3172,0.6461143493652344,1547.7136531365313,0.9008726936392932,0.00024697668239911686,7.763571984588896e-05,0.003947765150840435,0.0,0.0,0.9,2.7755575615628914e-17,2.7755575615628914e-17,9.406730215451698e-17
1772531343.9399137,3173,0.6256103515625,1598.439024390244,0.8989725037692441,0.0019517613743990946,7.763571984588896e-05,0.003947765150840435,0.0,0.0,0.9,2.7755575615628914e-17,2.7755575615628914e-17,9.403335415633196e-17
1772531343.9527075,3174,0.7345676422119141,1361.345017851347,0.901104515164341,0.002207099845092851,7.763571984588896e-05,0.003947765150840435,0.0,0.0,0.9,2.7755575615628914e-17,2.7755575615628914e-17,9.406560258377622e-17
1772531343.9656324,3175,1.09100341796875,916.5874125874126,0.9024358615245693,0.0013672618226891805,7.763571984588896e-05,0.003947765150840435,0.0,0.0,0.9,2.7755575615628914e-17,2.7755575615628914e-17,9.408950211922978e-17
1772531343.9772294,3176,0.5214214324951172,1917.8344764517603,0.8980907174962672,0.004475079694801857,7.763571984588896e-05,0.003947765150840435,0.0,0.0,0.9,2.7755575615628914e-17,2.7755575615628914e-17,9.401633038460862e-17
1772531343.9903135,3177,0.8113384246826172,1232.531295915369,0.9022627607303026,0.004309287858638763,7.763571984588896e-05,0.003947765150840435,0.0,0.0,0.9,2.7755575615628914e-17,2.7755575615628914e-17,9.408227959090364e-17
1772531344.0025988,3178,0.5896091461181641,1696.038819247877,0.9013281851666631,0.0009708323003579893,7.763571984588896e-05,0.003947765150840435,0.0,0.0,0.9,2.7755575615628914e-17,2.7755575615628914e-17,9.406905909813741e-17
1772531344.0149639,3179,0.6933212280273438,1442.3328748280605,0.8994311619258443,0.001951624201595613,7.763571984588896e-05,0.003947765150840435,0.0,0.0,0.9,2.7755575615628914e-17,2.7755575615628914e-17,9.403626918265467e-17
1772531344.027997,3180,0.7865428924560547,1271.386480751743,0.9035837824733532,0.004277706258168225,7.763571984588896e-05,0.003947765150840435,0.0,0.0,0.9,2.7809732887839817e-17,2.7809732887839817e-17,9.410489198652692e-17
1772531344.040881,3181,1.0941028594970703,913.990847679233,0.9045047606061412,0.0009383951816263161,7.763571984588896e-05,0.003947765150840435,0.0,0.0,0.9,2.7755575615628914e-17,2.7755575615628914e-17,9.412860831155924e-17
1772531344.0529122,3182,0.9791851043701172,1021.2573654735817,0.8998215170423385,0.004838416919989827,7.763571984588896e-05,0.003947765150840435,0.0,0.0,0.9,2.7755575615628914e-17,2.7755575615628914e-17,9.405524932601398e-17
1772531344.0659194,3183,1.1217594146728516,891.4567481402763,0.9036483584965738,0.003940256651528488,7.763571984588896e-05,0.003947765150840435,0.0,0.0,0.9,2.7809732887839817e-17,2.7809732887839817e-17,9.41199529789877e-17
1772531344.0778763,3184,1.0442733764648438,957.6036529680365,0.8982351683190921,0.005581026374837294,7.763571984588896e-05,0.003947765150840435,0.0,0.0,0.9,2.7755575615628914e-17,2.7755575615628914e-17,9.403129477590058e-17
1772531344.089995,3185,0.8966922760009766,1115.209784631747,0.8966788928918097,0.0015873725681943144,7.763571984588896e-05,0.003947765150840435,0.0,0.0,0.9,2.7755575615628914e-17,2.7755575615628914e-17,9.399625277346223e-17
1772531344.1032112,3186,1.0068416595458984,993.2048306890836,0.9037137398710482,0.007262089141214655,7.763571984588896e-05,0.003947765150840435,0.0,0.0,0.9,2.7809732887839817e-17,2.7809732887839817e-17,9.410886527376425e-17
1772531344.1147428,3187,0.6456375122070312,1548.8567208271788,0.8966824484665891,0.007244120561316721,7.763571984588896e-05,0.003947765150840435,0.0,0.0,0.9,0.0,0.0,9.310766415652088e-17
1772531344.1278658,3188,0.823974609375,1213.6296296296296,0.9023424397573145,0.005850145420706864,7.763571984588896e-05,0.003947765150840435,0.0,0.0,0.9,2.7809732887839817e-17,2.7809732887839817e-17,9.325056329265261e-17
1772531344.1400695,3189,0.5993843078613281,1668.378679395386,0.9009371946566903,0.0014541946753117894,7.763571984588896e-05,0.003947765150840435,0.0,0.0,0.9,0.0,0.0,9.25242956159095e-17
1772531344.1524868,3190,0.6673336029052734,1498.5008931761342,0.8998092413603697,0.0011586440704566797,7.763571984588896e-05,0.003947765150840435,0.0,0.0,0.9,0.0,0.0,9.202444778779214e-17
1772531344.1652315,3191,0.7359981536865234,1358.6990605766116,0.9018452133117919,0.0021005958308505366,7.763571984588896e-05,0.003947765150840435,0.0,0.0,0.9,2.7809732887839817e-17,2.7809732887839817e-17,9.208826328615403e-17
1772531344.1779158,3192,0.6659030914306641,1501.7200143215182,0.9035753955247907,0.0017720880887458512,7.763571984588896e-05,0.003947765150840435,0.0,0.0,0.9,2.7809732887839817e-17,2.7809732887839817e-17,9.212271368753226e-17
1772531344.1899328,3193,0.701904296875,1424.695652173913,0.8985505277374474,0.005182480221342052,7.763571984588896e-05,0.003947765150840435,0.0,0.0,0.9,0.0,0.0,9.17014816767095e-17
1772531344.2029438,3194,0.8101463317871094,1234.3449087698646,0.903017318588201,0.004607288256978367,7.763571984588896e-05,0.003947765150840435,0.0,0.0,0.9,2.7809732887839817e-17,2.7809732887839817e-17,9.179679968469364e-17
1772531344.2152722,3195,0.7605552673339844,1314.828840125392,0.9013076873262269,0.0017736002135423107,7.763571984588896e-05,0.003947765150840435,0.0,0.0,0.9,2.7755575615628914e-17,2.7755575615628914e-17,9.17702072032282e-17
1772531344.2271438,3196,0.5261898040771484,1900.4549161758043,0.8974099769500045,0.004007962950969065,7.763571984588896e-05,0.003947765150840435,0.0,0.0,0.9,2.7755575615628914e-17,2.7755575615628914e-17,9.16980026890837e-17
1772531344.2401779,3197,0.7107257843017578,1407.0124119423012,0.9016275426284982,0.004361739877652335,7.763571984588896e-05,0.003947765150840435,0.0,0.0,0.9,2.7755575615628914e-17,2.7755575615628914e-17,9.176715302408638e-17
1772531344.2527819,3198,0.8232593536376953,1214.68404286128,0.9014383934616954,0.000202136511923472,7.763571984588896e-05,0.003947765150840435,0.0,0.0,0.9,2.7755575615628914e-17,2.7755575615628914e-17,9.176526130007153e-17
1772531344.2649448,3199,0.6618499755859375,1510.9164265129682,0.8999735728506288,0.0015087425563501283,7.763571984588896e-05,0.003947765150840435,0.0,0.0,0.9,2.7755575615628914e-17,2.7755575615628914e-17,9.17389414111248e-17
1772531344.278,3200,0.7810592651367188,1280.3125763125763,0.9043177040956966,0.004469640715953957,7.763571984588896e-05,0.003947765150840435,0.0,0.0,0.9,2.7755575615628914e-17,2.7755575615628914e-17,9.181786594119973e-17
1772531344.2904108,3201,0.9667873382568359,1034.353637484587,0.9009321016861417,0.003505288258161546,7.763571984588896e-05,0.003947765150840435,0.0,0.0,0.9,2.7755575615628914e-17,2.7755575615628914e-17,9.176348221506481e-17
1772531344.3024845,3202,0.7288455963134766,1372.032711808963,0.8988990796072829,0.0020891247776072047,7.763571984588896e-05,0.003947765150840435,0.0,0.0,0.9,2.7755575615628914e-17,2.7755575615628914e-17,9.172529124763416e-17
1772531344.31542,3203,0.7712841033935547,1296.5391035548687,0.9032829964363329,0.004519344403834009,7.763571984588896e-05,0.003947765150840435,0.0,0.0,0.9,2.7755575615628914e-17,2.7755575615628914e-17,9.180198354697806e-17
1772531344.327248,3204,0.6594657897949219,1516.3788864786695,0.897180684446792,0.006287293781919096,7.763571984588896e-05,0.003947765150840435,0.0,0.0,0.9,2.7755575615628914e-17,2.7755575615628914e-17,9.169378146744787e-17
1772531344.3398795,3205,0.49996376037597656,2000.144969003338,0.9007762041635711,0.0037255644630412696,7.763571984588896e-05,0.003947765150840435,0.0,0.0,0.9,2.7755575615628914e-17,2.7755575615628914e-17,9.175061630171926e-17
1772531344.3528192,3206,0.7586479187011719,1318.134506599623,0.9029174293648532,0.0022011313292240368,7.763571984588896e-05,0.003947765150840435,0.0,0.0,0.9,2.7755575615628914e-17,2.7755575615628914e-17,9.179018870425536e-17
1772531344.3645775,3207,0.5142688751220703,1944.508113120074,0.8977362490053846,0.005338220583226137,7.763571984588896e-05,0.003947765150840435,0.0,0.0,0.9,2.7755575615628914e-17,2.7755575615628914e-17,9.16982265183812e-17
1772531344.3775012,3208,0.6983280181884766,1431.9918060771595,0.9008438170339647,0.0032191117996740767,7.763571984588896e-05,0.003947765150840435,0.0,0.0,0.9,2.7755575615628914e-17,2.7755575615628914e-17,9.17474063157214e-17
1772531344.3902845,3209,0.7779598236083984,1285.4134232301562,0.9029812756595132,0.0021965069402305045,7.763571984588896e-05,0.003947765150840435,0.0,0.0,0.9,2.7755575615628914e-17,2.7755575615628914e-17,9.178708688012337e-17
1772531344.4025173,3210,0.6611347198486328,1512.5510277677606,0.9010227092879574,0.0020291069057656445,7.763571984588896e-05,0.003947765150840435,0.0,0.0,0.9,2.7755575615628914e-17,2.7755575615628914e-17,9.175581084904276e-17
1772531344.4154248,3211,0.7658004760742188,1305.8231631382316,0.9040964461416061,0.003156838908525421,7.763571984588896e-05,0.003947765150840435,0.0,0.0,0.9,2.7755575615628914e-17,2.7755575615628914e-17,9.18139128719419e-17
1772531344.427152,3212,0.5831718444824219,1714.760425183974,0.8974918915392701,0.006809716395050515,7.763571984588896e-05,0.003947765150840435,0.0,0.0,0.9,2.7755575615628914e-17,2.7755575615628914e-17,9.169862962857838e-17
1772531344.439839,3213,0.6022453308105469,1660.4528899445763,0.9000222249768518,0.0026293537098862267,7.763571984588896e-05,0.003947765150840435,0.0,0.0,0.9,2.7755575615628914e-17,2.7755575615628914e-17,9.173649751831166e-17
1772531344.4529397,3214,0.8542537689208984,1170.6123360312588,0.9044280266421978,0.0045326278610954285,7.763571984588896e-05,0.003947765150840435,0.0,0.0,0.9,2.7755575615628914e-17,2.7755575615628914e-17,9.181672815854612e-17
1772531344.4649203,3215,0.45990943908691406,2174.3411093831,0.9013188224161086,0.0032226761282993007,7.763571984588896e-05,0.003947765150840435,0.0,0.0,0.9,2.7755575615628914e-17,2.7755575615628914e-17,9.17678900249428e-17
1772531344.4781218,3216,0.8835792541503906,1131.7603885590934,0.9047468967297673,0.003519037867061582,7.763571984588896e-05,0.003947765150840435,0.0,0.0,0.9,2.7755575615628914e-17,2.7755575615628914e-17,9.183370923820151e-17
1772531344.4899895,3217,0.7185935974121094,1391.6071665560717,0.8991554858284643,0.00577324682831588,7.763571984588896e-05,0.003947765150840435,0.0,0.0,0.9,2.7755575615628914e-17,2.7755575615628914e-17,9.173920004205486e-17
1772531344.50248,3218,0.6392002105712891,1564.455054084297,0.900031383379891,0.0009176380387177742,7.763571984588896e-05,0.003947765150840435,0.0,0.0,0.9,2.7755575615628914e-17,2.7755575615628914e-17,9.175082576905372e-17
1772531344.515376,3219,0.7605552673339844,1314.828840125392,0.9029694450696493,0.00302589610531749,7.763571984588896e-05,0.003947765150840435,0.0,0.0,0.9,4.449557262054371e-16,4.449557262054371e-16,5.0641225913318285e-17
1772531344.5273347,3220,0.5190372467041016,1926.6440055121727,0.8991627012655569,0.00392540134469155,7.763571984588896e-05,0.003947765150840435,0.0,0.0,0.9,2.7755575615628914e-17,2.7755575615628914e-17,5.3064014611363556e-17
1772531344.5399003,3221,0.5795955657958984,1725.3410119292473,0.8999770186075502,0.0008555725290964688,7.763571984588896e-05,0.003947765150840435,0.0,0.0,0.9,2.7755575615628914e-17,2.7755575615628914e-17,5.307056829413933e-17
1772531344.5524006,3222,0.6296634674072266,1588.149943203332,0.8997945782330901,0.0001893170215757505,7.763571984588896e-05,0.003947765150840435,0.0,0.0,0.9,2.7755575615628914e-17,2.7755575615628914e-17,5.306644931737604e-17
1772531344.565415,3223,0.7581710815429688,1318.9635220125786,0.9036855650101051,0.004006779316918358,7.763571984588896e-05,0.003947765150840435,0.0,0.0,0.9,4.449557262054371e-16,4.449557262054371e-16,3.635516271676118e-17
1772531344.5772083,3224,0.5521774291992188,1811.0120898100172,0.8982408000360295,0.005613704177397545,7.763571984588896e-05,0.003947765150840435,0.0,0.0,0.9,2.7755575615628914e-17,2.7755575615628914e-17,3.559337608121505e-17
1772531344.590411,3225,0.7786750793457031,1284.232700551133,0.9035647185511486,0.005491094170364023,7.763571984588896e-05,0.003947765150840435,0.0,0.0,0.9,4.449557262054371e-16,4.449557262054371e-16,6.43406562892452e-17
1772531344.602357,3226,0.5903244018554688,1693.9838449111471,0.8992778971616999,0.004423258577478192,7.763571984588896e-05,0.003947765150840435,0.0,0.0,0.9,2.7755575615628914e-17,2.7755575615628914e-17,6.142868107293647e-17
1772531344.614509,3227,0.5161762237548828,1937.3228637413395,0.8972185537821815,0.002106650688773855,7.763571984588896e-05,0.003947765150840435,0.0,0.0,0.9,2.7755575615628914e-17,2.7755575615628914e-17,6.135781988337527e-17
1772531344.6279671,3228,0.7903575897216797,1265.2500754147813,0.9047610863370539,0.007777878776358212,7.763571984588896e-05,0.003947765150840435,0.0,0.0,0.9,4.449557262054371e-16,4.449557262054371e-16,1.050112087009662e-16
1772531344.639568,3229,0.5137920379638672,1946.3127610208817,0.8976947201439457,0.007288249260966867,7.763571984588896e-05,0.003947765150840435,0.0,0.0,0.9,0.0,0.0,9.98278557598128e-17
1772531344.6521447,3230,0.49424171447753906,2023.3014954172697,0.899477651413384,0.0018621041125870927,7.763571984588896e-05,0.003947765150840435,0.0,0.0,0.9,0.0,0.0,9.840190774453311e-17
1772531344.6655633,3231,0.7750988006591797,1290.1581051984006,0.9062314153913045,0.006948420493298656,7.763571984588896e-05,0.003947765150840435,0.0,0.0,0.9,0.0,0.0,9.72902636596249e-17
1772531344.677265,3232,0.5316734313964844,1880.8538116591928,0.8996365480472274,0.00681588770484951,7.763571984588896e-05,0.003947765150840435,0.0,0.0,0.9,0.0,0.0,9.589598829872181e-17
1772531344.6899354,3233,0.6701946258544922,1492.1038776236214,0.9003154836554966,0.0007094170151555767,7.763571984588896e-05,0.003947765150840435,0.0,0.0,0.9,0.0,0.0,9.487585635356842e-17
1772531344.7028832,3234,0.7393360137939453,1352.5649790390196,0.9041160190145089,0.003908824073161162,7.763571984588896e-05,0.003947765150840435,0.0,0.0,0.9,0.0,0.0,9.41035649474481e-17
1772531344.7146258,3235,0.5214214324951172,1917.8344764517603,0.8981548658862558,0.006148387701687066,7.763571984588896e-05,0.003947765150840435,0.0,0.0,0.9,0.0,0.0,9.394832132194263e-17
1772531344.7271283,3236,0.5047321319580078,1981.248937175248,0.8989553580255004,0.0008538014816172868,7.763571984588896e-05,0.003947765150840435,0.0,0.0,0.9,0.0,0.0,9.396013083045801e-17
1772531344.7404969,3237,0.7646083831787109,1307.859058309947,0.9055880044739497,0.006828298321105549,7.763571984588896e-05,0.003947765150840435,0.0,0.0,0.9,0.0,0.0,9.41386081751864e-17
1772531344.752239,3238,0.5254745483398438,1903.0417422867513,0.8991684589177855,0.006630475451097051,7.763571984588896e-05,0.003947765150840435,0.0,0.0,0.9,0.0,0.0,9.397579579650033e-17
1772531344.764764,3239,0.48923492431640625,2044.007797270955,0.9001723347354389,0.0010477428026137918,7.763571984588896e-05,0.003947765150840435,0.0,0.0,0.9,0.0,0.0,9.399711552517325e-17
1772531344.7780359,3240,0.7910728454589844,1264.1060880048221,0.9052946178684214,0.005267677823422077,7.763571984588896e-05,0.003947765150840435,0.0,0.0,0.9,0.0,0.0,9.413794983948633e-17
1772531344.7897344,3241,0.47659873962402344,2098.201100550275,0.8990814861877476,0.006415968486004776,7.763571984588896e-05,0.003947765150840435,0.0,0.0,0.9,0.0,0.0,9.397979695407126e-17
1772531344.802309,3242,0.4858970642089844,2058.0490677134444,0.9001277916062336,0.0010926628627870652,7.763571984588896e-05,0.003947765150840435,0.0,0.0,0.9,0.0,0.0,9.400195294909377e-17
1772531344.814815,3243,0.7467269897460938,1339.1775223499362,0.8986439534082364,0.0015195786196435285,7.763571984588896e-05,0.003947765150840435,0.0,0.0,0.9,0.0,0.0,9.395717742099096e-17
1772531344.8274803,3244,0.6363391876220703,1571.4889471712252,0.9016449910677711,0.003102191699966711,7.763571984588896e-05,0.003947765150840435,0.0,0.0,0.9,0.0,0.0,9.40322789304225e-17
1772531344.839891,3245,0.6551742553710938,1526.311499272198,0.9005470121270983,0.0011328797653899268,7.763571984588896e-05,0.003947765150840435,0.0,0.0,0.9,2.7755575615628914e-17,2.7755575615628914e-17,9.324509027923388e-17
1772531344.85281,3246,0.7901191711425781,1265.6318648159324,0.9037092119272431,0.003251804884369231,7.763571984588896e-05,0.003947765150840435,0.0,0.0,0.9,2.7755575615628914e-17,2.7755575615628914e-17,9.279051296251658e-17
1772531344.8650997,3247,0.7774829864501953,1286.201778595523,0.9009881642163341,0.002817270766426311,7.763571984588896e-05,0.003947765150840435,0.0,0.0,0.9,2.7755575615628914e-17,2.7755575615628914e-17,9.237170099116061e-17
1772531344.877876,3248,0.9126663208007812,1095.6907001044933,0.9025943978406898,0.0016502381058918906,7.763571984588896e-05,0.003947765150840435,0.0,0.0,0.9,2.7755575615628914e-17,2.7755575615628914e-17,9.222096957502558e-17
1772531344.8901584,3249,0.7848739624023438,1274.0899149453219,0.9010023675699212,0.0016483526374337619,7.763571984588896e-05,0.003947765150840435,0.0,0.0,0.9,2.7755575615628914e-17,2.7755575615628914e-17,9.21775692909718e-17
1772531344.902134,3250,0.5364418029785156,1864.1351111111112,0.8979378521195979,0.003149093760989545,7.763571984588896e-05,0.003947765150840435,0.0,0.0,0.9,2.7755575615628914e-17,2.7755575615628914e-17,9.227376275725917e-17
1772531344.9145622,3251,0.5233287811279297,1910.8446469248292,0.8984070071563064,0.0005280101023749456,7.763571984588896e-05,0.003947765150840435,0.0,0.0,0.9,2.7755575615628914e-17,2.7755575615628914e-17,9.261025760103339e-17
1772531344.9279983,3252,0.7486343383789062,1335.7656050955413,0.9059364214657066,0.007754226647348834,7.763571984588896e-05,0.003947765150840435,0.0,0.0,0.9,2.7755575615628914e-17,2.7755575615628914e-17,9.276299617800094e-17
1772531344.9397197,3253,0.6625652313232422,1509.2853544440445,0.8980376471411834,0.008152116326317332,7.763571984588896e-05,0.003947765150840435,0.0,0.0,0.9,2.7755575615628914e-17,2.7755575615628914e-17,9.26095813539675e-17
1772531344.9521308,3254,0.5021095275878906,1991.5973409306744,0.8994826148976629,0.0015126954925331452,7.763571984588896e-05,0.003947765150840435,0.0,0.0,0.9,2.7755575615628914e-17,2.7755575615628914e-17,9.263099868084827e-17
1772531344.9655473,3255,0.8203983306884766,1218.9200813716943,0.9056862158182029,0.006383721012677557,7.763571984588896e-05,0.003947765150840435,0.0,0.0,0.9,2.7755575615628914e-17,2.7755575615628914e-17,9.275893225139146e-17
1772531344.9771044,3256,0.4773139953613281,2095.056943056943,0.89847909877111,0.007439936459965803,7.763571984588896e-05,0.003947765150840435,0.0,0.0,0.9,2.7755575615628914e-17,2.7755575615628914e-17,9.261959856377746e-17
1772531344.989612,3257,0.5328655242919922,1876.6460850111857,0.8989509072423632,0.0005181032284394965,7.763571984588896e-05,0.003947765150840435,0.0,0.0,0.9,2.7755575615628914e-17,2.7755575615628914e-17,9.262174001381667e-17
1772531345.0029454,3258,0.78582763671875,1272.5436893203882,0.9050887108482015,0.006320385959676706,7.763571984588896e-05,0.003947765150840435,0.0,0.0,0.9,2.7755575615628914e-17,2.7755575615628914e-17,9.274654220923337e-17
1772531345.0145907,3259,0.5435943603515625,1839.6070175438597,0.8982981269272728,0.0070075334641308915,7.763571984588896e-05,0.003947765150840435,0.0,0.0,0.9,2.7755575615628914e-17,2.7755575615628914e-17,9.261427856457022e-17
1772531345.0271397,3260,0.5464553833007812,1829.975567190227,0.8993131476430544,0.0010701365634291967,7.763571984588896e-05,0.003947765150840435,0.0,0.0,0.9,2.7755575615628914e-17,2.7755575615628914e-17,9.262740853087552e-17
1772531345.0404508,3261,0.7898807525634766,1266.0138846966495,0.905374996602994,0.0062393790707259665,7.763571984588896e-05,0.003947765150840435,0.0,0.0,0.9,2.7755575615628914e-17,2.7755575615628914e-17,9.275177329081546e-17
1772531345.0522342,3262,0.6680488586425781,1496.8965024982156,0.8984989386199695,0.007097596894211785,7.763571984588896e-05,0.003947765150840435,0.0,0.0,0.9,2.7755575615628914e-17,2.7755575615628914e-17,9.261858760487587e-17
1772531345.064563,3263,0.5173683166503906,1932.8589861751152,0.8988569193846935,0.0004050677333096887,7.763571984588896e-05,0.003947765150840435,0.0,0.0,0.9,2.7755575615628914e-17,2.7755575615628914e-17,9.261837584435443e-17
1772531345.0771832,3264,0.49233436584472656,2031.1399515738499,0.9007512236900241,0.0019638753931150725,7.763571984588896e-05,0.003947765150840435,0.0,0.0,0.9,2.7755575615628914e-17,2.7755575615628914e-17,9.265190846838298e-17
1772531345.0904248,3265,1.0712146759033203,933.5196973069219,0.9033661039956887,0.002687912939710204,7.763571984588896e-05,0.003947765150840435,0.0,0.0,0.9,2.7755575615628914e-17,2.7755575615628914e-17,9.270696803537809e-17
1772531345.1027994,3266,0.7767677307128906,1287.3861264579496,0.9038261803514359,0.00047360568923199867,7.763571984588896e-05,0.003947765150840435,0.0,0.0,0.9,2.7755575615628914e-17,2.7755575615628914e-17,9.272447800058256e-17
1772531345.1155744,3267,1.2080669403076172,827.7686994276693,0.9025218463058431,0.0013673907260845339,7.763571984588896e-05,0.003947765150840435,0.0,0.0,0.9,2.7755575615628914e-17,2.7755575615628914e-17,9.270581910193862e-17
1772531345.1275008,3268,0.7481575012207031,1336.61695347355,0.9002866564598244,0.0023083141629338584,7.763571984588896e-05,0.003947765150840435,0.0,0.0,0.9,2.7755575615628914e-17,2.7755575615628914e-17,9.26631514400186e-17
1772531345.1397884,3269,0.5919933319091797,1689.2082158679018,0.8994369539033281,0.0008691559993237647,7.763571984588896e-05,0.003947765150840435,0.0,0.0,0.9,2.237726045655905e-16,2.237726045655905e-16,8.820567854837134e-17
1772531345.1522858,3270,0.6239414215087891,1602.7145586549484,0.8996690749480077,0.00026305642305426524,7.763571984588896e-05,0.003947765150840435,0.0,0.0,0.9,2.237726045655905e-16,2.237726045655905e-16,9.227944182101224e-17
1772531345.1654153,3271,0.7588863372802734,1317.7203895695884,0.9046976316517894,0.005175916442812336,7.763571984588896e-05,0.003947765150840435,0.0,0.0,0.9,2.237726045655905e-16,2.237726045655905e-16,1.0308185980042624e-16
1772531345.1773553,3272,0.7686614990234375,1300.9627791563275,0.8986114026933402,0.006280400971658167,7.763571984588896e-05,0.003947765150840435,0.0,0.0,0.9,2.7755575615628914e-17,2.7755575615628914e-17,1.0205548365359095e-16
1772531345.1899762,3273,0.6201267242431641,1612.5736255286429,0.9015048402485103,0.0029924142686009675,7.763571984588896e-05,0.003947765150840435,0.0,0.0,0.9,2.7755575615628914e-17,2.7755575615628914e-17,1.0212119544713971e-16
1772531345.2026262,3274,0.6687641143798828,1495.2955436720142,0.9024572776365688,0.0009758393849198469,7.763571984588896e-05,0.003947765150840435,0.0,0.0,0.9,2.7755575615628914e-17,2.7755575615628914e-17,1.0214748143406338e-16
1772531345.2148292,3275,0.7128715515136719,1402.7772575250835,0.8991949282430096,0.003362129441060783,7.763571984588896e-05,0.003947765150840435,0.0,0.0,0.9,2.7755575615628914e-17,2.7755575615628914e-17,1.02068814677771e-16
1772531345.2271268,3276,0.5180835723876953,1930.1905200184078,0.8988731713657544,0.0003328429870876413,7.763571984588896e-05,0.003947765150840435,0.0,0.0,0.9,2.7755575615628914e-17,2.7755575615628914e-17,1.0205396867932415e-16
1772531345.2406468,3277,0.8006095886230469,1249.048243001787,0.9064458412631721,0.0077950818246176,7.763571984588896e-05,0.003947765150840435,0.0,0.0,0.9,2.7755575615628914e-17,2.7755575615628914e-17,1.0224123549890815e-16
1772531345.2521193,3278,0.6115436553955078,1635.206237816764,0.8970441111669621,0.009699614918945247,7.763571984588896e-05,0.003947765150840435,0.0,0.0,0.9,2.7755575615628914e-17,2.7755575615628914e-17,1.0201888360894634e-16
1772531345.2645056,3279,0.4863739013671875,2056.0313725490196,0.8980082393185587,0.0010389903078771255,7.763571984588896e-05,0.003947765150840435,0.0,0.0,0.9,2.7755575615628914e-17,2.7755575615628914e-17,1.0202930026035628e-16
1772531345.2780466,3280,0.8153915405273438,1226.4046783625731,0.9059560960580217,0.008187467449699845,7.763571984588896e-05,0.003947765150840435,0.0,0.0,0.9,2.7755575615628914e-17,2.7755575615628914e-17,1.0222281000842916e-16
1772531345.2899644,3281,0.6582736968994141,1519.1249547265484,0.9005557978380202,0.005586252605979389,7.763571984588896e-05,0.003947765150840435,0.0,0.0,0.9,2.7755575615628914e-17,2.7755575615628914e-17,1.0210146484537521e-16
1772531345.3029227,3282,0.7882118225097656,1268.6944948578343,0.9037952233301949,0.0033313252162415303,7.763571984588896e-05,0.003947765150840435,0.0,0.0,0.9,2.7755575615628914e-17,2.7755575615628914e-17,1.0218334289532153e-16
1772531345.3161328,3283,1.2328624725341797,811.1204795977567,0.9056448423712217,0.0018866671969603873,7.763571984588896e-05,0.003947765150840435,0.0,0.0,0.9,2.7755575615628914e-17,2.7755575615628914e-17,1.0224146389752174e-16
1772531345.3281028,3284,1.0800361633300781,925.8949227373068,0.9009012785382847,0.004909169212867149,7.763571984588896e-05,0.003947765150840435,0.0,0.0,0.9,2.7755575615628914e-17,2.7755575615628914e-17,1.0213604026641274e-16
1772531345.340944,3285,1.210927963256836,825.8129553061626,0.9030177212652033,0.002175981299939757,7.763571984588896e-05,0.003947765150840435,0.0,0.0,0.9,2.7755575615628914e-17,2.7755575615628914e-17,1.0219046803118662e-16
1772531345.3536136,3286,1.3785362243652344,725.4071255620893,0.902030535337146,0.001030468608652275,7.763571984588896e-05,0.003947765150840435,0.0,0.0,0.9,2.7755575615628914e-17,2.7755575615628914e-17,1.0217238054217531e-16
1772531345.3654451,3287,0.9360313415527344,1068.3402954661233,0.8990086968139472,0.0031105643275772207,7.763571984588896e-05,0.003947765150840435,0.0,0.0,0.9,2.7755575615628914e-17,2.7755575615628914e-17,1.0209822449874326e-16
1772531345.3784173,3288,1.1906623840332031,839.868642370845,0.9021688455262799,0.003264913861638286,7.763571984588896e-05,0.003947765150840435,0.0,0.0,0.9,2.7755575615628914e-17,2.7755575615628914e-17,1.0217223113351331e-16
1772531345.390251,3289,0.9784698486328125,1022.0038986354775,0.8969001980743445,0.005420120384969979,7.763571984588896e-05,0.003947765150840435,0.0,0.0,0.9,2.7755575615628914e-17,2.7755575615628914e-17,1.0204058268621308e-16
1772531345.4030855,3290,0.9369850158691406,1067.2529262086514,0.9013617101735694,0.004620857293942907,7.763571984588896e-05,0.003947765150840435,0.0,0.0,0.9,2.7755575615628914e-17,2.7755575615628914e-17,1.0213995315209904e-16
1772531345.4154255,3291,0.7801055908203125,1281.877750611247,0.9008792118620634,0.0004960519743229574,7.763571984588896e-05,0.003947765150840435,0.0,0.0,0.9,2.7755575615628914e-17,2.7755575615628914e-17,1.0212823318490234e-16
1772531345.4276838,3292,0.5714893341064453,1749.813934084272,0.8997983379894134,0.0011081415794199675,7.763571984588896e-05,0.003947765150840435,0.0,0.0,0.9,2.7755575615628914e-17,2.7755575615628914e-17,1.0209941211935644e-16
1772531345.4399714,3293,0.6451606750488281,1550.0014781966001,0.8979020379574012,0.001940533785427485,7.763571984588896e-05,0.003947765150840435,0.0,0.0,0.9,2.7755575615628914e-17,2.7755575615628914e-17,1.0204580907015126e-16
1772531345.4529505,3294,0.7960796356201172,1256.155735250075,0.9016888787555276,0.003917708195578788,7.763571984588896e-05,0.003947765150840435,0.0,0.0,0.9,2.7755575615628914e-17,2.7755575615628914e-17,1.0213126231077957e-16
1772531345.4650342,3295,0.7481575012207031,1336.61695347355,0.898237624687602,0.0035499656861441038,7.763571984588896e-05,0.003947765150840435,0.0,0.0,0.9,2.7755575615628914e-17,2.7755575615628914e-17,1.0204448294424952e-16
1772531345.478104,3296,0.9603500366210938,1041.286991062562,0.9018925966106031,0.0037782017572638364,7.763571984588896e-05,0.003947765150840435,0.0,0.0,0.9,2.7755575615628914e-17,2.7755575615628914e-17,1.0212782061124186e-16
1772531345.4898603,3297,0.7174015045166016,1393.9195746095047,0.8972487522734168,0.004777849478048866,7.763571984588896e-05,0.003947765150840435,0.0,0.0,0.9,2.7755575615628914e-17,2.7755575615628914e-17,1.0201138823057864e-16
1772531345.5021336,3298,0.5476474761962891,1825.9921636917718,0.8974153522392386,0.00027493313795736704,7.763571984588896e-05,0.003947765150840435,0.0,0.0,0.9,2.7755575615628914e-17,2.7755575615628914e-17,1.0200173147087412e-16
1772531345.5153713,3299,0.7455348968505859,1341.3188359449953,0.90362774646637,0.00640974429329629,7.763571984588896e-05,0.003947765150840435,0.0,0.0,0.9,2.7755575615628914e-17,2.7755575615628914e-17,1.021477190225271e-16
1772531345.5278618,3300,1.0445117950439453,957.3850719013924,0.9005971368458405,0.0031352964994011694,7.763571984588896e-05,0.003947765150840435,0.0,0.0,0.9,2.7755575615628914e-17,2.7755575615628914e-17,1.0207899333578344e-16
1772531345.5398254,3301,0.6067752838134766,1648.0565815324164,0.8994862650743992,0.0011400196983189542,7.763571984588896e-05,0.003947765150840435,0.0,0.0,0.9,2.7755575615628914e-17,2.7755575615628914e-17,1.0204893939737994e-16
1772531345.5529046,3302,0.7696151733398438,1299.3506815365552,0.90387028463222,0.004513364144011294,7.763571984588896e-05,0.003947765150840435,0.0,0.0,0.9,2.7755575615628914e-17,2.7755575615628914e-17,1.0215610206617776e-16
1772531345.564544,3303,0.49424171447753906,2023.3014954172697,0.8974958191495594,0.006572799742678029,7.763571984588896e-05,0.003947765150840435,0.0,0.0,0.9,2.7755575615628914e-17,2.7755575615628914e-17,1.0200295539635763e-16
1772531345.5776033,3304,0.5068778991699219,1972.8617121354657,0.9035150101528069,0.006208769000641492,7.763571984588896e-05,0.003947765150840435,0.0,0.0,0.9,2.7755575615628914e-17,2.7755575615628914e-17,1.0214495213669637e-16
1772531345.5899043,3305,0.48828125,2048.0,0.9012903543047617,0.0023088858838608032,7.763571984588896e-05,0.003947765150840435,0.0,0.0,0.9,2.7755575615628914e-17,2.7755575615628914e-17,1.0209704743119452e-16
1772531345.6023161,3306,0.5128383636474609,1949.9321245932124,0.9001780125863755,0.0011472315529453723,7.763571984588896e-05,0.003947765150840435,0.0,0.0,0.9,2.7755575615628914e-17,2.7755575615628914e-17,1.0206986158820572e-16
1772531345.6153255,3307,0.75531005859375,1323.959595959596,0.9034360507189301,0.003351129960626225,7.763571984588896e-05,0.003947765150840435,0.0,0.0,0.9,2.7755575615628914e-17,2.7755575615628914e-17,1.0215100526967959e-16
1772531345.6287231,3308,1.4946460723876953,669.0547136704419,0.9054530060407198,0.0020587036269301105,7.763571984588896e-05,0.003947765150840435,0.0,0.0,0.9,5.551115123125783e-17,5.551115123125783e-17,1.0251301633857386e-16
1772531345.6402032,3309,0.7908344268798828,1264.487187217365,0.9011352466077859,0.0044734183197357,7.763571984588896e-05,0.003947765150840435,0.0,0.0,0.9,2.7755575615628914e-17,2.7755575615628914e-17,1.0239517335763653e-16
1772531345.6529574,3310,0.7722377777099609,1294.9379438098179,0.902573857452906,0.0014760904622909876,7.763571984588896e-05,0.003947765150840435,0.0,0.0,0.9,5.551115123125783e-17,5.551115123125783e-17,1.0290346941987811e-16
1772531345.66513,3311,0.6833076477050781,1463.4696441032797,0.8997553673520714,0.002908433197451969,7.763571984588896e-05,0.003947765150840435,0.0,0.0,0.9,2.7755575615628914e-17,2.7755575615628914e-17,1.0280267481108211e-16
1772531345.6781998,3312,1.0709762573242188,933.7275155832591,0.9020614462704757,0.0023784097475142703,7.763571984588896e-05,0.003947765150840435,0.0,0.0,0.9,5.551115123125783e-17,5.551115123125783e-17,1.0349230659710703e-16
1772531345.6900072,3313,0.8394718170166016,1191.2252201079239,0.8971796879004524,0.0050239998381962645,7.763571984588896e-05,0.003947765150840435,0.0,0.0,0.9,2.7755575615628914e-17,2.7755575615628914e-17,1.0332989273740805e-16
1772531345.702874,3314,1.0085105895996094,991.5612293144208,0.9001003762213137,0.0030342708271711614,7.763571984588896e-05,0.003947765150840435,0.0,0.0,0.9,5.551115123125783e-17,5.551115123125783e-17,1.0418703367421788e-16
1772531345.715456,3315,1.0721683502197266,932.6893484545252,0.9004724710020283,0.00039194506635843306,7.763571984588896e-05,0.003947765150840435,0.0,0.0,0.9,2.7755575615628914e-17,2.7755575615628914e-17,1.0413131886481581e-16
1772531345.7279356,3316,0.9987354278564453,1001.2661733110527,0.9012838104049771,0.0008379776126931267,7.763571984588896e-05,0.003947765150840435,0.0,0.0,0.9,2.7755575615628914e-17,2.7755575615628914e-17,1.041485395690972e-16
1772531345.7402792,3317,0.9720325469970703,1028.7721363747853,0.8999262668789295,0.001396739087634676,7.763571984588896e-05,0.003947765150840435,0.0,0.0,0.9,2.7755575615628914e-17,2.7755575615628914e-17,1.0411719615617896e-16
1772531345.7529144,3318,0.9894371032714844,1010.6756626506024,0.9013269868497487,0.0014475785025297222,7.763571984588896e-05,0.003947765150840435,0.0,0.0,0.9,2.7755575615628914e-17,2.7755575615628914e-17,1.0414650298084232e-16
1772531345.7658014,3319,1.1305809020996094,884.501054407423,0.9038983556557758,0.0026394126434397228,7.763571984588896e-05,0.003947765150840435,0.0,0.0,0.9,2.7755575615628914e-17,2.7755575615628914e-17,1.0420873425016247e-16
1772531345.777762,3320,1.0721683502197266,932.6893484545252,0.8982430245667581,0.00583230891960152,7.763571984588896e-05,0.003947765150840435,0.0,0.0,0.9,2.7755575615628914e-17,2.7755575615628914e-17,1.0408479304330706e-16
1772531345.790827,3321,1.1248588562011719,889.0004239084358,0.9039434182564187,0.005877042188565184,7.763571984588896e-05,0.003947765150840435,0.0,0.0,0.9,2.7755575615628914e-17,2.7755575615628914e-17,1.0421048666852277e-16
1772531345.8026564,3322,0.8885860443115234,1125.3834182988999,0.8991886714412003,0.004907390291107711,7.763571984588896e-05,0.003947765150840435,0.0,0.0,0.9,2.7755575615628914e-17,2.7755575615628914e-17,1.0410802192516491e-16
1772531345.8153129,3323,0.9226799011230469,1083.7994832041343,0.900380310282886,0.0012401459576237529,7.763571984588896e-05,0.003947765150840435,0.0,0.0,0.9,2.7755575615628914e-17,2.7755575615628914e-17,1.0412996879634737e-16
1772531345.8278968,3324,0.9617805480957031,1039.7382250867624,0.9012327309093324,0.0008805867375977117,7.763571984588896e-05,0.003947765150840435,0.0,0.0,0.9,2.7755575615628914e-17,2.7755575615628914e-17,1.0414798079684195e-16
1772531345.8403003,3325,0.9057521820068359,1104.054751250329,0.9007923624368362,0.00045425174309090524,7.763571984588896e-05,0.003947765150840435,0.0,0.0,0.9,2.7755575615628914e-17,2.7755575615628914e-17,1.0413832306859215e-16
1772531345.8532953,3326,1.0967254638671875,911.8052173913044,0.9037830044145816,0.0030737572630285606,7.763571984588896e-05,0.003947765150840435,0.0,0.0,0.9,2.7755575615628914e-17,2.7755575615628914e-17,1.0420871405449439e-16
1772531345.8657246,3327,1.088857650756836,918.3936938909569,0.9023563763263174,0.0014913117822167477,7.763571984588896e-05,0.003947765150840435,0.0,0.0,0.9,2.7755575615628914e-17,2.7755575615628914e-17,1.0418478634166272e-16
1772531345.8781497,3328,1.1327266693115234,882.8255104188592,0.9007408779358044,0.0016703503467207692,7.763571984588896e-05,0.003947765150840435,0.0,0.0,0.9,2.7755575615628914e-17,2.7755575615628914e-17,1.0415144293235763e-16
1772531345.890887,3329,1.1954307556152344,836.5185480654168,0.9026241634191796,0.0019369169580770117,7.763571984588896e-05,0.003947765150840435,0.0,0.0,0.9,2.7755575615628914e-17,2.7755575615628914e-17,1.0419553834313293e-16
1772531345.9031932,3330,1.1365413665771484,879.8623872456471,0.9008841516095567,0.0017999722494903474,7.763571984588896e-05,0.003947765150840435,0.0,0.0,0.9,2.7755575615628914e-17,2.7755575615628914e-17,1.0416009080277028e-16
1772531345.9159317,3331,1.1610984802246094,861.2533880903491,0.9025496779075725,0.001712581248983735,7.763571984588896e-05,0.003947765150840435,0.0,0.0,0.9,2.7755575615628914e-17,2.7755575615628914e-17,1.0419946645267647e-16
1772531345.9283361,3332,1.19781494140625,834.8535031847134,0.9006856266821444,0.0019261581234505788,7.763571984588896e-05,0.003947765150840435,0.0,0.0,0.9,2.7755575615628914e-17,2.7755575615628914e-17,1.0416072090315235e-16
1772531345.940153,3333,0.8225440979003906,1215.7402898550724,0.898224719275666,0.0025260267104935856,7.763571984588896e-05,0.003947765150840435,0.0,0.0,0.9,2.7755575615628914e-17,2.7755575615628914e-17,1.0410123147062907e-16
1772531345.9524446,3334,0.5152225494384766,1940.9088385006942,0.8987651872060676,0.0005954457844991114,7.763571984588896e-05,0.003947765150840435,0.0,0.0,0.9,2.7755575615628914e-17,2.7755575615628914e-17,1.0410405116631846e-16
1772531345.96493,3335,0.5018711090087891,1992.5434679334917,0.8993620489939879,0.0006417710785505152,7.763571984588896e-05,0.003947765150840435,0.0,0.0,0.9,2.7755575615628914e-17,2.7755575615628914e-17,1.0410988107672774e-16
1772531345.9779687,3336,0.8246898651123047,1212.5770453888408,0.9021886467345864,0.002917655587916106,7.763571984588896e-05,0.003947765150840435,0.0,0.0,0.9,2.7755575615628914e-17,2.7755575615628914e-17,1.0417066279511023e-16
1772531345.990627,3337,0.9999275207519531,1000.072484501669,0.9015868875605965,0.0006282223152685394,7.763571984588896e-05,0.003947765150840435,0.0,0.0,0.9,2.7755575615628914e-17,2.7755575615628914e-17,1.041601648149246e-16
1772531346.0029411,3338,0.9810924530029297,1019.2719319562576,0.9001180803938813,0.001513041626690423,7.763571984588896e-05,0.003947765150840435,0.0,0.0,0.9,2.7755575615628914e-17,2.7755575615628914e-17,1.0412711537476132e-16
1772531346.016007,3339,1.1944770812988281,837.1864271457085,0.9038732792947803,0.003864433800691006,7.763571984588896e-05,0.003947765150840435,0.0,0.0,0.9,2.7755575615628914e-17,2.7755575615628914e-17,1.0421307000925e-16
1772531346.027838,3340,1.0266304016113281,974.0603808639108,0.8980346082820155,0.006020184674510277,7.763571984588896e-05,0.003947765150840435,0.0,0.0,0.9,2.7755575615628914e-17,2.7755575615628914e-17,1.0408451174670671e-16
1772531346.0400398,3341,0.8966922760009766,1115.209784631747,0.8971971342687524,0.0008545104020702371,7.763571984588896e-05,0.003947765150840435,0.0,0.0,0.9,2.7755575615628914e-17,2.7755575615628914e-17,1.040541713926613e-16
1772531346.0534983,3342,1.2798309326171875,781.3532041728763,0.9040821408356945,0.007102668271356369,7.763571984588896e-05,0.003947765150840435,0.0,0.0,0.9,2.7755575615628914e-17,2.7755575615628914e-17,1.0420369927231519e-16
1772531346.065082,3343,0.8878707885742188,1126.2900107411385,0.8980303639251384,0.006241112358058911,7.763571984588896e-05,0.003947765150840435,0.0,0.0,0.9,2.7755575615628914e-17,2.7755575615628914e-17,1.0407077087003962e-16
1772531346.0784328,3344,1.1730194091796875,852.5008130081301,0.9043377506007882,0.006501744866684821,7.763571984588896e-05,0.003947765150840435,0.0,0.0,0.9,2.7755575615628914e-17,2.7755575615628914e-17,1.0420982272872872e-16
1772531346.0908642,3345,1.1730194091796875,852.5008130081301,0.9029920374337214,0.0014166315278734307,7.763571984588896e-05,0.003947765150840435,0.0,0.0,0.9,2.7755575615628914e-17,2.7755575615628914e-17,1.0418965202174183e-16
1772531346.1032922,3346,1.3859272003173828,721.5386203337347,0.900294791112529,0.002787321331312592,7.763571984588896e-05,0.003947765150840435,0.0,0.0,0.9,2.7755575615628914e-17,2.7755575615628914e-17,1.0413285427633071e-16
1772531346.1152885,3347,0.9737014770507812,1027.0088148873654,0.898972929088342,0.0013545199983848585,7.763571984588896e-05,0.003947765150840435,0.0,0.0,0.9,2.7755575615628914e-17,2.7755575615628914e-17,1.0409925235871546e-16
1772531346.128321,3348,1.2423992156982422,804.8942621377854,0.9020562979334761,0.003183061505948428,7.763571984588896e-05,0.003947765150840435,0.0,0.0,0.9,2.7755575615628914e-17,2.7755575615628914e-17,1.0416532477597547e-16
1772531346.1404896,3349,1.0132789611816406,986.8950588235294,0.9007366515683045,0.0013645647532163636,7.763571984588896e-05,0.003947765150840435,0.0,0.0,0.9,2.7755575615628914e-17,2.7755575615628914e-17,1.0413777427280399e-16
1772531346.153123,3350,0.9977817535400391,1002.2231780167264,0.9021843777586682,0.0014888696889337793,7.763571984588896e-05,0.003947765150840435,0.0,0.0,0.9,2.7755575615628914e-17,2.7755575615628914e-17,1.0417132956757815e-16
1772531346.165205,3351,0.9908676147460938,1009.2165543792108,0.8979543657102527,0.004355461220637548,7.763571984588896e-05,0.003947765150840435,0.0,0.0,0.9,2.7755575615628914e-17,2.7755575615628914e-17,1.0407531500937518e-16
1772531346.1780689,3352,1.018524169921875,981.812734082397,0.9017859525244922,0.003960458740630052,7.763571984588896e-05,0.003947765150840435,0.0,0.0,0.9,2.7755575615628914e-17,2.7755575615628914e-17,1.0415541519482052e-16
1772531346.1903832,3353,0.9295940399169922,1075.738394460118,0.9008825124064408,0.0009348855923808005,7.763571984588896e-05,0.003947765150840435,0.0,0.0,0.9,2.7755575615628914e-17,2.7755575615628914e-17,1.0413671008385019e-16
1772531346.2033067,3354,1.1019706726074219,907.4651665945478,0.9033667661999336,0.0025526198495222827,7.763571984588896e-05,0.003947765150840435,0.0,0.0,0.9,2.7755575615628914e-17,2.7755575615628914e-17,1.0419538635903976e-16
1772531346.2151222,3355,0.6430149078369141,1555.1738969225064,0.9003143074362776,0.0031549144402503934,7.763571984588896e-05,0.003947765150840435,0.0,0.0,0.9,2.7755575615628914e-17,2.7755575615628914e-17,1.0413139503572674e-16
1772531346.227947,3356,0.8347034454345703,1198.030277063696,0.9018415491699237,0.0015737740807887117,7.763571984588896e-05,0.003947765150840435,0.0,0.0,0.9,2.7755575615628914e-17,2.7755575615628914e-17,1.0416544083365751e-16
1772531346.2396977,3357,0.5888938903808594,1698.0987854251011,0.8963915322145318,0.005606991127252051,7.763571984588896e-05,0.003947765150840435,0.0,0.0,0.9,2.7755575615628914e-17,2.7755575615628914e-17,1.0403945036946917e-16
1772531346.252188,3358,0.5235671997070312,1909.9744990892532,0.8980209044348556,0.001721620919731217,7.763571984588896e-05,0.003947765150840435,0.0,0.0,0.9,2.7755575615628914e-17,2.7755575615628914e-17,1.0406171011902206e-16
1772531346.2649665,3359,0.6768703460693359,1477.387812610074,0.9004556387809682,0.002526192875639807,7.763571984588896e-05,0.003947765150840435,0.0,0.0,0.9,2.7755575615628914e-17,2.7755575615628914e-17,1.0410850762022804e-16
1772531346.277596,3360,0.6082057952880859,1644.1803214425715,0.9023270242589478,0.0019259052373193737,7.763571984588896e-05,0.003947765150840435,0.0,0.0,0.9,2.7755575615628914e-17,2.7755575615628914e-17,1.0415066115474631e-16
1772531346.2898595,3361,0.6082057952880859,1644.1803214425715,0.8999304311912955,0.0024735011172894858,7.763571984588896e-05,0.003947765150840435,0.0,0.0,0.9,2.7755575615628914e-17,2.7755575615628914e-17,1.0409843716316446e-16
1772531346.3023193,3362,0.6008148193359375,1664.4063492063492,0.9000990321631238,0.00018447010265835849,7.763571984588896e-05,0.003947765150840435,0.0,0.0,0.9,2.7755575615628914e-17,2.7755575615628914e-17,1.0409867607288967e-16
1772531346.3150234,3363,0.6608963012695312,1513.096681096681,0.9022336999517874,0.0021982876672048506,7.763571984588896e-05,0.003947765150840435,0.0,0.0,0.9,2.7755575615628914e-17,2.7755575615628914e-17,1.041461390823977e-16
1772531346.327491,3364,0.5590915679931641,1788.615778251599,0.9020405513769055,0.00022253782834979845,7.763571984588896e-05,0.003947765150840435,0.0,0.0,0.9,2.7755575615628914e-17,2.7755575615628914e-17,1.041460999124412e-16
1772531346.3400576,3365,0.6494522094726562,1539.7591776798824,0.9020792324046074,7.576144891261418e-05,7.763571984588896e-05,0.003947765150840435,0.0,0.0,0.9,2.7755575615628914e-17,2.7755575615628914e-17,1.0415104795128786e-16
1772531346.3521805,3366,0.5903244018554688,1693.9838449111471,0.8986884241068317,0.0034936189687740224,7.763571984588896e-05,0.003947765150840435,0.0,0.0,0.9,2.7755575615628914e-17,2.7755575615628914e-17,1.040749387045019e-16
1772531346.365249,3367,0.7386207580566406,1353.8747579083279,0.9035257317388331,0.004985407925607781,7.763571984588896e-05,0.003947765150840435,0.0,0.0,0.9,2.7755575615628914e-17,2.7755575615628914e-17,1.0418187418698844e-16
1772531346.3781805,3368,1.0216236114501953,978.834072345391,0.904333401779731,0.0008240309987932486,7.763571984588896e-05,0.003947765150840435,0.0,0.0,0.9,2.7755575615628914e-17,2.7755575615628914e-17,1.0421051250222323e-16
1772531346.3906152,3369,1.0230541229248047,977.4653926823585,0.9029157072062155,0.0014910479430779084,7.763571984588896e-05,0.003947765150840435,0.0,0.0,0.9,2.7755575615628914e-17,2.7755575615628914e-17,1.0418927035459351e-16
1772531346.4032805,3370,1.0843276977539062,922.2304309586632,0.9037965673093599,0.0008974643264081236,7.763571984588896e-05,0.003947765150840435,0.0,0.0,0.9,2.7755575615628914e-17,2.7755575615628914e-17,1.0421784223014034e-16
1772531346.4153726,3371,0.9775161743164062,1023.0009756097561,0.9001319626140734,0.003787021252657537,7.763571984588896e-05,0.003947765150840435,0.0,0.0,0.9,2.7755575615628914e-17,2.7755575615628914e-17,1.0414133969765387e-16
1772531346.427897,3372,1.1000633239746094,909.0385782401387,0.8995456391125992,0.0005985830181969987,7.763571984588896e-05,0.003947765150840435,0.0,0.0,0.9,2.7755575615628914e-17,2.7755575615628914e-17,1.0412495751675974e-16
1772531346.440059,3373,0.8602142333984375,1162.50110864745,0.8983601723496453,0.0012107943998053766,7.763571984588896e-05,0.003947765150840435,0.0,0.0,0.9,2.7755575615628914e-17,2.7755575615628914e-17,1.040920240269146e-16
1772531346.4526358,3374,0.9562969207763672,1045.7003241087011,0.8991598282818198,0.0008523760674231508,7.763571984588896e-05,0.003947765150840435,0.0,0.0,0.9,2.7755575615628914e-17,2.7755575615628914e-17,1.041016634284302e-16
1772531346.4656835,3375,1.1043548583984375,905.5060449050086,0.9032834259168405,0.00425107598303754,7.763571984588896e-05,0.003947765150840435,0.0,0.0,0.9,2.7755575615628914e-17,2.7755575615628914e-17,1.0419287639805015e-16
1772531346.4781404,3376,1.110076904296875,900.8384879725086,0.9024174420749335,0.0009113401487906565,7.763571984588896e-05,0.003947765150840435,0.0,0.0,0.9,2.7755575615628914e-17,2.7755575615628914e-17,1.0418026585757753e-16
1772531346.490427,3377,1.0266304016113281,974.0603808639108,0.9008046356876178,0.0016674347345592509,7.763571984588896e-05,0.003947765150840435,0.0,0.0,0.9,2.7755575615628914e-17,2.7755575615628914e-17,1.041469943693874e-16
1772531346.5032833,3378,1.0073184967041016,992.734674556213,0.9043740342516874,0.0036688031712908352,7.763571984588896e-05,0.003947765150840435,0.0,0.0,0.9,2.7755575615628914e-17,2.7755575615628914e-17,1.0423133629108305e-16
1772531346.5152566,3379,0.9443759918212891,1058.9002777076496,0.8989647670125446,0.005582126894762912,7.763571984588896e-05,0.003947765150840435,0.0,0.0,0.9,2.7755575615628914e-17,2.7755575615628914e-17,1.041147921733166e-16
1772531346.5286314,3380,1.4126300811767578,707.8994092827004,0.9035422150831484,0.004718962521635684,7.763571984588896e-05,0.003947765150840435,0.0,0.0,0.9,2.7755575615628914e-17,2.7755575615628914e-17,1.0421652078600447e-16
1772531346.5401273,3381,0.95367431640625,1048.576,0.897477938601946,0.006248635330756466,7.763571984588896e-05,0.003947765150840435,0.0,0.0,0.9,2.7755575615628914e-17,2.7755575615628914e-17,1.0408149055720447e-16
1772531346.5531106,3382,1.0068416595458984,993.2048306890836,0.9017167761021929,0.004384912271115176,7.763571984588896e-05,0.003947765150840435,0.0,0.0,0.9,2.7755575615628914e-17,2.7755575615628914e-17,1.0416950859336267e-16
1772531346.5657523,3383,1.1181831359863281,894.3078891257995,0.9026228882970785,0.0009275604799964427,7.763571984588896e-05,0.003947765150840435,0.0,0.0,0.9,2.7755575615628914e-17,2.7755575615628914e-17,1.0419337126550668e-16
1772531346.5780227,3384,1.0523796081542969,950.2274580879022,0.9001430433848839,0.0025588680463854564,7.763571984588896e-05,0.003947765150840435,0.0,0.0,0.9,2.7755575615628914e-17,2.7755575615628914e-17,1.041400165317574e-16
1772531346.5904632,3385,1.0101795196533203,989.9230587679962,0.9005153893509567,0.00039321475449536074,7.763571984588896e-05,0.003947765150840435,0.0,0.0,0.9,2.7755575615628914e-17,2.7755575615628914e-17,1.0414566366279164e-16
1772531346.6028924,3386,1.0585784912109375,944.6630630630631,0.8992322227512293,0.0013147783620863108,7.763571984588896e-05,0.003947765150840435,0.0,0.0,0.9,2.7755575615628914e-17,2.7755575615628914e-17,1.041132504175663e-16
1772531346.6156833,3387,1.0628700256347656,940.8488111260655,0.9021291420329476,0.002991151355504186,7.763571984588896e-05,0.003947765150840435,0.0,0.0,0.9,2.7755575615628914e-17,2.7755575615628914e-17,1.0417544287295975e-16
1772531346.6284084,3388,1.245260238647461,803.0449932988704,0.9025582557992837,0.0004370751464678018,7.763571984588896e-05,0.003947765150840435,0.0,0.0,0.9,2.7755575615628914e-17,2.7755575615628914e-17,1.0418935499453865e-16
1772531346.6404908,3389,1.0440349578857422,957.8223338661795,0.8999365134328136,0.0027044965559658036,7.763571984588896e-05,0.003947765150840435,0.0,0.0,0.9,2.7755575615628914e-17,2.7755575615628914e-17,1.0413239773758235e-16
1772531346.6526973,3390,0.9973049163818359,1002.702366722448,0.8978946357107828,0.00209149919976954,7.763571984588896e-05,0.003947765150840435,0.0,0.0,0.9,2.7755575615628914e-17,2.7755575615628914e-17,1.0408007507345108e-16
1772531346.6657987,3391,1.2745857238769531,784.5686494575383,0.902237075984109,0.004486775067123753,7.763571984588896e-05,0.003947765150840435,0.0,0.0,0.9,2.7755575615628914e-17,2.7755575615628914e-17,1.0417175577035153e-16
1772531346.6780534,3392,1.1370182037353516,879.4933948416859,0.9006280420064688,0.0016620954249777261,7.763571984588896e-05,0.003947765150840435,0.0,0.0,0.9,2.7755575615628914e-17,2.7755575615628914e-17,1.0413756640792217e-16
1772531346.6900897,3393,0.7390975952148438,1353.0012903225806,0.8994192674184059,0.0012395111412315267,7.763571984588896e-05,0.003947765150840435,0.0,0.0,0.9,2.7755575615628914e-17,2.7755575615628914e-17,1.0410733099923487e-16
1772531346.7027879,3394,0.7827281951904297,1277.5826987511423,0.9014858947925585,0.0021358990184748862,7.763571984588896e-05,0.003947765150840435,0.0,0.0,0.9,2.7755575615628914e-17,2.7755575615628914e-17,1.0415048510224013e-16
1772531346.7160463,3395,1.3811588287353516,724.029691006387,0.9037238118560448,0.002295947155755594,7.763571984588896e-05,0.003947765150840435,0.0,0.0,0.9,2.7755575615628914e-17,2.7755575615628914e-17,1.0420521068783311e-16
1772531346.7281404,3396,0.8358955383300781,1196.3217341699942,0.9036134750295262,0.00019445354740373684,7.763571984588896e-05,0.003947765150840435,0.0,0.0,0.9,2.7755575615628914e-17,2.7755575615628914e-17,1.0421228573327405e-16
1772531346.7402573,3397,0.7107257843017578,1407.0124119423012,0.9003388541620886,0.0033846925636433693,7.763571984588896e-05,0.003947765150840435,0.0,0.0,0.9,2.7755575615628914e-17,2.7755575615628914e-17,1.0414387422809638e-16
1772531346.7525024,3398,0.7269382476806641,1375.6326664480157,0.897752568509509,0.0026536254171056262,7.763571984588896e-05,0.003947765150840435,0.0,0.0,0.9,2.7755575615628914e-17,2.7755575615628914e-17,1.0408040589491594e-16
1772531346.7655218,3399,0.7853507995605469,1273.3163327261689,0.902906678843815,0.005320833382852092,7.763571984588896e-05,0.003947765150840435,0.0,0.0,0.9,2.7755575615628914e-17,2.7755575615628914e-17,1.0419120846566001e-16
1772531346.7773333,3400,0.6489753723144531,1540.8905216752387,0.8971165968798614,0.005963211697443825,7.763571984588896e-05,0.003947765150840435,0.0,0.0,0.9,2.7755575615628914e-17,2.7755575615628914e-17,1.0406049699178838e-16
1772531346.7898579,3401,0.5822181701660156,1717.5692055692057,0.8991186159939945,0.0020935826862346694,7.763571984588896e-05,0.003947765150840435,0.0,0.0,0.9,2.7755575615628914e-17,2.7755575615628914e-17,1.0409398973137046e-16
1772531346.8023367,3402,0.6563663482666016,1523.5394115510353,0.8987898787385928,0.00033906325763569475,7.763571984588896e-05,0.003947765150840435,0.0,0.0,0.9,2.7755575615628914e-17,2.7755575615628914e-17,1.0407919310097679e-16
1772531346.815051,3403,0.6868839263916016,1455.850052065255,0.901268381849602,0.002563805108437998,7.763571984588896e-05,0.003947765150840435,0.0,0.0,0.9,2.7755575615628914e-17,2.7755575615628914e-17,1.0412966934941944e-16
1772531346.8277972,3404,0.7822513580322266,1278.361475160012,0.9027353131038932,0.0015048848784282032,7.763571984588896e-05,0.003947765150840435,0.0,0.0,0.9,2.7755575615628914e-17,2.7755575615628914e-17,1.041651201547995e-16
1772531346.8398614,3405,0.7426738739013672,1346.4860353130016,0.8985830735713678,0.00428019195538578,7.763571984588896e-05,0.003947765150840435,0.0,0.0,0.9,2.7755575615628914e-17,2.7755575615628914e-17,1.0407275099131404e-16
1772531346.8526802,3406,0.5991458892822266,1669.042578591325,0.9033122500666225,0.004875599867326778,7.763571984588896e-05,0.003947765150840435,0.0,0.0,0.9,2.7809732887839817e-17,2.7809732887839817e-17,1.0417535666730114e-16
1772531346.8657014,3407,0.8971691131591797,1114.6170608557002,0.9053746471992595,0.002105925233962617,7.763571984588896e-05,0.003947765150840435,0.0,0.0,0.9,2.7809732887839817e-17,2.7809732887839817e-17,1.04232204181844e-16
1772531346.8777604,3408,0.7643699645996094,1308.2669993761697,0.9013772827670252,0.004143624969078484,7.763571984588896e-05,0.003947765150840435,0.0,0.0,0.9,0.0,0.0,1.0336449023168467e-16
1772531346.890442,3409,0.8521080017089844,1173.5601566871853,0.9020554814669155,0.0006938463504751094,7.763571984588896e-05,0.003947765150840435,0.0,0.0,0.9,1.734723475976807e-18,1.734723475976807e-18,1.0280606959421676e-16
1772531346.9022,3410,0.5943775177001953,1682.4324107501002,0.8970531705130029,0.0051487164889571805,7.763571984588896e-05,0.003947765150840435,0.0,0.0,0.9,0.0,0.0,1.0226426256568408e-16
1772531346.9152768,3411,0.8504390716552734,1175.8631903560415,0.901485295581671,0.004585116399916165,7.763571984588896e-05,0.003947765150840435,0.0,0.0,0.9,2.7809732887839817e-17,2.7809732887839817e-17,1.0238665962143933e-16
1772531346.9274938,3412,0.6139278411865234,1628.8559223300972,0.9003572616299512,0.0011629682403970065,7.763571984588896e-05,0.003947765150840435,0.0,0.0,0.9,2.7755575615628914e-17,2.7755575615628914e-17,1.023604375341151e-16
1772531346.940435,3413,0.7891654968261719,1267.161329305136,0.9033062233509361,0.00303387657430842,7.763571984588896e-05,0.003947765150840435,0.0,0.0,0.9,2.7809732887839817e-17,2.7809732887839817e-17,1.0243179808227579e-16
1772531346.9524302,3414,0.7469654083251953,1338.750079795723,0.8985753842867908,0.004878221523821957,7.763571984588896e-05,0.003947765150840435,0.0,0.0,0.9,2.7755575615628914e-17,2.7755575615628914e-17,1.0232257302922018e-16
1772531346.9652326,3415,0.7033348083496094,1421.797966101695,0.9022992423578486,0.003844374013582997,7.763571984588896e-05,0.003947765150840435,0.0,0.0,0.9,2.7809732887839817e-17,2.7809732887839817e-17,1.0240703820503561e-16
1772531346.9784143,3416,1.0895729064941406,917.7908096280088,0.9051740882912696,0.0029449463573561815,7.763571984588896e-05,0.003947765150840435,0.0,0.0,0.9,2.7809732887839817e-17,2.7809732887839817e-17,1.0248426364722363e-16
1772531346.9901865,3417,0.7345676422119141,1361.345017851347,0.8998422877902535,0.005509979732149045,7.763571984588896e-05,0.003947765150840435,0.0,0.0,0.9,2.7755575615628914e-17,2.7755575615628914e-17,1.0236655356170656e-16
1772531347.0026467,3418,0.7097721099853516,1408.9029224051058,0.9003465474027792,0.000529523468698093,7.763571984588896e-05,0.003947765150840435,0.0,0.0,0.9,2.7755575615628914e-17,2.7755575615628914e-17,1.0237520904077234e-16
1772531347.0150375,3419,0.7343292236328125,1361.787012987013,0.8993011282486775,0.0010702787778488938,7.763571984588896e-05,0.003947765150840435,0.0,0.0,0.9,2.7755575615628914e-17,2.7755575615628914e-17,1.0234701697245847e-16
1772531347.028149,3420,0.9555816650390625,1046.4830339321356,0.9034815847830361,0.004307904136825891,7.763571984588896e-05,0.003947765150840435,0.0,0.0,0.9,2.7809732887839817e-17,2.7809732887839817e-17,1.0244391427817675e-16
1772531347.0402708,3421,0.7913112640380859,1263.725218439289,0.9006374544832156,0.0029408919845653313,7.763571984588896e-05,0.003947765150840435,0.0,0.0,0.9,2.7755575615628914e-17,2.7755575615628914e-17,1.0238203315276682e-16
1772531347.0524929,3422,0.5373954772949219,1860.8269742679681,0.9001141948431833,0.0005353398714731176,7.763571984588896e-05,0.003947765150840435,0.0,0.0,0.9,2.7755575615628914e-17,2.7755575615628914e-17,1.0236776187452068e-16
1772531347.0657501,3423,0.8437633514404297,1185.166431195253,0.9048235215783224,0.004844741969621749,7.763571984588896e-05,0.003947765150840435,0.0,0.0,0.9,2.7809732887839817e-17,2.7809732887839817e-17,1.0248118505753546e-16
1772531347.0781202,3424,0.8690357208251953,1150.7006858710563,0.9024859230255117,0.0024339141331069214,7.763571984588896e-05,0.003947765150840435,0.0,0.0,0.9,2.7755575615628914e-17,2.7755575615628914e-17,1.0243665557479087e-16
1772531347.0901127,3425,0.6685256958007812,1495.8288159771755,0.8987665374540357,0.0038317037996477743,7.763571984588896e-05,0.003947765150840435,0.0,0.0,0.9,2.7755575615628914e-17,2.7755575615628914e-17,1.023495431879954e-16
1772531347.1025813,3426,0.7944107055664062,1258.7947178871548,0.8981792744920573,0.0006007257311353039,7.763571984588896e-05,0.003947765150840435,0.0,0.0,0.9,2.7755575615628914e-17,2.7755575615628914e-17,1.023270109855581e-16
1772531347.1151896,3427,0.7715225219726562,1296.1384425216315,0.8999157973263021,0.0018113043332912409,7.763571984588896e-05,0.003947765150840435,0.0,0.0,0.9,2.237793284010081e-16,2.237793284010081e-16,9.208941232984215e-17
1772531347.127989,3428,0.9081363677978516,1101.1562089787346,0.9018042785272129,0.001949720109369514,7.763571984588896e-05,0.003947765150840435,0.0,0.0,0.9,2.237793284010081e-16,2.237793284010081e-16,8.992092227804801e-17
1772531347.1396818,3429,0.5903244018554688,1693.9838449111471,0.896717038614055,0.005232790472055934,7.763571984588896e-05,0.003947765150840435,0.0,0.0,0.9,2.7755575615628914e-17,2.7755575615628914e-17,8.973317816993998e-17
1772531347.153004,3430,0.8552074432373047,1169.3069417340396,0.9032300335831057,0.006725748910643642,7.763571984588896e-05,0.003947765150840435,0.0,0.0,0.9,2.237793284010081e-16,2.237793284010081e-16,9.538453297419642e-17
1772531347.1651108,3431,0.7359981536865234,1358.6990605766116,0.900545370975757,0.0027752002455800986,7.763571984588896e-05,0.003947765150840435,0.0,0.0,0.9,2.7755575615628914e-17,2.7755575615628914e-17,9.467825250963764e-17
1772531347.1772923,3432,0.6549358367919922,1526.8671277757553,0.8982867413548893,0.0023181117714332028,7.763571984588896e-05,0.003947765150840435,0.0,0.0,0.9,2.7755575615628914e-17,2.7755575615628914e-17,9.462589757727222e-17
1772531347.1901615,3433,0.6728172302246094,1486.2877391920624,0.9020876610457816,0.003926161708853563,7.763571984588896e-05,0.003947765150840435,0.0,0.0,0.9,2.237793284010081e-16,2.237793284010081e-16,1.0727922400467097e-16
1772531347.2028484,3434,0.7843971252441406,1274.8644376899697,0.9026425775937924,0.0005657740916124879,7.763571984588896e-05,0.003947765150840435,0.0,0.0,0.9,2.7809732887839817e-17,2.7809732887839817e-17,1.0623025754988604e-16
1772531347.2153833,3435,0.7545948028564453,1325.2145339652448,0.9027147310410746,0.00011063347883567129,7.763571984588896e-05,0.003947765150840435,0.0,0.0,0.9,2.7809732887839817e-17,2.7809732887839817e-17,1.0624113745000722e-16
1772531347.2275927,3436,0.7679462432861328,1302.174479975163,0.8995937313793506,0.003220226958309486,7.763571984588896e-05,0.003947765150840435,0.0,0.0,0.9,0.0,0.0,1.0517285343650103e-16
1772531347.2400336,3437,0.5459785461425781,1831.5737991266376,0.9010366065801901,0.0014930460596668139,7.763571984588896e-05,0.003947765150840435,0.0,0.0,0.9,0.0,0.0,1.04458791889354e-16
1772531347.2528503,3438,0.8320808410644531,1201.8063037249283,0.9018522749389722,0.0008373573639899756,7.763571984588896e-05,0.003947765150840435,0.0,0.0,0.9,0.0,0.0,1.0387974198368733e-16
1772531347.2650256,3439,0.6508827209472656,1536.3750915750916,0.8999234223845395,0.0019886486237791607,7.763571984588896e-05,0.003947765150840435,0.0,0.0,0.9,0.0,0.0,1.033721422996787e-16
1772531347.2781677,3440,1.0302066802978516,970.6790094885444,0.9033374786402747,0.003514841947725594,7.763571984588896e-05,0.003947765150840435,0.0,0.0,0.9,0.0,0.0,1.0347227475895296e-16
1772531347.2905102,3441,0.8275508880615234,1208.384903486027,0.9030028550491985,0.0003806674831146593,7.763571984588896e-05,0.003947765150840435,0.0,0.0,0.9,0.0,0.0,1.0347242421185072e-16
1772531347.3027606,3442,0.7677078247070312,1302.5788819875777,0.9006226294968176,0.0024613936728520376,7.763571984588896e-05,0.003947765150840435,0.0,0.0,0.9,0.0,0.0,1.034084203160778e-16
1772531347.3149655,3443,0.6923675537109375,1444.3195592286502,0.8981685631975274,0.002519508608752453,7.763571984588896e-05,0.003947765150840435,0.0,0.0,0.9,0.0,0.0,1.033319270308319e-16
1772531347.3279502,3444,0.7925033569335938,1261.8243080625753,0.9025652849553104,0.004539404450350561,7.763571984588896e-05,0.003947765150840435,0.0,0.0,0.9,0.0,0.0,1.0345426366141338e-16
1772531347.340278,3445,0.81634521484375,1224.9719626168223,0.900670176487393,0.001958963672911884,7.763571984588896e-05,0.003947765150840435,0.0,0.0,0.9,0.0,0.0,1.0340293093465387e-16
1772531347.352693,3446,0.7116794586181641,1405.1269681742044,0.900504234370547,0.00016920044070890475,7.763571984588896e-05,0.003947765150840435,0.0,0.0,0.9,0.0,0.0,1.0339638962774708e-16
1772531347.365361,3447,0.804901123046875,1242.3886255924172,0.9015442078007492,0.0010724883706302844,7.763571984588896e-05,0.003947765150840435,0.0,0.0,0.9,0.0,0.0,1.0342602613908474e-16
1772531347.37784,3448,0.8001327514648438,1249.792610250298,0.901096157371385,0.00046447397504860834,7.763571984588896e-05,0.003947765150840435,0.0,0.0,0.9,0.0,0.0,1.034145898429456e-16
1772531347.3900867,3449,0.6310939788818359,1584.550056667926,0.900294203871665,0.0008244301189421707,7.763571984588896e-05,0.003947765150840435,0.0,0.0,0.9,0.0,0.0,1.0339038213831654e-16
1772531347.4028594,3450,0.7736682891845703,1292.5436055469954,0.9016950167927759,0.00144482675908234,7.763571984588896e-05,0.003947765150840435,0.0,0.0,0.9,0.0,0.0,1.0343013852445869e-16
1772531347.415414,3451,0.7898807525634766,1266.0138846966495,0.9017813375464067,9.070921746337103e-05,7.763571984588896e-05,0.003947765150840435,0.0,0.0,0.9,0.0,0.0,1.0343573020701435e-16
1772531347.4278011,3452,0.6716251373291016,1488.925807596734,0.9014452934779266,0.00035230785256307233,7.763571984588896e-05,0.003947765150840435,0.0,0.0,0.9,0.0,0.0,1.0342878835606248e-16
1772531347.4401512,3453,0.7047653198242188,1418.9120433017592,0.8998578115115407,0.0016340052582928938,7.763571984588896e-05,0.003947765150840435,0.0,0.0,0.9,0.0,0.0,1.0338205798656089e-16
1772531347.4526086,3454,0.7576942443847656,1319.7935808684708,0.899018523852914,0.0008567407653622235,7.763571984588896e-05,0.003947765150840435,0.0,0.0,0.9,0.0,0.0,1.0335133335913104e-16
1772531347.4652317,3455,0.720977783203125,1387.005291005291,0.9011695657236742,0.0022264903417512556,7.763571984588896e-05,0.003947765150840435,0.0,0.0,0.9,0.0,0.0,1.0340833941951827e-16
1772531347.478801,3456,1.3124942779541016,761.9080835603996,0.906477087634668,0.005450943390531273,7.763571984588896e-05,0.003947765150840435,0.0,0.0,0.9,0.0,0.0,1.0357206837076715e-16
1772531347.4900813,3457,0.7441043853759766,1343.8974687600128,0.8984749232601928,0.008262361060264966,7.763571984588896e-05,0.003947765150840435,0.0,0.0,0.9,0.0,0.0,1.0335033384744962e-16
1772531347.502987,3458,0.8325576782226562,1201.1179839633448,0.9015562367381956,0.0031862953328707215,7.763571984588896e-05,0.003947765150840435,0.0,0.0,0.9,0.0,0.0,1.0343377420603102e-16
1772531347.51575,3459,0.9162425994873047,1091.4139994795732,0.9030562859900716,0.0015379238913638352,7.763571984588896e-05,0.003947765150840435,0.0,0.0,0.9,0.0,0.0,1.034821960221273e-16
1772531347.5279222,3460,0.8633136749267578,1158.3275338304336,0.8999547976354058,0.003201543115368093,7.763571984588896e-05,0.003947765150840435,0.0,0.0,0.9,0.0,0.0,1.0339597393029713e-16
1772531347.5411632,3461,1.5149116516113281,660.1045011016682,0.9012390161157482,0.0013285379390467272,7.763571984588896e-05,0.003947765150840435,0.0,0.0,0.9,0.0,0.0,1.0343070280378971e-16
1772531347.5537515,3462,1.1408329010009766,876.5525600835946,0.9052324851388441,0.004101388683651057,7.763571984588896e-05,0.003947765150840435,0.0,0.0,0.9,0.0,0.0,1.0355441320975727e-16
1772531347.5652664,3463,0.9455680847167969,1057.565305093293,0.8970913930439668,0.00839510703574349,7.763571984588896e-05,0.003947765150840435,0.0,0.0,0.9,0.0,0.0,1.033230053303185e-16
1772531347.578143,3464,0.9272098541259766,1078.5044998714322,0.9012805315241852,0.0043374771073348955,7.763571984588896e-05,0.003947765150840435,0.0,0.0,0.9,0.0,0.0,1.034340652810235e-16
1772531347.590675,3465,1.0209083557128906,979.5198505371321,0.9005028062845454,0.0007999520281873307,7.763571984588896e-05,0.003947765150840435,0.0,0.0,0.9,0.0,0.0,1.0341106185339598e-16
1772531347.6040397,3466,1.6446113586425781,608.0463902580458,0.9036229529711465,0.003210130744301193,7.763571984588896e-05,0.003947765150840435,0.0,0.0,0.9,0.0,0.0,1.0350431961942086e-16
1772531347.616336,3467,1.5037059783935547,665.0236245441573,0.9014463637379372,0.002256197486991621,7.763571984588896e-05,0.003947765150840435,0.0,0.0,0.9,0.0,0.0,1.0344858849421253e-16
1772531347.6288438,3468,1.3432502746582031,744.462903798367,0.902808340652524,0.0013973597120926226,7.763571984588896e-05,0.003947765150840435,0.0,0.0,0.9,0.0,0.0,1.0349213593453625e-16
1772531347.6412005,3469,1.1606216430664062,861.607230895645,0.9026336588301868,0.00020727626997116242,7.763571984588896e-05,0.003947765150840435,0.0,0.0,0.9,0.0,0.0,1.0349442433032523e-16
1772531347.6539502,3470,1.619100570678711,617.6268590781917,0.9007012327400805,0.001996335884993854,7.763571984588896e-05,0.003947765150840435,0.0,0.0,0.9,0.0,0.0,1.0344192343360454e-16
1772531347.6663587,3471,1.4984607696533203,667.3514717581544,0.9020863508081484,0.0014270398624608468,7.763571984588896e-05,0.003947765150840435,0.0,0.0,0.9,0.0,0.0,1.0348282276814485e-16
1772531347.6784902,3472,1.41143798828125,708.4972972972973,0.8971863990983961,0.0050411079656591355,7.763571984588896e-05,0.003947765150840435,0.0,0.0,0.9,0.0,0.0,1.033369011806932e-16
1772531347.690994,3473,1.3227462768554688,756.0028839221341,0.8987990145907288,0.0016985805712849765,7.763571984588896e-05,0.003947765150840435,0.0,0.0,0.9,0.0,0.0,1.033690333889171e-16
1772531347.703713,3474,1.4576911926269531,686.0163559044815,0.8996423161174698,0.0008927741201874846,7.763571984588896e-05,0.003947765150840435,0.0,0.0,0.9,0.0,0.0,1.0338443664963258e-16
1772531347.7159276,3475,1.1973381042480469,835.1859816806053,0.9000584466247007,0.00044621959700377663,7.763571984588896e-05,0.003947765150840435,0.0,0.0,0.9,0.0,0.0,1.0339041869476488e-16
1772531347.7284563,3476,1.3661384582519531,731.9902268760908,0.8988663554772452,0.0012189462494206823,7.763571984588896e-05,0.003947765150840435,0.0,0.0,0.9,0.0,0.0,1.0334909488440352e-16
1772531347.7414346,3477,1.4452934265136719,691.9010227647641,0.9033022346035667,0.004574392578293909,7.763571984588896e-05,0.003947765150840435,0.0,0.0,0.9,0.0,0.0,1.0347501039388386e-16
1772531347.753771,3478,1.3842582702636719,722.408542886669,0.9018651682670141,0.001495860266164309,7.763571984588896e-05,0.003947765150840435,0.0,0.0,0.9,0.0,0.0,1.0344046131847063e-16
1772531347.76581,3479,1.2145042419433594,823.381232822929,0.8985641869748472,0.0033978983572596775,7.763571984588896e-05,0.003947765150840435,0.0,0.0,0.9,0.0,0.0,1.0334290790724616e-16
1772531347.7785738,3480,1.3127326965332031,761.7697057755177,0.900385374755987,0.0018920665734117644,7.763571984588896e-05,0.003947765150840435,0.0,0.0,0.9,0.0,0.0,1.0338778078279165e-16
1772531347.7903826,3481,1.1496543884277344,869.8266279552053,0.8959399767486609,0.004564982078313588,7.763571984588896e-05,0.003947765150840435,0.0,0.0,0.9,0.0,0.0,1.0324924357981453e-16
1772531347.802977,3482,0.7741451263427734,1291.7474591931013,0.9012219852918663,0.005468019555159852,7.763571984588896e-05,0.003947765150840435,0.0,0.0,0.9,0.0,0.0,1.0338821858229015e-16
1772531347.815313,3483,0.6935596466064453,1441.837057408044,0.9005045231091464,0.0007397999140641503,7.763571984588896e-05,0.003947765150840435,0.0,0.0,0.9,0.0,0.0,1.0336701557335316e-16
1772531347.8279545,3484,0.9770393371582031,1023.5002440214739,0.8995522995935155,0.0009764503992054074,7.763571984588896e-05,0.003947765150840435,0.0,0.0,0.9,0.0,0.0,1.0333577929880003e-16
1772531347.8410022,3485,1.255035400390625,796.790273556231,0.9028712078028501,0.00341875967414844,7.763571984588896e-05,0.003947765150840435,0.0,0.0,0.9,0.0,0.0,1.0343115239625989e-16
1772531347.8537695,3486,1.7423629760742188,573.9332238642584,0.9008013201868083,0.002144005691008974,7.763571984588896e-05,0.003947765150840435,0.0,0.0,0.9,0.0,0.0,1.0337627207524172e-16
1772531347.8660114,3487,1.2242794036865234,816.8070107108082,0.9030438866112203,0.0023034275541908567,7.763571984588896e-05,0.003947765150840435,0.0,0.0,0.9,0.0,0.0,1.0344462182680275e-16
1772531347.8777828,3488,0.9810924530029297,1019.2719319562576,0.8977322123134596,0.005475093958314894,7.763571984588896e-05,0.003947765150840435,0.0,0.0,0.9,0.0,0.0,1.0329174776283701e-16
1772531347.891042,3489,1.2481212615966797,801.2042024832856,0.9035687344481089,0.006018893541769074,7.763571984588896e-05,0.003947765150840435,0.0,0.0,0.9,0.0,0.0,1.0345669219469768e-16
1772531347.9033778,3490,1.4498233795166016,689.7391876336129,0.8994964535977323,0.004205813917353496,7.763571984588896e-05,0.003947765150840435,0.0,0.0,0.9,0.0,0.0,1.0334383670768189e-16
1772531347.9154541,3491,1.196146011352539,836.0183376519833,0.8984765240835978,0.001041644419353175,7.763571984588896e-05,0.003947765150840435,0.0,0.0,0.9,0.0,0.0,1.0330687754110561e-16
1772531347.929186,3492,1.6586780548095703,602.889751329596,0.9068915674665374,0.00866054914814719,7.763571984588896e-05,0.003947765150840435,0.0,0.0,0.9,0.0,0.0,1.0355444780821682e-16
1772531347.941178,3493,1.5032291412353516,665.2345757335448,0.9019701284852503,0.005106403670593103,7.763571984588896e-05,0.003947765150840435,0.0,0.0,0.9,0.0,0.0,1.0342973766544781e-16
1772531347.953273,3494,1.1713504791259766,853.7154488092815,0.9005735070482437,0.0014446430432670018,7.763571984588896e-05,0.003947765150840435,0.0,0.0,0.9,0.0,0.0,1.0339206368923872e-16
1772531347.9657595,3495,1.3031959533691406,767.3443102817416,0.8995744004955191,0.0010252029989357737,7.763571984588896e-05,0.003947765150840435,0.0,0.0,0.9,0.0,0.0,1.0336039717751331e-16
1772531347.9783785,3496,1.0263919830322266,974.286643437863,0.903001684082385,0.003530440851384545,7.763571984588896e-05,0.003947765150840435,0.0,0.0,0.9,0.0,0.0,1.0345977709219105e-16
1772531347.9907823,3497,1.2102127075195312,826.3010244286841,0.9005382892728658,0.002547600149365408,7.763571984588896e-05,0.003947765150840435,0.0,0.0,0.9,0.0,0.0,1.0339348602614354e-16
1772531348.003469,3498,1.2500286102294922,799.9816898722106,0.9017640987068505,0.0012620321024289782,7.763571984588896e-05,0.003947765150840435,0.0,0.0,0.9,0.0,0.0,1.0342950598046933e-16
1772531348.015132,3499,0.9489059448242188,1053.8452261306534,0.896245626141332,0.005677085035372975,7.763571984588896e-05,0.003947765150840435,0.0,0.0,0.9,0.0,0.0,1.0326457181100974e-16
1772531348.028752,3500,1.3158321380615234,759.9753578546838,0.9049390367334355,0.008967447383677347,7.763571984588896e-05,0.003947765150840435,0.0,0.0,0.9,0.0,0.0,1.0351019764704213e-16
1772531348.0408592,3501,1.2526512145996094,798.3068138561097,0.9010525495037937,0.004024557014481436,7.763571984588896e-05,0.003947765150840435,0.0,0.0,0.9,0.0,0.0,1.0340827100988121e-16
1772531348.0536883,3502,1.310110092163086,763.2946314831665,0.9035835987175684,0.002599577886537206,7.763571984588896e-05,0.003947765150840435,0.0,0.0,0.9,0.0,0.0,1.0348646881349818e-16
1772531348.0653677,3503,1.125335693359375,888.6237288135593,0.8964387696841295,0.007360748802533069,7.763571984588896e-05,0.003947765150840435,0.0,0.0,0.9,0.0,0.0,1.032793290826392e-16
1772531348.0777295,3504,1.0008811950683594,999.1195807527394,0.8976691318754745,0.0013164095974273773,7.763571984588896e-05,0.003947765150840435,0.0,0.0,0.9,0.0,0.0,1.0329727608809316e-16
1772531348.0907936,3505,1.180887222290039,846.8209166161922,0.9022734940773289,0.004756808360086661,7.763571984588896e-05,0.003947765150840435,0.0,0.0,0.9,0.0,0.0,1.0342343181128201e-16
1772531348.1029456,3506,1.0728836059570312,932.0675555555556,0.8995727475382913,0.0027845951799232256,7.763571984588896e-05,0.003947765150840435,0.0,0.0,0.9,0.0,0.0,1.0334624119335119e-16
1772531348.1157079,3507,1.1305809020996094,884.501054407423,0.9018303585995477,0.0023298768024097166,7.763571984588896e-05,0.003947765150840435,0.0,0.0,0.9,0.0,0.0,1.0340910796144356e-16
1772531348.1278467,3508,0.9937286376953125,1006.3109404990403,0.8996354453842341,0.0022620069272154078,7.763571984588896e-05,0.003947765150840435,0.0,0.0,0.9,0.0,0.0,1.0334567065418445e-16
1772531348.1400871,3509,1.0046958923339844,995.3260560037969,0.8976397619311587,0.0020435707423592264,7.763571984588896e-05,0.003947765150840435,0.0,0.0,0.9,0.0,0.0,1.0327905324086847e-16
1772531348.1527317,3510,0.8640289306640625,1157.3686534216336,0.9013531191948536,0.0038410705502761417,7.763571984588896e-05,0.003947765150840435,0.0,0.0,0.9,0.0,0.0,1.0337792364487278e-16
1772531348.1648717,3511,0.6744861602783203,1482.6101095793567,0.8993345051293035,0.002077978083622192,7.763571984588896e-05,0.003947765150840435,0.0,0.0,0.9,0.0,0.0,1.0331795051619614e-16
1772531348.1780212,3512,0.8342266082763672,1198.7150614461275,0.9048680995253499,0.005695178052771309,7.763571984588896e-05,0.003947765150840435,0.0,0.0,0.9,0.0,0.0,1.034803588242609e-16
1772531348.189851,3513,0.6070137023925781,1647.4092694422625,0.8996943612475076,0.005347121793450842,7.763571984588896e-05,0.003947765150840435,0.0,0.0,0.9,0.0,0.0,1.0333925982530326e-16
1772531348.2024193,3514,0.66375732421875,1506.5747126436781,0.9004726830009929,0.0008084538046778156,7.763571984588896e-05,0.003947765150840435,0.0,0.0,0.9,0.0,0.0,1.0335799143112693e-16
1772531348.215063,3515,0.6322860717773438,1581.5625942684767,0.9025916383955511,0.0021789770416432053,7.763571984588896e-05,0.003947765150840435,0.0,0.0,0.9,0.0,0.0,1.0342111723742506e-16
1772531348.227836,3516,0.8141994476318359,1228.2002928257687,0.9031159579369061,0.0005354595909626281,7.763571984588896e-05,0.003947765150840435,0.0,0.0,0.9,0.0,0.0,1.0344478153616345e-16
1772531348.2398796,3517,0.7472038269042969,1338.322910019145,0.8990998800749372,0.004143984082643341,7.763571984588896e-05,0.003947765150840435,0.0,0.0,0.9,0.0,0.0,1.0333181614312642e-16
1772531348.252398,3518,0.6468296051025391,1546.0022115739034,0.9005470380265301,0.001500909468039922,7.763571984588896e-05,0.003947765150840435,0.0,0.0,0.9,0.0,0.0,1.0336845993532606e-16
1772531348.2653267,3519,0.7464885711669922,1339.6052379431492,0.9038829627191712,0.0034290199499005048,7.763571984588896e-05,0.003947765150840435,0.0,0.0,0.9,0.0,0.0,1.0346925365009136e-16
1772531348.277806,3520,0.7834434509277344,1276.416311625076,0.9025939730053355,0.0013539042297635983,7.763571984588896e-05,0.003947765150840435,0.0,0.0,0.9,0.0,0.0,1.0344288014348549e-16
1772531348.28965,3521,0.6084442138671875,1643.5360501567397,0.8978542380533844,0.004882846034719396,7.763571984588896e-05,0.003947765150840435,0.0,0.0,0.9,0.0,0.0,1.0330545440282898e-16
1772531348.3022873,3522,0.6058216094970703,1650.650924832743,0.8999483214873858,0.0021781747480386937,7.763571984588896e-05,0.003947765150840435,0.0,0.0,0.9,0.0,0.0,1.0335623192280819e-16
1772531348.3153636,3523,0.7846355438232422,1274.4770586447887,0.9042356689411425,0.004411482178635787,7.763571984588896e-05,0.003947765150840435,0.0,0.0,0.9,0.0,0.0,1.0348330826590657e-16
1772531348.32752,3524,0.7152557373046875,1398.1013333333333,0.9008507674162957,0.003503752254085516,7.763571984588896e-05,0.003947765150840435,0.0,0.0,0.9,0.0,0.0,1.0339393543732476e-16
1772531348.339596,3525,0.5862712860107422,1705.694997966653,0.8981294020245841,0.002795995081586203,7.763571984588896e-05,0.003947765150840435,0.0,0.0,0.9,0.0,0.0,1.033104810351582e-16
1772531348.352467,3526,0.6778240203857422,1475.3091804431938,0.9015917907964031,0.003579939710728186,7.763571984588896e-05,0.003947765150840435,0.0,0.0,0.9,0.0,0.0,1.0340405193124147e-16
1772531348.3654351,3527,0.7903575897216797,1265.2500754147813,0.9048867790983329,0.003380753392427064,7.763571984588896e-05,0.003947765150840435,0.0,0.0,0.9,0.0,0.0,1.0350789469756526e-16
1772531348.3775043,3528,0.7061958312988281,1416.037812288994,0.900640099776197,0.004393578537114179,7.763571984588896e-05,0.003947765150840435,0.0,0.0,0.9,0.0,0.0,1.0339480599853147e-16
1772531348.3896666,3529,0.6110668182373047,1636.4822473663676,0.8985251181777416,0.002171201047690335,7.763571984588896e-05,0.003947765150840435,0.0,0.0,0.9,0.0,0.0,1.033288645047295e-16
1772531348.40232,3530,0.5412101745605469,1847.711013215859,0.9010702075919865,0.002635217415514675,7.763571984588896e-05,0.003947765150840435,0.0,0.0,0.9,0.0,0.0,1.0339604236819603e-16
1772531348.415315,3531,0.7839202880859375,1275.639902676399,0.9039757272654648,0.0029845799184504995,7.763571984588896e-05,0.003947765150840435,0.0,0.0,0.9,0.0,0.0,1.0348547955427819e-16
1772531348.42773,3532,0.7476806640625,1337.469387755102,0.9025943280123052,0.0014468578488789705,7.763571984588896e-05,0.003947765150840435,0.0,0.0,0.9,0.0,0.0,1.0345616102284702e-16
1772531348.4397066,3533,0.6034374237060547,1657.172659028052,0.8985259274903112,0.004191644024360688,7.763571984588896e-05,0.003947765150840435,0.0,0.0,0.9,0.0,0.0,1.0333867452005324e-16
1772531348.4525537,3534,0.6775856018066406,1475.8282899366643,0.9017168705038454,0.003298641905535893,7.763571984588896e-05,0.003947765150840435,0.0,0.0,0.9,0.0,0.0,1.034256176761786e-16
1772531348.465374,3535,0.766754150390625,1304.1990049751244,0.9039365879355477,0.0022762533259952935,7.763571984588896e-05,0.003947765150840435,0.0,0.0,0.9,0.0,0.0,1.034968290354352e-16
1772531348.4776013,3536,0.7624626159667969,1311.5397123202001,0.9006899391652247,0.003357706248015187,7.763571984588896e-05,0.003947765150840435,0.0,0.0,0.9,0.0,0.0,1.0340997528796835e-16
1772531348.4897068,3537,0.640869140625,1560.3809523809523,0.898005551177507,0.0027559329637167024,7.763571984588896e-05,0.003947765150840435,0.0,0.0,0.9,0.0,0.0,1.0332648316499411e-16
1772531348.5021253,3538,0.5788803100585938,1727.4728171334432,0.8985790239528263,0.0006319081111609777,7.763571984588896e-05,0.003947765150840435,0.0,0.0,0.9,0.0,0.0,1.0333079492900661e-16
1772531348.515247,3539,0.7426738739013672,1346.4860353130016,0.9035845096729841,0.005161838007167889,7.763571984588896e-05,0.003947765150840435,0.0,0.0,0.9,0.0,0.0,1.0347314420929017e-16
1772531348.5278897,3540,0.8389949798583984,1191.9022449559534,0.9035261438472392,0.00014861135446755125,7.763571984588896e-05,0.003947765150840435,0.0,0.0,0.9,0.0,0.0,1.0348233635834619e-16
1772531348.53981,3541,0.7047653198242188,1418.9120433017592,0.8987247366253919,0.0049512829874496745,7.763571984588896e-05,0.003947765150840435,0.0,0.0,0.9,0.0,0.0,1.0334607757507373e-16
1772531348.5523293,3542,0.614166259765625,1628.223602484472,0.900188392601721,0.0015250693557292087,7.763571984588896e-05,0.003947765150840435,0.0,0.0,0.9,0.0,0.0,1.0338080040948613e-16
1772531348.5654314,3543,0.7946491241455078,1258.4170417041705,0.9044853707165285,0.00442082489471299,7.763571984588896e-05,0.003947765150840435,0.0,0.0,0.9,0.0,0.0,1.0350883993858229e-16
1772531348.577702,3544,0.7615089416503906,1313.1822166562304,0.9016867841191794,0.0029029494637180203,7.763571984588896e-05,0.003947765150840435,0.0,0.0,0.9,0.0,0.0,1.0343795084307346e-16
1772531348.5897343,3545,0.6518363952636719,1534.1272860277982,0.8980211798992068,0.003770913741059637,7.763571984588896e-05,0.003947765150840435,0.0,0.0,0.9,0.0,0.0,1.0332867043628588e-16
1772531348.6022968,3546,0.6678104400634766,1497.4309175294538,0.8991621728864654,0.0012042039876833182,7.763571984588896e-05,0.003947765150840435,0.0,0.0,0.9,0.0,0.0,1.0335040095433446e-16
1772531348.615444,3547,0.8244514465332031,1212.9277038750722,0.9045938522131752,0.005594439842030219,7.763571984588896e-05,0.003947765150840435,0.0,0.0,0.9,0.0,0.0,1.0350856871544082e-16
1772531348.6277895,3548,0.8106231689453125,1233.6188235294117,0.9025021862044955,0.0021795899322986493,7.763571984588896e-05,0.003947765150840435,0.0,0.0,0.9,0.0,0.0,1.0345976887655306e-16
1772531348.6398597,3549,0.6959438323974609,1436.8975676601576,0.8989526051987998,0.0036574956490843832,7.763571984588896e-05,0.003947765150840435,0.0,0.0,0.9,0.0,0.0,1.0335746074249513e-16
1772531348.6526926,3550,0.7815361022949219,1279.5314215985356,0.9019241465094887,0.003069850353762012,7.763571984588896e-05,0.003947765150840435,0.0,0.0,0.9,2.220446049250313e-16,2.220446049250313e-16,9.17626983374703e-17
1772531348.6654139,3551,0.7688999176025391,1300.5593798449613,0.9035644783401756,0.0016801297841685942,7.763571984588896e-05,0.003947765150840435,0.0,0.0,0.9,2.220446049250313e-16,2.220446049250313e-16,8.812809806879977e-17
1772531348.677942,3552,0.8087158203125,1236.5283018867924,0.9028458071610715,0.0007650692799295404,7.763571984588896e-05,0.003947765150840435,0.0,0.0,0.9,0.0,0.0,8.812538244891291e-17
1772531348.6898625,3553,0.6711483001708984,1489.9836589698045,0.8979912732498124,0.005000581085722842,7.763571984588896e-05,0.003947765150840435,0.0,0.0,0.9,0.0,0.0,8.804338008804494e-17
1772531348.7023063,3554,0.6918907165527344,1445.314955203308,0.8980756251979808,0.0001977456182429775,7.763571984588896e-05,0.003947765150840435,0.0,0.0,0.9,0.0,0.0,8.803683565846538e-17
1772531348.7153804,3555,0.7522106170654297,1329.4148969889065,0.9035679809451734,0.005666470680739915,7.763571984588896e-05,0.003947765150840435,0.0,0.0,0.9,2.220446049250313e-16,2.220446049250313e-16,9.228515771356194e-17
1772531348.7281733,3556,1.3248920440673828,754.778477595825,0.9009225437871314,0.002736844948160352,7.763571984588896e-05,0.003947765150840435,0.0,0.0,0.9,0.0,0.0,9.166712340953598e-17
1772531348.7404182,3557,0.9486675262451172,1054.1100779090223,0.9013962381509398,0.0004882843047377466,7.763571984588896e-05,0.003947765150840435,0.0,0.0,0.9,0.0,0.0,9.167674520246607e-17
1772531348.753533,3558,1.2536048889160156,797.6995055154051,0.9047328794452525,0.003425863454291015,7.763571984588896e-05,0.003947765150840435,0.0,0.0,0.9,2.220446049250313e-16,2.220446049250313e-16,1.0338340568592047e-16
1772531348.7658465,3559,1.262664794921875,791.97583081571,0.9016169249720595,0.00323036854659311,7.763571984588896e-05,0.003947765150840435,0.0,0.0,0.9,0.0,0.0,1.0228135905586151e-16
1772531348.7783165,3560,1.382589340209961,723.2805656147611,0.9001028593971689,0.001559004298676994,7.763571984588896e-05,0.003947765150840435,0.0,0.0,0.9,0.0,0.0,1.022383332020343e-16
1772531348.7904975,3561,0.8795261383056641,1136.975874220656,0.9019171412539023,0.0018723242664788074,7.763571984588896e-05,0.003947765150840435,0.0,0.0,0.9,0.0,0.0,1.0228873989916543e-16
1772531348.8039176,3562,1.3439655303955078,744.0667021465318,0.9057332556691468,0.003915233198939262,7.763571984588896e-05,0.003947765150840435,0.0,0.0,0.9,0.0,0.0,1.0240645477959427e-16
1772531348.8159516,3563,1.2657642364501953,790.0365417216049,0.9007779264109026,0.005125905467869275,7.763571984588896e-05,0.003947765150840435,0.0,0.0,0.9,0.0,0.0,1.0227615181127613e-16
1772531348.8277729,3564,1.02996826171875,970.9037037037037,0.8962117731139961,0.004689727845848055,7.763571984588896e-05,0.003947765150840435,0.0,0.0,0.9,0.0,0.0,1.0213893220756237e-16
1772531348.8408716,3565,1.1208057403564453,892.2152733460965,0.9021886444011424,0.006182293086393522,7.763571984588896e-05,0.003947765150840435,0.0,0.0,0.9,0.0,0.0,1.0229799714110951e-16
1772531348.8531036,3566,1.1014938354492188,907.8580086580087,0.899323217036152,0.0029505583005466234,7.763571984588896e-05,0.003947765150840435,0.0,0.0,0.9,0.0,0.0,1.0221661093740046e-16
1772531348.8648982,3567,0.8366107940673828,1195.298945568538,0.8952915384518845,0.004132166166168318,7.763571984588896e-05,0.003947765150840435,0.0,0.0,0.9,0.0,0.0,1.0208994108873614e-16
1772531348.8773768,3568,0.7898807525634766,1266.0138846966495,0.8968673066583963,0.0016883606814270143,7.763571984588896e-05,0.003947765150840435,0.0,0.0,0.9,0.0,0.0,1.0211418697954983e-16
1772531348.889766,3569,0.7658004760742188,1305.8231631382316,0.8971634170836985,0.00040042218648353857,7.763571984588896e-05,0.003947765150840435,0.0,0.0,0.9,0.0,0.0,1.0210662635818637e-16
1772531348.902403,3570,0.7827281951904297,1277.5826987511423,0.899394719960234,0.0023281842848361734,7.763571984588896e-05,0.003947765150840435,0.0,0.0,0.9,0.0,0.0,1.021576694353285e-16
1772531348.914894,3571,0.79345703125,1260.3076923076924,0.8998819958718972,0.0005172506224024879,7.763571984588896e-05,0.003947765150840435,0.0,0.0,0.9,0.0,0.0,1.021657475878653e-16
1772531348.9274333,3572,0.7655620574951172,1306.2298349423857,0.9010382370129265,0.0011955207989358752,7.763571984588896e-05,0.003947765150840435,0.0,0.0,0.9,0.0,0.0,1.0219575211178818e-16
1772531348.9398813,3573,0.7719993591308594,1295.33786287832,0.9007379268374849,0.00031159245251626987,7.763571984588896e-05,0.003947765150840435,0.0,0.0,0.9,0.0,0.0,1.0218709119845974e-16
1772531348.9524074,3574,0.759124755859375,1317.3065326633166,0.9013794045463434,0.0006589684573060778,7.763571984588896e-05,0.003947765150840435,0.0,0.0,0.9,2.7755575615628914e-17,2.7755575615628914e-17,1.0198938795695393e-16
1772531348.964805,3575,0.7557868957519531,1323.1242902208203,0.9006177925771063,0.0007891413879228432,7.763571984588896e-05,0.003947765150840435,0.0,0.0,0.9,2.7755575615628914e-17,2.7755575615628914e-17,1.0193316027134792e-16
1772531348.9772112,3576,0.698089599609375,1432.48087431694,0.9005038376068574,0.0001186276473324468,7.763571984588896e-05,0.003947765150840435,0.0,0.0,0.9,2.7755575615628914e-17,2.7755575615628914e-17,1.0205028357445631e-16
1772531348.989676,3577,0.7104873657226562,1407.4845637583892,0.9004389097720487,6.809659962705269e-05,7.763571984588896e-05,0.003947765150840435,0.0,0.0,0.9,2.7755575615628914e-17,2.7755575615628914e-17,1.0204720139716911e-16
1772531349.0021312,3578,0.7145404815673828,1399.500834167501,0.9004340730196424,1.5142433014292854e-05,7.763571984588896e-05,0.003947765150840435,0.0,0.0,0.9,2.7755575615628914e-17,2.7755575615628914e-17,1.0204549475997557e-16
1772531349.014615,3579,0.6923675537109375,1444.3195592286502,0.9009284159917172,0.0005088025537139895,7.763571984588896e-05,0.003947765150840435,0.0,0.0,0.9,2.7755575615628914e-17,2.7755575615628914e-17,1.0205661946112788e-16
1772531349.027136,3580,0.6778240203857422,1475.3091804431938,0.9014368379813272,0.0005206446051654913,7.763571984588896e-05,0.003947765150840435,0.0,0.0,0.9,2.7755575615628914e-17,2.7755575615628914e-17,1.0206995694998587e-16
1772531349.0396063,3581,0.6921291351318359,1444.817085773338,0.9011830492001374,0.000272606664850022,7.763571984588896e-05,0.003947765150840435,0.0,0.0,0.9,2.7755575615628914e-17,2.7755575615628914e-17,1.0206565372439659e-16
1772531349.0521042,3582,0.6797313690185547,1471.1694142406172,0.9014467830493471,0.0002699210945933742,7.763571984588896e-05,0.003947765150840435,0.0,0.0,0.9,2.7755575615628914e-17,2.7755575615628914e-17,1.0207376538304687e-16
1772531349.0648677,3583,0.7753372192382812,1289.7613776137762,0.9032634676393799,0.0018611344060068013,7.763571984588896e-05,0.003947765150840435,0.0,0.0,0.9,2.7755575615628914e-17,2.7755575615628914e-17,1.0212278796109943e-16
1772531349.0782642,3584,1.1515617370605469,868.3859213250518,0.9082642918307899,0.0051199349273023075,7.763571984588896e-05,0.003947765150840435,0.0,0.0,0.9,2.7755575615628914e-17,2.7755575615628914e-17,1.0226103098104268e-16
1772531349.0893528,3585,0.46253204345703125,2162.0123711340207,0.8989840839522639,0.009592174101015438,7.763571984588896e-05,0.003947765150840435,0.0,0.0,0.9,2.7755575615628914e-17,2.7755575615628914e-17,1.020492292734991e-16
1772531349.102176,3586,0.48160552978515625,2076.388118811881,0.9022041149066569,0.0033213536647433385,7.763571984588896e-05,0.003947765150840435,0.0,0.0,0.9,2.7755575615628914e-17,2.7755575615628914e-17,1.0212565654013953e-16
1772531349.1155243,3587,0.7853507995605469,1273.3163327261689,0.9072474208279523,0.005171074706631533,7.763571984588896e-05,0.003947765150840435,0.0,0.0,0.9,2.7755575615628914e-17,2.7755575615628914e-17,1.0226116503814302e-16
1772531349.1274667,3588,0.6568431854248047,1522.433393829401,0.9015381205442204,0.005916049047683406,7.763571984588896e-05,0.003947765150840435,0.0,0.0,0.9,2.7755575615628914e-17,2.7755575615628914e-17,1.0213721483653449e-16
1772531349.1404967,3589,0.8258819580078125,1210.8267898383372,0.9051879352076474,0.003745564556964154,7.763571984588896e-05,0.003947765150840435,0.0,0.0,0.9,2.7755575615628914e-17,2.7755575615628914e-17,1.0223426298090474e-16
1772531349.1531885,3590,0.7367134094238281,1357.379935275081,0.9061234299638043,0.0009563213308014249,7.763571984588896e-05,0.003947765150840435,0.0,0.0,0.9,2.7755575615628914e-17,2.7755575615628914e-17,1.0227454196383245e-16
1772531349.1648908,3591,0.7145404815673828,1399.500834167501,0.8974641006301829,0.008933277577136354,7.763571984588896e-05,0.003947765150840435,0.0,0.0,0.9,2.7755575615628914e-17,2.7755575615628914e-17,1.0207015312694573e-16
1772531349.1778307,3592,0.6046295166015625,1653.9053627760252,0.9027551804977126,0.005467044331178488,7.763571984588896e-05,0.003947765150840435,0.0,0.0,0.9,2.7755575615628914e-17,2.7755575615628914e-17,1.0219400574824334e-16
1772531349.1900852,3593,0.6191730499267578,1615.0573738929534,0.8996164544971678,0.003234534683907372,7.763571984588896e-05,0.003947765150840435,0.0,0.0,0.9,2.7755575615628914e-17,2.7755575615628914e-17,1.0211936208800936e-16
1772531349.20243,3594,0.4553794860839844,2195.9706806282725,0.8997124196158821,0.00015484534239499544,7.763571984588896e-05,0.003947765150840435,0.0,0.0,0.9,2.7755575615628914e-17,2.7755575615628914e-17,1.0211657984558395e-16
1772531349.2154114,3595,0.7681846618652344,1301.770328988206,0.9018613509244712,0.0022227196735765376,7.763571984588896e-05,0.003947765150840435,0.0,0.0,0.9,2.7755575615628914e-17,2.7755575615628914e-17,1.0216683355845264e-16
1772531349.2276225,3596,0.8070468902587891,1239.0853766617429,0.8989314533218499,0.0030129024153638753,7.763571984588896e-05,0.003947765150840435,0.0,0.0,0.9,2.7755575615628914e-17,2.7755575615628914e-17,1.0209389386734109e-16
1772531349.2402537,3597,0.67138671875,1489.4545454545455,0.9012231874018346,0.0023768212917829657,7.763571984588896e-05,0.003947765150840435,0.0,0.0,0.9,2.7755575615628914e-17,2.7755575615628914e-17,1.0214471790633584e-16
1772531349.2530441,3598,0.8115768432617188,1232.1692126909518,0.9024530984657023,0.001265870263400158,7.763571984588896e-05,0.003947765150840435,0.0,0.0,0.9,2.7755575615628914e-17,2.7755575615628914e-17,1.0217650168542947e-16
1772531349.2651904,3599,0.6515979766845703,1534.6886205634833,0.899915588268146,0.002614111802184241,7.763571984588896e-05,0.003947765150840435,0.0,0.0,0.9,2.7755575615628914e-17,2.7755575615628914e-17,1.0211564393807231e-16
1772531349.278216,3600,0.7998943328857422,1250.165126676602,0.9035456595714562,0.003741066356011287,7.763571984588896e-05,0.003947765150840435,0.0,0.0,0.9,2.7755575615628914e-17,2.7755575615628914e-17,1.0220464294266211e-16
1772531349.290351,3601,0.7455348968505859,1341.3188359449953,0.9000782382560284,0.0035780702163300806,7.763571984588896e-05,0.003947765150840435,0.0,0.0,0.9,2.7755575615628914e-17,2.7755575615628914e-17,1.021237434463896e-16
1772531349.3030689,3602,0.8733272552490234,1145.0461370461371,0.900639215525031,0.0005905855021085103,7.763571984588896e-05,0.003947765150840435,0.0,0.0,0.9,2.7755575615628914e-17,2.7755575615628914e-17,1.0213418363571532e-16
1772531349.3142524,3603,0.37789344787597656,2646.2485804416406,0.8925425499500573,0.008317896810438527,7.763571984588896e-05,0.003947765150840435,0.0,0.0,0.9,2.7755575615628914e-17,2.7755575615628914e-17,1.0192474466187317e-16
1772531349.326794,3604,0.35500526428222656,2816.859637340497,0.8951316780314025,0.002759941859345049,7.763571984588896e-05,0.003947765150840435,0.0,0.0,0.9,2.7755575615628914e-17,2.7755575615628914e-17,1.0195965438576334e-16
1772531349.339319,3605,0.36454200744628906,2743.1680837148465,0.8968762798313035,0.001862323867184852,7.763571984588896e-05,0.003947765150840435,0.0,0.0,0.9,2.7755575615628914e-17,2.7755575615628914e-17,1.0198201408559187e-16
1772531349.351869,3606,0.3781318664550781,2644.580075662043,0.898575396436643,0.0017887421110434445,7.763571984588896e-05,0.003947765150840435,0.0,0.0,0.9,2.7755575615628914e-17,2.7755575615628914e-17,1.020094770379192e-16
1772531349.3644392,3607,0.4646778106689453,2152.0287326834273,0.8994869562596758,0.0009610327601378202,7.763571984588896e-05,0.003947765150840435,0.0,0.0,0.9,2.7755575615628914e-17,2.7755575615628914e-17,1.0202308798120512e-16
1772531349.3770645,3608,0.42891502380371094,2331.4641467481933,0.9014405149035345,0.002017753819232236,7.763571984588896e-05,0.003947765150840435,0.0,0.0,0.9,2.7755575615628914e-17,2.7755575615628914e-17,1.0206693737937194e-16
1772531349.3895435,3609,0.4374980926513672,2285.724250681199,0.9013624402831113,9.76386909300928e-05,7.763571984588896e-05,0.003947765150840435,0.0,0.0,0.9,2.7755575615628914e-17,2.7755575615628914e-17,1.0206610560690158e-16
1772531349.40262,3610,0.6470680236816406,1545.4325718496684,0.9050624075490394,0.003796305654100633,7.763571984588896e-05,0.003947765150840435,0.0,0.0,0.9,2.7755575615628914e-17,2.7755575615628914e-17,1.0216243835325856e-16
1772531349.4145079,3611,0.46324729919433594,2158.6742151312405,0.9003631727398632,0.00486349003969263,7.763571984588896e-05,0.003947765150840435,0.0,0.0,0.9,2.7755575615628914e-17,2.7755575615628914e-17,1.0205659917832719e-16
1772531349.4280088,3612,0.9424686431884766,1061.0432582848468,0.9057153760221823,0.005499387653850797,7.763571984588896e-05,0.003947765150840435,0.0,0.0,0.9,2.7755575615628914e-17,2.7755575615628914e-17,1.0219246069434981e-16
1772531349.4401042,3613,0.44155120849609375,2264.742980561555,0.904961253068097,0.0008543889669045805,7.763571984588896e-05,0.003947765150840435,0.0,0.0,0.9,2.7755575615628914e-17,2.7755575615628914e-17,1.0219081940133361e-16
1772531349.4526415,3614,0.6670951843261719,1499.036454610436,0.9026593741800525,0.002404815896846513,7.763571984588896e-05,0.003947765150840435,0.0,0.0,0.9,2.7755575615628914e-17,2.7755575615628914e-17,1.0214667883206081e-16
1772531349.4656315,3615,0.8361339569091797,1195.9806102081552,0.905408684948838,0.002812725289538171,7.763571984588896e-05,0.003947765150840435,0.0,0.0,0.9,2.7755575615628914e-17,2.7755575615628914e-17,1.0222460590343923e-16
1772531349.4777772,3616,0.7426738739013672,1346.4860353130016,0.9016538751804801,0.0038956291125757706,7.763571984588896e-05,0.003947765150840435,0.0,0.0,0.9,2.7755575615628914e-17,2.7755575615628914e-17,1.0214452751479902e-16
1772531349.489839,3617,0.5295276641845703,1888.475461503827,0.8989483723769867,0.002785589026800334,7.763571984588896e-05,0.003947765150840435,0.0,0.0,0.9,2.7755575615628914e-17,2.7755575615628914e-17,1.0207799885843989e-16
1772531349.5026777,3618,0.6916522979736328,1445.8131678731472,0.9010356119239274,0.0021611247213879983,7.763571984588896e-05,0.003947765150840435,0.0,0.0,0.9,2.7755575615628914e-17,2.7755575615628914e-17,1.0212472175193762e-16
1772531349.5155816,3619,0.7646083831787109,1307.859058309947,0.9041050165133214,0.003153368718928819,7.763571984588896e-05,0.003947765150840435,0.0,0.0,0.9,5.551115123125783e-17,5.551115123125783e-17,1.0250622193109656e-16
1772531349.5279539,3620,0.7472038269042969,1338.322910019145,0.9023912510688363,0.0017871476419303116,7.763571984588896e-05,0.003947765150840435,0.0,0.0,0.9,2.7755575615628914e-17,2.7755575615628914e-17,1.0244799637767371e-16
1772531349.5400493,3621,0.690460205078125,1448.3093922651933,0.8985045085806812,0.004002562321781752,7.763571984588896e-05,0.003947765150840435,0.0,0.0,0.9,2.7755575615628914e-17,2.7755575615628914e-17,1.0235642392407623e-16
1772531349.5523555,3622,0.5943775177001953,1682.4324107501002,0.8979112405509048,0.0006088523750335051,7.763571984588896e-05,0.003947765150840435,0.0,0.0,0.9,5.551115123125783e-17,5.551115123125783e-17,1.0280739211090219e-16
1772531349.5644345,3623,0.41031837463378906,2437.1319000581057,0.896134631855784,0.0018121902261069155,7.763571984588896e-05,0.003947765150840435,0.0,0.0,0.9,5.551115123125783e-17,5.551115123125783e-17,1.0335467589356142e-16
1772531349.57682,3624,0.3609657287597656,2770.346103038309,0.8965788217806401,0.0005575412132063273,7.763571984588896e-05,0.003947765150840435,0.0,0.0,0.9,5.551115123125783e-17,5.551115123125783e-17,1.0409886678573214e-16
1772531349.5892537,3625,0.38504600524902344,2597.0922600619197,0.8970378192665132,0.00055572574971473,7.763571984588896e-05,0.003947765150840435,0.0,0.0,0.9,5.551115123125783e-17,5.551115123125783e-17,1.0499140641535996e-16
1772531349.6018136,3626,0.3421306610107422,2922.859930313589,0.8990929145020361,0.002149390389779603,7.763571984588896e-05,0.003947765150840435,0.0,0.0,0.9,5.551115123125783e-17,5.551115123125783e-17,1.0606698641013e-16
1772531349.614347,3627,0.3533363342285156,2830.1646423751686,0.9000383963623454,0.0009887706719630225,7.763571984588896e-05,0.003947765150840435,0.0,0.0,0.9,2.7755575615628914e-17,2.7755575615628914e-17,1.0599921317607833e-16
1772531349.626687,3628,0.34499168395996094,2898.620594333103,0.8993025172264604,0.0007517303116277298,7.763571984588896e-05,0.003947765150840435,0.0,0.0,0.9,2.7755575615628914e-17,2.7755575615628914e-17,1.0597728444472445e-16
1772531349.639546,3629,0.4544258117675781,2200.579223504722,0.9023497983928984,0.0031416551823608193,7.763571984588896e-05,0.003947765150840435,0.0,0.0,0.9,2.7755575615628914e-17,2.7755575615628914e-17,1.0604406195184151e-16
1772531349.6517692,3630,0.35572052001953125,2811.195710455764,0.9006597660891662,0.0017500663446609686,7.763571984588896e-05,0.003947765150840435,0.0,0.0,0.9,2.7755575615628914e-17,2.7755575615628914e-17,1.060079686302464e-16
1772531349.664135,3631,0.34165382385253906,2926.9392882065595,0.8999521987509043,0.0007275130988357318,7.763571984588896e-05,0.003947765150840435,0.0,0.0,0.9,2.7755575615628914e-17,2.7755575615628914e-17,1.0598978370455862e-16
1772531349.6767182,3632,0.3063678741455078,3264.049805447471,0.9013587206874507,0.0014496941883568799,7.763571984588896e-05,0.003947765150840435,0.0,0.0,0.9,2.7755575615628914e-17,2.7755575615628914e-17,1.0602010598522475e-16
1772531349.6891618,3633,0.3666877746582031,2727.115734720416,0.9007051608674899,0.0006788548576409321,7.763571984588896e-05,0.003947765150840435,0.0,0.0,0.9,2.7755575615628914e-17,2.7755575615628914e-17,1.060060102022772e-16
1772531349.701758,3634,0.3688335418701172,2711.2501616031027,0.9019284150010272,0.0012558413920296923,7.763571984588896e-05,0.003947765150840435,0.0,0.0,0.9,2.7755575615628914e-17,2.7755575615628914e-17,1.0603495070228777e-16
1772531349.714411,3635,0.38242340087890625,2614.9027431421446,0.9031850995531092,0.0012841943952152492,7.763571984588896e-05,0.003947765150840435,0.0,0.0,0.9,2.7755575615628914e-17,2.7755575615628914e-17,1.0606932218428448e-16
1772531349.726795,3636,0.3635883331298828,2750.3632786885246,0.9020084882834141,0.0012349073266698348,7.763571984588896e-05,0.003947765150840435,0.0,0.0,0.9,2.7755575615628914e-17,2.7755575615628914e-17,1.0604966274972248e-16
1772531349.739405,3637,0.4432201385498047,2256.2151694459385,0.9023770951995916,0.0003778095171629994,7.763571984588896e-05,0.003947765150840435,0.0,0.0,0.9,2.7755575615628914e-17,2.7755575615628914e-17,1.0606321157565716e-16
1772531349.7519228,3638,0.39267539978027344,2546.6326654523377,0.9026412424713687,0.00027690463346802404,7.763571984588896e-05,0.003947765150840435,0.0,0.0,0.9,2.7755575615628914e-17,2.7755575615628914e-17,1.0607562463180346e-16
1772531349.764201,3639,0.34618377685546875,2888.6391184573004,0.9007070930658533,0.0020032596077509367,7.763571984588896e-05,0.003947765150840435,0.0,0.0,0.9,2.7755575615628914e-17,2.7755575615628914e-17,1.0603587001075276e-16
1772531349.7767427,3640,0.38814544677734375,2576.3538083538083,0.9009828686835488,0.0002835315086500818,7.763571984588896e-05,0.003947765150840435,0.0,0.0,0.9,2.7755575615628914e-17,2.7755575615628914e-17,1.0604244042248438e-16
1772531349.7892847,3641,0.3829002380371094,2611.6463262764632,0.9015307766906518,0.0005617005935681924,7.763571984588896e-05,0.003947765150840435,0.0,0.0,0.9,2.7755575615628914e-17,2.7755575615628914e-17,1.0605643933638793e-16
1772531349.8017533,3642,0.3752708435058594,2664.7420584498095,0.9013466341740138,0.0001976889619637984,7.763571984588896e-05,0.003947765150840435,0.0,0.0,0.9,2.7755575615628914e-17,2.7755575615628914e-17,1.060546392118111e-16
1772531349.8142807,3643,0.3833770751953125,2608.3980099502487,0.9014993486021747,0.00015581289500757263,7.763571984588896e-05,0.003947765150840435,0.0,0.0,0.9,2.7755575615628914e-17,2.7755575615628914e-17,1.0606024696002013e-16
1772531349.8268013,3644,0.3459453582763672,2890.629910406616,0.9017749867932837,0.0002808971794346182,7.763571984588896e-05,0.003947765150840435,0.0,0.0,0.9,4.449557262054371e-16,4.449557262054371e-16,7.683469267264514e-17
1772531349.8393538,3645,0.37097930908203125,2695.568123393316,0.9019476434274093,0.00017705516790735408,7.763571984588896e-05,0.003947765150840435,0.0,0.0,0.9,4.449557262054371e-16,4.449557262054371e-16,6.900761530187792e-17
1772531349.8518243,3646,0.3993511199951172,2504.062089552239,0.9014429272133051,0.0005274673741230122,7.763571984588896e-05,0.003947765150840435,0.0,0.0,0.9,2.7755575615628914e-17,2.7755575615628914e-17,6.591982561812652e-17
1772531349.8643727,3647,0.39958953857421875,2502.568019093079,0.901745120302615,0.00030829989746623777,7.763571984588896e-05,0.003947765150840435,0.0,0.0,0.9,2.7755575615628914e-17,2.7755575615628914e-17,6.357471504307573e-17
1772531349.876777,3648,0.35500526428222656,2816.859637340497,0.900992558566076,0.0007787417930691311,7.763571984588896e-05,0.003947765150840435,0.0,0.0,0.9,2.7755575615628914e-17,2.7755575615628914e-17,6.355281052363185e-17
1772531349.8892314,3649,0.39768218994140625,2514.5707434052756,0.9003920596674441,0.0006165843771720406,7.763571984588896e-05,0.003947765150840435,0.0,0.0,0.9,2.7755575615628914e-17,2.7755575615628914e-17,6.353275556838607e-17
1772531349.9021215,3650,0.5660057067871094,1766.7666385846671,0.90278731380976,0.0024659783062434175,7.763571984588896e-05,0.003947765150840435,0.0,0.0,0.9,4.449557262054371e-16,4.449557262054371e-16,8.472040365643905e-17
1772531349.9155536,3651,0.8924007415771484,1120.5728025647877,0.9086293404735665,0.005989161782279034,7.763571984588896e-05,0.003947765150840435,0.0,0.0,0.9,4.449557262054371e-16,4.449557262054371e-16,1.1809566717642977e-16
1772531349.9281259,3652,1.1754035949707031,850.7716024340771,0.9049006514914233,0.003898281922762083,7.763571984588896e-05,0.003947765150840435,0.0,0.0,0.9,0.0,0.0,1.116189066517137e-16
1772531349.9395099,3653,0.5412101745605469,1847.711013215859,0.8982609697081552,0.006849195881423356,7.763571984588896e-05,0.003947765150840435,0.0,0.0,0.9,0.0,0.0,1.0986677499149593e-16
1772531349.9524112,3654,0.6022453308105469,1660.4528899445763,0.9020161041024702,0.003882730909543203,7.763571984588896e-05,0.003947765150840435,0.0,0.0,0.9,0.0,0.0,1.0867156122529062e-16
1772531349.9650745,3655,0.6351470947265625,1574.4384384384384,0.902637836539344,0.000635145405521625,7.763571984588896e-05,0.003947765150840435,0.0,0.0,0.9,0.0,0.0,1.0749006942249103e-16
1772531349.977543,3656,0.7181167602539062,1392.531208499336,0.9012485408768527,0.001436606553537073,7.763571984588896e-05,0.003947765150840435,0.0,0.0,0.9,0.0,0.0,1.0637062989371392e-16
1772531349.9899254,3657,0.6322860717773438,1581.5625942684767,0.9004735292896014,0.0007952553719044246,7.763571984588896e-05,0.003947765150840435,0.0,0.0,0.9,0.0,0.0,1.0541348883767283e-16
1772531350.0033758,3658,1.0898113250732422,917.5900240647561,0.9056002595178799,0.005273921107939263,7.763571984588896e-05,0.003947765150840435,0.0,0.0,0.9,0.0,0.0,1.0480794254252967e-16
1772531350.0158594,3659,1.089334487915039,917.9916830816371,0.9038470424215415,0.0018393990467041434,7.763571984588896e-05,0.003947765150840435,0.0,0.0,0.9,0.0,0.0,1.0413017468313318e-16
1772531350.028155,3660,1.1272430419921875,887.1201353637902,0.9007591679711574,0.00318966896448232,7.763571984588896e-05,0.003947765150840435,0.0,0.0,0.9,0.0,0.0,1.0403792439882398e-16
1772531350.0404701,3661,0.9653568267822266,1035.8863917016547,0.8998329045957492,0.0009478087120509968,7.763571984588896e-05,0.003947765150840435,0.0,0.0,0.9,0.0,0.0,1.040041798814836e-16
1772531350.0531194,3662,0.9942054748535156,1005.8282973621103,0.9008500375934453,0.0010627776836018886,7.763571984588896e-05,0.003947765150840435,0.0,0.0,0.9,0.0,0.0,1.0403144360109055e-16
1772531350.0658476,3663,1.0683536529541016,936.019638473555,0.9022430996696643,0.001437852150434599,7.763571984588896e-05,0.003947765150840435,0.0,0.0,0.9,0.0,0.0,1.040760722478957e-16
1772531350.0774927,3664,0.7066726684570312,1415.0823211875843,0.8965657306899684,0.005838430178921056,7.763571984588896e-05,0.003947765150840435,0.0,0.0,0.9,0.0,0.0,1.0388885319940839e-16
1772531350.0896993,3665,0.5552768707275391,1800.90339201374,0.8960614819802711,0.0005542046042146176,7.763571984588896e-05,0.003947765150840435,0.0,0.0,0.9,0.0,0.0,1.0384951848503656e-16
1772531350.1025324,3666,0.6949901580810547,1438.8692967409947,0.8989078583235568,0.002977526720272029,7.763571984588896e-05,0.003947765150840435,0.0,0.0,0.9,1.734723475976807e-18,1.734723475976807e-18,1.0391903963556588e-16
1772531350.1154623,3667,0.7517337799072266,1330.2581668252458,0.9027512136557175,0.003969171535011239,7.763571984588896e-05,0.003947765150840435,0.0,0.0,0.9,1.734723475976807e-18,1.734723475976807e-18,1.0403603473297594e-16
1772531350.1277988,3668,0.7417201995849609,1348.2172934747668,0.9009507909877625,0.0018599263309720707,7.763571984588896e-05,0.003947765150840435,0.0,0.0,0.9,0.0,0.0,1.0398197015401669e-16
1772531350.1399689,3669,0.6220340728759766,1607.6289766193945,0.8986668605396136,0.0023445458840475183,7.763571984588896e-05,0.003947765150840435,0.0,0.0,0.9,2.7755575615628914e-17,2.7755575615628914e-17,1.0339606713058957e-16
1772531350.1525934,3670,0.6492137908935547,1540.3246419390377,0.9001216828972072,0.0015185838450096978,7.763571984588896e-05,0.003947765150840435,0.0,0.0,0.9,2.7809732887839817e-17,2.7809732887839817e-17,1.0311715085337912e-16
1772531350.1654823,3671,0.7801055908203125,1281.877750611247,0.902976505312226,0.0029409023870943765,7.763571984588896e-05,0.003947765150840435,0.0,0.0,0.9,2.7809732887839817e-17,2.7809732887839817e-17,1.030424638348839e-16
1772531350.1779935,3672,0.7600784301757812,1315.6537013801756,0.9026985860344462,0.0003132222596378285,7.763571984588896e-05,0.003947765150840435,0.0,0.0,0.9,2.7809732887839817e-17,2.7809732887839817e-17,1.0303865608043441e-16
1772531350.191406,3673,1.3375282287597656,747.6477718360071,0.9056309399618863,0.0030023788202959054,7.763571984588896e-05,0.003947765150840435,0.0,0.0,0.9,2.7809732887839817e-17,2.7809732887839817e-17,1.0328967721489011e-16
1772531350.2025962,3674,0.7274150848388672,1374.7309078990495,0.8972304639430314,0.008664945245911139,7.763571984588896e-05,0.003947765150840435,0.0,0.0,0.9,2.7755575615628914e-17,2.7755575615628914e-17,1.0336144186583571e-16
1772531350.215403,3675,0.9028911590576172,1107.5532083443359,0.8996259759839595,0.002495871900384535,7.763571984588896e-05,0.003947765150840435,0.0,0.0,0.9,2.7809732887839817e-17,2.7809732887839817e-17,1.0388226246811067e-16
1772531350.2286148,3676,0.9052753448486328,1104.6362918093232,0.9061904310982934,0.006753816305324768,7.763571984588896e-05,0.003947765150840435,0.0,0.0,0.9,2.7809732887839817e-17,2.7809732887839817e-17,1.0408072924772965e-16
1772531350.24106,3677,1.055002212524414,947.8653107344633,0.9029363892339278,0.0033869763586988726,7.763571984588896e-05,0.003947765150840435,0.0,0.0,0.9,2.7755575615628914e-17,2.7755575615628914e-17,1.0400194206717132e-16
1772531350.2526,3678,0.72479248046875,1379.7052631578947,0.8959204666103331,0.007222968587685246,7.763571984588896e-05,0.003947765150840435,0.0,0.0,0.9,2.7755575615628914e-17,2.7755575615628914e-17,1.0379306901083452e-16
1772531350.2659316,3679,1.2545585632324219,797.093120486507,0.9006929480383562,0.004947419518593623,7.763571984588896e-05,0.003947765150840435,0.0,0.0,0.9,2.7809732887839817e-17,2.7809732887839817e-17,1.0391947699969758e-16
1772531350.278577,3680,1.5759468078613281,634.5391830559757,0.8989317775244442,0.001806969490311266,7.763571984588896e-05,0.003947765150840435,0.0,0.0,0.9,0.0,0.0,1.033714505613463e-16
1772531350.2903042,3681,0.5729198455810547,1745.444860590928,0.900322716179667,0.0014484492057123073,7.763571984588896e-05,0.003947765150840435,0.0,0.0,0.9,0.0,0.0,1.0340450333788478e-16
1772531350.302852,3682,0.5366802215576172,1863.3069746779208,0.9011448085390479,0.0008507418951006836,7.763571984588896e-05,0.003947765150840435,0.0,0.0,0.9,0.0,0.0,1.0342622422318896e-16
1772531350.316323,3683,1.4109611511230469,708.7367353835755,0.9030456174896789,0.0019522181818603722,7.763571984588896e-05,0.003947765150840435,0.0,0.0,0.9,0.0,0.0,1.0348480282088821e-16
1772531350.3279848,3684,0.8122920989990234,1231.084238332844,0.8997092260206561,0.0034431913358374433,7.763571984588896e-05,0.003947765150840435,0.0,0.0,0.9,0.0,0.0,1.0339115005937504e-16
1772531350.3403735,3685,0.7700920104980469,1298.5461300309598,0.8993522542943562,0.0003641294476436154,7.763571984588896e-05,0.003947765150840435,0.0,0.0,0.9,0.0,0.0,1.03374445044913e-16
1772531350.3528073,3686,0.5402565002441406,1850.972639011474,0.9008796852809082,0.001582833633633918,7.763571984588896e-05,0.003947765150840435,0.0,0.0,0.9,0.0,0.0,1.0341382084222562e-16
1772531350.3650813,3687,0.5736351013183594,1743.2684954280965,0.8985091559276299,0.0024353444683158413,7.763571984588896e-05,0.003947765150840435,0.0,0.0,0.9,0.0,0.0,1.0334057923013768e-16
1772531350.3774564,3688,0.7472038269042969,1338.322910019145,0.8962594643286489,0.0022992171249783594,7.763571984588896e-05,0.003947765150840435,0.0,0.0,0.9,0.0,0.0,1.0326104176252019e-16
1772531350.390139,3689,0.5972385406494141,1674.372854291417,0.9007384916973281,0.0046405457128301944,7.763571984588896e-05,0.003947765150840435,0.0,0.0,0.9,0.0,0.0,1.0337690352419372e-16
1772531350.4021723,3690,0.5252361297607422,1903.9055832955062,0.8967513301221538,0.004096930025365834,7.763571984588896e-05,0.003947765150840435,0.0,0.0,0.9,0.0,0.0,1.0325398623192506e-16
1772531350.4156299,3691,0.8988380432128906,1112.5474801061007,0.9038710353283738,0.007345608778706755,7.763571984588896e-05,0.003947765150840435,0.0,0.0,0.9,0.0,0.0,1.0345297295642283e-16
1772531350.4279213,3692,0.7951259613037109,1257.6623688155921,0.9022702891087558,0.0016742375066604478,7.763571984588896e-05,0.003947765150840435,0.0,0.0,0.9,0.0,0.0,1.0341663376686819e-16
1772531350.4400182,3693,0.5886554718017578,1698.7865532604294,0.8999439455793634,0.0024027276363994864,7.763571984588896e-05,0.003947765150840435,0.0,0.0,0.9,0.0,0.0,1.0335154049047578e-16
1772531350.4527524,3694,0.629425048828125,1588.7515151515152,0.9022786528766888,0.0024037216301407306,7.763571984588896e-05,0.003947765150840435,0.0,0.0,0.9,0.0,0.0,1.034190411357401e-16
1772531350.4653847,3695,0.6787776947021484,1473.2363891815946,0.9027980429660865,0.0005306403641556998,7.763571984588896e-05,0.003947765150840435,0.0,0.0,0.9,0.0,0.0,1.0344130111123769e-16
1772531350.4784427,3696,0.8568763732910156,1167.0294936004452,0.9059906239637646,0.0032669038242172078,7.763571984588896e-05,0.003947765150840435,0.0,0.0,0.9,2.220446049250313e-16,2.220446049250313e-16,9.183664146351407e-17
1772531350.4902613,3697,0.7700920104980469,1298.5461300309598,0.8994698426537879,0.006740273831091205,7.763571984588896e-05,0.003947765150840435,0.0,0.0,0.9,0.0,0.0,9.228881141429257e-17
1772531350.5028918,3698,0.8351802825927734,1197.3462746217529,0.9002629408676689,0.000825812803265935,7.763571984588896e-05,0.003947765150840435,0.0,0.0,0.9,0.0,0.0,9.230176418775513e-17
1772531350.5147562,3699,0.46133995056152344,2167.5989664082686,0.8975009455511823,0.002835091851768997,7.763571984588896e-05,0.003947765150840435,0.0,0.0,0.9,0.0,0.0,9.224051631754106e-17
1772531350.528513,3700,0.9961128234863281,1003.9023456199138,0.905136978255041,0.00786966151388439,7.763571984588896e-05,0.003947765150840435,0.0,0.0,0.9,2.220446049250313e-16,2.220446049250313e-16,8.814363187924003e-17
1772531350.5410876,3701,1.2106895446777344,825.9755809373769,0.9034890223445614,0.001736056584251728,7.763571984588896e-05,0.003947765150840435,0.0,0.0,0.9,0.0,0.0,8.81285845215461e-17
1772531350.5536728,3702,1.2340545654296875,810.3369397217929,0.9033748537622991,0.00019218867377578341,7.763571984588896e-05,0.003947765150840435,0.0,0.0,0.9,2.220446049250313e-16,2.220446049250313e-16,9.229273087444042e-17
1772531350.5659308,3703,1.1560916900634766,864.9832955248505,0.9010678377167977,0.0023900074332108803,7.763571984588896e-05,0.003947765150840435,0.0,0.0,0.9,0.0,0.0,9.168164154285506e-17
1772531350.578579,3704,1.1560916900634766,864.9832955248505,0.902239599170217,0.0012033138661204788,7.763571984588896e-05,0.003947765150840435,0.0,0.0,0.9,2.237726045655905e-16,2.237726045655905e-16,1.0309276076952141e-16
1772531350.5908043,3705,0.8056163787841797,1241.285587451909,0.9019514633752183,0.0003099206559087548,7.763571984588896e-05,0.003947765150840435,0.0,0.0,0.9,2.7755575615628914e-17,2.7755575615628914e-17,1.0203981144837857e-16
1772531350.6027687,3706,0.7762908935546875,1288.1769041769041,0.8966631803073145,0.00544049875492673,7.763571984588896e-05,0.003947765150840435,0.0,0.0,0.9,2.7755575615628914e-17,2.7755575615628914e-17,1.0202653073119523e-16
1772531350.6152575,3707,0.7135868072509766,1401.3711994654193,0.898328168123963,0.0017571359033217997,7.763571984588896e-05,0.003947765150840435,0.0,0.0,0.9,2.7755575615628914e-17,2.7755575615628914e-17,1.0205357961713399e-16
1772531350.6272793,3708,0.5888938903808594,1698.0987854251011,0.895361998768179,0.0030335135181355686,7.763571984588896e-05,0.003947765150840435,0.0,0.0,0.9,2.7755575615628914e-17,2.7755575615628914e-17,1.0196783180186796e-16
1772531350.6404674,3709,0.7638931274414062,1309.083645443196,0.9016715519699429,0.006530074463746977,7.763571984588896e-05,0.003947765150840435,0.0,0.0,0.9,2.7809732887839817e-17,2.7809732887839817e-17,1.0210806474800432e-16
1772531350.6528156,3710,0.7715225219726562,1296.1384425216315,0.9000638867134758,0.0016563095249372438,7.763571984588896e-05,0.003947765150840435,0.0,0.0,0.9,2.7755575615628914e-17,2.7755575615628914e-17,1.0206880232068981e-16
1772531350.6650689,3711,0.6253719329833984,1599.0484178421655,0.8994195840601481,0.0006575298503538535,7.763571984588896e-05,0.003947765150840435,0.0,0.0,0.9,2.7755575615628914e-17,2.7755575615628914e-17,1.0204861332675736e-16
1772531350.6777651,3712,0.6940364837646484,1440.8464445207833,0.9012103350042381,0.0018517774460700563,7.763571984588896e-05,0.003947765150840435,0.0,0.0,0.9,2.7755575615628914e-17,2.7755575615628914e-17,1.020886322105867e-16
1772531350.6898057,3713,0.5311965942382812,1882.5421903052065,0.8982393594353923,0.0030553481817444422,7.763571984588896e-05,0.003947765150840435,0.0,0.0,0.9,2.7755575615628914e-17,2.7755575615628914e-17,1.0201312910359436e-16
1772531350.703442,3714,0.9386539459228516,1065.3553467106933,0.9059748308701624,0.00796548336229786,7.763571984588896e-05,0.003947765150840435,0.0,0.0,0.9,2.7809732887839817e-17,2.7809732887839817e-17,1.0220157443711055e-16
1772531350.7162547,3715,1.4481544494628906,690.5340796838985,0.9039543647905295,0.0021275136429842684,7.763571984588896e-05,0.003947765150840435,0.0,0.0,0.9,2.7755575615628914e-17,2.7755575615628914e-17,1.0216774681177623e-16
1772531350.7278976,3716,1.2936592102050781,773.0011057869517,0.8970864313039552,0.00708039850264012,7.763571984588896e-05,0.003947765150840435,0.0,0.0,0.9,2.7755575615628914e-17,2.7755575615628914e-17,1.0200245765479314e-16
1772531350.7407897,3717,1.1935234069824219,837.8553735517379,0.9021027094660665,0.005183108923186411,7.763571984588896e-05,0.003947765150840435,0.0,0.0,0.9,2.7809732887839817e-17,2.7809732887839817e-17,1.0211729667719778e-16
1772531350.7531698,3718,1.1510848999023438,868.7456503728251,0.9009556046980266,0.0011892867111618628,7.763571984588896e-05,0.003947765150840435,0.0,0.0,0.9,2.7755575615628914e-17,2.7755575615628914e-17,1.0209207485635668e-16
1772531350.7652814,3719,0.6871223449707031,1455.3448993754337,0.9011522094744195,0.00020133860926928673,7.763571984588896e-05,0.003947765150840435,0.0,0.0,0.9,2.7755575615628914e-17,2.7755575615628914e-17,1.0209728586154389e-16
1772531350.7774086,3720,0.640869140625,1560.3809523809523,0.8982747237196803,0.0029592245969166557,7.763571984588896e-05,0.003947765150840435,0.0,0.0,0.9,2.7755575615628914e-17,2.7755575615628914e-17,1.020243384944054e-16
1772531350.7904246,3721,0.9222030639648438,1084.3598759048605,0.9015916975394447,0.0034280686471275506,7.763571984588896e-05,0.003947765150840435,0.0,0.0,0.9,2.7755575615628914e-17,2.7755575615628914e-17,1.0209984078010836e-16
1772531350.802314,3722,0.6389617919921875,1565.0388059701493,0.8980588599927644,0.0036357324339382803,7.763571984588896e-05,0.003947765150840435,0.0,0.0,0.9,2.7755575615628914e-17,2.7755575615628914e-17,1.0201160338822436e-16
1772531350.814788,3723,0.6155967712402344,1624.4399690162666,0.8989103816675179,0.0009043497890246911,7.763571984588896e-05,0.003947765150840435,0.0,0.0,0.9,2.7755575615628914e-17,2.7755575615628914e-17,1.0202301201887424e-16
1772531350.8268964,3724,0.4684925079345703,2134.505852417303,0.8971641733865885,0.0017845288455693065,7.763571984588896e-05,0.003947765150840435,0.0,0.0,0.9,2.7755575615628914e-17,2.7755575615628914e-17,1.0197101198429191e-16
1772531350.839485,3725,0.4711151123046875,2122.6234817813765,0.8991805440102764,0.002104105731893417,7.763571984588896e-05,0.003947765150840435,0.0,0.0,0.9,2.7755575615628914e-17,2.7755575615628914e-17,1.0200884149915042e-16
1772531350.8518639,3726,0.4086494445800781,2447.085180863477,0.8991755853395754,7.292230462683345e-05,7.763571984588896e-05,0.003947765150840435,0.0,0.0,0.9,2.7755575615628914e-17,2.7755575615628914e-17,1.0200226802825537e-16
1772531350.8643336,3727,0.39315223693847656,2543.5439660400243,0.8998343610385079,0.000690152084630775,7.763571984588896e-05,0.003947765150840435,0.0,0.0,0.9,2.7755575615628914e-17,2.7755575615628914e-17,1.0201273361925765e-16
1772531350.8768044,3728,0.42891502380371094,2331.4641467481933,0.9000321906883205,0.00021073727165207563,7.763571984588896e-05,0.003947765150840435,0.0,0.0,0.9,2.7755575615628914e-17,2.7755575615628914e-17,1.020138947146968e-16
1772531350.889247,3729,0.40149688720703125,2490.6793349168647,0.9003023805158747,0.0002816389869709009,7.763571984588896e-05,0.003947765150840435,0.0,0.0,0.9,2.7755575615628914e-17,2.7755575615628914e-17,1.0201774544108588e-16
1772531350.9019833,3730,0.4646778106689453,2152.0287326834273,0.9026658231788194,0.002429365757008639,7.763571984588896e-05,0.003947765150840435,0.0,0.0,0.9,2.7755575615628914e-17,2.7755575615628914e-17,1.0207631789200227e-16
1772531350.9143705,3731,0.40411949157714844,2474.515634218289,0.9019155660103603,0.0007956112579894914,7.763571984588896e-05,0.003947765150840435,0.0,0.0,0.9,2.7755575615628914e-17,2.7755575615628914e-17,1.0206381826899972e-16
1772531350.9267092,3732,0.3859996795654297,2590.67572575664,0.9007058937833388,0.00125588624507002,7.763571984588896e-05,0.003947765150840435,0.0,0.0,0.9,2.7755575615628914e-17,2.7755575615628914e-17,1.0203701079660191e-16
1772531350.9393415,3733,0.4665851593017578,2143.231476750128,0.9018282637002312,0.0011515801554647161,7.763571984588896e-05,0.003947765150840435,0.0,0.0,0.9,2.7755575615628914e-17,2.7755575615628914e-17,1.0206565797640682e-16
1772531350.9519472,3734,0.49591064453125,2016.4923076923078,0.9026709000357555,0.0008601282722359408,7.763571984588896e-05,0.003947765150840435,0.0,0.0,0.9,2.7755575615628914e-17,2.7755575615628914e-17,1.0209126009733891e-16
1772531350.9646037,3735,0.5662441253662109,1766.0227368421054,0.9031892287397418,0.0005316065161169439,7.763571984588896e-05,0.003947765150840435,0.0,0.0,0.9,2.7755575615628914e-17,2.7755575615628914e-17,1.0211168146204933e-16
1772531350.9782476,3736,1.2240409851074219,816.9661082976237,0.9082757027231998,0.005207939365831572,7.763571984588896e-05,0.003947765150840435,0.0,0.0,0.9,2.7755575615628914e-17,2.7755575615628914e-17,1.0225210086871759e-16
1772531350.9894226,3737,0.4608631134033203,2169.8416968442834,0.9004026259865093,0.008148038805672329,7.763571984588896e-05,0.003947765150840435,0.0,0.0,0.9,2.7755575615628914e-17,2.7755575615628914e-17,1.0207681048353638e-16
1772531351.0020432,3738,0.5104541778564453,1959.0397010742643,0.9014780765100584,0.001107069549588498,7.763571984588896e-05,0.003947765150840435,0.0,0.0,0.9,2.7755575615628914e-17,2.7755575615628914e-17,1.021035244805126e-16
1772531351.0146487,3739,0.621795654296875,1608.2453987730062,0.9012887681054943,0.00020240949772167233,7.763571984588896e-05,0.003947765150840435,0.0,0.0,0.9,2.7755575615628914e-17,2.7755575615628914e-17,1.0210138149179846e-16
1772531351.0282793,3740,1.299142837524414,769.7383006056157,0.905951475637463,0.0047869097973532535,7.763571984588896e-05,0.003947765150840435,0.0,0.0,0.9,2.7755575615628914e-17,2.7755575615628914e-17,1.022235559323622e-16
1772531351.0399332,3741,0.8988380432128906,1112.5474801061007,0.9003568552349521,0.00578621661985595,7.763571984588896e-05,0.003947765150840435,0.0,0.0,0.9,2.7755575615628914e-17,2.7755575615628914e-17,1.0209803347243756e-16
1772531351.052501,3742,0.904083251953125,1106.0928270042193,0.9010543435949021,0.0007226551301815807,7.763571984588896e-05,0.003947765150840435,0.0,0.0,0.9,2.7755575615628914e-17,2.7755575615628914e-17,1.0211431349424413e-16
1772531351.064983,3743,0.904083251953125,1106.0928270042193,0.9008495056368019,0.0002106349006224879,7.763571984588896e-05,0.003947765150840435,0.0,0.0,0.9,2.7755575615628914e-17,2.7755575615628914e-17,1.0210966579426473e-16
1772531351.077418,3744,0.9067058563232422,1102.893505127531,0.9001840022876555,0.0006820585839592193,7.763571984588896e-05,0.003947765150840435,0.0,0.0,0.9,2.7755575615628914e-17,2.7755575615628914e-17,1.0209225243428414e-16
1772531351.0899096,3745,0.8819103240966797,1133.9021357123547,0.9005483141413076,0.00038640066010019907,7.763571984588896e-05,0.003947765150840435,0.0,0.0,0.9,2.7755575615628914e-17,2.7755575615628914e-17,1.0209874602992328e-16
1772531351.1026309,3746,0.9627342224121094,1038.7082714214957,0.9021389495670209,0.0016396928805246435,7.763571984588896e-05,0.003947765150840435,0.0,0.0,0.9,2.7755575615628914e-17,2.7755575615628914e-17,1.0213799716863158e-16
1772531351.1149776,3747,0.8869171142578125,1127.5010752688172,0.9009555920945335,0.0012223394317043832,7.763571984588896e-05,0.003947765150840435,0.0,0.0,0.9,2.7755575615628914e-17,2.7755575615628914e-17,1.0211156045477697e-16
1772531351.1274114,3748,0.8172988891601562,1223.5425904317385,0.9008674190207623,9.196641306899437e-05,7.763571984588896e-05,0.003947765150840435,0.0,0.0,0.9,2.7755575615628914e-17,2.7755575615628914e-17,1.021089960782833e-16
1772531351.139844,3749,0.8265972137451172,1209.7790597057974,0.9002552574088636,0.0006268991267215262,7.763571984588896e-05,0.003947765150840435,0.0,0.0,0.9,2.7755575615628914e-17,2.7755575615628914e-17,1.0209257711187006e-16
1772531351.1526544,3750,0.8723735809326172,1146.2978955998906,0.9028711692575516,0.0026952043999625493,7.763571984588896e-05,0.003947765150840435,0.0,0.0,0.9,5.551115123125783e-17,5.551115123125783e-17,1.0246041195043398e-16
1772531351.1649685,3751,0.8819103240966797,1133.9021357123547,0.9006759469168965,0.0022674833490041496,7.763571984588896e-05,0.003947765150840435,0.0,0.0,0.9,5.551115123125783e-17,5.551115123125783e-17,1.0285819400954182e-16
1772531351.1775596,3752,0.8668899536132812,1153.5489548954895,0.9016308052815967,0.0009857592841656254,7.763571984588896e-05,0.003947765150840435,0.0,0.0,0.9,5.551115123125783e-17,5.551115123125783e-17,1.0347936962455272e-16
1772531351.1898727,3753,0.8311271667480469,1203.1853126792885,0.9000517233276086,0.0016250446760593992,7.763571984588896e-05,0.003947765150840435,0.0,0.0,0.9,5.551115123125783e-17,5.551115123125783e-17,1.0419466448668453e-16
1772531351.202499,3754,0.9028911590576172,1107.5532083443359,0.9009263732782106,0.0009093890218000089,7.763571984588896e-05,0.003947765150840435,0.0,0.0,0.9,5.551115123125783e-17,5.551115123125783e-17,1.0511067441612656e-16
1772531351.2146893,3755,0.5638599395751953,1773.490063424947,0.9008744158407922,5.580620056194754e-05,7.763571984588896e-05,0.003947765150840435,0.0,0.0,0.9,5.551115123125783e-17,2.7755575615628914e-17,1.0724201814247217e-16
1772531351.2269387,3756,0.5476474761962891,1825.9921636917718,0.8988120361784091,0.002117002553280276,7.763571984588896e-05,0.003947765150840435,0.0,0.0,0.9,2.7755575615628914e-17,0.0,1.0709793603791354e-16
1772531351.2393975,3757,0.4901885986328125,2040.0311284046693,0.8992252217005302,0.0004586993140514078,7.763571984588896e-05,0.003947765150840435,0.0,0.0,0.9,2.7755575615628914e-17,0.0,1.0709958771118783e-16
1772531351.2519338,3758,0.5114078521728516,1955.3864801864802,0.9000669852560744,0.0008842292290629712,7.763571984588896e-05,0.003947765150840435,0.0,0.0,0.9,2.7755575615628914e-17,0.0,1.0711320182603095e-16
1772531351.2643518,3759,0.45180320739746094,2213.3530343007915,0.9000551989311288,5.667979696828132e-05,7.763571984588896e-05,0.003947765150840435,0.0,0.0,0.9,2.7755575615628914e-17,0.0,1.0710886642760605e-16
1772531351.2769275,3760,0.5457401275634766,1832.3739624290083,0.9004855094604507,0.000452301096806084,7.763571984588896e-05,0.003947765150840435,0.0,0.0,0.9,2.7755575615628914e-17,0.0,1.071154416544224e-16
1772531351.289384,3761,0.49114227294921875,2036.0699029126213,0.9007722377863493,0.0002996792518915816,7.763571984588896e-05,0.003947765150840435,0.0,0.0,0.9,2.7755575615628914e-17,0.0,1.0712014323790791e-16
1772531351.301993,3762,0.49877166748046875,2004.925430210325,0.9019604732451847,0.0012223929440787831,7.763571984588896e-05,0.003947765150840435,0.0,0.0,0.9,2.7755575615628914e-17,0.0,1.0714826210184325e-16
1772531351.3144605,3763,0.4925727844238281,2030.1568247821879,0.9014691180517751,0.0005143513127050554,7.763571984588896e-05,0.003947765150840435,0.0,0.0,0.9,2.7755575615628914e-17,0.0,1.0713947046488928e-16
1772531351.3268728,3764,0.4496574401855469,2223.915164369035,0.9011385722180522,0.00034448567031916325,7.763571984588896e-05,0.003947765150840435,0.0,0.0,0.9,2.7755575615628914e-17,0.0,1.071329907630998e-16
1772531351.3400638,3765,0.8363723754882812,1195.6396807297606,0.9043248705493615,0.003271865903668047,7.763571984588896e-05,0.003947765150840435,0.0,0.0,0.9,2.7755575615628914e-17,0.0,1.0721233410267788e-16
1772531351.352583,3766,0.8504390716552734,1175.8631903560415,0.903747649991364,0.0006408120902091033,7.763571984588896e-05,0.003947765150840435,0.0,0.0,0.9,2.7755575615628914e-17,0.0,1.0721058413732006e-16
1772531351.3649998,3767,0.7789134979248047,1283.8396082032446,0.9027203368928697,0.001083933321102417,7.763571984588896e-05,0.003947765150840435,0.0,0.0,0.9,2.7755575615628914e-17,0.0,1.0719575484449961e-16
1772531351.3775082,3768,0.7717609405517578,1295.7380290392339,0.902432885097814,0.00031953481423516574,7.763571984588896e-05,0.003947765150840435,0.0,0.0,0.9,2.7755575615628914e-17,0.0,1.0719550503930087e-16
1772531351.3902786,3769,1.039743423461914,961.7757395092868,0.9021728454964736,0.0002852079996682042,7.763571984588896e-05,0.003947765150840435,0.0,0.0,0.9,2.7755575615628914e-17,0.0,1.0719482426649331e-16
1772531351.4029274,3770,1.148223876953125,870.9102990033223,0.9020728231464471,0.00012194399122093669,7.763571984588896e-05,0.003947765150840435,0.0,0.0,0.9,2.7755575615628914e-17,0.0,1.0719705890071716e-16
1772531351.4164505,3771,1.4104843139648438,708.9763353617309,0.9089170390221782,0.007023165631332414,7.763571984588896e-05,0.003947765150840435,0.0,0.0,0.9,2.7755575615628914e-17,0.0,1.0737174094222518e-16
1772531351.4277499,3772,1.0020732879638672,997.9310016654771,0.8990402897327424,0.010204639359573135,7.763571984588896e-05,0.003947765150840435,0.0,0.0,0.9,2.7755575615628914e-17,0.0,1.0715607511657338e-16
1772531351.4403665,3773,1.0972023010253906,911.4089526292917,0.8996167963845338,0.0006205618507367145,7.763571984588896e-05,0.003947765150840435,0.0,0.0,0.9,2.7755575615628914e-17,0.0,1.0716349737104364e-16
1772531351.4529762,3774,1.1599063873291016,862.1385405960946,0.9001108521875121,0.0005292429803405075,7.763571984588896e-05,0.003947765150840435,0.0,0.0,0.9,2.7755575615628914e-17,0.0,1.071705264185178e-16
1772531351.4650767,3775,0.9620189666748047,1039.4805452292442,0.8982113955370651,0.0019446161181726146,7.763571984588896e-05,0.003947765150840435,0.0,0.0,0.9,2.7755575615628914e-17,0.0,1.071198959310454e-16
1772531351.4784656,3776,1.2595653533935547,793.9246640166572,0.9045829034318019,0.006570493157576673,7.763571984588896e-05,0.003947765150840435,0.0,0.0,0.9,2.7755575615628914e-17,0.0,1.0726675527250604e-16
1772531351.4898608,3777,0.8404254913330078,1189.873475177305,0.8965169452832388,0.008310819334671425,7.763571984588896e-05,0.003947765150840435,0.0,0.0,0.9,2.7755575615628914e-17,0.0,1.0707970694330952e-16
1772531351.502507,3778,0.8294582366943359,1205.6062086806553,0.8989208114831205,0.0025172153101264685,7.763571984588896e-05,0.003947765150840435,0.0,0.0,0.9,2.7755575615628914e-17,0.0,1.0712174949238633e-16
1772531351.5148804,3779,0.8215904235839844,1217.1514799767847,0.8982836230120802,0.0006517411176172679,7.763571984588896e-05,0.003947765150840435,0.0,0.0,0.9,2.7755575615628914e-17,0.0,1.070973466936749e-16
1772531351.52745,3780,0.8444786071777344,1184.1626199887069,0.8995111984216709,0.0012922111192035402,7.763571984588896e-05,0.003947765150840435,0.0,0.0,0.9,2.7755575615628914e-17,0.0,1.0711648271948518e-16
1772531351.5398889,3781,0.8366107940673828,1195.298945568538,0.8992803740045431,0.0002436010828454936,7.763571984588896e-05,0.003947765150840435,0.0,0.0,0.9,2.7755575615628914e-17,0.0,1.0710417209580703e-16
1772531351.5524645,3782,0.827789306640625,1208.036866359447,0.9005474859778793,0.0013186015548928003,7.763571984588896e-05,0.003947765150840435,0.0,0.0,0.9,2.7755575615628914e-17,0.0,1.0712801931013368e-16
1772531351.5648456,3783,0.8063316345214844,1240.1845062093437,0.8998454782734773,0.0007181977117573981,7.763571984588896e-05,0.003947765150840435,0.0,0.0,0.9,2.7755575615628914e-17,0.0,1.0710811817977363e-16
1772531351.5773728,3784,0.7867813110351562,1271.0012121212121,0.9006026182573635,0.0007882360831703092,7.763571984588896e-05,0.003947765150840435,0.0,0.0,0.9,2.7755575615628914e-17,0.0,1.0712176809145792e-16
1772531351.590067,3785,0.8795261383056641,1136.975874220656,0.9019049737833672,0.0013406830508387714,7.763571984588896e-05,0.003947765150840435,0.0,0.0,0.9,0.0,2.7755575615628914e-17,1.0590788781814009e-16
1772531351.6023476,3786,0.7169246673583984,1394.8466910542068,0.9010115694388461,0.000926253510370359,7.763571984588896e-05,0.003947765150840435,0.0,0.0,0.9,0.0,2.7755575615628914e-17,1.058892199906758e-16
1772531351.6148708,3787,0.7901191711425781,1265.6318648159324,0.9007630182357051,0.00025669752867002335,7.763571984588896e-05,0.003947765150840435,0.0,0.0,0.9,0.0,2.7755575615628914e-17,1.0588306360769246e-16
1772531351.627341,3788,0.732421875,1365.3333333333333,0.9009946240014371,0.0002386725491367124,7.763571984588896e-05,0.003947765150840435,0.0,0.0,0.9,0.0,2.7755575615628914e-17,1.0588768091984047e-16
1772531351.6399555,3789,0.8034706115722656,1244.60059347181,0.9016096154240903,0.0006309338250285056,7.763571984588896e-05,0.003947765150840435,0.0,0.0,0.9,0.0,2.7755575615628914e-17,1.0590246531383006e-16
1772531351.6528547,3790,0.7448196411132812,1342.606914212548,0.9054841354705716,0.003974927072128066,7.763571984588896e-05,0.003947765150840435,0.0,0.0,0.9,0.0,2.7755575615628914e-17,1.059984710007035e-16
1772531351.6645885,3791,0.5102157592773438,1959.955140186916,0.8996267225492548,0.006053663193595937,7.763571984588896e-05,0.003947765150840435,0.0,0.0,0.9,0.0,2.7755575615628914e-17,1.0587355839220947e-16
1772531351.6767166,3792,0.3361701965332031,2974.6836879432626,0.8977839693462566,0.0018866282302129511,7.763571984588896e-05,0.003947765150840435,0.0,0.0,0.9,0.0,2.7755575615628914e-17,1.0582470437705268e-16
1772531351.6890683,3793,0.29087066650390625,3437.9540983606557,0.897482536899789,0.00032878398614435294,7.763571984588896e-05,0.003947765150840435,0.0,0.0,0.9,0.0,2.7755575615628914e-17,1.0580606892475374e-16
1772531351.701742,3794,0.3368854522705078,2968.3680113234254,0.8997866099190286,0.002396909578963128,7.763571984588896e-05,0.003947765150840435,0.0,0.0,0.9,0.0,2.7755575615628914e-17,1.0584864323045382e-16
1772531351.7144847,3795,0.4715919494628906,2120.4772497472195,0.9014059139184522,0.0016717899061499343,7.763571984588896e-05,0.003947765150840435,0.0,0.0,0.9,0.0,2.7755575615628914e-17,1.0588301199575732e-16
1772531351.7267587,3796,0.38552284240722656,2593.880024737168,0.9002135802515125,0.0012296503738026135,7.763571984588896e-05,0.003947765150840435,0.0,0.0,0.9,0.0,2.7755575615628914e-17,1.0585567509371005e-16
1772531351.7391856,3797,0.3368854522705078,2968.3680113234254,0.9001281720245531,8.792529792418166e-05,7.763571984588896e-05,0.003947765150840435,0.0,0.0,0.9,0.0,2.7755575615628914e-17,1.058508073470833e-16
1772531351.7518692,3798,0.37860870361328125,2641.249370277078,0.9019579913510578,0.0018844856001926935,7.763571984588896e-05,0.003947765150840435,0.0,0.0,0.9,0.0,2.7755575615628914e-17,1.0589178025065396e-16
1772531351.7642488,3799,0.3838539123535156,2605.1577639751554,0.9007542493228655,0.0012468879972489335,7.763571984588896e-05,0.003947765150840435,0.0,0.0,0.9,0.0,2.7755575615628914e-17,1.0586644194079883e-16
1772531351.7767243,3800,0.3688335418701172,2711.2501616031027,0.9008821695410821,0.00013161666858624576,7.763571984588896e-05,0.003947765150840435,0.0,0.0,0.9,0.0,2.7755575615628914e-17,1.058689438235253e-16
1772531351.7894256,3801,0.43654441833496094,2290.7176406335334,0.9023251737763336,0.0014815285238086655,7.763571984588896e-05,0.003947765150840435,0.0,0.0,0.9,0.0,2.7755575615628914e-17,1.0590364199894552e-16
1772531351.8023174,3802,0.47516822814941406,2104.517812343201,0.9052336750663853,0.0029781460158825853,7.763571984588896e-05,0.003947765150840435,0.0,0.0,0.9,0.0,2.7755575615628914e-17,1.0597921553211734e-16
1772531351.815231,3803,0.6921291351318359,1444.817085773338,0.9064363595290624,0.001228221874554349,7.763571984588896e-05,0.003947765150840435,0.0,0.0,0.9,0.0,2.7755575615628914e-17,1.0602458651926193e-16
1772531351.8275185,3804,0.5893707275390625,1696.7249190938512,0.9034685869896286,0.003099986998866195,7.763571984588896e-05,0.003947765150840435,0.0,0.0,0.9,0.0,2.7755575615628914e-17,1.0597351888767433e-16
1772531351.8398595,3805,0.5562305450439453,1797.8156879554222,0.902147960469086,0.0013805922703436439,7.763571984588896e-05,0.003947765150840435,0.0,0.0,0.9,0.0,2.7755575615628914e-17,1.0595167199262391e-16
1772531351.8524919,3806,0.48470497131347656,2063.110673880964,0.9031203573017026,0.0009928606529720336,7.763571984588896e-05,0.003947765150840435,0.0,0.0,0.9,0.0,2.7755575615628914e-17,1.0598039111415462e-16
1772531351.8656447,3807,0.8282661437988281,1207.3413932066783,0.9055994679808288,0.002534768661364108,7.763571984588896e-05,0.003947765150840435,0.0,0.0,0.9,0.0,2.7755575615628914e-17,1.0604917723769191e-16
1772531351.8779404,3808,0.7808208465576172,1280.7035114503817,0.9028357357326678,0.0028772027879787614,7.763571984588896e-05,0.003947765150840435,0.0,0.0,0.9,0.0,2.7755575615628914e-17,1.0599961854811585e-16
1772531351.8901174,3809,0.6740093231201172,1483.659002476123,0.8997586110723165,0.003172919973383991,7.763571984588896e-05,0.003947765150840435,0.0,0.0,0.9,0.0,2.7755575615628914e-17,1.0593239356894886e-16
1772531351.9027581,3810,0.6844997406005859,1460.9209334726577,0.9011696178794119,0.0014640148786069331,7.763571984588896e-05,0.003947765150840435,0.0,0.0,0.9,0.0,2.7755575615628914e-17,1.0596234400238595e-16
1772531351.9150493,3811,0.7035732269287109,1421.3161640121994,0.8988325560171225,0.0023997060124671867,7.763571984588896e-05,0.003947765150840435,0.0,0.0,0.9,0.0,2.7755575615628914e-17,1.0590633762107028e-16
1772531351.9278083,3812,0.7412433624267578,1349.0845931167578,0.9008640577985071,0.0021109669961420973,7.763571984588896e-05,0.003947765150840435,0.0,0.0,0.9,0.0,2.7755575615628914e-17,1.0594718947118253e-16
1772531351.9391623,3813,0.3542900085449219,2822.5464333781965,0.8934680000102755,0.007598011147440876,7.763571984588896e-05,0.003947765150840435,0.0,0.0,0.9,0.0,2.7755575615628914e-17,1.0576790218100354e-16
1772531351.9518793,3814,0.4067420959472656,2458.5603751465414,0.8967597489829819,0.003464261786957926,7.763571984588896e-05,0.003947765150840435,0.0,0.0,0.9,0.0,2.7755575615628914e-17,1.0581887102145177e-16
1772531351.9651976,3815,0.6170272827148438,1620.6738794435857,0.9037982052767762,0.007268300080821929,7.763571984588896e-05,0.003947765150840435,0.0,0.0,0.9,0.0,2.7755575615628914e-17,1.0597178709825041e-16
1772531351.9771514,3816,0.42939186096191406,2328.875069405886,0.8993526781365568,0.004585558638716724,7.763571984588896e-05,0.003947765150840435,0.0,0.0,0.9,0.0,2.7755575615628914e-17,1.0587328049911213e-16
1772531351.990154,3817,0.6191730499267578,1615.0573738929534,0.9027772035281281,0.003532960357801372,7.763571984588896e-05,0.003947765150840435,0.0,0.0,0.9,0.0,2.7755575615628914e-17,1.059489419523764e-16
1772531352.0020473,3818,0.4527568817138672,2208.6908899420746,0.8982726740743104,0.004639890331073113,7.763571984588896e-05,0.003947765150840435,0.0,0.0,0.9,0.0,2.7755575615628914e-17,1.0584589828618808e-16
1772531352.014751,3819,0.6449222564697266,1550.5744916820702,0.8991949568091145,0.0009784233137437703,7.763571984588896e-05,0.003947765150840435,0.0,0.0,0.9,0.0,2.7755575615628914e-17,1.0585753092000065e-16
1772531352.0282245,3820,0.9737014770507812,1027.0088148873654,0.9064512104614607,0.007467639271588265,7.763571984588896e-05,0.003947765150840435,0.0,0.0,0.9,0.0,2.7755575615628914e-17,1.060255970245864e-16
1772531352.039855,3821,0.7414817810058594,1348.650803858521,0.898468081286821,0.008242559138489142,7.763571984588896e-05,0.003947765150840435,0.0,0.0,0.9,0.0,2.7755575615628914e-17,1.0585204770978286e-16
1772531352.0524507,3822,0.8146762847900391,1227.481416447176,0.899336946651016,0.0009191624400877479,7.763571984588896e-05,0.003947765150840435,0.0,0.0,0.9,0.0,2.7755575615628914e-17,1.05863624473192e-16
1772531352.0661685,3823,1.230001449584961,813.007171932545,0.9078411403804449,0.00874708327570225,7.763571984588896e-05,0.003947765150840435,0.0,0.0,0.9,2.7755575615628914e-17,5.551115123125783e-17,1.0498015115840963e-16
1772531352.0785363,3824,1.2061595916748047,829.0776833366278,0.904865116600487,0.003122831069142579,7.763571984588896e-05,0.003947765150840435,0.0,0.0,0.9,2.7755575615628914e-17,5.551115123125783e-17,1.0407824254616587e-16
1772531352.0903652,3825,0.8652210235595703,1155.7740424359329,0.9000671458317836,0.004959238106081149,7.763571984588896e-05,0.003947765150840435,0.0,0.0,0.9,2.7755575615628914e-17,2.7755575615628914e-17,1.0275389184366748e-16
1772531352.1030822,3826,1.0685920715332031,935.8107987505578,0.9005778516345176,0.0005339628620176059,7.763571984588896e-05,0.003947765150840435,0.0,0.0,0.9,2.7755575615628914e-17,2.7755575615628914e-17,1.020979546935793e-16
1772531352.11498,3827,0.8022785186767578,1246.4499257057948,0.8971673218835297,0.003501617001782565,7.763571984588896e-05,0.003947765150840435,0.0,0.0,0.9,0.0,0.0,1.0190950257680732e-16
1772531352.127458,3828,0.7929801940917969,1261.065544197234,0.8979137485440492,0.0008201668971512079,7.763571984588896e-05,0.003947765150840435,0.0,0.0,0.9,0.0,0.0,1.0191521264205924e-16
1772531352.1399562,3829,0.8151531219482422,1226.7633811055864,0.8983777802595361,0.0005256156600375085,7.763571984588896e-05,0.003947765150840435,0.0,0.0,0.9,0.0,0.0,1.0191594302665995e-16
1772531352.153699,3830,1.2996196746826172,769.4558796551091,0.9067251977749519,0.008594831982755756,7.763571984588896e-05,0.003947765150840435,0.0,0.0,0.9,0.0,0.0,1.0213083276510565e-16
1772531352.1658552,3831,1.2524127960205078,798.45878545593,0.9025209141684909,0.00436632116245941,7.763571984588896e-05,0.003947765150840435,0.0,0.0,0.9,0.0,0.0,1.0203824773180714e-16
1772531352.1786497,3832,1.5037059783935547,665.0236245441573,0.9030637912336106,0.0005530876801290343,7.763571984588896e-05,0.003947765150840435,0.0,0.0,0.9,0.0,0.0,1.02058493078484e-16
1772531352.190719,3833,1.116037368774414,896.0273445844905,0.9005814758839997,0.002565987089685028,7.763571984588896e-05,0.003947765150840435,0.0,0.0,0.9,0.0,0.0,1.0199916778709478e-16
1772531352.2039967,3834,1.4712810516357422,679.6797925781883,0.9053938731412816,0.00494703906637312,7.763571984588896e-05,0.003947765150840435,0.0,0.0,0.9,0.0,0.0,1.0212760987491451e-16
1772531352.2162766,3835,1.2867450714111328,777.1547155827311,0.9034577258394477,0.002029441017761211,7.763571984588896e-05,0.003947765150840435,0.0,0.0,0.9,0.0,0.0,1.0209153912122062e-16
1772531352.2286205,3836,1.0952949523925781,912.9960818458859,0.9023573641178789,0.001151712601044122,7.763571984588896e-05,0.003947765150840435,0.0,0.0,0.9,0.0,0.0,1.0207091753615369e-16
1772531352.2413445,3837,1.1599063873291016,862.1385405960946,0.9037585196010859,0.0014327824342166208,7.763571984588896e-05,0.003947765150840435,0.0,0.0,0.9,0.0,0.0,1.0211383030708049e-16
1772531352.2539148,3838,1.338958740234375,746.8490028490029,0.9015811848489383,0.002256742355781718,7.763571984588896e-05,0.003947765150840435,0.0,0.0,0.9,0.0,0.0,1.0206501243202806e-16
1772531352.2666593,3839,1.5685558319091797,637.5291077671378,0.9013275295559474,0.0002624321837379613,7.763571984588896e-05,0.003947765150840435,0.0,0.0,0.9,0.0,0.0,1.0206004377072693e-16
1772531352.2775311,3840,0.9076595306396484,1101.7346992382454,0.8911040018768733,0.010509128651552334,7.763571984588896e-05,0.003947765150840435,0.0,0.0,0.9,0.0,0.0,1.0178648934440131e-16
1772531352.290045,3841,0.8814334869384766,1134.5155531512037,0.8937106656189009,0.0028024464300174887,7.763571984588896e-05,0.003947765150840435,0.0,0.0,0.9,0.0,0.0,1.0181928150740967e-16
1772531352.3026,3842,0.9250640869140625,1081.0061855670103,0.8956065018431536,0.002040517611893198,7.763571984588896e-05,0.003947765150840435,0.0,0.0,0.9,0.0,0.0,1.0184226375276975e-16
1772531352.3151832,3843,0.9539127349853516,1048.3139215196202,0.8977189971756823,0.0022292270740146922,7.763571984588896e-05,0.003947765150840435,0.0,0.0,0.9,0.0,0.0,1.0187789585168399e-16
1772531352.3277173,3844,0.9918212890625,1008.2461538461539,0.8986012697113791,0.0009460878467125012,7.763571984588896e-05,0.003947765150840435,0.0,0.0,0.9,0.0,0.0,1.0188849318578662e-16
1772531352.3401935,3845,0.9858608245849609,1014.3419588875454,0.8992083537159967,0.0006509068859327178,7.763571984588896e-05,0.003947765150840435,0.0,0.0,0.9,0.0,0.0,1.018951735845859e-16
1772531352.3525522,3846,0.8957386016845703,1116.3971253659836,0.8993427123036778,0.00016864825798762234,7.763571984588896e-05,0.003947765150840435,0.0,0.0,0.9,0.0,0.0,1.018916736292454e-16
1772531352.365046,3847,0.8983612060546875,1113.1380042462845,0.9000143448245449,0.0007022135754171288,7.763571984588896e-05,0.003947765150840435,0.0,0.0,0.9,0.0,0.0,1.0190328252102731e-16
1772531352.3785365,3848,1.1589527130126953,862.8479736679695,0.9086194371967655,0.008842406421869264,7.763571984588896e-05,0.003947765150840435,0.0,0.0,0.9,0.0,0.0,1.0213133311105848e-16
1772531352.3902175,3849,1.0030269622802734,996.9821725695269,0.8996308722476405,0.009296934524410697,7.763571984588896e-05,0.003947765150840435,0.0,0.0,0.9,0.0,0.0,1.0191780110049395e-16
1772531352.4038506,3850,1.4653205871582031,682.4445167588675,0.9068873414028923,0.007459744088612893,7.763571984588896e-05,0.003947765150840435,0.0,0.0,0.9,0.0,0.0,1.0210878929207016e-16
1772531352.4165964,3851,1.407623291015625,710.4173441734417,0.9080921413246027,0.001242566898231686,7.763571984588896e-05,0.003947765150840435,0.0,0.0,0.9,0.0,0.0,1.0216425108701053e-16
1772531352.4289272,3852,1.4617443084716797,684.1141738704943,0.9040928270800723,0.0041766980082276394,7.763571984588896e-05,0.003947765150840435,0.0,0.0,0.9,0.0,0.0,1.0208335337996606e-16
1772531352.440424,3853,1.2302398681640625,812.8496124031008,0.895578101857389,0.008774794921986599,7.763571984588896e-05,0.003947765150840435,0.0,0.0,0.9,0.0,0.0,1.0186668971038394e-16
1772531352.4534476,3854,1.1985301971435547,834.355281480008,0.9023097915981625,0.006958138372243661,7.763571984588896e-05,0.003947765150840435,0.0,0.0,0.9,0.0,0.0,1.020282329644449e-16
1772531352.4651337,3855,1.024484634399414,976.1005352571561,0.8954385910428174,0.00707167283244974,7.763571984588896e-05,0.003947765150840435,0.0,0.0,0.9,0.0,0.0,1.0184903548309623e-16
1772531352.4781332,3856,1.3666152954101562,731.7348220516399,0.8986955850659519,0.003396371304333831,7.763571984588896e-05,0.003947765150840435,0.0,0.0,0.9,0.0,0.0,1.0191607266540909e-16
1772531352.490103,3857,0.9253025054931641,1080.7276475135275,0.8979696588403078,0.0007398619339223512,7.763571984588896e-05,0.003947765150840435,0.0,0.0,0.9,0.0,0.0,1.0188822311180795e-16
1772531352.5028281,3858,1.0764598846435547,928.9709856035438,0.8995882835961304,0.0016898242980502827,7.763571984588896e-05,0.003947765150840435,0.0,0.0,0.9,2.220446049250313e-16,2.220446049250313e-16,9.120119659918687e-17
1772531352.5159385,3859,1.5573501586914062,642.1163502755664,0.9014864087501985,0.0019599716887382457,7.763571984588896e-05,0.003947765150840435,0.0,0.0,0.9,2.220446049250313e-16,2.220446049250313e-16,8.827450236259487e-17
1772531352.5283203,3860,1.3434886932373047,744.3307897071873,0.9028297736395261,0.0013762061472628812,7.763571984588896e-05,0.003947765150840435,0.0,0.0,0.9,2.220513810852149e-16,2.220513810852149e-16,9.327505078509985e-17
1772531352.5402784,3861,1.0466575622558594,955.4223234624146,0.8997418502825847,0.003188317190709897,7.763571984588896e-05,0.003947765150840435,0.0,0.0,0.9,0.0,0.0,9.226721521489132e-17
1772531352.5529313,3862,1.1725425720214844,852.8474989833265,0.9002300848603636,0.000510923596538448,7.763571984588896e-05,0.003947765150840435,0.0,0.0,0.9,1.734723475976807e-18,1.734723475976807e-18,9.227279339582942e-17
1772531352.5654237,3863,1.1608600616455078,861.4302731567057,0.9012895806381871,0.00109241005779544,7.763571984588896e-05,0.003947765150840435,0.0,0.0,0.9,1.734723475976807e-18,1.734723475976807e-18,9.229261797111119e-17
1772531352.5790033,3864,1.6450881958007812,607.8701449275362,0.9071530254686542,0.00601904407459237,7.763571984588896e-05,0.003947765150840435,0.0,0.0,0.9,2.237793284010081e-16,2.237793284010081e-16,1.0512197838957813e-16
1772531352.590187,3865,0.9944438934326172,1005.5871493646607,0.8986305176086699,0.00880438453293113,7.763571984588896e-05,0.003947765150840435,0.0,0.0,0.9,0.0,0.0,1.033297868626419e-16
1772531352.6036644,3866,1.3666152954101562,731.7348220516399,0.9046171503141023,0.006166039869179304,7.763571984588896e-05,0.003947765150840435,0.0,0.0,0.9,1.734723475976807e-18,1.734723475976807e-18,1.0350369198886416e-16
1772531352.6166165,3867,1.5311241149902344,653.1149174711928,0.9069706734863452,0.0023999214343750483,7.763571984588896e-05,0.003947765150840435,0.0,0.0,0.9,1.734723475976807e-18,1.734723475976807e-18,1.0359311217469672e-16
1772531352.6287985,3868,1.73187255859375,577.409691629956,0.9002793393811229,0.006921508747004861,7.763571984588896e-05,0.003947765150840435,0.0,0.0,0.9,0.0,0.0,1.0341424092214736e-16
1772531352.6408722,3869,1.2485980987548828,800.8982241741455,0.9007586013960766,0.0004986337847378857,7.763571984588896e-05,0.003947765150840435,0.0,0.0,0.9,1.734723475976807e-18,1.734723475976807e-18,1.0342699920621784e-16
1772531352.652649,3870,0.9028911590576172,1107.5532083443359,0.8967505108244737,0.004117267155450072,7.763571984588896e-05,0.003947765150840435,0.0,0.0,0.9,0.0,0.0,1.033036544110462e-16
1772531352.6651487,3871,1.0037422180175781,996.2717339667458,0.8969902697990625,0.00035730113057751416,7.763571984588896e-05,0.003947765150840435,0.0,0.0,0.9,1.734723475976807e-18,1.734723475976807e-18,1.0329337477430246e-16
1772531352.677676,3872,0.9233951568603516,1082.9599793441776,0.8988143861016799,0.0019147753928345874,7.763571984588896e-05,0.003947765150840435,0.0,0.0,0.9,1.734723475976807e-18,1.734723475976807e-18,1.0333233766596771e-16
1772531352.6900625,3873,0.8945465087890625,1117.8848614072494,0.8986319849933745,0.00020897057094918344,7.763571984588896e-05,0.003947765150840435,0.0,0.0,0.9,0.0,0.0,1.0331676040500413e-16
1772531352.7020755,3874,0.5037784576416016,1984.9995267392333,0.898255805866631,0.0003905360012700159,7.763571984588896e-05,0.003947765150840435,0.0,0.0,0.9,0.0,0.0,1.0329460842637733e-16
1772531352.7145298,3875,0.5049705505371094,1980.3135033050048,0.8985584348348576,0.0003571435500741354,7.763571984588896e-05,0.003947765150840435,0.0,0.0,0.9,0.0,0.0,1.0329158795931177e-16
1772531352.7270505,3876,0.49185752868652344,2033.1090644692197,0.8998080783450523,0.0013052331624021506,7.763571984588896e-05,0.003947765150840435,0.0,0.0,0.9,0.0,0.0,1.0331883657488026e-16
1772531352.7402072,3877,1.0118484497070312,988.2902921771913,0.9021651732964878,0.0024291337153132552,7.763571984588896e-05,0.003947765150840435,0.0,0.0,0.9,0.0,0.0,1.033855562143379e-16
1772531352.7526805,3878,1.0099411010742188,990.1567516525024,0.9017212962347654,0.00047225852041281227,7.763571984588896e-05,0.003947765150840435,0.0,0.0,0.9,0.0,0.0,1.0337725004767889e-16
1772531352.7653759,3879,1.1410713195800781,876.3694107814459,0.9028532381217345,0.0011575487472995746,7.763571984588896e-05,0.003947765150840435,0.0,0.0,0.9,0.0,0.0,1.0341552165001832e-16
1772531352.7783344,3880,1.2812614440917969,780.4808336434686,0.9054188522717008,0.00262338744216849,7.763571984588896e-05,0.003947765150840435,0.0,0.0,0.9,0.0,0.0,1.0350309740240524e-16
1772531352.7899024,3881,0.888824462890625,1125.0815450643777,0.8989452058856976,0.006687258652504314,7.763571984588896e-05,0.003947765150840435,0.0,0.0,0.9,0.0,0.0,1.0332499588319185e-16
1772531352.8025439,3882,0.8902549743652344,1123.2737011247991,0.9009363618389746,0.002059675594375064,7.763571984588896e-05,0.003947765150840435,0.0,0.0,0.9,0.0,0.0,1.0337788157359017e-16
1772531352.814647,3883,0.5385875701904297,1856.7082779991147,0.9003944580789391,0.0005583458139919205,7.763571984588896e-05,0.003947765150840435,0.0,0.0,0.9,0.0,0.0,1.0336181779438526e-16
1772531352.8269026,3884,0.4515647888183594,2214.521647307286,0.8990941139091921,0.001333905559907362,7.763571984588896e-05,0.003947765150840435,0.0,0.0,0.9,0.0,0.0,1.0332018246471779e-16
1772531352.8400602,3885,0.9071826934814453,1102.3137976346911,0.901978658432091,0.002976397054929508,7.763571984588896e-05,0.003947765150840435,0.0,0.0,0.9,0.0,0.0,1.0340067430256587e-16
1772531352.8524032,3886,0.81634521484375,1224.9719626168223,0.9010614035245187,0.0009526076397349582,7.763571984588896e-05,0.003947765150840435,0.0,0.0,0.9,0.0,0.0,1.0337743157143201e-16
1772531352.8648372,3887,0.8139610290527344,1228.5600468658465,0.9007009279466344,0.00037261811066285796,7.763571984588896e-05,0.003947765150840435,0.0,0.0,0.9,0.0,0.0,1.0336728176443222e-16
1772531352.8773289,3888,0.8397102355957031,1190.8869960249858,0.9006215353455248,8.105811151318606e-05,7.763571984588896e-05,0.003947765150840435,0.0,0.0,0.9,0.0,0.0,1.0336413885597138e-16
1772531352.8898127,3889,0.8203983306884766,1218.9200813716943,0.9008832937736787,0.00027030765442529814,7.763571984588896e-05,0.003947765150840435,0.0,0.0,0.9,0.0,0.0,1.0337104651107025e-16
1772531352.9026153,3890,0.8873939514160156,1126.895217624933,0.903342616395661,0.002526152958984469,7.763571984588896e-05,0.003947765150840435,0.0,0.0,0.9,0.0,0.0,1.0344640293389597e-16
1772531352.9148269,3891,0.8282661437988281,1207.3413932066783,0.900688250808869,0.0027470861191540327,7.763571984588896e-05,0.003947765150840435,0.0,0.0,0.9,0.0,0.0,1.03375886876837e-16
1772531352.927234,3892,0.7803440093994141,1281.4860983806905,0.9004470028037946,0.0002470030287818994,7.763571984588896e-05,0.003947765150840435,0.0,0.0,0.9,0.0,0.0,1.0336775151717149e-16
1772531352.9398143,3893,0.8318424224853516,1202.1507595299513,0.9010469609625078,0.0006196175207068558,7.763571984588896e-05,0.003947765150840435,0.0,0.0,0.9,0.0,0.0,1.0338419660310369e-16
1772531352.9523408,3894,0.8070468902587891,1239.0853766617429,0.9015842994088507,0.0005510663508283625,7.763571984588896e-05,0.003947765150840435,0.0,0.0,0.9,0.0,0.0,1.0340127878948088e-16
1772531352.9646726,3895,0.7481575012207031,1336.61695347355,0.9004584606117726,0.0011619499596342013,7.763571984588896e-05,0.003947765150840435,0.0,0.0,0.9,0.0,0.0,1.0336977198519194e-16
1772531352.9772341,3896,0.7677078247070312,1302.5788819875777,0.9011272943881966,0.0006906466342027473,7.763571984588896e-05,0.003947765150840435,0.0,0.0,0.9,0.0,0.0,1.0338824342000345e-16
1772531352.989664,3897,0.7579326629638672,1319.3784208870713,0.9006344184519868,0.0005079207270697062,7.763571984588896e-05,0.003947765150840435,0.0,0.0,0.9,0.0,0.0,1.0337402512709553e-16
1772531353.002368,3898,0.7784366607666016,1284.6260336906585,0.9025421903186619,0.0019621296001414907,7.763571984588896e-05,0.003947765150840435,0.0,0.0,0.9,0.0,0.0,1.0343113885730419e-16
1772531353.0150573,3899,0.9605884552001953,1041.0285430627948,0.9026135422139834,0.00010380337927663817,7.763571984588896e-05,0.003947765150840435,0.0,0.0,0.9,0.0,0.0,1.0344035208566144e-16
1772531353.0276175,3900,0.9605884552001953,1041.0285430627948,0.9027321408079945,0.00013976073728310756,7.763571984588896e-05,0.003947765150840435,0.0,0.0,0.9,0.0,0.0,1.0345138547204176e-16
1772531353.0407147,3901,0.9620189666748047,1039.4805452292442,0.9076150337168271,0.005004085195573427,7.763571984588896e-05,0.003947765150840435,0.0,0.0,0.9,0.0,0.0,1.0360979864681229e-16
1772531353.0521164,3902,0.5452632904052734,1833.9763882815917,0.8995535187580903,0.008332069416971618,7.763571984588896e-05,0.003947765150840435,0.0,0.0,0.9,0.0,0.0,1.0339124456160718e-16
1772531353.0651217,3903,0.7121562957763672,1404.186139939739,0.9031736242830797,0.0037308083564291934,7.763571984588896e-05,0.003947765150840435,0.0,0.0,0.9,0.0,0.0,1.0349644732945334e-16
1772531353.0769565,3904,0.48470497131347656,2063.110673880964,0.898095079634184,0.005232720723750999,7.763571984588896e-05,0.003947765150840435,0.0,0.0,0.9,0.0,0.0,1.0335024218160812e-16
1772531353.0894332,3905,0.4622936248779297,2163.127385250129,0.8985502502063567,0.0005168806147522114,7.763571984588896e-05,0.003947765150840435,0.0,0.0,0.9,0.0,0.0,1.0335138743159621e-16
1772531353.102168,3906,0.4925727844238281,2030.1568247821879,0.9011496270531292,0.0026933568886662092,7.763571984588896e-05,0.003947765150840435,0.0,0.0,0.9,0.0,0.0,1.0341981383345819e-16
1772531353.1145043,3907,0.4570484161376953,2187.9520083463744,0.8997492504421606,0.0014382336524943822,7.763571984588896e-05,0.003947765150840435,0.0,0.0,0.9,0.0,0.0,1.0337695469267415e-16
1772531353.127062,3908,0.4787445068359375,2088.796812749004,0.9005657365516471,0.0008530131150932975,7.763571984588896e-05,0.003947765150840435,0.0,0.0,0.9,0.0,0.0,1.0339587272208763e-16
1772531353.13936,3909,0.43201446533203125,2314.737306843267,0.8991189085049677,0.0014828145013455385,7.763571984588896e-05,0.003947765150840435,0.0,0.0,0.9,0.0,0.0,1.0334907873681026e-16
1772531353.151979,3910,0.42819976806640625,2335.358574610245,0.9007442697044288,0.0016877462043284486,7.763571984588896e-05,0.003947765150840435,0.0,0.0,0.9,0.0,0.0,1.0338997246419711e-16
1772531353.1643317,3911,0.42247772216796875,2366.988713318284,0.8996192497565118,0.0011534983500897532,7.763571984588896e-05,0.003947765150840435,0.0,0.0,0.9,0.0,0.0,1.033538444076157e-16
1772531353.1769319,3912,0.4429817199707031,2257.4294940796553,0.9009594867264867,0.0013894196494528305,7.763571984588896e-05,0.003947765150840435,0.0,0.0,0.9,0.0,0.0,1.0338830284322889e-16
1772531353.1893635,3913,0.43845176696777344,2280.752582925503,0.9003301545991027,0.0006459281452507365,7.763571984588896e-05,0.003947765150840435,0.0,0.0,0.9,0.0,0.0,1.0336843574422696e-16
1772531353.2025785,3914,0.7030963897705078,1422.28009494744,0.9052706359992156,0.005080178252429767,7.763571984588896e-05,0.003947765150840435,0.0,0.0,0.9,0.0,0.0,1.0351675605970487e-16
1772531353.2146854,3915,0.5931854248046875,1685.813504823151,0.9015232399280424,0.0038843736685791044,7.763571984588896e-05,0.003947765150840435,0.0,0.0,0.9,0.0,0.0,1.0342026976499161e-16
1772531353.2268379,3916,0.3960132598876953,2525.167971101746,0.8995478957111277,0.002033447008860174,7.763571984588896e-05,0.003947765150840435,0.0,0.0,0.9,0.0,0.0,1.0336215047030143e-16
1772531353.2391834,3917,0.3666877746582031,2727.115734720416,0.8988183219007175,0.0007437824945470499,7.763571984588896e-05,0.003947765150840435,0.0,0.0,0.9,0.0,0.0,1.0333356026778004e-16
1772531353.2517996,3918,0.36263465881347656,2757.596318211703,0.9005091908155775,0.0017559669564684802,7.763571984588896e-05,0.003947765150840435,0.0,0.0,0.9,0.0,0.0,1.0337564636175456e-16
1772531353.2643795,3919,0.4379749298095703,2283.2357103973873,0.9009980683417763,0.0005062374444906105,7.763571984588896e-05,0.003947765150840435,0.0,0.0,0.9,0.0,0.0,1.0338830875849361e-16
1772531353.2777166,3920,0.5419254302978516,1845.2723273207216,0.9080292649893071,0.007221745835030495,7.763571984588896e-05,0.003947765150840435,0.0,0.0,0.9,0.0,0.0,1.0360444687530476e-16
1772531353.289495,3921,0.40078163146972656,2495.124330755503,0.9005810103111606,0.007706485021924336,7.763571984588896e-05,0.003947765150840435,0.0,0.0,0.9,0.0,0.0,1.0340635855190781e-16
1772531353.3024664,3922,0.5519390106201172,1811.794384449244,0.9037024288758533,0.0032096641327076674,7.763571984588896e-05,0.003947765150840435,0.0,0.0,0.9,0.0,0.0,1.0350070534813705e-16
1772531353.314465,3923,0.44417381286621094,2251.370907139023,0.8993251708974678,0.004517249634146369,7.763571984588896e-05,0.003947765150840435,0.0,0.0,0.9,0.0,0.0,1.0337839172302942e-16
1772531353.3269968,3924,0.42939186096191406,2328.875069405886,0.9000964549831489,0.0008099288156668424,7.763571984588896e-05,0.003947765150840435,0.0,0.0,0.9,0.0,0.0,1.0339479393434564e-16
1772531353.3393157,3925,0.34332275390625,2912.711111111111,0.8991889362712167,0.0009273377026215277,7.763571984588896e-05,0.003947765150840435,0.0,0.0,0.9,0.0,0.0,1.0336292715432864e-16
1772531353.3520753,3926,0.4887580871582031,2046.0019512195122,0.9010961376047907,0.001975623918889839,7.763571984588896e-05,0.003947765150840435,0.0,0.0,0.9,0.0,0.0,1.0341312173444427e-16
1772531353.3644085,3927,0.4172325134277344,2396.745142857143,0.899948061889506,0.001179410323849205,7.763571984588896e-05,0.003947765150840435,0.0,0.0,0.9,0.0,0.0,1.0337800113973298e-16
1772531353.377244,3928,0.6587505340576172,1518.025334781035,0.90155413821921,0.0016593512569293113,7.763571984588896e-05,0.003947765150840435,0.0,0.0,0.9,0.0,0.0,1.0342222833707657e-16
1772531353.3897069,3929,0.6167888641357422,1621.3003478933126,0.9012516415758716,0.00031454161478645725,7.763571984588896e-05,0.003947765150840435,0.0,0.0,0.9,0.0,0.0,1.0341501364623173e-16
1772531353.4022818,3930,0.6644725799560547,1504.9529960531038,0.9015781899903905,0.00033454025296114246,7.763571984588896e-05,0.003947765150840435,0.0,0.0,0.9,0.0,0.0,1.0342583085211442e-16
1772531353.4145539,3931,0.5345344543457031,1870.7867975022302,0.9003112691479781,0.0013052893324226847,7.763571984588896e-05,0.003947765150840435,0.0,0.0,0.9,0.0,0.0,1.0338929135965936e-16
1772531353.4272768,3932,0.6537437438964844,1529.6513493800146,0.9017660084191241,0.0015004294309701332,7.763571984588896e-05,0.003947765150840435,0.0,0.0,0.9,0.0,0.0,1.0343063155378668e-16
1772531353.43942,3933,0.4253387451171875,2351.067264573991,0.8998861757132735,0.001936493107762879,7.763571984588896e-05,0.003947765150840435,0.0,0.0,0.9,0.0,0.0,1.0337616188650836e-16
1772531353.4518652,3934,0.35262107849121094,2835.9053414469236,0.9001968623626448,0.00033296584556270406,7.763571984588896e-05,0.003947765150840435,0.0,0.0,0.9,0.0,0.0,1.0338060453292788e-16
1772531353.4641721,3935,0.3437995910644531,2908.6712898751734,0.8987794421986179,0.0014514913350365765,7.763571984588896e-05,0.003947765150840435,0.0,0.0,0.9,0.0,0.0,1.0333352997247785e-16
1772531353.4767392,3936,0.32258033752441406,3100.0029563932003,0.9001381870179351,0.0014162735337184768,7.763571984588896e-05,0.003947765150840435,0.0,0.0,0.9,0.0,0.0,1.0336511750336106e-16
1772531353.4891965,3937,0.3058910369873047,3269.137957911146,0.9002044845158527,8.617295862613926e-05,7.763571984588896e-05,0.003947765150840435,0.0,0.0,0.9,0.0,0.0,1.0336310804074894e-16
1772531353.5016992,3938,0.31256675720214844,3199.316552250191,0.9005405901804453,0.00035260986778927933,7.763571984588896e-05,0.003947765150840435,0.0,0.0,0.9,0.0,0.0,1.0336971708997609e-16
1772531353.5143073,3939,0.33855438232421875,2953.735211267606,0.9015423029574967,0.0010320705655895302,7.763571984588896e-05,0.003947765150840435,0.0,0.0,0.9,0.0,0.0,1.0339825446212998e-16
1772531353.5278745,3940,0.6926059722900391,1443.8223752151464,0.9084791570253148,0.007120448373183048,7.763571984588896e-05,0.003947765150840435,0.0,0.0,0.9,0.0,0.0,1.0361406746044803e-16
1772531353.539261,3941,0.34046173095703125,2937.187675070028,0.8991824358788241,0.009608532329042097,7.763571984588896e-05,0.003947765150840435,0.0,0.0,0.9,0.0,0.0,1.0336145365964952e-16
1772531353.5518606,3942,0.3859996795654297,2590.67572575664,0.9003024846368212,0.0011660379973236993,7.763571984588896e-05,0.003947765150840435,0.0,0.0,0.9,0.0,0.0,1.0338828678586425e-16
1772531353.5641742,3943,0.3714561462402344,2692.1078305519895,0.8988653598215149,0.0014728039140812933,7.763571984588896e-05,0.003947765150840435,0.0,0.0,0.9,0.0,0.0,1.0334153638797291e-16
1772531353.5767226,3944,0.3159046173095703,3165.5124528301885,0.9001793909678524,0.0013688939867037727,7.763571984588896e-05,0.003947765150840435,0.0,0.0,0.9,0.0,0.0,1.0337251167765461e-16
1772531353.5894334,3945,0.4353523254394531,2296.9901423877327,0.9016153094893291,0.0014813690617019282,7.763571984588896e-05,0.003947765150840435,0.0,0.0,0.9,0.0,0.0,1.0341286803432468e-16
1772531353.6021008,3946,0.4734992980957031,2111.9355488418933,0.9026880823652712,0.0010983627212814027,7.763571984588896e-05,0.003947765150840435,0.0,0.0,0.9,0.0,0.0,1.0344845041802552e-16
1772531353.6146917,3947,0.606536865234375,1648.7044025157234,0.9020148877996604,0.0007087674131893607,7.763571984588896e-05,0.003947765150840435,0.0,0.0,0.9,0.0,0.0,1.0343526888992214e-16
1772531353.627069,3948,0.4417896270751953,2263.5207771181867,0.9020431789729235,5.798390073104118e-05,7.763571984588896e-05,0.003947765150840435,0.0,0.0,0.9,0.0,0.0,1.0344073050254366e-16
1772531353.640053,3949,0.4322528839111328,2313.46056260342,0.9059371946889871,0.003993187433223038,7.763571984588896e-05,0.003947765150840435,0.0,0.0,0.9,0.0,0.0,1.0356530225665152e-16
1772531353.652976,3950,0.7355213165283203,1359.5799027552673,0.9062356128467537,0.00037337067830789985,7.763571984588896e-05,0.003947765150840435,0.0,0.0,0.9,0.0,0.0,1.0359658636977137e-16
1772531353.664761,3951,0.6358623504638672,1572.6674165729285,0.8989890636944546,0.007483813328208522,7.763571984588896e-05,0.003947765150840435,0.0,0.0,0.9,0.0,0.0,1.033969248344206e-16
1772531353.6779852,3952,0.7317066192626953,1366.6679700228087,0.9052394090632458,0.006437163897503478,7.763571984588896e-05,0.003947765150840435,0.0,0.0,0.9,0.0,0.0,1.0358061282382379e-16
1772531353.6895428,3953,0.4928112030029297,2029.1746492501209,0.897139164376277,0.00835204266134182,7.763571984588896e-05,0.003947765150840435,0.0,0.0,0.9,0.0,0.0,1.0335011042661378e-16
1772531353.70288,3954,0.7805824279785156,1281.0946854001222,0.9031246106917739,0.00618272595028534,7.763571984588896e-05,0.003947765150840435,0.0,0.0,0.9,0.0,0.0,1.0351665186072184e-16
1772531353.7148864,3955,0.6020069122314453,1661.110495049505,0.8995542629061414,0.00368114877411284,7.763571984588896e-05,0.003947765150840435,0.0,0.0,0.9,0.0,0.0,1.034155812287175e-16
1772531353.7268748,3956,0.3972053527832031,2517.5894357743095,0.8964261665181559,0.0032042444775606253,7.763571984588896e-05,0.003947765150840435,0.0,0.0,0.9,0.0,0.0,1.0331283545568597e-16
1772531353.7392128,3957,0.36025047302246094,2775.846459298478,0.896161905671966,0.00035357077169429797,7.763571984588896e-05,0.003947765150840435,0.0,0.0,0.9,0.0,0.0,1.0328398303407961e-16
1772531353.7518344,3958,0.3561973571777344,2807.4323962516733,0.8984520202024591,0.002404523602812213,7.763571984588896e-05,0.003947765150840435,0.0,0.0,0.9,0.0,0.0,1.0333165035591663e-16
1772531353.7642272,3959,0.37789344787597656,2646.2485804416406,0.8981543944777453,0.00032296957293142495,7.763571984588896e-05,0.003947765150840435,0.0,0.0,0.9,0.0,0.0,1.0331023926566859e-16
1772531353.7766848,3960,0.35572052001953125,2811.195710455764,0.8986428738847217,0.00054555491490867,7.763571984588896e-05,0.003947765150840435,0.0,0.0,0.9,0.0,0.0,1.0331166663322391e-16
1772531353.7892013,3961,0.3552436828613281,2814.9691275167784,0.8996490016083762,0.0010578021341126895,7.763571984588896e-05,0.003947765150840435,0.0,0.0,0.9,0.0,0.0,1.0333118106198203e-16
1772531353.8021607,3962,0.47969818115234375,2084.6441351888666,0.9034865157851265,0.0039522729993237225,7.763571984588896e-05,0.003947765150840435,0.0,0.0,0.9,0.0,0.0,1.0344198254811171e-16
1772531353.8148372,3963,0.5707740783691406,1752.0066833751043,0.9037941052975913,0.0003296977881209725,7.763571984588896e-05,0.003947765150840435,0.0,0.0,0.9,0.0,0.0,1.0346198505169564e-16
1772531353.826777,3964,0.38886070251464844,2571.614960147149,0.8996169005150078,0.004314502479162433,7.763571984588896e-05,0.003947765150840435,0.0,0.0,0.9,0.0,0.0,1.0334636927205012e-16
1772531353.8392537,3965,0.3876686096191406,2579.5227552275524,0.8998434773636291,0.0002474612888293797,7.763571984588896e-05,0.003947765150840435,0.0,0.0,0.9,0.0,0.0,1.0334756707104417e-16
1772531353.8518443,3966,0.3886222839355469,2573.19263803681,0.901003154727741,0.0011987801080594266,7.763571984588896e-05,0.003947765150840435,0.0,0.0,0.9,0.0,0.0,1.0337826780790113e-16
1772531353.8644223,3967,0.4093647003173828,2442.8095515433897,0.9016735658635051,0.0006875119959639589,7.763571984588896e-05,0.003947765150840435,0.0,0.0,0.9,0.0,0.0,1.0339913560269079e-16
1772531353.8767753,3968,0.3287792205810547,3041.5547498187093,0.9008119051985077,0.0008930168246849141,7.763571984588896e-05,0.003947765150840435,0.0,0.0,0.9,0.0,0.0,1.0337614632412183e-16
1772531353.8893151,3969,0.3757476806640625,2661.3604060913704,0.9010632098118541,0.0002580429380749271,7.763571984588896e-05,0.003947765150840435,0.0,0.0,0.9,0.0,0.0,1.0338353072254448e-16
1772531353.9018927,3970,0.37598609924316406,2659.6727964489537,0.9018985470644719,0.0008564486389774916,7.763571984588896e-05,0.003947765150840435,0.0,0.0,0.9,0.0,0.0,1.0340992040196298e-16
1772531353.9141886,3971,0.339508056640625,2945.438202247191,0.90005444489461,0.0019034493715608769,7.763571984588896e-05,0.003947765150840435,0.0,0.0,0.9,0.0,0.0,1.0335798370584511e-16
1772531353.9267082,3972,0.3368854522705078,2968.3680113234254,0.9006701074459467,0.0006383476914181527,7.763571984588896e-05,0.003947765150840435,0.0,0.0,0.9,0.0,0.0,1.0337326983089506e-16
1772531353.9390945,3973,0.31685829162597656,3155.984951091046,0.900018338273503,0.0006689982951711902,7.763571984588896e-05,0.003947765150840435,0.0,0.0,0.9,0.0,0.0,1.0335242812409768e-16
1772531353.9523036,3974,0.4379749298095703,2283.2357103973873,0.9058346346110839,0.005980213818528345,7.763571984588896e-05,0.003947765150840435,0.0,0.0,0.9,0.0,0.0,1.0352705031069031e-16
1772531353.96464,3975,0.5276203155517578,1895.3023045639404,0.9025617042706593,0.0034057265235272974,7.763571984588896e-05,0.003947765150840435,0.0,0.0,0.9,0.0,0.0,1.034482693639019e-16
1772531353.9775434,3976,0.5996227264404297,1667.7153081510935,0.9051819959343174,0.002681454934622569,7.763571984588896e-05,0.003947765150840435,0.0,0.0,0.9,0.0,0.0,1.0353646516890908e-16
1772531353.989314,3977,0.3466606140136719,2884.665749656121,0.8993085443378479,0.0060670442189328,7.763571984588896e-05,0.003947765150840435,0.0,0.0,0.9,0.0,0.0,1.0337513426218545e-16
1772531354.0019326,3978,0.45180320739746094,2213.3530343007915,0.899968329481567,0.0006945337172821919,7.763571984588896e-05,0.003947765150840435,0.0,0.0,0.9,0.0,0.0,1.0338855504522647e-16
1772531354.0142047,3979,0.3654956817626953,2736.010437051533,0.8988643977842586,0.001128781496768432,7.763571984588896e-05,0.003947765150840435,0.0,0.0,0.9,0.0,0.0,1.0335055524276072e-16
1772531354.0267618,3980,0.33020973205566406,3028.3783393501803,0.9000210519824076,0.0012088042243390523,7.763571984588896e-05,0.003947765150840435,0.0,0.0,0.9,0.0,0.0,1.0337667795383523e-16
1772531354.039407,3981,0.45490264892578125,2198.272536687631,0.9008543885856773,0.0008650728942098098,7.763571984588896e-05,0.003947765150840435,0.0,0.0,0.9,2.220446049250313e-16,2.220446049250313e-16,9.173266022809176e-17
1772531354.0518835,3982,0.40078163146972656,2495.124330755503,0.9009856083915138,0.00013671644970448605,7.763571984588896e-05,0.003947765150840435,0.0,0.0,0.9,2.220446049250313e-16,2.220446049250313e-16,8.807185718724496e-17
1772531354.064565,3983,0.4982948303222656,2006.844019138756,0.9019918099166864,0.0010342377368782588,7.763571984588896e-05,0.003947765150840435,0.0,0.0,0.9,2.220446049250313e-16,2.220446049250313e-16,9.224515606688455e-17
1772531354.0771465,3984,0.6923675537109375,1444.3195592286502,0.9008751425298251,0.0011547148422803059,7.763571984588896e-05,0.003947765150840435,0.0,0.0,0.9,0.0,0.0,9.165573969282973e-17
1772531354.0896218,3985,0.6699562072753906,1492.63487544484,0.9008495453499987,2.6871039870061622e-05,7.763571984588896e-05,0.003947765150840435,0.0,0.0,0.9,0.0,0.0,9.165483844371137e-17
1772531354.1022425,3986,0.7112026214599609,1406.0690579953068,0.901692732113041,0.0008676644844449883,7.763571984588896e-05,0.003947765150840435,0.0,0.0,0.9,0.0,0.0,9.167216368752091e-17
1772531354.114668,3987,0.6835460662841797,1462.9591907917684,0.9010645787366165,0.0006506360514309389,7.763571984588896e-05,0.003947765150840435,0.0,0.0,0.9,0.0,0.0,9.166096791424733e-17
1772531354.1271157,3988,0.7073879241943359,1413.6514998314797,0.9003291503720471,0.0007558378479430284,7.763571984588896e-05,0.003947765150840435,0.0,0.0,0.9,0.0,0.0,9.164567449575658e-17
1772531354.139569,3989,0.6518363952636719,1534.1272860277982,0.9005404952595064,0.00022511343153528693,7.763571984588896e-05,0.003947765150840435,0.0,0.0,0.9,0.0,0.0,9.164813147856234e-17
1772531354.1521876,3990,0.6422996520996094,1556.90571640683,0.9018166933997408,0.0013148732370822352,7.763571984588896e-05,0.003947765150840435,0.0,0.0,0.9,0.0,0.0,9.167363037431857e-17
1772531354.164529,3991,0.6530284881591797,1531.3267615918219,0.9002185145791253,0.001647833269746465,7.763571984588896e-05,0.003947765150840435,0.0,0.0,0.9,0.0,0.0,9.16423333521885e-17
1772531354.1770706,3992,0.6597042083740234,1515.8308637513553,0.9007028330492332,0.000504888367598319,7.763571984588896e-05,0.003947765150840435,0.0,0.0,0.9,0.0,0.0,9.165019893686746e-17
1772531354.1894956,3993,0.6372928619384766,1569.1372989150766,0.900285114178707,0.00042738453697831343,7.763571984588896e-05,0.003947765150840435,0.0,0.0,0.9,0.0,0.0,9.164047803488337e-17
1772531354.2021081,3994,0.6325244903564453,1580.966453071994,0.9015559598215357,0.0013112399101956357,7.763571984588896e-05,0.003947765150840435,0.0,0.0,0.9,0.0,0.0,9.166507889821209e-17
1772531354.214547,3995,0.6513595581054688,1535.2503660322109,0.9007841016691552,0.0007972636193826251,7.763571984588896e-05,0.003947765150840435,0.0,0.0,0.9,0.0,0.0,9.165040962535777e-17
1772531354.2271698,3996,0.6191730499267578,1615.0573738929534,0.9021743214325373,0.0014298213503052691,7.763571984588896e-05,0.003947765150840435,0.0,0.0,0.9,0.0,0.0,9.167905693210037e-17
1772531354.2391763,3997,0.3654956817626953,2736.010437051533,0.8995714888240781,0.0026830466640127663,7.763571984588896e-05,0.003947765150840435,0.0,0.0,0.9,0.0,0.0,9.162769827233358e-17
1772531354.251624,3998,0.2694129943847656,3711.7734513274336,0.9002180693174878,0.00067789038448124,7.763571984588896e-05,0.003947765150840435,0.0,0.0,0.9,0.0,0.0,9.163709510999395e-17
1772531354.2640622,3999,0.3020763397216797,3310.4214680347277,0.8996964786979527,0.0005322584196984361,7.763571984588896e-05,0.003947765150840435,0.0,0.0,0.9,0.0,0.0,9.16237791520745e-17
1772531354.276756,4000,0.3421306610107422,2922.859930313589,0.9015281410766472,0.0018917618339879046,7.763571984588896e-05,0.003947765150840435,0.0,0.0,0.9,0.0,0.0,9.165842257217457e-17
1772531354.289114,4001,0.3170967102050781,3153.612030075188,0.9005314668235114,0.0010283702579694444,7.763571984588896e-05,0.003947765150840435,0.0,0.0,0.9,0.0,0.0,9.163894422879496e-17
1772531354.301773,4002,0.31638145446777344,3160.7415222305954,0.9019783310774308,0.0014894426069177163,7.763571984588896e-05,0.003947765150840435,0.0,0.0,0.9,0.0,0.0,9.166802469204245e-17
1772531354.3142164,4003,0.3750324249267578,2666.4361093452003,0.9008400095667226,0.0011779323907066853,7.763571984588896e-05,0.003947765150840435,0.0,0.0,0.9,0.0,0.0,9.164695321071397e-17
1772531354.326707,4004,0.3104209899902344,3221.431643625192,0.9013770140922321,0.0005523091296351004,7.763571984588896e-05,0.003947765150840435,0.0,0.0,0.9,0.0,0.0,9.165785113054126e-17
1772531354.339197,4005,0.3769397735595703,2652.943706514864,0.9008138617963237,0.0005822043421056493,7.763571984588896e-05,0.003947765150840435,0.0,0.0,0.9,0.0,0.0,9.16471724833088e-17
1772531354.3516695,4006,0.3275871276855469,3052.622998544396,0.9011263618832778,0.00032186883608701397,7.763571984588896e-05,0.003947765150840435,0.0,0.0,0.9,0.0,0.0,9.165328375225605e-17
1772531354.364088,4007,0.3104209899902344,3221.431643625192,0.9005321766281424,0.0006119583714084936,7.763571984588896e-05,0.003947765150840435,0.0,0.0,0.9,0.0,0.0,9.164122339306987e-17
1772531354.3767345,4008,0.3132820129394531,3192.0121765601216,0.9018701208987516,0.0013775070691666716,7.763571984588896e-05,0.003947765150840435,0.0,0.0,0.9,0.0,0.0,9.166810245930648e-17
1772531354.38935,4009,0.3883838653564453,2574.772252915899,0.9022760335041223,0.00041369088790584355,7.763571984588896e-05,0.003947765150840435,0.0,0.0,0.9,0.0,0.0,9.167932382267211e-17
1772531354.4019957,4010,0.4425048828125,2259.862068965517,0.902998109846915,0.0007361481081614294,7.763571984588896e-05,0.003947765150840435,0.0,0.0,0.9,2.7755575615628914e-17,2.7755575615628914e-17,9.165441785666529e-17
1772531354.4140966,4011,0.3120899200439453,3204.2047364400305,0.8996956153781444,0.003408440652070208,7.763571984588896e-05,0.003947765150840435,0.0,0.0,0.9,2.7755575615628914e-17,2.7755575615628914e-17,9.173996434128031e-17
1772531354.4266784,4012,0.3490447998046875,2864.96174863388,0.9006780178489354,0.0010204015014854259,7.763571984588896e-05,0.003947765150840435,0.0,0.0,0.9,2.7755575615628914e-17,2.7755575615628914e-17,9.175499405256506e-17
1772531354.439074,4013,0.2968311309814453,3368.918875502008,0.9000190453572965,0.000675124091212961,7.763571984588896e-05,0.003947765150840435,0.0,0.0,0.9,2.7755575615628914e-17,2.7755575615628914e-17,9.174180673375566e-17
1772531354.4516604,4014,0.3199577331542969,3125.412816691505,0.9009907613364402,0.0010065756544863187,7.763571984588896e-05,0.003947765150840435,0.0,0.0,0.9,2.7755575615628914e-17,2.7755575615628914e-17,9.175735975545495e-17
1772531354.4641085,4015,0.3135204315185547,3189.5847908745245,0.9005859849938539,0.0004156939591636188,7.763571984588896e-05,0.003947765150840435,0.0,0.0,0.9,2.7755575615628914e-17,2.7755575615628914e-17,9.174971047797235e-17
1772531354.4767864,4016,0.3294944763183594,3034.9522431259043,0.9021331769630443,0.0015927318456715914,7.763571984588896e-05,0.003947765150840435,0.0,0.0,0.9,2.7755575615628914e-17,2.7755575615628914e-17,9.177764059189533e-17
1772531354.4891574,4017,0.3647804260253906,2741.3751633986926,0.9005701784646566,0.0016144149508055337,7.763571984588896e-05,0.003947765150840435,0.0,0.0,0.9,2.7755575615628914e-17,2.7755575615628914e-17,9.175141349696139e-17
1772531354.501724,4018,0.3333091735839844,3000.217453505007,0.901643238136943,0.001105777707675466,7.763571984588896e-05,0.003947765150840435,0.0,0.0,0.9,2.7755575615628914e-17,2.7755575615628914e-17,9.177042759416713e-17
1772531354.5141659,4019,0.33783912658691406,2959.9887085391674,0.900828259585909,0.0008421478504904491,7.763571984588896e-05,0.003947765150840435,0.0,0.0,0.9,2.7755575615628914e-17,2.7755575615628914e-17,9.175692246886149e-17
1772531354.527761,4020,0.6601810455322266,1514.7360057782594,0.9083744632224773,0.007752074104003034,7.763571984588896e-05,0.003947765150840435,0.0,0.0,0.9,2.7755575615628914e-17,2.7755575615628914e-17,9.189913123124436e-17
1772531354.5391595,4021,0.3390312194824219,2949.580872011252,0.8988591863158127,0.009830865562419766,7.763571984588896e-05,0.003947765150840435,0.0,0.0,0.9,2.7755575615628914e-17,2.7755575615628914e-17,9.174044675832452e-17
1772531354.5517793,4022,0.34689903259277344,2882.6831615120277,0.9003448502958185,0.0015460824002554944,7.763571984588896e-05,0.003947765150840435,0.0,0.0,0.9,2.7755575615628914e-17,2.7755575615628914e-17,9.176275513972974e-17
1772531354.5641046,4023,0.31828880310058594,3141.8007490636705,0.899069074438293,0.0013064773121418168,7.763571984588896e-05,0.003947765150840435,0.0,0.0,0.9,2.7755575615628914e-17,2.7755575615628914e-17,9.173705877699062e-17
1772531354.5766985,4024,0.31280517578125,3196.878048780488,0.9003217746414955,0.0013059521466350912,7.763571984588896e-05,0.003947765150840435,0.0,0.0,0.9,2.7755575615628914e-17,2.7755575615628914e-17,9.175517451673024e-17
1772531354.5891805,4025,0.3561973571777344,2807.4323962516733,0.9000824098949347,0.00024461519297372023,7.763571984588896e-05,0.003947765150840435,0.0,0.0,0.9,2.7755575615628914e-17,2.7755575615628914e-17,9.174861928201255e-17
1772531354.601791,4026,0.3566741943359375,2803.6791443850266,0.9013083658582198,0.0012680700372820345,7.763571984588896e-05,0.003947765150840435,0.0,0.0,0.9,2.7755575615628914e-17,2.7755575615628914e-17,9.176890328910673e-17
1772531354.6141737,4027,0.34689903259277344,2882.6831615120277,0.9002505498029131,0.0010881976320050114,7.763571984588896e-05,0.003947765150840435,0.0,0.0,0.9,2.7755575615628914e-17,2.7755575615628914e-17,9.174965712427943e-17
1772531354.6267724,4028,0.3345012664794922,2989.5253029223095,0.9013635462543261,0.0011502248858925803,7.763571984588896e-05,0.003947765150840435,0.0,0.0,0.9,2.7755575615628914e-17,2.7755575615628914e-17,9.176829299815832e-17
1772531354.6391742,4029,0.3409385681152344,2933.0797202797203,0.9003763420559697,0.0010163165888498898,7.763571984588896e-05,0.003947765150840435,0.0,0.0,0.9,2.7755575615628914e-17,2.7755575615628914e-17,9.17505506015161e-17
1772531354.651889,4030,0.4062652587890625,2461.4460093896714,0.901966809580633,0.0016391903369510899,7.763571984588896e-05,0.003947765150840435,0.0,0.0,0.9,2.7755575615628914e-17,2.7755575615628914e-17,9.177855998453566e-17
1772531354.664217,4031,0.35309791564941406,2832.075624577988,0.9006068581901578,0.0014042123337401466,7.763571984588896e-05,0.003947765150840435,0.0,0.0,0.9,2.7755575615628914e-17,2.7755575615628914e-17,9.175553837518281e-17
1772531354.6767871,4032,0.3502368927001953,2855.2103471749488,0.9014321569854427,0.000851201125054237,7.763571984588896e-05,0.003947765150840435,0.0,0.0,0.9,2.7755575615628914e-17,2.7755575615628914e-17,9.176986605375535e-17
1772531354.689148,4033,0.3256797790527344,3070.5007320644218,0.9001460900390768,0.0013242636718644252,7.763571984588896e-05,0.003947765150840435,0.0,0.0,0.9,2.7755575615628914e-17,2.7755575615628914e-17,9.174679517340166e-17
1772531354.7018867,4034,0.3840923309326172,2603.540657976412,0.9021981279084523,0.002114818391102698,7.763571984588896e-05,0.003947765150840435,0.0,0.0,0.9,2.7755575615628914e-17,2.7755575615628914e-17,9.178292412568746e-17
1772531354.7142537,4035,0.3662109375,2730.6666666666665,0.9007448225729595,0.0015022847706481072,7.763571984588896e-05,0.003947765150840435,0.0,0.0,0.9,2.7755575615628914e-17,2.7755575615628914e-17,9.175885134031768e-17
1772531354.7267425,4036,0.4019737243652344,2487.7247924080666,0.9005915694209424,0.00015628036223467397,7.763571984588896e-05,0.003947765150840435,0.0,0.0,0.9,2.7755575615628914e-17,2.7755575615628914e-17,9.175521774822998e-17
1772531354.7392468,4037,0.392913818359375,2545.0873786407765,0.900744567253599,0.00016163054076886869,7.763571984588896e-05,0.003947765150840435,0.0,0.0,0.9,2.7755575615628914e-17,2.7755575615628914e-17,9.175688835921917e-17
1772531354.7518258,4038,0.4305839538574219,2322.4274640088593,0.9013568866652477,0.0006311403452187379,7.763571984588896e-05,0.003947765150840435,0.0,0.0,0.9,2.7755575615628914e-17,2.7755575615628914e-17,9.176761208002662e-17
1772531354.7642255,4039,0.37860870361328125,2641.249370277078,0.9006499439628748,0.0007288977958770645,7.763571984588896e-05,0.003947765150840435,0.0,0.0,0.9,2.7755575615628914e-17,2.7755575615628914e-17,9.17552434063358e-17
1772531354.7767258,4040,0.38361549377441406,2606.77688004972,0.9007776012436819,0.0001348453113395537,7.763571984588896e-05,0.003947765150840435,0.0,0.0,0.9,2.7755575615628914e-17,2.7755575615628914e-17,9.175660386124942e-17
1772531354.7892046,4041,0.3807544708251953,2626.3644333124607,0.900637408573788,0.00014298706540921685,7.763571984588896e-05,0.003947765150840435,0.0,0.0,0.9,2.7755575615628914e-17,2.7755575615628914e-17,9.175327202655671e-17
1772531354.801791,4042,0.42724609375,2340.5714285714284,0.9011710727123197,0.0005510760325296233,7.763571984588896e-05,0.003947765150840435,0.0,0.0,0.9,2.7755575615628914e-17,2.7755575615628914e-17,9.176221400256852e-17
1772531354.8141959,4043,0.3628730773925781,2755.784494086728,0.9007895753490727,0.00039329874148483744,7.763571984588896e-05,0.003947765150840435,0.0,0.0,0.9,2.7755575615628914e-17,2.7755575615628914e-17,9.175544684025366e-17
1772531354.8267856,4044,0.40030479431152344,2498.096486003574,0.9014040401075784,0.0006327450500114653,7.763571984588896e-05,0.003947765150840435,0.0,0.0,0.9,2.7755575615628914e-17,2.7755575615628914e-17,9.176636143397754e-17
1772531354.8391657,4045,0.3533363342285156,2830.1646423751686,0.9005562406827857,0.0008742160198241065,7.763571984588896e-05,0.003947765150840435,0.0,0.0,0.9,2.7755575615628914e-17,2.7755575615628914e-17,9.175150971354657e-17
1772531354.8519301,4046,0.4622936248779297,2163.127385250129,0.9025237715076404,0.0020244473067561985,7.763571984588896e-05,0.003947765150840435,0.0,0.0,0.9,2.7755575615628914e-17,2.7755575615628914e-17,9.178727597089428e-17
1772531354.8642592,4047,0.40268898010253906,2483.3060982830075,0.900815530995599,0.0017672488394438908,7.763571984588896e-05,0.003947765150840435,0.0,0.0,0.9,2.7755575615628914e-17,2.7755575615628914e-17,9.175940292275118e-17
1772531354.8767345,4048,0.38886070251464844,2571.614960147149,0.9008487890373278,3.637596412018202e-05,7.763571984588896e-05,0.003947765150840435,0.0,0.0,0.9,2.7755575615628914e-17,2.7755575615628914e-17,9.175956695848814e-17
1772531354.8893495,4049,0.4329681396484375,2309.638766519824,0.901448540802348,0.0006172525303460825,7.763571984588896e-05,0.003947765150840435,0.0,0.0,0.9,2.7755575615628914e-17,2.7755575615628914e-17,9.177045598608968e-17
1772531354.902005,4050,0.45371055603027344,2204.048344718865,0.9026471258540986,0.0012286156632341687,7.763571984588896e-05,0.003947765150840435,0.0,0.0,0.9,2.7755575615628914e-17,2.7755575615628914e-17,9.179432576443374e-17
1772531354.914977,4051,0.6196498870849609,1613.814544055406,0.9050963794287297,0.0025063027410409436,7.763571984588896e-05,0.003947765150840435,0.0,0.0,0.9,2.7755575615628914e-17,2.7755575615628914e-17,9.184533529014577e-17
1772531354.9272554,4052,0.5626678466796875,1777.2474576271186,0.9025643732051507,0.002636451463670782,7.763571984588896e-05,0.003947765150840435,0.0,0.0,0.9,2.7755575615628914e-17,2.7755575615628914e-17,9.180928271445524e-17
1772531354.9399672,4053,0.640869140625,1560.3809523809523,0.903212366995641,0.0006599339672277441,7.763571984588896e-05,0.003947765150840435,0.0,0.0,0.9,2.7755575615628914e-17,2.7755575615628914e-17,9.182628683798781e-17
1772531354.9522333,4054,0.5578994750976562,1792.4376068376068,0.9008653389838016,0.0024274657078253523,7.763571984588896e-05,0.003947765150840435,0.0,0.0,0.9,2.7755575615628914e-17,2.7755575615628914e-17,9.178852868144011e-17
1772531354.9645238,4055,0.518798828125,1927.5294117647059,0.8991254656680756,0.0017857799409365265,7.763571984588896e-05,0.003947765150840435,0.0,0.0,0.9,2.7755575615628914e-17,2.7755575615628914e-17,9.17556187398862e-17
1772531354.976968,4056,0.492095947265625,2032.124031007752,0.8991367971605716,0.00011767277188500777,7.763571984588896e-05,0.003947765150840435,0.0,0.0,0.9,2.7755575615628914e-17,2.7755575615628914e-17,9.175062085760398e-17
1772531354.9896932,4057,0.5319118499755859,1880.0107575078441,0.9011962602932018,0.002133767101561951,7.763571984588896e-05,0.003947765150840435,0.0,0.0,0.9,2.7755575615628914e-17,2.7755575615628914e-17,9.178399141383584e-17
1772531355.0024936,4058,0.5962848663330078,1677.0507796881247,0.9033109228339468,0.0021730761968723265,7.763571984588896e-05,0.003947765150840435,0.0,0.0,0.9,4.449557262054371e-16,4.449557262054371e-16,5.0650582222136615e-17
1772531355.014624,4059,0.5342960357666016,1871.6215975011155,0.899695268999852,0.003730018958869159,7.763571984588896e-05,0.003947765150840435,0.0,0.0,0.9,2.7755575615628914e-17,2.7755575615628914e-17,5.307658460874985e-17
1772531355.0274282,4060,0.6070137023925781,1647.4092694422625,0.902074908173364,0.002457119496793523,7.763571984588896e-05,0.003947765150840435,0.0,0.0,0.9,4.449557262054371e-16,4.449557262054371e-16,3.6331349495640696e-17
1772531355.0398946,4061,0.5805492401123047,1722.5067761806981,0.9016222495624041,0.0004720891825001802,7.763571984588896e-05,0.003947765150840435,0.0,0.0,0.9,2.7755575615628914e-17,2.7755575615628914e-17,3.566641615964056e-17
1772531355.0525246,4062,0.568389892578125,1759.3557046979865,0.9021787243625005,0.0005695255356382767,7.763571984588896e-05,0.003947765150840435,0.0,0.0,0.9,2.7755575615628914e-17,2.7755575615628914e-17,3.567863994098238e-17
1772531355.0644956,4063,0.48041343688964844,2081.540446650124,0.897867925248445,0.004436121526636129,7.763571984588896e-05,0.003947765150840435,0.0,0.0,0.9,2.7755575615628914e-17,2.7755575615628914e-17,3.5594658168318234e-17
1772531355.0769367,4064,0.4279613494873047,2336.6596100278553,0.8983813693027957,0.0005788373647806014,7.763571984588896e-05,0.003947765150840435,0.0,0.0,0.9,2.7755575615628914e-17,2.7755575615628914e-17,3.5597188522749316e-17
1772531355.089747,4065,0.6127357482910156,1632.0249027237355,0.9001897358257072,0.0018837450095469449,7.763571984588896e-05,0.003947765150840435,0.0,0.0,0.9,2.7755575615628914e-17,2.7755575615628914e-17,3.5626966969197e-17
1772531355.1021872,4066,0.5278587341308594,1894.4462511291779,0.90059509315456,0.00042687511291891045,7.763571984588896e-05,0.003947765150840435,0.0,0.0,0.9,2.7755575615628914e-17,2.7755575615628914e-17,3.563306840153689e-17
1772531355.114395,4067,0.42748451232910156,2339.266034578918,0.8987587739903322,0.0018834970547224061,7.763571984588896e-05,0.003947765150840435,0.0,0.0,0.9,2.7755575615628914e-17,2.7755575615628914e-17,3.559537109476982e-17
1772531355.1268404,4068,0.3719329833984375,2688.6564102564103,0.8991431608275663,0.0004282124401548708,7.763571984588896e-05,0.003947765150840435,0.0,0.0,0.9,2.7755575615628914e-17,2.7755575615628914e-17,3.559784051214006e-17
1772531355.1395698,4069,0.4925727844238281,2030.1568247821879,0.9008823111578795,0.0018025927752138835,7.763571984588896e-05,0.003947765150840435,0.0,0.0,0.9,2.7755575615628914e-17,2.7755575615628914e-17,3.562841409570836e-17
1772531355.152342,4070,0.5002021789550781,1999.1916110581506,0.9033438083199032,0.0025296302454729195,7.763571984588896e-05,0.003947765150840435,0.0,0.0,0.9,2.7755575615628914e-17,2.7755575615628914e-17,3.567771965014e-17
1772531355.1646676,4071,0.5071163177490234,1971.9341795956746,0.901137386057182,0.0022864314131470693,7.763571984588896e-05,0.003947765150840435,0.0,0.0,0.9,2.7755575615628914e-17,2.7755575615628914e-17,3.563924416358241e-17
1772531355.177137,4072,0.45800209045410156,2183.396147839667,0.9012880942264977,0.00015409946631878097,7.763571984588896e-05,0.003947765150840435,0.0,0.0,0.9,2.7755575615628914e-17,2.7755575615628914e-17,3.5642757521817724e-17
1772531355.18983,4073,0.5755424499511719,1737.4913007456503,0.902060635961351,0.0007914614249743921,7.763571984588896e-05,0.003947765150840435,0.0,0.0,0.9,2.7755575615628914e-17,2.7755575615628914e-17,3.565908402004545e-17
1772531355.2025685,4074,0.5946159362792969,1681.757818765036,0.9034697594393809,0.0014411608228855801,7.763571984588896e-05,0.003947765150840435,0.0,0.0,0.9,2.7755575615628914e-17,2.7755575615628914e-17,3.569001188965462e-17
1772531355.2145965,4075,0.4267692565917969,2343.1865921787708,0.899968153800247,0.0036172744896666898,7.763571984588896e-05,0.003947765150840435,0.0,0.0,0.9,2.7755575615628914e-17,2.7755575615628914e-17,3.5625682436806713e-17
1772531355.2277756,4076,0.7107257843017578,1407.0124119423012,0.9041164354413457,0.004268549313349394,7.763571984588896e-05,0.003947765150840435,0.0,0.0,0.9,2.7755575615628914e-17,2.7755575615628914e-17,3.5706470707258994e-17
1772531355.2396276,4077,0.5419254302978516,1845.2723273207216,0.8987116892821856,0.005576690168380803,7.763571984588896e-05,0.003947765150840435,0.0,0.0,0.9,0.0,0.0,3.2838457362480856e-17
1772531355.2528875,4078,0.7033348083496094,1421.797966101695,0.9047417227894319,0.006211673343056242,7.763571984588896e-05,0.003947765150840435,0.0,0.0,0.9,4.440892098500626e-16,4.440892098500626e-16,6.033608085989453e-17
1772531355.2653136,4079,0.7276535034179688,1374.2804718217562,0.9029316192298492,0.0018940875664561557,7.763571984588896e-05,0.003947765150840435,0.0,0.0,0.9,0.0,0.0,5.576147870730708e-17
1772531355.2779014,4080,0.7989406585693359,1251.657415696807,0.9024056126028022,0.0005611823346190479,7.763571984588896e-05,0.003947765150840435,0.0,0.0,0.9,0.0,0.0,5.434478545222979e-17
1772531355.290188,4081,0.7102489471435547,1407.9570325612622,0.9005840306086845,0.001881404011401438,7.763571984588896e-05,0.003947765150840435,0.0,0.0,0.9,0.0,0.0,5.3170996063971723e-17
1772531355.303269,4082,0.8785724639892578,1138.2100407055632,0.9045500137900284,0.004078350021763207,7.763571984588896e-05,0.003947765150840435,0.0,0.0,0.9,0.0,0.0,5.324548052441478e-17
1772531355.315246,4083,0.69427490234375,1440.3516483516485,0.8998298232918802,0.00487478687444043,7.763571984588896e-05,0.003947765150840435,0.0,0.0,0.9,0.0,0.0,5.3164172245957426e-17
1772531355.3272827,4084,0.48613548278808594,2057.0397253555666,0.8972825959215033,0.0026094519150434183,7.763571984588896e-05,0.003947765150840435,0.0,0.0,0.9,0.0,0.0,5.3112521626706114e-17
1772531355.3401225,4085,0.49877166748046875,2004.925430210325,0.9012028066975515,0.004061251287798815,7.763571984588896e-05,0.003947765150840435,0.0,0.0,0.9,0.0,0.0,5.3177239394914664e-17
1772531355.3523228,4086,0.4963874816894531,2014.5552353506243,0.8979804515544278,0.0033107936342519307,7.763571984588896e-05,0.003947765150840435,0.0,0.0,0.9,0.0,0.0,5.31160970003656e-17
1772531355.365427,4087,0.7505416870117188,1332.3710292249048,0.9022473551470953,0.004410179043344567,7.763571984588896e-05,0.003947765150840435,0.0,0.0,0.9,0.0,0.0,5.318916614901159e-17
1772531355.377555,4088,0.5855560302734375,1707.7785016286646,0.8997667140631445,0.0025560609652417092,7.763571984588896e-05,0.003947765150840435,0.0,0.0,0.9,0.0,0.0,5.3144739419462354e-17
1772531355.3900669,4089,0.5919933319091797,1689.2082158679018,0.9000686315469024,0.000328952048668479,7.763571984588896e-05,0.003947765150840435,0.0,0.0,0.9,0.0,0.0,5.314702381045659e-17
1772531355.4025035,4090,0.66375732421875,1506.5747126436781,0.8989662712313293,0.001126894263917249,7.763571984588896e-05,0.003947765150840435,0.0,0.0,0.9,0.0,0.0,5.312344886882696e-17
1772531355.415523,4091,0.8122920989990234,1231.084238332844,0.902863069309106,0.004020075023184331,7.763571984588896e-05,0.003947765150840435,0.0,0.0,0.9,0.0,0.0,5.3192142229097706e-17
1772531355.4281356,4092,0.7822513580322266,1278.361475160012,0.9035682784916421,0.0007185183166821898,7.763571984588896e-05,0.003947765150840435,0.0,0.0,0.9,0.0,0.0,5.3210138846407116e-17
1772531355.440008,4093,0.7395744323730469,1352.1289490651193,0.8980239395397789,0.0057152190473992795,7.763571984588896e-05,0.003947765150840435,0.0,0.0,0.9,0.0,0.0,5.311107408147873e-17
1772531355.4527178,4094,0.6699562072753906,1492.63487544484,0.900362543080284,0.0024286654264605192,7.763571984588896e-05,0.003947765150840435,0.0,0.0,0.9,0.0,0.0,5.314784221922124e-17
1772531355.4654984,4095,0.7765293121337891,1287.781393920786,0.90218997651833,0.0018824532618839684,7.763571984588896e-05,0.003947765150840435,0.0,0.0,0.9,0.0,0.0,5.318088767612667e-17
1772531355.4775882,4096,0.7297992706298828,1370.2397909180006,0.8983374628681975,0.003967087987259788,7.763571984588896e-05,0.003947765150840435,0.0,0.0,0.9,0.0,0.0,5.311064844597089e-17
1772531355.4900415,4097,0.6303787231445312,1586.3479576399395,0.8992613901876695,0.0009768612215875253,7.763571984588896e-05,0.003947765150840435,0.0,0.0,0.9,0.0,0.0,5.312142379013029e-17
1772531355.5031998,4098,0.797271728515625,1254.2775119617224,0.9045338161749408,0.00542897533663936,7.763571984588896e-05,0.003947765150840435,0.0,0.0,0.9,1.734723475976807e-18,1.734723475976807e-18,5.3215355109658836e-17
1772531355.5151694,4099,0.682830810546875,1464.491620111732,0.8998274167053373,0.004862954860951358,7.763571984588896e-05,0.003947765150840435,0.0,0.0,0.9,0.0,0.0,5.3134880546653006e-17
1772531355.5273476,4100,0.5409717559814453,1848.5253415601587,0.898036153039793,0.0018343319664379813,7.763571984588896e-05,0.003947765150840435,0.0,0.0,0.9,0.0,0.0,5.3098052787917925e-17
1772531355.5400398,4101,0.7262229919433594,1376.9875246224556,0.8993469953306705,0.0013742893077768365,7.763571984588896e-05,0.003947765150840435,0.0,0.0,0.9,0.0,0.0,5.311551479710279e-17
1772531355.5530844,4102,0.7979869842529297,1253.1532715864953,0.9038762601937722,0.004664419981268579,7.763571984588896e-05,0.003947765150840435,0.0,0.0,0.9,1.734723475976807e-18,1.734723475976807e-18,5.3196142643797934e-17
1772531355.5651884,4103,0.6439685821533203,1552.870788596816,0.9005381101959172,0.0034534000266941796,7.763571984588896e-05,0.003947765150840435,0.0,0.0,0.9,0.0,0.0,5.3140153921172403e-17
1772531355.5773172,4104,0.5872249603271484,1702.9248883475436,0.8979829611580835,0.0026238455351718292,7.763571984588896e-05,0.003947765150840435,0.0,0.0,0.9,0.0,0.0,5.30907593922619e-17
1772531355.5904875,4105,0.7929801940917969,1261.065544197234,0.9031368960010092,0.005316844725145706,7.763571984588896e-05,0.003947765150840435,0.0,0.0,0.9,1.734723475976807e-18,1.734723475976807e-18,5.3180374769190986e-17
1772531355.6028476,4106,0.6425380706787109,1556.3280148423005,0.9029570817432974,0.00023541343735141544,7.763571984588896e-05,0.003947765150840435,0.0,0.0,0.9,1.734723475976807e-18,1.734723475976807e-18,5.3182387000962534e-17
1772531355.6156702,4107,1.018524169921875,981.812734082397,0.9018505352066751,0.0011568324683574613,7.763571984588896e-05,0.003947765150840435,0.0,0.0,0.9,2.7755575615628914e-17,2.7755575615628914e-17,5.225828275357606e-17
1772531355.6287131,4108,1.2409687042236328,805.8220941402498,0.9050697923708029,0.003300499693820649,7.763571984588896e-05,0.003947765150840435,0.0,0.0,0.9,2.7809732887839817e-17,2.7809732887839817e-17,5.177846564584556e-17
1772531355.640487,4109,1.1713504791259766,853.7154488092815,0.8981026511827067,0.007189841383995325,7.763571984588896e-05,0.003947765150840435,0.0,0.0,0.9,2.7755575615628914e-17,2.7755575615628914e-17,5.1451151970092855e-17
1772531355.653613,4110,1.2438297271728516,803.9685643089898,0.9033718059100104,0.005434803276416604,7.763571984588896e-05,0.003947765150840435,0.0,0.0,0.9,2.7809732887839817e-17,2.7809732887839817e-17,5.1614297527523485e-17
1772531355.6652446,4111,0.9427070617675781,1060.7749114820435,0.8980394850603325,0.005496766423462609,7.763571984588896e-05,0.003947765150840435,0.0,0.0,0.9,2.7755575615628914e-17,2.7755575615628914e-17,5.193544699292448e-17
1772531355.6771846,4112,0.6234645843505859,1603.94034416826,0.8952626331045809,0.0028386358109509877,7.763571984588896e-05,0.003947765150840435,0.0,0.0,0.9,2.7755575615628914e-17,2.7755575615628914e-17,5.258455689688698e-17
1772531355.6904612,4113,0.7903575897216797,1265.2500754147813,0.9024419984540308,0.007422557199759143,7.763571984588896e-05,0.003947765150840435,0.0,0.0,0.9,2.7809732887839817e-17,2.7809732887839817e-17,5.368383011665025e-17
1772531355.7027678,4114,0.7202625274658203,1388.3826547500828,0.9009639668811041,0.001530466912647993,7.763571984588896e-05,0.003947765150840435,0.0,0.0,0.9,2.7755575615628914e-17,2.7755575615628914e-17,5.366160371596898e-17
1772531355.71486,4115,0.6659030914306641,1501.7200143215182,0.8977468544811581,0.003306362783504579,7.763571984588896e-05,0.003947765150840435,0.0,0.0,0.9,0.0,0.0,5.255374624890639e-17
1772531355.7273674,4116,0.6778240203857422,1475.3091804431938,0.8983184405224712,0.0006291612082092554,7.763571984588896e-05,0.003947765150840435,0.0,0.0,0.9,0.0,0.0,5.2555766252473235e-17
1772531355.7404444,4117,0.8068084716796875,1239.451536643026,0.9034356309699526,0.005276426910538854,7.763571984588896e-05,0.003947765150840435,0.0,0.0,0.9,0.0,0.0,5.26319837741849e-17
1772531355.75292,4118,0.8122920989990234,1231.084238332844,0.9028071786531585,0.0006778396501297426,7.763571984588896e-05,0.003947765150840435,0.0,0.0,0.9,0.0,0.0,5.262741106593502e-17
1772531355.7647283,4119,0.6103515625,1638.4,0.8977208886487492,0.005241238133123214,7.763571984588896e-05,0.003947765150840435,0.0,0.0,0.9,0.0,0.0,5.2550048061506215e-17
1772531355.7768502,4120,0.44608116149902344,2241.7445216461783,0.8964507040301097,0.0012941422268930769,7.763571984588896e-05,0.003947765150840435,0.0,0.0,0.9,0.0,0.0,5.2522795635277073e-17
1772531355.7892973,4121,0.4737377166748047,2110.8726723704076,0.8969992984376147,0.0006306765028680982,7.763571984588896e-05,0.003947765150840435,0.0,0.0,0.9,0.0,0.0,5.2521757470330416e-17
1772531355.801903,4122,0.4639625549316406,2155.3463514902364,0.8993728125718446,0.002471058332130332,7.763571984588896e-05,0.003947765150840435,0.0,0.0,0.9,0.0,0.0,5.2551033426731695e-17
1772531355.814447,4123,0.5588531494140625,1789.3788395904437,0.8997099916203478,0.0003596746137099436,7.763571984588896e-05,0.003947765150840435,0.0,0.0,0.9,0.0,0.0,5.2553075621990575e-17
1772531355.8268156,4124,0.4830360412597656,2070.238894373149,0.8998095405620921,0.00011433489938956354,7.763571984588896e-05,0.003947765150840435,0.0,0.0,0.9,0.0,0.0,5.2552164954231095e-17
1772531355.8392327,4125,0.4329681396484375,2309.638766519824,0.9001025003903982,0.0003069816764466573,7.763571984588896e-05,0.003947765150840435,0.0,0.0,0.9,0.0,0.0,5.255466215669966e-17
1772531355.8517733,4126,0.43892860412597656,2278.2748506246603,0.9010523059419374,0.000978248471587448,7.763571984588896e-05,0.003947765150840435,0.0,0.0,0.9,0.0,0.0,5.256840098695879e-17
1772531355.8646379,4127,0.5910396575927734,1691.9338442920532,0.9035773148544415,0.0025899942821215063,7.763571984588896e-05,0.003947765150840435,0.0,0.0,0.9,0.0,0.0,5.2609616604857505e-17
1772531355.878093,4128,0.8523464202880859,1173.231888111888,0.9094983677265618,0.00606156575029089,7.763571984588896e-05,0.003947765150840435,0.0,0.0,0.9,0.0,0.0,5.271164450380393e-17
1772531355.8899624,4129,0.4730224609375,2114.064516129032,0.9049613626766021,0.004744225676215008,7.763571984588896e-05,0.003947765150840435,0.0,0.0,0.9,0.0,0.0,5.265823344453624e-17
1772531355.9025307,4130,0.7352828979492188,1360.0207522697795,0.9027829164223026,0.0022805321797053912,7.763571984588896e-05,0.003947765150840435,0.0,0.0,0.9,0.0,0.0,5.263287495848311e-17
1772531355.9143672,4131,0.4487037658691406,2228.6418703506906,0.8985420632296937,0.004374018011830609,7.763571984588896e-05,0.003947765150840435,0.0,0.0,0.9,0.0,0.0,5.256951708280014e-17
1772531355.927018,4132,0.5011558532714844,1995.3872502378688,0.9001386849421623,0.0016588207820294996,7.763571984588896e-05,0.003947765150840435,0.0,0.0,0.9,0.0,0.0,5.259033389945191e-17
1772531355.9399188,4133,0.5404949188232422,1850.1561535068372,0.9041293919393107,0.004104329974795637,7.763571984588896e-05,0.003947765150840435,0.0,0.0,0.9,0.0,0.0,5.265311540015097e-17
1772531355.9522324,4134,0.63323974609375,1579.1807228915663,0.9004887629191642,0.0037659733550549214,7.763571984588896e-05,0.003947765150840435,0.0,0.0,0.9,0.0,0.0,5.260186277701955e-17
1772531355.965184,4135,0.7929801940917969,1261.065544197234,0.9036884442513425,0.0032901834055318003,7.763571984588896e-05,0.003947765150840435,0.0,0.0,0.9,0.0,0.0,5.2652578929453364e-17
1772531355.97725,4136,0.7312297821044922,1367.5591783501793,0.8991365875477223,0.004696989140800847,7.763571984588896e-05,0.003947765150840435,0.0,0.0,0.9,0.0,0.0,5.2585563260272505e-17
1772531355.9900868,4137,0.6544589996337891,1527.9795992714025,0.9034125251165963,0.00440725485774505,7.763571984588896e-05,0.003947765150840435,0.0,0.0,0.9,0.0,0.0,5.2650391162807944e-17
1772531356.0040839,4138,1.5316009521484375,652.9115815691158,0.9094969104229587,0.006233754820895804,7.763571984588896e-05,0.003947765150840435,0.0,0.0,0.9,0.0,0.0,5.2754519749677025e-17
1772531356.0160086,4139,1.0693073272705078,935.1848383500558,0.9049810508055224,0.004712804585304292,7.763571984588896e-05,0.003947765150840435,0.0,0.0,0.9,0.0,0.0,5.270047429678816e-17
1772531356.0284574,4140,1.2629032135009766,791.8263167830847,0.9022819025016802,0.002804119802276278,7.763571984588896e-05,0.003947765150840435,0.0,0.0,0.9,0.0,0.0,5.26658112329214e-17
1772531356.0408535,4141,1.1768341064453125,849.7374392220421,0.9011890850265536,0.0011298728696376619,7.763571984588896e-05,0.003947765150840435,0.0,0.0,0.9,0.0,0.0,5.265097108594167e-17
1772531356.0528002,4142,0.6921291351318359,1444.817085773338,0.8997189455643881,0.0015091127336704726,7.763571984588896e-05,0.003947765150840435,0.0,0.0,0.9,0.0,0.0,5.2627445067536276e-17
1772531356.0654476,4143,1.0535717010498047,949.152296899751,0.8981175870466819,0.0016368918998235255,7.763571984588896e-05,0.003947765150840435,0.0,0.0,0.9,0.0,0.0,5.2598422860514624e-17
1772531356.0785713,4144,1.2831687927246094,779.3206986250465,0.9024004593623529,0.004428718885855996,7.763571984588896e-05,0.003947765150840435,0.0,0.0,0.9,0.0,0.0,5.2660457085662056e-17
1772531356.0911124,4145,1.2307167053222656,812.5346764819838,0.9027006841732895,0.00030530559774368465,7.763571984588896e-05,0.003947765150840435,0.0,0.0,0.9,0.0,0.0,5.2667797917024936e-17
1772531356.1034636,4146,1.1703968048095703,854.4110816866979,0.9010382379974212,0.001716015867790246,7.763571984588896e-05,0.003947765150840435,0.0,0.0,0.9,0.0,0.0,5.264411305749441e-17
1772531356.1152346,4147,1.008749008178711,991.3268730796502,0.8957238272382252,0.005458240716477972,7.763571984588896e-05,0.003947765150840435,0.0,0.0,0.9,0.0,0.0,5.25581317102339e-17
1772531356.128437,4148,1.2011528015136719,832.5335450575625,0.9017341710431221,0.006224642220438987,7.763571984588896e-05,0.003947765150840435,0.0,0.0,0.9,0.0,0.0,5.264229897636956e-17
1772531356.1408134,4149,1.1973381042480469,835.1859816806053,0.8998636065768082,0.0019231732778599855,7.763571984588896e-05,0.003947765150840435,0.0,0.0,0.9,0.0,0.0,5.261304864337642e-17
1772531356.153634,4150,1.2586116790771484,794.526236029551,0.9025482639094654,0.0027710939364337895,7.763571984588896e-05,0.003947765150840435,0.0,0.0,0.9,0.0,0.0,5.2653066522260173e-17
1772531356.166372,4151,1.3377666473388672,747.5145250400998,0.9034701564665059,0.0009411996106301429,7.763571984588896e-05,0.003947765150840435,0.0,0.0,0.9,0.0,0.0,5.267077397718156e-17
1772531356.17846,4152,1.2841224670410156,778.7419235053843,0.8993788783683051,0.004218617588934764,7.763571984588896e-05,0.003947765150840435,0.0,0.0,0.9,0.0,0.0,5.260977108940039e-17
1772531356.1905582,4153,1.1336803436279297,882.0828601472134,0.8970856591706591,0.0023458360078704756,7.763571984588896e-05,0.003947765150840435,0.0,0.0,0.9,0.0,0.0,5.256885107625332e-17
1772531356.202831,4154,0.9577274322509766,1044.1384117500622,0.8967612003873728,0.0003780111245974833,7.763571984588896e-05,0.003947765150840435,0.0,0.0,0.9,0.0,0.0,5.255447237848837e-17
1772531356.2158782,4155,1.2001991271972656,833.1950735001986,0.9012574548291974,0.004657449572871957,7.763571984588896e-05,0.003947765150840435,0.0,0.0,0.9,0.0,0.0,5.261664450615197e-17
1772531356.228344,4156,1.2688636779785156,788.1067267944381,0.9001049962326001,0.0011844051717421684,7.763571984588896e-05,0.003947765150840435,0.0,0.0,0.9,0.0,0.0,5.2598188073865864e-17
1772531356.2399216,4157,0.8065700531005859,1239.8179130948863,0.8955792517027413,0.0046449674312879965,7.763571984588896e-05,0.003947765150840435,0.0,0.0,0.9,0.0,0.0,5.2523400240605644e-17
1772531356.253186,4158,1.0900497436523438,917.3893263342082,0.9020222404954852,0.006664259849105121,7.763571984588896e-05,0.003947765150840435,0.0,0.0,0.9,0.0,0.0,5.261427996783086e-17
1772531356.2662632,4159,1.2359619140625,809.0864197530864,0.9061126943885501,0.004195023147606996,7.763571984588896e-05,0.003947765150840435,0.0,0.0,0.9,0.0,0.0,5.2682256389453186e-17
1772531356.2783473,4160,1.2502670288085938,799.8291380625477,0.9006086977458326,0.005695515873387306,7.763571984588896e-05,0.003947765150840435,0.0,0.0,0.9,0.0,0.0,5.2604918341657094e-17
1772531356.289836,4161,0.8108615875244141,1233.2561011467214,0.8946951055300839,0.006076517520808815,7.763571984588896e-05,0.003947765150840435,0.0,0.0,0.9,0.0,0.0,5.250950784093257e-17
1772531356.3031683,4162,1.1174678802490234,894.8803072327715,0.9019432531749453,0.007497141338547288,7.763571984588896e-05,0.003947765150840435,0.0,0.0,0.9,0.0,0.0,5.2611647686593497e-17
1772531356.3158545,4163,1.2531280517578125,798.0030441400304,0.902127257933159,0.00019268839713314285,7.763571984588896e-05,0.003947765150840435,0.0,0.0,0.9,0.0,0.0,5.261673771715933e-17
1772531356.327188,4164,0.7240772247314453,1381.068159367797,0.8953851089272781,0.006938595549091783,7.763571984588896e-05,0.003947765150840435,0.0,0.0,0.9,0.0,0.0,5.251145683102395e-17
1772531356.3397145,4165,0.7808208465576172,1280.7035114503817,0.8966413571680979,0.0013542006808922237,7.763571984588896e-05,0.003947765150840435,0.0,0.0,0.9,0.0,0.0,5.251934287255626e-17
1772531356.352349,4166,0.7474422454833984,1337.8960127591706,0.8995181532442248,0.0029905963312751496,7.763571984588896e-05,0.003947765150840435,0.0,0.0,0.9,0.0,0.0,5.255582752651864e-17
1772531356.3647048,4167,0.7314682006835938,1367.1134289439374,0.8990453604560438,0.0004812363427718488,7.763571984588896e-05,0.003947765150840435,0.0,0.0,0.9,0.0,0.0,5.2545210347735493e-17
1772531356.377114,4168,0.6844997406005859,1460.9209334726577,0.8994289784997256,0.00041004397301865454,7.763571984588896e-05,0.003947765150840435,0.0,0.0,0.9,0.0,0.0,5.254734498894389e-17
1772531356.3897161,4169,0.7817745208740234,1279.1412015858493,0.900232889516266,0.0008342770796753286,7.763571984588896e-05,0.003947765150840435,0.0,0.0,0.9,0.0,0.0,5.255713847632378e-17
1772531356.4022312,4170,0.6840229034423828,1461.9393516904845,0.9017871208119884,0.0015981335531797438,7.763571984588896e-05,0.003947765150840435,0.0,0.0,0.9,0.0,0.0,5.2580828727167624e-17
1772531356.4146054,4171,0.6940364837646484,1440.8464445207833,0.9007159457269615,0.0011137229139974321,7.763571984588896e-05,0.003947765150840435,0.0,0.0,0.9,0.0,0.0,5.256603818386864e-17
1772531356.4271252,4172,0.6792545318603516,1472.2021762021761,0.901475484080696,0.0007786100562865162,7.763571984588896e-05,0.003947765150840435,0.0,0.0,0.9,0.0,0.0,5.257827804106713e-17
1772531356.4395337,4173,0.6639957427978516,1506.0337522441653,0.9009521738061618,0.0005504716381194633,7.763571984588896e-05,0.003947765150840435,0.0,0.0,0.9,0.0,0.0,5.2571708317543306e-17
1772531356.4521725,4174,0.6811618804931641,1468.0798039901995,0.9023883101583068,0.0014719283590501626,7.763571984588896e-05,0.003947765150840435,0.0,0.0,0.9,0.0,0.0,5.2595417892061226e-17
1772531356.4650197,4175,0.8754730224609375,1142.2396514161221,0.9040135140160424,0.0016598810368026607,7.763571984588896e-05,0.003947765150840435,0.0,0.0,0.9,0.0,0.0,5.262543694999806e-17
1772531356.4784899,4176,1.1310577392578125,884.1281618887015,0.9105416360745727,0.006681915433981849,7.763571984588896e-05,0.003947765150840435,0.0,0.0,0.9,2.7755575615628914e-17,2.7755575615628914e-17,5.201445894137737e-17
1772531356.4898202,4177,0.7293224334716797,1371.1356652500817,0.9004304446193505,0.010465415951309,7.763571984588896e-05,0.003947765150840435,0.0,0.0,0.9,0.0,0.0,5.19183560155821e-17
1772531356.5024045,4178,0.8206367492675781,1218.5659500290528,0.9005789103607804,0.00015435217507073367,7.763571984588896e-05,0.003947765150840435,0.0,0.0,0.9,0.0,0.0,5.1920385731329704e-17
1772531356.5149965,4179,0.911712646484375,1096.836820083682,0.9009985496598122,0.00043204651150591207,7.763571984588896e-05,0.003947765150840435,0.0,0.0,0.9,0.0,0.0,5.1926705720537485e-17
1772531356.5276897,4180,0.9675025939941406,1033.5889600788566,0.9022915075882338,0.0013270180250367707,7.763571984588896e-05,0.003947765150840435,0.0,0.0,0.9,2.7755575615628914e-17,2.7755575615628914e-17,5.155667510142572e-17
1772531356.5406213,4181,0.9243488311767578,1081.8426618519475,0.9060818974899405,0.0038844373653396085,7.763571984588896e-05,0.003947765150840435,0.0,0.0,0.9,2.7755575615628914e-17,2.7755575615628914e-17,5.1579524961280036e-17
1772531356.553484,4182,1.2621879577636719,792.275028333963,0.9056853971574298,0.0005147783170372817,7.763571984588896e-05,0.003947765150840435,0.0,0.0,0.9,0.0,0.0,5.157717071141531e-17
1772531356.5657277,4183,1.310586929321289,763.0169183190832,0.901296618266028,0.004545594571891843,7.763571984588896e-05,0.003947765150840435,0.0,0.0,0.9,0.0,0.0,5.151937417222077e-17
1772531356.5792332,4184,1.5842914581298828,631.1969902182092,0.9082114415654162,0.007101273817784135,7.763571984588896e-05,0.003947765150840435,0.0,0.0,0.9,2.7755575615628914e-17,2.7755575615628914e-17,5.191490341203664e-17
1772531356.5907714,4185,1.1107921600341797,900.2584245546254,0.9007485961491095,0.007719970722646471,7.763571984588896e-05,0.003947765150840435,0.0,0.0,0.9,0.0,0.0,5.177750721406337e-17
1772531356.6033168,4186,1.3427734375,744.7272727272727,0.899051512440175,0.0017402462416233994,7.763571984588896e-05,0.003947765150840435,0.0,0.0,0.9,0.0,0.0,5.174911804018355e-17
1772531356.6158135,4187,1.341104507446289,745.6540444444445,0.899421801051498,0.0004216824503262033,7.763571984588896e-05,0.003947765150840435,0.0,0.0,0.9,0.0,0.0,5.175034804533589e-17
1772531356.6278982,4188,0.9622573852539062,1039.222993062438,0.8986111559016673,0.0008279818566527873,7.763571984588896e-05,0.003947765150840435,0.0,0.0,0.9,0.0,0.0,5.1732947665254e-17
1772531356.6404533,4189,0.9725093841552734,1028.267712674675,0.8994739748633755,0.0009223435820002872,7.763571984588896e-05,0.003947765150840435,0.0,0.0,0.9,0.0,0.0,5.174083259992852e-17
1772531356.652784,4190,0.8466243743896484,1181.161362996339,0.8989638972800765,0.0005239956472951297,7.763571984588896e-05,0.003947765150840435,0.0,0.0,0.9,0.0,0.0,5.172823309056172e-17
1772531356.6661286,4191,1.226186752319336,815.53645732063,0.904327246886625,0.005529919357991529,7.763571984588896e-05,0.003947765150840435,0.0,0.0,0.9,0.0,0.0,5.1810353027430444e-17
1772531356.6785605,4192,1.2295246124267578,813.3224743067675,0.9028043228830535,0.0015892636847293718,7.763571984588896e-05,0.003947765150840435,0.0,0.0,0.9,0.0,0.0,5.179232567241274e-17
1772531356.6906266,4193,1.0578632354736328,945.3017804823079,0.8992135872192962,0.003698829338971483,7.763571984588896e-05,0.003947765150840435,0.0,0.0,0.9,0.0,0.0,5.1737169816655064e-17
1772531356.703808,4194,1.1746883392333984,851.2896285772275,0.9050517922836706,0.006014536189744064,7.763571984588896e-05,0.003947765150840435,0.0,0.0,0.9,0.0,0.0,5.18279111439573e-17
1772531356.715672,4195,0.9565353393554688,1045.4396809571285,0.8997871274947069,0.005435793042605657,7.763571984588896e-05,0.003947765150840435,0.0,0.0,0.9,0.0,0.0,5.175047096050189e-17
1772531356.7276683,4196,0.6313323974609375,1583.95166163142,0.8976088227521666,0.002229403881795806,7.763571984588896e-05,0.003947765150840435,0.0,0.0,0.9,0.0,0.0,5.171163159234614e-17
1772531356.7406447,4197,0.8487701416015625,1178.1752808988765,0.901102400522809,0.003621880265387731,7.763571984588896e-05,0.003947765150840435,0.0,0.0,0.9,0.0,0.0,5.1760140079988013e-17
1772531356.753213,4198,0.7953643798828125,1257.2853717026378,0.9017094160673652,0.0006262429767808156,7.763571984588896e-05,0.003947765150840435,0.0,0.0,0.9,0.0,0.0,5.1769610678390904e-17
1772531356.7645476,4199,0.5452632904052734,1833.9763882815917,0.8926560323891448,0.009308249546380088,7.763571984588896e-05,0.003947765150840435,0.0,0.0,0.9,0.0,0.0,5.162363332755637e-17
1772531356.7789721,4200,1.4007091522216797,713.924085106383,0.9056913446803833,0.013461869223766918,7.763571984588896e-05,0.003947765150840435,0.0,0.0,0.9,0.0,0.0,5.181602768602775e-17
1772531356.7907958,4201,1.148223876953125,870.9102990033223,0.900294677949895,0.005578415490768718,7.763571984588896e-05,0.003947765150840435,0.0,0.0,0.9,0.0,0.0,5.173807044815083e-17
1772531356.803339,4202,1.157522201538086,863.9143151390319,0.9007102347364765,0.00043549247058409876,7.763571984588896e-05,0.003947765150840435,0.0,0.0,0.9,0.0,0.0,5.17428277732959e-17
1772531356.8155303,4203,1.0867118835449219,920.2071083808688,0.8983202643657705,0.0024532505310928855,7.763571984588896e-05,0.003947765150840435,0.0,0.0,0.9,0.0,0.0,5.1702943368726213e-17
1772531356.8276317,4204,0.7276535034179688,1374.2804718217562,0.8983020073015331,0.00014215328865971197,7.763571984588896e-05,0.003947765150840435,0.0,0.0,0.9,0.0,0.0,5.1696242955370813e-17
1772531356.8392954,4205,0.41961669921875,2383.1272727272726,0.8936285243912144,0.004787936889849201,7.763571984588896e-05,0.003947765150840435,0.0,0.0,0.9,0.0,0.0,5.161427172557304e-17
1772531356.8523571,4206,0.5412101745605469,1847.711013215859,0.8999294601236124,0.006536828808098966,7.763571984588896e-05,0.003947765150840435,0.0,0.0,0.9,0.0,0.0,5.1699215180650356e-17
1772531356.864218,4207,0.4093647003173828,2442.8095515433897,0.8957275347492774,0.004312768313964479,7.763571984588896e-05,0.003947765150840435,0.0,0.0,0.9,0.0,0.0,5.1628603806617434e-17
1772531356.8767207,4208,0.3235340118408203,3090.865143699337,0.8978474908298533,0.0022268053614428315,7.763571984588896e-05,0.003947765150840435,0.0,0.0,0.9,0.0,0.0,5.165085154246917e-17
1772531356.8891952,4209,0.3025531768798828,3305.2040977147362,0.8989781624868779,0.0011881934288002348,7.763571984588896e-05,0.003947765150840435,0.0,0.0,0.9,0.0,0.0,5.16620365372358e-17
1772531356.9017255,4210,0.316619873046875,3158.3614457831327,0.900087735695991,0.001152506157810756,7.763571984588896e-05,0.003947765150840435,0.0,0.0,0.9,0.0,0.0,5.167563243830527e-17
1772531356.91424,4211,0.35190582275390625,2841.669376693767,0.9006895857050627,0.0006209084184188798,7.763571984588896e-05,0.003947765150840435,0.0,0.0,0.9,0.0,0.0,5.1683738934194345e-17
1772531356.926712,4212,0.31685829162597656,3155.984951091046,0.901188634028486,0.00051191496597008,7.763571984588896e-05,0.003947765150840435,0.0,0.0,0.9,0.0,0.0,5.1691747128932804e-17
1772531356.939188,4213,0.2949237823486328,3390.7065481002423,0.9015230357879696,0.00034412331569696884,7.763571984588896e-05,0.003947765150840435,0.0,0.0,0.9,0.0,0.0,5.1698393718014673e-17
1772531356.9516933,4214,0.3066062927246094,3261.51166407465,0.9018064315086096,0.00029527768627387354,7.763571984588896e-05,0.003947765150840435,0.0,0.0,0.9,0.0,0.0,5.170511205104193e-17
1772531356.9641345,4215,0.34809112548828125,2872.8109589041096,0.90124416946211,0.0005972031015245009,7.763571984588896e-05,0.003947765150840435,0.0,0.0,0.9,0.0,0.0,5.1698851382745665e-17
1772531356.976624,4216,0.3085136413574219,3241.3477588871715,0.9016669149638797,0.000433100325660818,7.763571984588896e-05,0.003947765150840435,0.0,0.0,0.9,0.0,0.0,5.1707346115823015e-17
1772531356.989196,4217,0.30112266540527344,3320.9057798891527,0.9025812411939284,0.0009338602302118424,7.763571984588896e-05,0.003947765150840435,0.0,0.0,0.9,0.0,0.0,5.1724822556529495e-17
1772531357.0016987,4218,0.3159046173095703,3165.5124528301885,0.9025452805901194,0.00014315668577584954,7.763571984588896e-05,0.003947765150840435,0.0,0.0,0.9,0.0,0.0,5.172896301107005e-17
1772531357.0144894,4219,0.4494190216064453,2225.0949602122014,0.9039719618225822,0.001456010383174258,7.763571984588896e-05,0.003947765150840435,0.0,0.0,0.9,0.0,0.0,5.1756848010216254e-17
1772531357.0281825,4220,1.0461807250976562,955.8577939835916,0.9096539047532597,0.005813860796306897,7.763571984588896e-05,0.003947765150840435,0.0,0.0,0.9,0.0,0.0,5.1857883777938666e-17
1772531357.0396605,4221,0.6909370422363281,1447.3098688750863,0.900930746457219,0.00903340382508984,7.763571984588896e-05,0.003947765150840435,0.0,0.0,0.9,0.0,0.0,5.173620065685553e-17
1772531357.052311,4222,0.6952285766601562,1438.3758573388202,0.9022744268405121,0.0013783917814919697,7.763571984588896e-05,0.003947765150840435,0.0,0.0,0.9,0.0,0.0,5.175897707065404e-17
1772531357.064716,4223,0.6968975067138672,1434.9312350325008,0.9011013960555306,0.0012182534063934353,7.763571984588896e-05,0.003947765150840435,0.0,0.0,0.9,0.0,0.0,5.174354436620335e-17
1772531357.0773158,4224,0.743865966796875,1344.3282051282051,0.9015585906343496,0.00046839901705754156,7.763571984588896e-05,0.003947765150840435,0.0,0.0,0.9,0.0,0.0,5.175181432876269e-17
1772531357.089802,4225,0.8366107940673828,1195.298945568538,0.9004544988844713,0.0011388930949361505,7.763571984588896e-05,0.003947765150840435,0.0,0.0,0.9,0.0,0.0,5.17354881109014e-17
1772531357.1017811,4226,0.35834312438964844,2790.6214238190287,0.8996774053060171,0.0007954374744260958,7.763571984588896e-05,0.003947765150840435,0.0,0.0,0.9,0.0,0.0,5.172182202983087e-17
1772531357.1141005,4227,0.308990478515625,3236.3456790123455,0.8988325133422249,0.0008622812129117062,7.763571984588896e-05,0.003947765150840435,0.0,0.0,0.9,0.0,0.0,5.1705148601939176e-17
1772531357.1266189,4228,0.3285408020019531,3043.7619738751814,0.8995009159933807,0.0007131255979426035,7.763571984588896e-05,0.003947765150840435,0.0,0.0,0.9,0.0,0.0,5.1711024047434027e-17
1772531357.1391923,4229,0.3046989440917969,3281.928012519562,0.9007841101058081,0.001332574910191051,7.763571984588896e-05,0.003947765150840435,0.0,0.0,0.9,0.0,0.0,5.172833892458297e-17
1772531357.1517653,4230,0.33974647521972656,2943.371228070175,0.9014574450977983,0.0006945299917384241,7.763571984588896e-05,0.003947765150840435,0.0,0.0,0.9,0.0,0.0,5.1738653060832507e-17
1772531357.1640692,4231,0.2944469451904297,3396.1975708502023,0.8999588155209617,0.001542270511480431,7.763571984588896e-05,0.003947765150840435,0.0,0.0,0.9,0.0,0.0,5.1715178625443514e-17
1772531357.1766186,4232,0.30422210693359375,3287.0721003134795,0.9007149375858031,0.0007869600493477309,7.763571984588896e-05,0.003947765150840435,0.0,0.0,0.9,0.0,0.0,5.172497739855699e-17
1772531357.189212,4233,0.3142356872558594,3182.3247344461306,0.901678995237931,0.0009931971079950876,7.763571984588896e-05,0.003947765150840435,0.0,0.0,0.9,0.0,0.0,5.17398997148908e-17
1772531357.2017882,4234,0.3657341003417969,2734.2268578878748,0.9020437077949238,0.00037184757956803107,7.763571984588896e-05,0.003947765150840435,0.0,0.0,0.9,0.0,0.0,5.174731023628348e-17
1772531357.2141414,4235,0.3504753112792969,2853.268027210884,0.9007189072990065,0.0013687876621925714,7.763571984588896e-05,0.003947765150840435,0.0,0.0,0.9,0.0,0.0,5.1728076642293403e-17
1772531357.226693,4236,0.3161430358886719,3163.1251885369534,0.9015276403948489,0.0008333151528493374,7.763571984588896e-05,0.003947765150840435,0.0,0.0,0.9,0.0,0.0,5.1740572151868724e-17
1772531357.239198,4237,0.30303001403808594,3300.0031471282455,0.9016220615113852,9.681339145343516e-05,7.763571984588896e-05,0.003947765150840435,0.0,0.0,0.9,0.0,0.0,5.1743286749048166e-17
1772531357.251687,4238,0.29778480529785156,3358.12970376301,0.9015463774958268,8.65850727643512e-05,7.763571984588896e-05,0.003947765150840435,0.0,0.0,0.9,0.0,0.0,5.174345617344267e-17
1772531357.2641373,4239,0.3523826599121094,2837.8240866035185,0.9006957405411758,0.0008776891673561998,7.763571984588896e-05,0.003947765150840435,0.0,0.0,0.9,0.0,0.0,5.1730831362604677e-17
1772531357.2765682,4240,0.2942085266113281,3398.9497568881684,0.9005824022441099,0.00011590870294235352,7.763571984588896e-05,0.003947765150840435,0.0,0.0,0.9,0.0,0.0,5.172825603061329e-17
1772531357.289189,4241,0.3037452697753906,3292.232339089482,0.9017751968468368,0.0012290729387289903,7.763571984588896e-05,0.003947765150840435,0.0,0.0,0.9,0.0,0.0,5.1746668689984915e-17
1772531357.3019056,4242,0.4000663757324219,2499.585220500596,0.9030047022184716,0.0012588636167608696,7.763571984588896e-05,0.003947765150840435,0.0,0.0,0.9,0.0,0.0,5.1768444096007345e-17
1772531357.314188,4243,0.37550926208496094,2663.0501587301587,0.9007604466678159,0.0023208047944830285,7.763571984588896e-05,0.003947765150840435,0.0,0.0,0.9,0.0,0.0,5.1736401966160086e-17
1772531357.3267329,4244,0.31256675720214844,3199.316552250191,0.9016392161267867,0.0009052878258116291,7.763571984588896e-05,0.003947765150840435,0.0,0.0,0.9,2.7755575615628914e-17,2.7755575615628914e-17,5.149514962790671e-17
1772531357.3391016,4245,0.29921531677246094,3342.0749003984065,0.900437018017865,0.0012391175874191741,7.763571984588896e-05,0.003947765150840435,0.0,0.0,0.9,2.7755575615628914e-17,2.7755575615628914e-17,5.156506398423217e-17
1772531357.3516746,4246,0.3044605255126953,3284.4980422866092,0.9013295024263388,0.0009223602499646729,7.763571984588896e-05,0.003947765150840435,0.0,0.0,0.9,2.7755575615628914e-17,2.7755575615628914e-17,5.1975332404572776e-17
1772531357.364117,4247,0.331878662109375,3013.1494252873563,0.900576107957069,0.0007755398061855057,7.763571984588896e-05,0.003947765150840435,0.0,0.0,0.9,2.7755575615628914e-17,2.7755575615628914e-17,5.266559095038815e-17
1772531357.3765993,4248,0.31304359436035156,3194.4432597105865,0.9005899229955594,3.600933527202284e-05,7.763571984588896e-05,0.003947765150840435,0.0,0.0,0.9,0.0,0.0,5.260213817488343e-17
1772531357.3892338,4249,0.31828880310058594,3141.8007490636705,0.9019016964079255,0.0013517518589012676,7.763571984588896e-05,0.003947765150840435,0.0,0.0,0.9,0.0,0.0,5.2622177947921084e-17
