timestamp,iteration,frame_duration_ms,frame_frequency_hz,K_norm,K_delta_norm,Q_norm,R_norm,input_jump,pinocchio_time_ms,alpha,prediction_displacement_norm,innovation_norm,correction_norm
1772534549.6585987,1,0.43201446533203125,2314.737306843267,2.0581949918003932,0.0,0.00046349882296118223,0.001407359050213237,0.0,0.02002716064453125,0.2,0.0,0.0,0.8215659020331012
1772534549.6700203,2,0.49805641174316406,2007.8046912398277,1.0403549712511209,1.0287569883122798,0.0009888038959886796,0.001407359050213237,0.0,0.02765655517578125,0.2,2.841566338564724e-06,2.841566338565989e-06,0.3031088058895706
1772534549.683077,3,0.6737709045410156,1484.1840056617127,0.7458547860339414,0.37073175230104655,0.0009330290006749171,0.001407359050213237,0.0,0.03504753112792969,0.2,0.0006402291151313892,0.0006402291151313892,0.17751261916133956
1772534549.6959822,4,0.8487701416015625,1178.1752808988765,0.6955309127709538,0.2466773924191398,0.0009059848970982538,0.001407359050213237,0.0,0.03504753112792969,0.2,0.0021517791151143936,0.0021517791151143936,0.12454476989504226
1772534549.7077572,5,0.6573200225830078,1521.328980776206,0.7741556274526625,0.21626379093052944,0.0008938176857277861,0.001407359050213237,0.0,0.03504753112792969,0.2,0.004358679595584445,0.004358679595584445,0.09689751608109626
1772534549.720265,6,0.5693435668945312,1756.4087102177555,0.9476662255100455,0.2406323517881749,0.0008891814195788502,0.001407359050213237,0.0,0.03504753112792969,0.2,0.008042489281188656,0.008042489281188656,0.08130083663747459
1772534549.7334738,7,0.835418701171875,1197.0045662100456,1.168687015313687,0.25467064399076345,0.0008891420697914515,0.001407359050213237,0.0,0.03504753112792969,0.2,0.012917381257434966,0.012917381257434968,0.07217215103722276
1772534549.7458405,8,0.820159912109375,1219.2744186046511,1.375806552314815,0.2247353584784736,0.0008929112335636046,0.001407359050213237,0.0,0.03719329833984375,0.2,0.01761557170335108,0.01761557170335108,0.06605179125928015
1772534549.757654,9,0.6093978881835938,1640.964006259781,1.5620893443715198,0.196324794124506,0.0009005873224740158,0.001407359050213237,0.0,0.03719329833984375,0.2,0.022990752409059644,0.022990752409059644,0.06127228754224535
1772534549.7705834,10,0.5669593811035156,1763.7947855340622,1.7569935182908496,0.2009463178378326,0.0009125018032646771,0.001407359050213237,0.0,0.03719329833984375,0.2,0.03150593358697681,0.03150593358697681,0.057276330150823965
1772534549.7833567,11,0.8051395416259766,1242.0207284572105,1.899433886439243,0.14633211717785416,0.000929480397089555,0.001407359050213237,0.0,0.03719329833984375,0.2,0.03709109773142049,0.03709109773142049,0.0530600005462299
1772534549.7956386,12,0.7383823394775391,1354.3119147562156,1.99781753519237,0.10242353599793204,0.0009506530426463783,0.001407359050213237,0.0,0.03719329833984375,0.2,0.04241237006859772,0.04241237006859772,0.04813688013191238
1772534549.8076115,13,0.5645751953125,1771.2432432432433,2.062016334283325,0.07053713107095357,0.0009739080394899706,0.001407359050213237,0.0,0.03719329833984375,0.2,0.047209164524744836,0.047209164524744836,0.04269939202223326
1772534549.820375,14,0.5917549133300781,1689.8887993553585,2.12777669860096,0.0731139707467868,0.0009950043898047237,0.001407359050213237,0.0,0.03719329833984375,0.2,0.05524409671832578,0.05524409671832578,0.03663976174947093
1772534549.8331356,15,0.7681846618652344,1301.770328988206,2.162465252542625,0.04888459346385986,0.001007180324401243,0.001407359050213237,0.0,0.03719329833984375,0.2,0.05866458607771936,0.05866458607771936,0.03095641460394718
1772534549.8457742,16,0.7550716400146484,1324.377644458478,2.181929096299536,0.04060848101105983,0.0009983682066191267,0.001407359050213237,0.0,0.03719329833984375,0.2,0.062267156966908155,0.062267156966908155,0.025238165458535296
1772534549.8578308,17,0.6537437438964844,1529.6513493800146,2.1758872743805844,0.03623475369649764,0.0009545725390449923,0.001407359050213237,0.0,0.03719329833984375,0.2,0.06254066474898484,0.06254066474898484,0.020303848379288125
1772534549.8701725,18,0.6115436553955078,1635.206237816764,2.171376329396669,0.0352808583411385,0.0008657706682382985,0.001407359050213237,0.0,0.03719329833984375,0.2,0.06567968180770321,0.06567968180770321,0.01554763316453986
1772534549.8830664,19,0.6945133209228516,1439.8571918983866,2.168256930412967,0.03536859954630949,0.0007254446757113085,0.001407359050213237,0.0,0.03719329833984375,0.2,0.06946070082941347,0.06946070082941347,0.011815305735131738
1772534549.8956864,20,0.7810592651367188,1280.3125763125763,2.13650141281091,0.04886662737669716,0.0005416366729573389,0.001407359050213237,0.0,0.03933906555175781,0.2,0.06836606217398034,0.06836606217398034,0.010160386292355075
1772534549.9077246,21,0.6206035614013672,1611.3346139070304,2.078423271871246,0.0710684516476595,0.0003566556342116796,0.001407359050213237,0.0,0.03933906555175781,0.2,0.06632185651753597,0.06632185651753597,0.010093024273664038
1772534549.9203024,22,0.6830692291259766,1463.9804537521816,2.016729626241503,0.07674850048607651,0.00021622791480176498,0.001407359050213237,0.0,0.03933906555175781,0.2,0.06795957958048274,0.06795957958048274,0.011630051376302911
1772534549.9327416,23,0.6012916564941406,1663.086439333862,1.9390982849850615,0.09368163148626467,0.0001454262626406523,0.001407359050213237,0.0,0.03933906555175781,0.2,0.0669586823704603,0.0669586823704603,0.013545730760276129
1772534549.9454622,24,0.72479248046875,1379.7052631578947,1.855159357055032,0.1018880145564572,0.00014141925723376263,0.001407359050213237,0.0,0.03933906555175781,0.2,0.06651747937268385,0.06651747937268385,0.015667912811615246
1772534549.9575684,25,0.4189014434814453,2387.196357427433,1.7644862167043358,0.10912011238672241,0.00019048291647191025,0.001407359050213237,0.0,0.03933906555175781,0.2,0.06384211231521965,0.06384211231521965,0.017204227354668516
1772534549.970246,26,0.5650520324707031,1769.748523206751,1.684568819613063,0.1004867797325935,0.0002822431615394073,0.001407359050213237,0.0,0.03933906555175781,0.2,0.06341080691858286,0.06341080691858286,0.01895488803604017
1772534549.9828146,27,0.6470680236816406,1545.4325718496684,1.6150829060681582,0.09257755612702011,0.0003968287336544418,0.001407359050213237,0.0,0.03933906555175781,0.2,0.06140534117732675,0.06140534117732675,0.02021211961843302
1772534549.995961,28,0.8676052093505859,1152.597966474306,1.569534988121232,0.07894123641269499,0.0005118842698490113,0.001407359050213237,0.0,0.03933906555175781,0.2,0.06205161457282021,0.06205161457282021,0.02189593775746413
1772534550.008133,29,0.8103847503662109,1233.9817593409825,1.5301892330114324,0.07942031705726942,0.0006208658620874009,0.001407359050213237,0.0,0.03933906555175781,0.2,0.05680796214349491,0.0568079621434949,0.0222173685557932
1772534550.0203536,30,0.6778240203857422,1475.3091804431938,1.5155516530317927,0.07848487689913318,0.0007074993001247008,0.001407359050213237,0.0,0.03933906555175781,0.2,0.05557952836266543,0.05557952836266543,0.023121444839400037
1772534550.0328343,31,0.6728172302246094,1486.2877391920624,1.5255878163509544,0.0861267975008035,0.0007794897713514375,0.001407359050213237,0.0,0.03933906555175781,0.2,0.054492510733024864,0.054492510733024864,0.024080796858027102
1772534550.0455565,32,0.8003711700439453,1249.4203157581173,1.5574741473037033,0.09652830315977685,0.0008377786644130375,0.001407359050213237,0.0,0.03933906555175781,0.2,0.05315112823049231,0.05315112823049231,0.02503341978353235
1772534550.0582812,33,0.7939338684082031,1259.5507507507507,1.6073831252625042,0.1050671295177337,0.0008836143731683173,0.001407359050213237,0.0,0.06031990051269531,0.2,0.05165550065545726,0.05165550065545726,0.025982500374455788
1772534550.0703561,34,0.6003379821777344,1665.7283558379665,1.6565297401356862,0.0987817176400788,0.000918857649121522,0.001407359050213237,0.0,0.06031990051269531,0.2,0.047528541849560006,0.047528541849560006,0.026256681422384975
1772534550.082985,35,0.7045269012451172,1419.3922165820643,1.7216643797617768,0.1050367697687574,0.0009436872465376059,0.001407359050213237,0.0,0.06031990051269531,0.2,0.0467367242304049,0.0467367242304049,0.28360155697671247
1772534550.095733,36,0.8001327514648438,1249.792610250298,1.7887799264020154,0.0978822337355144,0.0009664091556185851,0.001407359050213237,0.0,0.06031990051269531,0.2,0.07007256257038715,0.07007256257038715,0.26216249304323336
1772534550.107471,37,0.5629062652587891,1776.4947056332062,1.8279945526859258,0.06514138580909534,0.0008569009577063484,0.001407359050213237,0.0,0.06031990051269531,0.2,0.08739943365188219,0.08739943365188219,0.24025493898307615
1772534550.120352,38,0.6630420684814453,1508.1999280834232,1.882036280252811,0.07346623787105998,0.0008319397984156686,0.001407359050213237,0.0,0.06031990051269531,0.2,0.11653509643821704,0.11653509643821704,0.21976353255950176
1772534550.1329687,39,0.6875991821289062,1454.3356449375867,1.9116031725937492,0.05734871609894016,0.0008943043341568581,0.001407359050213237,0.0,0.06031990051269531,0.2,0.13508689893776576,0.13508689893776576,0.20020480773199809
1772534550.1456,40,0.7834434509277344,1276.416311625076,1.9298185072737233,0.06558796315156146,0.0009925737695874008,0.001407359050213237,0.0,0.06031990051269531,0.2,0.1539971014241622,0.1539971014241622,0.18080170611631177
1772534550.1576333,41,0.5576610565185547,1793.203933304831,1.9290474050510835,0.08079137073055564,0.0009246046997271002,0.001407359050213237,0.0,0.06031990051269531,0.2,0.16652293076770341,0.16652293076770341,0.16238382183431513
1772534550.1703236,42,0.6520748138427734,1533.566361974406,1.9229988104551328,0.09343195809190069,0.0005760764556395655,0.001407359050213237,0.0,0.06031990051269531,0.2,0.18924924888849956,0.18924924888849956,0.14393319900920581
1772534550.1830328,43,0.6670951843261719,1499.036454610436,1.8965847185458045,0.08934969302953716,0.0007749487847314719,0.001407359050213237,0.0,0.06031990051269531,0.2,0.20453562724901939,0.20453562724901939,0.12693820749337614
1772534550.195568,44,0.7152557373046875,1398.1013333333333,1.8677234297009793,0.0817131965567168,0.001005046155505167,0.001407359050213237,0.0,0.06031990051269531,0.2,0.21442094484245092,0.21442094484245092,0.11086704919386939
1772534550.2077842,45,0.6604194641113281,1514.1891696750902,1.846933819665106,0.07987246015708985,0.0008912539061732464,0.001407359050213237,0.0,0.06031990051269531,0.2,0.21979078677082375,0.21979078677082375,0.09599924682757037
1772534550.220486,46,0.6685256958007812,1495.8288159771755,1.8480864370051469,0.0790386305995667,0.0007368012469618087,0.001407359050213237,0.0,0.06031990051269531,0.2,0.23637043923629422,0.23637043923629422,0.08134049702335445
1772534550.232743,47,0.6341934204101562,1576.806015037594,1.8381115002312998,0.07257411972474016,0.0006280568140826108,0.001407359050213237,0.0,0.06031990051269531,0.2,0.23279301632068647,0.23279301632068647,0.0707074116640256
1772534550.2454457,48,0.7631778717041016,1310.3105279600125,1.83691723219764,0.06454731632102097,0.000574475263018749,0.001407359050213237,0.0,0.06031990051269531,0.2,0.24365226148850896,0.24365226148850896,0.06159413841605206
1772534550.2576277,49,0.45371055603027344,2204.048344718865,1.825792126973929,0.05510531545394756,0.0005646727761061814,0.001407359050213237,0.0,0.06031990051269531,0.2,0.24128350162555073,0.24128350162555073,0.05643511128138108
1772534550.2701924,50,0.5557537078857422,1799.3582153582154,1.8143963423278497,0.047639312591068524,0.0005976373740304218,0.001407359050213237,0.0,0.06031990051269531,0.2,0.243009596521507,0.243009596521507,0.0544093676008327
1772534550.28279,51,0.6434917449951172,1554.0214894405335,1.8033821726149224,0.04427050320116979,0.0006740609391217572,0.001407359050213237,0.0,0.06031990051269531,0.2,0.2420881942639595,0.2420881942639595,0.055197803788152526
1772534550.2955656,52,0.7607936859130859,1314.4167972422438,1.8001593930421698,0.04704042308320146,0.0007899300411817362,0.001407359050213237,0.0,0.06031990051269531,0.2,0.24304057046826458,0.24304057046826458,0.05838700972028174
1772534550.3078737,53,0.7331371307373047,1364.0013008130081,1.7959188411805167,0.05667013686743299,0.0009188182308477257,0.001407359050213237,0.0,0.06031990051269531,0.2,0.23286852580432355,0.23286852580432355,0.06131393433177734
1772534550.3203087,54,0.6735324859619141,1484.7093805309735,1.8059957012224703,0.07349176568521472,0.0009988115280200817,0.001407359050213237,0.0,0.06031990051269531,0.2,0.23198560359262388,0.23198560359262388,0.06593441405330888
1772534550.3328185,55,0.6628036499023438,1508.7424460431655,1.8210094433557173,0.09171688635470664,0.0010060147220022236,0.001407359050213237,0.0,0.06031990051269531,0.2,0.22806101079872731,0.22806101079872731,0.0703034770642383
1772534550.345583,56,0.7727146148681641,1294.1388460351743,1.8363021195579328,0.11004030961093499,0.0009956760010900899,0.001407359050213237,0.0,0.06031990051269531,0.2,0.22538596706914035,0.22538596706914035,0.07445736402710078
1772534550.3579257,57,0.6916522979736328,1445.8131678731472,1.839672287900836,0.12526880266028792,0.0010036839252514141,0.001407359050213237,0.0,0.06031990051269531,0.2,0.21547252465173025,0.21547252465173025,0.07633643307896511
1772534550.370356,58,0.6825923919677734,1465.0031435557107,1.8460945664722073,0.14201296316501472,0.0010082423110338986,0.001407359050213237,0.0,0.06031990051269531,0.2,0.2118649077188472,0.2118649077188472,0.07831377446079701
1772534550.3832304,59,0.8022785186767578,1246.4499257057948,1.8655591251258266,0.15756420501398608,0.0009978094565346552,0.001407359050213237,0.0,0.06031990051269531,0.2,0.21220936517618577,0.21220936517618577,0.23235971349821705
1772534550.3962376,60,1.0578632354736328,945.3017804823079,1.8894165439041437,0.16138332719882267,0.0009264009623093225,0.001407359050213237,0.0,0.06031990051269531,0.2,0.23148794037949458,0.23148794037949458,0.21465368125553402
1772534550.408919,61,1.1456012725830078,872.9040582726327,1.9154879508879623,0.15778008840612429,0.0009368316130967349,0.001407359050213237,0.0,0.06031990051269531,0.2,0.24966175020201753,0.24966175020201753,0.19773044707466722
1772534550.421637,62,1.0142326354980469,985.9670897978373,1.9495792725697707,0.15630109615288582,0.0010001434196215888,0.001407359050213237,0.0,0.06031990051269531,0.2,0.2720688554973184,0.2720688554973184,0.1796274425397624
1772534550.4338434,63,1.1818408966064453,846.1375832156547,1.9656321701583053,0.13696344794274457,0.0009189731262796161,0.001407359050213237,0.0,0.09679794311523438,0.2,0.2739628442855001,0.2739628442855001,0.16156238189443353
1772534550.446059,64,0.8597373962402344,1163.1458679977816,1.9913737977714658,0.10951778259296974,0.0006431524523848353,0.001407359050213237,0.0,0.09679794311523438,0.2,0.30441921121854854,0.30441921121854854,0.13819411991090338
1772534550.4588344,65,1.3580322265625,736.3595505617977,1.9906391804844916,0.04434822651840742,0.0008297716304813659,0.001407359050213237,0.0,0.11873245239257812,0.2,0.3156775746500928,0.3156775746500928,0.11510408956543801
1772534550.4714038,66,1.2412071228027344,805.6673069535152,1.9835892235495733,0.0337311560665023,0.0010050937220151199,0.001407359050213237,0.0,0.11873245239257812,0.2,0.3367565178232369,0.3367565178232369,0.08873619039569684
1772534550.484242,67,1.2018680572509766,832.0380876810157,1.975894970142444,0.07889297420767626,0.0009249093930620835,0.001407359050213237,0.0,0.11873245239257812,0.2,0.35267584314869826,0.35267584314869826,0.06223536991599569
1772534550.4971867,68,1.4908313751220703,670.7666719974412,1.962116492761237,0.10283879777275477,0.0008264511488639197,0.001407359050213237,0.0,0.11873245239257812,0.2,0.35370919439837234,0.35370919439837234,0.03872988133068446
1772534550.5097497,69,1.5628337860107422,639.8633104500382,1.9493307126313024,0.10934885393784463,0.0007984053799448823,0.001407359050213237,0.0,0.11873245239257812,0.2,0.3538921758756823,0.3538921758756823,0.01839909783196806
1772534550.5216405,70,0.9009838104248047,1109.8978565758136,1.9409597324511934,0.10689279509936464,0.0008552128838060229,0.001407359050213237,0.0,0.11873245239257812,0.2,0.3520780490276291,0.3520780490276291,0.014486942001023488
1772534550.5344255,71,1.2788772583007812,781.9358687546606,1.9430141560561383,0.10248368686739426,0.0009758294227091426,0.001407359050213237,0.0,0.11873245239257812,0.2,0.35178463253614517,0.35178463253614517,0.030188723064497113
1772534550.546303,72,0.9486675262451172,1054.1100779090223,1.9443826955954608,0.09346955895186468,0.0009282296124504373,0.001407359050213237,0.0,0.11873245239257812,0.2,0.33936142986634593,0.33936142986634593,0.04505107758666362
1772534550.5587056,73,0.8203983306884766,1218.9200813716943,1.945279557439262,0.0759579132760121,0.0002656075983981816,0.001407359050213237,0.0,0.11873245239257812,0.2,0.34477167143173787,0.34477167143173787,0.0626219966067734
1772534550.57284,74,2.0880699157714844,478.91116693308976,1.9337206683563044,0.05624529069776745,0.00039471543528780484,0.001407359050213237,0.0,0.1914501190185547,0.2,0.35341892213428766,0.35341892213428766,0.08063971202045542
1772534550.5842466,75,1.3685226440429688,730.7149825783972,1.892407723632068,0.06574792282579632,0.0009690146713060396,0.001407359050213237,0.0,0.1914501190185547,0.2,0.318218154259773,0.318218154259773,0.26989502083625816
1772534550.5972118,76,1.377105712890625,726.1606648199446,1.8877831646859515,0.06016658375608625,0.0008331730241394197,0.001407359050213237,0.0,0.1914501190185547,0.2,0.3690246657318324,0.3690246657318324,0.225553498152268
1772534550.60995,77,1.6622543334960938,601.5926563396442,1.8763166801474567,0.05548685493169117,0.0007571189248248052,0.001407359050213237,0.0,0.1914501190185547,0.2,0.37994799696596326,0.37994799696596326,0.1878446453744479
1772534550.6211545,78,1.1739730834960938,851.808285946385,1.8494021470482993,0.05374289004182641,0.0008902058118565125,0.001407359050213237,0.0,0.1914501190185547,0.2,0.36775351744485213,0.36775351744485213,0.15512028969472622
1772534550.633573,79,0.9822845458984375,1018.0349514563106,1.863220906522241,0.05575205938711649,0.0009944343073611428,0.001407359050213237,0.0,0.1914501190185547,0.2,0.4148734491817999,0.4148734491817999,0.11593357790955565
1772534550.645737,80,0.8666515350341797,1153.8662998624484,1.8567691157013806,0.04815989014070228,0.0004024531157216342,0.001407359050213237,0.0,0.1914501190185547,0.2,0.41381403181078885,0.41381403181078885,0.0859642761735413
1772534550.6575148,81,0.4734992980957031,2111.9355488418933,1.8312114516099904,0.036630424196797455,0.0007029098882728003,0.001407359050213237,0.0,0.1914501190185547,0.2,0.4163404409815336,0.4163404409815336,0.05735753188805488
1772534550.6701665,82,0.5953311920166016,1679.73728474169,1.8200496946745557,0.029810587238135778,0.0010051965995273341,0.001407359050213237,0.0,0.1914501190185547,0.2,0.4364820294377908,0.4364820294377908,0.02764596181966725
1772534550.6828716,83,0.6656646728515625,1502.2578796561604,1.8218794232167095,0.050305805777507595,0.0009262586340890065,0.001407359050213237,0.0,0.1914501190185547,0.2,0.4437675153585624,0.4437675153585624,0.0037253502777005836
1772534550.695293,84,0.6844997406005859,1460.9209334726577,1.8245010868871019,0.06174067268501229,0.0008976935332041904,0.001407359050213237,0.0,0.1914501190185547,0.2,0.4343208563081509,0.4343208563081509,0.02112499783131352
1772534550.7073696,85,0.4246234893798828,2355.027512633352,1.8337085779884292,0.06989743320265082,0.0009769549839658866,0.001407359050213237,0.0,0.1914501190185547,0.2,0.4283484715513649,0.4283484715513649,0.04199653003495312
1772534550.7201447,86,0.5738735198974609,1742.5442459493145,1.8579764786496025,0.08433506474090949,0.0009314459595847437,0.001407359050213237,0.0,0.1914501190185547,0.2,0.4369147130098771,0.4369147130098771,0.06521313225782754
1772534550.732585,87,0.5774497985839844,1731.7522708505367,1.860771072268641,0.07604782535053167,0.0004569546505216122,0.001407359050213237,0.0,0.1914501190185547,0.2,0.4228419942779991,0.4228419942779991,0.08344191963909046
1772534550.7448452,88,0.40435791015625,2473.056603773585,1.8492430461798988,0.05281957008826367,0.0009226115891431771,0.001407359050213237,0.0,0.1914501190185547,0.2,0.4120657992888547,0.4120657992888547,0.10070266623555728
1772534550.7571747,89,0.3476142883300781,2876.7517146776404,1.8436396289305683,0.04027374227581203,0.0009686620626715322,0.001407359050213237,0.0,0.1914501190185547,0.2,0.401203176000015,0.401203176000015,0.23849838861302167
1772534550.7698214,90,0.4661083221435547,2145.424040920716,1.8467222341621012,0.047273520455417495,0.0007293608243784484,0.001407359050213237,0.0,0.1914501190185547,0.2,0.4314985383990672,0.4314985383990672,0.19629221720499931
1772534550.782303,91,0.42247772216796875,2366.988713318284,1.8495186341529397,0.049618814194255935,0.0007706204057843892,0.001407359050213237,0.0,0.1914501190185547,0.2,0.4516945906180806,0.4516945906180806,0.1560923691748141
1772534550.7948413,92,0.45943260192871094,2176.5978204462895,1.8562969681556047,0.05687795584928447,0.0009803806111558478,0.001407359050213237,0.0,0.1914501190185547,0.2,0.46632429618471033,0.46632429618471033,0.11790164293247411
1772534550.8071651,93,0.3840923309326172,2603.540657976412,1.8595031513814437,0.06798080448353094,0.0006767154418430632,0.001407359050213237,0.0,0.1914501190185547,0.2,0.4739522077296133,0.4739522077296133,0.08251947261633856
1772534550.8196766,94,0.36025047302246094,2775.846459298478,1.8550907417403657,0.05491833772318041,0.0006042675324416926,0.001407359050213237,0.0,0.1914501190185547,0.2,0.48779840878041514,0.48779840878041514,0.04792061843299166
1772534550.8325582,95,0.5168914794921875,1934.6420664206642,1.8533593972264777,0.025952993756100953,0.0010052685971685764,0.001407359050213237,0.0,0.1914501190185547,0.2,0.50090437104114,0.50090437104114,0.015620917137738055
1772534550.8452764,96,0.6532669067382812,1530.7678832116787,1.8554525896857657,0.03014230312983236,0.0009176163722981272,0.001407359050213237,0.0,0.1914501190185547,0.2,0.49657551995999943,0.49657551995999943,0.013703752288196312
1772534550.8573275,97,0.47087669372558594,2123.6982278481014,1.8542977464292267,0.04262596304912732,0.0009053652378529581,0.001407359050213237,0.0,0.1914501190185547,0.2,0.4791925671450024,0.4791925671450024,0.03604269302752126
1772534550.8697257,98,0.4153251647949219,2407.752009184845,1.8689101473300633,0.058142304359379775,0.0010024166681424328,0.001407359050213237,0.0,0.1914501190185547,0.2,0.4853403174681327,0.4853403174681327,0.061684254324141576
1772534550.882212,99,0.3833770751953125,2608.3980099502487,1.8826624022199236,0.06775460637792885,0.0006783473824951888,0.001407359050213237,0.0,0.1914501190185547,0.2,0.4818788768010322,0.4818788768010322,0.08489740794904764
1772534550.8946824,100,0.37217140197753906,2686.9340166559896,1.8797725287846974,0.04973546410318902,0.0005935239648725337,0.001407359050213237,0.0,0.1914501190185547,0.2,0.4709336638248801,0.4709336638248801,0.10545712312199153
1772534550.9072614,101,0.4279613494873047,2336.6596100278553,1.8748236911981888,0.022456860620847275,0.001007258902152714,0.001407359050213237,0.0,0.1914501190185547,0.2,0.4621394867235512,0.4621394867235512,0.23099847438519616
1772534550.9196455,102,0.3745555877685547,2669.830681094844,1.871659665243907,0.02786318067937755,0.0007636091789842097,0.001407359050213237,0.0,0.1914501190185547,0.2,0.4822662586479848,0.4822662586479848,0.18759816508925242
1772534550.9321456,103,0.3628730773925781,2755.784494086728,1.8724386109118745,0.03410610720591935,0.0008099920122708979,0.001407359050213237,0.0,0.1914501190185547,0.2,0.5056778228886081,0.5056778228886081,0.14449187225085536
1772534550.945059,104,0.5340576171875,1872.4571428571428,1.884326012328756,0.04689732607963591,0.0010049760140726505,0.001407359050213237,0.0,0.1914501190185547,0.2,0.5316026972386342,0.5316026972386342,0.10205787296845008
1772534550.9572618,105,0.4374980926513672,2285.724250681199,1.8720486327962125,0.049673764623664116,0.000295403747100627,0.001407359050213237,0.0,0.1914501190185547,0.2,0.5211490738272857,0.5211490738272857,0.0676414581934345
1772534550.9697301,106,0.4000663757324219,2499.585220500596,1.8558430434020137,0.03576504735100611,0.0008181215115089447,0.001407359050213237,0.0,0.1914501190185547,0.2,0.5370828953872446,0.5370828953872446,0.031213072105367747
1772534550.9821465,107,0.36406517028808594,2746.7609692206943,1.8472046309762893,0.020351338804813848,0.0009742417462511169,0.001407359050213237,0.0,0.1914501190185547,0.2,0.5379447609392445,0.5379447609392445,0.009105745520347217
1772534550.9955778,108,0.7276535034179688,1374.2804718217562,1.8644828468023942,0.03515021311621457,0.0008759598428858705,0.001407359050213237,0.0,0.1914501190185547,0.2,0.568560817975057,0.568560817975057,0.04002153451723399
1772534551.007428,109,0.5271434783935547,1897.0167345092718,1.8548582160601075,0.035162889116242754,0.0009440852152857478,0.001407359050213237,0.0,0.1914501190185547,0.2,0.5132628681422692,0.5132628681422692,0.05719068133708692
1772534551.0204382,110,0.5550384521484375,1801.6769759450171,1.8811342210367226,0.05387738505225743,0.0009350572459345172,0.001407359050213237,0.0,0.1914501190185547,0.2,0.5517948759937341,0.5517948759937341,0.09129866928367358
1772534551.0329387,111,0.7083415985107422,1411.7482329182094,1.8702264007814688,0.03823925113957923,0.00021652073804765863,0.001407359050213237,0.0,0.1914501190185547,0.2,0.5146280958049826,0.5146280958049826,0.10924939764679123
1772534551.045815,112,0.9479522705078125,1054.9054325955735,1.857344285378434,0.023709660833654028,0.0009844986356429067,0.001407359050213237,0.0,0.1914501190185547,0.2,0.5152823265914444,0.5152823265914444,0.2235908480916404
1772534551.0576525,113,0.67901611328125,1472.7191011235955,1.8392931182467454,0.028790239992673335,0.0008021548883788674,0.001407359050213237,0.0,0.1914501190185547,0.2,0.5139370485628819,0.5139370485628819,0.18054929685489207
1772534551.0707011,114,0.789642333984375,1266.3961352657004,1.8509651591160259,0.029304892871503053,0.0008556112377973164,0.001407359050213237,0.0,0.1914501190185547,0.2,0.570901618280943,0.570901618280943,0.12982875783886635
1772534551.0832603,115,0.8299350738525391,1204.9135305946568,1.8548777483212484,0.030725061607587992,0.000968043546253772,0.001407359050213237,0.0,0.1914501190185547,0.2,0.5654757529695893,0.5654757529695893,0.09093703649812994
1772534551.0957239,116,0.8742809295654297,1143.797109353695,1.8419544747752958,0.030584306647283264,6.822569167373243e-05,0.001407359050213237,0.0,0.1914501190185547,0.2,0.5704249934447319,0.5704249934447319,0.05283663052911008
1772534551.1079772,117,0.7231235504150391,1382.8895483020112,1.8179760415419461,0.03152715871719236,0.0009711701932116614,0.001407359050213237,0.0,0.1914501190185547,0.2,0.57108442452818,0.57108442452818,0.020233895322199758
1772534551.1205335,118,0.7462501525878906,1340.0332268370607,1.813834477857864,0.02467302461447129,0.0009121865864932708,0.001407359050213237,0.0,0.1914501190185547,0.2,0.5808461149014205,0.5808461149014205,0.02338784032557693
1772534551.1333218,119,0.7226467132568359,1383.8020455295282,1.824432162188002,0.029584257993438258,0.0008483386395047933,0.001407359050213237,0.0,0.1914501190185547,0.2,0.592763415739693,0.592763415739693,0.05509108979654477
1772534551.1462264,120,1.1610984802246094,861.2533880903491,1.8320873418250596,0.027093826369789253,0.0009829973539299945,0.001407359050213237,0.0,0.1914501190185547,0.2,0.572695438593837,0.572695438593837,0.08031276056886032
1772534551.1580706,121,0.7338523864746094,1362.6718648473034,1.8299496737229128,0.02501573689095027,0.0005364158880303003,0.001407359050213237,0.0,0.1914501190185547,0.2,0.5509335178417443,0.5509335178417443,0.10246062236488887
1772534551.1704147,122,0.7262229919433594,1376.9875246224556,1.820250730506252,0.024264642130572025,0.0005315586795502025,0.001407359050213237,0.0,0.1914501190185547,0.2,0.5463202835440178,0.5463202835440178,0.12589486612362996
1772534551.1833396,123,0.8587837219238281,1164.437534702943,1.8231697857191558,0.02567652742318021,0.0009962206819110063,0.001407359050213237,0.0,0.1914501190185547,0.2,0.5536160353700648,0.5536160353700648,0.20028331286245035
1772534551.195578,124,0.7574558258056641,1320.2090022033365,1.8207844173005399,0.026675352393524594,0.0008091745437871288,0.001407359050213237,0.0,0.1914501190185547,0.2,0.5533125137430861,0.5533125137430861,0.1570494049451594
1772534551.207918,125,0.6575584411621094,1520.7773749093546,1.8267948573063646,0.022991751586764066,0.0009595827808506758,0.001407359050213237,0.0,0.1914501190185547,0.2,0.571235419281859,0.571235419281859,0.11303826663283967
1772534551.2199554,126,0.4897117614746094,2042.0175267770205,1.8260646565824705,0.018406603990905816,0.0005799624436872644,0.001407359050213237,0.0,0.1914501190185547,0.2,0.5732181879287569,0.5732181879287569,0.07418564485220765
1772534551.2329395,127,0.640869140625,1560.3809523809523,1.829334452839699,0.018509147824979824,0.00048173312694998815,0.001407359050213237,0.0,0.1914501190185547,0.2,0.6130679295594655,0.6130679295594655,0.03177341292014952
1772534551.245269,128,0.6258487701416016,1597.8300952380953,1.8144863934086242,0.02493158585048308,0.0009859512778205488,0.001407359050213237,0.0,0.1914501190185547,0.2,0.5886190954427255,0.5886190954427255,0.014762553817411405
1772534551.257759,129,0.5724430084228516,1746.8987921699293,1.816494371415828,0.024049583584582573,0.0008359292145963996,0.001407359050213237,0.0,0.1914501190185547,0.2,0.5996870454238563,0.5996870454238563,0.040386173096398297
1772534551.2703784,130,0.6077289581298828,1645.4703805413887,1.8225616906184743,0.02168852564507725,0.0008673024581744328,0.001407359050213237,0.0,0.1914501190185547,0.2,0.596970158361506,0.596970158361506,0.06973280768267318
1772534551.2829893,131,0.698089599609375,1432.48087431694,1.8329126177493147,0.0198521791908902,0.0009974143149268104,0.001407359050213237,0.0,0.1914501190185547,0.2,0.5873664478286093,0.5873664478286093,0.09629163743033337
1772534551.2955997,132,0.8084774017333984,1236.8929519315836,1.825086207807853,0.015620577205513868,9.987383800510523e-05,0.001407359050213237,0.0,0.1914501190185547,0.2,0.5757629974199816,0.5757629974199816,0.1203262946219478
1772534551.3078358,133,0.6620883941650391,1510.372344256392,1.8019510342395932,0.029113784893872348,0.0009573846574707123,0.001407359050213237,0.0,0.1914501190185547,0.2,0.5575968801987974,0.5575968801987974,0.20590625973532917
1772534551.320267,134,0.5362033843994141,1864.9639839928857,1.7969735021412703,0.02047912833095587,0.0008467150038914962,0.001407359050213237,0.0,0.1914501190185547,0.2,0.5865618938419851,0.5865618938419851,0.15654213130806705
1772534551.3328967,135,0.6525516510009766,1532.4457435147972,1.79982148447784,0.01549308260812188,0.0009454380142572558,0.001407359050213237,0.0,0.1914501190185547,0.2,0.6004549352339112,0.6004549352339112,0.11195972488962923
1772534551.345728,136,0.8859634399414062,1128.7147470398277,1.8061234899427863,0.01793072664669502,0.0006771710786729627,0.001407359050213237,0.0,0.1914501190185547,0.2,0.6172620693111908,0.6172620693111908,0.06949783110117934
1772534551.3574066,137,0.4973411560058594,2010.692233940556,1.7846799265009432,0.025346274087441823,0.0005295839546964161,0.001407359050213237,0.0,0.1914501190185547,0.2,0.5905241944621518,0.5905241944621518,0.03847170283981787
1772534551.369918,138,0.4897117614746094,2042.0175267770205,1.7820234773440262,0.015000528284004108,0.000981243588202532,0.001407359050213237,0.0,0.1914501190185547,0.2,0.6212044682300623,0.6212044682300623,0.018296238484503628
1772534551.3829029,139,0.6587505340576172,1518.025334781035,1.7936763601122385,0.024781166418085764,0.0008038730153362263,0.001407359050213237,0.0,0.1914501190185547,0.2,0.63585365760707,0.63585365760707,0.04665004730565636
1772534551.3966305,140,1.1279582977294922,886.5575988163179,1.8154413522399488,0.030778586816470832,0.0008272218176377868,0.001407359050213237,0.0,0.1914501190185547,0.2,0.6565785972373948,0.6565785972373948,0.08277638574396824
1772534551.4077508,141,0.6659030914306641,1501.7200143215182,1.792517177490797,0.03005325128419323,0.0010026894717611917,0.001407359050213237,0.0,0.1914501190185547,0.2,0.5560259424888233,0.5560259424888233,0.09118506817096636
1772534551.4200487,142,0.47278404235839844,2115.130610186586,1.791160044465594,0.024148501991718023,0.0001354098769740467,0.001407359050213237,0.0,0.1914501190185547,0.2,0.5960955954300733,0.5960955954300733,0.12375527984732768
1772534551.4329917,143,0.7328987121582031,1364.4450227716331,1.782804213234807,0.0220280290171363,0.000948167150248513,0.001407359050213237,0.0,0.1914501190185547,0.2,0.596671706903462,0.596671706903462,0.19297477819913184
1772534551.4457943,144,0.9951591491699219,1004.8643986583613,1.7781851310660757,0.01819293069324454,0.0008693524112500435,0.001407359050213237,0.0,0.1914501190185547,0.2,0.6034739244275771,0.6034739244275771,0.14705390346292357
1772534551.4578683,145,0.5791187286376953,1726.7616303005352,1.7836933391063627,0.02079326780567574,0.0009808241461745572,0.001407359050213237,0.0,0.1914501190185547,0.2,0.6182560866772877,0.6182560866772877,0.10279100073166259
1772534551.47053,146,0.6189346313476562,1615.6795069337443,1.7846251020710795,0.03498560699670142,0.0005129718096624189,0.001407359050213237,0.0,0.1914501190185547,0.2,0.6310210881941206,0.6310210881941206,0.0620303488646998
1772534551.4830837,147,0.6961822509765625,1436.4054794520548,1.772940063387984,0.033530061690402645,0.0008315557507942502,0.001407359050213237,0.0,0.1914501190185547,0.2,0.6311134460923995,0.6311134460923995,0.029010692911259704
1772534551.4955056,148,0.7262229919433594,1376.9875246224556,1.7667466547616406,0.023906299297167217,0.0009153515739111793,0.001407359050213237,0.0,0.1914501190185547,0.2,0.6286268591977648,0.6286268591977648,0.024190172034409468
1772534551.5072317,149,0.38886070251464844,2571.614960147149,1.7592721569086676,0.026211992992480164,0.0007539235204633261,0.001407359050213237,0.0,0.1914501190185547,0.2,0.6070830778936737,0.6070830778936737,0.0465946584046848
1772534551.5196903,150,0.3993511199951172,2504.062089552239,1.7691841133184547,0.02805561531566686,0.0008152198834230885,0.001407359050213237,0.0,0.1914501190185547,0.2,0.6253684308185048,0.6253684308185048,0.07871808093403519
1772534551.5321634,151,0.3523826599121094,2837.8240866035185,1.7863659209272724,0.03749253160014217,0.0010036326155693622,0.001407359050213237,0.0,0.1914501190185547,0.2,0.6213432649009082,0.6213432649009082,0.10653451604898115
1772534551.5446432,152,0.37169456481933594,2690.381013470173,1.7868446402998317,0.037262981819862206,0.00023347747785085706,0.001407359050213237,0.0,0.1914501190185547,0.2,0.6079297294635991,0.6079297294635991,0.13055758201841208
1772534551.5571718,153,0.36072731018066406,2772.177131526768,1.778483653371753,0.031051958600602933,0.0009956969216292793,0.001407359050213237,0.0,0.1914501190185547,0.2,0.5993970015803375,0.5993970015803375,0.1860499831807503
1772534551.5696661,154,0.3578662872314453,2794.339773484344,1.7802847644714677,0.02614714789574237,0.0008804805913895401,0.001407359050213237,0.0,0.1914501190185547,0.2,0.6148965357152614,0.6148965357152614,0.13985380120971774
1772534551.5822709,155,0.45561790466308594,2194.821559392988,1.7904687043648793,0.03603556021976657,0.0010014524305286228,0.001407359050213237,0.0,0.1914501190185547,0.2,0.6278298634909961,0.6278298634909961,0.09700775957224902
1772534551.5946686,156,0.3619194030761719,2763.046113306983,1.7902403991519011,0.049882914627679395,0.00039933695094202133,0.001407359050213237,0.0,0.1914501190185547,0.2,0.636343009072349,0.636343009072349,0.05822038224030196
1772534551.6072543,157,0.4181861877441406,2391.279361459521,1.7828110738417995,0.044179052168177545,0.0009482622178030033,0.001407359050213237,0.0,0.1914501190185547,0.2,0.6446641296363036,0.6446641296363036,0.02673079577627965
1772534551.6197653,158,0.41365623474121094,2417.4662824207494,1.7842107192253172,0.02920239111783945,0.0008730641302236872,0.001407359050213237,0.0,0.1914501190185547,0.2,0.6447543604689938,0.6447543604689938,0.029855292269449236
1772534551.6321385,159,0.36644935607910156,2728.8900455432663,1.787802828543503,0.026168784056352156,0.0007443787297767062,0.001407359050213237,0.0,0.1914501190185547,0.2,0.6371634342265076,0.6371634342265076,0.05663278928996837
1772534551.6447473,160,0.38909912109375,2570.0392156862745,1.799579774478989,0.027643903848374732,0.0008593239996048639,0.001407359050213237,0.0,0.1914501190185547,0.2,0.6415283174872097,0.6415283174872097,0.08752372598759822
1772534551.6571932,161,0.3998279571533203,2501.075730471079,1.8105734741725426,0.03580527125314484,0.0009155191006707396,0.001407359050213237,0.0,0.021219253540039062,0.2,0.6238815074896082,0.6238815074896082,0.11297967945311926
1772534551.6697145,162,0.3859996795654297,2590.67572575664,1.814465046729684,0.032023856715054026,0.0003992292929095807,0.001407359050213237,0.0,0.02288818359375,0.2,0.6187474423024176,0.6187474423024176,0.13881272642986453
1772534551.682223,163,0.40531158447265625,2467.2376470588233,1.8111334333529472,0.020084308830244275,0.0010050948227924095,0.001407359050213237,0.0,0.02288818359375,0.2,0.602302013687075,0.602302013687075,0.18371886240322954
1772534551.6947072,164,0.37932395935058594,2636.269013199246,1.8183825143910513,0.022288907727688646,0.0008737622834165611,0.001407359050213237,0.0,0.02288818359375,0.2,0.6212467279831748,0.6212467279831748,0.13678484300400148
1772534551.707257,165,0.32639503479003906,3063.772096420745,1.833554669890983,0.03334057312691501,0.0010051309943179764,0.001407359050213237,0.0,0.02288818359375,0.2,0.6380359181283166,0.6380359181283166,0.0927212962040287
1772534551.7196507,166,0.3337860107421875,2995.9314285714286,1.8291662831658568,0.03534271050887158,0.0002028135247432184,0.001407359050213237,0.0,0.02288818359375,0.2,0.6370896615259799,0.6370896615259799,0.054588321821710965
1772534551.732262,167,0.3273487091064453,3054.846321922797,1.8199118608918545,0.025970771158695387,0.0009551335674010705,0.001407359050213237,0.0,0.02288818359375,0.2,0.6541007330216306,0.6541007330216306,0.02152725980005223
1772534551.74465,168,0.33211708068847656,3010.986360373295,1.8148292208903651,0.01590895478146564,0.0008807641139151477,0.001407359050213237,0.0,0.02288818359375,0.2,0.6428940842716064,0.6428940842716064,0.0303507082142818
1772534551.7572007,169,0.3314018249511719,3017.484892086331,1.819798016434026,0.019060728200185173,0.0007853819383793341,0.001407359050213237,0.0,0.02288818359375,0.2,0.6491776348306023,0.6491776348306023,0.06197890506230101
1772534551.769756,170,0.32830238342285156,3045.9724037763253,1.8289670131356406,0.021350020899489338,0.0009374536929342134,0.001407359050213237,0.0,0.02288818359375,0.2,0.6430905302894768,0.6430905302894768,0.09209843278143164
1772534551.78225,171,0.32901763916015625,3039.350724637681,1.834257174107285,0.0227600465946208,0.0006071037566274234,0.001407359050213237,0.0,0.02288818359375,0.2,0.6305204819260308,0.6305204819260308,0.1191870682104252
1772534551.7947567,172,0.3192424774169922,3132.415235250187,1.8311950402660815,0.022195021250517873,0.0006415574833377158,0.001407359050213237,0.0,0.02288818359375,0.2,0.619673870397631,0.619673870397631,0.1443383897471062
1772534551.8072345,173,0.31876564025878906,3137.100972326103,1.8299506901847604,0.023992695882944455,0.0009721463252457878,0.001407359050213237,0.0,0.02288818359375,0.2,0.6034346517470256,0.6034346517470256,0.18218778958718185
1772534551.8197484,174,0.32067298889160156,3118.4416356877323,1.8369823730945853,0.02571722921510662,0.0008397740639388428,0.001407359050213237,0.0,0.02288818359375,0.2,0.6230446458840655,0.6230446458840655,0.1341521675335601
1772534551.8322542,175,0.32520294189453125,3075.0029325513196,1.848732727525627,0.024883081557576656,0.001004729291261789,0.001407359050213237,0.0,0.02288818359375,0.2,0.6358990854181898,0.6358990854181898,0.08949727199176569
1772534551.844742,176,0.3223419189453125,3102.2958579881656,1.844069127349336,0.01805407703947796,0.0001026343624029404,0.001407359050213237,0.0,0.02288818359375,0.2,0.6436032871010046,0.6436032871010046,0.04828503594976113
1772534551.8571663,177,0.34499168395996094,2898.620594333103,1.8244490663356518,0.026125319933646435,0.0009072995394657977,0.001407359050213237,0.0,0.02288818359375,0.2,0.6447632496054999,0.6447632496054999,0.014635787849169232
1772534551.869722,178,0.3859996795654297,2590.67572575664,1.8191067833206083,0.024047569051437036,0.0009185946389211009,0.001407359050213237,0.0,0.02288818359375,0.2,0.6510570816298783,0.6510570816298783,0.0315838105938304
1772534551.8822656,179,0.4000663757324219,2499.585220500596,1.8206581317406185,0.024995145811786607,0.0008382966797360626,0.001407359050213237,0.0,0.02288818359375,0.2,0.6476889093184311,0.6476889093184311,0.06369188788577064
1772534551.8947253,180,0.39696693420410156,2519.1015015015014,1.8275188061372185,0.02353865127744053,0.0009863088224186267,0.001407359050213237,0.0,0.023126602172851562,0.2,0.6381886915913969,0.6381886915913969,0.09319941874941129
1772534551.907207,181,0.3876686096191406,2579.5227552275524,1.8269783476004746,0.020399154415019993,0.00035361432932955346,0.001407359050213237,0.0,0.023126602172851562,0.2,0.6301629696106953,0.6301629696106953,0.121007148572808
1772534551.9196372,182,0.3254413604736328,3072.750183150183,1.815801070259493,0.019936517372482598,0.0008525695262465914,0.001407359050213237,0.0,0.023126602172851562,0.2,0.6169176292148773,0.6169176292148773,0.14551421809881704
1772534551.932385,183,0.35500526428222656,2816.859637340497,1.8183508221489788,0.021740143630236925,0.0009184478451751206,0.001407359050213237,0.0,0.023126602172851562,0.2,0.615520592009507,0.615520592009507,0.17835802698928838
1772534551.9446402,184,0.32901763916015625,3039.350724637681,1.812789834835928,0.02389942683669294,0.0007866972595936272,0.001407359050213237,0.0,0.023126602172851562,0.2,0.6097402483492481,0.6097402483492481,0.13412950196567916
1772534551.9571261,185,0.3120899200439453,3204.2047364400305,1.8206774768560658,0.02497303406756638,0.0009891822698255169,0.001407359050213237,0.0,0.023126602172851562,0.2,0.6347562613952742,0.6347562613952742,0.0872503061908117
1772534551.969748,186,0.3204345703125,3120.7619047619046,1.8205048105010386,0.028003872463233263,0.00031271698982876875,0.001407359050213237,0.0,0.023126602172851562,0.2,0.6492365672864486,0.6492365672864486,0.04420820461091395
1772534551.9822369,187,0.3192424774169922,3132.415235250187,1.8036988295198992,0.02623153066784661,0.0008431699705244015,0.001407359050213237,0.0,0.023126602172851562,0.2,0.6468562539849785,0.6468562539849785,0.008488728098505123
1772534551.9947524,188,0.3223419189453125,3102.2958579881656,1.7964555379729248,0.018823945834230284,0.0009496552753898548,0.001407359050213237,0.0,0.023126602172851562,0.2,0.6485590098205375,0.6485590098205375,0.030802837746401957
1772534552.0072486,189,0.3211498260498047,3113.81143281366,1.7982837446750433,0.02511442385918114,0.0008767390055007823,0.001407359050213237,0.0,0.023126602172851562,0.2,0.644802537651189,0.644802537651189,0.06304661305765452
1772534552.019809,190,0.3600120544433594,2777.6847682119205,1.8090686128412812,0.034987052980698,0.0010019473579867396,0.001407359050213237,0.0,0.023126602172851562,0.2,0.6408558206995244,0.6408558206995244,0.09343745522301608
1772534552.032259,191,0.32138824462890625,3111.5014836795253,1.8067142953766349,0.042980834088043034,0.0003823720509408169,0.001407359050213237,0.0,0.023126602172851562,0.2,0.6278406603836542,0.6278406603836542,0.12019798167220179
1772534552.0446389,192,0.3266334533691406,3061.5357664233575,1.7925416374751977,0.03724503657470716,0.0009676548916374142,0.001407359050213237,0.0,0.023126602172851562,0.2,0.61105115637874,0.61105115637874,0.20096252211734306
1772534552.0571868,193,0.3209114074707031,3116.124814264487,1.7904812617053931,0.025101553167643387,0.0007749323335991625,0.001407359050213237,0.0,0.023126602172851562,0.2,0.6402923140351238,0.6402923140351238,0.1500451185864206
1772534552.0698004,194,0.3612041473388672,2768.517491749175,1.7937686238844868,0.02276289684386711,0.0008517267296363969,0.001407359050213237,0.0,0.023126602172851562,0.2,0.6576341402417141,0.6576341402417141,0.10258068003948066
1772534552.0822396,195,0.3223419189453125,3102.2958579881656,1.7988199260634694,0.031761285028476416,0.0009185927974163558,0.001407359050213237,0.0,0.023126602172851562,0.2,0.660764166729887,0.660764166729887,0.059593852954453824
1772534552.0947437,196,0.3421306610107422,2922.859930313589,1.794214749112819,0.03327586127067976,0.0003368946834343754,0.001407359050213237,0.0,0.023126602172851562,0.2,0.6681487300736559,0.6681487300736559,0.01874430598195632
1772534552.10724,197,0.36263465881347656,2757.596318211703,1.7849648931354631,0.025375491260786292,0.001003561279835791,0.001407359050213237,0.0,0.023126602172851562,0.2,0.6702785717424997,0.6702785717424997,0.02139499803786479
1772534552.119748,198,0.3962516784667969,2523.6486161251505,1.788136114059833,0.023333873558792965,0.0008846466663195112,0.001407359050213237,0.0,0.023365020751953125,0.2,0.6675106542507117,0.6675106542507117,0.0556984485111461
1772534552.1322162,199,0.3616809844970703,2764.8675016479892,1.8002358699452916,0.030197987715053914,0.0009527361370258369,0.001407359050213237,0.0,0.023365020751953125,0.2,0.6626575610979459,0.6626575610979459,0.08788721966433154
1772534552.1448455,200,0.3788471221923828,2639.5871617369417,1.8148935260462247,0.0432274857301394,0.0007380876228584433,0.001407359050213237,0.0,0.023365020751953125,0.2,0.6602745566719915,0.6602745566719915,0.11907019472584976
1772534552.1572382,201,0.37288665771484375,2681.7800511508954,1.8150949035081774,0.033607849207992264,0.0007711818741820981,0.001407359050213237,0.0,0.023365020751953125,0.2,0.6364299355960799,0.6364299355960799,0.14390263696294592
1772534552.169862,202,0.41174888610839844,2428.664736537348,1.820665668495106,0.02554150797392259,0.0009246642465415833,0.001407359050213237,0.0,0.023365020751953125,0.2,0.6314269677180685,0.6314269677180685,0.17995500202428064
1772534552.182526,203,0.43964385986328125,2274.5683297180044,1.8288967558208138,0.030809407846670623,0.0007427128286433081,0.001407359050213237,0.0,0.023365020751953125,0.2,0.6527665215937566,0.6527665215937566,0.13025095349399865
1772534552.1950285,204,0.4966259002685547,2013.588094095055,1.8339831647376035,0.03399959938029722,0.0009536955899355411,0.001407359050213237,0.0,0.025987625122070312,0.2,0.6562629988951407,0.6562629988951407,0.08523015820528586
1772534552.2074082,205,0.4591941833496094,2177.7279335410176,1.832793514162908,0.04627591222529768,0.0005448712986890189,0.001407359050213237,0.0,0.025987625122070312,0.2,0.6629417924767292,0.6629417924767292,0.04204420679507171
1772534552.2200737,206,0.5702972412109375,1753.4715719063545,1.8266419612381481,0.038277693694238196,0.0008201115984986202,0.001407359050213237,0.0,0.025987625122070312,0.2,0.6749846227826717,0.6749846227826717,0.004419703278981664
1772534552.2326756,207,0.6084442138671875,1643.5360501567397,1.8253999277345365,0.021065296708463632,0.0009576501992983209,0.001407359050213237,0.0,0.025987625122070312,0.2,0.6755396548202877,0.6755396548202877,0.03794694227594732
1772534552.2457933,208,0.7317066192626953,1366.6679700228087,1.8421714295112028,0.032041098124010924,0.0008952210890289832,0.001407359050213237,0.0,0.031232833862304688,0.2,0.6962039712275103,0.6962039712275103,0.0776414826658378
1772534552.2572932,209,0.4482269287109375,2231.012765957447,1.8305191815803736,0.040589860703498105,0.001005980796325558,0.001407359050213237,0.0,0.031232833862304688,0.2,0.6184072664804232,0.6184072664804232,0.09446633903626558
1772534552.2698727,210,0.4913806915283203,2035.0819990295972,1.8359392229992668,0.04873455104057165,0.00039644270894960486,0.001407359050213237,0.0,0.031232833862304688,0.2,0.6526886740865425,0.6526886740865425,0.13079797221752773
1772534552.2825282,211,0.5059242248535156,1976.5805843543826,1.833430228563351,0.035984959893843524,0.0010081983318310556,0.001407359050213237,0.0,0.031232833862304688,0.2,0.6449313660054586,0.6449313660054586,0.1923814051733706
1772534552.2948756,212,0.4372596740722656,2286.970556161396,1.8293537866792335,0.024447252353832844,0.0007396528878726684,0.001407359050213237,0.0,0.031232833862304688,0.2,0.6508463398761547,0.6508463398761547,0.1440380964115072
1772534552.3072677,213,0.4177093505859375,2394.009132420091,1.8299487526237128,0.023805307672789,0.0008636064922614622,0.001407359050213237,0.0,0.031232833862304688,0.2,0.666521589807274,0.666521589807274,0.09595761453267743
1772534552.3197815,214,0.4220008850097656,2369.6632768361583,1.83682387273255,0.040608254314899936,0.0008763280145056566,0.001407359050213237,0.0,0.031232833862304688,0.2,0.6821878201863407,0.6821878201863407,0.04985735511316099
1772534552.3322775,215,0.4398822784423828,2273.3355013550135,1.834608770196754,0.03658275548076928,0.0005611535835519661,0.001407359050213237,0.0,0.031232833862304688,0.2,0.6846825932444103,0.6846825932444103,0.009107926227051998
1772534552.344734,216,0.3783702850341797,2642.9136735979837,1.8315661459365429,0.019157623250329874,0.000992306128289644,0.001407359050213237,0.0,0.031232833862304688,0.2,0.6877716968176363,0.6877716968176363,0.03148818543381402
1772534552.3572893,217,0.4341602325439453,2303.2970895112576,1.837577356288608,0.02507757430229858,0.0008915576014796743,0.001407359050213237,0.0,0.03218650817871094,0.2,0.684475005070895,0.684475005070895,0.06699075385584041
1772534552.369771,218,0.4074573516845703,2454.2445874780574,1.8505605164219654,0.039287673701614,0.0009949971821146444,0.001407359050213237,0.0,0.03218650817871094,0.2,0.677986837981626,0.677986837981626,0.09991725016554152
1772534552.3823006,219,0.41484832763671875,2410.519540229885,1.8551883040174026,0.04714160170229079,0.0004864205627162602,0.001407359050213237,0.0,0.03218650817871094,0.2,0.6680124330855735,0.6680124330855735,0.13038932450395138
1772534552.3953767,220,0.6628036499023438,1508.7424460431655,1.8590353369602053,0.03372370466160911,0.0009889771198913198,0.001407359050213237,0.0,0.03743171691894531,0.2,0.6720966494826534,0.6720966494826534,0.19280873985338284
1772534552.4073427,221,0.41413307189941406,2414.6827864133566,1.8476422752680248,0.02177019358861487,0.0007472183223184982,0.001407359050213237,0.0,0.03743171691894531,0.2,0.6557655833057668,0.6557655833057668,0.14666806988498984
1772534552.4198072,222,0.41937828063964844,2384.4820920977827,1.8490170379650432,0.0223518787778049,0.0008534674778534167,0.001407359050213237,0.0,0.03743171691894531,0.2,0.6873180848026436,0.6873180848026436,0.09459060084906523
1772534552.4323356,223,0.4649162292480469,2150.925128205128,1.8537202598806646,0.04026645303381618,0.0008886164094173403,0.001407359050213237,0.0,0.03743171691894531,0.2,0.6987273511604192,0.6987273511604192,0.04790057398371742
1772534552.4448788,224,0.4429817199707031,2257.4294940796553,1.851992618830706,0.03514568739831084,0.0005579465056333737,0.001407359050213237,0.0,0.03743171691894531,0.2,0.7059318638166019,0.7059318638166019,0.006080472423258242
1772534552.4575136,225,0.568389892578125,1759.3557046979865,1.8471484746810585,0.01413657630389291,0.0009893654577584749,0.001407359050213237,0.0,0.03743171691894531,0.2,0.7045806103548546,0.7045806103548546,0.03612044178584895
1772534552.4698873,226,0.48422813415527344,2065.1422944362384,1.8500059353682778,0.021239683677574023,0.0008907961693471137,0.001407359050213237,0.0,0.03743171691894531,0.2,0.6974761982580233,0.6974761982580233,0.07180234160630433
1772534552.4825032,227,0.4963874816894531,2014.5552353506243,1.8641919734606929,0.03808490076975518,0.0010014344137339358,0.001407359050213237,0.0,0.03743171691894531,0.2,0.6994329676159398,0.6994329676159398,0.10739508367930956
1772534552.4957461,228,0.850677490234375,1175.5336322869955,1.8752502532029687,0.042662105608736976,0.00040860229148259315,0.001407359050213237,0.0,0.03743171691894531,0.2,0.7073689621278002,0.7073689621278002,0.14350438226912252
1772534552.5074134,229,0.49424171447753906,2023.3014954172697,1.8496711689046847,0.035765905861045104,0.001008019296110398,0.001407359050213237,0.0,0.03743171691894531,0.2,0.6364413844548985,0.6364413844548985,0.1957429498843822
1772534552.5202405,230,0.5521774291992188,1811.0120898100172,1.8548034857913347,0.018086466688490746,0.0007439162411076765,0.001407359050213237,0.0,0.03743171691894531,0.2,0.7020865958043953,0.7020865958043953,0.1353499414708163
1772534552.5326285,231,0.5364418029785156,1864.1351111111112,1.8514884095132758,0.02535565776984867,0.0008820883661697253,0.001407359050213237,0.0,0.03743171691894531,0.2,0.6959755260753617,0.6959755260753617,0.08871672518701199
1772534552.545523,232,0.6945133209228516,1439.8571918983866,1.8587831750203305,0.0433469800822967,0.0007936450588859885,0.001407359050213237,0.0,0.03743171691894531,0.2,0.7259151116125414,0.7259151116125414,0.037881582323370036
1772534552.5575156,233,0.5960464477539062,1677.7216,1.841934002557353,0.03686602102143769,0.0007060939932927531,0.001407359050213237,0.0,0.03743171691894531,0.2,0.6879386311463948,0.6879386311463948,0.005114977490267078
1772534552.5700593,234,0.5393028259277344,1854.2458001768346,1.8449178215536224,0.012686545601486502,0.0009743521955624146,0.001407359050213237,0.0,0.03743171691894531,0.2,0.7200736748871728,0.7200736748871728,0.04363621058296693
1772534552.582582,235,0.514984130859375,1941.8074074074075,1.8533038358582608,0.024659473038138827,0.0008943234978382924,0.001407359050213237,0.0,0.03743171691894531,0.2,0.712720536187793,0.712720536187793,0.07982664391841485
1772534552.5957007,236,0.7848739624023438,1274.0899149453219,1.8759295678443593,0.04469126352048817,0.0010071429767954216,0.001407359050213237,0.0,0.03743171691894531,0.2,0.7262112163869003,0.7262112163869003,0.11883409228576117
1772534552.6074164,237,0.4782676696777344,2090.879361914257,1.8589158040197682,0.03722769316118676,0.00040432741768394777,0.001407359050213237,0.0,0.03743171691894531,0.2,0.6579563907251571,0.6579563907251571,0.1377426885580827
1772534552.6202378,238,0.4944801330566406,2022.3259402121505,1.8600677848958325,0.018472206079985898,0.0010018635025988783,0.001407359050213237,0.0,0.03743171691894531,0.2,0.691917326273699,0.691917326273699,0.18118991194590428
1772534552.6327226,239,0.6086826324462891,1642.8922835879357,1.8534898415432761,0.02344540419169645,0.0007335152149570847,0.001407359050213237,0.0,0.04100799560546875,0.2,0.6875751074612675,0.6875751074612675,0.132153202848048
1772534552.6457784,240,0.865936279296875,1154.819383259912,1.8622004161703456,0.03209219823783217,0.0009087889798527767,0.001407359050213237,0.0,0.0438690185546875,0.2,0.7279026946309912,0.7279026946309912,0.07722768264090783
1772534552.6573336,241,0.43511390686035156,2298.2487671232875,1.8432701662244364,0.04774290583597048,0.0006646067655830515,0.001407359050213237,0.0,0.0438690185546875,0.2,0.6801465618283286,0.6801465618283286,0.04104869090049645
1772534552.6712012,242,1.0633468627929688,940.4269058295964,1.858812999653903,0.039987937333867934,0.0007888574147799523,0.001407359050213237,0.0,0.06270408630371094,0.2,0.7691857721396562,0.7691857721396562,0.019122428999007072
1772534552.6833067,243,1.1067390441894531,903.5553640672124,1.8385774225742517,0.024186960003184366,0.0009504981132061325,0.001407359050213237,0.0,0.06699562072753906,0.2,0.6872044586900161,0.6872044586900161,0.04332553457666337
1772534552.6959226,244,0.8802413940429688,1136.0520043336944,1.852905211276537,0.029741167814924762,0.0009055477230376921,0.001407359050213237,0.0,0.06699562072753906,0.2,0.7336774556572193,0.7336774556572193,0.08904581602888734
1772534552.7087975,245,1.2042522430419922,830.3908137002574,1.8640730204244207,0.0447078156918408,0.0009810787080606464,0.001407359050213237,0.0,0.06699562072753906,0.2,0.7113427760161836,0.7113427760161836,0.12046389986083623
1772534552.7209897,246,1.0247230529785156,975.873429502094,1.8604030507240215,0.03646236943522248,0.0005613961933964975,0.001407359050213237,0.0,0.06699562072753906,0.2,0.6833156458892035,0.6833156458892035,0.14759067991226976
1772534552.7338133,247,1.1551380157470703,865.6974200206398,1.8612344004894548,0.019033469241805982,0.0009617318788525513,0.001407359050213237,0.0,0.06699562072753906,0.2,0.6876157400276546,0.6876157400276546,0.17586707962535134
1772534552.7457905,248,0.9908676147460938,1009.2165543792108,1.8501000889813224,0.02605897154191429,0.000723427135958292,0.001407359050213237,0.0,0.06699562072753906,0.2,0.6719451094042763,0.6719451094042763,0.1294363563830298
1772534552.75863,249,1.1334419250488281,882.2684055532184,1.8609459475175936,0.034337688681686275,0.0009226143534399486,0.001407359050213237,0.0,0.06699562072753906,0.2,0.7221050484852546,0.7221050484852546,0.07384205662289388
1772534552.7711499,250,1.1622905731201172,860.3700512820512,1.858648523862674,0.04658452745351655,0.0006401035607171146,0.001407359050213237,0.0,0.06699562072753906,0.2,0.7133139600291907,0.7133139600291907,0.030596737806146676
1772534552.7838032,251,1.1458396911621094,872.722430295464,1.8566424175683856,0.03531320949568622,0.0008731337898488787,0.001407359050213237,0.0,0.06699562072753906,0.2,0.7301499434008571,0.7301499434008571,0.01516287285053658
1772534552.7961402,252,1.1970996856689453,835.3523202549293,1.8481991444875714,0.01799876055440624,0.0009457400309668272,0.001407359050213237,0.0,0.06699562072753906,0.2,0.7037451141525309,0.7037451141525309,0.04913799828192873
1772534552.808469,253,1.0848045349121094,921.825054945055,1.853592090994137,0.030886966926861197,0.0009177202576878996,0.001407359050213237,0.0,0.06699562072753906,0.2,0.708437666074437,0.708437666074437,0.08620273717336058
1772534552.8207102,254,0.9558200836181641,1046.2220004988776,1.8612145407167926,0.05038324367839941,0.0009630553980056545,0.001407359050213237,0.0,0.06699562072753906,0.2,0.6930872056421129,0.6930872056421129,0.11739524127969615
1772534552.833424,255,1.0077953338623047,992.2649633309676,1.8726222086740558,0.04478378315926031,0.0006557799450000982,0.001407359050213237,0.0,0.06699562072753906,0.2,0.702057350711664,0.702057350711664,0.15234700988283947
1772534552.8463254,256,1.0066032409667969,993.4400757934628,1.8814597656180019,0.023848032740536044,0.0009364859097146621,0.001407359050213237,0.0,0.06699562072753906,0.2,0.6992785587265526,0.6992785587265526,0.17196275588340093
1772534552.8576224,257,0.5419254302978516,1845.2723273207216,1.8583800691313412,0.03302056137601739,0.0007118315437826667,0.001407359050213237,0.0,0.06699562072753906,0.2,0.6462893018036534,0.6462893018036534,0.13214072500901314
1772534552.870439,258,0.6361007690429688,1572.0779610194902,1.8707414930511468,0.0357712101921581,0.0009137524455234333,0.001407359050213237,0.0,0.06699562072753906,0.2,0.7201087125801795,0.7201087125801795,0.07312323544908865
1772534552.8831577,259,0.949859619140625,1052.7871485943774,1.8709053616734432,0.04976361162079764,0.0006987193645127579,0.001407359050213237,0.0,0.06699562072753906,0.2,0.7136869476817007,0.7136869476817007,0.029604753198997736
1772534552.8958218,260,1.0676383972167969,936.646717284502,1.8658926709442127,0.03854395060056971,0.0008821998260449551,0.001407359050213237,0.0,0.06699562072753906,0.2,0.716727652434514,0.716727652434514,0.01290961219743526
1772534552.908473,261,1.0766983032226562,928.7652790079717,1.8689918563839667,0.018816864615436434,0.000950262212101307,0.001407359050213237,0.0,0.06699562072753906,0.2,0.7259550594870419,0.7259550594870419,0.054052722464596366
1772534552.9213629,262,1.323699951171875,755.4582132564841,1.8777171366812406,0.034718963753647,0.0009242367736451737,0.001407359050213237,0.0,0.06699562072753906,0.2,0.7219598544816875,0.7219598544816875,0.09069128744229372
1772534552.933442,263,1.1522769927978516,867.8468859921373,1.8765988127450954,0.05374320693194278,0.0009477093046994375,0.001407359050213237,0.0,0.06699562072753906,0.2,0.6836490275378528,0.6836490275378528,0.11749780809234253
1772534552.946669,264,1.2230873107910156,817.603118908382,1.8986154826499062,0.05340564060968852,0.0007405736726036236,0.001407359050213237,0.0,0.06699562072753906,0.2,0.728497100108905,0.728497100108905,0.16068863949538392
1772534552.9588277,265,1.1296272277832031,885.2477838750527,1.885521561947471,0.02719990888289825,0.000907481500892059,0.001407359050213237,0.0,0.06699562072753906,0.2,0.6556214479362321,0.6556214479362321,0.17858018032834808
1772534552.9710066,266,1.1093616485595703,901.4192993767462,1.8785353819476747,0.025034102842670033,0.0006999837674219855,0.001407359050213237,0.0,0.06699562072753906,0.2,0.6766316800765064,0.6766316800765064,0.12647097067051302
1772534552.9832573,267,0.9865760803222656,1013.6065732237796,1.8773670621458083,0.035003533666885814,0.0009079077306623581,0.001407359050213237,0.0,0.06699562072753906,0.2,0.6951142223469837,0.6951142223469837,0.07691255775806936
1772534552.99619,268,1.1098384857177734,901.0320085929109,1.8873841079752853,0.05509708821771265,0.0007609641205396874,0.001407359050213237,0.0,0.06699562072753906,0.2,0.7315838704642273,0.7315838704642273,0.025687439846109782
1772534553.008489,269,1.0268688201904297,973.8342233573253,1.8804616211893244,0.04109410940829433,0.0008955669320048422,0.001407359050213237,0.0,0.06699562072753906,0.2,0.711209289464962,0.711209289464962,0.012781833231310966
1772534553.0203786,270,0.6265640258789062,1596.0060882800608,1.8722322325327483,0.020152012351283246,0.0009519890006208607,0.001407359050213237,0.0,0.06699562072753906,0.2,0.695525683484985,0.695525683484985,0.04821265251283692
1772534553.0328095,271,0.6721019744873047,1487.8694572543454,1.877152499976681,0.03522699561735221,0.0009246918376827541,0.001407359050213237,0.0,0.06699562072753906,0.2,0.7009627833143023,0.7009627833143023,0.08507139046549123
1772534553.0453227,272,0.5919933319091797,1689.2082158679018,1.8913922848885139,0.059415591013035576,0.0009698323427481006,0.001407359050213237,0.0,0.06699562072753906,0.2,0.7039842150911114,0.7039842150911114,0.12035159109411672
1772534553.0576034,273,0.5621910095214844,1778.754877014419,1.8935064496413587,0.04707997510097302,0.0007625633469021834,0.001407359050213237,0.0,0.06699562072753906,0.2,0.6764253213914846,0.6764253213914846,0.14762946367560723
1772534553.070363,274,0.6434917449951172,1554.0214894405335,1.902207126715164,0.023772367712803485,0.0009267013156600162,0.001407359050213237,0.0,0.06699562072753906,0.2,0.6818150890862812,0.6818150890862812,0.175384960022188
1772534553.0829818,275,0.7226467132568359,1383.8020455295282,1.9046926945147147,0.024813346186676632,0.0006919159149846598,0.001407359050213237,0.0,0.06699562072753906,0.2,0.6939279547866212,0.6939279547866212,0.12464891525328346
1772534553.0956974,276,0.7681846618652344,1301.770328988206,1.9081704199802973,0.03705172636273593,0.0008950935761085629,0.001407359050213237,0.0,0.06699562072753906,0.2,0.7138135679575872,0.7138135679575872,0.07402942923667523
1772534553.1072824,277,0.43129920959472656,2318.5760088446655,1.8887409102908903,0.056532784229815385,0.0007894908491942737,0.001407359050213237,0.0,0.06699562072753906,0.2,0.6732852355117277,0.6732852355117277,0.0373267823629922
1772534553.119894,278,0.4546642303466797,2199.4252753015207,1.8900969159946015,0.042213880757626394,0.000865423736340119,0.001407359050213237,0.0,0.06699562072753906,0.2,0.7199629007468954,0.7199629007468954,0.012509227432974689
1772534553.1326642,279,0.5338191986083984,1873.293434569004,1.893920034768829,0.018618801162230886,0.0009593558122865545,0.001407359050213237,0.0,0.06699562072753906,0.2,0.7244043494845318,0.7244043494845318,0.05291234134809074
1772534553.1449819,280,0.4279613494873047,2336.6596100278553,1.8949608595192262,0.035435686841325045,0.0009248291915191824,0.001407359050213237,0.0,0.06699562072753906,0.2,0.7033303490626407,0.7033303490626407,0.08573422235357336
1772534553.157407,281,0.4477500915527344,2233.3887113951014,1.9009906662058915,0.05873314427139643,0.0009734967005178988,0.001407359050213237,0.0,0.06699562072753906,0.2,0.6944571973683361,0.6944571973683361,0.11842171656784296
1772534553.1698153,282,0.4563331604003906,2191.3814002089866,1.9041806321288315,0.048577680981968095,0.0007600688600931377,0.001407359050213237,0.0,0.06699562072753906,0.2,0.6818707602832448,0.6818707602832448,0.1486269239695511
1772534553.1824179,283,0.4971027374267578,2011.6565947242207,1.9079883910585198,0.021001463794724,0.0009281995812745318,0.001407359050213237,0.0,0.06699562072753906,0.2,0.6747215802090991,0.6747215802090991,0.17701215980561494
1772534553.1949983,284,0.5328655242919922,1876.6460850111857,1.909398718991517,0.023623384527797945,0.0006898680056934315,0.001407359050213237,0.0,0.06699562072753906,0.2,0.6923204754891484,0.6923204754891484,0.12541962136221999
1772534553.2073505,285,0.4825592041015625,2072.284584980237,1.9057725422073013,0.03712772140804684,0.0008882187518513189,0.001407359050213237,0.0,0.06699562072753906,0.2,0.6973107145136925,0.6973107145136925,0.07777854402886143
1772534553.2200549,286,0.4456043243408203,2244.143392188336,1.9103452884298668,0.05627203067157733,0.0008205914806864043,0.001407359050213237,0.0,0.06699562072753906,0.2,0.7243352475084803,0.7243352475084804,0.028127317108918908
1772534553.2327685,287,0.6783008575439453,1474.272056239016,1.9050110707115777,0.041321024512173496,0.0008800281211309621,0.001407359050213237,0.0,0.06699562072753906,0.2,0.7154519459947876,0.7154519459947876,0.012681190712600258
1772534553.2453609,288,0.6740093231201172,1483.659002476123,1.9035474052477623,0.015180316959704598,0.0009572186035228576,0.001407359050213237,0.0,0.06699562072753906,0.2,0.7180569694727732,0.7180569694727732,0.05253042005098183
1772534553.2573578,289,0.48351287841796875,2068.197238658777,1.8969817449338193,0.03594138343497793,0.0009260101978861903,0.001407359050213237,0.0,0.06699562072753906,0.2,0.6879420273485449,0.6879420273485449,0.0829166018226137
1772534553.2700648,290,0.4782676696777344,2090.879361914257,1.911401384567342,0.06149687391540044,0.0009759139048645106,0.001407359050213237,0.0,0.06699562072753906,0.2,0.7109257081578764,0.7109257081578764,0.12206352388175276
1772534553.2827988,291,0.6716251373291016,1488.925807596734,1.9168454120949663,0.047890224688683765,0.0007691383395829159,0.001407359050213237,0.0,0.06699562072753906,0.2,0.6905020244038723,0.6905020244038723,0.151735481181287
1772534553.2949722,292,0.5984306335449219,1671.0374501992032,1.9097184160873137,0.018986403688223283,0.0009217327277236486,0.001407359050213237,0.0,0.06699562072753906,0.2,0.6556191084300153,0.6556191084300153,0.1801557641350416
1772534553.3074455,293,0.4973411560058594,2010.692233940556,1.9120927715816427,0.02394906763314553,0.0006910415300795348,0.001407359050213237,0.0,0.06699562072753906,0.2,0.692304491945889,0.692304491945889,0.12551513890291116
1772534553.3198595,294,0.4839897155761719,2066.15960591133,1.9093778492821794,0.03794520049296593,0.0008893181362271324,0.001407359050213237,0.0,0.06699562072753906,0.2,0.6982556084756817,0.6982556084756817,0.07770726074325156
1772534553.33224,295,0.39124488830566406,2555.94393662401,1.907265105304855,0.05545895793328771,0.0008146507236940717,0.001407359050213237,0.0,0.06699562072753906,0.2,0.7080503620670484,0.7080503620670484,0.03150513513922008
1772534553.3447852,296,0.3376007080078125,2962.0790960451977,1.9050175032188408,0.04086441395305066,0.0008689754242309678,0.001407359050213237,0.0,0.06699562072753906,0.2,0.7179504561529169,0.7179504561529169,0.012429533022112449
1772534553.3571537,297,0.32639503479003906,3063.772096420745,1.8992175303447805,0.01547803515724658,0.0009586000951088947,0.001407359050213237,0.0,0.06699562072753906,0.2,0.7053372382598101,0.7053372382598101,0.04911722357852219
1772534553.3697784,298,0.3349781036376953,2985.26975088968,1.9058786692094127,0.036337177347488085,0.0009228665057694045,0.001407359050213237,0.0,0.06699562072753906,0.2,0.714578326026658,0.714578326026658,0.087709887698988
1772534553.3821301,299,0.3170967102050781,3153.612030075188,1.908855412592084,0.057842417245867,0.0009738216410428521,0.001407359050213237,0.0,0.06699562072753906,0.2,0.6906118582599686,0.6906118582599686,0.11774731227700214
1772534553.394642,300,0.3285408020019531,3043.7619738751814,1.9128500891392652,0.047692183313600166,0.0007398761569720318,0.001407359050213237,0.0,0.06699562072753906,0.2,0.6861890576321109,0.6861890576321109,0.1497189894642105
1772534553.4073355,301,0.3902912139892578,2562.1893708002444,1.9161092522413192,0.018513279798434954,0.000932284082731817,0.001407359050213237,0.0,0.06699562072753906,0.2,0.6784649706110262,0.6784649706110262,0.17693240099364388
1772534553.4196918,302,0.3285408020019531,3043.7619738751814,1.9114584237847572,0.02364795811641199,0.0006940423400521016,0.001407359050213237,0.0,0.06699562072753906,0.2,0.6836183266397906,0.6836183266397906,0.12726350764062005
1772534553.4322457,303,0.31828880310058594,3141.8007490636705,1.9109542840608005,0.0374806270076995,0.000892261603642691,0.001407359050213237,0.0,0.06699562072753906,0.2,0.7055889246382601,0.7055889246382601,0.07650298802889975
1772534553.4447463,304,0.3895759582519531,2566.893512851897,1.9066746131910308,0.054674254994325544,0.0007968941667018567,0.001407359050213237,0.0,0.06699562072753906,0.2,0.7076029711838386,0.7076029711838386,0.0314696760156586
1772534553.4572828,305,0.3266334533691406,3061.5357664233575,1.9028062855037453,0.04003683365515805,0.0008706302789158067,0.001407359050213237,0.0,0.06699562072753906,0.2,0.7175607835003374,0.7175607835003371,0.01248810811039977
1772534553.4697487,306,0.3216266632080078,3109.1949592290584,1.898399475539194,0.014513047616037512,0.0009571930395108787,0.001407359050213237,0.0,0.06699562072753906,0.2,0.7103606280415083,0.7103606280415083,0.050377867969362354
1772534553.4822414,307,0.32138824462890625,3111.5014836795253,1.9008507621817143,0.035298807179101714,0.0009231360801370326,0.001407359050213237,0.0,0.06699562072753906,0.2,0.7066217597471759,0.7066217597471759,0.0863376216498276
1772534553.494668,308,0.34737586975097656,2878.726149622512,1.9058470745825848,0.05753952837723684,0.0009727376371510487,0.001407359050213237,0.0,0.06699562072753906,0.2,0.6933678235688032,0.6933678235688032,0.11831538083930775
1772534553.507241,309,0.3223419189453125,3102.2958579881656,1.9119017961832894,0.04718602386164542,0.0007295324022350365,0.001407359050213237,0.0,0.06699562072753906,0.2,0.6907197445097896,0.6907197445097896,0.1509444940283986
1772534553.519648,310,0.33020973205566406,3028.3783393501803,1.9083870928774476,0.017437265885187916,0.0009320133611086739,0.001407359050213237,0.0,0.06699562072753906,0.2,0.6645716874515798,0.6645716874515798,0.17917692467586402
1772534553.532243,311,0.3197193145751953,3127.7434750186426,1.9104266983524447,0.023521507870973228,0.0006970549093388619,0.001407359050213237,0.0,0.06699562072753906,0.2,0.6946483544406804,0.6946483544406804,0.12541617951335537
1772534553.5446405,312,0.32782554626464844,3050.402909090909,1.9057785424861609,0.037420570176915496,0.0008973504197357153,0.001407359050213237,0.0,0.06699562072753906,0.2,0.6957395182514344,0.6957395182514344,0.0783450074842453
1772534553.5571876,313,0.3726482391357422,2683.495841330774,1.9040272015088961,0.054373160832206884,0.0007874201637892189,0.001407359050213237,0.0,0.06699562072753906,0.2,0.7101352245410958,0.7101352245410958,0.031233747756180284
1772534553.5697165,314,0.392913818359375,2545.0873786407765,1.8996170818764422,0.03952477009789464,0.0008677457097226351,0.001407359050213237,0.0,0.06699562072753906,0.2,0.7150892054336124,0.7150892054336124,0.011773705615708868
1772534553.582368,315,0.4429817199707031,2257.4294940796553,1.8990057079808769,0.01359676262716431,0.0009571292576695735,0.001407359050213237,0.0,0.06699562072753906,0.2,0.7180773459162716,0.7180773459162716,0.05178992246233343
1772534553.594803,316,0.43320655822753906,2308.3676389653274,1.8994932250380583,0.03458622556027442,0.0009228041232233384,0.001407359050213237,0.0,0.06699562072753906,0.2,0.7033877855703797,0.7033877855703797,0.08577691073833998
1772534553.6072435,317,0.43582916259765625,2294.477024070022,1.9050009908689138,0.05685961504833757,0.0009722737823605966,0.001407359050213237,0.0,0.06699562072753906,0.2,0.6944426947206727,0.6944426947206727,0.1185433908296469
1772534553.6198494,318,0.4699230194091797,2128.0081177067477,1.9105942340784703,0.04651601962898591,0.0007186223321985927,0.001407359050213237,0.0,0.06699562072753906,0.2,0.6906952560562755,0.6906952560562755,0.15098054682792356
1772534553.6323152,319,0.44417381286621094,2251.370907139023,1.9083009075045276,0.017303127074590717,0.0009339626049164497,0.001407359050213237,0.0,0.06699562072753906,0.2,0.6686704500911702,0.6686704500911702,0.1786473220405159
1772534553.6448283,320,0.4506111145019531,2219.2084656084658,1.9069632222363426,0.02331386437278208,0.0006993494876859533,0.001407359050213237,0.0,0.06699562072753906,0.2,0.6888474437447163,0.6888474437447163,0.12647464101747583
1772534553.6572566,321,0.4150867462158203,2409.134979896611,1.9042454055352793,0.03690303026753138,0.000899699233613108,0.001407359050213237,0.0,0.016927719116210938,0.2,0.6991908588156329,0.6991908588156329,0.07777667031942652
1772534553.6698196,322,0.46753883361816406,2138.8597654258033,1.9024921144276354,0.05371441860271733,0.0007749015995662452,0.001407359050213237,0.0,0.024557113647460938,0.2,0.7110474820998984,0.7110474820998984,0.031011560595303713
1772534553.682545,323,0.553131103515625,1807.8896551724138,1.8997991486242936,0.039243602571433465,0.0008691552674154899,0.001407359050213237,0.0,0.027179718017578125,0.2,0.7210123782159399,0.7210123782159399,0.013138883646770797
1772534553.695279,324,0.7162094116210938,1396.2396804260986,1.8976841765176087,0.01398737797609388,0.000955244787364386,0.001407359050213237,0.0,0.04029273986816406,0.2,0.7175256065145146,0.7175256065145146,0.05208562186046095
1772534553.707995,325,0.843048095703125,1186.1719457013576,1.9009543384077179,0.03476719288132534,0.000923233183595562,0.001407359050213237,0.0,0.04363059997558594,0.2,0.7119498173109217,0.7119498173109217,0.08811220630498308
1772534553.7212355,326,1.157999038696289,863.5585752522132,1.9171185019885906,0.05982347239848145,0.0009649841249622408,0.001407359050213237,0.0,0.052928924560546875,0.2,0.7248501534053176,0.7248501534053176,0.12670850270895573
1772534553.7335162,327,1.1229515075683594,890.5104033970276,1.9095905348073159,0.04371087626519202,0.0007654501475636124,0.001407359050213237,0.0,0.052928924560546875,0.2,0.6732009226835161,0.6732009226835161,0.14955864982336048
1772534553.7469437,328,1.3382434844970703,747.2481738820595,1.9251263623951935,0.022513526326292204,0.0009254253648181797,0.001407359050213237,0.0,0.052928924560546875,0.2,0.7101707832818949,0.7101707832818949,0.17096635611181463
1772534553.7574782,329,0.484466552734375,2064.1259842519685,1.8865301118743951,0.04555382378367742,0.0007014355374746246,0.001407359050213237,0.0,0.052928924560546875,0.2,0.6173334525592769,0.6173334525592769,0.13768245154571432
1772534553.7703645,330,0.6039142608642578,1655.8641926569285,1.8977505271723145,0.04064215409163909,0.0008970065710472726,0.001407359050213237,0.0,0.052928924560546875,0.2,0.7148987630019235,0.7148987630019235,0.07477184806570714
1772534553.7830274,331,0.6079673767089844,1644.8250980392156,1.9020279801222304,0.05437619806297296,0.0007683111082010584,0.001407359050213237,0.0,0.052928924560546875,0.2,0.718784518089592,0.718784518089592,0.029175870695783576
1772534553.7960787,332,0.8873939514160156,1126.895217624933,1.9030845729427244,0.03931810084287014,0.0008769964916278847,0.001407359050213237,0.0,0.05435943603515625,0.2,0.7290029771442089,0.7290029771442089,0.015371871523126935
1772534553.807379,333,0.3457069396972656,2892.623448275862,1.8801128549238069,0.027155684290662518,0.0009522999703280785,0.001407359050213237,0.0,0.05435943603515625,0.2,0.6675257773614469,0.6675257773614469,0.04201046850789302
1772534553.8203466,334,0.5669593811035156,1763.7947855340622,1.8960990257394708,0.039137638695899334,0.0009196824276219091,0.001407359050213237,0.0,0.05435943603515625,0.2,0.7254145708377473,0.7254145708377473,0.0891827286699555
1772534553.8329163,335,0.652313232421875,1533.0058479532163,1.9018620959295311,0.05651848041000192,0.0009720984924661626,0.001407359050213237,0.0,0.05435943603515625,0.2,0.6926795556333075,0.6926795556333075,0.11797946567540003
1772534553.8458679,336,0.7677078247070312,1302.5788819875777,1.9141215426187936,0.049307871737547956,0.0007104287169305241,0.001407359050213237,0.0,0.05435943603515625,0.2,0.7048712382250575,0.7048712382250575,0.1542704599684716
1772534553.857476,337,0.41747093200683594,2395.37635636779,1.894728970642138,0.027148462807982946,0.0009299000157090366,0.001407359050213237,0.0,0.05435943603515625,0.2,0.6344418624876188,0.6344418624876188,0.18440838157141679
1772534553.8700511,338,0.4513263702392578,2215.691494981511,1.898508432929323,0.022544723161055005,0.0006997984103951777,0.001407359050213237,0.0,0.05435943603515625,0.2,0.6908404849497196,0.6908404849497196,0.1267566185776586
1772534553.882934,339,0.6706714630126953,1491.0430145751866,1.9035697797261264,0.035780354933615914,0.0008939517632846065,0.001407359050213237,0.0,0.05435943603515625,0.2,0.7115448457674312,0.7115448457674312,0.07621374536170927
1772534553.8958158,340,0.7507801055908203,1331.9479199745952,1.907787516192689,0.05323002475091357,0.0007786272013659028,0.001407359050213237,0.0,0.05435943603515625,0.2,0.7262800761975456,0.7262800761975456,0.0283132946185761
1772534553.907365,341,0.4260540008544922,2347.1203133743707,1.8830716598570132,0.043840077128585064,0.0008736845228957755,0.001407359050213237,0.0,0.05435943603515625,0.2,0.6725908878074268,0.6725908878074268,0.003249158260997051
1772534553.9199297,342,0.4429817199707031,2257.4294940796553,1.8858298077241988,0.014696574545368494,0.0009613474741644144,0.001407359050213237,0.0,0.05435943603515625,0.2,0.7141512235214167,0.7141512235214167,0.04922256442936998
1772534553.9327562,343,0.5903244018554688,1693.9838449111471,1.8959628487071105,0.03611150818255284,0.0009184733817813624,0.001407359050213237,0.0,0.05435943603515625,0.2,0.7160617266809071,0.7160617266809071,0.08681491493768645
1772534553.9458826,344,0.8158683776855469,1225.687901811806,1.915561931601154,0.06019129273242856,0.000979916124738199,0.001407359050213237,0.0,0.05435943603515625,0.2,0.7249732827061941,0.7249732827061941,0.12490505359559519
1772534553.9575467,345,0.5590915679931641,1788.615778251599,1.898471724705046,0.04534032327356357,0.0007238824879640035,0.001407359050213237,0.0,0.05435943603515625,0.2,0.6480069030573778,0.6480069030573778,0.14172102671849923
1772534553.9702084,346,0.4749298095703125,2105.574297188755,1.9063091574044233,0.018771603302045303,0.0009479694140937734,0.001407359050213237,0.0,0.05435943603515625,0.2,0.6815821695754732,0.6815821695754732,0.17745315562707045
1772534553.9828265,347,0.6213188171386719,1609.4796623177283,1.9060088829366169,0.02447006060044556,0.0007003303917520531,0.001407359050213237,0.0,0.05435943603515625,0.2,0.6880015260861261,0.6880015260861261,0.12751505671227897
1772534553.9966927,348,1.5370845794677734,650.5822863347294,1.916734055772145,0.03924240993980084,0.0008959366081690323,0.001407359050213237,0.0,0.09608268737792969,0.2,0.7295741069941738,0.7295741069941738,0.07268008020432977
1772534554.0079958,349,0.8325576782226562,1201.1179839633448,1.8963106199549258,0.05530253965867512,0.0007566399876258794,0.001407359050213237,0.0,0.09608268737792969,0.2,0.6777765288600109,0.6777765288600109,0.037389139735079416
1772534554.02096,350,1.0132789611816406,986.8950588235294,1.8989917213251193,0.03988952196076814,0.0008551386041596674,0.001407359050213237,0.0,0.09608268737792969,0.2,0.7324283798197699,0.7324283798197699,0.014652631336398932
1772534554.0333369,351,1.0383129119873047,963.100803673938,1.8889245789952054,0.017967001027268493,0.0009560429191749973,0.001407359050213237,0.0,0.09608268737792969,0.2,0.701312639235822,0.701312639235822,0.0481732604537589
1772534554.045915,352,0.8592605590820312,1163.7913429522753,1.8963918467763115,0.03540594813798927,0.0009203958767203815,0.001407359050213237,0.0,0.09608268737792969,0.2,0.718371671337235,0.718371671337235,0.08830769554709658
1772534554.0574653,353,0.46324729919433594,2158.6742151312405,1.8873798554994299,0.055167418563313024,0.0009717398816302731,0.001407359050213237,0.0,0.09608268737792969,0.2,0.6634103227209488,0.6634103227209488,0.1112628852805446
1772534554.070451,354,0.6341934204101562,1576.806015037594,1.9013135813277597,0.05089635110599687,0.0006740549846156347,0.001407359050213237,0.0,0.09608268737792969,0.2,0.7024879113564685,0.7024879113564685,0.1516849388714719
1772534554.0827296,355,0.5505084991455078,1816.5023819835426,1.8959674479461475,0.02069129295526322,0.0009420228247127303,0.001407359050213237,0.0,0.09608268737792969,0.2,0.6620415873036049,0.6620415873036049,0.1802090416661411
1772534554.095945,356,0.8101463317871094,1234.3449087698646,1.9080538704014187,0.024881355319967418,0.0007007820430076872,0.001407359050213237,0.0,0.09608268737792969,0.2,0.7173283941333182,0.7173283941333182,0.12198169213207759
1772534554.1073833,357,0.4353523254394531,2296.9901423877327,1.8858927304564537,0.040271861543496,0.0009036699341531567,0.001407359050213237,0.0,0.09608268737792969,0.2,0.659507281417107,0.659507281417107,0.08538519888001808
1772534554.1202133,358,0.41556358337402344,2406.370625358577,1.8962825030775776,0.05535657511638495,0.000796371633435653,0.001407359050213237,0.0,0.09608268737792969,0.2,0.728330014831159,0.728330014831159,0.02885798058497997
1772534554.1329024,359,0.6778240203857422,1475.3091804431938,1.8913765118037715,0.03949397912068646,0.0008588365311801481,0.001407359050213237,0.0,0.09608268737792969,0.2,0.7115783930137433,0.7115783930137433,0.010440927309896052
1772534554.1455216,360,0.6701946258544922,1492.1038776236214,1.8929611670919515,0.01399893040434179,0.000958380159159862,0.001407359050213237,0.0,0.09608268737792969,0.2,0.7200777896985678,0.7200777896985678,0.05148425775426977
1772534554.1572855,361,0.3917217254638672,2552.832623250152,1.8837714173032456,0.0340225635720581,0.0009207844616892467,0.001407359050213237,0.0,0.09608268737792969,0.2,0.6771601476994832,0.6771601476994832,0.0792171931592518
1772534554.1698768,362,0.42128562927246094,2373.6864742501416,1.8983905206175231,0.057760836697579296,0.0009855538564841765,0.001407359050213237,0.0,0.09608268737792969,0.2,0.7027810482561195,0.7027810482561195,0.11827781574057121
1772534554.1827607,363,0.5943775177001953,1682.4324107501002,1.9096729497196154,0.0478760108486131,0.0006774894804849633,0.001407359050213237,0.0,0.09608268737792969,0.2,0.6993155685406203,0.6993155685406203,0.15159236925030925
1772534554.195501,364,0.6561279296875,1524.093023255814,1.9116313409370345,0.01873989678641115,0.0009421368594618534,0.001407359050213237,0.0,0.09608268737792969,0.2,0.6814476239632271,0.6814476239632271,0.17739478526006178
1772534554.2072484,365,0.3688335418701172,2711.2501616031027,1.8948182852038156,0.028035745547562507,0.000701072408800627,0.001407359050213237,0.0,0.09608268737792969,0.2,0.6591057809460248,0.6591057809460248,0.13237495516127165
1772534554.220006,366,0.4227161407470703,2365.6536943034407,1.9015715152971349,0.03683124365443,0.0008922866055907997,0.001407359050213237,0.0,0.09608268737792969,0.2,0.7152442634010467,0.7152442634010467,0.07589298434067374
1772534554.2327647,367,0.6229877471923828,1605.16800612323,1.9010435707893023,0.05301413541601189,0.0007790170546127929,0.001407359050213237,0.0,0.09608268737792969,0.2,0.7152591887729083,0.7152591887729083,0.030847553559174297
1772534554.245535,368,0.6239414215087891,1602.7145586549484,1.9004621300280107,0.039682847880966016,0.0008623775597928129,0.001407359050213237,0.0,0.09608268737792969,0.2,0.7290313003306986,0.7290313003306986,0.014415211620284857
1772534554.2572756,369,0.3883838653564453,2574.772252915899,1.8817988941207124,0.023357016154921473,0.0009550022168427048,0.001407359050213237,0.0,0.09608268737792969,0.2,0.6807037499781692,0.6807037499781692,0.04399583463654735
1772534554.269974,370,0.42819976806640625,2335.358574610245,1.8918679392078928,0.03544407039053931,0.0009188050549373991,0.001407359050213237,0.0,0.09608268737792969,0.2,0.7172116314127672,0.7172116314127672,0.08721177630431647
1772534554.2826853,371,0.5698204040527344,1754.938912133891,1.9024176475740606,0.0563497500378905,0.0009775894838743335,0.001407359050213237,0.0,0.09608268737792969,0.2,0.7041134076965917,0.7041134076965917,0.12003346820499335
1772534554.2954504,372,0.6401538848876953,1562.1243947858472,1.9098091772415846,0.04620316880375609,0.0007034253376865562,0.001407359050213237,0.0,0.09608268737792969,0.2,0.6975948652775161,0.6975948652775161,0.15255276651047453
1772534554.3073127,373,0.41413307189941406,2414.6827864133566,1.8956797882958198,0.02305721985727279,0.0009345613726656575,0.001407359050213237,0.0,0.09608268737792969,0.2,0.6463742190544607,0.6463742190544607,0.1826968402458136
1772534554.3200247,374,0.4417896270751953,2263.5207771181867,1.901707717208275,0.024219859518378926,0.0007006927439223465,0.001407359050213237,0.0,0.09608268737792969,0.2,0.7003847328741811,0.7003847328741811,0.12500370781940928
1772534554.3327992,375,0.5769729614257812,1733.1834710743801,1.9038153021563042,0.0363943179230095,0.0008988501289082966,0.001407359050213237,0.0,0.09608268737792969,0.2,0.7106749554953836,0.7106749554953836,0.0759482694994844
1772534554.3455005,376,0.6611347198486328,1512.5510277677606,1.9031169789325855,0.05316285440505246,0.0007654819147793559,0.001407359050213237,0.0,0.09608268737792969,0.2,0.7184934636289341,0.7184934636289341,0.02942276662225927
1772534554.357415,377,0.4115104675292969,2430.071842410197,1.8861849424476615,0.040918789931549855,0.0008758211267658661,0.001407359050213237,0.0,0.09608268737792969,0.2,0.6917822798903273,0.6917822798903273,0.007381473472404537
1772534554.370022,378,0.46062469482421875,2170.9648033126296,1.8869791178721935,0.014125827387624978,0.0009578670496637388,0.001407359050213237,0.0,0.09608268737792969,0.2,0.7163161513188214,0.7163161513188214,0.05075196124850895
1772534554.382789,379,0.5738735198974609,1742.5442459493145,1.8954631882353148,0.035382324708118695,0.0009208402492979492,0.001407359050213237,0.0,0.09608268737792969,0.2,0.717444631847675,0.717444631847675,0.08822586012896791
1772534554.3954542,380,0.637054443359375,1569.7245508982037,1.9049566557704734,0.05664297616124512,0.0009706760168457266,0.001407359050213237,0.0,0.09608268737792969,0.2,0.7051315162163836,0.7051315162163836,0.12121098891011088
1772534554.4073737,381,0.377655029296875,2647.919191919192,1.8974200068808211,0.0439849843014138,0.0007264384813500134,0.001407359050213237,0.0,0.09608268737792969,0.2,0.6649707448926551,0.6649707448926551,0.1454309360805747
1772534554.4200325,382,0.46324729919433594,2158.6742151312405,1.9016585443216036,0.01793030630670072,0.0009403508108293622,0.001407359050213237,0.0,0.09608268737792969,0.2,0.6759200398644915,0.6759200398644915,0.17752084668776147
1772534554.4327826,383,0.5393028259277344,1854.2458001768346,1.9062737168143247,0.024698271922870864,0.0007001888739032916,0.001407359050213237,0.0,0.09608268737792969,0.2,0.6990018723035882,0.6990018723035882,0.12477393155717323
1772534554.445357,384,0.6208419799804688,1610.715821812596,1.9051867656313513,0.036770277162283975,0.0009020553720078632,0.001407359050213237,0.0,0.09608268737792969,0.2,0.7039023004141757,0.7039023004141757,0.07674839747822329
1772534554.4573345,385,0.40221214294433594,2486.2501481920567,1.893585790620404,0.0536560263023835,0.0007635089957806285,0.001407359050213237,0.0,0.09608268737792969,0.2,0.6899625777684226,0.6899625777684226,0.034983642380834665
1772534554.4701824,386,0.45943260192871094,2176.5978204462895,1.897219971536275,0.04021290856089976,0.0008601857130906607,0.001407359050213237,0.0,0.09608268737792969,0.2,0.7317664193958571,0.7317664193958571,0.014798730859680675
1772534554.4828737,387,0.6031990051269531,1657.8276679841897,1.8936845605120727,0.015245816496242414,0.0009553469328500604,0.001407359050213237,0.0,0.09608268737792969,0.2,0.7150373830146276,0.7150373830146276,0.05139739355897524
1772534554.4955661,388,0.6461143493652344,1547.7136531365313,1.8989572132920565,0.03490179766524637,0.0009227156907320393,0.001407359050213237,0.0,0.09608268737792969,0.2,0.7164769666277037,0.7164769666277037,0.08882411751586036
1772534554.5072727,389,0.3407001495361328,2935.1322603219032,1.8905165182488222,0.05540334094993266,0.0009647761618606358,0.001407359050213237,0.0,0.09608268737792969,0.2,0.667103816492,0.667103816492,0.11288878811778706
1772534554.5197794,390,0.33974647521972656,2943.371228070175,1.8967474887489493,0.047673258745652966,0.0007000219229187076,0.001407359050213237,0.0,0.09608268737792969,0.2,0.6868721987408057,0.6868721987408057,0.14878562855672386
1772534554.5322382,391,0.3936290740966797,2540.4627498485765,1.8959567949115335,0.01923046339714509,0.0009402159248466467,0.001407359050213237,0.0,0.09608268737792969,0.2,0.6665896743220651,0.6665896743220651,0.17889172011018692
1772534554.5448604,392,0.3845691680908203,2600.3124612523247,1.9006037452025548,0.022747567347926177,0.0006996585464506624,0.001407359050213237,0.0,0.09608268737792969,0.2,0.6967629300136614,0.6967629300136614,0.1253060195491476
1772534554.5572712,393,0.3418922424316406,2924.8981868898186,1.8984865213820405,0.03521799795406209,0.0008976304154576255,0.001407359050213237,0.0,0.09608268737792969,0.2,0.6986006406218619,0.6986006406218619,0.07814820940127713
1772534554.5698094,394,0.35119056701660156,2847.456890699253,1.8985667498162442,0.053014287944723716,0.0007811740663696443,0.001407359050213237,0.0,0.09608268737792969,0.2,0.7131934864531215,0.7131934864531215,0.03093851767289721
1772534554.5822058,395,0.36072731018066406,2772.177131526768,1.8909242208904533,0.03919309462634592,0.0008647283820082836,0.001407359050213237,0.0,0.09608268737792969,0.2,0.7073070248753756,0.7073070248753756,0.00990042890314483
1772534554.5946932,396,0.3650188446044922,2739.5845852384064,1.8892239841239742,0.014399141070566545,0.000958246592401292,0.001407359050213237,0.0,0.09608268737792969,0.2,0.7117330693696218,0.7117330693696218,0.04974398950586331
1772534554.6072567,397,0.33473968505859375,2987.3960113960115,1.8954900949193394,0.034940181433833234,0.0009205394674465597,0.001407359050213237,0.0,0.09608268737792969,0.2,0.7118610151435653,0.7118610151435653,0.08669166814304355
1772534554.6197913,398,0.3459453582763672,2890.629910406616,1.9043794457884553,0.056703737793565114,0.0009751387271487721,0.001407359050213237,0.0,0.09608268737792969,0.2,0.7013470408108141,0.7013470408108141,0.11971781284024471
1772534554.6321936,399,0.3552436828613281,2814.9691275167784,1.904420551248247,0.04488169510758123,0.0007142343093877686,0.001407359050213237,0.0,0.09608268737792969,0.2,0.6799294305340947,0.6799294305340947,0.14832290190696715
1772534554.644892,400,0.4420280456542969,2262.2998921251346,1.90699595528782,0.01787675697198278,0.000938841186576325,0.001407359050213237,0.0,0.09608268737792969,0.2,0.6772626006441581,0.6772626006441581,0.17744849168241236
1772534554.6572037,401,0.3807544708251953,2626.3644333124607,1.9025283221379232,0.023861854602185074,0.0006995822477364036,0.001407359050213237,0.0,0.09608268737792969,0.2,0.6823282398247343,0.6823282398247343,0.12780013279250835
1772534554.6698322,402,0.3762245178222656,2657.9873257287704,1.905282159807776,0.03697679758049879,0.000897315157215856,0.001407359050213237,0.0,0.09608268737792969,0.2,0.7103423764203282,0.7103423764203282,0.07592120854119203
1772534554.6823144,403,0.4208087921142578,2376.3762039660055,1.9007488408587465,0.05336737965062258,0.0007721193581680025,0.001407359050213237,0.0,0.09608268737792969,0.2,0.7073403387007948,0.7073403387007948,0.031686821368117825
1772534554.6947782,404,0.3337860107421875,2995.9314285714286,1.895301219136013,0.03929131820460121,0.0008683594081646134,0.001407359050213237,0.0,0.09608268737792969,0.2,0.7151280461497698,0.7151280461497698,0.011810370165184492
1772534554.707203,405,0.3781318664550781,2644.580075662043,1.8899585629233828,0.015208401234260793,0.0009563787160792076,0.001407359050213237,0.0,0.09608268737792969,0.2,0.7074207414661119,0.7074207414661119,0.049451480673443425
1772534554.7198064,406,0.37097930908203125,2695.568123393316,1.8962887025858894,0.035091517736591374,0.0009214224657981909,0.001407359050213237,0.0,0.09608268737792969,0.2,0.7138204722269086,0.7138204722269086,0.08752661011264944
1772534554.732256,407,0.3979206085205078,2513.064110245656,1.9011844630907129,0.056104455351275985,0.0009713809455004832,0.001407359050213237,0.0,0.09608268737792969,0.2,0.6939695402776787,0.6939695402776787,0.11844010160413714
1772534554.7448637,408,0.43320655822753906,2308.3676389653274,1.9066260467641005,0.04643006150870333,0.0007167787583798493,0.001407359050213237,0.0,0.09608268737792969,0.2,0.6910004069483806,0.6910004069483806,0.15097227370513722
1772534554.7573574,409,0.41985511779785156,2381.7739920499716,1.9050337197763958,0.018261811139621872,0.0009337369028872492,0.001407359050213237,0.0,0.09608268737792969,0.2,0.6707425172696183,0.6707425172696183,0.1782220224613307
1772534554.76987,410,0.39005279541015625,2563.755501222494,1.9043600091207402,0.023254459065931588,0.0006993740391516512,0.001407359050213237,0.0,0.09608268737792969,0.2,0.6910447480720423,0.6910447480720423,0.12595116783528018
1772534554.7822003,411,0.36907196044921875,2709.498708010336,1.899082050247349,0.036508981095514856,0.0009009585612864905,0.001407359050213237,0.0,0.09608268737792969,0.2,0.6936883353530596,0.6936883353530596,0.07865329756316447
1772534554.7947283,412,0.36787986755371094,2718.2786779001945,1.8987539326176264,0.05368201756792749,0.0007769943211901208,0.001407359050213237,0.0,0.09608268737792969,0.2,0.7123775199640331,0.7123775199640331,0.030776018242394853
1772534554.807227,413,0.39768218994140625,2514.5707434052756,1.8930509348953934,0.039361466670985654,0.0008690918714422187,0.001407359050213237,0.0,0.09608268737792969,0.2,0.7120924379013582,0.7120924379013582,0.011204921244387012
1772534554.81971,414,0.3802776336669922,2629.657680250784,1.890728068718319,0.014454134061344341,0.0009567609881197738,0.001407359050213237,0.0,0.09608268737792969,0.2,0.7120196466022951,0.7120196466022951,0.05033101439859306
1772534554.8322017,415,0.37169456481933594,2690.381013470173,1.8943703973517514,0.03450006815006182,0.0009217744436040926,0.001407359050213237,0.0,0.09608268737792969,0.2,0.7069198066540078,0.7069198066540078,0.0860812590192994
1772534554.8447602,416,0.3256797790527344,3070.5007320644218,1.9044747693881956,0.057374203020444485,0.000973249400765502,0.001407359050213237,0.0,0.09608268737792969,0.2,0.7035162554181743,0.7035162554181743,0.12040733153082055
1772534554.857184,417,0.3573894500732422,2798.0680453635755,1.9051124032420221,0.04516078316859489,0.0007242305701780746,0.001407359050213237,0.0,0.09608268737792969,0.2,0.6811825540686538,0.6811825540686538,0.14894892333675241
1772534554.8702211,418,0.6811618804931641,1468.0798039901995,1.9111309589480368,0.018932798343558797,0.0009353849315878724,0.001407359050213237,0.0,0.09608268737792969,0.2,0.6853027979955763,0.6853027979955763,0.175814611355116
1772534554.8821924,419,0.35953521728515625,2781.368700265252,1.9015530229895532,0.025340887667538226,0.0006992913744063901,0.001407359050213237,0.0,0.09608268737792969,0.2,0.6736670519666959,0.6736670519666959,0.12889914985644513
1772534554.8948073,420,0.3819465637207031,2618.167290886392,1.9036161371405154,0.03694453531925753,0.0008985272622850258,0.001407359050213237,0.0,0.09608268737792969,0.2,0.707536916642476,0.707536916642476,0.07617585792745961
1772534554.9072251,421,0.40030479431152344,2498.096486003574,1.8986496292939066,0.053371311758857065,0.000771911882695309,0.001407359050213237,0.0,0.09608268737792969,0.2,0.7042405296030426,0.7042405296030426,0.03216868704385823
1772534554.9198005,422,0.3504753112792969,2853.268027210884,1.8963738766522527,0.0393775401139525,0.0008681144683400657,0.001407359050213237,0.0,0.09608268737792969,0.2,0.7204142872407006,0.7204142872407006,0.012909915188388346
1772534554.932633,423,0.43654441833496094,2290.7176406335334,1.8986208663316981,0.01476005422585259,0.000955780322253343,0.001407359050213237,0.0,0.09608268737792969,0.2,0.7271517142818611,0.7271517142818611,0.05404400110843046
1772534554.9458616,424,0.7538795471191406,1326.471853257432,1.909281642290413,0.03687496814565151,0.000924278477388379,0.001407359050213237,0.0,0.09608268737792969,0.2,0.7329598005312923,0.7329598005312923,0.09331178025863751
1772534554.9574287,425,0.4601478576660156,2173.2145077720206,1.8930665615622067,0.05692239425720862,0.0009515563865258352,0.001407359050213237,0.0,0.09608268737792969,0.2,0.6582025522680917,0.6582025522680917,0.11246988108853165
1772534554.9700806,426,0.49233436584472656,2031.1399515738499,1.9004701066255034,0.048005374603888255,0.0007231192603564951,0.001407359050213237,0.0,0.09608268737792969,0.2,0.692438990700711,0.692438990700711,0.1511398206262098
1772534554.9823391,427,0.4477500915527344,2233.3887113951014,1.8948434697771217,0.019618107734001286,0.000931334602996842,0.001407359050213237,0.0,0.09608268737792969,0.2,0.6584040646300311,0.6584040646300311,0.17977531897530252
1772534554.996042,428,0.8039474487304688,1243.8623962040333,1.917419846845831,0.03264936793444941,0.0006986448370185062,0.001407359050213237,0.0,0.09608268737792969,0.2,0.7388404309452431,0.7388404309452431,0.11709410215502465
1772534555.0074105,429,0.43773651123046875,2284.4793028322442,1.8904710106266,0.04406192514525061,0.0009119051125473553,0.001407359050213237,0.0,0.09608268737792969,0.2,0.6539460292918735,0.6539460292918735,0.0849981781373393
1772534555.0198436,430,0.40531158447265625,2467.2376470588233,1.8911707540093763,0.05430249125251244,0.0007828285121716015,0.001407359050213237,0.0,0.09608268737792969,0.2,0.707348337335289,0.707348337335289,0.03180934902776694
1772534555.0323794,431,0.4699230194091797,2128.0081177067477,1.8887491492040562,0.03963584519561396,0.0008643815390088626,0.001407359050213237,0.0,0.09608268737792969,0.2,0.7119601783912998,0.7119601783912998,0.010832422493080302
1772534555.0448327,432,0.36334991455078125,2752.1679790026246,1.8890280382105427,0.014184162719238351,0.0009580448299967067,0.001407359050213237,0.0,0.09608268737792969,0.2,0.7126426797165097,0.7126426797165097,0.050063499869790015
1772534555.0571978,433,0.3457069396972656,2892.623448275862,1.891236998154969,0.0342550677748931,0.0009213077105064816,0.001407359050213237,0.0,0.09608268737792969,0.2,0.6996392823792371,0.6996392823792371,0.08405962170798162
1772534555.0697615,434,0.3993511199951172,2504.062089552239,1.9021834092981809,0.05764413222927189,0.0009783820870046447,0.001407359050213237,0.0,0.09608268737792969,0.2,0.6998705637937658,0.6998705637937658,0.11875406058691959
1772534555.0822494,435,0.40268898010253906,2483.3060982830075,1.9066599554869983,0.04635051328010775,0.0007090782636978355,0.001407359050213237,0.0,0.09608268737792969,0.2,0.6853888672072124,0.6853888672072124,0.1490470207177408
1772534555.0948603,436,0.40411949157714844,2474.515634218289,1.9083263530176373,0.0183309526625611,0.0009389497590497492,0.001407359050213237,0.0,0.09608268737792969,0.2,0.6744490040145723,0.6744490040145723,0.17797678544637283
1772534555.107211,437,0.3829002380371094,2611.6463262764632,1.9039122652007727,0.023381914377999725,0.00069869999923317,0.001407359050213237,0.0,0.09608268737792969,0.2,0.6813216162560076,0.6813216162560076,0.1281478933303346
1772534555.1198103,438,0.354766845703125,2818.7526881720432,1.90643619953904,0.03652650000174867,0.000894602082475508,0.001407359050213237,0.0,0.09608268737792969,0.2,0.7091044942008172,0.7091044942008172,0.07639468539225419
1772534555.13216,439,0.335693359375,2978.909090909091,1.900063431758532,0.05324641857184465,0.0007814599584098764,0.001407359050213237,0.0,0.09608268737792969,0.2,0.7017236917847653,0.7017236917847653,0.033117447355996935
1772534555.1448216,440,0.36215782165527344,2761.2271231073073,1.8981864072465182,0.03948044450713144,0.0008604110698076905,0.001407359050213237,0.0,0.09608268737792969,0.2,0.7211363280355766,0.7211363280355766,0.012564147230376356
1772534555.1572366,441,0.3790855407714844,2637.927044025157,1.8919242273672314,0.01556732282814694,0.0009573497842912984,0.001407359050213237,0.0,0.09608268737792969,0.2,0.7062890968372628,0.7062890968372628,0.04901033493503449
1772534555.169777,442,0.38886070251464844,2571.614960147149,1.8961024993108837,0.03468270917295583,0.0009208865327789623,0.001407359050213237,0.0,0.09608268737792969,0.2,0.7092189418307927,0.7092189418307927,0.08625120119366649
1772534555.182219,443,0.38361549377441406,2606.77688004972,1.902129826348667,0.05647846643478595,0.0009757373457037835,0.001407359050213237,0.0,0.09608268737792969,0.2,0.6952311860555431,0.6952311860555431,0.1182561439177433
1772534555.194711,444,0.37288665771484375,2681.7800511508954,1.9056518716640019,0.04627920803355858,0.0007083473011129443,0.001407359050213237,0.0,0.09608268737792969,0.2,0.6862503786706442,0.6862503786706442,0.14945359139992764
1772534555.2072282,445,0.4017353057861328,2489.20118694362,1.9041901003199238,0.018252816423165952,0.0009386228129702759,0.001407359050213237,0.0,0.09608268737792969,0.2,0.6693077053382831,0.6693077053382831,0.1788664132153764
1772534555.2198036,446,0.3600120544433594,2777.6847682119205,1.9058117499651919,0.02320855720865008,0.0006991967268049451,0.001407359050213237,0.0,0.09608268737792969,0.2,0.6946329472187005,0.6946329472187005,0.12579142614642094
1772534555.232187,447,0.3590583801269531,2785.062416998672,1.9010439082508621,0.03638410438194923,0.0008983202262959207,0.001407359050213237,0.0,0.09608268737792969,0.2,0.695402507645368,0.695402507645368,0.0787284730187117
1772534555.244785,448,0.3991127014160156,2505.557945041816,1.9012338437876513,0.053738927252776285,0.0007823680806196343,0.001407359050213237,0.0,0.09608268737792969,0.2,0.7146081056461047,0.7146081056461047,0.03062341603507955
1772534555.2572658,449,0.3840923309326172,2603.540657976412,1.894739515609339,0.03942480847673504,0.0008665206905389652,0.001407359050213237,0.0,0.09608268737792969,0.2,0.7116137686633863,0.7116137686633863,0.010948050604399713
1772534555.2699878,450,0.42128562927246094,2373.6864742501416,1.8964705033769278,0.014169445110146055,0.0009573305260269856,0.001407359050213237,0.0,0.09608268737792969,0.2,0.7234229335985395,0.7234229335985395,0.052711789749752845
1772534555.2822466,451,0.3743171691894531,2671.5312101910827,1.8930444644540416,0.034071149384005156,0.0009225759493626786,0.001407359050213237,0.0,0.09608268737792969,0.2,0.6948659288531741,0.6948659288531741,0.08386979292801215
1772534555.2949476,452,0.4477500915527344,2233.3887113951014,1.9051088597645691,0.0580672439620642,0.0009752382819803142,0.001407359050213237,0.0,0.09608268737792969,0.2,0.7069876138119918,0.7069876138119918,0.12099245633493688
1772534555.307275,453,0.3771781921386719,2651.266750948167,1.904695269892606,0.04491051643911313,0.0007213010880770286,0.001407359050213237,0.0,0.09608268737792969,0.2,0.6791188271514651,0.6791188271514651,0.1484604352861108
1772534555.319759,454,0.40459632873535156,2471.59929286977,1.9037092469541834,0.01740413125315093,0.0009370397009746931,0.001407359050213237,0.0,0.09608268737792969,0.2,0.6683359172696004,0.6683359172696004,0.17881475170640307
1772534555.3322234,455,0.37407875061035156,2673.2339069471,1.9034414162614421,0.023535287737238206,0.0006995078985108582,0.001407359050213237,0.0,0.09608268737792969,0.2,0.6882047884809008,0.6882047884809008,0.12679855706225351
1772534555.3448393,456,0.38886070251464844,2571.614960147149,1.9051511701977477,0.0367886502297843,0.00089763363283507,0.001407359050213237,0.0,0.09608268737792969,0.2,0.7072400086674272,0.7072400086674272,0.0764982684298914
1772534555.3572285,457,0.3898143768310547,2565.3235474006115,1.8999217832700053,0.0532353355195378,0.0007735501917696063,0.001407359050213237,0.0,0.09608268737792969,0.2,0.7040645828137965,0.7040645828137965,0.03244456751980382
1772534555.369677,458,0.34499168395996094,2898.620594333103,1.8937677126990038,0.039137735637518496,0.0008647537837467819,0.001407359050213237,0.0,0.09608268737792969,0.2,0.7111922004815757,0.7111922004815757,0.010737096134142103
1772534555.3822231,459,0.39196014404296875,2551.279805352798,1.8917149251927736,0.014424489105062657,0.0009576387779777179,0.001407359050213237,0.0,0.09608268737792969,0.2,0.7129989639148203,0.7129989639148203,0.05024918743188698
1772534555.3948045,460,0.35762786865234375,2796.2026666666666,1.8978114001865192,0.0350644146349333,0.0009210563515284377,0.001407359050213237,0.0,0.09608268737792969,0.2,0.7137230394463819,0.7137230394463819,0.08742164873904863
1772534555.4072146,461,0.3840923309326172,2603.540657976412,1.9015752884141766,0.05590944768534808,0.000972448944522289,0.001407359050213237,0.0,0.09608268737792969,0.2,0.6917251013739076,0.6917251013739076,0.11784115912244209
1772534555.4196882,462,0.3561973571777344,2807.4323962516733,1.9048951436081218,0.046154302701881506,0.000709615339283143,0.001407359050213237,0.0,0.09608268737792969,0.2,0.6859760245512754,0.6859760245512754,0.1495238582466527
1772534555.4322214,463,0.3705024719238281,2699.037323037323,1.9042941589557654,0.018309641402014933,0.0009378272631220378,0.001407359050213237,0.0,0.09608268737792969,0.2,0.6712460348974465,0.6712460348974465,0.17840847053380024
1772534555.444705,464,0.36644935607910156,2728.8900455432663,1.9031687459235238,0.022996718595974817,0.0006997716065441793,0.001407359050213237,0.0,0.09608268737792969,0.2,0.6887164097654376,0.6887164097654376,0.12669766599498147
1772534555.4571784,465,0.3418922424316406,2924.8981868898186,1.9016211810051613,0.03607565567191423,0.0008986027534338822,0.001407359050213237,0.0,0.09608268737792969,0.2,0.7011418707553313,0.7011418707553313,0.07761877582443356
1772534555.4697595,466,0.4317760467529297,2316.0154610712316,1.8996576398460097,0.05323956658104168,0.0007758489134571964,0.001407359050213237,0.0,0.09608268737792969,0.2,0.7104525915317443,0.7104525915317443,0.03129686308403535
1772534555.4821956,467,0.3647804260253906,2741.3751633986926,1.893796771181084,0.03921965335163656,0.000866408003094008,0.001407359050213237,0.0,0.09608268737792969,0.2,0.7127446116262554,0.7127446116262554,0.011176981636200923
1772534555.494826,468,0.3864765167236328,2587.479333744602,1.8934962484016087,0.01427707824353009,0.0009570002485546677,0.001407359050213237,0.0,0.09608268737792969,0.2,0.7183090870671772,0.7183090870671772,0.05161229171055889
1772534555.50718,469,0.3581047058105469,2792.4793608521973,1.893151669127505,0.034042361101508205,0.0009220101325814569,0.001407359050213237,0.0,0.09608268737792969,0.2,0.7003453558205982,0.7003453558205982,0.08485114973082958
1772534555.5197923,470,0.35762786865234375,2796.2026666666666,1.9039718713398288,0.05752211961124581,0.0009744252690624455,0.001407359050213237,0.0,0.09608268737792969,0.2,0.7046971312401127,0.7046971312401127,0.12053270921112749
1772534555.532199,471,0.3726482391357422,2683.495841330774,1.904430584224228,0.04503588520274787,0.0007188285260334722,0.001407359050213237,0.0,0.09608268737792969,0.2,0.6809064043449954,0.6809064043449954,0.14881514321289915
1772534555.5450795,472,0.43392181396484375,2304.5626373626374,1.9109273223499013,0.018897608961850523,0.0009368415656187313,0.001407359050213237,0.0,0.09608268737792969,0.2,0.6865854113630905,0.6865854113630905,0.17572083420347637
1772534555.5572834,473,0.38743019104003906,2581.110153846154,1.901199285887839,0.025355495498727225,0.0007000139184267323,0.001407359050213237,0.0,0.09608268737792969,0.2,0.6737929411783676,0.6737929411783676,0.12895633765913184
1772534555.5699358,474,0.4208087921142578,2376.3762039660055,1.9040467473237705,0.03704981853309518,0.0008993477820054976,0.001407359050213237,0.0,0.09608268737792969,0.2,0.7097543116329795,0.7097543116329795,0.07579123109499707
1772534555.582259,475,0.4088878631591797,2445.658309037901,1.8970579990117113,0.05328114472579271,0.0007665572504596042,0.001407359050213237,0.0,0.09608268737792969,0.2,0.7005996294953121,0.7005996294953121,0.03285383613722114
1772534555.5948954,476,0.3833770751953125,2608.3980099502487,1.895490312572624,0.03928979929137789,0.0008668029841136628,0.001407359050213237,0.0,0.09608268737792969,0.2,0.7219212869174481,0.7219212869174481,0.013146645026855806
1772534555.6072748,477,0.4031658172607422,2480.3690124186874,1.888373555999229,0.01608176686687822,0.0009555748408145664,0.001407359050213237,0.0,0.09608268737792969,0.2,0.7036624330258279,0.7036624330258279,0.0488475627857442
1772534555.619848,478,0.3821849822998047,2616.5339987523394,1.8944565241976603,0.03505752247325895,0.0009214247050405527,0.001407359050213237,0.0,0.09608268737792969,0.2,0.7122100019986303,0.7122100019986303,0.08716269211730086
1772534555.6321747,479,0.34737586975097656,2878.726149622512,1.8980683437301762,0.0558580641728858,0.0009716468386339243,0.001407359050213237,0.0,0.09608268737792969,0.2,0.689466536240435,0.689466536240435,0.11728365437472676
1772534555.644677,480,0.34689903259277344,2882.6831615120277,1.9022299745286573,0.04628347729822252,0.0007092218394083789,0.001407359050213237,0.0,0.09608268737792969,0.2,0.6855962634824092,0.6855962634824092,0.1492513370760471
1772534555.6572878,481,0.4019737243652344,2487.7247924080666,1.9038076805421633,0.018441703327862626,0.0009380011859382918,0.001407359050213237,0.0,0.09608268737792969,0.2,0.6744058855137715,0.6744058855137715,0.17774486344628074
1772534555.6698976,482,0.4177093505859375,2394.009132420091,1.9049445909294505,0.023098627651208008,0.0006997467635149341,0.001407359050213237,0.0,0.019311904907226562,0.2,0.6939201582182368,0.6939201582182368,0.12562578714584025
1772534555.6824563,483,0.5037784576416016,1984.9995267392333,1.9024827107993838,0.036144779384370974,0.0009008347743356329,0.001407359050213237,0.0,0.025987625122070312,0.2,0.7008726949961177,0.7008726949961177,0.07739262026753783
1772534555.6949885,484,0.41866302490234375,2388.5558086560363,1.902350808107375,0.05347770582497609,0.000770297605538686,0.001407359050213237,0.0,0.025987625122070312,0.2,0.7165470118660391,0.7165470118660391,0.02974567278556448
1772534555.7073057,485,0.4038810729980469,2475.9763872491144,1.891127677569367,0.039718755637650115,0.0008750388639839868,0.001407359050213237,0.0,0.025987625122070312,0.2,0.7027198700446022,0.7027198700446022,0.00963333540591331
1772534555.7199516,486,0.4146099090576172,2411.9056929269696,1.8922605314645722,0.014331962383625642,0.0009567376007756791,0.001407359050213237,0.0,0.025987625122070312,0.2,0.7195955659414082,0.7195955659414082,0.051966140136782524
1772534555.7322867,487,0.4165172576904297,2400.8609044075556,1.891084353258421,0.03408698313104421,0.0009224365697378396,0.001407359050213237,0.0,0.025987625122070312,0.2,0.6969680509639598,0.6969680509639598,0.08421996781026925
1772534555.7448478,488,0.4336833953857422,2305.8295766904894,1.9013057231679418,0.05734205987646193,0.00097456202342581,0.001407359050213237,0.0,0.025987625122070312,0.2,0.7008559363509141,0.7008559363509141,0.11954913019102707
1772534555.7575002,489,0.4978179931640625,2008.766283524904,1.907842279469341,0.046454848971116965,0.0007152707354151098,0.001407359050213237,0.0,0.028371810913085938,0.2,0.6920085113341826,0.6920085113341826,0.15125628386168613
1772534555.769892,490,0.41103363037109375,2432.890951276102,1.9045802622408712,0.018204653191510625,0.0009337154303958919,0.001407359050213237,0.0,0.028371810913085938,0.2,0.6665116085947964,0.6665116085947964,0.17905057393417043
1772534555.782462,491,0.44608116149902344,2241.7445216461783,1.9045663189150777,0.023333999152768792,0.0006995774836934692,0.001407359050213237,0.0,0.028371810913085938,0.2,0.690899893418397,0.690899893418397,0.12616051087927385
1772534555.796182,492,0.8437633514404297,1185.166431195253,1.9234080710563075,0.04247174066656621,0.0009002045033757683,0.001407359050213237,0.0,0.037670135498046875,0.2,0.7522660108101881,0.7522660108101881,0.06732234267367526
1772534555.8074563,493,0.47969818115234375,2084.6441351888666,1.8891112137530222,0.060618332823832846,0.0007282216552298826,0.001407359050213237,0.0,0.037670135498046875,0.2,0.6559287233887404,0.6559287233887404,0.040146715749028825
1772534555.8203547,494,0.5431175231933594,1841.2221246707638,1.8911348528884637,0.039195933339715036,0.0008666792928551738,0.001407359050213237,0.0,0.037670135498046875,0.2,0.7313130895265428,0.7313130895265428,0.015123675389195441
1772534555.83275,495,0.5786418914794922,1728.1845900288422,1.8832533073395785,0.017226242518018554,0.0009543654772006756,0.001407359050213237,0.0,0.037670135498046875,0.2,0.7045001992835527,0.7045001992835527,0.049447771121299056
1772534555.8472195,496,1.5513896942138672,644.5833717534962,1.913086421759324,0.047298979750087435,0.0009225810364453395,0.001407359050213237,0.0,0.10371208190917969,0.2,0.7727682798225745,0.7727682798225745,0.1016326532566471
1772534555.8578806,497,0.7126331329345703,1403.2465707594513,1.8821123532192257,0.06124774441342778,0.0009359161785546515,0.001407359050213237,0.0,0.10371208190917969,0.2,0.6323558957134712,0.6323558957134712,0.10799597644730602
1772534555.8705792,498,0.6425380706787109,1556.3280148423005,1.8937976361550544,0.04924105017157777,0.0007201041331014606,0.001407359050213237,0.0,0.10371208190917969,0.2,0.6994954928358447,0.6994954928358447,0.1525754208625419
1772534555.8829405,499,0.6225109100341797,1606.3975488318652,1.8896469461835916,0.019292377535040636,0.00092927590679264,0.001407359050213237,0.0,0.10371208190917969,0.2,0.6617552914598566,0.6617552914598566,0.17889140629457542
1772534555.896356,500,0.9005069732666016,1110.4855705586444,1.9057352202052158,0.028473651017144695,0.0006991042554088285,0.001407359050213237,0.0,0.10371208190917969,0.2,0.7240907181059217,0.7240907181059217,0.11944532104109534
1772534555.907524,501,0.48613548278808594,2057.0397253555666,1.877266475459815,0.04526687176535123,0.0009102639824420368,0.001407359050213237,0.0,0.10371208190917969,0.2,0.6435678536544042,0.6435678536544042,0.08705009672242306
1772534555.9206786,502,0.6351470947265625,1574.4384384384384,1.895808447308624,0.0599410408836272,0.0007963617889498898,0.001407359050213237,0.0,0.10371208190917969,0.2,0.7406256701584587,0.7406256701584585,0.025651736701105265
1772534555.9330182,503,0.7295608520507812,1370.6875816993463,1.8859350415013958,0.04021312085817141,0.0008757419213865804,0.001407359050213237,0.0,0.10371208190917969,0.2,0.6970129133909756,0.6970129133909756,0.008451021519428132
1772534555.9458802,504,0.8523464202880859,1173.231888111888,1.89301829448268,0.015543148938088612,0.0009578614262655957,0.001407359050213237,0.0,0.10371208190917969,0.2,0.7254664045567163,0.7254664045567163,0.05294519301591586
1772534555.957542,505,0.4425048828125,2259.862068965517,1.8844998461337472,0.034498760577064524,0.0009228471973941277,0.001407359050213237,0.0,0.10371208190917969,0.2,0.6753684410209047,0.6753684410209047,0.07936769169565602
1772534555.9702065,506,0.4932880401611328,2027.2131464475592,1.9011149095787758,0.05946164213050262,0.0009823923211888894,0.001407359050213237,0.0,0.10371208190917969,0.2,0.7048597844662529,0.7048597844662529,0.11922129968705328
1772534555.982943,507,0.6639957427978516,1506.0337522441653,1.9094851756644213,0.04702024047418336,0.0007026968021361358,0.001407359050213237,0.0,0.10371208190917969,0.2,0.690657608989409,0.690657608989409,0.15009943356137817
1772534555.9958856,508,0.8044242858886719,1243.1250740960284,1.9155327427250188,0.019102616996031007,0.0009389765280581391,0.001407359050213237,0.0,0.10371208190917969,0.2,0.6851445695880606,0.6851445695880606,0.1764341513008708
1772534556.0073743,509,0.42724609375,2340.5714285714284,1.8948610855482626,0.03076187449853296,0.0006988030943436506,0.001407359050213237,0.0,0.10371208190917969,0.2,0.6482516273192255,0.6482516273192255,0.13405255152196965
1772534556.0200741,510,0.4551410675048828,2197.1210057621793,1.902178481311078,0.03749408047045931,0.0008878250900949632,0.001407359050213237,0.0,0.10371208190917969,0.2,0.7114836313163011,0.7114836313163011,0.07672183511944686
1772534556.0327835,511,0.6148815155029297,1626.3295851105079,1.903657658586266,0.053750106162700664,0.000797425931048622,0.001407359050213237,0.0,0.10371208190917969,0.2,0.7146368360434181,0.7146368360434181,0.03129351591366535
1772534556.045704,512,0.7236003875732422,1381.9782537067545,1.905241758615244,0.04040247011602831,0.0008567334054190932,0.001407359050213237,0.0,0.10371208190917969,0.2,0.7302089195500825,0.7302089195500825,0.014289481276602123
1772534556.0574174,513,0.4279613494873047,2336.6596100278553,1.8866182451839568,0.023453457776656663,0.000956749286562675,0.001407359050213237,0.0,0.10371208190917969,0.2,0.679992326714647,0.679992326714647,0.043556209677011945
1772534556.0701113,514,0.461578369140625,2166.4793388429753,1.8966126003310642,0.03583038975056454,0.0009185504005127869,0.001407359050213237,0.0,0.10371208190917969,0.2,0.7169413344956819,0.7169413344956819,0.08687313747104194
1772534556.0828292,515,0.6237030029296875,1603.3272171253823,1.9061544808969313,0.05683332172311962,0.0009808190310116398,0.001407359050213237,0.0,0.10371208190917969,0.2,0.7021155693375706,0.7021155693375706,0.11932242158122704
1772534556.0961196,516,0.8664131164550781,1154.1838194826637,1.922682766426891,0.050999224904124396,0.0007013131579530469,0.001407359050213237,0.0,0.10371208190917969,0.2,0.718681995394869,0.718681995394869,0.15751728929986078
1772534556.107482,517,0.4696846008300781,2129.0883248730966,1.895345321794571,0.03352665470355338,0.0009283341648694298,0.001407359050213237,0.0,0.10371208190917969,0.2,0.6248181399934323,0.6248181399934323,0.18654889672972544
1772534556.120019,518,0.44417381286621094,2251.370907139023,1.8982510525943794,0.022699560933115304,0.0006989805149016528,0.001407359050213237,0.0,0.10371208190917969,0.2,0.6916763166997338,0.6916763166997338,0.12699435579682675
1772534556.1328754,519,0.6384849548339844,1566.2076176250935,1.9027292602900887,0.036231636528569054,0.000891039258724624,0.001407359050213237,0.0,0.10371208190917969,0.2,0.7125401801917317,0.7125401801917317,0.07629669247704975
1772534556.1458092,520,0.7367134094238281,1357.379935275081,1.907542620878282,0.05395633723928362,0.0007872261822567003,0.001407359050213237,0.0,0.10371208190917969,0.2,0.7291430633788866,0.7291430633788866,0.02791868411547715
1772534556.1575122,521,0.44417381286621094,2251.370907139023,1.8854031319507814,0.04301575284136714,0.0008728767493877682,0.001407359050213237,0.0,0.10371208190917969,0.2,0.680124036551851,0.680124036551851,0.004747495322875429
1772534556.1700768,522,0.41794776916503906,2392.6434683399884,1.8876097030726413,0.014097138538908878,0.0009607244543567842,0.001407359050213237,0.0,0.10371208190917969,0.2,0.7164949848940081,0.7164949848940081,0.05007769687051615
1772534556.1827009,523,0.5562305450439453,1797.8156879554222,1.8930852968385103,0.03464393516283384,0.0009195332171972272,0.001407359050213237,0.0,0.10371208190917969,0.2,0.707941878688656,0.707941878688656,0.08541158197137708
1772534556.1955566,524,0.6666183471679688,1500.1087267525036,1.9083123337756802,0.058497869029393974,0.000980312820519408,0.001407359050213237,0.0,0.10371208190917969,0.2,0.7132251428494144,0.7132251428494144,0.12197304176708071
1772534556.2072694,525,0.37980079650878906,2632.9591964846204,1.8960414255932325,0.04454254189624462,0.0007133643648200071,0.001407359050213237,0.0,0.10371208190917969,0.2,0.6538411233224786,0.6538411233224786,0.14222990706319538
1772534556.2200649,526,0.44465065002441406,2248.9565683646115,1.9053719430812135,0.019776901719061876,0.0009493609937947922,0.001407359050213237,0.0,0.10371208190917969,0.2,0.6840107905740763,0.6840107905740763,0.17699309130874954
1772534556.23265,527,0.5645751953125,1771.2432432432433,1.905054100911064,0.024203135730181236,0.0006996812848225756,0.001407359050213237,0.0,0.10371208190917969,0.2,0.6880864584718192,0.6880864584718192,0.12749466611100566
1772534556.2454274,528,0.6163120269775391,1622.554738878143,1.9099334039967277,0.037529894372665205,0.0008944161643044884,0.001407359050213237,0.0,0.10371208190917969,0.2,0.7153624394803852,0.7153624394803852,0.0755090401365029
1772534556.257403,529,0.4105567932128906,2435.7166085946574,1.8974740673183976,0.05391123762375796,0.0007743627564031336,0.001407359050213237,0.0,0.10371208190917969,0.2,0.6902516788417902,0.6902516788417902,0.035469127134354295
1772534556.2699578,530,0.4374980926513672,2285.724250681199,1.89374410248843,0.03942073132460446,0.0008530284589069521,0.001407359050213237,0.0,0.10371208190917969,0.2,0.7151581489369476,0.7151581489369476,0.010829529312782896
1772534556.2826972,531,0.5862712860107422,1705.694997966653,1.894042671290293,0.014221543511268961,0.0009592682355024357,0.001407359050213237,0.0,0.10371208190917969,0.2,0.7197369915357568,0.7197369915357568,0.05120888388727404
1772534556.2954829,532,0.6330013275146484,1579.775517890772,1.9019315581723122,0.0352019938615458,0.0009204524441323888,0.001407359050213237,0.0,0.10371208190917969,0.2,0.7214423751876552,0.7214423751876552,0.08907214525853227
1772534556.307412,533,0.38361549377441406,2606.77688004972,1.897026178882966,0.0549179048381732,0.0009709046468884304,0.001407359050213237,0.0,0.10371208190917969,0.2,0.6764062045564512,0.6764062045564512,0.11456487611975531
1772534556.3199604,534,0.4439353942871094,2252.580021482277,1.9014641035381952,0.04695387427240952,0.0006930264496717489,0.001407359050213237,0.0,0.10371208190917969,0.2,0.687176678290028,0.687176678290028,0.14903295285750787
1772534556.332681,535,0.5519390106201172,1811.794384449244,1.9034870973135523,0.019104895373044377,0.0009422774361232302,0.001407359050213237,0.0,0.10371208190917969,0.2,0.6772053796423393,0.6772053796423393,0.17760822572263754
1772534556.3457952,536,0.9393692016601562,1064.5441624365483,1.9087538155333315,0.023290226893139532,0.000700399501890617,0.001407359050213237,0.0,0.10371208190917969,0.2,0.7057860532603347,0.7057860532603347,0.12370715561265933
1772534556.3574414,537,0.41961669921875,2383.1272727272726,1.894855777050346,0.03762104684785223,0.0009037006296051155,0.001407359050213237,0.0,0.10371208190917969,0.2,0.6786995098220137,0.6786995098220137,0.08153921456865736
1772534556.3699727,538,0.4076957702636719,2452.8093567251462,1.8955560404311604,0.053529581488158944,0.0007804963060373651,0.001407359050213237,0.0,0.10371208190917969,0.2,0.7125856196096886,0.7125856196096886,0.031195990134001393
1772534556.3825986,539,0.5133152008056641,1948.1207617278217,1.892063519359688,0.03922161063809678,0.0008620161272427856,0.001407359050213237,0.0,0.10371208190917969,0.2,0.7155664116344208,0.7155664116344208,0.011479127231451402
1772534556.3955579,540,0.6437301635742188,1553.4459259259258,1.8982285320942383,0.01535475849650203,0.0009572836800207904,0.001407359050213237,0.0,0.10371208190917969,0.2,0.7335379336595631,0.7335379336595631,0.054811690701056855
1772534556.4073133,541,0.4115104675292969,2430.071842410197,1.8859795351448543,0.03528379628372564,0.0009232878305879244,0.001407359050213237,0.0,0.10371208190917969,0.2,0.6760496167888466,0.6760496167888466,0.08001582977414343
1772534556.4200141,542,0.4398822784423828,2273.3355013550135,1.9011888337699443,0.0588093519061823,0.0009791694000338862,0.001407359050213237,0.0,0.10371208190917969,0.2,0.7085995969999432,0.7085995969999432,0.12055940812742502
1772534556.4326782,543,0.5617141723632812,1780.264855687606,1.9067860410116748,0.04593379804677456,0.0007069488085524426,0.001407359050213237,0.0,0.10371208190917969,0.2,0.6898777651689314,0.6898777651689314,0.1504647691664177
1772534556.4454937,544,0.6365776062011719,1570.9003745318353,1.9114733688204246,0.018292316227300123,0.0009366698604135331,0.001407359050213237,0.0,0.10371208190917969,0.2,0.6846501696271715,0.6846501696271715,0.17607331770852502
1772534556.4573817,545,0.37479400634765625,2668.1323155216287,1.898063142045564,0.026649593805970883,0.0007006385814115413,0.001407359050213237,0.0,0.10371208190917969,0.2,0.6660243177688315,0.6660243177688315,0.13038876274235298
1772534556.4708345,546,0.7183551788330078,1392.0690341851976,1.9143036828226954,0.04107474550383437,0.0008976674101888604,0.001407359050213237,0.0,0.10371208190917969,0.2,0.7403309652206317,0.7403309652206317,0.0700651988165527
1772534556.483525,547,0.8950233459472656,1117.2892914224826,1.9064728283964318,0.05283349653901015,0.0007437634622691955,0.001407359050213237,0.0,0.10371208190917969,0.2,0.7110138617950575,0.7110138617950575,0.029825585273309366
1772534556.4963439,548,1.3453960418701172,743.2755626439837,1.893937855951292,0.03949483195013907,0.0008878192118719963,0.001407359050213237,0.0,0.10466575622558594,0.2,0.707949845049864,0.707949845049864,0.011654987286934945
1772534556.5088055,549,1.3315677642822266,750.9944494180842,1.8898169197159163,0.015053947266713052,0.0009529942008685185,0.001407359050213237,0.0,0.10466575622558594,0.2,0.7134314706063911,0.7134314706063911,0.05179336092797268
1772534556.5209796,550,0.9939670562744141,1006.0695610458143,1.891515976041023,0.03465768394585769,0.0009242743315742367,0.001407359050213237,0.0,0.10466575622558594,0.2,0.7059282285477833,0.7059282285477833,0.08705029548475422
1772534556.5337415,551,1.127004623413086,887.3078062195896,1.9021694406695915,0.05775728742537921,0.0009636988900264137,0.001407359050213237,0.0,0.10466575622558594,0.2,0.7067465859565442,0.7067465859565442,0.12225320026590661
1772534556.5458484,552,1.0111331939697266,988.9893892949776,1.8956447442801785,0.04370132456596474,0.0007484104672641375,0.001407359050213237,0.0,0.10466575622558594,0.2,0.6656108401966544,0.6656108401966544,0.14633489942299308
1772534556.558066,553,0.6291866302490234,1589.3535430087154,1.8996358094270325,0.01708661800574193,0.0009334880279553751,0.001407359050213237,0.0,0.10466575622558594,0.2,0.673060251708494,0.673060251708494,0.17732784001653926
1772534556.5706527,554,0.6604194641113281,1514.1891696750902,1.9022411221650308,0.024704446238341754,0.000699726476038604,0.001407359050213237,0.0,0.10466575622558594,0.2,0.691498023125801,0.691498023125801,0.12557948894469936
1772534556.5828006,555,0.5881786346435547,1700.1637616538305,1.8953650850445296,0.03753099566125072,0.0009022989297926098,0.001407359050213237,0.0,0.10466575622558594,0.2,0.6845195362947937,0.6845195362947937,0.08024567212905918
1772534556.5949402,556,0.47659873962402344,2098.201100550275,1.8902318016307598,0.05380575559629154,0.0007807201129419267,0.001407359050213237,0.0,0.10466575622558594,0.2,0.6930503918542937,0.6930503918542937,0.03494183542468645
1772534556.607835,557,0.5052089691162109,1979.3789523360076,1.898765774810945,0.04200085852364748,0.0008514427681416292,0.001407359050213237,0.0,0.10466575622558594,0.2,0.7354799410345487,0.7354799410345487,0.015009852381178515
1772534556.6197882,558,0.3745555877685547,2669.830681094844,1.8848363148627245,0.020250134336932738,0.0009567328834047929,0.001407359050213237,0.0,0.10466575622558594,0.2,0.6855616808930165,0.6855616808930165,0.04454465405323999
1772534556.6324344,559,0.4150867462158203,2409.134979896611,1.8945090481961482,0.03561171572703769,0.0009188143206809914,0.001407359050213237,0.0,0.10466575622558594,0.2,0.7140767668614939,0.7140767668614939,0.08623572310311005
1772534556.6447725,560,0.33354759216308594,2998.072909220872,1.9010064760284173,0.05599460455774607,0.0009801622615806013,0.001407359050213237,0.0,0.10466575622558594,0.2,0.6925463128168107,0.6925463128168107,0.11686224573610363
1772534556.657277,561,0.32711029052734375,3057.072886297376,1.9057087883179995,0.04708261860518902,0.0006903307130470036,0.001407359050213237,0.0,0.10466575622558594,0.2,0.6866783076935543,0.6866783076935543,0.14866895814701742
1772534556.6697505,562,0.3173351287841797,3151.2426746806914,1.9044631332157091,0.01957213675029169,0.0009437557925932426,0.001407359050213237,0.0,0.10466575622558594,0.2,0.669514481998652,0.669514481998652,0.17918994383959594
1772534556.6823092,563,0.4334449768066406,2307.097909790979,1.903098777447565,0.022163638104321506,0.0006995783723810333,0.001407359050213237,0.0,0.10466575622558594,0.2,0.687386829960137,0.687386829960137,0.12753734726242522
1772534556.6948018,564,0.3445148468017578,2902.632525951557,1.9037504714183153,0.03508048820067677,0.0008935550349539138,0.001407359050213237,0.0,0.10466575622558594,0.2,0.7059513278568808,0.7059513278568808,0.07736408154645352
1772534556.7072914,565,0.35691261291503906,2801.806279225117,1.901102654290238,0.05260935610423357,0.0007850743698864382,0.001407359050213237,0.0,0.10466575622558594,0.2,0.7102247030685901,0.7102247030685901,0.03184499303378792
1772534556.7197845,566,0.34046173095703125,2937.187675070028,1.895067472517895,0.03920980939149142,0.0008590190301585733,0.001407359050213237,0.0,0.10466575622558594,0.2,0.7133467909852425,0.7133467909852425,0.010828766817827554
1772534556.7322516,567,0.3275871276855469,3052.622998544396,1.8914762068514368,0.014887787863055372,0.0009584094506254984,0.001407359050213237,0.0,0.10466575622558594,0.2,0.7114737904132893,0.7114737904132893,0.04968383228655239
1772534556.744652,568,0.31375885009765625,3187.161094224924,1.8927639484937278,0.03407713996088293,0.0009202518161883386,0.001407359050213237,0.0,0.10466575622558594,0.2,0.7027432766352051,0.7027432766352051,0.08460339352802854
1772534556.75724,569,0.3197193145751953,3127.7434750186426,1.9034454598592743,0.05724073490170723,0.000979239303603744,0.001407359050213237,0.0,0.10466575622558594,0.2,0.7038693617580749,0.7038693617580749,0.11971514294120117
1772534556.7697783,570,0.3352165222167969,2983.1465149359888,1.9070059247376112,0.04586404853901153,0.0007033403507913579,0.001407359050213237,0.0,0.10466575622558594,0.2,0.688005519264966,0.688005519264966,0.14991172333639924
1772534556.7822483,571,0.31948089599609375,3130.0776119402985,1.9049800428179726,0.01813756419869276,0.0009389233322817516,0.001407359050213237,0.0,0.10466575622558594,0.2,0.6702283354338902,0.6702283354338902,0.17879692324748467
1772534556.7947526,572,0.3211498260498047,3113.81143281366,1.9036167174465572,0.023133473638161556,0.0007000318006816577,0.001407359050213237,0.0,0.10466575622558594,0.2,0.6894335377803013,0.6894335377803013,0.1267270511114054
1772534556.8072507,573,0.3285408020019531,3043.7619738751814,1.902053642776698,0.03622561522712923,0.0008983547385907595,0.001407359050213237,0.0,0.10466575622558594,0.2,0.7022937926502143,0.7022937926502143,0.0774994720784287
1772534556.819765,574,0.3235340118408203,3090.865143699337,1.9001763026581264,0.05330529105894566,0.0007751667480713553,0.001407359050213237,0.0,0.10466575622558594,0.2,0.7119797264551819,0.7119797264551819,0.03102394199725879
1772534556.8322725,575,0.3306865692138672,3024.0115356885362,1.8941999004385899,0.03924145388306502,0.0008669794700153004,0.001407359050213237,0.0,0.10466575622558594,0.2,0.7139477745251694,0.7139477745251693,0.011473150696859367
1772534556.8447561,576,0.3216266632080078,3109.1949592290584,1.8909853950680235,0.01443725450463256,0.0009566269763750394,0.001407359050213237,0.0,0.10466575622558594,0.2,0.7123232568051721,0.7123232568051721,0.05039175019278218
1772534556.8571978,577,0.36835670471191406,2714.759870550162,1.8923087360961215,0.03400061613200468,0.0009215125711314609,0.001407359050213237,0.0,0.10466575622558594,0.2,0.7029379439159864,0.7029379439159864,0.08518652278754743
1772534556.86976,578,0.3237724304199219,3088.5891016200294,1.9029319390632173,0.05723544268039242,0.000974833770547744,0.001407359050213237,0.0,0.10466575622558594,0.2,0.7040709455839617,0.7040709455839617,0.12028485956224669
1772534556.8822591,579,0.3292560577392578,3037.1498913830555,1.9057559717666321,0.04535418476416551,0.0007160527016990613,0.001407359050213237,0.0,0.10466575622558594,0.2,0.6861555090696205,0.6861555090696205,0.14995764140007892
1772534556.8947608,580,0.32901763916015625,3039.350724637681,1.9046078724601172,0.0178173363661839,0.0009355161946424588,0.001407359050213237,0.0,0.10466575622558594,0.2,0.6707602123312102,0.6707602123312102,0.17831038658689577
1772534556.907187,581,0.36406517028808594,2746.7609692206943,1.901631072902712,0.023543150311150757,0.000700003306409704,0.001407359050213237,0.0,0.10466575622558594,0.2,0.6847208368665416,0.6847208368665416,0.12721356952125812
1772534556.9196403,582,0.3249645233154297,3077.258987527513,1.9006173366802521,0.036390067083916344,0.0008990884207320942,0.001407359050213237,0.0,0.10466575622558594,0.2,0.7009346105215487,0.7009346105215487,0.07756894788514579
1772534556.9322662,583,0.32830238342285156,3045.9724037763253,1.9021145118804086,0.05363967101684569,0.0007745825901938747,0.001407359050213237,0.0,0.10466575622558594,0.2,0.7178263664475588,0.7178263664475588,0.02974221262955056
1772534556.9449453,584,0.40602684020996094,2462.891368173811,1.8983981230403095,0.039313962071003565,0.0008717278695502693,0.001407359050213237,0.0,0.10466575622558594,0.2,0.7203038848268277,0.7203038848268277,0.013147336100536169
1772534556.9572728,585,0.33211708068847656,3010.986360373295,1.89140855253161,0.015957362433663965,0.0009547421212306335,0.001407359050213237,0.0,0.10466575622558594,0.2,0.7059601760560017,0.7059601760560017,0.04963225251154543
1772534556.9696453,586,0.3285408020019531,3043.7619738751814,1.891716291470589,0.03411167033888311,0.0009222162287619704,0.001407359050213237,0.0,0.10466575622558594,0.2,0.700352019137675,0.700352019137675,0.08486027343314691
1772534556.9822884,587,0.3349781036376953,2985.26975088968,1.9038312904533887,0.05795196824373518,0.0009737075085754452,0.001407359050213237,0.0,0.10466575622558594,0.2,0.7067020128417149,0.7067020128417149,0.12100082619566987
1772534556.9947808,588,0.3314018249511719,3017.484892086331,1.9065013376840512,0.0454474074683452,0.0007238984549262698,0.001407359050213237,0.0,0.10466575622558594,0.2,0.685912179515564,0.685912179515564,0.15017805413838015
1772534557.0072477,589,0.32019615173339844,3123.0856291883842,1.9047227414796695,0.01794570508965712,0.0009332567939018533,0.001407359050213237,0.0,0.10466575622558594,0.2,0.6689951683759253,0.6689951683759253,0.17844916701389588
1772534557.0197215,590,0.35762786865234375,2796.2026666666666,1.903149248998153,0.02346696620461207,0.0006996109174950273,0.001407359050213237,0.0,0.10466575622558594,0.2,0.6872838966921014,0.6872838966921014,0.12662566574047185
1772534557.0322766,591,0.3333091735839844,3000.217453505007,1.903629366021649,0.03648253601281635,0.0009000837803186843,0.001407359050213237,0.0,0.10466575622558594,0.2,0.7052051929791214,0.7052051929791214,0.07654819186409668
1772534557.044765,592,0.3178119659423828,3146.5146286571644,1.9009467781820957,0.05321714334252991,0.0007688042125521251,0.001407359050213237,0.0,0.10466575622558594,0.2,0.7102652202363051,0.7102652202363051,0.030916312159515923
1772534557.0572567,593,0.3180503845214844,3144.1559220389804,1.8945187880826146,0.03922320855003464,0.0008724996356850333,0.001407359050213237,0.0,0.10466575622558594,0.2,0.7128031951517592,0.7128031951517592,0.011593462180487759
1772534557.0696633,594,0.3376007080078125,2962.0790960451977,1.8889131084991662,0.015635132825175663,0.00095582581968422,0.001407359050213237,0.0,0.10466575622558594,0.2,0.7057627795320675,0.7057627795320675,0.049233948978389806
1772534557.082293,595,0.33473968505859375,2987.3960113960115,1.8962115397400756,0.03546925616255989,0.0009216045929512659,0.001407359050213237,0.0,0.10466575622558594,0.2,0.7148570795988736,0.7148570795988736,0.08781062780501617
1772534557.0947745,596,0.3352165222167969,2983.1465149359888,1.90288198381884,0.056594567890063,0.000970233714429353,0.001407359050213237,0.0,0.10466575622558594,0.2,0.6978409048225792,0.6978409048225792,0.11947864624371816
1772534557.107428,597,0.3910064697265625,2557.5024390243902,1.907954261324001,0.04636921472806426,0.0007246120278601763,0.001407359050213237,0.0,0.10466575622558594,0.2,0.6911588073034116,0.6911588073034116,0.15141006905916682
1772534557.1200697,598,0.4258155822753906,2348.434490481523,1.9084055870926422,0.018366241366388952,0.0009311888805536773,0.001407359050213237,0.0,0.10466575622558594,0.2,0.6761193692925385,0.6761193692925385,0.17720676573762778
1772534557.1328006,599,0.5450248718261719,1834.7786526684165,1.908383835226967,0.023515180296460884,0.0006993222750602063,0.001407359050213237,0.0,0.10466575622558594,0.2,0.6954619310060627,0.6954619310060627,0.12485185976907748
1772534557.1453316,600,0.5750656127929688,1738.9320066334992,1.9058053787274383,0.036689278550368985,0.0009052971169632386,0.001407359050213237,0.0,0.10466575622558594,0.2,0.7042575830794313,0.7042575830794313,0.07606703315520709
1772534557.157321,601,0.34880638122558594,2866.92002734108,1.8923473317879926,0.0540750420811163,0.0007564887405579308,0.001407359050213237,0.0,0.10466575622558594,0.2,0.6884750786017351,0.6884750786017351,0.03462905811250948
1772534557.1698093,602,0.3457069396972656,2892.623448275862,1.8877943956635639,0.03911668893992974,0.0008692162679655684,0.001407359050213237,0.0,0.10466575622558594,0.2,0.7123230339444923,0.7123230339444923,0.011242991789270579
1772534557.182246,603,0.3247261047363281,3079.518355359765,1.885209694277514,0.014928964197647386,0.0009567774798331307,0.001407359050213237,0.0,0.10466575622558594,0.2,0.7090019638814115,0.7090019638814115,0.04961876442942566
1772534557.1947594,604,0.32329559326171875,3093.1445427728613,1.8904790179559305,0.0349088623961366,0.0009215412199108272,0.001407359050213237,0.0,0.10466575622558594,0.2,0.7076355946934277,0.7076355946934277,0.08600122466905581
1772534557.2072701,605,0.3399848937988281,2941.3071528751752,1.8993907635295888,0.05707747775593884,0.0009739432631085512,0.001407359050213237,0.0,0.10466575622558594,0.2,0.6981956399293058,0.6981956399293058,0.11895490034803255
1772534557.2197604,606,0.32830238342285156,3045.9724037763253,1.9033739870011648,0.04605523535744059,0.000717261023541721,0.001407359050213237,0.0,0.10466575622558594,0.2,0.6851610372720417,0.6851610372720417,0.1494030123359882
1772534557.2321486,607,0.32639503479003906,3063.772096420745,1.9010164134653926,0.018206468885889494,0.0009360887567191369,0.001407359050213237,0.0,0.10466575622558594,0.2,0.6647281331707964,0.6647281331707964,0.17926671444045897
1772534557.244898,608,0.35762786865234375,2796.2026666666666,1.9065264182971264,0.02405760477740134,0.0006989862471764386,0.001407359050213237,0.0,0.10466575622558594,0.2,0.7001954402446233,0.7001954402446233,0.12460247746243096
1772534557.2573106,609,0.3464221954345703,2886.6510667584307,1.90263421201475,0.036469134624450394,0.0008998257025738133,0.001407359050213237,0.0,0.10466575622558594,0.2,0.6971997565656999,0.6971997565656999,0.07812715257442579
1772534557.2697866,610,0.3466606140136719,2884.665749656121,1.9000432652967572,0.05359189819900958,0.0007772412720809132,0.001407359050213237,0.0,0.10466575622558594,0.2,0.7087296284146694,0.7087296284146694,0.031509366592342186
1772534557.2822473,611,0.31876564025878906,3137.100972326103,1.8940011181484533,0.039464689800378344,0.0008673639404114941,0.001407359050213237,0.0,0.10466575622558594,0.2,0.7114867937024301,0.7114867937024301,0.010968387588119155
1772534557.294644,612,0.3266334533691406,3061.5357664233575,1.8890074651596651,0.015098815374407446,0.0009572724533257454,0.001407359050213237,0.0,0.10466575622558594,0.2,0.7054495724872121,0.7054495724872121,0.04877004548867012
1772534557.3072522,613,0.3237724304199219,3088.5891016200294,1.8961781897159187,0.035297331857062096,0.0009207695116041851,0.001407359050213237,0.0,0.10466575622558594,0.2,0.7132608737311593,0.7132608737311593,0.08706080333219209
1772534557.3198676,614,0.3504753112792969,2853.268027210884,1.905810836050613,0.05720678238043773,0.0009743214916617777,0.001407359050213237,0.0,0.10466575622558594,0.2,0.7032891413611663,0.7032891413611663,0.12032703010819658
1772534557.3323512,615,0.3559589385986328,2809.3127930341593,1.9075016776038707,0.04541388363559199,0.0007209721377458482,0.001407359050213237,0.0,0.10466575622558594,0.2,0.6843524377591992,0.6843524377591992,0.1497067182416526
1772534557.3448257,616,0.3590583801269531,2785.062416998672,1.9052790957230479,0.017885132764858046,0.0009352802095660559,0.001407359050213237,0.0,0.10466575622558594,0.2,0.6680457272672546,0.6680457272672546,0.1788956248705134
1772534557.3571575,617,0.3376007080078125,2962.0790960451977,1.9008195843703721,0.023722117468235722,0.0006991798760084627,0.001407359050213237,0.0,0.10466575622558594,0.2,0.6802093573390017,0.6802093573390017,0.1281973376412315
1772534557.3697667,618,0.33164024353027344,3015.315600287563,1.9037676837975672,0.03687436272810055,0.0008956929342730151,0.001407359050213237,0.0,0.10466575622558594,0.2,0.7084306149621478,0.7084306149621478,0.07642015663826793
1772534557.3822863,619,0.34546852111816406,2894.6197377501726,1.9014736381229407,0.053379698462403424,0.0007783781084601107,0.001407359050213237,0.0,0.10466575622558594,0.2,0.7100957590767708,0.7100957590767708,0.03135420759356096
1772534557.394771,620,0.3304481506347656,3026.193362193362,1.8954510715761923,0.039292343241078914,0.0008665986941095534,0.001407359050213237,0.0,0.10466575622558594,0.2,0.7127480366517359,0.7127480366517359,0.011192860124994887
1772534557.4072604,621,0.324249267578125,3084.0470588235294,1.8922127113053868,0.014653432332952314,0.0009571583351107071,0.001407359050213237,0.0,0.10466575622558594,0.2,0.711492379985312,0.711492379985312,0.05013494301798865
1772534557.4197943,622,0.3604888916015625,2774.010582010582,1.89569822839413,0.03462911617088568,0.0009213909652959111,0.001407359050213237,0.0,0.10466575622558594,0.2,0.7077470968016303,0.7077470968016303,0.08618557606375964
1772534557.4322155,623,0.38433074951171875,2601.925558312655,1.900655282898053,0.05625290182904874,0.0009741418576654561,0.001407359050213237,0.0,0.10466575622558594,0.2,0.6923712143907557,0.6923712143907557,0.11774516289852456
1772534557.4446588,624,0.33473968505859375,2987.3960113960115,1.9037933689298814,0.04621784070371671,0.0007078646504421294,0.001407359050213237,0.0,0.10466575622558594,0.2,0.6842354009545072,0.6842354009545072,0.14891740413349489
1772534557.4572136,625,0.38504600524902344,2597.0922600619197,1.903846004293723,0.018345509749616674,0.0009392860747565459,0.001407359050213237,0.0,0.10466575622558594,0.2,0.6712252080430383,0.6712252080430383,0.17850111758602447
1772534557.46976,626,0.32448768615722656,3081.7810433504774,1.9052577319037178,0.023059625526961506,0.0006994316975948356,0.001407359050213237,0.0,0.10466575622558594,0.2,0.6936685045482548,0.6936685045482548,0.12593667570779554
1772534557.4821875,627,0.3604888916015625,2774.010582010582,1.9014002756884414,0.036095723662338444,0.0008985575477936208,0.001407359050213237,0.0,0.10466575622558594,0.2,0.6969051171787509,0.6969051171787509,0.07844407726145007
1772534557.4948351,628,0.3809928894042969,2624.720901126408,1.9025207595821032,0.05366861394013077,0.0007799896544362211,0.001407359050213237,0.0,0.10466575622558594,0.2,0.7171975235669079,0.7171975235669079,0.0300474921321478
1772534557.507264,629,0.3380775451660156,2957.901269393512,1.894926361389337,0.03947914421379165,0.0008690129090579177,0.001407359050213237,0.0,0.10466575622558594,0.2,0.7102548033361248,0.7102548033361248,0.010829872317715351
1772534557.5197709,630,0.3361701965332031,2974.6836879432626,1.8922428343104571,0.01442537685762662,0.0009569291018949504,0.001407359050213237,0.0,0.10466575622558594,0.2,0.7125421882074273,0.7125421882074273,0.05041402168703432
1772534557.5321398,631,0.32639503479003906,3063.772096420745,1.8927337602961853,0.034071813655511235,0.0009215448826690758,0.001407359050213237,0.0,0.10466575622558594,0.2,0.700388491524889,0.700388491524889,0.08461387029485724
1772534557.5447536,632,0.3178119659423828,3146.5146286571644,1.9042089180424733,0.057657621924602324,0.0009762343991865221,0.001407359050213237,0.0,0.10466575622558594,0.2,0.7048123151458225,0.7048123151458225,0.1203366255484549
1772534557.5572493,633,0.324249267578125,3084.0470588235294,1.9068282930600837,0.045488632918763164,0.0007150600948457262,0.001407359050213237,0.0,0.10466575622558594,0.2,0.6851928888850984,0.6851928888850984,0.14968976681956475
1772534557.5697346,634,0.3113746643066406,3211.5650842266464,1.905469019205206,0.017841487031604635,0.0009365131582551437,0.001407359050213237,0.0,0.10466575622558594,0.2,0.6697616004593057,0.6697616004593057,0.17867364678366474
1772534557.5822394,635,0.3173351287841797,3151.2426746806914,1.9043781712420502,0.02340755426727694,0.000699661611771323,0.001407359050213237,0.0,0.10466575622558594,0.2,0.688663400240055,0.688663400240055,0.12670137568371354
1772534557.5947657,636,0.3275871276855469,3052.622998544396,1.9035325615120893,0.03646987668458499,0.0008988628200679134,0.001407359050213237,0.0,0.10466575622558594,0.2,0.7029036509122558,0.7029036509122558,0.07724678159005521
1772534557.6072507,637,0.3185272216796875,3139.4491017964074,1.9007486796093311,0.053360083460250625,0.0007737621413517043,0.001407359050213237,0.0,0.10466575622558594,0.2,0.7095050497463526,0.7095050497463526,0.031370846332227156
1772534557.6197517,638,0.3190040588378906,3134.7563527653215,1.894753381362217,0.03929833473823019,0.0008678202104298874,0.001407359050213237,0.0,0.10466575622558594,0.2,0.7130801330640046,0.7130801330640046,0.011345803734806039
1772534557.6322577,639,0.33664703369140625,2970.470254957507,1.891565965498366,0.014626019709174827,0.0009566968756490639,0.001407359050213237,0.0,0.10466575622558594,0.2,0.7116864548583115,0.7116864548583115,0.05027245836315404
1772534557.6447527,640,0.3192424774169922,3132.415235250187,1.8948749827042024,0.03443685302033837,0.0009215400115399393,0.001407359050213237,0.0,0.10466575622558594,0.2,0.7072930259072959,0.7072930259072959,0.08618051946180809
1772534557.6572485,641,0.316619873046875,3158.3614457831327,1.9022991276241774,0.056610716048181575,0.0009733475764870879,0.001407359050213237,0.0,0.10466575622558594,0.2,0.6980354219522572,0.6980354219522572,0.11914859388624188
1772534557.6697109,642,0.37384033203125,2674.938775510204,1.903714110780212,0.04548460435710689,0.0007146476741168928,0.001407359050213237,0.0,0.10466575622558594,0.2,0.681937551153776,0.681937551153776,0.14879374609669058
1772534557.6823459,643,0.3974437713623047,2516.079184163167,1.9058938120537805,0.0182074629936977,0.0009378045687901313,0.001407359050213237,0.0,0.01811981201171875,0.2,0.676166759819271,0.676166759819271,0.17753885056172808
1772534557.6947255,644,0.3657341003417969,2734.2268578878748,1.901916545285916,0.02355625754516437,0.0006997528132749875,0.001407359050213237,0.0,0.01811981201171875,0.2,0.6828369887613801,0.6828369887613801,0.1276391770793033
1772534557.7073038,645,0.36978721618652344,2704.2578981302386,1.903298130233304,0.03647577900744073,0.000898170231105587,0.001407359050213237,0.0,0.02288818359375,0.2,0.706591785755424,0.706591785755424,0.07657744427492182
1772534557.7197578,646,0.3218650817871094,3106.8918518518517,1.900165518844736,0.053199629870456795,0.0007724469518226035,0.001407359050213237,0.0,0.02288818359375,0.2,0.708871374708152,0.708871374708152,0.031445749167728396
1772534557.7322507,647,0.3230571746826172,3095.4273062730626,1.8941898759058373,0.039211913152193474,0.0008681477714517617,0.001407359050213237,0.0,0.02288818359375,0.2,0.7130217990769989,0.7130217990769989,0.011352082001038372
1772534557.7447574,648,0.3223419189453125,3102.2958579881656,1.8911876940435648,0.014657395828603976,0.0009566251220640896,0.001407359050213237,0.0,0.02288818359375,0.2,0.7119536511561848,0.7119536511561848,0.05033946861886705
1772534557.7571454,649,0.3306865692138672,3024.0115356885362,1.8918075959682747,0.03412392293807411,0.0009216076088131693,0.001407359050213237,0.0,0.02288818359375,0.2,0.7005544087675271,0.7005544087675271,0.08466145276031113
1772534557.769769,650,0.32782554626464844,3050.402909090909,1.9033472614622582,0.05772036326137531,0.0009757704478559523,0.001407359050213237,0.0,0.02288818359375,0.2,0.7048796100198441,0.7048796100198441,0.1203636143043397
1772534557.7822618,651,0.33092498779296875,3021.8328530259364,1.906043595983263,0.04557618328949465,0.0007159117960658348,0.001407359050213237,0.0,0.02288818359375,0.2,0.6852328264611299,0.6852328264611299,0.1497090877421377
1772534557.794682,652,0.32782554626464844,3050.402909090909,1.9031546726829895,0.018081056785802258,0.0009361137425676766,0.001407359050213237,0.0,0.02288818359375,0.2,0.6659556123475473,0.6659556123475473,0.17922882749075045
1772534557.8072553,653,0.3249645233154297,3077.258987527513,1.9045669709608932,0.023395106882946014,0.0006996993855460863,0.001407359050213237,0.0,0.02288818359375,0.2,0.6927672216053555,0.6927672216053555,0.1259788005034946
1772534557.8197744,654,0.3345012664794922,2989.5253029223095,1.9034679669976289,0.03634766591426926,0.0008993141337279071,0.001407359050213237,0.0,0.02288818359375,0.2,0.702564796869563,0.702564796869563,0.07726401737834784
1772534557.8322434,655,0.32019615173339844,3123.0856291883842,1.9003126256117129,0.05326954866064615,0.0007727552818124842,0.001407359050213237,0.0,0.02288818359375,0.2,0.7087174501885949,0.7087174501885949,0.03149591425576927
1772534557.8447618,656,0.3209114074707031,3116.124814264487,1.8947729154669954,0.03927296289275479,0.0008678047438864018,0.001407359050213237,0.0,0.02288818359375,0.2,0.7140559054966462,0.7140559054966462,0.01155020807363701
1772534557.857245,657,0.3261566162109375,3066.0116959064326,1.8910413306489224,0.014866511835673961,0.0009565424559138777,0.001407359050213237,0.0,0.02288818359375,0.2,0.7105766085808817,0.7105766085808817,0.05007064921240063
1772534557.869753,658,0.31828880310058594,3141.8007490636705,1.894680164890404,0.03452167901325099,0.000921512449966698,0.001407359050213237,0.0,0.02288818359375,0.2,0.7078291491473111,0.7078291491473111,0.0862789066620204
1772534557.88228,659,0.3452301025390625,2896.6187845303866,1.9025045388659747,0.05672181042745295,0.000973206094243737,0.001407359050213237,0.0,0.02288818359375,0.2,0.6989945860011055,0.6989945860011055,0.11938582822596472
1772534557.894766,660,0.32973289489746094,3032.757772957339,1.9051024324700223,0.045707289726989245,0.0007162194931028677,0.001407359050213237,0.0,0.02288818359375,0.2,0.6849608037287318,0.6849608037287318,0.14961611565794655
1772534557.9072661,661,0.32806396484375,3048.186046511628,1.9040087902420317,0.018072174991628852,0.0009361301178320514,0.001407359050213237,0.0,0.02574920654296875,0.2,0.6698956636153848,0.6698956636153848,0.17853408249037442
1772534557.9196239,662,0.3151893615722656,3172.695915279879,1.900086293582702,0.023452322149881917,0.0006996592564594813,0.001407359050213237,0.0,0.02574920654296875,0.2,0.681422579229684,0.681422579229684,0.12793111816469463
1772534557.9322455,663,0.3173351287841797,3151.2426746806914,1.9030697998817516,0.03659988140934751,0.0008968681606380136,0.001407359050213237,0.0,0.02574920654296875,0.2,0.7087826695373608,0.7087826695373608,0.07627780721003911
1772534557.944826,664,0.33855438232421875,2953.735211267606,1.9022300020624576,0.053289976971904025,0.0007742208240716504,0.001407359050213237,0.0,0.02574920654296875,0.2,0.7141172896323538,0.7141172896323538,0.03044246401456776
1772534557.9572542,665,0.32210350036621094,3104.5921539600295,1.8938911037482635,0.039357473140225537,0.0008705986162662948,0.001407359050213237,0.0,0.02574920654296875,0.2,0.7088213952145804,0.7088213952145804,0.010628762469283015
1772534557.9696376,666,0.324249267578125,3084.0470588235294,1.8883835180317035,0.015353719805661647,0.0009567653834519187,0.001407359050213237,0.0,0.02574920654296875,0.2,0.705034055566611,0.705034055566611,0.04878033230323968
1772534557.9822428,667,0.3178119659423828,3146.5146286571644,1.8954441723752335,0.03529959846053369,0.0009207920779944379,0.001407359050213237,0.0,0.02574920654296875,0.2,0.7132930571159796,0.7132930571159796,0.08714348150559258
1772534557.9947639,668,0.32210350036621094,3104.5921539600295,1.9032569952833582,0.05664113470288674,0.0009735847689971424,0.001407359050213237,0.0,0.02574920654296875,0.2,0.6990780631118111,0.6990780631118111,0.1193944256215585
1772534558.0072625,669,0.33736228942871094,2964.172438162544,1.9056307522106506,0.04561290975722722,0.0007155844254739584,0.001407359050213237,0.0,0.02574920654296875,0.2,0.6846959723921408,0.6846959723921408,0.14955497709835416
1772534558.0197625,670,0.3223419189453125,3102.2958579881656,1.904775730190749,0.018091662750455366,0.0009364957883770383,0.001407359050213237,0.0,0.02574920654296875,0.2,0.6706726523861741,0.6706726523861741,0.17848415667158468
1772534558.032267,671,0.3266334533691406,3061.5357664233575,1.9036678045096933,0.023336775783335914,0.0006995985796798133,0.001407359050213237,0.0,0.02574920654296875,0.2,0.6886833550269076,0.6886833550269076,0.12665740693117464
1772534558.0447464,672,0.3197193145751953,3127.7434750186426,1.9020847150585698,0.03633280572881845,0.0008989939640835037,0.001407359050213237,0.0,0.02574920654296875,0.2,0.7010428040681722,0.7010428040681722,0.07757092603141616
1772534558.05724,673,0.3094673156738281,3231.3590138674886,1.8998928991924844,0.05339043015777111,0.0007751838004611278,0.001407359050213237,0.0,0.02574920654296875,0.2,0.7099705969968896,0.7099705969968896,0.031317025283298716
1772534558.0697799,674,0.3390312194824219,2949.580872011252,1.8942819078168789,0.03935647108159739,0.0008673655163116246,0.001407359050213237,0.0,0.02574920654296875,0.2,0.7133788692038544,0.7133788692038544,0.011375020624053846
1772534558.0821967,675,0.3712177276611328,2693.8368657675014,1.8892162057702373,0.015201310970193097,0.0009567856865015059,0.001407359050213237,0.0,0.02574920654296875,0.2,0.7065647691337382,0.7065647691337382,0.04912007870744263
1772534558.0946414,676,0.3256797790527344,3070.5007320644218,1.8926369049285632,0.03439358734677216,0.0009209690015715317,0.001407359050213237,0.0,0.02574920654296875,0.2,0.7052607208647699,0.7052607208647699,0.08539649080615255
1772534558.1073017,677,0.3719329833984375,2688.6564102564103,1.9043588377622336,0.05770126126390518,0.000976217119272016,0.001407359050213237,0.0,0.02574920654296875,0.2,0.7057095997829701,0.7057095997829701,0.12053858010424934
1772534558.1197534,678,0.32782554626464844,3050.402909090909,1.9064195226360139,0.045475945897808456,0.0007163139436090506,0.001407359050213237,0.0,0.02574920654296875,0.2,0.6844325083873491,0.6844325083873491,0.14954813719311194
1772534558.1322355,679,0.3211498260498047,3113.81143281366,1.9048254832281926,0.018050920098247908,0.0009363999075441266,0.001407359050213237,0.0,0.02574920654296875,0.2,0.6691895589216135,0.6691895589216135,0.17874761578163534
1772534558.1447709,680,0.3197193145751953,3127.7434750186426,1.9047294890191646,0.02338260436994594,0.000699568146152989,0.001407359050213237,0.0,0.02574920654296875,0.2,0.6907064546730605,0.6907064546730605,0.12632614461520458
1772534558.1572459,681,0.3139972686767578,3184.7410782080487,1.902790132107529,0.036342889456206395,0.000899215212038156,0.001407359050213237,0.0,0.02574920654296875,0.2,0.700780606442306,0.700780606442306,0.07760393025546686
1772534558.1697593,682,0.32258033752441406,3100.0029563932003,1.9005208713177055,0.053356722683744987,0.0007747644385666687,0.001407359050213237,0.0,0.02574920654296875,0.2,0.7101959920222551,0.7101959920222551,0.03125163419959927
1772534558.1822495,683,0.32138824462890625,3111.5014836795253,1.8943461924826819,0.039314060862765586,0.0008678432223216811,0.001407359050213237,0.0,0.02574920654296875,0.2,0.7124289371148448,0.7124289371148448,0.011206250237019183
1772534558.1947634,684,0.3237724304199219,3088.5891016200294,1.8916583591320943,0.01461829514039404,0.0009568232632510216,0.001407359050213237,0.0,0.02574920654296875,0.2,0.7125574690480868,0.7125574690480868,0.050425237133255696
1772534558.2072427,685,0.3120899200439453,3204.2047364400305,1.8944881650271368,0.03442518878916396,0.0009215937325936336,0.001407359050213237,0.0,0.02574920654296875,0.2,0.7061883020269599,0.7061883020269599,0.08593624415691514
1772534558.2196965,686,0.32520294189453125,3075.0029325513196,1.9008718967197606,0.05644213720660107,0.0009737371185972168,0.001407359050213237,0.0,0.02574920654296875,0.2,0.6951455434542404,0.6951455434542404,0.11839904458485687
1772534558.232263,687,0.3223419189453125,3102.2958579881656,1.9060494702221804,0.046550889199917206,0.000710996454256818,0.001407359050213237,0.0,0.02574920654296875,0.2,0.6894190531155698,0.6894190531155698,0.15038404810691183
1772534558.244653,688,0.3364086151123047,2972.575478384125,1.9018735511376574,0.01879955677669526,0.0009360951346608384,0.001407359050213237,0.0,0.02574920654296875,0.2,0.6636896052733114,0.6636896052733114,0.17961614680992702
1772534558.2571342,689,0.3190040588378906,3134.7563527653215,1.9015167163309128,0.022934544452921975,0.0006995260573995475,0.001407359050213237,0.0,0.02574920654296875,0.2,0.6881113777806647,0.6881113777806647,0.12688557779502646
1772534558.2696464,690,0.3275871276855469,3052.622998544396,1.9012057216717726,0.03601024327854618,0.0008969329463680599,0.001407359050213237,0.0,0.02574920654296875,0.2,0.7022121902401408,0.7022121902401408,0.07756918312442534
1772534558.2823546,691,0.35762786865234375,2796.2026666666666,1.9037807770662136,0.05369192802106943,0.0007797509288821571,0.001407359050213237,0.0,0.02574920654296875,0.2,0.720580539528743,0.720580539528743,0.029364865475727357
1772534558.2948694,692,0.33855438232421875,2953.735211267606,1.8974014168124071,0.03941037340876364,0.0008710745484028979,0.001407359050213237,0.0,0.02574920654296875,0.2,0.7146176765632729,0.7146176765632729,0.011900576172301967
1772534558.307251,693,0.32401084899902344,3086.316409124356,1.8909043662347051,0.015723645435745982,0.0009558328984906883,0.001407359050213237,0.0,0.02574920654296875,0.2,0.7056319825612636,0.7056319825612636,0.04926399041300997
1772534558.3197632,694,0.32401084899902344,3086.316409124356,1.8946481996243314,0.03457669016167235,0.0009215359398429696,0.001407359050213237,0.0,0.02574920654296875,0.2,0.7075950309901446,0.7075950309901446,0.08622911438365762
1772534558.3322463,695,0.31828880310058594,3141.8007490636705,1.9019845720106505,0.05659794093843459,0.0009734179536071177,0.001407359050213237,0.0,0.02574920654296875,0.2,0.6973683332949403,0.6973683332949403,0.11899535903050752
1772534558.3447418,696,0.31876564025878906,3137.100972326103,1.9051549297534591,0.04581970645110348,0.0007146140805652316,0.001407359050213237,0.0,0.02574920654296875,0.2,0.6854671050743265,0.6854671050743265,0.14963311939312338
1772534558.3572214,697,0.30684471130371094,3258.977466977467,1.9038851817173976,0.018139337514663192,0.0009365445441754168,0.001407359050213237,0.0,0.02574920654296875,0.2,0.6692584662097886,0.6692584662097886,0.1787039246622155
1772534558.3696573,698,0.33855438232421875,2953.735211267606,1.9012204438790024,0.02333456544704075,0.0006994918626806168,0.001407359050213237,0.0,0.02574920654296875,0.2,0.6840629685106542,0.6840629685106542,0.12753092936855545
1772534558.3822234,699,0.3216266632080078,3109.1949592290584,1.9027310274738207,0.036433592358227095,0.0008969447963936175,0.001407359050213237,0.0,0.02574920654296875,0.2,0.7060941440871683,0.7060941440871683,0.07679674709534698
1772534558.3946335,700,0.32138824462890625,3111.5014836795253,1.898249282052735,0.053196051204750204,0.0007765318176015073,0.001407359050213237,0.0,0.02574920654296875,0.2,0.7046440170672762,0.7046440170672762,0.032459778703763716
1772534558.4072437,701,0.32329559326171875,3093.1445427728613,1.8958914246495366,0.03945531967558301,0.0008630222530821691,0.001407359050213237,0.0,0.02574920654296875,0.2,0.7198145250643788,0.7198145250643788,0.012453825484814622
1772534558.4196455,702,0.32973289489746094,3032.757772957339,1.889731407209805,0.01567922588370199,0.0009567496238126118,0.001407359050213237,0.0,0.02574920654296875,0.2,0.7055223025013522,0.7055223025013522,0.04893178469583935
1772534558.43226,703,0.3337860107421875,2995.9314285714286,1.896057535350311,0.03496751796261221,0.0009209050130627791,0.001407359050213237,0.0,0.02574920654296875,0.2,0.7132932600476103,0.7132932600476103,0.08721704201279566
1772534558.4447458,704,0.31685829162597656,3155.984951091046,1.9029718930076813,0.05644104442751599,0.0009733343972445055,0.001407359050213237,0.0,0.02574920654296875,0.2,0.6982098784788064,0.6982098784788064,0.11924746706123263
1772534558.4571888,705,0.3616809844970703,2764.8675016479892,1.9039382410385153,0.04546100096234928,0.0007157980936431829,0.001407359050213237,0.0,0.02574920654296875,0.2,0.6818788511572262,0.6818788511572262,0.14883678592989547
1772534558.4696689,706,0.339508056640625,2945.438202247191,1.9026135752779425,0.018126177203665807,0.0009375968628500638,0.001407359050213237,0.0,0.02574920654296875,0.2,0.6685191081553438,0.6685191081553438,0.1788383877593806
1772534558.482263,707,0.33283233642578125,3004.515759312321,1.9046450295900377,0.02345755392963048,0.0006994906237129328,0.001407359050213237,0.0,0.02574920654296875,0.2,0.6942857237325694,0.6942857237325694,0.12573144692128427
1772534558.494744,708,0.3237724304199219,3088.5891016200294,1.9029750656695352,0.03630308466740519,0.000899139731233621,0.001407359050213237,0.0,0.02574920654296875,0.2,0.701735789215661,0.701735789215661,0.07741190140298895
1772534558.5071502,709,0.33092498779296875,3021.8328530259364,1.8978202334457162,0.05323827003885452,0.0007743180756815187,0.001407359050213237,0.0,0.02574920654296875,0.2,0.7036657254974761,0.7036657254974761,0.03254561053259279
1772534558.519646,710,0.32782554626464844,3050.402909090909,1.8927984207381676,0.03921997286092684,0.000864022149903617,0.001407359050213237,0.0,0.02574920654296875,0.2,0.7131389381278072,0.7131389381278072,0.01109512383924959
1772534558.5322528,711,0.3273487091064453,3054.846321922797,1.892946323406537,0.014376471015927534,0.0009575323739556971,0.001407359050213237,0.0,0.02574920654296875,0.2,0.7185610447852965,0.7185610447852965,0.05150873792364715
1772534558.5447583,712,0.3199577331542969,3125.412816691505,1.8955777169592947,0.03440362399890517,0.0009217863844015661,0.001407359050213237,0.0,0.02574920654296875,0.2,0.7072151643306469,0.7072151643306469,0.08627445162027236
1772534558.557254,713,0.3275871276855469,3052.622998544396,1.9023186083179793,0.05659473657454161,0.0009727075190496003,0.001407359050213237,0.0,0.02574920654296875,0.2,0.6975132267052833,0.6975132267052833,0.11911877533901277
1772534558.5697134,714,0.385284423828125,2595.4851485148515,1.9034662247983596,0.04553570790657827,0.0007165994717674827,0.001407359050213237,0.0,0.02574920654296875,0.2,0.6817082608831103,0.6817082608831103,0.14877921496777288
1772534558.5822384,715,0.3197193145751953,3127.7434750186426,1.904524279817686,0.017993913636113943,0.0009373763144592529,0.001407359050213237,0.0,0.02574920654296875,0.2,0.6735103818137934,0.6735103818137934,0.17791993026900307
1772534558.5946746,716,0.324249267578125,3084.0470588235294,1.9020580716253759,0.023329453049715346,0.0006995615982702042,0.001407359050213237,0.0,0.02574920654296875,0.2,0.6852361384246347,0.6852361384246347,0.1272106967980483
1772534558.6072626,717,0.3368854522705078,2968.3680113234254,1.903163434015172,0.036471543172745736,0.000898033533334147,0.001407359050213237,0.0,0.02574920654296875,0.2,0.7060033094553162,0.7060033094553162,0.07666640003032728
1772534558.6196394,718,0.3237724304199219,3088.5891016200294,1.8979598140308103,0.05316370900307183,0.000773703917193379,0.001407359050213237,0.0,0.02574920654296875,0.2,0.7035182967500007,0.7035182967500007,0.032544694864945406
1772534558.632253,719,0.3190040588378906,3134.7563527653215,1.895628855741712,0.03928491544795225,0.0008643418456298509,0.001407359050213237,0.0,0.02574920654296875,0.2,0.7198875958425653,0.7198875958425653,0.012551861734450706
1772534558.644769,720,0.3311634063720703,3019.6573074154066,1.892403086279878,0.014772122674208006,0.0009564628256746319,0.001407359050213237,0.0,0.02574920654296875,0.2,0.7128638535022802,0.7128638535022802,0.050621729513382514
1772534558.6573071,721,0.3352165222167969,2983.1465149359888,1.8958028159544915,0.03458615354670801,0.0009219088831328506,0.001407359050213237,0.0,0.02574920654296875,0.2,0.7088879795071699,0.7088879795071699,0.08669308368868404
1772534558.6700728,722,0.43392181396484375,2304.5626373626374,1.9066846440424883,0.057778272495320415,0.0009715882147100119,0.001407359050213237,0.0,0.02574920654296875,0.2,0.7079908978999901,0.7079908978999901,0.1217524592684888
1772534558.6824923,723,0.47135353088378906,2121.549822964087,1.9054200818727582,0.04484175565671818,0.0007319370761609357,0.001407359050213237,0.0,0.02574920654296875,0.2,0.6797864610102007,0.6797864610102007,0.14916234463354056
1772534558.6951845,724,0.5202293395996094,1922.2291475710358,1.907728186028515,0.01762421990461525,0.0009333666310266485,0.001407359050213237,0.0,0.02574920654296875,0.2,0.6776313940835343,0.6776313940835343,0.17700898263378353
1772534558.7072701,725,0.3414154052734375,2928.983240223464,1.8988661082767342,0.025137178808098286,0.0006995468176781332,0.001407359050213237,0.0,0.02574920654296875,0.2,0.6727441185405512,0.6727441185405512,0.1290786974451312
1772534558.71994,726,0.38313865661621094,2610.0211574362165,1.9027478204971955,0.03730001376623765,0.0008978446639400034,0.001407359050213237,0.0,0.02574920654296875,0.2,0.7094611413387196,0.7094611413387196,0.07590472046469697
1772534558.7325425,727,0.4394054412841797,2275.802495930548,1.9015641042777134,0.05343689334239749,0.0007716049024946363,0.001407359050213237,0.0,0.02574920654296875,0.2,0.7124620762560575,0.7124620762560575,0.030548794453840525
1772534558.7450933,728,0.4527568817138672,2208.6908899420746,1.8963744952585393,0.039143713273984145,0.0008726477846391417,0.001407359050213237,0.0,0.02574920654296875,0.2,0.715599403916708,0.715599403916708,0.012202550614646566
1772534558.757261,729,0.3943443298339844,2535.8548972188632,1.886074708437524,0.017753592934267263,0.0009554386816741359,0.001407359050213237,0.0,0.02574920654296875,0.2,0.6950144859735006,0.6950144859735006,0.04703925169675806
1772534558.7697828,730,0.34499168395996094,2898.620594333103,1.8929266144152948,0.03548209377696252,0.0009207722026196106,0.001407359050213237,0.0,0.02574920654296875,0.2,0.7103930752845664,0.7103930752845664,0.08634599631049651
1772534558.7822125,731,0.3814697265625,2621.44,1.8989499466589097,0.05644674274382197,0.0009751370939544513,0.001407359050213237,0.0,0.02574920654296875,0.2,0.6918916167132302,0.6918916167132302,0.11738012904637854
1772534558.7946496,732,0.3325939178466797,3006.669534050179,1.9028307981648267,0.046452253394863426,0.0007049636079610367,0.001407359050213237,0.0,0.02574920654296875,0.2,0.6838713064266458,0.6838713064266458,0.14857727224526038
1772534558.8071454,733,0.3268718719482422,3059.302698760029,1.9032715838644096,0.018594884876988595,0.0009402873507720638,0.001407359050213237,0.0,0.02574920654296875,0.2,0.6707390552021444,0.6707390552021444,0.17859826792597563
1772534558.819666,734,0.32711029052734375,3057.072886297376,1.9031754575850128,0.0227527042779178,0.0006993515001268198,0.001407359050213237,0.0,0.02574920654296875,0.2,0.6889377525291357,0.6889377525291357,0.1268877519755841
1772534558.8322494,735,0.3178119659423828,3146.5146286571644,1.9045429819457578,0.03595090908254892,0.0008961707644222756,0.001407359050213237,0.0,0.02574920654296875,0.2,0.7071490766152096,0.7071490766152096,0.0767247927151007
1772534558.8447533,736,0.3216266632080078,3109.1949592290584,1.9015436423816718,0.05308127938497054,0.0007776382205775157,0.001407359050213237,0.0,0.02574920654296875,0.2,0.7098774591295214,0.7098774591295214,0.03145529050941534
1772534558.8572567,737,0.32711029052734375,3057.072886297376,1.8953579325709664,0.039406513626427976,0.0008658973033695799,0.001407359050213237,0.0,0.02574920654296875,0.2,0.7133421337526931,0.7133421337526931,0.011277597677901308
1772534558.8697534,738,0.31828880310058594,3141.8007490636705,1.8918948458791758,0.014844894715228768,0.0009571263740811577,0.001407359050213237,0.0,0.02574920654296875,0.2,0.7116966003112888,0.7116966003112888,0.05018192239914763
1772534558.8822136,739,0.36215782165527344,2761.2271231073073,1.8934608964558788,0.03415298707597425,0.0009213200902926484,0.001407359050213237,0.0,0.02574920654296875,0.2,0.70344172137071,0.70344172137071,0.08522059879914753
1772534558.8947687,740,0.3261566162109375,3066.0116959064326,1.9032318605255165,0.057139563483457924,0.0009758425890791865,0.001407359050213237,0.0,0.02574920654296875,0.2,0.7021861057532055,0.7021861057532055,0.1198177814821317
1772534558.9072642,741,0.3287792205810547,3041.5547498187093,1.9059388870042877,0.04562589098745893,0.0007132862913850201,0.001407359050213237,0.0,0.02574920654296875,0.2,0.6853924633820129,0.6853924633820129,0.1496458273692075
1772534558.91975,742,0.3199577331542969,3125.412816691505,1.904446127535058,0.017977393647715164,0.0009370298704170068,0.001407359050213237,0.0,0.02574920654296875,0.2,0.6694801496009436,0.6694801496009436,0.17875712179641237
1772534558.932263,743,0.32782554626464844,3050.402909090909,1.903595103135476,0.023350286291211525,0.0006996067519207601,0.001407359050213237,0.0,0.02574920654296875,0.2,0.6890081405484011,0.6890081405484011,0.12668466288857294
1772534558.9447722,744,0.31876564025878906,3137.100972326103,1.902855996190556,0.036469709893907236,0.0008984439695131212,0.001407359050213237,0.0,0.02574920654296875,0.2,0.7030626344877433,0.7030626344877433,0.07725916701404278
1772534558.957152,745,0.32901763916015625,3039.350724637681,1.8972609739701565,0.05333840655392616,0.0007749074663271824,0.001407359050213237,0.0,0.02574920654296875,0.2,0.7024352859002759,0.7024352859002759,0.032856686891593295
1772534558.9696681,746,0.3192424774169922,3132.415235250187,1.893150720625803,0.039314571252311255,0.0008623644970308597,0.001407359050213237,0.0,0.02574920654296875,0.2,0.7148599673572908,0.7148599673572908,0.011354339475116966
1772534558.982143,747,0.3285408020019531,3043.7619738751814,1.8899384551291065,0.014597204812736414,0.0009575780708406557,0.001407359050213237,0.0,0.02574920654296875,0.2,0.7104204498026085,0.7104204498026085,0.04970279430244523
1772534558.9947731,748,0.3437995910644531,2908.6712898751734,1.8965975803953743,0.035008440118665475,0.0009208104995446499,0.001407359050213237,0.0,0.02574920654296875,0.2,0.7141990748417492,0.7141990748417492,0.08740035871780177
1772534559.0071764,749,0.31948089599609375,3130.0776119402985,1.9011562150932082,0.05586460090909768,0.0009731195200251697,0.001407359050213237,0.0,0.02574920654296875,0.2,0.6930120406309174,0.6930120406309174,0.11804827666632668
1772534559.0196261,750,0.3170967102050781,3153.612030075188,1.903308403001302,0.045733935958680014,0.0007093009713943682,0.001407359050213237,0.0,0.02574920654296875,0.2,0.6832569826918926,0.6832569826918926,0.1488455516728087
1772534559.0323021,751,0.3573894500732422,2798.0680453635755,1.9063467527058704,0.018515825344281867,0.0009389829234389788,0.001407359050213237,0.0,0.02574920654296875,0.2,0.6786226247146041,0.6786226247146041,0.17720432844197592
1772534559.0446417,752,0.324249267578125,3084.0470588235294,1.9009641287454684,0.02367666393484827,0.0006998115249633693,0.001407359050213237,0.0,0.02574920654296875,0.2,0.6807161349152767,0.6807161349152767,0.1280527655112113
1772534559.0572555,753,0.32901763916015625,3039.350724637681,1.903053282757372,0.0364903542868257,0.0008975580807419481,0.001407359050213237,0.0,0.02574920654296875,0.2,0.7082994240448276,0.7082994240448276,0.07632123513490577
1772534559.0697632,754,0.3218650817871094,3106.8918518518517,1.90051652384603,0.05320822018659527,0.0007726638188738279,0.001407359050213237,0.0,0.02574920654296875,0.2,0.7108780061408233,0.7108780061408233,0.03105352881373407
1772534559.08224,755,0.3190040588378906,3134.7563527653215,1.8937420153313123,0.03920819249524697,0.0008692319141758953,0.001407359050213237,0.0,0.02574920654296875,0.2,0.7119904877757973,0.7119904877757973,0.01120639109374595
1772534559.0946393,756,0.3247261047363281,3079.518355359765,1.8883556921953362,0.015179672325523622,0.0009565488177120207,0.001407359050213237,0.0,0.02574920654296875,0.2,0.7059681734526748,0.7059681734526748,0.049041145155621364
1772534559.1072414,757,0.3247261047363281,3079.518355359765,1.8951205213688933,0.035188159775001664,0.0009209998387869492,0.001407359050213237,0.0,0.02574920654296875,0.2,0.7132705725245373,0.7132705725245373,0.0872376922347052
1772534559.1196778,758,0.3209114074707031,3116.124814264487,1.9009993323017649,0.0561616603460924,0.0009727167324785124,0.001407359050213237,0.0,0.02574920654296875,0.2,0.6948413269969612,0.6948413269969612,0.11847203417733163
1772534559.1322377,759,0.3151893615722656,3172.695915279879,1.905939121338106,0.04616773599417544,0.0007122066067327989,0.001407359050213237,0.0,0.02574920654296875,0.2,0.6893248153291502,0.6893248153291502,0.15047350455584055
1772534559.1447334,760,0.3094673156738281,3231.3590138674886,1.9043751353129614,0.018116829822213448,0.0009356440478310446,0.001407359050213237,0.0,0.02574920654296875,0.2,0.6700302226729632,0.6700302226729632,0.17850320818424736
1772534559.1571715,761,0.3414154052734375,2928.983240223464,1.9010197003716784,0.023363643207960243,0.0006997925077761458,0.001407359050213237,0.0,0.02574920654296875,0.2,0.6837745015719192,0.6837745015719192,0.12746478568859085
1772534559.1697526,762,0.3180503845214844,3144.1559220389804,1.9029567881921872,0.036564703249735146,0.0008981569244875619,0.001407359050213237,0.0,0.02574920654296875,0.2,0.707877028624159,0.707877028624159,0.07632115214847071
1772534559.1822624,763,0.3285408020019531,3043.7619738751814,1.9000731178530048,0.05325009491000178,0.0007715052164717635,0.001407359050213237,0.0,0.02574920654296875,0.2,0.7099399168611726,0.7099399168611726,0.03117843726954082
1772534559.1947544,764,0.3199577331542969,3125.412816691505,1.893848398028675,0.03924384390982767,0.0008696094315168421,0.001407359050213237,0.0,0.02574920654296875,0.2,0.7130342359336654,0.7130342359336654,0.01145231483542916
1772534559.2072904,765,0.31685829162597656,3155.984951091046,1.8916230956112683,0.014453271725526948,0.0009563343293731324,0.001407359050213237,0.0,0.02574920654296875,0.2,0.7141697279392822,0.7141697279392822,0.05092706461893546
1772534559.2196548,766,0.33402442932128906,2993.793004996431,1.8909674031829424,0.034007939793563265,0.0009220827424928866,0.001407359050213237,0.0,0.02574920654296875,0.2,0.6983423037085662,0.6983423037085662,0.08437871239191135
1772534559.2322445,767,0.32019615173339844,3123.0856291883842,1.9022687262016107,0.057625963620127466,0.0009751295355153287,0.001407359050213237,0.0,0.02574920654296875,0.2,0.704015917188802,0.704015917188802,0.12022918862704648
1772534559.2447755,768,0.3185272216796875,3139.4491017964074,1.9062373387645417,0.045762785276547,0.0007170675520835336,0.001407359050213237,0.0,0.02574920654296875,0.2,0.68752598557988,0.68752598557988,0.15028431916466217
1772534559.2572584,769,0.32067298889160156,3118.4416356877323,1.9043919897194557,0.0179593014225369,0.0009348796243513907,0.001407359050213237,0.0,0.02574920654296875,0.2,0.6688243633888825,0.6688243633888825,0.17867580369145947
1772534559.269758,770,0.31685829162597656,3155.984951091046,1.9035134433439824,0.02342320097627775,0.0006996391197807798,0.001407359050213237,0.0,0.02574920654296875,0.2,0.6888799970511762,0.6888799970511762,0.12652626092117616
1772534559.2822208,771,0.3845691680908203,2600.3124612523247,1.900413954901386,0.03646081123722005,0.0008996004721595523,0.001407359050213237,0.0,0.02574920654296875,0.2,0.6971075778705782,0.6971075778705782,0.07824553301912585
1772534559.2947786,772,0.3223419189453125,3102.2958579881656,1.9012786407278863,0.053774988576019325,0.0007769828101868491,0.001407359050213237,0.0,0.02574920654296875,0.2,0.7155665362474734,0.7155665362474734,0.030243219139109517
1772534559.3072314,773,0.30684471130371094,3258.977466977467,1.8944582326505968,0.039448854101970916,0.0008698056859078226,0.001407359050213237,0.0,0.02574920654296875,0.2,0.7110449956199302,0.7110449956199302,0.011044905896891624
1772534559.3197453,774,0.31757354736328125,3148.876876876877,1.8917745829499082,0.014535759312227363,0.0009566289031786591,0.001407359050213237,0.0,0.02574920654296875,0.2,0.7120873309647779,0.7120873309647779,0.050388798675743154
1772534559.33224,775,0.3197193145751953,3127.7434750186426,1.8949302507956443,0.03439603890972348,0.0009216933363208989,0.001407359050213237,0.0,0.02574920654296875,0.2,0.7065185004192608,0.7065185004192608,0.08605616212648122
1772534559.3447087,776,0.3845691680908203,2600.3124612523247,1.9009035663829505,0.05625901428777933,0.0009733113592003395,0.001407359050213237,0.0,0.02574920654296875,0.2,0.6940712499756545,0.6940712499756545,0.11821544993825417
1772534559.3572266,777,0.3085136413574219,3241.3477588871715,1.9062380176430593,0.046521933726703456,0.0007112187323602011,0.001407359050213237,0.0,0.02574920654296875,0.2,0.6894249879031749,0.6894249879031749,0.15038541051774132
1772534559.3697493,778,0.3197193145751953,3127.7434750186426,1.905064653341642,0.01848993952407854,0.0009360557273544453,0.001407359050213237,0.0,0.02574920654296875,0.2,0.6705769619072308,0.6705769619072308,0.17848189758537994
1772534559.3822486,779,0.32138824462890625,3111.5014836795253,1.903745793257409,0.02310327453449136,0.0006994812517825183,0.001407359050213237,0.0,0.02574920654296875,0.2,0.6886931329824763,0.6886931329824763,0.1266338785837869
1772534559.394749,780,0.31876564025878906,3137.100972326103,1.9023019514733897,0.03613269912429598,0.0008990358736729629,0.001407359050213237,0.0,0.02574920654296875,0.2,0.7018014516405525,0.7018014516405525,0.07739791221861424
1772534559.4072802,781,0.34427642822265625,2904.6426592797784,1.9003335255766116,0.05333289494319878,0.0007746527353191813,0.001407359050213237,0.0,0.02574920654296875,0.2,0.7111673221631014,0.7111673221631014,0.03101403693130129
1772534559.4197507,782,0.3190040588378906,3134.7563527653215,1.8936740388275892,0.039392590207832076,0.0008690901331176017,0.001407359050213237,0.0,0.02574920654296875,0.2,0.71158611869345,0.71158611869345,0.011109848098885062
1772534559.4322686,783,0.3294944763183594,3034.9522431259043,1.8910028286977278,0.014616421504202542,0.000956744769004658,0.001407359050213237,0.0,0.02574920654296875,0.2,0.7122821250064647,0.7122821250064647,0.0504056453213958
1772534559.4447503,784,0.3235340118408203,3090.865143699337,1.8939725853314127,0.034377872832691427,0.0009216909874659581,0.001407359050213237,0.0,0.02574920654296875,0.2,0.7060782837046218,0.7060782837046218,0.08593730615395147
1772534559.457254,785,0.3306865692138672,3024.0115356885362,1.9018761989187687,0.0567215925473905,0.0009736239293702119,0.001407359050213237,0.0,0.02574920654296875,0.2,0.6983377061076054,0.6983377061076054,0.11917927466719075
1772534559.4696891,786,0.33473968505859375,2987.3960113960115,1.9034412856058187,0.045468930324240424,0.0007157799381807534,0.001407359050213237,0.0,0.02574920654296875,0.2,0.6817062583699948,0.6817062583699948,0.14872730854187016
1772534559.4822853,787,0.3306865692138672,3024.0115356885362,1.90540818852563,0.018173572611930817,0.000937708971183809,0.001407359050213237,0.0,0.02574920654296875,0.2,0.6751244552350328,0.6751244552350328,0.17771724077621323
1772534559.494758,788,0.3256797790527344,3070.5007320644218,1.903619918068558,0.02344987266098701,0.000699439802731909,0.001407359050213237,0.0,0.02574920654296875,0.2,0.687281448524737,0.687281448524737,0.12686851603341442
1772534559.5071661,789,0.3418922424316406,2924.8981868898186,1.9001973793997788,0.036407794333911496,0.0008987157239361571,0.001407359050213237,0.0,0.02574920654296875,0.2,0.696143318870452,0.696143318870452,0.07851714400807662
1772534559.5197551,790,0.31876564025878906,3137.100972326103,1.901484369561578,0.05384288796293864,0.0007804424670022274,0.001407359050213237,0.0,0.02574920654296875,0.2,0.7158917920874659,0.7158917920874659,0.03030253031369461
1772534559.5323074,791,0.3719329833984375,2688.6564102564103,1.8960767217527243,0.03946675652415659,0.0008681071198113657,0.001407359050213237,0.0,0.02574920654296875,0.2,0.7140973401705164,0.7140973401705164,0.011580363156897965
1772534559.5447547,792,0.32067298889160156,3118.4416356877323,1.8923422012332216,0.014725843208862936,0.0009565870078473864,0.001407359050213237,0.0,0.02574920654296875,0.2,0.7105336130855392,0.7105336130855392,0.050093493040800914
1772534559.5571938,793,0.37026405334472656,2700.7752736638763,1.8934304571754959,0.0341450894342186,0.000921617834004755,0.001407359050213237,0.0,0.02574920654296875,0.2,0.7016757326973888,0.7016757326973888,0.08491004665669709
1772534559.5697534,794,0.31876564025878906,3137.100972326103,1.9041015833452106,0.05751561485240206,0.0009756499664265419,0.001407359050213237,0.0,0.02574920654296875,0.2,0.7034281897992913,0.7034281897992913,0.12008989250693616
1772534559.5822525,795,0.3266334533691406,3061.5357664233575,1.9067681674166932,0.04571913299978764,0.0007162164966556352,0.001407359050213237,0.0,0.02574920654296875,0.2,0.6851948577360718,0.6851948577360718,0.14966922328621596
1772534559.5946834,796,0.33092498779296875,3021.8328530259364,1.9040454385078915,0.018226157950039446,0.0009362345264859838,0.001407359050213237,0.0,0.02574920654296875,0.2,0.6664314962251386,0.6664314962251386,0.17920034447999186
1772534559.607145,797,0.33164024353027344,3015.315600287563,1.902450616020467,0.02325113234974414,0.0006993748459580638,0.001407359050213237,0.0,0.02574920654296875,0.2,0.6859650677303042,0.6859650677303042,0.12725098388818287
1772534559.6198082,798,0.3654956817626953,2736.010437051533,1.9055292050311008,0.03661693474605237,0.0008967375756211896,0.001407359050213237,0.0,0.02574920654296875,0.2,0.7103881482563386,0.7103881482563386,0.0759826258410672
1772534559.632269,799,0.33020973205566406,3028.3783393501803,1.901621297195001,0.05311759176226614,0.0007734612229386252,0.001407359050213237,0.0,0.02574920654296875,0.2,0.7084824775952346,0.7084824775952346,0.03151875827347825
1772534559.6446464,800,0.3294944763183594,3034.9522431259043,1.892438598687456,0.03940702863735849,0.0008682721158488491,0.001407359050213237,0.0,0.02574920654296875,0.2,0.7060577156276658,0.7060577156276658,0.00988477523755532
1772534559.6571774,801,0.37360191345214844,2676.64582003829,1.889868464927283,0.014597032451532262,0.0009577310447447285,0.001407359050213237,0.0,0.02574920654296875,0.2,0.7109974873692465,0.7109974873692465,0.04979150199122895
1772534559.6697562,802,0.3228187561035156,3097.7134416543577,1.8968617034964603,0.035296531974432395,0.0009208535316969448,0.001407359050213237,0.0,0.02574920654296875,0.2,0.714477518248218,0.714477518248218,0.08746244203162828
1772534559.6822712,803,0.39386749267578125,2538.9249394673125,1.902939578310701,0.05631995267443977,0.000973080742154098,0.001407359050213237,0.0,0.02288818359375,0.2,0.6964073572597562,0.6964073572597562,0.11887896073201734
1772534559.6947894,804,0.34809112548828125,2872.8109589041096,1.906709383128641,0.046097232773309946,0.0007144843935258791,0.001407359050213237,0.0,0.02288818359375,0.2,0.6879631734930062,0.6879631734930062,0.15028211466144467
1772534559.7072496,805,0.3275871276855469,3052.622998544396,1.9044443447700978,0.01837375494861068,0.0009356657162080597,0.001407359050213237,0.0,0.02288818359375,0.2,0.6687439257777973,0.6687439257777973,0.17880163408438934
1772534559.7196436,806,0.3311634063720703,3019.6573074154066,1.9008816222992633,0.02338585819692574,0.0006994915824919207,0.001407359050213237,0.0,0.02288818359375,0.2,0.683038504278948,0.683038504278948,0.12768143609555205
1772534559.7322474,807,0.33020973205566406,3028.3783393501803,1.90277994706554,0.03650631288491253,0.0008970708854378702,0.001407359050213237,0.0,0.02288818359375,0.2,0.7073628793898037,0.7073628793898037,0.07652372960380778
1772534559.7446454,808,0.3287792205810547,3041.5547498187093,1.8978221668552557,0.05320928788563544,0.0007751619365599159,0.001407359050213237,0.0,0.02288818359375,0.2,0.7041761400377413,0.7041761400377413,0.03248067468336093
1772534559.7573397,809,0.3600120544433594,2777.6847682119205,1.8965787413372361,0.03953548647777465,0.000863844082947261,0.001407359050213237,0.0,0.02288818359375,0.2,0.7228404946659539,0.7228404946659539,0.013152389755270864
1772534559.7698076,810,0.3540515899658203,2824.447138047138,1.8917666441228222,0.015205935218219741,0.0009561404417853932,0.001407359050213237,0.0,0.02288818359375,0.2,0.7101993046403026,0.7101993046403026,0.05016594283912898
1772534559.7827146,811,0.7803440093994141,1281.4860983806905,1.893867859088106,0.03427393423792582,0.0009218540697503206,0.001407359050213237,0.0,0.02288818359375,0.2,0.7055192091387189,0.7055192091387189,0.08590288037114154
1772534559.7947133,812,0.39315223693847656,2543.5439660400243,1.8992872593314385,0.05623676812589198,0.0009732134378652795,0.001407359050213237,0.0,0.023365020751953125,0.2,0.6932276832061479,0.6932276832061479,0.11800850188623492
1772534559.8073175,813,0.3209114074707031,3116.124814264487,1.9066347840023594,0.04715661487911323,0.0007105169021115426,0.001407359050213237,0.0,0.023365020751953125,0.2,0.6938344066186204,0.6938344066186204,0.15139623620356057
1772534559.8196297,814,0.3173351287841797,3151.2426746806914,1.9002475683351485,0.019376325662982755,0.0009345602942151345,0.001407359050213237,0.0,0.023365020751953125,0.2,0.6597881421859467,0.6597881421859467,0.18018363678109856
1772534559.8322377,815,0.31375885009765625,3187.161094224924,1.903074492842282,0.023167994572896672,0.0006994670814019251,0.001407359050213237,0.0,0.023365020751953125,0.2,0.6949911195205872,0.6949911195205872,0.12560135881314782
1772534559.844776,816,0.33020973205566406,3028.3783393501803,1.9023925642056387,0.036141744168445185,0.0008987608135880113,0.001407359050213237,0.0,0.023365020751953125,0.2,0.7035294249403118,0.7035294249403118,0.07708836577894516
1772534559.8571506,817,0.3299713134765625,3030.566473988439,1.8965404113247437,0.05317966838702215,0.000773957765941772,0.001407359050213237,0.0,0.023365020751953125,0.2,0.7022280298416925,0.7022280298416925,0.0328116033771074
1772534559.869753,818,0.31375885009765625,3187.161094224924,1.8943100077748272,0.0393923816306546,0.0008634999321723211,0.001407359050213237,0.0,0.023365020751953125,0.2,0.7197049990149459,0.7197049990149459,0.01245648843285298
1772534559.8822458,819,0.32258033752441406,3100.0029563932003,1.8905866422626465,0.014854182449658698,0.0009566873833231427,0.001407359050213237,0.0,0.023365020751953125,0.2,0.7110352372321235,0.7110352372321235,0.050155143869787554
1772534559.8947566,820,0.3230571746826172,3095.4273062730626,1.8938900956522575,0.034382342775145396,0.0009215760369558528,0.001407359050213237,0.0,0.023365020751953125,0.2,0.7073740820128332,0.7073740820128332,0.0861835296458786
1772534559.9072254,821,0.31256675720214844,3199.316552250191,1.9008627350361655,0.056468616232972585,0.0009734338682219172,0.001407359050213237,0.0,0.023365020751953125,0.2,0.6968664492115046,0.6968664492115046,0.11885748491700464
1772534559.91976,822,0.3230571746826172,3095.4273062730626,1.904804942756307,0.04597426609673333,0.0007140978694802913,0.001407359050213237,0.0,0.023365020751953125,0.2,0.6871141911035525,0.6871141911035525,0.1499778259036098
1772534559.932249,823,0.3211498260498047,3113.81143281366,1.9033851252319982,0.01806219930093391,0.0009360869116390152,0.001407359050213237,0.0,0.023365020751953125,0.2,0.669343783229536,0.669343783229536,0.1786261221167597
1772534559.944763,824,0.3223419189453125,3102.2958579881656,1.902819697517997,0.023275052423041412,0.0006995231020493986,0.001407359050213237,0.0,0.023365020751953125,0.2,0.689321966730671,0.689321966730671,0.1265076188507492
1772534559.9572723,825,0.3371238708496094,2966.2687411598304,1.901529662759848,0.036420937211967444,0.000898874625820357,0.001407359050213237,0.0,0.023365020751953125,0.2,0.7014606334895623,0.7014606334895623,0.0774668007390393
1772534559.9697528,826,0.32329559326171875,3093.1445427728613,1.899188195554844,0.053445127488552964,0.0007754458101980841,0.001407359050213237,0.0,0.023365020751953125,0.2,0.7094471432910102,0.7094471432910103,0.03139952647895047
1772534559.982249,827,0.32329559326171875,3093.1445427728613,1.8935053538220892,0.03932349600450161,0.0008672994973129039,0.001407359050213237,0.0,0.023365020751953125,0.2,0.7127252367314655,0.7127252367314655,0.011228997018387475
1772534559.9947488,828,0.3230571746826172,3095.4273062730626,1.8907685394800309,0.014494990297043917,0.0009569407026689932,0.001407359050213237,0.0,0.023365020751953125,0.2,0.7117648742509197,0.7117648742509197,0.05022106103146647
1772534560.0073035,829,0.3218650817871094,3106.8918518518517,1.8954926628933553,0.03470457679680884,0.0009214835562032583,0.001407359050213237,0.0,0.023365020751953125,0.2,0.7100184491322435,0.7100184491322435,0.08673933929385194
1772534560.0197768,830,0.32067298889160156,3118.4416356877323,1.9020799412207718,0.056424470525129757,0.0009726801555703258,0.001407359050213237,0.0,0.023365020751953125,0.2,0.6966087256757039,0.6966087256757039,0.11892497014832551
1772534560.0324042,831,0.3807544708251953,2626.3644333124607,1.907049587411204,0.04626245391197216,0.0007158710537638014,0.001407359050213237,0.0,0.023365020751953125,0.2,0.6899746755851249,0.6899746755851249,0.15079575947827736
1772534560.0447333,832,0.3540515899658203,2824.447138047138,1.9017020940570049,0.018804660031342332,0.0009344211939114092,0.001407359050213237,0.0,0.023365020751953125,0.2,0.6617133240093855,0.6617133240093855,0.17987717875713788
1772534560.0572467,833,0.32520294189453125,3075.0029325513196,1.9025040492448564,0.023210760847965275,0.0006994330833179116,0.001407359050213237,0.0,0.023365020751953125,0.2,0.690674962122213,0.690674962122213,0.12634957565110125
1772534560.0697484,834,0.3199577331542969,3125.412816691505,1.9017027989166186,0.03629482293488666,0.0008980487125908754,0.001407359050213237,0.0,0.023365020751953125,0.2,0.7018899588519538,0.7018899588519538,0.07747802362255536
1772534560.0823028,835,0.3459453582763672,2890.629910406616,1.9005062548106644,0.05342015613255969,0.0007773043931599287,0.001407359050213237,0.0,0.023365020751953125,0.2,0.7119022672561636,0.7119022672561636,0.030984856204193213
1772534560.094769,836,0.3256797790527344,3070.5007320644218,1.8940418481202876,0.039338938163885846,0.0008676686284271955,0.001407359050213237,0.0,0.023365020751953125,0.2,0.7115338030028736,0.7115338030028736,0.011004350833602997
1772534560.107241,837,0.3192424774169922,3132.415235250187,1.89070611106874,0.014662243653722137,0.0009570491209799128,0.001407359050213237,0.0,0.023365020751953125,0.2,0.7104071284498771,0.7104071284498771,0.049899526883777835
1772534560.119756,838,0.3209114074707031,3116.124814264487,1.8946092520596693,0.0345551699574216,0.000921268221148487,0.001407359050213237,0.0,0.023365020751953125,0.2,0.7076222205427872,0.7076222205427872,0.08609734283143812
1772534560.1322985,839,0.33283233642578125,3004.515759312321,1.9030995379196558,0.05687306521307063,0.0009744358096837983,0.001407359050213237,0.0,0.023365020751953125,0.2,0.6998840774657316,0.6998840774657316,0.11946532880603672
1772534560.1450493,840,0.4391670227050781,2277.0380021715528,1.9102428092364638,0.04691595791864214,0.0007151027121007552,0.001407359050213237,0.0,0.023365020751953125,0.2,0.695419148238196,0.695419148238196,0.15216030714113385
1772534560.1574829,841,0.5030632019042969,1987.8218009478674,1.904905363174348,0.019027025054297993,0.0009325651151826055,0.001407359050213237,0.0,0.023365020751953125,0.2,0.6645186553807123,0.6645186553807123,0.17945263200337389
1772534560.1704874,842,0.6322860717773438,1581.5625942684767,1.9121596566768102,0.02463171221462815,0.0006994238106387206,0.001407359050213237,0.0,0.026702880859375,0.2,0.7095207006595852,0.7095207006595852,0.12275999200050304
1772534560.1825264,843,0.46443939208984375,2153.1334702258728,1.8991611224251097,0.03810271885949618,0.00090581859745656,0.001407359050213237,0.0,0.026702880859375,0.2,0.6821525037010167,0.6821525037010167,0.0804743505429572
1772534560.19516,844,0.5054473876953125,1978.445283018868,1.8992806606752988,0.053989793157878614,0.000773366895540035,0.001407359050213237,0.0,0.026702880859375,0.2,0.7142089631084556,0.7142089631084556,0.030263049228932304
1772534560.2072158,845,0.3483295440673828,2870.84462696783,1.8862605528107228,0.04019966029655675,0.0008726504981799137,0.001407359050213237,0.0,0.026702880859375,0.2,0.6949021363349668,0.6949021363349668,0.007812584830728771
1772534560.2198153,846,0.34809112548828125,2872.8109589041096,1.8885634111172778,0.014348365384618795,0.0009585251977607647,0.001407359050213237,0.0,0.026702880859375,0.2,0.7169958122149311,0.7169958122149311,0.05079919426312308
1772534560.2322736,847,0.33664703369140625,2970.470254957507,1.8925112724352318,0.034436042540887016,0.000921037598608137,0.001407359050213237,0.0,0.026702880859375,0.2,0.7047599201199626,0.7047599201199626,0.08527105999669159
1772534560.244722,848,0.38743019104003906,2581.110153846154,1.8997874406722617,0.05635789354163896,0.0009764336144038681,0.001407359050213237,0.0,0.026702880859375,0.2,0.6936871196410169,0.6936871196410169,0.11766195874287766
1772534560.257254,849,0.33211708068847656,3010.986360373295,1.9058901133483375,0.04672067091077125,0.0007029794122219303,0.001407359050213237,0.0,0.026702880859375,0.2,0.6889622296395185,0.6889622296395185,0.1498361982252495
1772534560.2697692,850,0.3402233123779297,2939.245970567624,1.9053177339024694,0.018614555056989564,0.0009389612554753888,0.001407359050213237,0.0,0.026702880859375,0.2,0.6707420281802859,0.6707420281802859,0.1786785274640533
1772534560.2822797,851,0.33283233642578125,3004.515759312321,1.9044512402316185,0.022993000092126712,0.0006994584735940539,0.001407359050213237,0.0,0.026702880859375,0.2,0.6890734056639044,0.6890734056639044,0.1268342919121202
1772534560.294659,852,0.3349781036376953,2985.26975088968,1.9001986122730565,0.03603806202321221,0.0008973410854490303,0.001407359050213237,0.0,0.026702880859375,0.2,0.6948320505771312,0.6948320505771312,0.07901712659755805
1772534560.3072202,853,0.3879070281982422,2577.937307928703,1.8997670753464664,0.053516623831037606,0.0007849589225322919,0.001407359050213237,0.0,0.026702880859375,0.2,0.7115630088325771,0.7115630088325771,0.03146292806530492
