timestamp,elapsed_time,alpha,alpha_geo,alpha_vel,alpha_alignment
1772464047.400278,0.020171,0.773983,0.291380,0.958693,0.000000
1772464047.400891,0.020784,0.773802,0.294807,0.947284,0.000000
1772464047.412403,0.032296,0.775708,0.294807,0.997688,0.000000
1772464047.425228,0.045121,0.777438,0.294807,0.995606,0.000000
1772464047.437393,0.057286,0.778626,0.294807,0.983942,0.000000
1772464047.449901,0.069794,0.779511,0.294807,0.977900,0.000000
1772464047.461719,0.081612,0.780382,0.294807,0.978625,0.000000
1772464047.474770,0.094663,0.781388,0.294807,0.983075,0.000000
1772464047.487529,0.107422,0.782447,0.291380,0.989124,0.000000
1772464047.500008,0.119901,0.779523,0.291380,0.901448,0.000000
1772464047.512252,0.132145,0.769041,0.291380,0.764895,0.000000
1772464047.524265,0.144158,0.755396,0.294807,0.702105,0.000000
1772464047.537188,0.157081,0.756687,0.294807,0.959748,0.000000
1772464047.549302,0.169195,0.759168,0.294807,0.990426,0.000000
1772464047.562375,0.182268,0.759316,0.294807,0.938067,0.000000
1772464047.574297,0.194190,0.757872,0.294807,0.904571,0.000000
1772464047.587071,0.206964,0.756340,0.294807,0.901310,0.000000
1772464047.599249,0.219142,0.755687,0.294807,0.917806,0.000000
1772464047.612173,0.232066,0.756158,0.294807,0.941378,0.000000
1772464047.624560,0.244453,0.757586,0.294807,0.963863,0.000000
1772464047.637108,0.257001,0.759633,0.294807,0.980613,0.000000
1772464047.650527,0.270420,0.761992,0.294807,0.991086,0.000000
1772464047.661866,0.281760,0.764316,0.291380,0.996643,0.000000
1772464047.674854,0.294747,0.760432,0.294807,0.862082,0.000000
1772464047.686732,0.306625,0.761591,0.294807,0.962560,0.000000
1772464047.699438,0.319331,0.764069,0.294807,0.996693,0.000000
1772464047.711940,0.331833,0.766510,0.294807,0.998965,0.000000
1772464047.724348,0.344241,0.768621,0.294807,0.993545,0.000000
1772464047.736924,0.356817,0.770488,0.294807,0.990002,0.000000
1772464047.749250,0.369143,0.772143,0.291380,0.990392,0.000000
1772464047.761962,0.381855,0.769748,0.294807,0.898306,0.000000
1772464047.774648,0.394542,0.771195,0.291380,0.984238,0.000000
1772464047.786935,0.406828,0.766352,0.291380,0.854204,0.000000
1772464047.799819,0.419713,0.757110,0.291380,0.774412,0.000000
1772464047.811793,0.431686,0.747078,0.294807,0.750559,0.000000
1772464047.824207,0.444100,0.750019,0.294807,0.989906,0.000000
1772464047.837267,0.457160,0.751477,0.294807,0.957383,0.000000
1772464047.849336,0.469229,0.749380,0.294807,0.883816,0.000000
1772464047.862547,0.482440,0.745828,0.294807,0.854420,0.000000
1772464047.874241,0.494134,0.742932,0.294807,0.863266,0.000000
1772464047.888291,0.508184,0.741648,0.294807,0.891358,0.000000
1772464047.899575,0.519468,0.742161,0.294807,0.926958,0.000000
1772464047.911746,0.531639,0.743982,0.294807,0.956692,0.000000
1772464047.924154,0.544047,0.746488,0.291380,0.978576,0.000000
1772464047.937373,0.557266,0.745316,0.294807,0.897124,0.000000
1772464047.949901,0.569794,0.747830,0.294807,0.976998,0.000000
1772464047.961564,0.581457,0.751091,0.294807,0.999161,0.000000
1772464047.974516,0.594409,0.754135,0.294807,0.997783,0.000000
1772464047.987128,0.607021,0.756830,0.294807,0.992645,0.000000
1772464047.999587,0.619480,0.759295,0.294807,0.990209,0.000000
1772464048.012107,0.632000,0.761659,0.294807,0.990770,0.000000
1772464048.024802,0.644695,0.763989,0.294807,0.992950,0.000000
1772464048.037674,0.657567,0.766297,0.294807,0.995379,0.000000
1772464048.049534,0.669427,0.768566,0.294807,0.997391,0.000000
1772464048.061990,0.681884,0.770772,0.294807,0.998697,0.000000
1772464048.074561,0.694454,0.772896,0.294807,0.999452,0.000000
1772464048.087238,0.707131,0.774928,0.294807,0.999817,0.000000
1772464048.099892,0.719785,0.776863,0.294807,0.999955,0.000000
1772464048.111362,0.731255,0.778703,0.294807,0.999988,0.000000
1772464048.124277,0.744170,0.780451,0.294807,0.999984,0.000000
1772464048.136890,0.756783,0.782111,0.294807,0.999976,0.000000
1772464048.149392,0.769285,0.783688,0.294807,0.999972,0.000000
1772464048.162150,0.782043,0.785056,0.291380,0.999982,0.000000
1772464048.174252,0.794145,0.779464,0.291380,0.853172,0.000000
1772464048.186985,0.806878,0.765937,0.294807,0.712341,0.000000
1772464048.199240,0.819134,0.765491,0.294807,0.932459,0.000000
1772464048.211598,0.831491,0.767851,0.294807,0.998709,0.000000
1772464048.224468,0.844362,0.769449,0.294807,0.982226,0.000000
1772464048.236764,0.856658,0.769992,0.294807,0.958691,0.000000
1772464048.249798,0.869691,0.770136,0.294807,0.950106,0.000000
1772464048.261672,0.881566,0.770477,0.294807,0.954807,0.000000
1772464048.274167,0.894060,0.771199,0.291380,0.967528,0.000000
1772464048.286550,0.906443,0.770373,0.294807,0.929934,0.000000
1772464048.299298,0.919191,0.772210,0.294807,0.991464,0.000000
1772464048.311688,0.931581,0.774129,0.291380,0.999391,0.000000
1772464048.324596,0.944489,0.771595,0.294807,0.897514,0.000000
1772464048.336657,0.956550,0.773414,0.294807,0.992571,0.000000
1772464048.349536,0.969429,0.775235,0.294807,0.994975,0.000000
1772464048.362032,0.981925,0.776226,0.294807,0.976333,0.000000
1772464048.374209,0.994102,0.776721,0.294807,0.965542,0.000000
1772464048.387004,1.006897,0.777194,0.294807,0.965597,0.000000
1772464048.399794,1.019687,0.777921,0.294807,0.972270,0.000000
1772464048.412364,1.032258,0.778964,0.294807,0.980935,0.000000
1772464048.424763,1.044656,0.780255,0.294807,0.988498,0.000000
1772464048.437114,1.057007,0.781694,0.294807,0.993936,0.000000
1772464048.449912,1.069805,0.783187,0.294807,0.997230,0.000000
1772464048.462352,1.082245,0.784672,0.294807,0.998952,0.000000
1772464048.474913,1.094806,0.786110,0.294807,0.999685,0.000000
1772464048.486927,1.106820,0.787354,0.291380,0.999918,0.000000
1772464048.499868,1.119761,0.781563,0.294807,0.848214,0.000000
1772464048.512560,1.132453,0.781442,0.294807,0.957332,0.000000
1772464048.524660,1.144553,0.782900,0.294807,0.995969,0.000000
1772464048.537111,1.157004,0.784395,0.294807,0.998867,0.000000
1772464048.549388,1.169281,0.785589,0.294807,0.992960,0.000000
1772464048.561990,1.181883,0.786565,0.294807,0.988897,0.000000
1772464048.575053,1.194947,0.787368,0.291380,0.989175,0.000000
1772464048.587207,1.207100,0.784495,0.294807,0.904020,0.000000
1772464048.599905,1.219798,0.785254,0.291380,0.985491,0.000000
1772464048.612176,1.232069,0.779712,0.294807,0.850837,0.000000
1772464048.624690,1.244583,0.780799,0.294807,0.984273,0.000000
1772464048.637397,1.257290,0.782272,0.294807,0.995530,0.000000
1772464048.649358,1.269251,0.782725,0.294807,0.971776,0.000000
1772464048.662146,1.282039,0.782496,0.294807,0.956166,0.000000
1772464048.674961,1.294854,0.782210,0.294807,0.954604,0.000000
1772464048.687050,1.306943,0.782278,0.294807,0.962495,0.000000
1772464048.699713,1.319606,0.782801,0.294807,0.973491,0.000000
1772464048.712560,1.332453,0.783709,0.294807,0.983668,0.000000
1772464048.724870,1.344763,0.784870,0.294807,0.991232,0.000000
1772464048.737328,1.357221,0.786153,0.294807,0.995882,0.000000
1772464048.749824,1.369717,0.787336,0.291380,0.998382,0.000000
1772464048.762321,1.382214,0.782249,0.294807,0.861116,0.000000
1772464048.775126,1.395019,0.782296,0.294807,0.962062,0.000000
1772464048.786931,1.406824,0.783741,0.294807,0.996741,0.000000
1772464048.799705,1.419598,0.785195,0.294807,0.998884,0.000000
1772464048.812632,1.432525,0.786361,0.294807,0.993271,0.000000
1772464048.824958,1.444851,0.787324,0.294807,0.989551,0.000000
1772464048.837063,1.456956,0.788228,0.294807,0.989283,0.000000
1772464048.849537,1.469430,0.789163,0.294807,0.991227,0.000000
1772464048.862325,1.482218,0.790154,0.294807,0.993874,0.000000
1772464048.874336,1.494230,0.791188,0.294807,0.996289,0.000000
1772464048.886909,1.506802,0.792237,0.294807,0.998006,0.000000
1772464048.900172,1.520066,0.793273,0.294807,0.999079,0.000000
1772464048.912654,1.532547,0.794280,0.294807,0.999644,0.000000
1772464048.923975,1.543868,0.795245,0.294807,0.999890,0.000000
1772464048.936932,1.556825,0.796165,0.294807,0.999971,0.000000
1772464048.949538,1.569431,0.797040,0.294807,0.999986,0.000000
1772464048.961936,1.581829,0.797871,0.294807,0.999981,0.000000
1772464048.974093,1.593986,0.798660,0.294807,0.999977,0.000000
1772464048.986818,1.606711,0.799410,0.294807,0.999977,0.000000
1772464048.999930,1.619823,0.800122,0.294807,0.999980,0.000000
1772464049.012659,1.632552,0.800799,0.294807,0.999986,0.000000
1772464049.025259,1.645153,0.801442,0.294807,0.999990,0.000000
1772464049.037222,1.657115,0.802053,0.294807,0.999994,0.000000
1772464049.050162,1.670055,0.802634,0.294807,0.999997,0.000000
1772464049.061782,1.681675,0.803055,0.291380,0.999999,0.000000
1772464049.074742,1.694635,0.796744,0.294807,0.853054,0.000000
1772464049.087415,1.707308,0.795992,0.294807,0.960300,0.000000
1772464049.100182,1.720075,0.796751,0.294807,0.996720,0.000000
1772464049.111504,1.731397,0.797536,0.294807,0.998413,0.000000
1772464049.124665,1.744558,0.798040,0.294807,0.992113,0.000000
1772464049.137227,1.757120,0.798358,0.294807,0.987998,0.000000
1772464049.150373,1.770266,0.798650,0.294807,0.987722,0.000000
1772464049.161819,1.781713,0.798902,0.291380,0.990534,0.000000
1772464049.174966,1.794859,0.795320,0.294807,0.901349,0.000000
1772464049.187222,1.807115,0.795518,0.294807,0.981553,0.000000
1772464049.200429,1.820322,0.796292,0.291380,0.999905,0.000000
1772464049.211390,1.831283,0.792260,0.294807,0.889798,0.000000
1772464049.225278,1.845171,0.792935,0.294807,0.989741,0.000000
1772464049.237696,1.857589,0.793698,0.291380,0.996288,0.000000
1772464049.250847,1.870740,0.791790,0.294807,0.930852,0.000000
1772464049.261598,1.881491,0.792864,0.294807,0.999475,0.000000
1772464049.274917,1.894810,0.793224,0.294807,0.982546,0.000000
1772464049.287625,1.907518,0.792508,0.291380,0.960466,0.000000
1772464049.300691,1.920584,0.792162,0.294807,0.964909,0.000000
1772464049.311568,1.931461,0.793228,0.294807,0.999737,0.000000
1772464049.325103,1.944996,0.793545,0.294807,0.981918,0.000000
1772464049.337557,1.957450,0.793108,0.294807,0.963962,0.000000
1772464049.350451,1.970344,0.792476,0.294807,0.958877,0.000000
1772464049.361751,1.981644,0.792084,0.294807,0.963767,0.000000
1772464049.375052,1.994945,0.792090,0.294807,0.972846,0.000000
1772464049.387596,2.007489,0.792488,0.294807,0.982530,0.000000
1772464049.400244,2.020137,0.793168,0.294807,0.990140,0.000000
1772464049.411795,2.031688,0.794007,0.294807,0.995128,0.000000
1772464049.425169,2.045062,0.794911,0.294807,0.997918,0.000000
1772464049.437835,2.057728,0.795691,0.291380,0.999285,0.000000
1772464049.449408,2.069301,0.790195,0.291380,0.864712,0.000000
1772464049.462352,2.082245,0.776549,0.294807,0.719017,0.000000
1772464049.474963,2.094856,0.775617,0.294807,0.933430,0.000000
1772464049.487899,2.107792,0.777472,0.294807,0.998765,0.000000
1772464049.500614,2.120507,0.778670,0.294807,0.984223,0.000000
1772464049.511750,2.131643,0.778899,0.294807,0.962156,0.000000
1772464049.525192,2.145085,0.778743,0.294807,0.953425,0.000000
1772464049.537726,2.157619,0.778764,0.294807,0.957361,0.000000
1772464049.550552,2.170445,0.779222,0.294807,0.967673,0.000000
1772464049.561732,2.181625,0.780111,0.294807,0.978721,0.000000
1772464049.574737,2.194630,0.781308,0.294807,0.987551,0.000000
1772464049.587783,2.207676,0.782562,0.291380,0.993986,0.000000
1772464049.600644,2.220537,0.778505,0.294807,0.876002,0.000000
1772464049.611693,2.231586,0.779029,0.294807,0.968958,0.000000
1772464049.624723,2.244617,0.780683,0.294807,0.997949,0.000000
1772464049.637152,2.257045,0.782270,0.294807,0.998363,0.000000
1772464049.649798,2.269691,0.783556,0.294807,0.992590,0.000000
1772464049.661427,2.281320,0.784647,0.294807,0.989231,0.000000
1772464049.674833,2.294726,0.785684,0.294807,0.989246,0.000000
1772464049.687243,2.307136,0.786754,0.294807,0.991448,0.000000
1772464049.699780,2.319673,0.787877,0.294807,0.994174,0.000000
1772464049.711240,2.331133,0.789034,0.294807,0.996508,0.000000
1772464049.724370,2.344263,0.790066,0.291380,0.998209,0.000000
1772464049.737257,2.357150,0.785082,0.294807,0.865580,0.000000
1772464049.749699,2.369592,0.785147,0.294807,0.965830,0.000000
1772464049.761296,2.381189,0.786485,0.294807,0.997693,0.000000
1772464049.774481,2.394374,0.787779,0.294807,0.998275,0.000000
1772464049.787065,2.406958,0.788772,0.294807,0.992135,0.000000
1772464049.799766,2.419659,0.789572,0.294807,0.988489,0.000000
1772464049.811136,2.431029,0.790334,0.294807,0.988520,0.000000
1772464049.824321,2.444214,0.791144,0.294807,0.990706,0.000000
1772464049.837100,2.456993,0.792026,0.294807,0.993615,0.000000
1772464049.849791,2.469684,0.792962,0.294807,0.996170,0.000000
1772464049.861356,2.481249,0.793920,0.294807,0.997982,0.000000
1772464049.874498,2.494391,0.794873,0.294807,0.999068,0.000000
1772464049.887051,2.506944,0.795668,0.291380,0.999641,0.000000
1772464049.899704,2.519597,0.790152,0.291380,0.864302,0.000000
1772464049.911299,2.531192,0.776594,0.294807,0.720403,0.000000
1772464049.924487,2.544380,0.775630,0.294807,0.932781,0.000000
1772464049.937018,2.556911,0.777485,0.294807,0.998770,0.000000
1772464049.949555,2.569448,0.778664,0.294807,0.983782,0.000000
1772464049.961132,2.581025,0.778851,0.294807,0.961144,0.000000
1772464049.974406,2.594299,0.778649,0.294807,0.952337,0.000000
1772464049.987181,2.607074,0.778599,0.291380,0.959006,0.000000
1772464050.000235,2.620128,0.778117,0.294807,0.945693,0.000000
1772464050.011125,2.631018,0.779649,0.291380,0.997017,0.000000
1772464050.024666,2.644559,0.776147,0.291380,0.887302,0.000000
1772464050.037118,2.657011,0.767491,0.294807,0.788812,0.000000
1772464050.049761,2.669654,0.769235,0.294807,0.985446,0.000000
1772464050.061293,2.681186,0.770801,0.294807,0.983136,0.000000
1772464050.074503,2.694396,0.770264,0.294807,0.935796,0.000000
1772464050.087163,2.707056,0.768598,0.294807,0.911213,0.000000
1772464050.099903,2.719796,0.767169,0.291380,0.917849,0.000000
1772464050.111337,2.731230,0.768595,0.294807,0.977095,0.000000
1772464050.124392,2.744285,0.770836,0.294807,0.999658,0.000000
1772464050.137082,2.756975,0.772454,0.294807,0.986472,0.000000
1772464050.149250,2.769143,0.773489,0.294807,0.974018,0.000000
1772464050.161053,2.780946,0.774344,0.294807,0.970876,0.000000
1772464050.174309,2.794203,0.775310,0.294807,0.974625,0.000000
1772464050.187197,2.807091,0.776508,0.294807,0.981549,0.000000
1772464050.199247,2.819140,0.777919,0.294807,0.988418,0.000000
1772464050.211144,2.831038,0.779461,0.294807,0.993575,0.000000
1772464050.224267,2.844160,0.781053,0.294807,0.996881,0.000000
1772464050.237205,2.857098,0.782505,0.291380,0.998742,0.000000
1772464050.250114,2.870007,0.777477,0.294807,0.857735,0.000000
1772464050.261504,2.881397,0.777755,0.294807,0.961901,0.000000
1772464050.274849,2.894742,0.779302,0.291380,0.996911,0.000000
1772464050.287192,2.907085,0.774873,0.294807,0.865904,0.000000
1772464050.300126,2.920019,0.776223,0.294807,0.984791,0.000000
1772464050.311321,2.931215,0.777984,0.294807,0.997090,0.000000
1772464050.324895,2.944788,0.778859,0.291380,0.980263,0.000000
1772464050.337264,2.957157,0.778316,0.294807,0.944617,0.000000
1772464050.349989,2.969882,0.779939,0.291380,0.999617,0.000000
1772464050.361363,2.981256,0.777835,0.294807,0.912165,0.000000
1772464050.374872,2.994765,0.779596,0.294807,0.999188,0.000000
1772464050.387314,3.007207,0.780432,0.294807,0.977876,0.000000
1772464050.400249,3.020142,0.779931,0.294807,0.947319,0.000000
1772464050.411848,3.031741,0.778972,0.291380,0.939989,0.000000
1772464050.425156,3.045049,0.779574,0.294807,0.971401,0.000000
1772464050.437658,3.057551,0.780822,0.283153,0.999819,0.000000
1772464050.450204,3.070097,0.752115,0.283153,0.447845,0.000000
1772464050.462421,3.082314,0.719898,0.283153,0.294114,0.000000
1772464050.475500,3.095393,0.691133,0.273162,0.371303,0.000000
1772464050.488092,3.107985,0.660324,0.262870,0.234567,0.000000
1772464050.500521,3.120414,0.629395,0.262870,0.110423,0.000000
1772464050.511838,3.131731,0.599741,0.257968,0.086256,0.000000
1772464050.525249,3.145142,0.571411,0.257968,0.067382,0.000000
1772464050.537818,3.157711,0.544490,0.257968,0.066433,0.000000
1772464050.549226,3.169119,0.518964,0.252813,0.077621,0.000000
1772464050.562163,3.182056,0.494735,0.252813,0.080171,0.000000
1772464050.574310,3.194203,0.471821,0.252813,0.092312,0.000000
1772464050.587253,3.207146,0.450282,0.252813,0.116960,0.000000
1772464050.600050,3.219944,0.430768,0.266811,0.182837,0.000000
1772464050.611831,3.231724,0.413845,0.252813,0.290026,0.000000
1772464050.624852,3.244745,0.400571,0.252674,0.397838,0.000000
1772464050.637156,3.257049,0.391766,0.252674,0.499377,0.000000
1772464050.650077,3.269970,0.384975,0.252510,0.534053,0.000000
1772464050.661352,3.281245,0.388319,0.252510,0.708856,0.000000
1772464050.674746,3.294639,0.399265,0.252510,0.834628,0.000000
1772464050.687275,3.307168,0.413573,0.252510,0.903268,0.000000
1772464050.700071,3.319964,0.428646,0.252510,0.931481,0.000000
1772464050.711339,3.331232,0.443540,0.252510,0.942903,0.000000
1772464050.724854,3.344747,0.458024,0.252510,0.949679,0.000000
1772464050.737308,3.357201,0.472434,0.252674,0.963041,0.000000
1772464050.750928,3.370821,0.484013,0.252510,0.920787,0.000000
1772464050.761476,3.381369,0.497162,0.238522,0.978004,0.000000
1772464050.775088,3.394981,0.494313,0.224882,0.727046,0.000000
1772464050.787449,3.407342,0.473062,0.213118,0.267319,0.000000
1772464050.800447,3.420340,0.451006,0.200603,0.117155,0.000000
1772464050.811546,3.431439,0.429636,0.191904,0.063573,0.000000
1772464050.825078,3.444971,0.409229,0.191904,0.044580,0.000000
1772464050.837454,3.457347,0.389848,0.195685,0.041778,0.000000
1772464050.850084,3.469977,0.371429,0.195685,0.040406,0.000000
1772464050.861440,3.481333,0.353991,0.201918,0.045294,0.000000
1772464050.874887,3.494780,0.337447,0.204485,0.046724,0.000000
1772464050.887319,3.507212,0.321872,0.231716,0.043105,0.000000
1772464050.900197,3.520090,0.307071,0.245440,0.028743,0.000000
1772464050.911342,3.531235,0.293090,0.264987,0.021576,0.000000
1772464050.924893,3.544786,0.280045,0.302650,0.016629,0.000000
1772464050.937468,3.557361,0.267794,0.323962,0.012883,0.000000
1772464050.950166,3.570059,0.256352,0.346674,0.012204,0.000000
1772464050.961397,3.581290,0.245728,0.370526,0.013128,0.000000
1772464050.974915,3.594808,0.235933,0.395206,0.015163,0.000000
1772464050.987211,3.607104,0.226988,0.420358,0.018583,0.000000
1772464050.999976,3.619869,0.218471,0.414033,0.023416,0.000000
1772464051.011430,3.631323,0.210386,0.403406,0.034566,0.000000
1772464051.024948,3.644841,0.202922,0.397338,0.056258,0.000000
1772464051.037333,3.657226,0.196397,0.403406,0.086559,0.000000
1772464051.050354,3.670247,0.191080,0.425915,0.111485,0.000000
1772464051.061455,3.681348,0.186020,0.425915,0.111093,0.000000
1772464051.074890,3.694783,0.181737,0.442058,0.119298,0.000000
1772464051.087309,3.707202,0.177450,0.442058,0.109419,0.000000
1772464051.100009,3.719902,0.173717,0.445604,0.121083,0.000000
1772464051.111305,3.731198,0.169687,0.445604,0.099160,0.000000
1772464051.124893,3.744786,0.166148,0.463762,0.094375,0.000000
1772464051.137466,3.757359,0.162200,0.449147,0.081119,0.000000
1772464051.151062,3.770956,0.158723,0.467016,0.076679,0.000000
1772464051.161477,3.781370,0.155369,0.467865,0.073403,0.000000
1772464051.174965,3.794858,0.151909,0.480174,0.047536,0.000000
1772464051.187383,3.807276,0.147870,0.448644,0.037485,0.000000
1772464051.200125,3.820018,0.144061,0.458076,0.029719,0.000000
1772464051.211342,3.831235,0.140079,0.434699,0.030134,0.000000
1772464051.224962,3.844856,0.136332,0.442112,0.025098,0.000000
1772464051.237435,3.857328,0.132354,0.417133,0.020837,0.000000
1772464051.250232,3.870125,0.128522,0.417133,0.016835,0.000000
1772464051.261953,3.881846,0.124566,0.391838,0.016765,0.000000
1772464051.275133,3.895026,0.120811,0.393245,0.015563,0.000000
1772464051.288009,3.907902,0.117170,0.389138,0.013346,0.000000
1772464051.300740,3.920633,0.113443,0.362296,0.015392,0.000000
1772464051.311727,3.931620,0.109912,0.362538,0.016109,0.000000
1772464051.325152,3.945045,0.106636,0.367642,0.018479,0.000000
1772464051.337711,3.957604,0.103271,0.343368,0.017580,0.000000
1772464051.350012,3.969905,0.100318,0.343368,0.041914,0.000000
1772464051.361458,3.981351,0.097222,0.343200,0.012640,0.000000
1772464051.375172,3.995065,0.094232,0.342917,0.007578,0.000000
1772464051.387267,4.007160,0.091381,0.342917,0.006443,0.000000
1772464051.399960,4.019853,0.088604,0.335706,0.005850,0.000000
1772464051.411147,4.031040,0.085970,0.335706,0.006385,0.000000
1772464051.424938,4.044831,0.083535,0.342016,0.007715,0.000000
1772464051.437302,4.057195,0.081164,0.334098,0.009002,0.000000
1772464051.449771,4.069664,0.078933,0.334098,0.011486,0.000000
1772464051.461903,4.081796,0.076833,0.333096,0.014690,0.000000
1772464051.474429,4.094322,0.074866,0.331976,0.019001,0.000000
1772464051.487157,4.107050,0.073033,0.330749,0.024098,0.000000
1772464051.499831,4.119724,0.071324,0.329428,0.028891,0.000000
1772464051.511323,4.131217,0.069731,0.329428,0.032099,0.000000
1772464051.524470,4.144363,0.068236,0.328026,0.035461,0.000000
1772464051.537035,4.156928,0.066705,0.316376,0.035247,0.000000
1772464051.549738,4.169631,0.065409,0.326556,0.041957,0.000000
1772464051.561279,4.181172,0.063989,0.311392,0.036829,0.000000
1772464051.574405,4.194299,0.062514,0.299547,0.033992,0.000000
1772464051.587111,4.207004,0.061301,0.311640,0.043488,0.000000
1772464051.599887,4.219780,0.060135,0.311640,0.041995,0.000000
1772464051.611280,4.231174,0.058890,0.299597,0.038374,0.000000
1772464051.624597,4.244490,0.057726,0.299788,0.040485,0.000000
1772464051.637016,4.256909,0.056778,0.314728,0.043075,0.000000
1772464051.649822,4.269715,0.055836,0.314728,0.038672,0.000000
1772464051.661276,4.281169,0.055016,0.324340,0.037135,0.000000
1772464051.674536,4.294429,0.054240,0.329082,0.032602,0.000000
1772464051.687117,4.307010,0.053725,0.354637,0.029365,0.000000
1772464051.699787,4.319680,0.053283,0.363909,0.024564,0.000000
1772464051.711248,4.331141,0.053039,0.382417,0.021835,0.000000
1772464051.724593,4.344486,0.053565,0.441714,0.020265,0.000000
1772464051.737229,4.357122,0.054013,0.441714,0.016780,0.000000
1772464051.749926,4.369819,0.054844,0.468369,0.016247,0.000000
1772464051.761267,4.381160,0.056122,0.496243,0.016389,0.000000
1772464051.774559,4.394452,0.057183,0.486566,0.017589,0.000000
1772464051.787166,4.407059,0.058829,0.516601,0.020959,0.000000
1772464051.799805,4.419698,0.060468,0.516601,0.024544,0.000000
1772464051.811559,4.431452,0.062701,0.538739,0.032968,0.000000
1772464051.824497,4.444390,0.065635,0.563119,0.040991,0.000000
1772464051.837189,4.457082,0.069412,0.593471,0.045424,0.000000
1772464051.849959,4.469852,0.073756,0.613449,0.049348,0.000000
1772464051.861207,4.481100,0.079239,0.648752,0.052560,0.000000
1772464051.874651,4.494545,0.085759,0.682163,0.052427,0.000000
1772464051.887117,4.507010,0.093228,0.712669,0.051416,0.000000
1772464051.899879,4.519772,0.101259,0.733700,0.050657,0.000000
1772464051.911312,4.531205,0.109101,0.741299,0.047541,0.000000
1772464051.924662,4.544555,0.116674,0.741299,0.050093,0.000000
1772464051.937261,4.557154,0.125235,0.766596,0.052276,0.000000
1772464051.949913,4.569806,0.134435,0.781469,0.057778,0.000000
1772464051.961273,4.581167,0.144176,0.793825,0.063863,0.000000
1772464051.974371,4.594265,0.153393,0.793825,0.063204,0.000000
1772464051.987181,4.607074,0.162685,0.802825,0.063836,0.000000
1772464052.000009,4.619902,0.172899,0.830946,0.060001,0.000000
1772464052.011150,4.631043,0.181735,0.816741,0.059112,0.000000
1772464052.024756,4.644649,0.191746,0.848080,0.055670,0.000000
1772464052.037312,4.657205,0.199294,0.820506,0.049242,0.000000
1772464052.050008,4.669901,0.206544,0.820506,0.050641,0.000000
1772464052.061401,4.681294,0.214017,0.821830,0.059619,0.000000
1772464052.075205,4.695098,0.222641,0.849442,0.058153,0.000000
1772464052.087515,4.707408,0.229934,0.821830,0.070431,0.000000
1772464052.100219,4.720113,0.238104,0.819959,0.093384,0.000000
1772464052.111441,4.731334,0.247403,0.850834,0.087957,0.000000
1772464052.124781,4.744674,0.257292,0.847346,0.108631,0.000000
1772464052.137402,4.757295,0.265251,0.841298,0.091243,0.000000
1772464052.149867,4.769760,0.269330,0.810686,0.062718,0.000000
1772464052.161388,4.781281,0.273752,0.829495,0.053483,0.000000
1772464052.174797,4.794690,0.277003,0.817481,0.048762,0.000000
1772464052.187279,4.807172,0.277390,0.776033,0.039761,0.000000
1772464052.199965,4.819858,0.277606,0.783601,0.029210,0.000000
1772464052.211306,4.831199,0.276633,0.764793,0.024069,0.000000
1772464052.224739,4.844632,0.277016,0.789471,0.025872,0.000000
1772464052.237227,4.857120,0.276731,0.767109,0.035313,0.000000
1772464052.249969,4.869862,0.276744,0.770770,0.037334,0.000000
1772464052.261304,4.881197,0.275593,0.744431,0.039809,0.000000
1772464052.274998,4.894891,0.274336,0.744431,0.036323,0.000000
1772464052.287422,4.907315,0.271903,0.714382,0.039038,0.000000
1772464052.300112,4.920005,0.269475,0.714382,0.036371,0.000000
1772464052.311475,4.931368,0.265884,0.680893,0.038894,0.000000
1772464052.324944,4.944838,0.262372,0.680893,0.036366,0.000000
1772464052.337403,4.957296,0.257754,0.644411,0.038470,0.000000
1772464052.350232,4.970125,0.253282,0.644411,0.036068,0.000000
1772464052.361331,4.981224,0.247914,0.609651,0.036951,0.000000
1772464052.374838,4.994731,0.241662,0.572166,0.034760,0.000000
1772464052.387347,5.007240,0.235682,0.575416,0.029980,0.000000
1772464052.400089,5.019982,0.228913,0.532956,0.028239,0.000000
1772464052.411407,5.031300,0.221783,0.502824,0.025278,0.000000
1772464052.425044,5.044937,0.214154,0.460606,0.019598,0.000000
1772464052.437704,5.057597,0.206848,0.460606,0.015958,0.000000
1772464052.450118,5.070011,0.199317,0.420085,0.015803,0.000000
1772464052.462223,5.082116,0.192153,0.420085,0.015136,0.000000
1772464052.474837,5.094730,0.184899,0.381912,0.016455,0.000000
1772464052.487677,5.107570,0.177643,0.346587,0.016684,0.000000
1772464052.500343,5.120236,0.170538,0.323491,0.016350,0.000000
1772464052.511484,5.131377,0.163536,0.294529,0.013584,0.000000
1772464052.524976,5.144869,0.156693,0.268993,0.011654,0.000000
1772464052.537330,5.157223,0.150106,0.256297,0.010603,0.000000
1772464052.549957,5.169850,0.143729,0.237423,0.008908,0.000000
1772464052.561762,5.181655,0.137667,0.237423,0.008150,0.000000
1772464052.575229,5.195122,0.131912,0.237423,0.008970,0.000000
1772464052.587517,5.207410,0.126374,0.221660,0.011373,0.000000
1772464052.600348,5.220241,0.121525,0.221660,0.078847,0.000000
1772464052.611653,5.231546,0.116430,0.208855,0.008987,0.000000
1772464052.625042,5.244935,0.111573,0.209783,0.004410,0.000000
1772464052.637445,5.257338,0.106919,0.202446,0.003354,0.000000
1772464052.649999,5.269892,0.102498,0.202446,0.003187,0.000000
1772464052.661624,5.281518,0.098277,0.197649,0.003482,0.000000
1772464052.674934,5.294827,0.094271,0.197649,0.004210,0.000000
1772464052.687612,5.307505,0.090471,0.197649,0.005547,0.000000
1772464052.700513,5.320406,0.086861,0.195323,0.007782,0.000000
1772464052.711634,5.331527,0.083511,0.208250,0.012018,0.000000
1772464052.724988,5.344881,0.080369,0.208250,0.020185,0.000000
1772464052.737601,5.357494,0.077561,0.223335,0.037278,0.000000
1772464052.750378,5.370271,0.075174,0.223335,0.080209,0.000000
1772464052.761836,5.381729,0.073911,0.223464,0.187343,0.000000
1772464052.775196,5.395089,0.078191,0.223464,0.444143,0.000000
1772464052.787353,5.407246,0.085362,0.223464,0.525270,0.000000
1772464052.800509,5.420403,0.087047,0.223464,0.376270,0.000000
1772464052.811709,5.431602,0.086395,0.223464,0.271244,0.000000
1772464052.824735,5.444628,0.084971,0.223464,0.218676,0.000000
1772464052.837581,5.457474,0.083302,0.223464,0.194244,0.000000
1772464052.850240,5.470133,0.081613,0.223464,0.185645,0.000000
1772464052.861663,5.481556,0.080030,0.223464,0.187434,0.000000
1772464052.875019,5.494912,0.078645,0.223464,0.197287,0.000000
1772464052.887322,5.507215,0.077567,0.223464,0.215618,0.000000
1772464052.899746,5.519639,0.076923,0.223464,0.242251,0.000000
1772464052.911801,5.531694,0.077042,0.226753,0.282907,0.000000
1772464052.925220,5.545114,0.077943,0.233011,0.316292,0.000000
1772464052.937683,5.557576,0.077862,0.237229,0.264122,0.000000
1772464052.950504,5.570397,0.077774,0.261201,0.239508,0.000000
1772464052.961767,5.581660,0.077038,0.272670,0.187547,0.000000
1772464052.975209,5.595102,0.076094,0.299108,0.143964,0.000000
1772464052.987693,5.607586,0.074474,0.297517,0.085311,0.000000
1772464053.000527,5.620420,0.073294,0.349406,0.065411,0.000000
1772464053.011757,5.631650,0.072013,0.354751,0.046284,0.000000
1772464053.025242,5.645135,0.071036,0.378508,0.042787,0.000000
1772464053.037677,5.657570,0.070193,0.388929,0.039099,0.000000
1772464053.050564,5.670457,0.069363,0.388929,0.036879,0.000000
1772464053.061888,5.681781,0.068687,0.398245,0.036140,0.000000
1772464053.075183,5.695076,0.068045,0.398245,0.036261,0.000000
1772464053.087530,5.707423,0.067591,0.408958,0.037017,0.000000
1772464053.100190,5.720083,0.067185,0.408958,0.038894,0.000000
1772464053.111583,5.731476,0.066844,0.408958,0.041973,0.000000
1772464053.125030,5.744923,0.066862,0.424844,0.049058,0.000000
1772464053.137335,5.757228,0.066892,0.420998,0.053752,0.000000
1772464053.150569,5.770462,0.067347,0.434282,0.066099,0.000000
1772464053.161338,5.781231,0.068364,0.448704,0.082863,0.000000
1772464053.175030,5.794923,0.070037,0.464143,0.100450,0.000000
1772464053.187922,5.807815,0.070738,0.480454,0.041857,0.000000
1772464053.200840,5.820733,0.070857,0.480454,0.011586,0.000000
1772464053.211507,5.831400,0.071186,0.497478,0.006952,0.000000
1772464053.224728,5.844621,0.071475,0.497478,0.005649,0.000000
1772464053.237264,5.857157,0.071745,0.497478,0.005433,0.000000
1772464053.250917,5.870811,0.072254,0.511173,0.005534,0.000000
1772464053.261757,5.881650,0.072757,0.511173,0.006573,0.000000
1772464053.275022,5.894915,0.073268,0.511173,0.008318,0.000000
1772464053.287661,5.907554,0.073810,0.511173,0.011244,0.000000
1772464053.299777,5.919670,0.074834,0.531397,0.016128,0.000000
1772464053.311134,5.931027,0.075996,0.531397,0.024837,0.000000
1772464053.324476,5.944369,0.077452,0.531397,0.040278,0.000000
1772464053.336995,5.956888,0.080132,0.551797,0.069858,0.000000
1772464053.349802,5.969695,0.085411,0.572125,0.132269,0.000000
1772464053.361229,5.981122,0.095314,0.572125,0.242403,0.000000
1772464053.374406,5.994299,0.108759,0.572125,0.316449,0.000000
1772464053.387085,6.006978,0.120931,0.572125,0.305999,0.000000
1772464053.399684,6.019578,0.131039,0.572125,0.279961,0.000000
1772464053.411207,6.031100,0.140174,0.572125,0.271337,0.000000
1772464053.424562,6.044456,0.150517,0.592131,0.281450,0.000000
1772464053.437325,6.057218,0.157779,0.592131,0.234345,0.000000
1772464053.449749,6.069642,0.164127,0.592131,0.223661,0.000000
1772464053.461935,6.081828,0.171219,0.601154,0.235027,0.000000
1772464053.474783,6.094676,0.186559,0.601154,0.381262,0.000000
1772464053.487170,6.107063,0.211498,0.601154,0.554517,0.000000
1772464053.499684,6.119577,0.241293,0.601154,0.685490,0.000000
1772464053.511115,6.131008,0.271323,0.601154,0.733315,0.000000
1772464053.524539,6.144432,0.299710,0.601154,0.729119,0.000000
1772464053.537240,6.157133,0.326329,0.601154,0.718934,0.000000
1772464053.549721,6.169614,0.351696,0.601154,0.721221,0.000000
1772464053.561245,6.181139,0.377273,0.607531,0.760956,0.000000
1772464053.574836,6.194729,0.393895,0.613846,0.564945,0.000000
1772464053.587177,6.207070,0.404743,0.612695,0.477497,0.000000
1772464053.599919,6.219812,0.416147,0.612217,0.496648,0.000000
1772464053.611393,6.231286,0.437065,0.618510,0.705064,0.000000
1772464053.624807,6.244700,0.446280,0.625349,0.473729,0.000000
1772464053.637112,6.257005,0.451019,0.632343,0.400577,0.000000
1772464053.649868,6.269761,0.454504,0.629006,0.387579,0.000000
1772464053.661272,6.281165,0.450207,0.643294,0.249029,0.000000
1772464053.674472,6.294365,0.444071,0.658088,0.197988,0.000000
1772464053.687333,6.307226,0.430417,0.672186,0.012108,0.000000
1772464053.700487,6.320380,0.417662,0.683889,0.006412,0.000000
1772464053.711668,6.331561,0.405663,0.688231,0.005344,0.000000
1772464053.725002,6.344895,0.394365,0.691238,0.005093,0.000000
1772464053.737589,6.357482,0.383672,0.692383,0.005048,0.000000
1772464053.750316,6.370209,0.373283,0.686007,0.005084,0.000000
1772464053.761658,6.381552,0.363200,0.679829,0.005360,0.000000
1772464053.774923,6.394816,0.353650,0.679829,0.006148,0.000000
1772464053.787389,6.407282,0.344375,0.671701,0.008516,0.000000
1772464053.800980,6.420873,0.336037,0.681397,0.012089,0.000000
1772464053.811794,6.431687,0.328136,0.673039,0.020997,0.000000
1772464053.825152,6.445045,0.320662,0.662946,0.031957,0.000000
1772464053.837394,6.457287,0.313577,0.651334,0.043985,0.000000
1772464053.850090,6.469983,0.306729,0.638467,0.053639,0.000000
1772464053.861660,6.481553,0.300008,0.624650,0.061485,0.000000
1772464053.875112,6.495005,0.293494,0.610202,0.072294,0.000000
1772464053.887576,6.507469,0.287509,0.595455,0.092749,0.000000
1772464053.900578,6.520472,0.282261,0.580730,0.119446,0.000000
1772464053.911448,6.531341,0.277862,0.570460,0.145049,0.000000
1772464053.924792,6.544685,0.271543,0.539578,0.115801,0.000000
1772464053.937237,6.557130,0.264711,0.546634,0.081706,0.000000
1772464053.949969,6.569862,0.257595,0.546634,0.059397,0.000000
1772464053.961350,6.581243,0.250329,0.526955,0.059503,0.000000
1772464053.974805,6.594698,0.242933,0.518983,0.046855,0.000000
1772464053.987731,6.607624,0.235504,0.507070,0.040614,0.000000
1772464054.000555,6.620448,0.228118,0.500549,0.031230,0.000000
1772464054.011681,6.631574,0.220595,0.483093,0.021985,0.000000
1772464054.024852,6.644745,0.213215,0.471728,0.020008,0.000000
1772464054.037189,6.657082,0.206447,0.489299,0.016322,0.000000
1772464054.050616,6.670509,0.199974,0.487032,0.016146,0.000000
1772464054.061777,6.681670,0.194042,0.500346,0.014785,0.000000
1772464054.075123,6.695016,0.188526,0.507697,0.013748,0.000000
1772464054.087234,6.707127,0.183547,0.520845,0.013834,0.000000
1772464054.100516,6.720409,0.178835,0.522728,0.012848,0.000000
1772464054.111930,6.731823,0.174414,0.527052,0.011209,0.000000
1772464054.125363,6.745256,0.170289,0.532689,0.009220,0.000000
1772464054.137489,6.757382,0.166384,0.534024,0.008551,0.000000
1772464054.150474,6.770367,0.162671,0.534020,0.008370,0.000000
1772464054.161872,6.781765,0.158758,0.514486,0.008751,0.000000
1772464054.175105,6.794998,0.155042,0.510747,0.012548,0.000000
1772464054.187458,6.807351,0.151168,0.486381,0.018439,0.000000
1772464054.200179,6.820072,0.147537,0.481091,0.026468,0.000000
1772464054.211727,6.831620,0.143912,0.463269,0.034368,0.000000
1772464054.225100,6.844993,0.140439,0.463269,0.032654,0.000000
1772464054.237250,6.857143,0.136867,0.452393,0.027203,0.000000
1772464054.250094,6.869987,0.132997,0.424563,0.023226,0.000000
1772464054.261426,6.881319,0.129107,0.411804,0.020191,0.000000
1772464054.274746,6.894639,0.124853,0.367033,0.017398,0.000000
1772464054.287172,6.907065,0.120372,0.324676,0.013299,0.000000
1772464054.300253,6.920146,0.115863,0.296978,0.009159,0.000000
1772464054.311561,6.931454,0.111298,0.255552,0.008150,0.000000
1772464054.325092,6.944985,0.106965,0.256457,0.007750,0.000000
1772464054.337434,6.957327,0.102822,0.252254,0.007586,0.000000
1772464054.350160,6.970053,0.098829,0.240757,0.009182,0.000000
1772464054.361463,6.981356,0.095024,0.235811,0.011873,0.000000
1772464054.374945,6.994838,0.091302,0.214262,0.013342,0.000000
1772464054.387299,7.007192,0.087731,0.202781,0.017658,0.000000
1772464054.400173,7.020066,0.084385,0.211015,0.018622,0.000000
1772464054.411386,7.031279,0.081188,0.206598,0.019653,0.000000
1772464054.424882,7.044775,0.078182,0.213882,0.018380,0.000000
1772464054.437335,7.057228,0.075425,0.233345,0.017165,0.000000
1772464054.449870,7.069763,0.072947,0.256001,0.018225,0.000000
1772464054.462176,7.082069,0.070771,0.279705,0.021119,0.000000
1772464054.475287,7.095180,0.068749,0.282680,0.024332,0.000000
1772464054.487997,7.107890,0.067046,0.304505,0.030357,0.000000
1772464054.500562,7.120455,0.065758,0.335035,0.035918,0.000000
1772464054.511425,7.131318,0.064857,0.355933,0.045477,0.000000
1772464054.525031,7.144924,0.064225,0.367540,0.052710,0.000000
1772464054.537433,7.157326,0.066422,0.391218,0.186854,0.000000
1772464054.549968,7.169861,0.065955,0.396430,0.042699,0.000000
1772464054.561544,7.181437,0.064901,0.378379,0.009990,0.000000
1772464054.575013,7.194906,0.063696,0.362785,0.005780,0.000000
1772464054.587320,7.207213,0.062309,0.337101,0.005138,0.000000
1772464054.600082,7.219975,0.061183,0.314901,0.048325,0.000000
1772464054.611566,7.231459,0.059722,0.281519,0.036418,0.000000
1772464054.625077,7.244970,0.057916,0.229597,0.025760,0.000000
1772464054.637342,7.257235,0.056134,0.195130,0.048544,0.000000
1772464054.650098,7.269991,0.054658,0.177378,0.102784,0.000000
1772464054.661397,7.281290,0.053260,0.174289,0.106538,0.000000
1772464054.674948,7.294842,0.051562,0.189688,0.024554,0.000000
1772464054.687365,7.307258,0.050045,0.221182,0.012614,0.000000
1772464054.700088,7.319981,0.048975,0.286561,0.008683,0.000000
1772464054.711545,7.331438,0.048558,0.342190,0.025445,0.000000
1772464054.725020,7.344913,0.048776,0.374607,0.048495,0.000000
1772464054.737334,7.357227,0.049167,0.418296,0.019025,0.000000
1772464054.750229,7.370122,0.049805,0.447533,0.008880,0.000000
1772464054.761405,7.381298,0.050864,0.480074,0.005574,0.000000
1772464054.774950,7.394843,0.051844,0.479977,0.004104,0.000000
1772464054.787655,7.407548,0.052664,0.474091,0.003157,0.000000
1772464054.800339,7.420232,0.053453,0.465300,0.012494,0.000000
1772464054.811403,7.431296,0.053716,0.439138,0.005932,0.000000
1772464054.825076,7.444969,0.053993,0.443983,0.003074,0.000000
1772464054.837403,7.457296,0.054188,0.439818,0.002310,0.000000
1772464054.850091,7.469984,0.054194,0.424580,0.003963,0.000000
1772464054.861462,7.481355,0.054380,0.433685,0.008443,0.000000
1772464054.875011,7.494905,0.054590,0.423137,0.021515,0.000000
1772464054.887478,7.507371,0.054765,0.403384,0.039442,0.000000
1772464054.900320,7.520213,0.055451,0.391618,0.086324,0.000000
1772464054.911462,7.531355,0.056501,0.408680,0.093017,0.000000
1772464054.925006,7.544899,0.056928,0.409136,0.057734,0.000000
1772464054.937458,7.557351,0.057111,0.415353,0.036459,0.000000
1772464054.950292,7.570185,0.057191,0.416330,0.028676,0.000000
1772464054.961393,7.581286,0.057304,0.425393,0.022378,0.000000
1772464054.974921,7.594814,0.057653,0.446880,0.017536,0.000000
1772464054.987654,7.607547,0.058121,0.459172,0.014134,0.000000
1772464055.000161,7.620054,0.058978,0.486454,0.011797,0.000000
1772464055.011402,7.631295,0.060635,0.532682,0.009708,0.000000
1772464055.025074,7.644967,0.062488,0.547738,0.007668,0.000000
1772464055.037415,7.657308,0.065063,0.583194,0.006674,0.000000
1772464055.050309,7.670202,0.068452,0.618667,0.006119,0.000000
1772464055.061652,7.681545,0.072708,0.652754,0.005868,0.000000
1772464055.075053,7.694946,0.077279,0.668817,0.005616,0.000000
1772464055.087217,7.707110,0.082683,0.698038,0.005886,0.000000
1772464055.100506,7.720399,0.088784,0.722143,0.006413,0.000000
1772464055.111560,7.731453,0.095348,0.739727,0.007215,0.000000
1772464055.124841,7.744734,0.102052,0.749585,0.008114,0.000000
1772464055.137442,7.757335,0.108517,0.750836,0.009011,0.000000
1772464055.150037,7.769930,0.114063,0.735811,0.010409,0.000000
1772464055.161331,7.781224,0.118487,0.714982,0.010917,0.000000
1772464055.174566,7.794459,0.122585,0.711886,0.011414,0.000000
1772464055.187162,7.807055,0.124955,0.669657,0.013216,0.000000
1772464055.199876,7.819769,0.126028,0.631988,0.015398,0.000000
1772464055.211048,7.830941,0.125609,0.580633,0.016389,0.000000
1772464055.224889,7.844782,0.124716,0.556117,0.021078,0.000000
1772464055.237200,7.857093,0.123302,0.531448,0.021095,0.000000
1772464055.249936,7.869829,0.121715,0.522873,0.018177,0.000000
1772464055.261234,7.881127,0.119908,0.515898,0.010294,0.000000
1772464055.274540,7.894433,0.118364,0.528496,0.006423,0.000000
1772464055.287051,7.906944,0.117224,0.532366,0.018099,0.000000
1772464055.299967,7.919860,0.115787,0.529391,0.004162,0.000000
1772464055.311509,7.931402,0.114647,0.542024,0.002455,0.000000
1772464055.324792,7.944685,0.115071,0.605149,0.002218,0.000000
1772464055.337315,7.957208,0.115691,0.612046,0.003260,0.000000
1772464055.349974,7.969867,0.116786,0.628321,0.004573,0.000000
1772464055.361519,7.981412,0.118785,0.655333,0.008169,0.000000
1772464055.374878,7.994771,0.121894,0.681941,0.016092,0.000000
1772464055.387199,8.007092,0.127625,0.735404,0.030230,0.000000
1772464055.399907,8.019800,0.133668,0.738264,0.040382,0.000000
1772464055.411171,8.031065,0.141773,0.810600,0.015902,0.000000
1772464055.425113,8.045006,0.149945,0.826978,0.008498,0.000000
1772464055.437326,8.057219,0.158052,0.835882,0.006041,0.000000
1772464055.450035,8.069928,0.165719,0.837864,0.003416,0.000000
1772464055.462001,8.081894,0.173283,0.843593,0.002879,0.000000
1772464055.474561,8.094455,0.177690,0.788758,0.003530,0.000000
1772464055.487600,8.107493,0.179665,0.732206,0.011379,0.000000
1772464055.500663,8.120556,0.179689,0.685893,0.011025,0.000000
1772464055.511543,8.131436,0.177250,0.610667,0.010727,0.000000
1772464055.524729,8.144623,0.173344,0.538160,0.020469,0.000000
1772464055.537385,8.157278,0.173218,0.516956,0.167088,0.000000
1772464055.549680,8.169573,0.169610,0.548034,0.014847,0.000000
1772464055.561631,8.181524,0.169275,0.672440,0.000209,0.000000
1772464055.574746,8.194639,0.175732,0.828410,0.000624,0.000000
1772464055.587493,8.207386,0.185334,0.889649,0.001993,0.000000
1772464055.600492,8.220386,0.194934,0.894749,0.005085,0.000000
1772464055.611612,8.231505,0.200049,0.820038,0.007848,0.000000
1772464055.625007,8.244900,0.195771,0.581484,0.009377,0.000000
1772464055.637387,8.257280,0.189378,0.398696,0.077453,0.000000
1772464055.650002,8.269895,0.181423,0.306506,0.000207,0.000000
1772464055.661847,8.281740,0.173470,0.244364,0.000114,0.000000
1772464055.675256,8.295149,0.165792,0.220424,0.000196,0.000000
1772464055.687357,8.307250,0.158531,0.226978,0.000532,0.000000
1772464055.700668,8.320561,0.151957,0.270361,0.013065,0.000000
1772464055.711556,8.331449,0.146373,0.363111,0.002704,0.000000
1772464055.724832,8.344725,0.141359,0.389062,0.005009,0.000000
1772464055.737367,8.357260,0.137312,0.442035,0.009150,0.000000
1772464055.750844,8.370738,0.134201,0.484230,0.013521,0.000000
1772464055.761276,8.381169,0.131417,0.494452,0.013054,0.000000
1772464055.774545,8.394438,0.129230,0.512659,0.018867,0.000000
1772464055.787463,8.407356,0.127664,0.520803,0.035048,0.000000
1772464055.800585,8.420478,0.126630,0.524220,0.051419,0.000000
1772464055.811677,8.431571,0.125716,0.536900,0.041551,0.000000
1772464055.824919,8.444812,0.125448,0.540085,0.062100,0.000000
1772464055.837233,8.457126,0.125934,0.547690,0.081114,0.000000
1772464055.850006,8.469899,0.125476,0.547690,0.047624,0.000000
1772464055.861358,8.481251,0.125180,0.571775,0.028923,0.000000
1772464055.875142,8.495035,0.124389,0.572033,0.008498,0.000000
1772464055.887282,8.507175,0.123678,0.577274,0.004924,0.000000
1772464055.899928,8.519821,0.123036,0.579629,0.003917,0.000000
1772464055.911365,8.531258,0.122348,0.576833,0.003542,0.000000
1772464055.924667,8.544560,0.121263,0.558462,0.003528,0.000000
1772464055.937296,8.557189,0.119804,0.538444,0.003851,0.000000
1772464055.950015,8.569908,0.117587,0.494473,0.004443,0.000000
1772464055.961404,8.581297,0.115027,0.466555,0.004697,0.000000
1772464055.974780,8.594673,0.111668,0.397347,0.004479,0.000000
1772464055.987365,8.607258,0.108011,0.353133,0.003509,0.000000
1772464056.000261,8.620154,0.104259,0.321750,0.002521,0.000000
1772464056.011303,8.631196,0.100599,0.310304,0.001662,0.000000
1772464056.024836,8.644729,0.097113,0.309508,0.001179,0.000000
1772464056.037345,8.657238,0.093945,0.328034,0.001126,0.000000
1772464056.049949,8.669842,0.091338,0.372405,0.001200,0.000000
1772464056.061338,8.681231,0.089704,0.442945,0.001958,0.000000
1772464056.074680,8.694573,0.089408,0.518184,0.003367,0.000000
1772464056.087376,8.707269,0.091413,0.612465,0.006479,0.000000
1772464056.099936,8.719829,0.094479,0.648111,0.009224,0.000000
1772464056.111346,8.731239,0.098295,0.672795,0.011220,0.000000
1772464056.124917,8.744810,0.100476,0.624825,0.015276,0.000000
1772464056.137333,8.757226,0.101222,0.567897,0.024753,0.000000
1772464056.150077,8.769970,0.101907,0.516208,0.075494,0.000000
1772464056.161379,8.781272,0.102770,0.487473,0.112473,0.000000
1772464056.174937,8.794830,0.102107,0.497298,0.038767,0.000000
1772464056.187448,8.807341,0.102384,0.548909,0.028081,0.000000
1772464056.199955,8.819848,0.105335,0.657682,0.012763,0.000000
1772464056.211433,8.831326,0.109659,0.703133,0.009204,0.000000
1772464056.224900,8.844793,0.115925,0.754872,0.009060,0.000000
1772464056.237195,8.857088,0.125296,0.823651,0.010055,0.000000
1772464056.250149,8.870043,0.135385,0.846420,0.009294,0.000000
1772464056.261326,8.881219,0.146688,0.877759,0.008419,0.000000
1772464056.274977,8.894870,0.158558,0.897882,0.007682,0.000000
1772464056.287528,8.907421,0.170375,0.907920,0.006720,0.000000
1772464056.300318,8.920211,0.182268,0.909734,0.016006,0.000000
1772464056.311317,8.931210,0.193335,0.916448,0.005472,0.000000
1772464056.324992,8.944885,0.203814,0.917237,0.004089,0.000000
1772464056.337342,8.957235,0.213948,0.920653,0.003650,0.000000
1772464056.350327,8.970221,0.223323,0.915350,0.004761,0.000000
1772464056.361314,8.981207,0.232629,0.919560,0.007191,0.000000
1772464056.374955,8.994848,0.241856,0.921038,0.012078,0.000000
1772464056.387379,9.007272,0.250502,0.912727,0.018419,0.000000
1772464056.400299,9.020192,0.257724,0.887295,0.027391,0.000000
1772464056.411395,9.031288,0.263783,0.866303,0.034864,0.000000
1772464056.425154,9.045047,0.267132,0.825126,0.033920,0.000000
1772464056.437571,9.057464,0.266465,0.762995,0.021312,0.000000
1772464056.449564,9.069457,0.264152,0.723882,0.023220,0.000000
1772464056.462157,9.082051,0.259965,0.688429,0.008866,0.000000
1772464056.474990,9.094883,0.254217,0.639766,0.005349,0.000000
1772464056.487888,9.107781,0.248752,0.634071,0.010943,0.000000
1772464056.500538,9.120431,0.243147,0.613722,0.017583,0.000000
1772464056.511553,9.131446,0.238354,0.618302,0.030493,0.000000
1772464056.525234,9.145127,0.234200,0.616061,0.045185,0.000000
1772464056.537393,9.157286,0.231291,0.616403,0.074886,0.000000
1772464056.550077,9.169971,0.229798,0.621940,0.102582,0.000000
1772464056.561498,9.181391,0.226798,0.629388,0.053189,0.000000
1772464056.574956,9.194849,0.223397,0.627254,0.039304,0.000000
1772464056.587343,9.207237,0.219125,0.614219,0.019290,0.000000
1772464056.600039,9.219932,0.214314,0.605514,0.001459,0.000000
1772464056.611292,9.231185,0.209338,0.590115,0.001350,0.000000
1772464056.624862,9.244755,0.204504,0.582510,0.004708,0.000000
1772464056.637232,9.257125,0.199909,0.575209,0.011915,0.000000
1772464056.649921,9.269814,0.196631,0.577223,0.050149,0.000000
1772464056.661348,9.281241,0.196396,0.569836,0.142659,0.000000
1772464056.674738,9.294631,0.193945,0.577241,0.071707,0.000000
1772464056.687274,9.307167,0.190930,0.586893,0.039273,0.000000
1772464056.700096,9.319989,0.187961,0.591415,0.031138,0.000000
1772464056.711305,9.331198,0.184544,0.576386,0.024398,0.000000
1772464056.724837,9.344730,0.181937,0.587464,0.036566,0.000000
1772464056.737499,9.357392,0.180298,0.601183,0.050578,0.000000
1772464056.750255,9.370148,0.179960,0.616854,0.070987,0.000000
1772464056.761400,9.381293,0.181174,0.627351,0.100641,0.000000
1772464056.775018,9.394912,0.184663,0.641751,0.139541,0.000000
1772464056.787372,9.407265,0.193696,0.679421,0.210128,0.000000
1772464056.800225,9.420118,0.211870,0.708326,0.337613,0.000000
1772464056.811266,9.431159,0.221131,0.753806,0.162664,0.000000
1772464056.824765,9.444659,0.228758,0.790152,0.106545,0.000000
1772464056.837228,9.457121,0.235915,0.805719,0.089467,0.000000
1772464056.850348,9.470241,0.239845,0.800960,0.043225,0.000000
1772464056.861261,9.481154,0.240905,0.764714,0.027171,0.000000
1772464056.874505,9.494398,0.241565,0.743294,0.041348,0.000000
1772464056.886902,9.506795,0.239488,0.690891,0.031870,0.000000
1772464056.899453,9.519346,0.236161,0.665114,0.021925,0.000000
1772464056.911101,9.530994,0.231150,0.611648,0.018478,0.000000
1772464056.924146,9.544039,0.224701,0.555025,0.010290,0.000000
1772464056.937027,9.556920,0.218470,0.554113,0.006618,0.000000
1772464056.949769,9.569662,0.211016,0.474412,0.006350,0.000000
1772464056.961199,9.581092,0.203556,0.448938,0.007126,0.000000
1772464056.974296,9.594189,0.196219,0.429225,0.008873,0.000000
1772464056.986907,9.606800,0.189462,0.443082,0.010428,0.000000
1772464056.999818,9.619711,0.182867,0.424408,0.016472,0.000000
1772464057.011273,9.631166,0.176986,0.451694,0.015868,0.000000
1772464057.024302,9.644195,0.171204,0.427300,0.027101,0.000000
1772464057.036966,9.656859,0.166088,0.453362,0.025838,0.000000
1772464057.049769,9.669662,0.161348,0.468074,0.018552,0.000000
1772464057.061179,9.681072,0.156686,0.456925,0.019845,0.000000
1772464057.074306,9.694199,0.152547,0.474814,0.019533,0.000000
1772464057.086837,9.706730,0.149081,0.499872,0.020277,0.000000
1772464057.099801,9.719694,0.145615,0.485015,0.025854,0.000000
1772464057.111142,9.731035,0.142273,0.471603,0.036611,0.000000
1772464057.124112,9.744005,0.139359,0.461955,0.060186,0.000000
1772464057.136713,9.756606,0.137543,0.463557,0.103661,0.000000
1772464057.149566,9.769459,0.142626,0.469934,0.298657,0.000000
1772464057.161223,9.781116,0.175976,0.470901,0.818592,0.000000
1772464057.174177,9.794070,0.185756,0.454734,0.440188,0.000000
1772464057.186739,9.806632,0.181464,0.454407,0.105932,0.000000
1772464057.199422,9.819315,0.176219,0.441113,0.060884,0.000000
1772464057.211153,9.831046,0.170741,0.435553,0.036614,0.000000
1772464057.224257,9.844151,0.165396,0.428747,0.034188,0.000000
1772464057.236795,9.856688,0.160122,0.407405,0.041992,0.000000
1772464057.249539,9.869432,0.155011,0.404543,0.037589,0.000000
1772464057.261156,9.881049,0.150052,0.397661,0.036722,0.000000
1772464057.274167,9.894060,0.145274,0.391774,0.037481,0.000000
1772464057.286882,9.906775,0.140835,0.400375,0.036560,0.000000
1772464057.299506,9.919399,0.136504,0.401279,0.026952,0.000000
1772464057.311149,9.931042,0.132195,0.389147,0.023296,0.000000
1772464057.324134,9.944027,0.128124,0.387674,0.026651,0.000000
1772464057.336837,9.956730,0.124190,0.377495,0.031275,0.000000
1772464057.349746,9.969639,0.120303,0.360448,0.035201,0.000000
1772464057.361288,9.981181,0.116575,0.365694,0.026763,0.000000
1772464057.374327,9.994220,0.112870,0.347629,0.029226,0.000000
1772464057.386940,10.006834,0.109221,0.341504,0.022377,0.000000
1772464057.399523,10.019417,0.105714,0.340803,0.018652,0.000000
1772464057.411138,10.031031,0.102316,0.334583,0.017799,0.000000
1772464057.424235,10.044128,0.099069,0.333964,0.016327,0.000000
1772464057.436918,10.056811,0.096076,0.343932,0.016268,0.000000
1772464057.449450,10.069344,0.093336,0.351843,0.019136,0.000000
1772464057.461830,10.081723,0.090652,0.338241,0.024333,0.000000
1772464057.474495,10.094388,0.088098,0.333923,0.028201,0.000000
1772464057.487186,10.107079,0.085654,0.328575,0.031739,0.000000
1772464057.499423,10.119316,0.083211,0.314078,0.032876,0.000000
1772464057.511757,10.131650,0.080739,0.293862,0.035382,0.000000
1772464057.524442,10.144336,0.078190,0.274941,0.028248,0.000000
1772464057.537172,10.157065,0.075636,0.263847,0.020080,0.000000
1772464057.549868,10.169761,0.073026,0.236798,0.017232,0.000000
1772464057.561338,10.181231,0.070560,0.243579,0.012837,0.000000
1772464057.574492,10.194385,0.068102,0.223957,0.011422,0.000000
1772464057.587310,10.207203,0.065726,0.216942,0.010645,0.000000
1772464057.599978,10.219871,0.063437,0.210912,0.010156,0.000000
1772464057.611343,10.231236,0.061232,0.204957,0.009788,0.000000
1772464057.624751,10.244644,0.059113,0.200066,0.009534,0.000000
1772464057.637328,10.257221,0.057074,0.195586,0.008162,0.000000
1772464057.649955,10.269848,0.055123,0.192475,0.008386,0.000000
1772464057.661366,10.281259,0.053361,0.211665,0.008721,0.000000
1772464057.674603,10.294496,0.051678,0.209448,0.009177,0.000000
1772464057.687265,10.307158,0.050054,0.204242,0.009097,0.000000
1772464057.700261,10.320154,0.048538,0.209281,0.009637,0.000000
1772464057.711375,10.331269,0.047075,0.203783,0.010376,0.000000
1772464057.724679,10.344572,0.045633,0.190583,0.012145,0.000000
1772464057.737525,10.357418,0.044270,0.190583,0.013698,0.000000
1772464057.750235,10.370128,0.042945,0.180551,0.017002,0.000000
1772464057.761364,10.381257,0.041686,0.174527,0.022868,0.000000
1772464057.774669,10.394562,0.040514,0.179139,0.023943,0.000000
1772464057.787254,10.407147,0.039416,0.181354,0.024841,0.000000
1772464057.800045,10.419939,0.038405,0.186357,0.027016,0.000000
1772464057.811351,10.431244,0.037442,0.186357,0.026336,0.000000
1772464057.824667,10.444560,0.036589,0.198129,0.027297,0.000000
1772464057.837123,10.457016,0.035815,0.203921,0.028793,0.000000
1772464057.850727,10.470620,0.035121,0.213496,0.027064,0.000000
1772464057.861959,10.481852,0.034517,0.224554,0.025977,0.000000
1772464057.875201,10.495094,0.034013,0.237097,0.025463,0.000000
1772464057.887241,10.507134,0.033622,0.251113,0.025727,0.000000
1772464057.899718,10.519611,0.033253,0.251113,0.026153,0.000000
1772464057.911294,10.531187,0.032915,0.251113,0.028107,0.000000
1772464057.924559,10.544452,0.032766,0.271506,0.032797,0.000000
1772464057.937106,10.556999,0.032648,0.271506,0.036135,0.000000
1772464057.949967,10.569860,0.032770,0.294195,0.042948,0.000000
1772464057.961205,10.581099,0.032921,0.294195,0.047024,0.000000
1772464057.974588,10.594481,0.033117,0.294195,0.053083,0.000000
1772464057.987115,10.607008,0.033387,0.294195,0.062373,0.000000
1772464058.000123,10.620016,0.033776,0.294195,0.076156,0.000000
1772464058.011292,10.631186,0.034357,0.294195,0.096604,0.000000
1772464058.024713,10.644606,0.035242,0.294195,0.125421,0.000000
1772464058.037127,10.657021,0.036648,0.294195,0.167156,0.000000
1772464058.049940,10.669833,0.038952,0.294195,0.224619,0.000000
1772464058.061284,10.681177,0.043533,0.311924,0.308909,0.000000
1772464058.075145,10.695038,0.049143,0.311924,0.349990,0.000000
1772464058.087600,10.707493,0.055649,0.318601,0.377125,0.000000
1772464058.100450,10.720343,0.060796,0.321872,0.344390,0.000000
1772464058.111497,10.731390,0.064706,0.330792,0.304474,0.000000
1772464058.124890,10.744783,0.066840,0.336707,0.239764,0.000000
1772464058.137408,10.757301,0.068119,0.344030,0.199045,0.000000
1772464058.150304,10.770197,0.069247,0.366541,0.172420,0.000000
1772464058.161473,10.781366,0.069812,0.374563,0.138444,0.000000
1772464058.174981,10.794874,0.070111,0.370855,0.128936,0.000000
1772464058.187766,10.807659,0.070679,0.383708,0.131804,0.000000
1772464058.199916,10.819809,0.071164,0.379863,0.132711,0.000000
1772464058.211178,10.831071,0.072212,0.405435,0.136971,0.000000
1772464058.224636,10.844529,0.073918,0.429017,0.145223,0.000000
1772464058.237331,10.857224,0.075770,0.439599,0.144198,0.000000
1772464058.250354,10.870247,0.076991,0.436184,0.124793,0.000000
1772464058.261636,10.881529,0.079659,0.457435,0.162975,0.000000
1772464058.275252,10.895145,0.080964,0.457435,0.115614,0.000000
1772464058.287681,10.907574,0.082690,0.466980,0.125830,0.000000
1772464058.300710,10.920603,0.084486,0.474352,0.124529,0.000000
1772464058.311738,10.931631,0.086134,0.479481,0.117167,0.000000
1772464058.325101,10.944994,0.087571,0.480193,0.111424,0.000000
1772464058.337305,10.957198,0.088705,0.480930,0.101402,0.000000
1772464058.350139,10.970032,0.088029,0.480930,0.017197,0.000000
1772464058.361724,10.981617,0.087143,0.481886,0.001714,0.000000
1772464058.375246,10.995139,0.086256,0.476661,0.004114,0.000000
1772464058.387244,11.007137,0.086082,0.476661,0.042328,0.000000
1772464058.400678,11.020571,0.087875,0.472101,0.133051,0.000000
1772464058.411806,11.031699,0.089381,0.474302,0.123390,0.000000
1772464058.425097,11.044990,0.088904,0.468455,0.042673,0.000000
1772464058.437397,11.057290,0.087895,0.460901,0.017766,0.000000
1772464058.450612,11.070505,0.086754,0.453931,0.013117,0.000000
1772464058.462735,11.082628,0.085484,0.445579,0.008869,0.000000
1772464058.475081,11.094975,0.084295,0.445722,0.009907,0.000000
1772464058.486493,11.106386,0.083183,0.445722,0.011155,0.000000
1772464058.500375,11.120268,0.082005,0.437143,0.011186,0.000000
1772464058.512386,11.132279,0.080923,0.437143,0.013866,0.000000
1772464058.525162,11.145055,0.079956,0.437143,0.018119,0.000000
1772464058.537177,11.157070,0.078949,0.428351,0.020629,0.000000
1772464058.550230,11.170123,0.078079,0.428351,0.026819,0.000000
1772464058.561189,11.181082,0.077842,0.456755,0.035930,0.000000
1772464058.574333,11.194226,0.077900,0.456755,0.052023,0.000000
1772464058.587150,11.207043,0.078121,0.450552,0.067247,0.000000
1772464058.599734,11.219627,0.078220,0.419463,0.092311,0.000000
1772464058.611263,11.231156,0.079083,0.441712,0.108616,0.000000
1772464058.624529,11.244422,0.080199,0.444205,0.119409,0.000000
1772464058.637049,11.256942,0.081644,0.437735,0.142270,0.000000
1772464058.649790,11.269683,0.082142,0.379531,0.161653,0.000000
1772464058.661261,11.281154,0.084182,0.403352,0.203669,0.000000
1772464058.674577,11.294470,0.086294,0.394172,0.219234,0.000000
1772464058.687119,11.307012,0.087680,0.403352,0.186586,0.000000
1772464058.699775,11.319668,0.089553,0.396116,0.214953,0.000000
1772464058.711233,11.331126,0.091559,0.385929,0.233287,0.000000
1772464058.724450,11.344343,0.092152,0.377673,0.190378,0.000000
1772464058.737042,11.356935,0.092026,0.377673,0.158722,0.000000
1772464058.750344,11.370237,0.091673,0.377673,0.146953,0.000000
1772464058.761563,11.381456,0.091128,0.369359,0.144297,0.000000
1772464058.774799,11.394692,0.089786,0.335221,0.129185,0.000000
1772464058.787282,11.407175,0.088422,0.335221,0.123142,0.000000
1772464058.800100,11.419993,0.087176,0.335221,0.126621,0.000000
1772464058.811556,11.431449,0.086020,0.327447,0.136139,0.000000
1772464058.824854,11.444747,0.084591,0.327447,0.112988,0.000000
1772464058.837283,11.457176,0.082269,0.327447,0.027071,0.000000
1772464058.850237,11.470130,0.079877,0.319774,0.013544,0.000000
1772464058.861504,11.481397,0.077577,0.319774,0.010075,0.000000
1772464058.874755,11.494648,0.075380,0.319774,0.008622,0.000000
1772464058.887605,11.507498,0.073288,0.319774,0.008107,0.000000
1772464058.900110,11.520003,0.071302,0.319774,0.008159,0.000000
1772464058.911433,11.531326,0.069419,0.319774,0.008651,0.000000
1772464058.924754,11.544647,0.067637,0.319774,0.009543,0.000000
1772464058.937217,11.557111,0.065956,0.319774,0.010931,0.000000
1772464058.949746,11.569639,0.064375,0.319774,0.012938,0.000000
1772464058.961274,11.581167,0.062897,0.319774,0.015758,0.000000
1772464058.974816,11.594709,0.061526,0.319774,0.019688,0.000000
1772464058.987275,11.607168,0.060198,0.312176,0.024317,0.000000
1772464059.000296,11.620189,0.058876,0.294972,0.034094,0.000000
1772464059.011344,11.631238,0.057722,0.294972,0.046345,0.000000
1772464059.024589,11.644482,0.056765,0.294972,0.061970,0.000000
1772464059.036998,11.656891,0.056065,0.294972,0.083368,0.000000
1772464059.049770,11.669663,0.055729,0.294972,0.113353,0.000000
1772464059.061159,11.681052,0.055945,0.294972,0.154900,0.000000
1772464059.074409,11.694302,0.056993,0.294972,0.207967,0.000000
1772464059.087156,11.707049,0.059287,0.303608,0.263266,0.000000
1772464059.099842,11.719735,0.066493,0.294972,0.432008,0.000000
1772464059.111424,11.731317,0.073978,0.298509,0.443886,0.000000
1772464059.124779,11.744672,0.085394,0.302090,0.530642,0.000000
1772464059.137136,11.757030,0.108516,0.305690,0.732682,0.000000
1772464059.150455,11.770349,0.140763,0.297209,0.926221,0.000000
1772464059.161191,11.781085,0.146088,0.297209,0.480130,0.000000
1772464059.174841,11.794734,0.145596,0.277683,0.352965,0.000000
1772464059.187263,11.807156,0.146658,0.242240,0.436116,0.000000
1772464059.200037,11.819930,0.140417,0.200563,0.039140,0.000000
1772464059.211350,11.831243,0.134307,0.189403,0.013126,0.000000
1772464059.224834,11.844727,0.128496,0.189506,0.011586,0.000000
1772464059.237623,11.857516,0.122976,0.190609,0.010581,0.000000
1772464059.250280,11.870173,0.117747,0.195277,0.009312,0.000000
1772464059.261641,11.881534,0.112776,0.193544,0.010446,0.000000
1772464059.275075,11.894969,0.108054,0.193544,0.010374,0.000000
1772464059.287761,11.907654,0.103571,0.193544,0.011011,0.000000
1772464059.300558,11.920451,0.099300,0.187696,0.014088,0.000000
1772464059.311678,11.931571,0.095244,0.187696,0.014506,0.000000
1772464059.325197,11.945091,0.091397,0.187696,0.015954,0.000000
1772464059.337152,11.957045,0.087756,0.187696,0.018774,0.000000
1772464059.349842,11.969735,0.084317,0.187696,0.023255,0.000000
1772464059.361431,11.981324,0.081072,0.183050,0.032563,0.000000
1772464059.375095,11.994988,0.078006,0.183050,0.036018,0.000000
1772464059.396328,12.016221,0.075126,0.183050,0.042620,0.000000
1772464059.401160,12.021054,0.072451,0.183050,0.054602,0.000000
1772464059.412192,12.032085,0.070003,0.183050,0.071423,0.000000
1772464059.425750,12.045643,0.067853,0.179687,0.103428,0.000000
1772464059.438324,12.058217,0.065827,0.179687,0.106011,0.000000
1772464059.451078,12.070971,0.064038,0.176587,0.128421,0.000000
1772464059.461880,12.081773,0.062263,0.176587,0.117921,0.000000
1772464059.476134,12.096027,0.060565,0.176587,0.116301,0.000000
1772464059.488409,12.108302,0.059092,0.174517,0.137641,0.000000
1772464059.501384,12.121277,0.057625,0.174517,0.128576,0.000000
1772464059.512053,12.131946,0.056364,0.170070,0.150620,0.000000
1772464059.525514,12.145407,0.055152,0.165192,0.153666,0.000000
1772464059.538437,12.158330,0.053718,0.162831,0.116195,0.000000
1772464059.551101,12.170994,0.052363,0.159124,0.121157,0.000000
1772464059.562237,12.182130,0.050795,0.157794,0.073779,0.000000
1772464059.575778,12.195671,0.049173,0.158096,0.046016,0.000000
1772464059.588202,12.208095,0.047595,0.159734,0.035912,0.000000
1772464059.601857,12.221750,0.046079,0.162380,0.029499,0.000000
1772464059.612186,12.232079,0.044638,0.166058,0.025487,0.000000
1772464059.625645,12.245538,0.043285,0.170811,0.024507,0.000000
1772464059.638527,12.258420,0.042006,0.176735,0.020162,0.000000
1772464059.651314,12.271207,0.040806,0.183799,0.016453,0.000000
1772464059.662329,12.282223,0.039734,0.201520,0.013437,0.000000
1772464059.675431,12.295325,0.038738,0.209562,0.010246,0.000000
1772464059.689075,12.308968,0.037795,0.212342,0.007946,0.000000
1772464059.700872,12.320765,0.037051,0.242448,0.007114,0.000000
1772464059.712622,12.332515,0.036820,0.305317,0.015473,0.000000
1772464059.725473,12.345366,0.037161,0.372792,0.009750,0.000000
1772464059.738438,12.358331,0.038004,0.422704,0.004730,0.000000
1772464059.751171,12.371064,0.038735,0.412319,0.009624,0.000000
1772464059.763340,12.383233,0.039379,0.367203,0.050577,0.000000
1772464059.775415,12.395308,0.039410,0.336572,0.027812,0.000000
1772464059.788510,12.408403,0.039192,0.322465,0.014535,0.000000
1772464059.800830,12.420723,0.038843,0.309810,0.009587,0.000000
1772464059.812845,12.432738,0.038469,0.304140,0.009818,0.000000
1772464059.825636,12.445529,0.038143,0.304140,0.013648,0.000000
1772464059.837319,12.457212,0.037879,0.304140,0.019451,0.000000
1772464059.850379,12.470272,0.037695,0.304140,0.027705,0.000000
1772464059.862789,12.482682,0.037430,0.294292,0.026384,0.000000
1772464059.875941,12.495834,0.037031,0.270169,0.030766,0.000000
1772464059.887800,12.507693,0.036972,0.272038,0.069559,0.000000
1772464059.900304,12.520197,0.036496,0.256665,0.029838,0.000000
1772464059.912694,12.532588,0.036006,0.265335,0.015471,0.000000
1772464059.925201,12.545094,0.035440,0.261891,0.002801,0.000000
1772464059.938140,12.558033,0.034996,0.277748,0.001919,0.000000
1772464059.950499,12.570392,0.034751,0.303648,0.001887,0.000000
1772464059.962853,12.582746,0.034742,0.331775,0.002225,0.000000
1772464059.975761,12.595654,0.034940,0.354778,0.002774,0.000000
1772464059.987638,12.607531,0.035335,0.374656,0.004074,0.000000
1772464060.000829,12.620722,0.035808,0.382103,0.005933,0.000000
1772464060.013283,12.633176,0.036270,0.375099,0.014073,0.000000
1772464060.025680,12.645573,0.036679,0.370745,0.015693,0.000000
1772464060.038111,12.658005,0.037009,0.326456,0.054382,0.000000
1772464060.051022,12.670915,0.037088,0.275063,0.081847,0.000000
1772464060.063183,12.683076,0.037596,0.252799,0.146419,0.000000
1772464060.075680,12.695573,0.037093,0.241639,0.045509,0.000000
1772464060.090652,12.710545,0.036538,0.222937,0.052323,0.000000
1772464060.102765,12.722658,0.036183,0.227653,0.073257,0.000000
1772464060.114979,12.734872,0.036071,0.237978,0.092335,0.000000
1772464060.126852,12.746745,0.036589,0.256141,0.139336,0.000000
1772464060.141150,12.761043,0.040488,0.251341,0.339681,0.000000
1772464060.151572,12.771465,0.042053,0.291593,0.196517,0.000000
1772464060.163159,12.783052,0.045790,0.286001,0.309379,0.000000
1772464060.175900,12.795793,0.057075,0.329097,0.473488,0.000000
1772464060.188111,12.808004,0.056021,0.332980,0.009386,0.000000
1772464060.201116,12.821009,0.055073,0.343402,0.005213,0.000000
1772464060.212603,12.832496,0.054169,0.343402,0.004710,0.000000
1772464060.225357,12.845250,0.053281,0.339955,0.004890,0.000000
1772464060.238253,12.858146,0.052413,0.335486,0.006551,0.000000
1772464060.250916,12.870809,0.051599,0.332903,0.010321,0.000000
1772464060.263566,12.883459,0.050911,0.334636,0.018218,0.000000
1772464060.275131,12.895025,0.050480,0.337427,0.038567,0.000000
1772464060.287276,12.907169,0.050305,0.339750,0.058262,0.000000
1772464060.301649,12.921542,0.050336,0.347089,0.067879,0.000000
1772464060.315270,12.935163,0.050247,0.347288,0.057666,0.000000
1772464060.326980,12.946873,0.049967,0.343803,0.043557,0.000000
1772464060.338856,12.958749,0.049564,0.340698,0.033364,0.000000
1772464060.351198,12.971091,0.049086,0.336707,0.027681,0.000000
1772464060.364370,12.984263,0.048561,0.331857,0.025066,0.000000
1772464060.378738,12.998631,0.047947,0.319728,0.024414,0.000000
1772464060.390965,13.010858,0.047369,0.319728,0.024944,0.000000
1772464060.404420,13.024313,0.046771,0.312554,0.026463,0.000000
1772464060.417874,13.037767,0.046152,0.304731,0.028289,0.000000
1772464060.431205,13.051098,0.045508,0.296340,0.029888,0.000000
1772464060.438921,13.058814,0.044835,0.287477,0.030824,0.000000
1772464060.453206,13.073099,0.044050,0.268756,0.030101,0.000000
1772464060.467217,13.087110,0.043214,0.259126,0.026348,0.000000
1772464060.476695,13.096588,0.042280,0.239918,0.023648,0.000000
1772464060.489332,13.109225,0.041150,0.199892,0.018315,0.000000
1772464060.501687,13.121580,0.039917,0.169529,0.012937,0.000000
1772464060.512948,13.132841,0.038653,0.148268,0.009897,0.000000
1772464060.525397,13.145290,0.037399,0.133992,0.008681,0.000000
1772464060.537539,13.157432,0.036184,0.126942,0.008547,0.000000
1772464060.550043,13.169936,0.035017,0.123153,0.008398,0.000000
1772464060.561850,13.181743,0.033919,0.123819,0.011180,0.000000
1772464060.574953,13.194846,0.032899,0.128632,0.013378,0.000000
1772464060.587223,13.207116,0.031937,0.128011,0.016132,0.000000
1772464060.599904,13.219797,0.031066,0.137474,0.018993,0.000000
1772464060.612648,13.232541,0.030340,0.160220,0.022859,0.000000
1772464060.624586,13.244479,0.029861,0.202685,0.026531,0.000000
1772464060.637500,13.257393,0.029437,0.210093,0.025138,0.000000
1772464060.649065,13.268958,0.029138,0.231475,0.022706,0.000000
1772464060.662436,13.282329,0.029047,0.264404,0.021099,0.000000
1772464060.674797,13.294690,0.029256,0.302229,0.023704,0.000000
1772464060.686998,13.306891,0.029928,0.349307,0.028684,0.000000
1772464060.699923,13.319816,0.031079,0.387457,0.035743,0.000000
1772464060.712539,13.332432,0.033023,0.446001,0.036531,0.000000
1772464060.725074,13.344967,0.035211,0.462921,0.039705,0.000000
1772464060.737332,13.357225,0.038064,0.479482,0.063287,0.000000
1772464060.749850,13.369743,0.041607,0.469188,0.110449,0.000000
1772464060.762179,13.382072,0.049141,0.490570,0.222386,0.000000
1772464060.774510,13.394403,0.060523,0.460145,0.347763,0.000000
1772464060.786752,13.406646,0.069433,0.439359,0.328703,0.000000
1772464060.799910,13.419803,0.071298,0.389328,0.185727,0.000000
1772464060.812201,13.432094,0.070255,0.361891,0.051047,0.000000
1772464060.824235,13.444129,0.068538,0.327810,0.014266,0.000000
1772464060.837085,13.456978,0.066394,0.267299,0.005344,0.000000
1772464060.849267,13.469160,0.064077,0.218473,0.003727,0.000000
1772464060.862375,13.482268,0.061718,0.183547,0.003622,0.000000
1772464060.874811,13.494704,0.059399,0.164016,0.003577,0.000000
1772464060.887337,13.507230,0.057127,0.144928,0.003552,0.000000
1772464060.899461,13.519354,0.055000,0.129639,0.027848,0.000000
1772464060.911819,13.531712,0.052867,0.117265,0.006309,0.000000
1772464060.924554,13.544447,0.050857,0.125305,0.003236,0.000000
1772464060.937510,13.557403,0.048955,0.127928,0.003265,0.000000
1772464060.950249,13.570142,0.047220,0.149286,0.003533,0.000000
1772464060.961718,13.581611,0.045660,0.170405,0.006049,0.000000
1772464060.974552,13.594445,0.044277,0.186912,0.013173,0.000000
1772464060.987468,13.607361,0.043179,0.215578,0.028532,0.000000
1772464061.000034,13.619927,0.042494,0.246858,0.054250,0.000000
1772464061.011489,13.631382,0.041925,0.269334,0.043007,0.000000
1772464061.024467,13.644360,0.041261,0.267939,0.027310,0.000000
1772464061.037297,13.657191,0.040687,0.281691,0.021630,0.000000
1772464061.050054,13.669947,0.040427,0.318889,0.020601,0.000000
1772464061.061610,13.681503,0.040473,0.353201,0.018127,0.000000
1772464061.074653,13.694546,0.041145,0.410907,0.016041,0.000000
1772464061.087290,13.707183,0.042488,0.461638,0.014861,0.000000
1772464061.100165,13.720058,0.044768,0.518514,0.014023,0.000000
1772464061.111437,13.731330,0.047533,0.545362,0.015328,0.000000
1772464061.124802,13.744695,0.051621,0.601316,0.017248,0.000000
1772464061.137436,13.757329,0.056085,0.602760,0.035692,0.000000
1772464061.150099,13.769992,0.061637,0.605590,0.073166,0.000000
1772464061.161403,13.781296,0.069188,0.590711,0.147498,0.000000
1772464061.174403,13.794296,0.073676,0.568493,0.098300,0.000000
1772464061.187216,13.807109,0.075877,0.544603,0.052501,0.000000
1772464061.199837,13.819730,0.076851,0.516295,0.033741,0.000000
1772464061.211292,13.831185,0.077018,0.481088,0.030962,0.000000
1772464061.224247,13.844140,0.076719,0.458504,0.027316,0.000000
1772464061.236961,13.856854,0.076159,0.438542,0.029913,0.000000
1772464061.249618,13.869511,0.075356,0.404609,0.045409,0.000000
1772464061.261393,13.881286,0.074453,0.392478,0.047412,0.000000
1772464061.274253,13.894146,0.073051,0.374535,0.020981,0.000000
1772464061.287214,13.907107,0.071530,0.365196,0.012432,0.000000
1772464061.299766,13.919659,0.070007,0.359529,0.010428,0.000000
1772464061.311419,13.931312,0.068543,0.356105,0.011968,0.000000
1772464061.324455,13.944348,0.067200,0.357471,0.015575,0.000000
1772464061.337031,13.956924,0.066077,0.363441,0.024318,0.000000
1772464061.349729,13.969622,0.065350,0.371191,0.046340,0.000000
1772464061.361358,13.981251,0.065581,0.386088,0.096434,0.000000
1772464061.374290,13.994184,0.072351,0.415803,0.308163,0.000000
1772464061.387012,14.006905,0.082181,0.431794,0.368226,0.000000
1772464061.399737,14.019630,0.085936,0.440414,0.223873,0.000000
1772464061.411364,14.031257,0.088022,0.458353,0.157263,0.000000
1772464061.424614,14.044507,0.089821,0.507066,0.101932,0.000000
1772464061.436963,14.056856,0.091818,0.546909,0.072475,0.000000
1772464061.449733,14.069626,0.093853,0.571683,0.052515,0.000000
1772464061.461860,14.081753,0.096723,0.611046,0.043998,0.000000
1772464061.474313,14.094206,0.099605,0.623667,0.036172,0.000000
1772464061.486610,14.106503,0.102154,0.619495,0.034501,0.000000
1772464061.499499,14.119392,0.106188,0.665483,0.035069,0.000000
1772464061.511703,14.131596,0.110371,0.676096,0.033701,0.000000
1772464061.525066,14.144959,0.114812,0.687532,0.034214,0.000000
1772464061.537211,14.157104,0.119581,0.700013,0.035216,0.000000
1772464061.549911,14.169804,0.125352,0.729394,0.034564,0.000000
1772464061.561168,14.181061,0.130808,0.729394,0.033944,0.000000
1772464061.574251,14.194144,0.135816,0.729394,0.030045,0.000000
1772464061.586882,14.206775,0.140447,0.729394,0.027163,0.000000
1772464061.599588,14.219481,0.144900,0.729394,0.028389,0.000000
1772464061.611199,14.231092,0.150076,0.731172,0.047414,0.000000
1772464061.624379,14.244272,0.156716,0.743112,0.070851,0.000000
1772464061.637153,14.257046,0.161945,0.738802,0.053333,0.000000
1772464061.650027,14.269920,0.165756,0.738802,0.028656,0.000000
1772464061.661292,14.281185,0.168596,0.741479,0.008354,0.000000
1772464061.674334,14.294227,0.171291,0.741479,0.008279,0.000000
1772464061.687211,14.307104,0.174391,0.756496,0.005534,0.000000
1772464061.699969,14.319862,0.178257,0.775474,0.006636,0.000000
1772464061.711236,14.331129,0.182034,0.773142,0.011154,0.000000
1772464061.724307,14.344200,0.185699,0.770078,0.015856,0.000000
1772464061.736980,14.356873,0.189422,0.770078,0.020902,0.000000
1772464061.750032,14.369925,0.193399,0.770078,0.029938,0.000000
1772464061.761281,14.381174,0.197179,0.752864,0.047199,0.000000
1772464061.774408,14.394301,0.202514,0.749092,0.085116,0.000000
1772464061.787260,14.407153,0.208948,0.749092,0.110360,0.000000
1772464061.800399,14.420292,0.219271,0.770643,0.161030,0.000000
1772464061.811348,14.431241,0.229942,0.766900,0.178926,0.000000
1772464061.824808,14.444701,0.236166,0.743241,0.136827,0.000000
1772464061.837136,14.457029,0.239636,0.738728,0.097086,0.000000
1772464061.849918,14.469811,0.239270,0.695623,0.065303,0.000000
1772464061.861292,14.481185,0.236785,0.647919,0.061534,0.000000
1772464061.874518,14.494411,0.233874,0.620042,0.074730,0.000000
1772464061.887127,14.507020,0.228639,0.548628,0.069718,0.000000
1772464061.899739,14.519632,0.221545,0.479621,0.049596,0.000000
1772464061.911232,14.531125,0.213809,0.442455,0.030231,0.000000
1772464061.924684,14.544577,0.205819,0.412841,0.014554,0.000000
1772464061.937201,14.557094,0.197916,0.391414,0.010044,0.000000
1772464061.949951,14.569844,0.190000,0.355155,0.007212,0.000000
1772464061.961354,14.581247,0.182337,0.340196,0.006455,0.000000
1772464061.974571,14.594464,0.175013,0.335020,0.006685,0.000000
1772464061.987204,14.607097,0.168004,0.329397,0.006236,0.000000
1772464061.999972,14.619865,0.161353,0.328985,0.007532,0.000000
1772464062.011355,14.631248,0.155181,0.346136,0.007110,0.000000
1772464062.024774,14.644667,0.149304,0.349376,0.002403,0.000000
1772464062.037166,14.657059,0.143709,0.349376,0.001047,0.000000
1772464062.050106,14.669999,0.138437,0.354275,0.000853,0.000000
1772464062.061456,14.681349,0.133603,0.372259,0.001169,0.000000
1772464062.074774,14.694667,0.129016,0.372259,0.001527,0.000000
1772464062.087795,14.707688,0.124660,0.372259,0.001835,0.000000
1772464062.100200,14.720093,0.120526,0.372259,0.002182,0.000000
1772464062.111459,14.731352,0.116797,0.390926,0.002475,0.000000
1772464062.124791,14.744684,0.113548,0.416416,0.002204,0.000000
1772464062.137224,14.757117,0.110888,0.449231,0.001657,0.000000
1772464062.150092,14.769985,0.108621,0.467304,0.001307,0.000000
1772464062.161289,14.781183,0.106842,0.490824,0.000961,0.000000
1772464062.175205,14.795098,0.104986,0.480861,0.000946,0.000000
1772464062.187358,14.807251,0.103317,0.486460,0.001110,0.000000
1772464062.200018,14.819911,0.101854,0.493386,0.001387,0.000000
1772464062.211443,14.831336,0.100474,0.493386,0.002032,0.000000
1772464062.224679,14.844572,0.099488,0.511136,0.002423,0.000000
1772464062.237130,14.857023,0.099005,0.533903,0.002921,0.000000
1772464062.250074,14.869967,0.098849,0.547073,0.004196,0.000000
1772464062.261210,14.881103,0.099419,0.576707,0.005646,0.000000
1772464062.274812,14.894706,0.100464,0.593022,0.009104,0.000000
1772464062.287372,14.907265,0.102613,0.628155,0.014439,0.000000
1772464062.300297,14.920190,0.105062,0.629540,0.026032,0.000000
1772464062.311336,14.931229,0.109341,0.668487,0.042334,0.000000
1772464062.324678,14.944571,0.114326,0.688352,0.045524,0.000000
1772464062.337094,14.956987,0.119218,0.708182,0.029414,0.000000
1772464062.349868,14.969761,0.124523,0.728559,0.024455,0.000000
1772464062.361253,14.981146,0.128209,0.707399,0.013133,0.000000
1772464062.374729,14.994622,0.133070,0.745046,0.008109,0.000000
1772464062.387301,15.007195,0.135891,0.703595,0.005729,0.000000
1772464062.400257,15.020150,0.137045,0.661985,0.004847,0.000000
1772464062.411738,15.031631,0.136708,0.616056,0.004277,0.000000
1772464062.425372,15.045265,0.136369,0.616056,0.003637,0.000000
1772464062.437284,15.057177,0.134868,0.570448,0.003818,0.000000
1772464062.449859,15.069752,0.133438,0.570448,0.003665,0.000000
1772464062.461905,15.081799,0.130703,0.503819,0.004250,0.000000
1772464062.475391,15.095284,0.127708,0.481376,0.003761,0.000000
1772464062.487612,15.107505,0.124037,0.425046,0.003446,0.000000
1772464062.499970,15.119863,0.120004,0.378461,0.002830,0.000000
1772464062.512101,15.131994,0.116167,0.378461,0.002237,0.000000
1772464062.525134,15.145027,0.112299,0.355904,0.002195,0.000000
1772464062.537535,15.157428,0.108462,0.337702,0.002277,0.000000
1772464062.550157,15.170050,0.104722,0.326343,0.002267,0.000000
1772464062.561296,15.181189,0.101169,0.326343,0.002217,0.000000
1772464062.575125,15.195018,0.097756,0.320923,0.002954,0.000000
1772464062.587333,15.207226,0.094513,0.320923,0.002905,0.000000
1772464062.600952,15.220845,0.091381,0.313261,0.004030,0.000000
1772464062.611874,15.231767,0.088379,0.309392,0.004298,0.000000
1772464062.625123,15.245016,0.085510,0.309175,0.002366,0.000000
1772464062.637616,15.257509,0.082825,0.315372,0.001598,0.000000
1772464062.650611,15.270504,0.080296,0.318639,0.000975,0.000000
1772464062.661804,15.281698,0.077936,0.324137,0.000940,0.000000
1772464062.675213,15.295106,0.075657,0.317806,0.002539,0.000000
1772464062.687720,15.307613,0.073589,0.326494,0.005996,0.000000
1772464062.700635,15.320529,0.071533,0.300927,0.020169,0.000000
1772464062.711873,15.331766,0.069956,0.295883,0.068488,0.000000
1772464062.725239,15.345132,0.068745,0.281947,0.110427,0.000000
1772464062.737722,15.357615,0.066991,0.268359,0.060223,0.000000
1772464062.750724,15.370617,0.065037,0.255227,0.034663,0.000000
1772464062.761702,15.381595,0.063035,0.242638,0.024694,0.000000
1772464062.775078,15.394971,0.061113,0.242638,0.021345,0.000000
1772464062.787713,15.407606,0.059143,0.219347,0.018955,0.000000
1772464062.800719,15.420612,0.057169,0.200040,0.018153,0.000000
1772464062.811857,15.431750,0.055255,0.192011,0.018051,0.000000
1772464062.825466,15.445359,0.053367,0.175193,0.019093,0.000000
1772464062.837796,15.457689,0.051553,0.169151,0.020334,0.000000
1772464062.850837,15.470730,0.049791,0.156847,0.023382,0.000000
1772464062.861463,15.481356,0.048117,0.151913,0.028083,0.000000
1772464062.874760,15.494653,0.046539,0.147784,0.035528,0.000000
1772464062.887450,15.507344,0.045082,0.144460,0.048737,0.000000
1772464062.900681,15.520574,0.043777,0.141941,0.069057,0.000000
1772464062.911830,15.531723,0.042657,0.141941,0.093228,0.000000
1772464062.925002,15.544895,0.041815,0.140997,0.132967,0.000000
1772464062.937971,15.557864,0.041324,0.142166,0.175878,0.000000
1772464062.950593,15.570486,0.041450,0.143737,0.239839,0.000000
1772464062.961927,15.581820,0.042575,0.148792,0.314473,0.000000
1772464062.975330,15.595223,0.042779,0.150177,0.246342,0.000000
1772464062.988159,15.608052,0.042093,0.152749,0.145464,0.000000
1772464063.001063,15.620956,0.041156,0.157167,0.096204,0.000000
1772464063.011860,15.631753,0.040116,0.163760,0.061547,0.000000
1772464063.025272,15.645165,0.039090,0.166289,0.051133,0.000000
1772464063.037807,15.657700,0.038083,0.166289,0.044389,0.000000
1772464063.050527,15.670420,0.037127,0.166289,0.044527,0.000000
1772464063.061327,15.681220,0.036240,0.166289,0.048834,0.000000
1772464063.074670,15.694563,0.035441,0.168991,0.055382,0.000000
1772464063.087211,15.707104,0.034730,0.174842,0.058811,0.000000
1772464063.099624,15.719517,0.034159,0.177878,0.075091,0.000000
1772464063.111214,15.731107,0.033750,0.181322,0.093855,0.000000
1772464063.124486,15.744379,0.033447,0.187302,0.100983,0.000000
1772464063.137064,15.756958,0.033420,0.201001,0.122921,0.000000
1772464063.149970,15.769863,0.033372,0.206985,0.114076,0.000000
1772464063.161242,15.781135,0.033336,0.206985,0.115233,0.000000
1772464063.174519,15.794412,0.033391,0.216941,0.116322,0.000000
1772464063.187299,15.807192,0.033503,0.227067,0.113248,0.000000
1772464063.200263,15.820156,0.033631,0.233926,0.109005,0.000000
1772464063.211634,15.831527,0.034045,0.257391,0.116660,0.000000
1772464063.224783,15.844676,0.034286,0.266889,0.091518,0.000000
1772464063.237174,15.857067,0.034220,0.276730,0.047603,0.000000
1772464063.250097,15.869990,0.034087,0.282499,0.032738,0.000000
1772464063.261650,15.881543,0.034050,0.297153,0.029412,0.000000
1772464063.274531,15.894424,0.034063,0.302188,0.030313,0.000000
1772464063.287008,15.906901,0.034095,0.302188,0.032724,0.000000
1772464063.299900,15.919793,0.034286,0.313602,0.039621,0.000000
1772464063.311258,15.931151,0.034592,0.318319,0.048223,0.000000
1772464063.324651,15.944544,0.035073,0.329512,0.055736,0.000000
1772464063.337065,15.956959,0.035598,0.335708,0.055997,0.000000
1772464063.349949,15.969842,0.036226,0.346404,0.056749,0.000000
1772464063.361229,15.981122,0.036831,0.349378,0.054599,0.000000
1772464063.374573,15.994467,0.037391,0.349378,0.053262,0.000000
1772464063.386882,16.006775,0.038025,0.353389,0.058053,0.000000
1772464063.399771,16.019664,0.038711,0.353389,0.064979,0.000000
1772464063.411300,16.031193,0.039643,0.358414,0.081640,0.000000
1772464063.424632,16.044525,0.041398,0.375390,0.121403,0.000000
1772464063.437072,16.056965,0.044313,0.385944,0.173929,0.000000
1772464063.450140,16.070033,0.049200,0.403990,0.236365,0.000000
1772464063.461908,16.081801,0.054735,0.413406,0.254788,0.000000
1772464063.474442,16.094335,0.058744,0.422155,0.206228,0.000000
1772464063.487307,16.107200,0.062157,0.440923,0.173502,0.000000
1772464063.499522,16.119416,0.065426,0.450781,0.164647,0.000000
1772464063.511934,16.131827,0.068240,0.460837,0.143897,0.000000
1772464063.524404,16.144297,0.070678,0.470996,0.124765,0.000000
1772464063.537397,16.157290,0.072857,0.486366,0.104057,0.000000
1772464063.550220,16.170113,0.075410,0.484444,0.124368,0.000000
1772464063.561294,16.181187,0.079663,0.509434,0.159620,0.000000
1772464063.574784,16.194677,0.085870,0.507504,0.219957,0.000000
1772464063.587039,16.206932,0.094002,0.503287,0.275407,0.000000
1772464063.600083,16.219976,0.105100,0.501013,0.344506,0.000000
1772464063.611192,16.231086,0.119421,0.498638,0.413171,0.000000
1772464063.624663,16.244556,0.136757,0.517315,0.455558,0.000000
1772464063.637108,16.257001,0.155360,0.517315,0.489739,0.000000
1772464063.649797,16.269690,0.169196,0.496170,0.449156,0.000000
1772464063.661288,16.281181,0.197216,0.522144,0.676379,0.000000
1772464063.674676,16.294569,0.214192,0.522016,0.507428,0.000000
1772464063.687553,16.307446,0.230676,0.518587,0.516591,0.000000
1772464063.700022,16.319915,0.228095,0.526200,0.169252,0.000000
1772464063.711317,16.331210,0.224055,0.524800,0.124021,0.000000
1772464063.724738,16.344631,0.219407,0.523671,0.098053,0.000000
1772464063.737130,16.357023,0.214696,0.523671,0.087476,0.000000
1772464063.750085,16.369978,0.210896,0.515861,0.118908,0.000000
1772464063.761275,16.381168,0.206106,0.515381,0.076694,0.000000
1772464063.774804,16.394697,0.201113,0.515268,0.058813,0.000000
1772464063.787225,16.407118,0.196515,0.511689,0.068412,0.000000
1772464063.800027,16.419920,0.191720,0.514032,0.047892,0.000000
1772464063.811320,16.431213,0.186933,0.515870,0.035564,0.000000
1772464063.824765,16.444658,0.184844,0.518150,0.127234,0.000000
1772464063.837195,16.457088,0.182447,0.508230,0.123508,0.000000
1772464063.850105,16.469998,0.179323,0.533773,0.067694,0.000000
1772464063.861284,16.481177,0.176119,0.543352,0.049007,0.000000
1772464063.874615,16.494508,0.172924,0.543352,0.042988,0.000000
1772464063.887223,16.507116,0.170575,0.566111,0.046416,0.000000
1772464063.899890,16.519783,0.168498,0.577193,0.040914,0.000000
1772464063.911436,16.531329,0.166749,0.587572,0.038369,0.000000
1772464063.924664,16.544557,0.165242,0.587570,0.043682,0.000000
1772464063.937221,16.557114,0.163778,0.591901,0.038240,0.000000
1772464063.950323,16.570216,0.162506,0.595754,0.038432,0.000000
1772464063.961574,16.581467,0.161634,0.599083,0.046142,0.000000
1772464063.974976,16.594869,0.161510,0.616611,0.050486,0.000000
1772464063.987243,16.607136,0.161850,0.617959,0.062507,0.000000
1772464064.000111,16.620004,0.163208,0.618698,0.090022,0.000000
1772464064.011443,16.631336,0.165465,0.618834,0.114169,0.000000
1772464064.024920,16.644813,0.170314,0.623004,0.170333,0.000000
1772464064.037153,16.657046,0.173618,0.618619,0.146883,0.000000
1772464064.050106,16.669999,0.176309,0.612517,0.142905,0.000000
1772464064.061313,16.681206,0.178545,0.612865,0.135203,0.000000
1772464064.074948,16.694841,0.179590,0.600032,0.122031,0.000000
1772464064.087243,16.707136,0.179688,0.593918,0.104882,0.000000
1772464064.100124,16.720017,0.178324,0.589185,0.067655,0.000000
1772464064.111454,16.731347,0.176544,0.584444,0.056997,0.000000
1772464064.125103,16.744996,0.174635,0.582848,0.051354,0.000000
1772464064.137386,16.757279,0.172309,0.574012,0.042436,0.000000
1772464064.150113,16.770006,0.169809,0.569781,0.036092,0.000000
1772464064.161474,16.781367,0.167141,0.561849,0.032852,0.000000
1772464064.175023,16.794916,0.164551,0.562538,0.029974,0.000000
1772464064.187335,16.807228,0.161618,0.549201,0.024133,0.000000
1772464064.200218,16.820112,0.158891,0.552570,0.023238,0.000000
1772464064.211433,16.831326,0.156259,0.549915,0.024158,0.000000
1772464064.224911,16.844805,0.153770,0.549268,0.025285,0.000000
1772464064.237158,16.857051,0.151563,0.558235,0.022867,0.000000
1772464064.250045,16.869938,0.149524,0.564979,0.018479,0.000000
1772464064.261447,16.881340,0.147824,0.580145,0.012756,0.000000
1772464064.274769,16.894662,0.149040,0.621553,0.064331,0.000000
1772464064.287248,16.907141,0.152079,0.654737,0.080064,0.000000
1772464064.300290,16.920183,0.153620,0.673384,0.027259,0.000000
1772464064.311399,16.931292,0.154064,0.657165,0.014886,0.000000
1772464064.324883,16.944776,0.152885,0.608369,0.012282,0.000000
1772464064.337361,16.957254,0.151175,0.581645,0.017374,0.000000
1772464064.350181,16.970074,0.149950,0.566707,0.047155,0.000000
1772464064.361398,16.981291,0.152198,0.566707,0.149597,0.000000
1772464064.374863,16.994756,0.167681,0.569939,0.399495,0.000000
1772464064.387397,17.007290,0.180747,0.581186,0.361633,0.000000
1772464064.399969,17.019862,0.186277,0.573530,0.248693,0.000000
1772464064.411363,17.031256,0.187154,0.581186,0.146292,0.000000
1772464064.424867,17.044760,0.189251,0.581186,0.176135,0.000000
1772464064.437238,17.057131,0.192077,0.581186,0.194545,0.000000
1772464064.450358,17.070251,0.198513,0.573530,0.276458,0.000000
1772464064.461657,17.081550,0.205508,0.581186,0.284738,0.000000
1772464064.475855,17.095748,0.219381,0.566633,0.419737,0.000000
1772464064.488249,17.108142,0.229107,0.566633,0.363792,0.000000
1772464064.500001,17.119894,0.234919,0.566633,0.305460,0.000000
1772464064.512525,17.132418,0.236232,0.573569,0.218462,0.000000
1772464064.524975,17.144868,0.251141,0.573569,0.454002,0.000000
1772464064.537510,17.157403,0.280219,0.578475,0.742487,0.000000
1772464064.550293,17.170186,0.301591,0.571084,0.605721,0.000000
1772464064.561918,17.181811,0.308909,0.578475,0.379743,0.000000
1772464064.574869,17.194762,0.328334,0.578475,0.588525,0.000000
1772464064.587252,17.207145,0.352064,0.578475,0.702467,0.000000
1772464064.600260,17.220153,0.376686,0.578475,0.759959,0.000000
1772464064.611675,17.231568,0.393500,0.578475,0.603497,0.000000
1772464064.625208,17.245101,0.407247,0.578475,0.561749,0.000000
1772464064.637756,17.257649,0.423936,0.578475,0.631794,0.000000
1772464064.650375,17.270268,0.427841,0.578475,0.423150,0.000000
1772464064.661632,17.281525,0.432412,0.578475,0.436942,0.000000
1772464064.675190,17.295084,0.442406,0.578475,0.529932,0.000000
1772464064.687641,17.307534,0.458291,0.578475,0.652174,0.000000
1772464064.700467,17.320360,0.477141,0.578475,0.746270,0.000000
1772464064.711524,17.331417,0.497059,0.578475,0.811611,0.000000
1772464064.724946,17.344839,0.517479,0.588997,0.862868,0.000000
1772464064.737879,17.357772,0.523981,0.588997,0.532638,0.000000
1772464064.750766,17.370659,0.521982,0.594342,0.392847,0.000000
1772464064.761998,17.381891,0.519005,0.597194,0.372702,0.000000
1772464064.775335,17.395228,0.508448,0.599425,0.238566,0.000000
1772464064.787998,17.407891,0.508643,0.612340,0.397542,0.000000
1772464064.801029,17.420922,0.502528,0.611444,0.296005,0.000000
1772464064.811807,17.431700,0.488124,0.607183,0.133153,0.000000
1772464064.825405,17.445298,0.473360,0.590961,0.122712,0.000000
1772464064.838002,17.457896,0.455869,0.579308,0.028836,0.000000
1772464064.850861,17.470754,0.438849,0.579308,0.013490,0.000000
1772464064.861846,17.481740,0.422550,0.572301,0.015318,0.000000
1772464064.875232,17.495125,0.406958,0.572301,0.011016,0.000000
1772464064.887742,17.507635,0.392326,0.576331,0.014193,0.000000
1772464064.900526,17.520419,0.378603,0.576331,0.021089,0.000000
1772464064.911890,17.531783,0.365905,0.551609,0.058561,0.000000
1772464064.925339,17.545233,0.352746,0.537202,0.029356,0.000000
1772464064.938054,17.557947,0.339176,0.500646,0.014488,0.000000
1772464064.951242,17.571136,0.325952,0.488370,0.008295,0.000000
1772464064.961867,17.581760,0.313374,0.487626,0.008169,0.000000
1772464064.975323,17.595217,0.300687,0.437630,0.010781,0.000000
1772464064.987390,17.607283,0.288073,0.386436,0.017837,0.000000
1772464065.000118,17.620011,0.275959,0.375908,0.016768,0.000000
1772464065.011471,17.631364,0.263937,0.333077,0.006548,0.000000
1772464065.024951,17.644844,0.252551,0.333077,0.010743,0.000000
1772464065.037338,17.657231,0.241697,0.326390,0.013026,0.000000
1772464065.050467,17.670361,0.231373,0.318460,0.019421,0.000000
1772464065.061361,17.681254,0.221520,0.312598,0.019959,0.000000
1772464065.075007,17.694901,0.212138,0.311616,0.018299,0.000000
1772464065.087613,17.707506,0.203093,0.303088,0.010057,0.000000
1772464065.100442,17.720335,0.194453,0.295395,0.011277,0.000000
1772464065.111461,17.731354,0.186314,0.292495,0.023521,0.000000
1772464065.124955,17.744848,0.178596,0.292495,0.025315,0.000000
1772464065.137481,17.757375,0.171244,0.284886,0.030335,0.000000
1772464065.150303,17.770196,0.164310,0.284886,0.036779,0.000000
1772464065.161434,17.781327,0.157812,0.290478,0.042362,0.000000
1772464065.174948,17.794842,0.151623,0.284886,0.045954,0.000000
1772464065.187499,17.807392,0.145858,0.284886,0.059445,0.000000
1772464065.200443,17.820336,0.140864,0.284433,0.109082,0.000000
1772464065.211439,17.831332,0.136801,0.291972,0.156248,0.000000
1772464065.224950,17.844843,0.135164,0.291972,0.277448,0.000000
1772464065.237439,17.857332,0.135166,0.283450,0.345424,0.000000
1772464065.251060,17.870953,0.135327,0.283450,0.350787,0.000000
1772464065.261578,17.881471,0.132703,0.288770,0.230386,0.000000
1772464065.275021,17.894914,0.129061,0.289345,0.159878,0.000000
1772464065.287855,17.907748,0.124604,0.282044,0.081943,0.000000
1772464065.300493,17.920386,0.120230,0.281955,0.066907,0.000000
1772464065.311446,17.931339,0.115839,0.281955,0.038711,0.000000
1772464065.324947,17.944840,0.111626,0.283197,0.032255,0.000000
1772464065.337684,17.957577,0.107591,0.281668,0.029373,0.000000
1772464065.350567,17.970460,0.103749,0.281668,0.028230,0.000000
1772464065.361436,17.981329,0.100121,0.281668,0.031140,0.000000
1772464065.375020,17.994913,0.096689,0.285777,0.028957,0.000000
1772464065.388182,18.008075,0.093422,0.285777,0.027961,0.000000
1772464065.400608,18.020501,0.090376,0.288140,0.033250,0.000000
1772464065.411621,18.031514,0.087505,0.291289,0.032903,0.000000
1772464065.424878,18.044771,0.084777,0.297812,0.026254,0.000000
1772464065.437311,18.057204,0.082204,0.302987,0.023466,0.000000
1772464065.450318,18.070211,0.079783,0.308863,0.020484,0.000000
1772464065.461814,18.081707,0.077539,0.319024,0.017077,0.000000
1772464065.474756,18.094649,0.075393,0.319024,0.015282,0.000000
1772464065.487283,18.107176,0.073324,0.315398,0.015307,0.000000
1772464065.499359,18.119252,0.071478,0.330284,0.014593,0.000000
1772464065.512468,18.132361,0.069829,0.342543,0.013881,0.000000
1772464065.524752,18.144645,0.068227,0.338854,0.013685,0.000000
1772464065.536935,18.156828,0.066709,0.338854,0.014127,0.000000
1772464065.549907,18.169800,0.065432,0.355681,0.014672,0.000000
1772464065.561234,18.181127,0.064225,0.355681,0.015359,0.000000
1772464065.574677,18.194570,0.063266,0.372784,0.016452,0.000000
1772464065.587050,18.206944,0.062557,0.389914,0.017257,0.000000
1772464065.599957,18.219850,0.061860,0.387212,0.018019,0.000000
1772464065.611197,18.231091,0.061186,0.383981,0.020196,0.000000
1772464065.624848,18.244741,0.060793,0.398790,0.025929,0.000000
1772464065.637029,18.256922,0.060558,0.406430,0.028981,0.000000
1772464065.649865,18.269758,0.060298,0.398790,0.033799,0.000000
1772464065.661228,18.281121,0.060161,0.398790,0.042068,0.000000
1772464065.674581,18.294474,0.060674,0.416953,0.066982,0.000000
1772464065.687075,18.306968,0.061118,0.416953,0.064372,0.000000
1772464065.699868,18.319761,0.061494,0.413771,0.064648,0.000000
1772464065.711432,18.331326,0.063006,0.428710,0.112776,0.000000
1772464065.724766,18.344659,0.063659,0.425064,0.075504,0.000000
1772464065.737337,18.357230,0.066155,0.443390,0.145681,0.000000
1772464065.749979,18.369872,0.066823,0.443390,0.066799,0.000000
1772464065.761231,18.381124,0.067179,0.443390,0.051119,0.000000
1772464065.774586,18.394479,0.069501,0.463143,0.125970,0.000000
1772464065.787029,18.406922,0.069973,0.463143,0.045491,0.000000
1772464065.799797,18.419690,0.071114,0.476166,0.067846,0.000000
1772464065.811234,18.431128,0.072253,0.490764,0.055837,0.000000
1772464065.824713,18.444606,0.072975,0.499656,0.029417,0.000000
1772464065.837355,18.457248,0.073372,0.504059,0.009959,0.000000
1772464065.850025,18.469918,0.073657,0.496537,0.012438,0.000000
1772464065.861303,18.481196,0.073797,0.496537,0.005137,0.000000
1772464065.874592,18.494485,0.073901,0.495253,0.004820,0.000000
1772464065.887152,18.507045,0.074142,0.504883,0.003132,0.000000
1772464065.900090,18.519983,0.075164,0.516979,0.031268,0.000000
1772464065.911320,18.531213,0.075504,0.513206,0.003572,0.000000
1772464065.924511,18.544404,0.075930,0.520174,0.002076,0.000000
1772464065.937177,18.557070,0.076340,0.520174,0.002294,0.000000
1772464065.950142,18.570035,0.076749,0.520174,0.003340,0.000000
1772464065.961258,18.581151,0.077182,0.520174,0.005645,0.000000
1772464065.974774,18.594667,0.077691,0.520174,0.010571,0.000000
1772464065.987088,18.606981,0.078435,0.520174,0.023281,0.000000
1772464066.000114,18.620007,0.079995,0.520174,0.060911,0.000000
1772464066.011233,18.631126,0.086001,0.520174,0.202726,0.000000
1772464066.024721,18.644614,0.121157,0.520174,0.743747,0.000000
1772464066.037032,18.656925,0.144834,0.520174,0.556512,0.000000
1772464066.049838,18.669731,0.150385,0.520174,0.266308,0.000000
1772464066.061090,18.680983,0.154192,0.520174,0.234211,0.000000
1772464066.074622,18.694515,0.159523,0.520174,0.271469,0.000000
1772464066.087481,18.707374,0.165026,0.529301,0.271363,0.000000
1772464066.100133,18.720026,0.166725,0.529301,0.192195,0.000000
1772464066.111532,18.731425,0.164523,0.529301,0.077221,0.000000
1772464066.124760,18.744653,0.162217,0.529301,0.069174,0.000000
1772464066.137444,18.757337,0.159893,0.536420,0.056903,0.000000
1772464066.150386,18.770279,0.157114,0.536420,0.033529,0.000000
1772464066.161798,18.781691,0.154367,0.541586,0.023774,0.000000
1772464066.174669,18.794562,0.151640,0.541586,0.018568,0.000000
1772464066.187216,18.807109,0.149032,0.542937,0.016466,0.000000
1772464066.199979,18.819872,0.146537,0.544976,0.013626,0.000000
1772464066.211285,18.831178,0.144105,0.540747,0.015129,0.000000
1772464066.224967,18.844860,0.141935,0.540747,0.021367,0.000000
1772464066.237422,18.857315,0.140126,0.537986,0.035017,0.000000
1772464066.250362,18.870255,0.139198,0.537986,0.066494,0.000000
1772464066.261712,18.881605,0.140367,0.537986,0.134176,0.000000
1772464066.274943,18.894836,0.147674,0.537986,0.279538,0.000000
1772464066.287580,18.907473,0.168148,0.539779,0.506135,0.000000
1772464066.300515,18.920408,0.181721,0.539779,0.411670,0.000000
1772464066.311598,18.931491,0.193111,0.539779,0.387039,0.000000
1772464066.324962,18.944855,0.204862,0.539779,0.402327,0.000000
1772464066.337592,18.957485,0.222376,0.539779,0.504503,0.000000
1772464066.350143,18.970036,0.241721,0.542070,0.546787,0.000000
1772464066.361385,18.981278,0.252972,0.539779,0.433582,0.000000
1772464066.374927,18.994820,0.273202,0.542070,0.588421,0.000000
1772464066.387249,19.007143,0.289101,0.539779,0.533988,0.000000
1772464066.400468,19.020361,0.315586,0.539779,0.761893,0.000000
1772464066.411865,19.031758,0.344134,0.539779,0.871379,0.000000
1772464066.425183,19.045076,0.370892,0.539958,0.857220,0.000000
1772464066.437345,19.057238,0.383610,0.539958,0.562420,0.000000
1772464066.450598,19.070491,0.383257,0.539958,0.359189,0.000000
1772464066.461323,19.081216,0.378969,0.538619,0.289547,0.000000
1772464066.475498,19.095391,0.367734,0.535850,0.123822,0.000000
1772464066.487891,19.107784,0.355204,0.535850,0.060212,0.000000
1772464066.499742,19.119635,0.343114,0.535850,0.052847,0.000000
1772464066.512071,19.131964,0.331627,0.535850,0.052824,0.000000
1772464066.525143,19.145036,0.320924,0.535850,0.061008,0.000000
1772464066.537743,19.157636,0.311228,0.535850,0.078603,0.000000
1772464066.550703,19.170596,0.302901,0.535850,0.108783,0.000000
1772464066.561305,19.181198,0.297228,0.535850,0.173418,0.000000
1772464066.574870,19.194763,0.297986,0.538619,0.303584,0.000000
1772464066.587600,19.207493,0.320790,0.538619,0.685458,0.000000
1772464066.600796,19.220690,0.341845,0.538619,0.672551,0.000000
1772464066.611403,19.231296,0.345953,0.538619,0.400100,0.000000
1772464066.624789,19.244682,0.348433,0.538619,0.376588,0.000000
1772464066.637237,19.257130,0.347813,0.538619,0.325165,0.000000
1772464066.650145,19.270038,0.351407,0.538619,0.396578,0.000000
1772464066.661221,19.281114,0.360392,0.538619,0.486289,0.000000
1772464066.674634,19.294527,0.374865,0.538619,0.585072,0.000000
1772464066.687125,19.307018,0.390355,0.538619,0.616435,0.000000
1772464066.699894,19.319788,0.411751,0.538619,0.762317,0.000000
1772464066.711297,19.331190,0.435003,0.538619,0.853873,0.000000
1772464066.724887,19.344780,0.458099,0.531694,0.900998,0.000000
1772464066.737196,19.357089,0.471025,0.531694,0.653845,0.000000
1772464066.750161,19.370054,0.471139,0.531694,0.446932,0.000000
1772464066.761370,19.381263,0.467687,0.531694,0.388966,0.000000
1772464066.774963,19.394856,0.464736,0.531694,0.394401,0.000000
1772464066.787380,19.407274,0.463381,0.507864,0.441994,0.000000
1772464066.799968,19.419861,0.457652,0.507864,0.367265,0.000000
1772464066.811466,19.431359,0.445682,0.507864,0.236962,0.000000
1772464066.825124,19.445017,0.434231,0.507864,0.235087,0.000000
1772464066.837577,19.457470,0.423211,0.483433,0.256186,0.000000
1772464066.850531,19.470424,0.408844,0.483433,0.146536,0.000000
1772464066.861856,19.481749,0.394469,0.483433,0.120643,0.000000
1772464066.875056,19.494949,0.381027,0.483433,0.128515,0.000000
1772464066.887758,19.507651,0.368934,0.483433,0.152112,0.000000
1772464066.900486,19.520379,0.357989,0.458758,0.194389,0.000000
1772464066.911795,19.531688,0.346125,0.458758,0.144083,0.000000
1772464066.925160,19.545053,0.334605,0.458758,0.134549,0.000000
1772464066.937608,19.557501,0.323849,0.458758,0.141753,0.000000
1772464066.950742,19.570635,0.314450,0.456967,0.173034,0.000000
1772464066.961660,19.581553,0.304882,0.458758,0.148555,0.000000
1772464066.974911,19.594804,0.297544,0.458758,0.206772,0.000000
1772464066.987734,19.607627,0.294205,0.458758,0.300443,0.000000
1772464067.000647,19.620540,0.299066,0.456967,0.454769,0.000000
1772464067.011637,19.631530,0.298725,0.456967,0.366130,0.000000
1772464067.025307,19.645200,0.296032,0.456967,0.317800,0.000000
1772464067.037755,19.657649,0.293354,0.456967,0.315196,0.000000
1772464067.050689,19.670582,0.292223,0.456967,0.344853,0.000000
1772464067.061491,19.681384,0.294231,0.456967,0.403546,0.000000
1772464067.075354,19.695247,0.301741,0.473787,0.481572,0.000000
1772464067.087939,19.707832,0.327797,0.489584,0.817605,0.000000
1772464067.100862,19.720755,0.350048,0.504003,0.740839,0.000000
1772464067.111767,19.731660,0.347645,0.527362,0.305076,0.000000
1772464067.125188,19.745081,0.337695,0.535714,0.115241,0.000000
1772464067.137855,19.757748,0.326717,0.523238,0.074693,0.000000
1772464067.150691,19.770584,0.315415,0.524732,0.037331,0.000000
1772464067.161703,19.781596,0.304370,0.523704,0.024341,0.000000
1772464067.175170,19.795063,0.293587,0.514452,0.019668,0.000000
1772464067.187788,19.807681,0.283139,0.506570,0.017237,0.000000
1772464067.200402,19.820295,0.273209,0.506570,0.016991,0.000000
1772464067.211304,19.831198,0.263819,0.506570,0.019196,0.000000
1772464067.224763,19.844656,0.254990,0.506570,0.023886,0.000000
1772464067.237968,19.857862,0.246781,0.506570,0.032655,0.000000
1772464067.250785,19.870678,0.239310,0.506570,0.048070,0.000000
1772464067.261322,19.881215,0.232836,0.506570,0.074933,0.000000
1772464067.274869,19.894762,0.227885,0.506570,0.119904,0.000000
1772464067.287343,19.907236,0.225295,0.493061,0.198319,0.000000
1772464067.300228,19.920121,0.232068,0.493061,0.392524,0.000000
1772464067.311528,19.931421,0.238924,0.493061,0.399790,0.000000
1772464067.324771,19.944664,0.240962,0.493061,0.317739,0.000000
1772464067.337574,19.957467,0.240924,0.493061,0.276619,0.000000
1772464067.350690,19.970583,0.240750,0.493061,0.273580,0.000000
1772464067.361391,19.981284,0.240263,0.482636,0.276857,0.000000
1772464067.374880,19.994773,0.249945,0.482636,0.464179,0.000000
1772464067.387501,20.007394,0.272086,0.482636,0.679968,0.000000
1772464067.400165,20.020058,0.299057,0.482636,0.809321,0.000000
1772464067.411254,20.031147,0.325338,0.482636,0.827036,0.000000
1772464067.424813,20.044706,0.349469,0.482636,0.804730,0.000000
1772464067.437232,20.057125,0.371847,0.482636,0.790923,0.000000
1772464067.450395,20.070288,0.397897,0.482636,0.941424,0.000000
1772464067.461567,20.081460,0.421545,0.482636,0.899055,0.000000
1772464067.474692,20.094585,0.445357,0.482636,0.951932,0.000000
1772464067.487205,20.107098,0.467194,0.482636,0.919878,0.000000
1772464067.499812,20.119705,0.487020,0.482636,0.886657,0.000000
1772464067.512801,20.132694,0.505500,0.482636,0.874872,0.000000
1772464067.525129,20.145022,0.523292,0.482636,0.882651,0.000000
1772464067.537509,20.157402,0.540751,0.482636,0.901947,0.000000
1772464067.549466,20.169359,0.557957,0.482636,0.925268,0.000000
1772464067.562301,20.182194,0.574490,0.470728,0.944593,0.000000
1772464067.574794,20.194687,0.590792,0.470728,0.969892,0.000000
1772464067.587443,20.207336,0.603996,0.470728,0.883950,0.000000
1772464067.600249,20.220142,0.614623,0.470728,0.827885,0.000000
1772464067.611649,20.231542,0.624204,0.470728,0.814410,0.000000
1772464067.624823,20.244716,0.633851,0.470728,0.828708,0.000000
1772464067.636990,20.256883,0.644110,0.470728,0.859479,0.000000
1772464067.649691,20.269584,0.654985,0.470728,0.895010,0.000000
1772464067.661221,20.281114,0.666240,0.470728,0.927907,0.000000
1772464067.674585,20.294478,0.677583,0.470728,0.953866,0.000000
1772464067.687111,20.307004,0.688857,0.482636,0.963692,0.000000
1772464067.699870,20.319763,0.699564,0.482636,0.963564,0.000000
1772464067.711228,20.331121,0.707235,0.482636,0.868987,0.000000
1772464067.724493,20.344386,0.712584,0.482636,0.812900,0.000000
1772464067.736924,20.356817,0.717160,0.482636,0.799786,0.000000
1772464067.749966,20.369859,0.721272,0.470728,0.805790,0.000000
1772464067.761294,20.381187,0.731086,0.496825,0.985097,0.000000
1772464067.774782,20.394675,0.728439,0.496825,0.652226,0.000000
1772464067.787327,20.407220,0.711614,0.496825,0.415335,0.000000
1772464067.799896,20.419789,0.691757,0.496825,0.347321,0.000000
1772464067.811704,20.431597,0.672837,0.496825,0.346272,0.000000
1772464067.824923,20.444816,0.656960,0.496825,0.384016,0.000000
1772464067.837404,20.457297,0.646250,0.496825,0.457178,0.000000
1772464067.850665,20.470558,0.642545,0.496825,0.561301,0.000000
1772464067.861729,20.481622,0.646171,0.496825,0.687192,0.000000
1772464067.874839,20.494732,0.654974,0.496825,0.809497,0.000000
1772464067.887511,20.507404,0.666411,0.471878,0.933740,0.000000
1772464067.900827,20.520720,0.672268,0.471878,0.785422,0.000000
1772464067.911835,20.531728,0.663441,0.471878,0.524691,0.000000
1772464067.925030,20.544923,0.649613,0.471878,0.436042,0.000000
1772464067.937716,20.557610,0.635927,0.471878,0.426719,0.000000
1772464067.950502,20.570395,0.625999,0.487977,0.461644,0.000000
1772464067.961788,20.581681,0.635348,0.487977,0.805927,0.000000
1772464067.974997,20.594890,0.641549,0.482880,0.746964,0.000000
1772464067.987440,20.607333,0.619023,0.482880,0.228450,0.000000
1772464068.001241,20.621135,0.594810,0.481474,0.146646,0.000000
1772464068.011695,20.631588,0.569928,0.481474,0.072697,0.000000
1772464068.025066,20.644959,0.545986,0.481474,0.058417,0.000000
1772464068.037739,20.657632,0.523835,0.502803,0.064267,0.000000
1772464068.050453,20.670346,0.502603,0.502803,0.055984,0.000000
1772464068.061760,20.681653,0.483104,0.525272,0.061873,0.000000
1772464068.075116,20.695009,0.463936,0.506715,0.053244,0.000000
1772464068.087557,20.707450,0.445716,0.506715,0.052839,0.000000
1772464068.100519,20.720412,0.428584,0.506715,0.060581,0.000000
1772464068.111961,20.731854,0.413939,0.530996,0.098664,0.000000
1772464068.124938,20.744832,0.400220,0.530996,0.105233,0.000000
1772464068.137213,20.757106,0.387831,0.530996,0.125881,0.000000
1772464068.150150,20.770043,0.377325,0.530996,0.162614,0.000000
1772464068.161416,20.781309,0.372454,0.530996,0.280010,0.000000
1772464068.174802,20.794695,0.380535,0.556162,0.471145,0.000000
1772464068.187364,20.807257,0.381860,0.556162,0.368585,0.000000
1772464068.200127,20.820020,0.381379,0.556162,0.339326,0.000000
1772464068.211299,20.831192,0.381336,0.556162,0.346367,0.000000
1772464068.224864,20.844757,0.383064,0.556162,0.375904,0.000000
1772464068.237153,20.857046,0.387920,0.556162,0.427983,0.000000
1772464068.250238,20.870131,0.396934,0.556162,0.498726,0.000000
1772464068.261347,20.881240,0.417845,0.556162,0.740621,0.000000
1772464068.274925,20.894818,0.442065,0.551601,0.892865,0.000000
1772464068.287250,20.907143,0.460148,0.551601,0.730348,0.000000
1772464068.300203,20.920096,0.465306,0.551601,0.499322,0.000000
1772464068.311958,20.931851,0.464587,0.532660,0.427961,0.000000
1772464068.325136,20.945029,0.453587,0.532660,0.241799,0.000000
1772464068.337950,20.957844,0.441079,0.532660,0.194333,0.000000
1772464068.350698,20.970591,0.429458,0.532660,0.200727,0.000000
1772464068.361751,20.981644,0.418729,0.503988,0.236871,0.000000
1772464068.375131,20.995024,0.403558,0.490661,0.101788,0.000000
1772464068.387719,21.007612,0.387805,0.469703,0.063880,0.000000
1772464068.400531,21.020424,0.372425,0.469703,0.042414,0.000000
1772464068.411840,21.031733,0.357746,0.469703,0.038677,0.000000
1772464068.425195,21.045088,0.343698,0.462513,0.040080,0.000000
1772464068.437938,21.057831,0.330446,0.462513,0.045344,0.000000
1772464068.450487,21.070380,0.318042,0.462513,0.055394,0.000000
1772464068.461379,21.081272,0.306569,0.462513,0.071257,0.000000
1772464068.474741,21.094634,0.296175,0.462513,0.095087,0.000000
1772464068.487106,21.106999,0.287199,0.462513,0.132620,0.000000
1772464068.500569,21.120462,0.280312,0.462513,0.189705,0.000000
1772464068.511576,21.131469,0.277010,0.462513,0.277617,0.000000
1772464068.525131,21.145024,0.279892,0.462513,0.400046,0.000000
1772464068.537400,21.157293,0.292746,0.462513,0.567115,0.000000
1772464068.549892,21.169785,0.315475,0.462513,0.754374,0.000000
1772464068.562230,21.182123,0.343066,0.462513,0.912939,0.000000
1772464068.574875,21.194768,0.371181,0.462513,0.989148,0.000000
1772464068.587288,21.207181,0.397912,0.462513,0.990170,0.000000
1772464068.600249,21.220142,0.422681,0.462513,0.962419,0.000000
1772464068.611418,21.231311,0.445919,0.474272,0.938724,0.000000
1772464068.625213,21.245106,0.457748,0.474272,0.678779,0.000000
1772464068.637648,21.257541,0.458529,0.474272,0.504395,0.000000
1772464068.650089,21.269982,0.456063,0.474272,0.452286,0.000000
1772464068.661272,21.281165,0.454116,0.474272,0.458816,0.000000
1772464068.674908,21.294801,0.454730,0.474272,0.498796,0.000000
1772464068.687423,21.307317,0.459616,0.474272,0.567847,0.000000
1772464068.700209,21.320102,0.469412,0.474272,0.654415,0.000000
1772464068.711324,21.331217,0.483594,0.474272,0.748735,0.000000
1772464068.725128,21.345021,0.500605,0.474272,0.834202,0.000000
1772464068.737839,21.357732,0.519043,0.474272,0.904809,0.000000
1772464068.750734,21.370627,0.538186,0.484867,0.958844,0.000000
1772464068.761913,21.381806,0.544816,0.484867,0.657474,0.000000
1772464068.775108,21.395001,0.541392,0.484867,0.496183,0.000000
1772464068.787663,21.407556,0.535833,0.484867,0.458936,0.000000
1772464068.800589,21.420482,0.531778,0.484867,0.478818,0.000000
1772464068.811354,21.431247,0.527237,0.484867,0.467689,0.000000
1772464068.824799,21.444692,0.522774,0.455971,0.494144,0.000000
1772464068.837009,21.456902,0.535731,0.455971,0.799401,0.000000
1772464068.850065,21.469958,0.551010,0.455971,0.877647,0.000000
1772464068.861346,21.481239,0.564203,0.455971,0.840404,0.000000
1772464068.874839,21.494732,0.576959,0.455971,0.846396,0.000000
1772464068.887321,21.507214,0.587106,0.455971,0.797056,0.000000
1772464068.900189,21.520082,0.593970,0.428514,0.764738,0.000000
1772464068.911299,21.531192,0.592634,0.428514,0.625609,0.000000
1772464068.924532,21.544425,0.586713,0.428514,0.550841,0.000000
1772464068.937061,21.556954,0.580355,0.428514,0.539067,0.000000
1772464068.950272,21.570165,0.574451,0.402695,0.567064,0.000000
1772464068.961292,21.581185,0.561254,0.402695,0.437762,0.000000
1772464068.974773,21.594666,0.545828,0.378651,0.404536,0.000000
1772464068.987236,21.607130,0.525776,0.378651,0.266114,0.000000
1772464069.000356,21.620250,0.505285,0.356469,0.237285,0.000000
1772464069.011390,21.631283,0.484098,0.356469,0.159231,0.000000
1772464069.024844,21.644737,0.463720,0.356469,0.145423,0.000000
1772464069.037231,21.657124,0.444619,0.356469,0.159635,0.000000
1772464069.050271,21.670164,0.427195,0.356469,0.195364,0.000000
1772464069.061361,21.681254,0.413101,0.356469,0.289186,0.000000
1772464069.074827,21.694720,0.404172,0.349044,0.414349,0.000000
1772464069.087481,21.707375,0.397546,0.338632,0.464120,0.000000
1772464069.100169,21.720062,0.396687,0.338632,0.563763,0.000000
1772464069.111449,21.731342,0.400271,0.360192,0.614476,0.000000
1772464069.124936,21.744829,0.410623,0.360192,0.727005,0.000000
1772464069.137391,21.757284,0.416476,0.351602,0.670573,0.000000
1772464069.150436,21.770329,0.429036,0.330016,0.809522,0.000000
1772464069.161338,21.781231,0.427567,0.351602,0.567012,0.000000
1772464069.174905,21.794798,0.420392,0.341099,0.474043,0.000000
1772464069.187475,21.807369,0.429764,0.330016,0.757616,0.000000
1772464069.200705,21.820598,0.425722,0.329512,0.545744,0.000000
1772464069.211346,21.831239,0.426623,0.343931,0.610859,0.000000
1772464069.224953,21.844846,0.427580,0.328061,0.628391,0.000000
1772464069.237422,21.857315,0.415788,0.324424,0.387827,0.000000
1772464069.250395,21.870288,0.399347,0.325716,0.204037,0.000000
1772464069.261289,21.881182,0.382431,0.325716,0.127597,0.000000
1772464069.274928,21.894821,0.366544,0.348968,0.116767,0.000000
1772464069.287223,21.907116,0.351052,0.350200,0.087451,0.000000
1772464069.300269,21.920162,0.336106,0.346607,0.073344,0.000000
1772464069.311183,21.931076,0.322218,0.346607,0.097149,0.000000
1772464069.324723,21.944616,0.310094,0.368497,0.142312,0.000000
1772464069.337040,21.956933,0.298256,0.346607,0.146045,0.000000
1772464069.350188,21.970081,0.290818,0.368497,0.283820,0.000000
1772464069.361110,21.981003,0.284688,0.371989,0.308322,0.000000
1772464069.374681,21.994574,0.276676,0.368497,0.241316,0.000000
1772464069.387301,22.007194,0.271666,0.346607,0.345305,0.000000
1772464069.400084,22.019977,0.293412,0.346607,0.829167,0.000000
1772464069.411602,22.031495,0.318068,0.350200,0.910626,0.000000
1772464069.425177,22.045070,0.332848,0.351264,0.741297,0.000000
1772464069.437096,22.056989,0.340835,0.345525,0.648539,0.000000
1772464069.449576,22.069469,0.355396,0.345525,0.762688,0.000000
1772464069.461316,22.081209,0.375259,0.346607,0.875956,0.000000
1772464069.474726,22.094619,0.391406,0.346607,0.821133,0.000000
1772464069.487196,22.107090,0.407569,0.350200,0.833441,0.000000
1772464069.499919,22.119812,0.420799,0.346607,0.796996,0.000000
1772464069.511678,22.131571,0.440153,0.368497,0.918759,0.000000
1772464069.525119,22.145012,0.452952,0.368497,0.797293,0.000000
1772464069.537743,22.157636,0.452857,0.368497,0.592216,0.000000
1772464069.549972,22.169865,0.448600,0.346607,0.544991,0.000000
1772464069.562315,22.182209,0.461620,0.350200,0.827914,0.000000
1772464069.574794,22.194687,0.478036,0.350200,0.914699,0.000000
1772464069.587369,22.207263,0.480174,0.370474,0.646174,0.000000
1772464069.600205,22.220098,0.494294,0.374151,0.859214,0.000000
1772464069.611740,22.231633,0.502729,0.370474,0.764868,0.000000
1772464069.624939,22.244832,0.519386,0.374151,0.951396,0.000000
1772464069.637183,22.257076,0.534973,0.400232,0.918504,0.000000
1772464069.650171,22.270064,0.530831,0.400232,0.561358,0.000000
1772464069.661256,22.281149,0.520674,0.424550,0.431715,0.000000
1772464069.674452,22.294345,0.504836,0.428369,0.299238,0.000000
1772464069.687036,22.306929,0.487624,0.428369,0.240849,0.000000
1772464069.700244,22.320137,0.471204,0.428369,0.238848,0.000000
1772464069.711689,22.331582,0.457964,0.458429,0.272210,0.000000
1772464069.724942,22.344835,0.443446,0.454558,0.224903,0.000000
1772464069.737332,22.357225,0.431369,0.490208,0.234918,0.000000
1772464069.750154,22.370047,0.418208,0.490208,0.190032,0.000000
1772464069.761648,22.381541,0.405412,0.486300,0.185439,0.000000
1772464069.774883,22.394776,0.395199,0.523422,0.200763,0.000000
1772464069.787151,22.407044,0.384878,0.523422,0.184975,0.000000
1772464069.800472,22.420365,0.374858,0.523243,0.179485,0.000000
1772464069.811678,22.431571,0.370733,0.523243,0.299966,0.000000
1772464069.824602,22.444495,0.376751,0.523243,0.469631,0.000000
1772464069.837032,22.456925,0.385883,0.557732,0.490014,0.000000
1772464069.850013,22.469906,0.398547,0.557732,0.556611,0.000000
1772464069.861482,22.481375,0.413083,0.557732,0.601611,0.000000
1772464069.874739,22.494632,0.431202,0.556195,0.691693,0.000000
1772464069.887066,22.506959,0.440362,0.591294,0.501864,0.000000
1772464069.899756,22.519649,0.450936,0.591294,0.534148,0.000000
1772464069.911305,22.531198,0.462789,0.591294,0.566860,0.000000
1772464069.924686,22.544579,0.477685,0.622983,0.608325,0.000000
1772464069.937130,22.557023,0.487424,0.622983,0.520884,0.000000
1772464069.950447,22.570340,0.495564,0.657445,0.466554,0.000000
1772464069.961637,22.581530,0.512109,0.657445,0.654723,0.000000
1772464069.974932,22.594825,0.532762,0.690702,0.812229,0.000000
1772464069.987250,22.607143,0.553942,0.690702,0.926743,0.000000
1772464070.000583,22.620476,0.573799,0.722029,0.871444,0.000000
1772464070.011606,22.631499,0.586021,0.722029,0.578881,0.000000
1772464070.024978,22.644871,0.596343,0.750686,0.517273,0.000000
1772464070.037661,22.657554,0.598922,0.742735,0.379249,0.000000
1772464070.050230,22.670123,0.600122,0.742735,0.357652,0.000000
1772464070.061788,22.681681,0.603410,0.764295,0.373636,0.000000
1772464070.074898,22.694792,0.608231,0.764295,0.404999,0.000000
1772464070.087401,22.707294,0.615969,0.764295,0.469531,0.000000
1772464070.100233,22.720126,0.627012,0.764295,0.562663,0.000000
1772464070.111305,22.731198,0.640573,0.764295,0.671263,0.000000
1772464070.124763,22.744656,0.655917,0.781976,0.796482,0.000000
1772464070.137041,22.756934,0.669989,0.781976,0.759107,0.000000
1772464070.150134,22.770027,0.683034,0.781976,0.738095,0.000000
1772464070.161358,22.781251,0.695603,0.781976,0.749336,0.000000
1772464070.174847,22.794740,0.707975,0.781976,0.779394,0.000000
1772464070.187006,22.806899,0.720262,0.781976,0.823131,0.000000
1772464070.199820,22.819713,0.732387,0.781976,0.868501,0.000000
1772464070.211336,22.831229,0.744514,0.795299,0.936859,0.000000
1772464070.224682,22.844575,0.755377,0.795299,0.849810,0.000000
1772464070.237139,22.857033,0.764843,0.781976,0.785635,0.000000
1772464070.249983,22.869876,0.775424,0.798646,0.946316,0.000000
1772464070.261259,22.881152,0.778241,0.785478,0.534152,0.000000
1772464070.274916,22.894809,0.775922,0.785478,0.415357,0.000000
1772464070.287773,22.907666,0.771665,0.785478,0.375266,0.000000
1772464070.300413,22.920306,0.768777,0.786770,0.396113,0.000000
1772464070.311622,22.931515,0.756923,0.786770,0.238625,0.000000
1772464070.325176,22.945070,0.743510,0.786770,0.204161,0.000000
1772464070.337465,22.957358,0.731265,0.785848,0.213038,0.000000
1772464070.350655,22.970548,0.714701,0.766818,0.152072,0.000000
1772464070.361684,22.981577,0.698565,0.766818,0.145396,0.000000
1772464070.375146,22.995039,0.684035,0.766818,0.158697,0.000000
1772464070.387777,23.007670,0.672531,0.766818,0.196242,0.000000
1772464070.400431,23.020324,0.665853,0.766818,0.264420,0.000000
1772464070.411357,23.031250,0.665859,0.749264,0.388735,0.000000
1772464070.425010,23.044903,0.659944,0.749264,0.288898,0.000000
1772464070.437394,23.057287,0.653194,0.749264,0.270718,0.000000
1772464070.450020,23.069913,0.648236,0.749264,0.294124,0.000000
1772464070.461395,23.081288,0.646939,0.749264,0.350599,0.000000
1772464070.474783,23.094676,0.650465,0.749264,0.437115,0.000000
1772464070.487356,23.107249,0.659489,0.729869,0.588597,0.000000
1772464070.501124,23.121017,0.669326,0.729869,0.627014,0.000000
1772464070.511306,23.131199,0.679011,0.725012,0.643098,0.000000
1772464070.524970,23.144863,0.683590,0.725012,0.517331,0.000000
1772464070.538044,23.157937,0.684884,0.725012,0.453534,0.000000
1772464070.550199,23.170092,0.685677,0.702962,0.467219,0.000000
1772464070.562768,23.182661,0.674639,0.708957,0.262924,0.000000
1772464070.575401,23.195294,0.656451,0.708957,0.131849,0.000000
1772464070.588168,23.208061,0.637284,0.697394,0.106829,0.000000
1772464070.600505,23.220398,0.616586,0.668507,0.082203,0.000000
1772464070.611794,23.231688,0.594354,0.632846,0.052785,0.000000
1772464070.625145,23.245039,0.572562,0.631491,0.034635,0.000000
1772464070.637152,23.257045,0.550971,0.610442,0.027736,0.000000
1772464070.650025,23.269918,0.529754,0.588528,0.025252,0.000000
1772464070.661382,23.281275,0.508991,0.566026,0.024845,0.000000
1772464070.674757,23.294650,0.488833,0.540701,0.032483,0.000000
1772464070.687365,23.307258,0.469032,0.519848,0.024205,0.000000
1772464070.700078,23.319971,0.449678,0.499233,0.017556,0.000000
1772464070.711367,23.331260,0.431303,0.499233,0.018144,0.000000
1772464070.725399,23.345292,0.413501,0.479097,0.019171,0.000000
1772464070.737562,23.357455,0.396650,0.479097,0.022676,0.000000
1772464070.750876,23.370769,0.380385,0.459666,0.027139,0.000000
1772464070.761806,23.381699,0.364937,0.459666,0.027295,0.000000
1772464070.775157,23.395050,0.350369,0.459666,0.033759,0.000000
1772464070.787564,23.407457,0.336816,0.459666,0.049959,0.000000
1772464070.800205,23.420098,0.324590,0.459666,0.083140,0.000000
1772464070.811298,23.431191,0.315124,0.459666,0.169322,0.000000
1772464070.824820,23.444713,0.315513,0.459666,0.392248,0.000000
1772464070.837281,23.457174,0.341130,0.459666,0.854419,0.000000
1772464070.850596,23.470490,0.362563,0.459666,0.781767,0.000000
1772464070.861687,23.481580,0.362964,0.459666,0.434384,0.000000
1772464070.875107,23.495000,0.358331,0.459666,0.341715,0.000000
1772464070.887642,23.507535,0.351465,0.459666,0.288380,0.000000
1772464070.900331,23.520224,0.343604,0.459666,0.255813,0.000000
1772464070.911697,23.531590,0.334477,0.451448,0.218465,0.000000
1772464070.925104,23.544997,0.326871,0.444429,0.255490,0.000000
1772464070.937688,23.557581,0.321689,0.444429,0.306173,0.000000
1772464070.950805,23.570698,0.318181,0.431778,0.350135,0.000000
1772464070.961753,23.581646,0.313783,0.416838,0.341756,0.000000
1772464070.974717,23.594610,0.304131,0.408557,0.194338,0.000000
1772464070.987168,23.607061,0.292720,0.396697,0.103490,0.000000
1772464071.000800,23.620693,0.281112,0.386184,0.065443,0.000000
1772464071.011612,23.631505,0.269726,0.377081,0.047908,0.000000
1772464071.024968,23.644861,0.258699,0.369436,0.038222,0.000000
1772464071.037223,23.657116,0.248195,0.369436,0.035764,0.000000
1772464071.050777,23.670670,0.238282,0.369436,0.041382,0.000000
1772464071.061666,23.681559,0.229134,0.376593,0.055878,0.000000
1772464071.074839,23.694732,0.220843,0.376593,0.084592,0.000000
1772464071.088004,23.707897,0.213882,0.376593,0.139276,0.000000
1772464071.100578,23.720471,0.212117,0.376593,0.318226,0.000000
1772464071.111709,23.731602,0.228118,0.383782,0.641956,0.000000
1772464071.125129,23.745022,0.247629,0.383782,0.712719,0.000000
1772464071.137758,23.757651,0.243556,0.378131,0.299278,0.000000
1772464071.151294,23.771188,0.237225,0.385526,0.210103,0.000000
1772464071.161703,23.781596,0.229006,0.385526,0.105741,0.000000
1772464071.174701,23.794594,0.220663,0.385526,0.071627,0.000000
1772464071.187007,23.806900,0.212420,0.385526,0.048796,0.000000
1772464071.200134,23.820027,0.204478,0.385526,0.040119,0.000000
1772464071.211166,23.831059,0.196894,0.385526,0.037135,0.000000
1772464071.224624,23.844517,0.190020,0.409690,0.037858,0.000000
1772464071.237115,23.857008,0.183445,0.409690,0.034738,0.000000
1772464071.251082,23.870975,0.177198,0.409690,0.034609,0.000000
1772464071.261749,23.881642,0.171238,0.409690,0.032814,0.000000
1772464071.275107,23.895000,0.165490,0.406295,0.029755,0.000000
1772464071.287484,23.907377,0.159981,0.402488,0.029957,0.000000
1772464071.300379,23.920272,0.154754,0.406295,0.026650,0.000000
1772464071.311216,23.931109,0.149758,0.402488,0.028059,0.000000
1772464071.324508,23.944401,0.145058,0.406295,0.027827,0.000000
1772464071.336958,23.956851,0.140621,0.406295,0.029973,0.000000
1772464071.349630,23.969523,0.136405,0.406295,0.029868,0.000000
1772464071.361158,23.981051,0.132380,0.406295,0.028437,0.000000
1772464071.374564,23.994457,0.128610,0.406295,0.032426,0.000000
1772464071.387015,24.006908,0.125031,0.402488,0.036373,0.000000
1772464071.400256,24.020149,0.121604,0.406295,0.030628,0.000000
1772464071.411632,24.031525,0.118359,0.406295,0.031407,0.000000
1772464071.424756,24.044649,0.115263,0.406295,0.030429,0.000000
1772464071.437099,24.056992,0.112271,0.398905,0.033947,0.000000
1772464071.450163,24.070056,0.109547,0.406295,0.035392,0.000000
1772464071.461500,24.081393,0.106998,0.406295,0.038262,0.000000
1772464071.475168,24.095061,0.104116,0.398905,0.009491,0.000000
1772464071.487422,24.107315,0.101398,0.406295,0.003780,0.000000
1772464071.500941,24.120834,0.098802,0.406295,0.002637,0.000000
1772464071.511668,24.131561,0.096335,0.406295,0.002481,0.000000
1772464071.524920,24.144813,0.093993,0.406295,0.002751,0.000000
1772464071.537217,24.157110,0.092019,0.425128,0.004161,0.000000
1772464071.550850,24.170743,0.090136,0.423271,0.005495,0.000000
1772464071.562186,24.182080,0.088377,0.423271,0.007784,0.000000
1772464071.575339,24.195232,0.086763,0.423271,0.012152,0.000000
1772464071.587332,24.207225,0.085730,0.443882,0.026489,0.000000
1772464071.599821,24.219714,0.084995,0.443882,0.041918,0.000000
1772464071.612199,24.232092,0.084653,0.443882,0.062586,0.000000
1772464071.624722,24.244615,0.084604,0.443882,0.077417,0.000000
1772464071.637223,24.257116,0.086160,0.465806,0.127491,0.000000
1772464071.650169,24.270062,0.086888,0.465361,0.096797,0.000000
1772464071.661571,24.281464,0.087767,0.465361,0.104924,0.000000
1772464071.674890,24.294783,0.088617,0.465361,0.105550,0.000000
1772464071.687318,24.307211,0.089455,0.465361,0.106878,0.000000
1772464071.700373,24.320266,0.090001,0.465361,0.096031,0.000000
1772464071.711300,24.331193,0.090392,0.465356,0.090314,0.000000
1772464071.724618,24.344512,0.090827,0.465356,0.093154,0.000000
1772464071.737071,24.356964,0.091257,0.465356,0.093931,0.000000
1772464071.750181,24.370074,0.091299,0.465356,0.077013,0.000000
1772464071.761301,24.381194,0.091132,0.465893,0.066316,0.000000
1772464071.774562,24.394455,0.090846,0.466968,0.058834,0.000000
1772464071.787170,24.407063,0.092349,0.490515,0.112725,0.000000
1772464071.800100,24.419993,0.095298,0.493202,0.161951,0.000000
1772464071.811344,24.431237,0.100791,0.493202,0.235933,0.000000
1772464071.824876,24.444769,0.101161,0.476383,0.101731,0.000000
1772464071.837109,24.457002,0.102353,0.479909,0.130913,0.000000
1772464071.850250,24.470143,0.104787,0.492286,0.162419,0.000000
1772464071.861362,24.481255,0.107273,0.504357,0.155699,0.000000
1772464071.874838,24.494731,0.108769,0.508505,0.123718,0.000000
1772464071.887084,24.506977,0.109755,0.508505,0.108632,0.000000
1772464071.900132,24.520025,0.111374,0.512905,0.127562,0.000000
1772464071.911537,24.531430,0.114123,0.521378,0.156276,0.000000
1772464071.924771,24.544664,0.118727,0.521378,0.209026,0.000000
1772464071.936997,24.556890,0.123818,0.521378,0.226120,0.000000
1772464071.949981,24.569875,0.128931,0.521378,0.232507,0.000000
1772464071.961079,24.580972,0.134740,0.521378,0.253663,0.000000
1772464071.974600,24.594493,0.142257,0.521378,0.294744,0.000000
1772464071.987010,24.606904,0.153109,0.521378,0.362934,0.000000
1772464072.000555,24.620448,0.168747,0.521378,0.451270,0.000000
1772464072.011685,24.631578,0.188865,0.512905,0.544374,0.000000
1772464072.024764,24.644657,0.223798,0.512905,0.900232,0.000000
1772464072.037140,24.657033,0.246220,0.521378,0.622288,0.000000
1772464072.049910,24.669803,0.257144,0.517514,0.454201,0.000000
1772464072.061368,24.681261,0.275622,0.517514,0.586109,0.000000
1772464072.075107,24.695000,0.288851,0.523797,0.508419,0.000000
1772464072.087817,24.707710,0.285641,0.522287,0.229979,0.000000
1772464072.100449,24.720342,0.281406,0.526299,0.197602,0.000000
1772464072.111676,24.731569,0.272818,0.526299,0.054850,0.000000
1772464072.125149,24.745042,0.263963,0.526299,0.024528,0.000000
1772464072.137394,24.757287,0.255350,0.526299,0.015093,0.000000
1772464072.150146,24.770040,0.247089,0.526299,0.011314,0.000000
1772464072.161390,24.781283,0.239206,0.526299,0.009579,0.000000
1772464072.174766,24.794659,0.231721,0.526299,0.009741,0.000000
1772464072.187356,24.807250,0.224619,0.528709,0.007817,0.000000
1772464072.200215,24.820108,0.217912,0.528709,0.009709,0.000000
1772464072.211326,24.831219,0.211636,0.530914,0.012115,0.000000
1772464072.224754,24.844647,0.205608,0.530914,0.009012,0.000000
1772464072.237259,24.857152,0.199884,0.530914,0.009067,0.000000
1772464072.250140,24.870033,0.194539,0.530914,0.013543,0.000000
1772464072.261266,24.881159,0.189554,0.530914,0.017902,0.000000
1772464072.274670,24.894563,0.184867,0.530914,0.020175,0.000000
1772464072.287220,24.907113,0.180628,0.530914,0.029848,0.000000
1772464072.300127,24.920020,0.176844,0.530914,0.040363,0.000000
1772464072.311376,24.931269,0.173775,0.530914,0.061876,0.000000
1772464072.325019,24.944912,0.171863,0.530914,0.098531,0.000000
1772464072.337208,24.957101,0.170732,0.530914,0.120950,0.000000
1772464072.350091,24.969984,0.171191,0.530914,0.165697,0.000000
1772464072.361188,24.981081,0.174721,0.530914,0.240528,0.000000
1772464072.374583,24.994477,0.183878,0.533672,0.349380,0.000000
1772464072.387045,25.006938,0.184437,0.530914,0.185612,0.000000
1772464072.399882,25.019775,0.201415,0.533672,0.485538,0.000000
1772464072.411270,25.031163,0.202732,0.533672,0.222111,0.000000
1772464072.425002,25.044895,0.202027,0.531466,0.176756,0.000000
1772464072.437549,25.057442,0.205106,0.529257,0.265281,0.000000
1772464072.450994,25.070888,0.203691,0.531514,0.160850,0.000000
1772464072.461744,25.081637,0.199059,0.531900,0.052106,0.000000
1772464072.475046,25.094939,0.193912,0.532082,0.019677,0.000000
1772464072.487522,25.107415,0.189127,0.542724,0.013823,0.000000
1772464072.500155,25.120049,0.184476,0.542868,0.008888,0.000000
1772464072.511322,25.131215,0.180039,0.542999,0.007887,0.000000
1772464072.524791,25.144685,0.175841,0.543213,0.008494,0.000000
1772464072.537651,25.157544,0.172570,0.574499,0.008206,0.000000
1772464072.550289,25.170182,0.169533,0.575482,0.010068,0.000000
1772464072.562874,25.182767,0.166934,0.584918,0.011953,0.000000
1772464072.575658,25.195551,0.164688,0.592728,0.012565,0.000000
1772464072.587385,25.207278,0.162834,0.599545,0.015998,0.000000
1772464072.599057,25.218950,0.161433,0.605260,0.022927,0.000000
1772464072.612378,25.232271,0.159860,0.586725,0.033032,0.000000
1772464072.625013,25.244906,0.160099,0.605260,0.069918,0.000000
1772464072.637284,25.257177,0.162776,0.609777,0.129595,0.000000
1772464072.650223,25.270116,0.173544,0.617573,0.282942,0.000000
1772464072.661280,25.281173,0.196172,0.617573,0.485527,0.000000
1772464072.674982,25.294875,0.219009,0.617340,0.509040,0.000000
1772464072.687435,25.307328,0.228513,0.603304,0.323142,0.000000
1772464072.700179,25.320072,0.228265,0.608190,0.142790,0.000000
1772464072.711399,25.331292,0.225296,0.606168,0.075135,0.000000
1772464072.724922,25.344815,0.221627,0.612708,0.043353,0.000000
1772464072.737429,25.357322,0.218076,0.610716,0.043332,0.000000
1772464072.750263,25.370156,0.214738,0.609593,0.045518,0.000000
1772464072.761520,25.381413,0.212001,0.609408,0.058961,0.000000
1772464072.774951,25.394844,0.210663,0.621668,0.082075,0.000000
1772464072.787753,25.407646,0.223558,0.627643,0.347178,0.000000
1772464072.800399,25.420292,0.222962,0.635656,0.101319,0.000000
1772464072.811488,25.431381,0.219573,0.658785,0.002328,0.000000
1772464072.824915,25.444808,0.217006,0.679220,0.001144,0.000000
1772464072.837358,25.457251,0.215922,0.715930,0.000911,0.000000
1772464072.850299,25.470192,0.215497,0.730716,0.001175,0.000000
1772464072.861422,25.481315,0.216329,0.759191,0.001558,0.000000
1772464072.874899,25.494792,0.217657,0.769931,0.002684,0.000000
1772464072.887534,25.507427,0.220668,0.804652,0.004338,0.000000
1772464072.900265,25.520158,0.224333,0.815348,0.009413,0.000000
1772464072.911384,25.531277,0.229746,0.838315,0.022394,0.000000
1772464072.924954,25.544847,0.238543,0.859926,0.063714,0.000000
1772464072.937557,25.557450,0.254019,0.882201,0.156363,0.000000
1772464072.949996,25.569889,0.266764,0.904298,0.102841,0.000000
1772464072.961530,25.581424,0.277249,0.914532,0.066628,0.000000
1772464072.974931,25.594824,0.286637,0.925059,0.046898,0.000000
1772464072.987346,25.607239,0.294620,0.916085,0.040786,0.000000
1772464073.000379,25.620272,0.302300,0.914199,0.044227,0.000000
1772464073.011399,25.631292,0.309667,0.911747,0.047823,0.000000
1772464073.025008,25.644901,0.317104,0.919416,0.047230,0.000000
1772464073.037276,25.657169,0.324533,0.916006,0.056511,0.000000
1772464073.050232,25.670125,0.331905,0.916265,0.061291,0.000000
1772464073.061440,25.681333,0.339709,0.915878,0.074498,0.000000
1772464073.074854,25.694747,0.348528,0.915878,0.096995,0.000000
1772464073.087363,25.707257,0.358927,0.915445,0.129966,0.000000
1772464073.100510,25.720403,0.369431,0.917810,0.137751,0.000000
1772464073.111406,25.731299,0.382364,0.912268,0.192542,0.000000
1772464073.124997,25.744890,0.396764,0.915822,0.226137,0.000000
1772464073.137262,25.757155,0.414365,0.913276,0.305159,0.000000
1772464073.150306,25.770199,0.434813,0.909877,0.397920,0.000000
1772464073.161311,25.781204,0.455943,0.913276,0.445518,0.000000
1772464073.174773,25.794666,0.478828,0.913276,0.558534,0.000000
1772464073.187454,25.807347,0.502138,0.927621,0.641196,0.000000
1772464073.200233,25.820126,0.521982,0.943154,0.494150,0.000000
1772464073.211232,25.831125,0.533442,0.943154,0.277825,0.000000
1772464073.224901,25.844795,0.543718,0.956524,0.251598,0.000000
1772464073.237307,25.857200,0.551303,0.967473,0.197641,0.000000
1772464073.250216,25.870109,0.556529,0.975775,0.153170,0.000000
1772464073.261109,25.881002,0.560108,0.981254,0.123571,0.000000
1772464073.274810,25.894703,0.561920,0.973990,0.104060,0.000000
1772464073.287120,25.907013,0.562320,0.968214,0.088088,0.000000
1772464073.300213,25.920106,0.561510,0.956318,0.080678,0.000000
1772464073.311175,25.931068,0.559605,0.941607,0.077141,0.000000
1772464073.325001,25.944894,0.555103,0.902013,0.073614,0.000000
1772464073.337193,25.957086,0.547240,0.805576,0.111530,0.000000
1772464073.349911,25.969805,0.541835,0.771245,0.179824,0.000000
1772464073.361230,25.981123,0.545542,0.693501,0.400994,0.000000
1772464073.374616,25.994509,0.543540,0.663014,0.341387,0.000000
1772464073.387153,26.007046,0.527862,0.651220,0.107099,0.000000
1772464073.399651,26.019544,0.510500,0.640604,0.056978,0.000000
1772464073.411261,26.031154,0.492823,0.620521,0.043256,0.000000
1772464073.424679,26.044572,0.475511,0.620521,0.027150,0.000000
1772464073.437030,26.056923,0.458887,0.616342,0.025585,0.000000
1772464073.450018,26.069911,0.443022,0.616342,0.023231,0.000000
1772464073.461253,26.081146,0.428062,0.612191,0.031034,0.000000
1772464073.474647,26.094540,0.413429,0.601875,0.027330,0.000000
1772464073.486970,26.106863,0.399541,0.602214,0.027445,0.000000
1772464073.500105,26.119998,0.386124,0.602789,0.019127,0.000000
1772464073.511172,26.131065,0.373307,0.603325,0.016094,0.000000
1772464073.524623,26.144516,0.360833,0.602836,0.005844,0.000000
1772464073.537103,26.156996,0.348792,0.599644,0.001887,0.000000
1772464073.550400,26.170293,0.337247,0.595785,0.001689,0.000000
1772464073.561908,26.181801,0.326168,0.590953,0.002230,0.000000
1772464073.574825,26.194718,0.315541,0.585619,0.003536,0.000000
1772464073.587579,26.207472,0.305508,0.584720,0.006936,0.000000
1772464073.599054,26.218947,0.295851,0.574389,0.012248,0.000000
1772464073.612081,26.231974,0.286875,0.569063,0.025411,0.000000
1772464073.624445,26.244338,0.278602,0.564355,0.039828,0.000000
1772464073.637185,26.257078,0.270644,0.560599,0.039841,0.000000
1772464073.650068,26.269961,0.262840,0.558135,0.032878,0.000000
1772464073.661307,26.281200,0.255057,0.550538,0.025507,0.000000
1772464073.674600,26.294493,0.247616,0.550538,0.023510,0.000000
1772464073.687090,26.306983,0.240452,0.542865,0.027148,0.000000
1772464073.699924,26.319817,0.234106,0.557293,0.031672,0.000000
1772464073.711321,26.331214,0.228331,0.557293,0.041569,0.000000
1772464073.724582,26.344475,0.223267,0.557293,0.057248,0.000000
1772464073.736947,26.356840,0.219399,0.557293,0.089268,0.000000
1772464073.749866,26.369759,0.218594,0.558391,0.168462,0.000000
1772464073.761683,26.381576,0.217980,0.568407,0.162132,0.000000
1772464073.774797,26.394690,0.216033,0.568407,0.127013,0.000000
1772464073.787259,26.407152,0.210896,0.579885,0.008624,0.000000
1772464073.800248,26.420141,0.205739,0.573632,0.003579,0.000000
1772464073.811277,26.431170,0.200825,0.573632,0.002993,0.000000
1772464073.824534,26.444427,0.196160,0.573632,0.003086,0.000000
1772464073.837026,26.456919,0.192071,0.586999,0.003673,0.000000
1772464073.850523,26.470416,0.188603,0.601765,0.004840,0.000000
1772464073.861747,26.481640,0.185218,0.596760,0.006457,0.000000
1772464073.874960,26.494853,0.182557,0.613442,0.009878,0.000000
1772464073.887372,26.507265,0.180596,0.627948,0.014481,0.000000
1772464073.900463,26.520356,0.178836,0.624880,0.020882,0.000000
1772464073.911609,26.531502,0.177881,0.643400,0.024546,0.000000
1772464073.924610,26.544503,0.177985,0.665642,0.031044,0.000000
1772464073.937073,26.556966,0.179548,0.688749,0.045362,0.000000
1772464073.949898,26.569791,0.183411,0.719410,0.068051,0.000000
1772464073.961326,26.581219,0.191989,0.773199,0.107356,0.000000
1772464073.974727,26.594620,0.209606,0.806362,0.229197,0.000000
1772464073.987398,26.607291,0.235592,0.865404,0.332824,0.000000
1772464074.000471,26.620364,0.261049,0.895517,0.318636,0.000000
1772464074.011569,26.631463,0.294825,0.926020,0.612417,0.000000
1772464074.024925,26.644819,0.324029,0.874708,0.521717,0.000000
1772464074.037281,26.657174,0.341610,0.773498,0.373278,0.000000
1772464074.050580,26.670473,0.342104,0.672199,0.205288,0.000000
1772464074.061772,26.681665,0.333740,0.558178,0.131461,0.000000
1772464074.075108,26.695001,0.322356,0.525911,0.047771,0.000000
1772464074.087193,26.707087,0.310098,0.481286,0.022482,0.000000
1772464074.099855,26.719748,0.297982,0.463452,0.012283,0.000000
1772464074.111482,26.731375,0.285582,0.403249,0.007824,0.000000
1772464074.124728,26.744621,0.274216,0.433265,0.010172,0.000000
1772464074.137204,26.757097,0.262849,0.389054,0.008508,0.000000
1772464074.150347,26.770241,0.251932,0.376091,0.010576,0.000000
1772464074.161568,26.781461,0.241653,0.380040,0.015164,0.000000
1772464074.174799,26.794693,0.231881,0.373568,0.021030,0.000000
1772464074.187489,26.807382,0.223504,0.414978,0.049627,0.000000
1772464074.200269,26.820162,0.215769,0.414978,0.063948,0.000000
1772464074.211663,26.831556,0.207756,0.373568,0.059581,0.000000
1772464074.224969,26.844862,0.202424,0.414978,0.148072,0.000000
1772464074.237293,26.857186,0.198815,0.414978,0.205260,0.000000
1772464074.250163,26.870056,0.198355,0.414978,0.294527,0.000000
1772464074.261700,26.881593,0.203584,0.414978,0.418338,0.000000
1772464074.275061,26.894954,0.216433,0.414978,0.553414,0.000000
1772464074.287554,26.907447,0.233401,0.415470,0.629354,0.000000
1772464074.300431,26.920324,0.239001,0.415470,0.456670,0.000000
1772464074.311237,26.931130,0.237269,0.415470,0.312658,0.000000
1772464074.324916,26.944809,0.233601,0.403513,0.270625,0.000000
1772464074.337748,26.957641,0.237473,0.392747,0.448202,0.000000
1772464074.350520,26.970413,0.254240,0.389163,0.669498,0.000000
1772464074.361750,26.981643,0.254135,0.380266,0.402298,0.000000
1772464074.374906,26.994799,0.251886,0.393068,0.340916,0.000000
1772464074.387605,27.007498,0.260356,0.405449,0.531045,0.000000
1772464074.400669,27.020562,0.255497,0.377261,0.295791,0.000000
1772464074.411721,27.031614,0.247591,0.390336,0.164315,0.000000
1772464074.424976,27.044869,0.237719,0.402517,0.009285,0.000000
1772464074.437490,27.057384,0.228339,0.407665,0.003921,0.000000
1772464074.450600,27.070493,0.219534,0.417242,0.003084,0.000000
1772464074.461756,27.081649,0.211225,0.421269,0.003525,0.000000
1772464074.475309,27.095202,0.203477,0.430988,0.005091,0.000000
1772464074.487703,27.107596,0.196257,0.437830,0.008573,0.000000
1772464074.500379,27.120272,0.189673,0.450973,0.014359,0.000000
1772464074.511418,27.131311,0.183741,0.459143,0.026677,0.000000
1772464074.524931,27.144824,0.178405,0.466138,0.037153,0.000000
1772464074.537234,27.157127,0.174021,0.479677,0.059393,0.000000
1772464074.549898,27.169791,0.169807,0.490362,0.046278,0.000000
1772464074.561276,27.181169,0.165170,0.484523,0.018865,0.000000
1772464074.574997,27.194890,0.161631,0.500689,0.047107,0.000000
1772464074.587311,27.207204,0.157934,0.500689,0.030862,0.000000
1772464074.599648,27.219541,0.154485,0.504941,0.029766,0.000000
1772464074.612081,27.231974,0.151883,0.518727,0.047186,0.000000
1772464074.624657,27.244550,0.148844,0.516205,0.023742,0.000000
1772464074.637550,27.257443,0.146159,0.547990,0.001555,0.000000
1772464074.650080,27.269973,0.143571,0.547222,0.000556,0.000000
1772464074.661431,27.281324,0.141382,0.559659,0.000437,0.000000
1772464074.675010,27.294903,0.139864,0.583232,0.000682,0.000000
1772464074.687758,27.307651,0.139773,0.632639,0.001042,0.000000
1772464074.700095,27.319988,0.140694,0.664237,0.001423,0.000000
1772464074.711250,27.331143,0.141746,0.668872,0.002036,0.000000
1772464074.724905,27.344798,0.143959,0.701664,0.003104,0.000000
1772464074.737379,27.357272,0.146992,0.723418,0.005058,0.000000
1772464074.750617,27.370510,0.151292,0.752732,0.008957,0.000000
1772464074.761362,27.381255,0.156504,0.771286,0.014863,0.000000
1772464074.774877,27.394770,0.163489,0.801826,0.025077,0.000000
1772464074.787220,27.407113,0.171457,0.809621,0.042239,0.000000
1772464074.800223,27.420116,0.180755,0.811929,0.070761,0.000000
1772464074.811418,27.431311,0.192563,0.811929,0.120971,0.000000
1772464074.824913,27.444806,0.206967,0.814205,0.170306,0.000000
1772464074.837238,27.457131,0.224532,0.810803,0.236025,0.000000
1772464074.850965,27.470858,0.246848,0.812002,0.330407,0.000000
1772464074.861818,27.481711,0.278205,0.797276,0.590046,0.000000
1772464074.874940,27.494833,0.310241,0.793811,0.691744,0.000000
1772464074.887142,27.507035,0.342391,0.793811,0.809168,0.000000
1772464074.900012,27.519906,0.373423,0.793811,0.858219,0.000000
1772464074.911801,27.531694,0.403001,0.793811,0.869410,0.000000
1772464074.925095,27.544988,0.431122,0.793811,0.872040,0.000000
1772464074.937740,27.557633,0.457907,0.793811,0.880642,0.000000
1772464074.950211,27.570104,0.483134,0.771522,0.877233,0.000000
1772464074.961450,27.581343,0.506194,0.771769,0.794486,0.000000
1772464074.975189,27.595082,0.525002,0.766046,0.636920,0.000000
1772464074.987646,27.607539,0.538405,0.759768,0.508934,0.000000
1772464075.000563,27.620456,0.542812,0.737754,0.365726,0.000000
1772464075.011723,27.631616,0.542338,0.705616,0.321093,0.000000
1772464075.025293,27.645186,0.537143,0.691307,0.259188,0.000000
1772464075.037806,27.657699,0.522126,0.618416,0.147532,0.000000
1772464075.050853,27.670746,0.504092,0.583344,0.087141,0.000000
1772464075.061749,27.681643,0.484261,0.518427,0.058232,0.000000
1772464075.075130,27.695024,0.463954,0.463133,0.043205,0.000000
1772464075.087973,27.707866,0.444043,0.446784,0.022429,0.000000
1772464075.100909,27.720802,0.424890,0.442893,0.010247,0.000000
1772464075.111756,27.731649,0.406477,0.428889,0.008509,0.000000
1772464075.125196,27.745090,0.389073,0.433614,0.010358,0.000000
1772464075.137687,27.757581,0.372505,0.428889,0.012492,0.000000
1772464075.150506,27.770399,0.356922,0.432224,0.020476,0.000000
1772464075.161793,27.781686,0.342454,0.440553,0.034490,0.000000
1772464075.175142,27.795035,0.328727,0.436628,0.039514,0.000000
1772464075.187832,27.807725,0.315786,0.436628,0.045787,0.000000
1772464075.200581,27.820474,0.303805,0.456348,0.044486,0.000000
1772464075.211622,27.831515,0.292347,0.451583,0.044931,0.000000
1772464075.224813,27.844707,0.281571,0.466074,0.036671,0.000000
1772464075.237240,27.857133,0.271506,0.481218,0.031080,0.000000
1772464075.250190,27.870084,0.262281,0.500526,0.029304,0.000000
1772464075.261182,27.881075,0.252499,0.445487,0.026621,0.000000
1772464075.275067,27.894960,0.243720,0.469213,0.033825,0.000000
1772464075.287567,27.907460,0.235810,0.493774,0.032293,0.000000
1772464075.300211,27.920104,0.228678,0.518941,0.025965,0.000000
1772464075.311553,27.931446,0.221674,0.520871,0.012925,0.000000
1772464075.324761,27.944654,0.215341,0.537368,0.011846,0.000000
1772464075.337086,27.956979,0.208489,0.495918,0.010983,0.000000
1772464075.350046,27.969939,0.202368,0.512473,0.015008,0.000000
1772464075.361527,27.981420,0.196092,0.489929,0.012859,0.000000
1772464075.374927,27.994820,0.189663,0.459421,0.015470,0.000000
1772464075.387365,28.007258,0.183079,0.425066,0.017380,0.000000
1772464075.400204,28.020097,0.176522,0.403459,0.015647,0.000000
1772464075.411664,28.031558,0.170385,0.409168,0.017296,0.000000
1772464075.424815,28.044708,0.164300,0.391076,0.014443,0.000000
1772464075.437222,28.057115,0.158530,0.389703,0.016787,0.000000
1772464075.450389,28.070282,0.152802,0.369175,0.014885,0.000000
1772464075.461635,28.081528,0.147569,0.376374,0.026821,0.000000
1772464075.475115,28.095008,0.142645,0.379928,0.027315,0.000000
1772464075.487685,28.107579,0.137909,0.380723,0.021482,0.000000
1772464075.500349,28.120242,0.133325,0.378145,0.016461,0.000000
1772464075.511297,28.131190,0.128876,0.373999,0.011932,0.000000
1772464075.524856,28.144749,0.124454,0.358122,0.008584,0.000000
1772464075.537240,28.157133,0.120078,0.338747,0.009058,0.000000
1772464075.550179,28.170072,0.115757,0.320486,0.008018,0.000000
1772464075.561322,28.181215,0.111406,0.288032,0.007846,0.000000
1772464075.574935,28.194828,0.107127,0.264870,0.009037,0.000000
1772464075.587313,28.207206,0.102860,0.231138,0.008072,0.000000
1772464075.599696,28.219589,0.098648,0.200520,0.006581,0.000000
1772464075.612004,28.231897,0.094659,0.203480,0.006247,0.000000
1772464075.624591,28.244484,0.090711,0.167208,0.005101,0.000000
1772464075.637649,28.257542,0.086914,0.154706,0.005130,0.000000
1772464075.650317,28.270210,0.083280,0.147554,0.004992,0.000000
1772464075.661621,28.281514,0.079824,0.147506,0.004004,0.000000
1772464075.674811,28.294704,0.076586,0.162237,0.001677,0.000000
1772464075.687314,28.307207,0.073648,0.193247,0.004765,0.000000
1772464075.700383,28.320276,0.071043,0.230326,0.006661,0.000000
1772464075.711714,28.331607,0.068888,0.282563,0.007556,0.000000
1772464075.724689,28.344582,0.067239,0.335604,0.006344,0.000000
1772464075.737047,28.356940,0.066022,0.371821,0.007140,0.000000
1772464075.750020,28.369913,0.065138,0.396213,0.007876,0.000000
1772464075.761363,28.381256,0.064610,0.421152,0.008425,0.000000
1772464075.774727,28.394620,0.064075,0.417076,0.009868,0.000000
1772464075.787068,28.406961,0.063372,0.398958,0.012240,0.000000
1772464075.799974,28.419867,0.062618,0.391021,0.012832,0.000000
1772464075.811341,28.431234,0.061668,0.369168,0.013257,0.000000
1772464075.824653,28.444546,0.060762,0.369168,0.012935,0.000000
1772464075.837029,28.456922,0.059849,0.362696,0.014325,0.000000
1772464075.850294,28.470187,0.058796,0.341905,0.016151,0.000000
1772464075.861280,28.481174,0.057817,0.341905,0.018329,0.000000
1772464075.874652,28.494545,0.056867,0.334982,0.023220,0.000000
1772464075.886989,28.506882,0.055900,0.322678,0.028442,0.000000
1772464075.899994,28.519887,0.055065,0.322678,0.037465,0.000000
1772464075.911172,28.531065,0.054421,0.322678,0.052808,0.000000
1772464075.924547,28.544440,0.053912,0.311870,0.073590,0.000000
1772464075.937166,28.557059,0.053728,0.311870,0.100192,0.000000
1772464075.950324,28.570217,0.053830,0.298074,0.136101,0.000000
1772464075.961656,28.581549,0.053322,0.288503,0.094214,0.000000
1772464075.975136,28.595029,0.052380,0.275337,0.058167,0.000000
1772464075.987486,28.607379,0.051137,0.271166,0.015922,0.000000
1772464076.000586,28.620479,0.049854,0.265323,0.005832,0.000000
1772464076.011647,28.631540,0.048664,0.270480,0.005310,0.000000
1772464076.024884,28.644777,0.047566,0.275485,0.005227,0.000000
1772464076.037173,28.657066,0.046670,0.296091,0.006341,0.000000
1772464076.050414,28.670307,0.046049,0.317689,0.014404,0.000000
1772464076.061511,28.681404,0.045984,0.349373,0.038463,0.000000
1772464076.074867,28.694761,0.046568,0.381291,0.059991,0.000000
1772464076.087387,28.707280,0.047143,0.407159,0.035566,0.000000
1772464076.100265,28.720158,0.047884,0.434840,0.021678,0.000000
1772464076.111588,28.731481,0.048749,0.447924,0.019469,0.000000
1772464076.124731,28.744624,0.049835,0.454260,0.029843,0.000000
1772464076.137251,28.757144,0.050851,0.449332,0.033779,0.000000
1772464076.150635,28.770528,0.051773,0.444458,0.036018,0.000000
1772464076.161740,28.781633,0.052869,0.443650,0.050107,0.000000
1772464076.174885,28.794778,0.053819,0.436107,0.052193,0.000000
1772464076.187399,28.807292,0.055543,0.436107,0.096988,0.000000
1772464076.200646,28.820539,0.058204,0.430509,0.148804,0.000000
1772464076.211841,28.831734,0.062773,0.425102,0.227329,0.000000
1772464076.225086,28.844980,0.067587,0.410467,0.256471,0.000000
1772464076.237851,28.857744,0.068911,0.402903,0.144093,0.000000
1772464076.250795,28.870688,0.068945,0.397397,0.084055,0.000000
1772464076.261723,28.881616,0.068327,0.381393,0.055804,0.000000
1772464076.274884,28.894777,0.067369,0.373411,0.034185,0.000000
1772464076.287491,28.907384,0.066191,0.357896,0.025441,0.000000
1772464076.300528,28.920421,0.065052,0.354354,0.027200,0.000000
1772464076.311684,28.931577,0.063812,0.354354,0.011288,0.000000
1772464076.325464,28.945358,0.062637,0.358583,0.007389,0.000000
1772464076.337610,28.957503,0.061440,0.351194,0.006294,0.000000
1772464076.350404,28.970297,0.060096,0.327182,0.006952,0.000000
1772464076.361871,28.981764,0.058840,0.322039,0.014407,0.000000
1772464076.374874,28.994767,0.057619,0.312540,0.020615,0.000000
1772464076.387266,29.007159,0.056526,0.305395,0.035708,0.000000
1772464076.400089,29.019982,0.055794,0.299700,0.074262,0.000000
1772464076.411314,29.031208,0.055284,0.299388,0.092399,0.000000
1772464076.424942,29.044836,0.054581,0.298065,0.072611,0.000000
1772464076.437598,29.057491,0.053346,0.298265,0.005667,0.000000
1772464076.450440,29.070333,0.052156,0.295195,0.006414,0.000000
1772464076.461545,29.081438,0.051038,0.291127,0.012281,0.000000
1772464076.475095,29.094988,0.050048,0.286129,0.026940,0.000000
1772464076.487389,29.107282,0.049718,0.284973,0.096716,0.000000
1772464076.500496,29.120389,0.050434,0.285198,0.178404,0.000000
1772464076.511712,29.131605,0.049586,0.286167,0.041235,0.000000
1772464076.525025,29.144918,0.048557,0.277555,0.020198,0.000000
1772464076.537524,29.157417,0.047554,0.277570,0.016641,0.000000
1772464076.550499,29.170393,0.046603,0.278929,0.015521,0.000000
1772464076.561615,29.181508,0.045717,0.278929,0.018038,0.000000
1772464076.575348,29.195241,0.044774,0.261201,0.020823,0.000000
1772464076.588146,29.208039,0.044059,0.267332,0.040688,0.000000
1772464076.600124,29.220017,0.043411,0.256458,0.055740,0.000000
1772464076.614581,29.234474,0.043091,0.256799,0.091469,0.000000
1772464076.627324,29.247217,0.042960,0.248212,0.118625,0.000000
1772464076.637736,29.257629,0.043033,0.249058,0.137147,0.000000
1772464076.651224,29.271117,0.042911,0.253875,0.113650,0.000000
1772464076.663299,29.283192,0.042628,0.257628,0.091938,0.000000
1772464076.675139,29.295032,0.042315,0.262544,0.082041,0.000000
1772464076.688522,29.308415,0.042032,0.268587,0.077659,0.000000
1772464076.701207,29.321100,0.041715,0.268587,0.072104,0.000000
1772464076.711994,29.331887,0.041478,0.272555,0.075509,0.000000
1772464076.725743,29.345636,0.041108,0.259986,0.071079,0.000000
1772464076.738100,29.357993,0.040674,0.246217,0.074686,0.000000
1772464076.751097,29.370991,0.040293,0.246217,0.078477,0.000000
1772464076.761870,29.381763,0.039774,0.220405,0.083851,0.000000
1772464076.775195,29.395088,0.039290,0.220482,0.084965,0.000000
1772464076.788155,29.408048,0.038710,0.197452,0.090791,0.000000
1772464076.800790,29.420683,0.037982,0.181022,0.079096,0.000000
1772464076.812153,29.432046,0.037006,0.172719,0.032641,0.000000
1772464076.825017,29.444910,0.035999,0.175566,0.011314,0.000000
1772464076.838357,29.458250,0.034979,0.165374,0.005816,0.000000
1772464076.850971,29.470865,0.033922,0.142062,0.004615,0.000000
1772464076.862099,29.481992,0.032864,0.125750,0.004509,0.000000
1772464076.875350,29.495243,0.031799,0.104858,0.005413,0.000000
1772464076.888395,29.508288,0.030759,0.093020,0.007189,0.000000
1772464076.901214,29.521107,0.029750,0.082914,0.009744,0.000000
1772464076.912386,29.532279,0.028793,0.079195,0.013414,0.000000
1772464076.924955,29.544848,0.027883,0.076524,0.016195,0.000000
1772464076.938040,29.557933,0.027025,0.077989,0.017180,0.000000
1772464076.950800,29.570693,0.026221,0.081876,0.017177,0.000000
1772464076.962795,29.582688,0.025471,0.087074,0.017161,0.000000
1772464076.975065,29.594958,0.024776,0.093372,0.017102,0.000000
1772464076.988370,29.608263,0.024149,0.102584,0.019359,0.000000
1772464077.000618,29.620511,0.023563,0.103799,0.021162,0.000000
1772464077.012841,29.632735,0.023064,0.116840,0.026090,0.000000
1772464077.025475,29.645368,0.022609,0.118901,0.029527,0.000000
1772464077.038222,29.658115,0.022249,0.132919,0.035805,0.000000
1772464077.050164,29.670057,0.022075,0.154447,0.054128,0.000000
1772464077.063356,29.683249,0.022166,0.174992,0.083035,0.000000
1772464077.075536,29.695430,0.022086,0.195930,0.031456,0.000000
1772464077.088376,29.708269,0.022012,0.214474,0.013172,0.000000
1772464077.100852,29.720745,0.021955,0.220382,0.010029,0.000000
1772464077.113068,29.732961,0.021996,0.238678,0.009573,0.000000
1772464077.126535,29.746428,0.022126,0.252129,0.011746,0.000000
1772464077.138713,29.758606,0.022269,0.250455,0.016708,0.000000
1772464077.152256,29.772149,0.022440,0.243589,0.029273,0.000000
1772464077.163064,29.782958,0.022722,0.240672,0.050506,0.000000
1772464077.175420,29.795313,0.023239,0.244279,0.080533,0.000000
1772464077.188261,29.808154,0.024546,0.237169,0.171342,0.000000
1772464077.200987,29.820880,0.028092,0.234128,0.316141,0.000000
1772464077.213184,29.833077,0.032407,0.234128,0.356540,0.000000
1772464077.226423,29.846316,0.034747,0.218486,0.290891,0.000000
1772464077.238887,29.858780,0.035927,0.216435,0.227336,0.000000
1772464077.252247,29.872140,0.036595,0.212193,0.195828,0.000000
1772464077.264464,29.884357,0.037242,0.226664,0.182554,0.000000
1772464077.278351,29.898244,0.037450,0.215354,0.156206,0.000000
1772464077.289379,29.909272,0.037813,0.218085,0.169558,0.000000
1772464077.303713,29.923606,0.038293,0.218085,0.181830,0.000000
1772464077.314300,29.934193,0.038999,0.223716,0.197352,0.000000
1772464077.326491,29.946384,0.039861,0.224403,0.211553,0.000000
1772464077.340173,29.960066,0.041252,0.239070,0.236345,0.000000
1772464077.351895,29.971788,0.042378,0.242495,0.220175,0.000000
1772464077.363943,29.983836,0.043330,0.254438,0.200228,0.000000
1772464077.376534,29.996427,0.044290,0.278736,0.179778,0.000000
1772464077.389196,30.009089,0.044510,0.287942,0.117579,0.000000
1772464077.402344,30.022237,0.044423,0.290264,0.088042,0.000000
1772464077.413734,30.033628,0.044250,0.286881,0.082497,0.000000
1772464077.426265,30.046158,0.044317,0.300183,0.091558,0.000000
1772464077.440181,30.060074,0.044577,0.300919,0.108118,0.000000
1772464077.452081,30.071974,0.045657,0.314394,0.156213,0.000000
1772464077.464162,30.084055,0.047405,0.315133,0.198099,0.000000
1772464077.476029,30.095922,0.051119,0.336620,0.268069,0.000000
1772464077.488727,30.108620,0.058200,0.347738,0.365782,0.000000
1772464077.499773,30.119666,0.063630,0.361190,0.317109,0.000000
1772464077.513060,30.132953,0.067941,0.388989,0.263856,0.000000
1772464077.524806,30.144699,0.074114,0.473064,0.238749,0.000000
1772464077.537975,30.157868,0.080467,0.569826,0.154389,0.000000
1772464077.551739,30.171632,0.086681,0.648636,0.079992,0.000000
1772464077.563172,30.183065,0.092166,0.680114,0.038077,0.000000
1772464077.577008,30.196901,0.100185,0.760432,0.022553,0.000000
1772464077.588691,30.208584,0.110850,0.829428,0.013791,0.000000
1772464077.601181,30.221074,0.123912,0.885143,0.010203,0.000000
1772464077.616845,30.236738,0.136654,0.891277,0.009752,0.000000
1772464077.626715,30.246608,0.150795,0.919614,0.015393,0.000000
1772464077.639916,30.259809,0.163712,0.918468,0.008028,0.000000
1772464077.653186,30.273079,0.175263,0.908980,0.005529,0.000000
1772464077.665021,30.284914,0.184428,0.878606,0.005078,0.000000
1772464077.676571,30.296464,0.193202,0.878606,0.006239,0.000000
1772464077.689521,30.309414,0.200846,0.864208,0.008523,0.000000
1772464077.701293,30.321186,0.206457,0.831816,0.011029,0.000000
1772464077.714450,30.334343,0.211605,0.823728,0.015706,0.000000
1772464077.726301,30.346194,0.214590,0.776941,0.025453,0.000000
1772464077.738961,30.358855,0.217413,0.755208,0.046938,0.000000
1772464077.750912,30.370805,0.221162,0.702173,0.121053,0.000000
1772464077.762955,30.382848,0.229054,0.678572,0.222676,0.000000
1772464077.775144,30.395037,0.230651,0.667193,0.124654,0.000000
1772464077.786985,30.406878,0.229289,0.667294,0.059665,0.000000
1772464077.799571,30.419464,0.224651,0.610938,0.020179,0.000000
1772464077.812271,30.432164,0.220923,0.640732,0.012496,0.000000
1772464077.824900,30.444793,0.217479,0.645326,0.010960,0.000000
1772464077.837288,30.457181,0.214284,0.647279,0.011360,0.000000
1772464077.849714,30.469607,0.210981,0.637522,0.012739,0.000000
1772464077.862137,30.482030,0.208010,0.641407,0.014123,0.000000
1772464077.874685,30.494578,0.204138,0.603440,0.017368,0.000000
1772464077.887350,30.507243,0.200817,0.615116,0.018028,0.000000
1772464077.899895,30.519788,0.198160,0.627020,0.022376,0.000000
1772464077.912074,30.531967,0.196130,0.633085,0.031615,0.000000
1772464077.924515,30.544408,0.195122,0.646772,0.044463,0.000000
1772464077.937311,30.557204,0.195607,0.668244,0.060459,0.000000
1772464077.949435,30.569328,0.196866,0.660482,0.087302,0.000000
1772464077.962066,30.581959,0.201242,0.682463,0.132984,0.000000
1772464077.974678,30.594571,0.207026,0.704607,0.141788,0.000000
1772464077.987210,30.607103,0.213052,0.730343,0.125804,0.000000
1772464077.999220,30.619113,0.218278,0.744376,0.102638,0.000000
1772464078.012084,30.631978,0.223751,0.758200,0.098098,0.000000
1772464078.024388,30.644281,0.230477,0.780255,0.103172,0.000000
1772464078.037239,30.657132,0.239233,0.799850,0.123708,0.000000
1772464078.049955,30.669848,0.251575,0.808326,0.180534,0.000000
1772464078.061594,30.681487,0.272706,0.826233,0.319209,0.000000
1772464078.074538,30.694431,0.297046,0.837118,0.392876,0.000000
1772464078.087331,30.707224,0.302873,0.837307,0.092867,0.000000
1772464078.099729,30.719622,0.305497,0.833559,0.047319,0.000000
1772464078.111674,30.731567,0.306100,0.823817,0.023182,0.000000
1772464078.124406,30.744299,0.304725,0.793399,0.016310,0.000000
1772464078.137134,30.757027,0.302730,0.783375,0.012424,0.000000
1772464078.149981,30.769875,0.299762,0.761594,0.011552,0.000000
1772464078.161731,30.781624,0.296394,0.750148,0.010890,0.000000
1772464078.174602,30.794495,0.292202,0.726882,0.011201,0.000000
1772464078.187315,30.807208,0.287755,0.715332,0.011455,0.000000
1772464078.199666,30.819559,0.282113,0.676644,0.013127,0.000000
1772464078.211380,30.831273,0.276437,0.665606,0.015252,0.000000
1772464078.224041,30.843934,0.269874,0.628062,0.017348,0.000000
1772464078.237067,30.856960,0.263810,0.645375,0.005489,0.000000
1772464078.249742,30.869635,0.256123,0.579811,0.002200,0.000000
1772464078.261279,30.881172,0.248433,0.563548,0.002120,0.000000
1772464078.274205,30.894098,0.240992,0.556870,0.002825,0.000000
1772464078.286932,30.906825,0.233828,0.551197,0.004223,0.000000
1772464078.299571,30.919464,0.226967,0.546543,0.006358,0.000000
1772464078.311251,30.931144,0.220370,0.540328,0.008929,0.000000
1772464078.324097,30.943990,0.213535,0.509671,0.011640,0.000000
1772464078.336944,30.956837,0.207115,0.510585,0.014508,0.000000
1772464078.349597,30.969491,0.200250,0.467981,0.014088,0.000000
1772464078.361298,30.981191,0.193780,0.474319,0.010933,0.000000
1772464078.374254,30.994147,0.187800,0.484880,0.010311,0.000000
1772464078.387181,31.007074,0.181885,0.470066,0.011003,0.000000
1772464078.399647,31.019540,0.176439,0.479623,0.012019,0.000000
1772464078.411289,31.031182,0.172012,0.517734,0.014359,0.000000
1772464078.424440,31.044333,0.168256,0.531959,0.021578,0.000000
1772464078.437021,31.056914,0.165497,0.554284,0.033761,0.000000
1772464078.449455,31.069348,0.163980,0.582847,0.045940,0.000000
1772464078.461324,31.081217,0.163059,0.600697,0.045333,0.000000
1772464078.474190,31.094083,0.164216,0.643737,0.061281,0.000000
1772464078.487039,31.106932,0.166370,0.670426,0.061305,0.000000
1772464078.499459,31.119352,0.168467,0.670426,0.062561,0.000000
1772464078.511301,31.131194,0.169910,0.657808,0.061572,0.000000
1772464078.524367,31.144260,0.171790,0.667719,0.064266,0.000000
1772464078.537055,31.156948,0.173374,0.683441,0.043627,0.000000
1772464078.549464,31.169357,0.174633,0.685801,0.035114,0.000000
1772464078.561297,31.181190,0.175618,0.689489,0.026095,0.000000
1772464078.575162,31.195055,0.176351,0.687005,0.023352,0.000000
1772464078.587450,31.207343,0.175234,0.642713,0.016594,0.000000
1772464078.599396,31.219289,0.173200,0.615882,0.011879,0.000000
1772464078.611675,31.231568,0.169986,0.567547,0.012070,0.000000
1772464078.624820,31.244713,0.166725,0.558733,0.012197,0.000000
1772464078.636873,31.256766,0.163181,0.538178,0.012979,0.000000
1772464078.649393,31.269286,0.159121,0.502440,0.014414,0.000000
1772464078.661606,31.281499,0.154906,0.478041,0.018974,0.000000
1772464078.674647,31.294540,0.150841,0.465434,0.028051,0.000000
1772464078.687461,31.307354,0.146731,0.440948,0.037468,0.000000
1772464078.699788,31.319681,0.142051,0.418170,0.005795,0.000000
1772464078.711469,31.331362,0.136969,0.363643,0.002880,0.000000
1772464078.724391,31.344284,0.132056,0.354544,0.002979,0.000000
1772464078.737010,31.356904,0.127201,0.333426,0.002997,0.000000
1772464078.749417,31.369310,0.122547,0.327897,0.003469,0.000000
1772464078.761323,31.381216,0.118060,0.319398,0.003846,0.000000
1772464078.774389,31.394282,0.113733,0.310525,0.004415,0.000000
1772464078.787222,31.407115,0.109552,0.300491,0.005075,0.000000
1772464078.799713,31.419606,0.105614,0.303857,0.006277,0.000000
1772464078.811289,31.431182,0.101939,0.310723,0.008091,0.000000
1772464078.824565,31.444458,0.098478,0.311864,0.010838,0.000000
1772464078.837079,31.456972,0.095278,0.317482,0.016123,0.000000
1772464078.849774,31.469667,0.092375,0.327136,0.022214,0.000000
1772464078.861362,31.481255,0.089602,0.326834,0.020849,0.000000
1772464078.874739,31.494632,0.087111,0.349205,0.014082,0.000000
1772464078.887122,31.507015,0.084294,0.298648,0.011290,0.000000
1772464078.899831,31.519724,0.081618,0.299536,0.010620,0.000000
1772464078.911362,31.531255,0.078953,0.283421,0.009339,0.000000
1772464078.924771,31.544664,0.076422,0.284803,0.008196,0.000000
1772464078.937079,31.556972,0.073860,0.261657,0.007221,0.000000
1772464078.949898,31.569791,0.071350,0.248180,0.007766,0.000000
1772464078.961305,31.581198,0.068954,0.246857,0.007238,0.000000
1772464078.974782,31.594676,0.066676,0.246857,0.006672,0.000000
1772464078.987280,31.607173,0.064656,0.269718,0.007851,0.000000
1772464078.999957,31.619850,0.062734,0.269718,0.007357,0.000000
1772464079.011263,31.631156,0.061022,0.285375,0.008761,0.000000
1772464079.024702,31.644595,0.059744,0.330726,0.008661,0.000000
1772464079.037070,31.656963,0.058464,0.325377,0.006133,0.000000
1772464079.049803,31.669696,0.057837,0.387691,0.005526,0.000000
1772464079.061367,31.681260,0.057354,0.398426,0.004870,0.000000
1772464079.074871,31.694764,0.057113,0.413884,0.007628,0.000000
1772464079.087365,31.707258,0.057893,0.443466,0.047402,0.000000
1772464079.100490,31.720383,0.058646,0.486012,0.005550,0.000000
1772464079.111372,31.731265,0.060201,0.533339,0.003298,0.000000
1772464079.124745,31.744638,0.062362,0.564786,0.003277,0.000000
1772464079.137072,31.756965,0.065804,0.618211,0.003699,0.000000
1772464079.149936,31.769829,0.069702,0.637868,0.005272,0.000000
1772464079.161401,31.781294,0.074791,0.678105,0.006862,0.000000
1772464079.174894,31.794787,0.080421,0.695229,0.011350,0.000000
1772464079.187097,31.806990,0.086955,0.717801,0.018549,0.000000
1772464079.199811,31.819704,0.096836,0.780481,0.035141,0.000000
1772464079.211402,31.831295,0.107871,0.780580,0.066398,0.000000
1772464079.225029,31.844922,0.119307,0.801623,0.062665,0.000000
1772464079.237107,31.857000,0.130529,0.822783,0.047887,0.000000
1772464079.250000,31.869894,0.140714,0.829824,0.032360,0.000000
1772464079.261415,31.881308,0.149640,0.825455,0.023094,0.000000
1772464079.274827,31.894720,0.156840,0.805743,0.018686,0.000000
1772464079.287131,31.907024,0.161881,0.784240,0.004143,0.000000
1772464079.299888,31.919781,0.163415,0.710409,0.002886,0.000000
1772464079.311535,31.931428,0.164312,0.695664,0.002905,0.000000
1772464079.325015,31.944908,0.163137,0.634434,0.003858,0.000000
1772464079.337304,31.957197,0.160862,0.590749,0.006229,0.000000
1772464079.350059,31.969952,0.158320,0.568399,0.013526,0.000000
1772464079.361384,31.981277,0.156335,0.567713,0.031164,0.000000
1772464079.374832,31.994725,0.154393,0.522834,0.073892,0.000000
1772464079.387351,32.007244,0.153401,0.499238,0.128501,0.000000
1772464079.399941,32.019835,0.151063,0.478522,0.096356,0.000000
1772464079.411569,32.031462,0.148196,0.491049,0.055188,0.000000
1772464079.424932,32.044825,0.144940,0.472468,0.047255,0.000000
1772464079.437308,32.057201,0.141319,0.451738,0.038542,0.000000
1772464079.450073,32.069966,0.137747,0.448634,0.033684,0.000000
1772464079.461423,32.081316,0.134351,0.446316,0.035815,0.000000
1772464079.474962,32.094856,0.131421,0.450824,0.048853,0.000000
1772464079.487465,32.107358,0.128526,0.434481,0.058733,0.000000
1772464079.500178,32.120071,0.125649,0.410194,0.075478,0.000000
1772464079.511728,32.131621,0.122987,0.402960,0.087031,0.000000
1772464079.525151,32.145044,0.119886,0.398050,0.054994,0.000000
1772464079.537793,32.157686,0.117504,0.434059,0.055436,0.000000
1772464079.550699,32.170592,0.115319,0.441600,0.052433,0.000000
1772464079.561590,32.181483,0.113950,0.490490,0.041733,0.000000
1772464079.575194,32.195087,0.113102,0.513298,0.040439,0.000000
1772464079.588055,32.207948,0.112349,0.521593,0.034611,0.000000
1772464079.600136,32.220029,0.111699,0.525949,0.033157,0.000000
1772464079.612527,32.232420,0.111677,0.545324,0.039077,0.000000
1772464079.625332,32.245225,0.113431,0.605115,0.042835,0.000000
1772464079.638023,32.257916,0.117214,0.653342,0.055456,0.000000
1772464079.650490,32.270383,0.122147,0.679725,0.062299,0.000000
1772464079.661752,32.281646,0.129582,0.735953,0.065987,0.000000
1772464079.675218,32.295111,0.138178,0.762064,0.069903,0.000000
1772464079.687841,32.307734,0.149145,0.812603,0.070176,0.000000
1772464079.700750,32.320643,0.162265,0.861495,0.066979,0.000000
1772464079.711481,32.331374,0.177339,0.907025,0.063925,0.000000
1772464079.724964,32.344857,0.191872,0.920677,0.053690,0.000000
1772464079.737251,32.357144,0.205148,0.922727,0.043104,0.000000
1772464079.750216,32.370110,0.216738,0.912587,0.036697,0.000000
1772464079.761387,32.381280,0.224569,0.863954,0.032484,0.000000
1772464079.774913,32.394806,0.229794,0.826002,0.031518,0.000000
1772464079.787181,32.407074,0.233173,0.796016,0.032014,0.000000
1772464079.800131,32.420024,0.235268,0.771798,0.034393,0.000000
1772464079.811285,32.431179,0.236200,0.746080,0.038346,0.000000
1772464079.825236,32.445129,0.235705,0.711091,0.043036,0.000000
1772464079.837604,32.457497,0.234121,0.683419,0.044336,0.000000
1772464079.850170,32.470063,0.229717,0.586135,0.060663,0.000000
1772464079.861300,32.481194,0.223196,0.525142,0.033831,0.000000
1772464079.874802,32.494695,0.216141,0.493722,0.023458,0.000000
1772464079.887177,32.507070,0.208746,0.469146,0.008021,0.000000
1772464079.900100,32.519993,0.200866,0.413114,0.002808,0.000000
1772464079.911356,32.531249,0.192902,0.370029,0.002453,0.000000
1772464079.925269,32.545162,0.184972,0.329059,0.003380,0.000000
1772464079.937207,32.557100,0.177176,0.291087,0.007045,0.000000
1772464079.949966,32.569859,0.169771,0.277401,0.020926,0.000000
1772464079.961405,32.581298,0.162749,0.247842,0.052323,0.000000
1772464079.974945,32.594838,0.155805,0.231158,0.026718,0.000000
1772464079.987435,32.607328,0.148944,0.195065,0.011627,0.000000
1772464080.000029,32.619922,0.142336,0.178516,0.007280,0.000000
1772464080.011436,32.631329,0.135960,0.155564,0.004908,0.000000
1772464080.024993,32.644886,0.129877,0.149502,0.004135,0.000000
1772464080.037233,32.657126,0.124073,0.141990,0.003881,0.000000
1772464080.050062,32.669955,0.118528,0.133113,0.003861,0.000000
1772464080.061413,32.681306,0.113245,0.127713,0.004071,0.000000
1772464080.074821,32.694715,0.108222,0.126444,0.004421,0.000000
1772464080.087474,32.707367,0.103452,0.126077,0.005022,0.000000
1772464080.099797,32.719690,0.098928,0.127917,0.005639,0.000000
1772464080.111670,32.731563,0.094676,0.142621,0.004897,0.000000
1772464080.125031,32.744924,0.090656,0.147779,0.005223,0.000000
1772464080.137433,32.757326,0.086874,0.157901,0.005544,0.000000
1772464080.149739,32.769632,0.083289,0.157901,0.007535,0.000000
1772464080.161295,32.781188,0.079996,0.185227,0.008274,0.000000
1772464080.175057,32.794950,0.076910,0.191686,0.011589,0.000000
1772464080.187459,32.807352,0.074002,0.189191,0.019233,0.000000
1772464080.199781,32.819674,0.071335,0.195347,0.033009,0.000000
1772464080.211209,32.831102,0.068955,0.182964,0.073712,0.000000
1772464080.224780,32.844673,0.066950,0.192097,0.104668,0.000000
1772464080.237164,32.857057,0.064977,0.211701,0.075029,0.000000
1772464080.249874,32.869767,0.062940,0.227310,0.033711,0.000000
1772464080.261353,32.881246,0.061072,0.251470,0.020474,0.000000
1772464080.274741,32.894634,0.059311,0.259265,0.014850,0.000000
1772464080.287396,32.907289,0.057744,0.279236,0.011156,0.000000
1772464080.299900,32.919793,0.056238,0.276055,0.011734,0.000000
1772464080.311271,32.931165,0.054920,0.291418,0.012578,0.000000
1772464080.324454,32.944347,0.053742,0.299262,0.014644,0.000000
1772464080.337017,32.956910,0.052572,0.290237,0.016897,0.000000
1772464080.349624,32.969517,0.051363,0.271905,0.021524,0.000000
1772464080.361374,32.981267,0.050064,0.240634,0.029786,0.000000
1772464080.374509,32.994402,0.048851,0.231013,0.042763,0.000000
1772464080.387018,33.006912,0.047693,0.220504,0.052317,0.000000
1772464080.399686,33.019579,0.046534,0.215080,0.048252,0.000000
1772464080.411262,33.031155,0.045352,0.209626,0.039627,0.000000
1772464080.424594,33.044487,0.044267,0.222612,0.033211,0.000000
1772464080.437030,33.056923,0.043411,0.249455,0.034762,0.000000
1772464080.449696,33.069589,0.042816,0.270134,0.044803,0.000000
1772464080.461424,33.081317,0.042674,0.292123,0.072161,0.000000
1772464080.474636,33.094529,0.044683,0.345512,0.173654,0.000000
1772464080.487050,33.106943,0.057393,0.375519,0.453961,0.000000
1772464080.500238,33.120131,0.063408,0.421965,0.271604,0.000000
1772464080.511270,33.131163,0.064684,0.445073,0.089599,0.000000
1772464080.524604,33.144497,0.065605,0.464579,0.055209,0.000000
1772464080.537030,33.156923,0.066089,0.462754,0.035630,0.000000
1772464080.549730,33.169623,0.065922,0.451113,0.008145,0.000000
1772464080.561268,33.181161,0.065341,0.425926,0.002531,0.000000
1772464080.574542,33.194435,0.064478,0.400608,0.002296,0.000000
1772464080.587100,33.206993,0.063243,0.360409,0.002829,0.000000
1772464080.599719,33.219612,0.061894,0.338949,0.005049,0.000000
1772464080.612167,33.232060,0.060300,0.298339,0.006609,0.000000
1772464080.625001,33.244894,0.058403,0.236393,0.007882,0.000000
1772464080.637212,33.257105,0.056576,0.225943,0.013949,0.000000
1772464080.649048,33.268941,0.054739,0.202540,0.017358,0.000000
1772464080.661837,33.281730,0.052907,0.182532,0.018814,0.000000
1772464080.674248,33.294141,0.051034,0.155728,0.013312,0.000000
1772464080.687044,33.306937,0.049249,0.153510,0.014153,0.000000
1772464080.699606,33.319499,0.047466,0.132481,0.010473,0.000000
1772464080.711165,33.331058,0.045744,0.124133,0.010405,0.000000
1772464080.724468,33.344361,0.044092,0.118466,0.010713,0.000000
1772464080.737096,33.356989,0.042499,0.112985,0.008974,0.000000
1772464080.750000,33.369893,0.041014,0.115852,0.015037,0.000000
1772464080.761261,33.381154,0.039615,0.122748,0.011644,0.000000
1772464080.773776,33.393669,0.038284,0.129541,0.004597,0.000000
1772464080.787349,33.407243,0.037015,0.129435,0.003188,0.000000
1772464080.799759,33.419652,0.035848,0.141701,0.002517,0.000000
1772464080.811241,33.431134,0.034784,0.154534,0.002709,0.000000
1772464080.824805,33.444698,0.033839,0.171146,0.003382,0.000000
1772464080.837464,33.457357,0.033014,0.187384,0.005252,0.000000
1772464080.850293,33.470186,0.032383,0.218789,0.006878,0.000000
1772464080.861735,33.481628,0.031990,0.253566,0.009652,0.000000
1772464080.874610,33.494503,0.031967,0.301472,0.013557,0.000000
1772464080.887694,33.507587,0.032205,0.328918,0.017716,0.000000
1772464080.900509,33.520402,0.033145,0.393227,0.022130,0.000000
1772464080.911407,33.531300,0.034945,0.427346,0.052651,0.000000
1772464080.924788,33.544681,0.038068,0.474132,0.080616,0.000000
1772464080.937742,33.557635,0.042646,0.526406,0.092746,0.000000
1772464080.950641,33.570534,0.047980,0.556809,0.095186,0.000000
1772464080.961367,33.581260,0.053977,0.603543,0.076374,0.000000
1772464080.974773,33.594666,0.060450,0.626463,0.074890,0.000000
1772464080.987341,33.607234,0.066424,0.647185,0.049465,0.000000
1772464081.000149,33.620042,0.072640,0.675733,0.035222,0.000000
1772464081.012043,33.631936,0.078939,0.687528,0.033480,0.000000
1772464081.025223,33.645117,0.085373,0.693584,0.038549,0.000000
1772464081.037584,33.657477,0.092281,0.709885,0.041072,0.000000
1772464081.050104,33.669997,0.099082,0.709372,0.047042,0.000000
1772464081.061320,33.681213,0.105457,0.706304,0.048155,0.000000
1772464081.074883,33.694776,0.110892,0.697400,0.042596,0.000000
1772464081.087322,33.707215,0.115775,0.688375,0.044881,0.000000
1772464081.100000,33.719893,0.120519,0.671607,0.064216,0.000000
1772464081.111405,33.731298,0.126485,0.648776,0.120511,0.000000
1772464081.124950,33.744843,0.139048,0.635937,0.264233,0.000000
1772464081.137234,33.757127,0.141072,0.572713,0.123377,0.000000
1772464081.151051,33.770944,0.140333,0.567570,0.045577,0.000000
1772464081.161843,33.781736,0.138792,0.554672,0.026216,0.000000
1772464081.175349,33.795242,0.138354,0.595514,0.024334,0.000000
1772464081.188152,33.808045,0.140118,0.669000,0.018998,0.000000
1772464081.200397,33.820290,0.141341,0.662678,0.012391,0.000000
1772464081.211863,33.831756,0.145014,0.728612,0.012159,0.000000
1772464081.225221,33.845114,0.152144,0.806943,0.011654,0.000000
1772464081.238067,33.857960,0.160878,0.837098,0.018376,0.000000
1772464081.250824,33.870718,0.169803,0.849602,0.017186,0.000000
1772464081.261895,33.881788,0.176759,0.826099,0.012876,0.000000
1772464081.275394,33.895287,0.181976,0.800750,0.011431,0.000000
1772464081.287724,33.907617,0.185780,0.776796,0.011998,0.000000
1772464081.300856,33.920749,0.187327,0.728253,0.014767,0.000000
1772464081.311578,33.931471,0.186948,0.675737,0.020643,0.000000
1772464081.325329,33.945222,0.185093,0.618597,0.034263,0.000000
1772464081.337663,33.957556,0.183969,0.596400,0.075815,0.000000
1772464081.350713,33.970606,0.185819,0.563699,0.184283,0.000000
1772464081.362067,33.981960,0.185639,0.515826,0.183896,0.000000
1772464081.375352,33.995245,0.179707,0.472907,0.000366,0.000000
1772464081.387902,34.007795,0.173867,0.458939,0.000818,0.000000
1772464081.400422,34.020315,0.168008,0.433831,0.003804,0.000000
1772464081.411812,34.031705,0.161954,0.385698,0.012115,0.000000
1772464081.425312,34.045205,0.156108,0.362898,0.026239,0.000000
1772464081.437787,34.057680,0.150346,0.337834,0.031072,0.000000
1772464081.450563,34.070456,0.144599,0.313010,0.025935,0.000000
1772464081.461919,34.081812,0.139000,0.304766,0.017334,0.000000
1772464081.475271,34.095164,0.133609,0.301510,0.011195,0.000000
1772464081.487559,34.107452,0.128477,0.301616,0.009716,0.000000
1772464081.501103,34.120996,0.123463,0.287017,0.004969,0.000000
1772464081.511590,34.131483,0.118763,0.298001,0.003079,0.000000
1772464081.525444,34.145337,0.114369,0.308492,0.002355,0.000000
1772464081.537899,34.157792,0.110335,0.325757,0.002997,0.000000
1772464081.550083,34.169976,0.106771,0.356275,0.003114,0.000000
1772464081.561579,34.181472,0.103509,0.368553,0.003682,0.000000
1772464081.574992,34.194885,0.100658,0.391338,0.004428,0.000000
1772464081.587509,34.207402,0.098197,0.410826,0.006233,0.000000
1772464081.601095,34.220988,0.095937,0.414542,0.008887,0.000000
1772464081.612110,34.232003,0.093733,0.405938,0.012856,0.000000
1772464081.625285,34.245178,0.091667,0.405938,0.015085,0.000000
1772464081.638148,34.258041,0.090055,0.425416,0.022290,0.000000
1772464081.649905,34.269798,0.088558,0.425416,0.024675,0.000000
1772464081.662355,34.282248,0.087591,0.449905,0.030347,0.000000
1772464081.675081,34.294975,0.087004,0.456964,0.042974,0.000000
1772464081.687334,34.307227,0.086630,0.463902,0.046364,0.000000
1772464081.700281,34.320174,0.086250,0.470364,0.038484,0.000000
1772464081.711454,34.331347,0.085687,0.465053,0.032476,0.000000
1772464081.724963,34.344857,0.084800,0.446751,0.029511,0.000000
1772464081.737321,34.357214,0.083646,0.423908,0.031796,0.000000
1772464081.750403,34.370296,0.082102,0.400928,0.021546,0.000000
1772464081.761465,34.381358,0.080843,0.394336,0.044145,0.000000
1772464081.774937,34.394830,0.082197,0.387989,0.189602,0.000000
1772464081.787556,34.407449,0.081325,0.381472,0.084469,0.000000
1772464081.800470,34.420363,0.079713,0.370508,0.036785,0.000000
1772464081.811553,34.431446,0.078010,0.362239,0.029772,0.000000
1772464081.825002,34.444895,0.076321,0.352461,0.032898,0.000000
1772464081.837366,34.457259,0.074696,0.349406,0.034052,0.000000
1772464081.849999,34.469892,0.073153,0.349406,0.034081,0.000000
1772464081.861458,34.481351,0.071947,0.372192,0.034818,0.000000
1772464081.875172,34.495065,0.071024,0.391428,0.033885,0.000000
1772464081.887654,34.507547,0.070438,0.411771,0.035407,0.000000
1772464081.900168,34.520061,0.070173,0.427527,0.039708,0.000000
1772464081.911552,34.531446,0.070195,0.437671,0.046861,0.000000
1772464081.925108,34.545001,0.070222,0.437671,0.047230,0.000000
1772464081.937580,34.557473,0.070625,0.441350,0.065475,0.000000
1772464081.950351,34.570244,0.070996,0.428288,0.077892,0.000000
1772464081.961403,34.581296,0.072518,0.416827,0.146868,0.000000
1772464081.975004,34.594897,0.076257,0.382724,0.266089,0.000000
1772464081.987373,34.607266,0.077924,0.354290,0.226745,0.000000
1772464082.000452,34.620345,0.076337,0.310311,0.084107,0.000000
1772464082.011482,34.631375,0.074305,0.306753,0.034019,0.000000
1772464082.025068,34.644961,0.071998,0.270713,0.021021,0.000000
1772464082.037380,34.657273,0.069665,0.256927,0.013084,0.000000
1772464082.050140,34.670033,0.067430,0.256493,0.010594,0.000000
1772464082.061434,34.681327,0.065382,0.269252,0.009815,0.000000
1772464082.074848,34.694741,0.063536,0.284236,0.009657,0.000000
1772464082.087387,34.707280,0.062147,0.330922,0.010200,0.000000
1772464082.100571,34.720464,0.061491,0.394521,0.012421,0.000000
1772464082.111487,34.731380,0.061343,0.429073,0.015313,0.000000
1772464082.125128,34.745021,0.061590,0.453208,0.017796,0.000000
1772464082.137410,34.757303,0.062856,0.512170,0.017430,0.000000
1772464082.150301,34.770194,0.064442,0.536807,0.011392,0.000000
1772464082.161542,34.781435,0.065852,0.534666,0.008954,0.000000
1772464082.175078,34.794971,0.066661,0.506484,0.010532,0.000000
1772464082.187599,34.807492,0.066673,0.462270,0.010668,0.000000
1772464082.200557,34.820451,0.065655,0.381612,0.013388,0.000000
1772464082.211615,34.831508,0.064132,0.314908,0.022927,0.000000
1772464082.224848,34.844741,0.062431,0.279758,0.025756,0.000000
1772464082.237050,34.856943,0.060366,0.219739,0.013184,0.000000
1772464082.250562,34.870455,0.058199,0.179499,0.009182,0.000000
1772464082.261716,34.881609,0.056149,0.182566,0.008383,0.000000
1772464082.274989,34.894882,0.054432,0.230720,0.008687,0.000000
1772464082.287374,34.907267,0.053185,0.290888,0.010297,0.000000
1772464082.300196,34.920089,0.052563,0.357676,0.010539,0.000000
1772464082.311472,34.931365,0.052524,0.407037,0.011460,0.000000
1772464082.324935,34.944828,0.052987,0.437281,0.018660,0.000000
1772464082.337329,34.957222,0.054594,0.512948,0.012136,0.000000
1772464082.350780,34.970673,0.057800,0.591161,0.007908,0.000000
1772464082.361876,34.981769,0.064442,0.702099,0.008734,0.000000
1772464082.375507,34.995400,0.072173,0.732415,0.013351,0.000000
1772464082.388103,35.007996,0.082927,0.806473,0.011780,0.000000
1772464082.401197,35.021090,0.095550,0.856643,0.006567,0.000000
1772464082.411743,35.031636,0.108832,0.882162,0.003804,0.000000
1772464082.425380,35.045273,0.122847,0.906820,0.002981,0.000000
1772464082.438585,35.058478,0.136613,0.914531,0.002850,0.000000
1772464082.451523,35.071416,0.149632,0.913730,0.002662,0.000000
1772464082.461939,35.081832,0.161880,0.911205,0.003189,0.000000
1772464082.475598,35.095491,0.172275,0.889810,0.003554,0.000000
1772464082.488070,35.107963,0.181766,0.881416,0.005332,0.000000
1772464082.501256,35.121149,0.189472,0.855633,0.008030,0.000000
1772464082.511824,35.131717,0.195700,0.830079,0.013652,0.000000
1772464082.525407,35.145300,0.199666,0.780208,0.025935,0.000000
1772464082.537712,35.157605,0.204134,0.758020,0.061946,0.000000
1772464082.550135,35.170028,0.206564,0.697870,0.085326,0.000000
1772464082.561360,35.181253,0.204436,0.626206,0.048050,0.000000
1772464082.574783,35.194676,0.200229,0.584665,0.017409,0.000000
1772464082.587399,35.207292,0.194787,0.531124,0.009519,0.000000
1772464082.600053,35.219946,0.189145,0.509902,0.006873,0.000000
1772464082.612058,35.231951,0.188553,0.482711,0.210336,0.000000
1772464082.624721,35.244614,0.182533,0.455159,0.021767,0.000000
1772464082.637865,35.257758,0.176678,0.456078,0.012121,0.000000
1772464082.649958,35.269851,0.170981,0.451504,0.007677,0.000000
1772464082.662045,35.281939,0.165917,0.474981,0.006772,0.000000
1772464082.674970,35.294863,0.161194,0.482599,0.004507,0.000000
1772464082.687679,35.307572,0.156510,0.472119,0.002779,0.000000
1772464082.700250,35.320143,0.152002,0.469469,0.001700,0.000000
1772464082.711799,35.331692,0.147569,0.459337,0.001919,0.000000
1772464082.724853,35.344746,0.143105,0.439779,0.003732,0.000000
1772464082.737208,35.357101,0.138382,0.397640,0.007671,0.000000
1772464082.750323,35.370216,0.133533,0.352118,0.019513,0.000000
1772464082.761867,35.381760,0.128340,0.297584,0.004897,0.000000
1772464082.774952,35.394845,0.123246,0.276991,0.002014,0.000000
1772464082.787286,35.407179,0.118160,0.235900,0.000678,0.000000
1772464082.799858,35.419751,0.113225,0.213893,0.002121,0.000000
1772464082.811187,35.431080,0.108483,0.202928,0.001648,0.000000
1772464082.824620,35.444513,0.103947,0.195855,0.001479,0.000000
1772464082.837324,35.457217,0.099645,0.197285,0.001898,0.000000
1772464082.849803,35.469697,0.095594,0.204695,0.002338,0.000000
1772464082.861346,35.481239,0.091820,0.218853,0.003903,0.000000
1772464082.874596,35.494489,0.088292,0.225030,0.009141,0.000000
1772464082.887126,35.507020,0.085171,0.247652,0.026702,0.000000
1772464082.899888,35.519781,0.083128,0.265780,0.119935,0.000000
1772464082.911631,35.531524,0.081510,0.282969,0.131388,0.000000
1772464082.924963,35.544856,0.079434,0.305340,0.059000,0.000000
1772464082.937425,35.557318,0.077454,0.326840,0.036680,0.000000
1772464082.949953,35.569846,0.075894,0.364627,0.030147,0.000000
1772464082.961298,35.581191,0.074328,0.364488,0.022454,0.000000
1772464082.974748,35.594641,0.073109,0.391465,0.019470,0.000000
1772464082.987176,35.607069,0.072178,0.405091,0.024179,0.000000
1772464083.000533,35.620426,0.071291,0.414170,0.014880,0.000000
1772464083.011549,35.631442,0.070476,0.418062,0.013132,0.000000
1772464083.024922,35.644815,0.069773,0.418353,0.018246,0.000000
1772464083.037293,35.657186,0.069107,0.409701,0.027043,0.000000
1772464083.049829,35.669723,0.068348,0.396040,0.031021,0.000000
1772464083.061306,35.681199,0.067205,0.365599,0.025653,0.000000
1772464083.074729,35.694622,0.065710,0.332768,0.017153,0.000000
1772464083.087436,35.707329,0.064043,0.305652,0.014786,0.000000
1772464083.100154,35.720047,0.062195,0.273485,0.010212,0.000000
1772464083.111672,35.731565,0.060304,0.254406,0.007689,0.000000
1772464083.124668,35.744561,0.058370,0.231099,0.006414,0.000000
1772464083.137026,35.756919,0.056475,0.213216,0.013270,0.000000
1772464083.149830,35.769723,0.054563,0.194413,0.008388,0.000000
1772464083.161710,35.781603,0.052697,0.186379,0.005112,0.000000
1772464083.174849,35.794742,0.050881,0.175843,0.004980,0.000000
1772464083.187350,35.807243,0.049103,0.162874,0.004543,0.000000
1772464083.200118,35.820011,0.047391,0.155365,0.005874,0.000000
1772464083.211654,35.831547,0.045760,0.151179,0.008757,0.000000
1772464083.225053,35.844946,0.044213,0.146014,0.014718,0.000000
1772464083.237446,35.857339,0.042779,0.137440,0.032567,0.000000
1772464083.250101,35.869994,0.041440,0.138879,0.037464,0.000000
1772464083.261516,35.881409,0.040551,0.146330,0.109632,0.000000
1772464083.274888,35.894781,0.040388,0.151450,0.198349,0.000000
1772464083.287252,35.907145,0.039526,0.166889,0.084610,0.000000
1772464083.299928,35.919821,0.038602,0.178261,0.053702,0.000000
1772464083.311225,35.931118,0.037770,0.201047,0.039752,0.000000
1772464083.324704,35.944597,0.037054,0.218919,0.035200,0.000000
1772464083.337425,35.957318,0.036421,0.229739,0.032590,0.000000
1772464083.349684,35.969578,0.035853,0.238344,0.029432,0.000000
1772464083.361273,35.981166,0.035245,0.235726,0.020554,0.000000
1772464083.374794,35.994688,0.034749,0.245636,0.024352,0.000000
1772464083.387412,36.007305,0.034307,0.252809,0.021819,0.000000
1772464083.399878,36.019771,0.033888,0.259620,0.015110,0.000000
1772464083.411215,36.031108,0.033571,0.275481,0.011649,0.000000
1772464083.425053,36.044946,0.033314,0.284405,0.009304,0.000000
1772464083.437596,36.057489,0.033204,0.303842,0.008511,0.000000
1772464083.450580,36.070473,0.033093,0.302858,0.008545,0.000000
1772464083.461756,36.081650,0.033066,0.314691,0.006952,0.000000
1772464083.475040,36.094934,0.033131,0.326899,0.005944,0.000000
1772464083.487716,36.107609,0.033516,0.363602,0.005067,0.000000
1772464083.500850,36.120743,0.034133,0.388018,0.004935,0.000000
1772464083.511731,36.131624,0.035187,0.426547,0.005490,0.000000
1772464083.525258,36.145151,0.036468,0.445170,0.007396,0.000000
1772464083.537585,36.157479,0.038107,0.471601,0.008759,0.000000
1772464083.550490,36.170383,0.040120,0.494383,0.012628,0.000000
1772464083.561817,36.181710,0.042825,0.522027,0.025372,0.000000
1772464083.575114,36.195007,0.045961,0.527133,0.045439,0.000000
1772464083.587529,36.207422,0.050068,0.528817,0.087601,0.000000
1772464083.600858,36.220751,0.055142,0.526151,0.129364,0.000000
1772464083.611639,36.231532,0.059837,0.519818,0.131743,0.000000
1772464083.624658,36.244551,0.063126,0.503121,0.108819,0.000000
1772464083.637675,36.257568,0.065330,0.491948,0.084131,0.000000
1772464083.649112,36.269005,0.066951,0.488547,0.066973,0.000000
1772464083.662031,36.281924,0.068650,0.512842,0.049771,0.000000
1772464083.674391,36.294284,0.069773,0.494949,0.045008,0.000000
1772464083.687806,36.307699,0.070602,0.488874,0.039313,0.000000
1772464083.700470,36.320363,0.071208,0.477929,0.040924,0.000000
1772464083.711844,36.331738,0.072257,0.515697,0.026852,0.000000
1772464083.725195,36.345088,0.073120,0.518326,0.017780,0.000000
1772464083.737471,36.357364,0.073670,0.507964,0.014484,0.000000
1772464083.750665,36.370558,0.073967,0.496615,0.013865,0.000000
1772464083.761483,36.381377,0.075153,0.544821,0.010521,0.000000
1772464083.774950,36.394843,0.076207,0.541222,0.010836,0.000000
1772464083.787146,36.407039,0.077055,0.532558,0.012320,0.000000
1772464083.800695,36.420588,0.077539,0.511908,0.017239,0.000000
1772464083.811683,36.431576,0.079131,0.562481,0.018128,0.000000
1772464083.825138,36.445031,0.080638,0.548491,0.031841,0.000000
1772464083.837510,36.457403,0.082586,0.543655,0.057104,0.000000
1772464083.850685,36.470578,0.084636,0.519923,0.088313,0.000000
1772464083.861722,36.481615,0.086342,0.521017,0.078109,0.000000
1772464083.875067,36.494960,0.087543,0.523494,0.059109,0.000000
1772464083.887389,36.507282,0.088297,0.526349,0.039971,0.000000
1772464083.899976,36.519870,0.088514,0.529663,0.013963,0.000000
1772464083.911390,36.531283,0.088685,0.533917,0.008035,0.000000
1772464083.924709,36.544602,0.088952,0.539582,0.007337,0.000000
1772464083.937371,36.557265,0.089570,0.556336,0.007094,0.000000
1772464083.949984,36.569877,0.090575,0.573274,0.007926,0.000000
1772464083.961566,36.581459,0.092103,0.595475,0.008188,0.000000
1772464083.975182,36.595075,0.094251,0.619886,0.008707,0.000000
1772464083.987712,36.607605,0.097256,0.647585,0.012239,0.000000
1772464084.000566,36.620459,0.100407,0.649254,0.019518,0.000000
1772464084.011757,36.631650,0.105720,0.691622,0.039352,0.000000
1772464084.025138,36.645031,0.109918,0.691933,0.017647,0.000000
1772464084.037274,36.657167,0.113775,0.698915,0.007231,0.000000
1772464084.050234,36.670127,0.117515,0.702903,0.005239,0.000000
1772464084.061316,36.681209,0.121181,0.706060,0.005022,0.000000
1772464084.074948,36.694841,0.124716,0.706811,0.005614,0.000000
1772464084.087249,36.707142,0.129752,0.746014,0.007144,0.000000
1772464084.100402,36.720295,0.134248,0.735939,0.010545,0.000000
1772464084.111442,36.731335,0.138159,0.720987,0.016992,0.000000
1772464084.124805,36.744698,0.142637,0.723452,0.032296,0.000000
1772464084.137784,36.757678,0.147636,0.664098,0.108239,0.000000
1772464084.150943,36.770836,0.165113,0.598971,0.398767,0.000000
1772464084.161661,36.781554,0.179160,0.567041,0.389633,0.000000
1772464084.175224,36.795117,0.192297,0.485474,0.467826,0.000000
1772464084.187871,36.807764,0.199515,0.443629,0.420732,0.000000
1772464084.200567,36.820461,0.196896,0.440999,0.207533,0.000000
1772464084.211812,36.831705,0.192176,0.437075,0.128981,0.000000
1772464084.224952,36.844845,0.187064,0.447089,0.090047,0.000000
1772464084.237421,36.857314,0.181856,0.454533,0.064731,0.000000
1772464084.250287,36.870180,0.176608,0.466878,0.036073,0.000000
1772464084.261364,36.881257,0.171748,0.484043,0.025856,0.000000
1772464084.274857,36.894750,0.167119,0.487352,0.021949,0.000000
1772464084.287234,36.907127,0.163516,0.523008,0.026310,0.000000
1772464084.300269,36.920162,0.160336,0.541954,0.018389,0.000000
1772464084.311532,36.931425,0.157758,0.570987,0.008376,0.000000
1772464084.324786,36.944679,0.155670,0.587827,0.005972,0.000000
1772464084.337801,36.957694,0.153701,0.585876,0.008515,0.000000
1772464084.349840,36.969733,0.151926,0.587308,0.010799,0.000000
1772464084.361485,36.981379,0.150360,0.583572,0.019072,0.000000
1772464084.374952,36.994845,0.149253,0.582002,0.034648,0.000000
1772464084.387414,37.007308,0.149119,0.578533,0.069128,0.000000
1772464084.400339,37.020232,0.148952,0.577402,0.068966,0.000000
1772464084.411397,37.031290,0.148619,0.572689,0.068054,0.000000
1772464084.424740,37.044633,0.147894,0.593791,0.033205,0.000000
1772464084.437794,37.057687,0.147666,0.589354,0.053044,0.000000
1772464084.450530,37.070423,0.147234,0.591202,0.044132,0.000000
1772464084.461841,37.081734,0.146436,0.589888,0.032171,0.000000
1772464084.475616,37.095509,0.145318,0.579084,0.030014,0.000000
1772464084.487930,37.107823,0.144025,0.573916,0.026572,0.000000
1772464084.500277,37.120170,0.142574,0.571500,0.020399,0.000000
1772464084.511397,37.131290,0.141129,0.566482,0.022771,0.000000
1772464084.524912,37.144805,0.139565,0.553428,0.028106,0.000000
1772464084.537335,37.157228,0.137833,0.543273,0.027991,0.000000
1772464084.550700,37.170593,0.135834,0.529130,0.026607,0.000000
1772464084.561246,37.181139,0.133602,0.513007,0.027187,0.000000
1772464084.574945,37.194838,0.131136,0.498064,0.024795,0.000000
1772464084.587188,37.207081,0.128574,0.492522,0.018721,0.000000
1772464084.600272,37.220165,0.125775,0.474883,0.015664,0.000000
1772464084.611306,37.231200,0.123028,0.467512,0.017692,0.000000
1772464084.625066,37.244959,0.120401,0.461435,0.022717,0.000000
1772464084.637961,37.257854,0.117775,0.451282,0.024772,0.000000
1772464084.650362,37.270255,0.115211,0.446094,0.025556,0.000000
1772464084.662820,37.282713,0.112830,0.441411,0.033724,0.000000
1772464084.675067,37.294960,0.110622,0.441411,0.037144,0.000000
1772464084.688650,37.308543,0.108691,0.435036,0.053665,0.000000
1772464084.700604,37.320497,0.107182,0.442090,0.065376,0.000000
1772464084.711446,37.331339,0.105957,0.445687,0.073038,0.000000
1772464084.725008,37.344901,0.105044,0.451383,0.080158,0.000000
1772464084.737449,37.357342,0.104780,0.451575,0.108461,0.000000
1772464084.750331,37.370224,0.105257,0.459028,0.131499,0.000000
1772464084.761143,37.381037,0.105056,0.452401,0.110905,0.000000
1772464084.774838,37.394731,0.104296,0.453683,0.083237,0.000000
1772464084.787297,37.407191,0.102729,0.454046,0.037492,0.000000
1772464084.799990,37.419883,0.105170,0.447222,0.208306,0.000000
1772464084.811197,37.431090,0.105273,0.454372,0.121753,0.000000
1772464084.824446,37.444339,0.104283,0.454055,0.071863,0.000000
1772464084.837062,37.456955,0.102124,0.433939,0.019699,0.000000
1772464084.849554,37.469447,0.100285,0.426209,0.041676,0.000000
1772464084.861540,37.481433,0.099382,0.426209,0.091300,0.000000
1772464084.874786,37.494679,0.098251,0.418268,0.084276,0.000000
1772464084.887268,37.507161,0.098585,0.418268,0.153013,0.000000
1772464084.900084,37.519977,0.098813,0.423861,0.143580,0.000000
1772464084.911513,37.531406,0.103760,0.429040,0.290891,0.000000
1772464084.924857,37.544750,0.116652,0.429040,0.457267,0.000000
1772464084.937148,37.557041,0.120395,0.443321,0.268635,0.000000
1772464084.950146,37.570039,0.119650,0.442835,0.129667,0.000000
1772464084.961536,37.581429,0.118685,0.443321,0.118016,0.000000
1772464084.974802,37.594695,0.117573,0.429523,0.122978,0.000000
1772464084.987178,37.607071,0.117579,0.429040,0.168081,0.000000
1772464085.000156,37.620049,0.125611,0.429523,0.379812,0.000000
1772464085.011156,37.631049,0.145048,0.429523,0.581955,0.000000
1772464085.024800,37.644693,0.165287,0.429523,0.610474,0.000000
1772464085.037064,37.656957,0.182978,0.429523,0.585774,0.000000
1772464085.049682,37.669575,0.198291,0.429523,0.561873,0.000000
1772464085.061258,37.681151,0.212520,0.429523,0.556762,0.000000
1772464085.074400,37.694293,0.228453,0.430349,0.594633,0.000000
1772464085.087415,37.707308,0.225705,0.414116,0.273660,0.000000
1772464085.100060,37.719953,0.217594,0.391911,0.069786,0.000000
1772464085.111609,37.731502,0.209026,0.373951,0.020773,0.000000
1772464085.124866,37.744759,0.200650,0.362481,0.009605,0.000000
1772464085.137299,37.757192,0.192555,0.351476,0.006284,0.000000
1772464085.150187,37.770080,0.184765,0.338574,0.008259,0.000000
1772464085.161557,37.781451,0.177387,0.342185,0.007107,0.000000
1772464085.174794,37.794687,0.170569,0.363624,0.006042,0.000000
1772464085.187447,37.807340,0.164132,0.367806,0.005943,0.000000
1772464085.199820,37.819713,0.158020,0.367806,0.006211,0.000000
1772464085.211690,37.831583,0.152188,0.364136,0.007278,0.000000
1772464085.224843,37.844736,0.146660,0.364136,0.008551,0.000000
1772464085.237096,37.856989,0.141437,0.364136,0.011411,0.000000
1772464085.250610,37.870503,0.136529,0.364136,0.016686,0.000000
1772464085.261586,37.881479,0.131963,0.364136,0.025831,0.000000
1772464085.274954,37.894847,0.127790,0.364136,0.040592,0.000000
1772464085.287482,37.907375,0.124111,0.364136,0.064078,0.000000
1772464085.300067,37.919960,0.121103,0.364136,0.099127,0.000000
1772464085.311692,37.931585,0.119000,0.360574,0.148345,0.000000
1772464085.324889,37.944782,0.118979,0.360574,0.238228,0.000000
1772464085.337589,37.957482,0.121552,0.357165,0.326346,0.000000
1772464085.350666,37.970559,0.121291,0.357592,0.236872,0.000000
1772464085.361738,37.981632,0.120195,0.377336,0.181805,0.000000
1772464085.374882,37.994775,0.116944,0.377336,0.054556,0.000000
1772464085.387321,38.007214,0.113665,0.377336,0.039456,0.000000
1772464085.400017,38.019910,0.110867,0.378015,0.063389,0.000000
1772464085.411683,38.031576,0.107780,0.378015,0.029378,0.000000
1772464085.425086,38.044979,0.105113,0.383350,0.045735,0.000000
1772464085.437586,38.057479,0.102367,0.380852,0.031033,0.000000
1772464085.449868,38.069762,0.099586,0.380852,0.016196,0.000000
1772464085.461460,38.081353,0.096966,0.380852,0.018067,0.000000
1772464085.474919,38.094812,0.095138,0.408398,0.042694,0.000000
1772464085.487956,38.107849,0.093068,0.399720,0.026626,0.000000
1772464085.501132,38.121025,0.092180,0.399720,0.098677,0.000000
1772464085.511897,38.131790,0.092775,0.399615,0.169865,0.000000
1772464085.525173,38.145066,0.092623,0.399720,0.136916,0.000000
1772464085.538024,38.157917,0.093574,0.399720,0.185444,0.000000
1772464085.550581,38.170475,0.095414,0.399720,0.220756,0.000000
1772464085.561824,38.181717,0.098361,0.399720,0.260111,0.000000
1772464085.575252,38.195145,0.102985,0.399720,0.311376,0.000000
1772464085.587381,38.207274,0.110285,0.399720,0.379471,0.000000
1772464085.600561,38.220454,0.120556,0.372381,0.472906,0.000000
1772464085.611411,38.231304,0.120629,0.372381,0.232915,0.000000
1772464085.625431,38.245324,0.119171,0.372381,0.168477,0.000000
1772464085.637975,38.257868,0.118248,0.372381,0.189726,0.000000
1772464085.650352,38.270246,0.118509,0.372381,0.235628,0.000000
1772464085.661736,38.281629,0.120635,0.372381,0.297492,0.000000
1772464085.675604,38.295497,0.125763,0.372381,0.378193,0.000000
1772464085.687897,38.307790,0.135691,0.372381,0.480818,0.000000
1772464085.699867,38.319760,0.149753,0.372394,0.560539,0.000000
1772464085.711854,38.331747,0.147055,0.372394,0.178630,0.000000
1772464085.725223,38.345116,0.143876,0.372394,0.148398,0.000000
1772464085.737871,38.357764,0.142099,0.372394,0.206040,0.000000
1772464085.751086,38.370979,0.143431,0.372664,0.308414,0.000000
1772464085.761742,38.381635,0.139687,0.372664,0.105472,0.000000
1772464085.775192,38.395085,0.135948,0.373185,0.093316,0.000000
1772464085.787452,38.407345,0.131757,0.373185,0.046698,0.000000
1772464085.800861,38.420754,0.127834,0.373185,0.051361,0.000000
1772464085.811847,38.431740,0.124238,0.373866,0.060855,0.000000
1772464085.825096,38.444989,0.120639,0.373866,0.046544,0.000000
1772464085.837325,38.457218,0.117292,0.374592,0.051646,0.000000
1772464085.850523,38.470416,0.113544,0.374592,0.001541,0.000000
1772464085.861350,38.481243,0.109977,0.374592,0.001002,0.000000
1772464085.874799,38.494692,0.106598,0.375561,0.000964,0.000000
1772464085.887453,38.507346,0.103398,0.375868,0.001637,0.000000
1772464085.900620,38.520513,0.100374,0.375868,0.003237,0.000000
1772464085.911494,38.531387,0.097543,0.375868,0.007235,0.000000
1772464085.924931,38.544824,0.094960,0.375868,0.017177,0.000000
1772464085.937356,38.557249,0.092814,0.377052,0.042539,0.000000
1772464085.950325,38.570218,0.091423,0.377846,0.088877,0.000000
1772464085.961779,38.581672,0.090091,0.377846,0.088213,0.000000
1772464085.974891,38.594784,0.090403,0.405285,0.146994,0.000000
1772464085.987303,38.607196,0.090905,0.405285,0.156253,0.000000
1772464086.000482,38.620375,0.091616,0.405285,0.166404,0.000000
1772464086.011429,38.631322,0.097483,0.433780,0.299962,0.000000
1772464086.024859,38.644752,0.098066,0.433780,0.146331,0.000000
1772464086.037291,38.657184,0.099393,0.464984,0.145108,0.000000
1772464086.049899,38.669792,0.099931,0.462952,0.119234,0.000000
1772464086.061395,38.681288,0.099401,0.462952,0.072671,0.000000
1772464086.074783,38.694676,0.098641,0.462952,0.059704,0.000000
1772464086.087130,38.707023,0.098051,0.462952,0.066516,0.000000
1772464086.100248,38.720141,0.098051,0.462952,0.093205,0.000000
1772464086.111367,38.731261,0.099502,0.462604,0.151986,0.000000
1772464086.124825,38.744718,0.101070,0.462518,0.158803,0.000000
1772464086.137181,38.757074,0.101476,0.462518,0.117667,0.000000
1772464086.149889,38.769782,0.102454,0.462518,0.140967,0.000000
1772464086.161251,38.781144,0.105275,0.462518,0.204159,0.000000
1772464086.174885,38.794778,0.111856,0.462250,0.303793,0.000000
1772464086.187488,38.807381,0.112312,0.464770,0.138573,0.000000
1772464086.200126,38.820019,0.112553,0.462250,0.133790,0.000000
1772464086.211467,38.831360,0.114412,0.462250,0.190392,0.000000
1772464086.225051,38.844944,0.121620,0.464770,0.324560,0.000000
1772464086.237395,38.857288,0.142538,0.462250,0.569797,0.000000
1772464086.250040,38.869933,0.173182,0.462250,0.763305,0.000000
1772464086.261406,38.881299,0.184780,0.436234,0.486944,0.000000
1772464086.274939,38.894832,0.180652,0.433671,0.131762,0.000000
1772464086.287404,38.907297,0.175296,0.431521,0.061752,0.000000
1772464086.300129,38.920022,0.170042,0.431521,0.051832,0.000000
1772464086.311584,38.931477,0.165269,0.433855,0.062448,0.000000
1772464086.325046,38.944939,0.161210,0.431521,0.090884,0.000000
1772464086.337504,38.957397,0.160435,0.431576,0.214689,0.000000
1772464086.350706,38.970599,0.159691,0.431576,0.214453,0.000000
1772464086.361453,38.981346,0.159544,0.431870,0.231614,0.000000
1772464086.374870,38.994763,0.155867,0.429718,0.097596,0.000000
1772464086.387654,39.007547,0.152498,0.431870,0.101661,0.000000
1772464086.399698,39.019591,0.150519,0.431870,0.155879,0.000000
1772464086.411397,39.031290,0.152189,0.429718,0.272287,0.000000
1772464086.424901,39.044794,0.165260,0.431870,0.498315,0.000000
1772464086.437721,39.057614,0.193588,0.429718,0.771061,0.000000
1772464086.449945,39.069838,0.197193,0.403650,0.393022,0.000000
1772464086.461222,39.081115,0.196162,0.431870,0.260180,0.000000
1772464086.474394,39.094287,0.218099,0.431870,0.678798,0.000000
1772464086.486941,39.106834,0.246930,0.431870,0.838847,0.000000
1772464086.499645,39.119539,0.267314,0.431870,0.695998,0.000000
1772464086.511547,39.131440,0.283071,0.434298,0.632277,0.000000
1772464086.524820,39.144713,0.280102,0.431868,0.319281,0.000000
1772464086.537050,39.156944,0.271640,0.434298,0.149291,0.000000
1772464086.549583,39.169477,0.266955,0.431868,0.262054,0.000000
1772464086.561163,39.181056,0.262595,0.431521,0.264876,0.000000
1772464086.574278,39.194171,0.253530,0.431521,0.083530,0.000000
1772464086.586886,39.206779,0.244917,0.431521,0.083445,0.000000
1772464086.601381,39.221274,0.238222,0.433855,0.150057,0.000000
1772464086.611235,39.231128,0.237651,0.431521,0.323185,0.000000
1772464086.624507,39.244400,0.257347,0.431429,0.676358,0.000000
1772464086.637228,39.257121,0.249290,0.433671,0.118344,0.000000
1772464086.649339,39.269232,0.241507,0.436234,0.109743,0.000000
1772464086.662130,39.282023,0.234906,0.436234,0.144553,0.000000
1772464086.674713,39.294606,0.230607,0.436234,0.215158,0.000000
1772464086.687269,39.307163,0.229902,0.436234,0.306531,0.000000
1772464086.699667,39.319560,0.233146,0.436234,0.389323,0.000000
1772464086.711390,39.331283,0.240234,0.436234,0.461517,0.000000
1772464086.724536,39.344429,0.251703,0.436234,0.539425,0.000000
1772464086.737049,39.356942,0.267860,0.433716,0.626609,0.000000
1772464086.749751,39.369644,0.282567,0.431429,0.618431,0.000000
1772464086.761237,39.381130,0.308041,0.431429,0.836042,0.000000
1772464086.774689,39.394582,0.318979,0.436234,0.585214,0.000000
1772464086.787022,39.406915,0.344570,0.433716,0.884556,0.000000
1772464086.799664,39.419558,0.354907,0.433671,0.607521,0.000000
1772464086.811234,39.431127,0.364928,0.433671,0.610765,0.000000
1772464086.824607,39.444500,0.362926,0.433671,0.420060,0.000000
1772464086.837056,39.456949,0.363173,0.433671,0.458054,0.000000
1772464086.849963,39.469856,0.372999,0.436234,0.611739,0.000000
1772464086.861287,39.481180,0.392266,0.433671,0.795059,0.000000
1772464086.874552,39.494445,0.417488,0.433671,0.998556,0.000000
1772464086.887064,39.506957,0.440199,0.431429,0.951796,0.000000
1772464086.899746,39.519639,0.451311,0.436234,0.698608,0.000000
1772464086.911292,39.531185,0.451172,0.433716,0.524955,0.000000
1772464086.924718,39.544611,0.438999,0.436234,0.296002,0.000000
1772464086.937235,39.557128,0.442089,0.433671,0.566980,0.000000
1772464086.949615,39.569508,0.451293,0.431429,0.671726,0.000000
1772464086.961445,39.581338,0.460726,0.408002,0.707039,0.000000
1772464086.974772,39.594665,0.441192,0.405523,0.077248,0.000000
1772464086.987138,39.607031,0.422602,0.405303,0.075517,0.000000
1772464086.999890,39.619783,0.404886,0.408002,0.069310,0.000000
1772464087.011358,39.631251,0.390023,0.408002,0.168937,0.000000
1772464087.024847,39.644740,0.388726,0.405523,0.482952,0.000000
1772464087.037135,39.657028,0.412503,0.405303,0.964909,0.000000
1772464087.049929,39.669822,0.423587,0.408002,0.702045,0.000000
1772464087.061423,39.681316,0.445339,0.408002,0.952779,0.000000
1772464087.074819,39.694712,0.460227,0.408002,0.804431,0.000000
1772464087.087526,39.707419,0.469457,0.405523,0.713755,0.000000
1772464087.100106,39.719999,0.469291,0.405523,0.567341,0.000000
1772464087.111561,39.731454,0.472042,0.408002,0.611458,0.000000
1772464087.124848,39.744741,0.489893,0.405523,0.910281,0.000000
1772464087.137433,39.757326,0.505322,0.405523,0.869831,0.000000
1772464087.149868,39.769761,0.520057,0.403088,0.874193,0.000000
1772464087.161377,39.781270,0.519918,0.431429,0.582403,0.000000
1772464087.174944,39.794837,0.501033,0.436234,0.204367,0.000000
1772464087.187366,39.807259,0.480416,0.433671,0.100371,0.000000
1772464087.199734,39.819628,0.461581,0.433671,0.135022,0.000000
1772464087.211392,39.831285,0.445376,0.431429,0.201284,0.000000
1772464087.224805,39.844698,0.429613,0.431429,0.188610,0.000000
1772464087.237318,39.857211,0.416366,0.433671,0.241557,0.000000
1772464087.250089,39.869982,0.433821,0.431429,0.805136,0.000000
1772464087.261486,39.881379,0.447257,0.433671,0.738218,0.000000
1772464087.274947,39.894840,0.468001,0.433671,0.932946,0.000000
1772464087.287193,39.907086,0.481278,0.433671,0.768871,0.000000
1772464087.300026,39.919919,0.493298,0.431429,0.759128,0.000000
1772464087.311815,39.931708,0.510673,0.433671,0.899154,0.000000
1772464087.324834,39.944727,0.529755,0.433671,0.989255,0.000000
1772464087.337380,39.957273,0.546380,0.433671,0.933164,0.000000
1772464087.350340,39.970233,0.561982,0.433671,0.926765,0.000000
1772464087.361481,39.981374,0.577400,0.433671,0.947133,0.000000
1772464087.374910,39.994803,0.592590,0.433671,0.967104,0.000000
1772464087.387413,40.007306,0.607366,0.433671,0.980631,0.000000
1772464087.400917,40.020810,0.621589,0.433671,0.988251,0.000000
1772464087.411913,40.031806,0.635212,0.433671,0.992897,0.000000
1772464087.425347,40.045240,0.648282,0.436234,0.995779,0.000000
1772464087.437799,40.057693,0.631784,0.433716,0.413981,0.000000
1772464087.450918,40.070811,0.607705,0.433716,0.219679,0.000000
1772464087.461856,40.081749,0.585283,0.436234,0.231036,0.000000
1772464087.475657,40.095550,0.581525,0.433716,0.574382,0.000000
1772464087.488228,40.108121,0.579662,0.433716,0.601796,0.000000
1772464087.500768,40.120661,0.584038,0.433716,0.705367,0.000000
1772464087.512951,40.132844,0.594126,0.433716,0.826251,0.000000
1772464087.525656,40.145549,0.606741,0.436234,0.905135,0.000000
1772464087.538953,40.158846,0.611901,0.433716,0.745304,0.000000
1772464087.550231,40.170124,0.625966,0.433716,0.991038,0.000000
1772464087.563596,40.183489,0.639048,0.433716,0.979579,0.000000
1772464087.574688,40.194581,0.650545,0.436234,0.942176,0.000000
1772464087.588020,40.207913,0.655294,0.433716,0.781255,0.000000
1772464087.600662,40.220555,0.667395,0.433716,0.999850,0.000000
1772464087.612836,40.232729,0.677558,0.436234,0.945113,0.000000
1772464087.624519,40.244412,0.677759,0.408002,0.744200,0.000000
1772464087.638395,40.258288,0.646972,0.405523,0.051247,0.000000
1772464087.651038,40.270931,0.618512,0.433716,0.071677,0.000000
1772464087.662367,40.282260,0.628820,0.433716,0.875962,0.000000
1772464087.675553,40.295446,0.605243,0.433716,0.230564,0.000000
1772464087.688096,40.307989,0.580893,0.433716,0.164447,0.000000
1772464087.699915,40.319808,0.556576,0.408002,0.140134,0.000000
1772464087.712530,40.332423,0.534846,0.436234,0.169001,0.000000
1772464087.725533,40.345426,0.537767,0.433716,0.641778,0.000000
1772464087.736917,40.356810,0.538086,0.433716,0.601694,0.000000
1772464087.749543,40.369436,0.524458,0.433716,0.362799,0.000000
1772464087.762936,40.382829,0.512646,0.436234,0.382953,0.000000
1772464087.775622,40.395515,0.528375,0.433716,0.879495,0.000000
1772464087.787453,40.407346,0.541009,0.436234,0.818125,0.000000
1772464087.800426,40.420319,0.555545,0.436234,0.883362,0.000000
1772464087.812312,40.432205,0.563193,0.436234,0.741391,0.000000
1772464087.824514,40.444407,0.570411,0.436234,0.740480,0.000000
1772464087.837262,40.457155,0.579931,0.436234,0.795186,0.000000
1772464087.850093,40.469986,0.591530,0.436234,0.856271,0.000000
1772464087.861354,40.481247,0.604218,0.436234,0.903383,0.000000
1772464087.874703,40.494596,0.617308,0.436234,0.936987,0.000000
1772464087.887404,40.507297,0.630448,0.436234,0.962455,0.000000
1772464087.899664,40.519557,0.643375,0.436234,0.979854,0.000000
1772464087.911571,40.531464,0.655914,0.436234,0.990549,0.000000
1772464087.924771,40.544664,0.667959,0.436234,0.996249,0.000000
1772464087.938005,40.557898,0.679411,0.433716,0.999125,0.000000
1772464087.950224,40.570117,0.676143,0.433716,0.659169,0.000000
1772464087.961969,40.581862,0.664580,0.436234,0.519484,0.000000
1772464087.975312,40.595205,0.674328,0.436234,0.926059,0.000000
1772464087.987884,40.607777,0.682320,0.436234,0.886864,0.000000
1772464088.000864,40.620757,0.688981,0.436234,0.861063,0.000000
1772464088.011563,40.631456,0.696447,0.433716,0.895412,0.000000
1772464088.024957,40.644850,0.701209,0.433716,0.833290,0.000000
1772464088.037504,40.657397,0.695955,0.436234,0.641639,0.000000
1772464088.051126,40.671019,0.705679,0.436234,0.982835,0.000000
1772464088.061969,40.681862,0.708303,0.408002,0.820516,0.000000
1772464088.075450,40.695343,0.676975,0.433716,0.082491,0.000000
1772464088.087997,40.707890,0.682189,0.436234,0.818370,0.000000
1772464088.100730,40.720623,0.688278,0.433716,0.848530,0.000000
1772464088.111474,40.731367,0.666142,0.436234,0.339284,0.000000
1772464088.124995,40.744888,0.659417,0.436234,0.589105,0.000000
1772464088.137350,40.757243,0.666712,0.436234,0.847761,0.000000
1772464088.150564,40.770457,0.676470,0.433716,0.932446,0.000000
1772464088.161497,40.781390,0.676064,0.433716,0.706433,0.000000
1772464088.174660,40.794553,0.672058,0.433716,0.644010,0.000000
1772464088.187920,40.807813,0.671546,0.433716,0.700554,0.000000
1772464088.200841,40.820734,0.675494,0.433716,0.786553,0.000000
1772464088.211839,40.831732,0.682103,0.436234,0.850746,0.000000
1772464088.225233,40.845126,0.682842,0.436234,0.730272,0.000000
1772464088.237898,40.857791,0.667051,0.408002,0.483002,0.000000
1772464088.250453,40.870346,0.637563,0.436234,0.067816,0.000000
1772464088.262037,40.881930,0.619695,0.433716,0.377597,0.000000
1772464088.275557,40.895450,0.617390,0.436234,0.623062,0.000000
1772464088.287865,40.907758,0.609241,0.433716,0.529709,0.000000
1772464088.300857,40.920750,0.590438,0.436234,0.325675,0.000000
1772464088.311813,40.931706,0.592963,0.436234,0.679668,0.000000
1772464088.325269,40.945162,0.605922,0.436234,0.914042,0.000000
1772464088.337994,40.957887,0.618597,0.433716,0.928397,0.000000
1772464088.351012,40.970905,0.624929,0.436234,0.778443,0.000000
1772464088.362018,40.981911,0.638412,0.433716,0.993970,0.000000
1772464088.375432,40.995326,0.645578,0.436234,0.818916,0.000000
1772464088.388101,41.007994,0.657592,0.436234,0.973613,0.000000
1772464088.400731,41.020624,0.665913,0.436234,0.872525,0.000000
1772464088.412370,41.032263,0.673510,0.436234,0.864119,0.000000
1772464088.425161,41.045054,0.682029,0.436234,0.901264,0.000000
1772464088.438060,41.057953,0.691320,0.436234,0.940180,0.000000
1772464088.450897,41.070790,0.700702,0.433716,0.962824,0.000000
1772464088.461813,41.081706,0.699407,0.433716,0.712276,0.000000
1772464088.475407,41.095300,0.689336,0.436234,0.562158,0.000000
1772464088.487564,41.107457,0.699187,0.433716,0.977080,0.000000
1772464088.500298,41.120191,0.703464,0.433716,0.824967,0.000000
1772464088.511617,41.131510,0.703562,0.436234,0.738419,0.000000
1772464088.525045,41.144938,0.710391,0.436234,0.895628,0.000000
1772464088.537487,41.157380,0.710742,0.436234,0.750092,0.000000
1772464088.550328,41.170222,0.711558,0.433716,0.762233,0.000000
1772464088.561460,41.181353,0.719096,0.436234,0.930711,0.000000
1772464088.574965,41.194858,0.727447,0.433716,0.976618,0.000000
1772464088.588132,41.208025,0.730945,0.436234,0.837800,0.000000
1772464088.600668,41.220561,0.738884,0.436234,0.981348,0.000000
1772464088.611957,41.231850,0.743564,0.436234,0.884426,0.000000
1772464088.625237,41.245130,0.747262,0.436234,0.863702,0.000000
1772464088.638414,41.258307,0.751845,0.433716,0.896346,0.000000
1772464088.651112,41.271005,0.752483,0.436234,0.799386,0.000000
1772464088.662904,41.282797,0.759704,0.436234,0.996389,0.000000
1772464088.675496,41.295389,0.765762,0.436234,0.963919,0.000000
1772464088.687999,41.307893,0.770893,0.436234,0.941098,0.000000
1772464088.700547,41.320440,0.775980,0.436234,0.948672,0.000000
1772464088.712273,41.332166,0.781199,0.433716,0.965439,0.000000
1772464088.725057,41.344950,0.777714,0.433716,0.746826,0.000000
1772464088.737436,41.357329,0.766729,0.433716,0.612906,0.000000
1772464088.750099,41.369992,0.756061,0.436234,0.606615,0.000000
1772464088.761348,41.381241,0.761354,0.436234,0.930048,0.000000
1772464088.774920,41.394813,0.760631,0.433716,0.782696,0.000000
1772464088.787429,41.407322,0.766400,0.433716,0.957325,0.000000
1772464088.800510,41.420403,0.767313,0.436234,0.822383,0.000000
