timestamp,elapsed_time,alpha,alpha_geo,alpha_vel,alpha_alignment,Q_norm,R_norm,K_norm
1772465828.304369,0.019415,0.822727,0.306987,1.000000,0.000000,0.339961,1.561124,14.036061
1772465828.305069,0.020114,0.822727,0.306987,1.000000,0.000000,0.339961,1.561124,14.023182
1772465828.314483,0.029529,0.822727,0.306987,1.000000,0.000000,0.339961,1.561124,14.051452
1772465828.326415,0.041461,0.822727,0.306987,1.000000,0.000000,0.339961,1.561124,13.974652
1772465828.339132,0.054178,0.822727,0.306987,1.000000,0.000000,0.339961,1.561124,14.025980
1772465828.351681,0.066727,0.822727,0.306987,1.000000,0.000000,0.339961,1.561124,14.059818
1772465828.364708,0.079754,0.822727,0.306987,1.000000,0.000000,0.339961,1.561124,14.132427
1772465828.376317,0.091363,0.822727,0.306987,1.000000,0.000000,0.339961,1.561124,13.866129
1772465828.387994,0.103040,0.822727,0.306987,1.000000,0.000000,0.339961,1.561124,14.026150
1772465828.400641,0.115687,0.822727,0.306987,1.000000,0.000000,0.339961,1.561124,14.074748
1772465828.414363,0.129409,0.822727,0.306987,1.000000,0.000000,0.339961,1.561124,14.145922
1772465828.426616,0.141662,0.822727,0.306987,1.000000,0.000000,0.339961,1.561124,14.001492
1772465828.440208,0.155254,0.822727,0.306987,1.000000,0.000000,0.339961,1.561124,13.992912
1772465828.451229,0.166274,0.822727,0.306987,1.000000,0.000000,0.339961,1.561124,14.030473
1772465828.463122,0.178168,0.822727,0.306987,1.000000,0.000000,0.339961,1.561124,13.929431
1772465828.475533,0.190578,0.822727,0.306987,1.000000,0.000000,0.339961,1.561124,14.074936
1772465828.488373,0.203418,0.822727,0.306987,1.000000,0.000000,0.339961,1.561124,14.171338
1772465828.501548,0.216594,0.822727,0.306987,1.000000,0.000000,0.339961,1.561124,14.067308
1772465828.513498,0.228544,0.822727,0.306987,1.000000,0.000000,0.339961,1.561124,13.958805
1772465828.526112,0.241158,0.822727,0.306987,1.000000,0.000000,0.339961,1.561124,14.034460
1772465828.539008,0.254053,0.822727,0.306987,1.000000,0.000000,0.339961,1.561124,14.070694
1772465828.551874,0.266920,0.822727,0.306987,1.000000,0.000000,0.339961,1.561124,14.098919
1772465828.564759,0.279804,0.822727,0.306987,1.000000,0.000000,0.339961,1.561124,13.981687
1772465828.575389,0.290435,0.822727,0.306987,1.000000,0.000000,0.339961,1.561124,13.883718
1772465828.587960,0.303006,0.822727,0.306987,1.000000,0.000000,0.339961,1.561124,14.072023
1772465828.601794,0.316839,0.822727,0.306987,1.000000,0.000000,0.339961,1.561124,14.189490
1772465828.614268,0.329314,0.822727,0.306987,1.000000,0.000000,0.339961,1.561124,14.052023
1772465828.625013,0.340058,0.822727,0.306987,1.000000,0.000000,0.339961,1.561124,13.859725
1772465828.639363,0.354409,0.822727,0.306987,1.000000,0.000000,0.339961,1.561124,14.161171
1772465828.651911,0.366957,0.822727,0.306987,1.000000,0.000000,0.339961,1.561124,14.045211
1772465828.664516,0.379561,0.822727,0.306987,1.000000,0.000000,0.339961,1.561124,13.982736
1772465828.675245,0.390290,0.822727,0.306987,1.000000,0.000000,0.339961,1.561124,13.903583
1772465828.687686,0.402732,0.822727,0.306987,1.000000,0.000000,0.339961,1.561124,14.083291
1772465828.701044,0.416090,0.822727,0.306987,1.000000,0.000000,0.339961,1.561124,14.207963
1772465828.714580,0.429626,0.822727,0.306987,1.000000,0.000000,0.339961,1.561124,14.043110
1772465828.726355,0.441400,0.822727,0.306987,1.000000,0.000000,0.339961,1.561124,13.930636
1772465828.738405,0.453450,0.822727,0.306987,1.000000,0.000000,0.339961,1.561124,13.978854
1772465828.752238,0.467284,0.822727,0.306987,1.000000,0.000000,0.339961,1.561124,14.147426
1772465828.764305,0.479350,0.822727,0.306987,1.000000,0.000000,0.339961,1.561124,13.969410
1772465828.776661,0.491707,0.822727,0.306987,1.000000,0.000000,0.339961,1.561124,14.077961
1772465828.788244,0.503290,0.822727,0.306987,1.000000,0.000000,0.339961,1.561124,14.002792
1772465828.801624,0.516669,0.822727,0.306987,1.000000,0.000000,0.339961,1.561124,14.053337
1772465828.814389,0.529434,0.822727,0.306987,1.000000,0.000000,0.339961,1.561124,14.069422
1772465828.825494,0.540540,0.822727,0.306987,1.000000,0.000000,0.339961,1.561124,13.924026
1772465828.838502,0.553548,0.822727,0.306987,1.000000,0.000000,0.339961,1.561124,14.154599
1772465828.850817,0.565863,0.822727,0.306987,1.000000,0.000000,0.339961,1.561124,14.010882
1772465828.864231,0.579277,0.822727,0.306987,1.000000,0.000000,0.339961,1.561124,14.054624
1772465828.876025,0.591071,0.822727,0.306987,1.000000,0.000000,0.339961,1.561124,13.970787
1772465828.887950,0.602996,0.822727,0.306987,1.000000,0.000000,0.339961,1.561124,14.032961
1772465828.899843,0.614889,0.822727,0.306987,1.000000,0.000000,0.339961,1.561124,14.020695
1772465828.912339,0.627385,0.822727,0.306987,1.000000,0.000000,0.339961,1.561124,14.089868
1772465828.925199,0.640245,0.822727,0.306987,1.000000,0.000000,0.339961,1.561124,14.115395
1772465828.937903,0.652949,0.822727,0.306987,1.000000,0.000000,0.339961,1.561124,14.086687
1772465828.951132,0.666178,0.822727,0.306987,1.000000,0.000000,0.339961,1.561124,14.073102
1772465828.963739,0.678785,0.822727,0.306987,1.000000,0.000000,0.339961,1.561124,13.938559
1772465828.974950,0.689996,0.822727,0.306987,1.000000,0.000000,0.339961,1.561124,13.908973
1772465828.988061,0.703107,0.822727,0.306987,1.000000,0.000000,0.339961,1.561124,14.125116
1772465828.999965,0.715010,0.822727,0.306987,1.000000,0.000000,0.339961,1.561124,13.999616
1772465829.013437,0.728482,0.822727,0.306987,1.000000,0.000000,0.339961,1.561124,14.103727
1772465829.025033,0.740079,0.822727,0.306987,1.000000,0.000000,0.339961,1.561124,14.014753
1772465829.038145,0.753191,0.822727,0.306987,1.000000,0.000000,0.339961,1.561124,14.094335
1772465829.050731,0.765777,0.822727,0.306987,1.000000,0.000000,0.339961,1.561124,14.048620
1772465829.063243,0.778289,0.822727,0.306987,1.000000,0.000000,0.339961,1.561124,13.996874
1772465829.074930,0.789975,0.822727,0.306987,1.000000,0.000000,0.339961,1.561124,13.996840
1772465829.088307,0.803353,0.822727,0.306987,1.000000,0.000000,0.339961,1.561124,14.087508
1772465829.100638,0.815684,0.822727,0.306987,1.000000,0.000000,0.339961,1.561124,14.042148
1772465829.112613,0.827659,0.822727,0.306987,1.000000,0.000000,0.339961,1.561124,13.984760
1772465829.124963,0.840009,0.822727,0.306987,1.000000,0.000000,0.339961,1.561124,14.042709
1772465829.137705,0.852751,0.822727,0.306987,1.000000,0.000000,0.339961,1.561124,14.092169
1772465829.150120,0.865166,0.822727,0.306987,1.000000,0.000000,0.339961,1.561124,14.010944
1772465829.163302,0.878348,0.822727,0.306987,1.000000,0.000000,0.339961,1.561124,14.060108
1772465829.175103,0.890148,0.822727,0.306987,1.000000,0.000000,0.339961,1.561124,14.008345
1772465829.188381,0.903427,0.822727,0.306987,1.000000,0.000000,0.339961,1.561124,14.096166
1772465829.200860,0.915906,0.822727,0.306987,1.000000,0.000000,0.339961,1.561124,14.002664
1772465829.213795,0.928840,0.822727,0.306987,1.000000,0.000000,0.339961,1.561124,14.051916
1772465829.226304,0.941350,0.822727,0.306987,1.000000,0.000000,0.339961,1.561124,13.986311
1772465829.238056,0.953102,0.822727,0.306987,1.000000,0.000000,0.339961,1.561124,13.974042
1772465829.251253,0.966299,0.822727,0.306987,1.000000,0.000000,0.339961,1.561124,14.099751
1772465829.264532,0.979578,0.822727,0.306987,1.000000,0.000000,0.339961,1.561124,14.078681
1772465829.275701,0.990746,0.822727,0.306987,1.000000,0.000000,0.339961,1.561124,13.963253
1772465829.287877,1.002923,0.822727,0.306987,1.000000,0.000000,0.339961,1.561124,14.008208
1772465829.301324,1.016370,0.822727,0.306987,1.000000,0.000000,0.339961,1.561124,14.118249
1772465829.313045,1.028090,0.822727,0.306987,1.000000,0.000000,0.339961,1.561124,13.994572
1772465829.325743,1.040789,0.822727,0.306987,1.000000,0.000000,0.339961,1.561124,14.036220
1772465829.338166,1.053212,0.822727,0.306987,1.000000,0.000000,0.339961,1.561124,14.068852
1772465829.350504,1.065550,0.822727,0.306987,1.000000,0.000000,0.339961,1.561124,14.023169
1772465829.363226,1.078272,0.822727,0.306987,1.000000,0.000000,0.339961,1.561124,14.036829
1772465829.375515,1.090561,0.822727,0.306987,1.000000,0.000000,0.339961,1.561124,14.021918
1772465829.387791,1.102837,0.822727,0.306987,1.000000,0.000000,0.339961,1.561124,14.034285
1772465829.400260,1.115306,0.822727,0.306987,1.000000,0.000000,0.339961,1.561124,14.065618
1772465829.413465,1.128510,0.822727,0.306987,1.000000,0.000000,0.339961,1.561124,14.050060
1772465829.425704,1.140750,0.822727,0.306987,1.000000,0.000000,0.339961,1.561124,14.027312
1772465829.438668,1.153713,0.822727,0.306987,1.000000,0.000000,0.339961,1.561124,14.040047
1772465829.450906,1.165952,0.822727,0.306987,1.000000,0.000000,0.339961,1.561124,14.062474
1772465829.463999,1.179045,0.822727,0.306987,1.000000,0.000000,0.339961,1.561124,13.995638
1772465829.475579,1.190624,0.822727,0.306987,1.000000,0.000000,0.339961,1.561124,13.967320
1772465829.488367,1.203413,0.822727,0.306987,1.000000,0.000000,0.339961,1.561124,14.056885
1772465829.501012,1.216058,0.822727,0.306987,1.000000,0.000000,0.339961,1.561124,14.062336
1772465829.513221,1.228266,0.822727,0.306987,1.000000,0.000000,0.339961,1.561124,14.039580
1772465829.525339,1.240384,0.822727,0.306987,1.000000,0.000000,0.339961,1.561124,14.049787
1772465829.538087,1.253133,0.822727,0.306987,1.000000,0.000000,0.339961,1.561124,14.051411
1772465829.549996,1.265041,0.822727,0.306987,1.000000,0.000000,0.339961,1.561124,14.029095
1772465829.563037,1.278083,0.822727,0.306987,1.000000,0.000000,0.339961,1.561124,14.057343
1772465829.576126,1.291172,0.822727,0.306987,1.000000,0.000000,0.339961,1.561124,14.080540
1772465829.588122,1.303167,0.822727,0.306987,1.000000,0.000000,0.339961,1.561124,14.005249
1772465829.600915,1.315961,0.822727,0.306987,1.000000,0.000000,0.339961,1.561124,14.037752
1772465829.613991,1.329037,0.822727,0.306987,1.000000,0.000000,0.339961,1.561124,14.066661
1772465829.625944,1.340990,0.822727,0.306987,1.000000,0.000000,0.339961,1.561124,13.952868
1772465829.638534,1.353580,0.822727,0.306987,1.000000,0.000000,0.339961,1.561124,14.029445
1772465829.651124,1.366170,0.822727,0.306987,1.000000,0.000000,0.339961,1.561124,14.034913
1772465829.663556,1.378601,0.822727,0.306987,1.000000,0.000000,0.339961,1.561124,14.023768
1772465829.675704,1.390750,0.822727,0.306987,1.000000,0.000000,0.339961,1.561124,14.023877
1772465829.688221,1.403267,0.822727,0.306987,1.000000,0.000000,0.339961,1.561124,14.048792
1772465829.700798,1.415844,0.822727,0.306987,1.000000,0.000000,0.339961,1.561124,14.057948
1772465829.712960,1.428005,0.822727,0.306987,1.000000,0.000000,0.339961,1.561124,14.046722
1772465829.725964,1.441010,0.822727,0.306987,1.000000,0.000000,0.339961,1.561124,14.061691
1772465829.738694,1.453739,0.822727,0.306987,1.000000,0.000000,0.339961,1.561124,14.063429
1772465829.749927,1.464973,0.822727,0.306987,1.000000,0.000000,0.339961,1.561124,13.940843
1772465829.763053,1.478099,0.822727,0.306987,1.000000,0.000000,0.339961,1.561124,14.071958
1772465829.776179,1.491225,0.822727,0.306987,1.000000,0.000000,0.339961,1.561124,14.111433
1772465829.788401,1.503447,0.822727,0.306987,1.000000,0.000000,0.339961,1.561124,14.031098
1772465829.800222,1.515268,0.822727,0.306987,1.000000,0.000000,0.339961,1.561124,13.954199
1772465829.813221,1.528267,0.822727,0.306987,1.000000,0.000000,0.339961,1.561124,14.092784
1772465829.825268,1.540314,0.822727,0.306987,1.000000,0.000000,0.339961,1.561124,13.992989
1772465829.838231,1.553277,0.822727,0.306987,1.000000,0.000000,0.339961,1.561124,14.049664
1772465829.851529,1.566575,0.822727,0.306987,1.000000,0.000000,0.339961,1.561124,14.122200
1772465829.863428,1.578474,0.822727,0.306987,1.000000,0.000000,0.339961,1.561124,13.965948
1772465829.875491,1.590537,0.822727,0.306987,1.000000,0.000000,0.339961,1.561124,13.969239
1772465829.888252,1.603297,0.822727,0.306987,1.000000,0.000000,0.339961,1.561124,14.089088
1772465829.901372,1.616418,0.822727,0.306987,1.000000,0.000000,0.339961,1.561124,14.096617
1772465829.912762,1.627807,0.822727,0.306987,1.000000,0.000000,0.339961,1.561124,13.928182
1772465829.925516,1.640562,0.822727,0.306987,1.000000,0.000000,0.339961,1.561124,14.041866
1772465829.937929,1.652974,0.822727,0.306987,1.000000,0.000000,0.339961,1.561124,14.061937
1772465829.950408,1.665453,0.822727,0.306987,1.000000,0.000000,0.339961,1.561124,14.059100
1772465829.963211,1.678257,0.822727,0.306987,1.000000,0.000000,0.339961,1.561124,14.112866
1772465829.975908,1.690954,0.822727,0.306987,1.000000,0.000000,0.339961,1.561124,13.995800
1772465829.988573,1.703619,0.822727,0.306987,1.000000,0.000000,0.339961,1.561124,14.069039
1772465830.000687,1.715733,0.822727,0.306987,1.000000,0.000000,0.339961,1.561124,13.981610
1772465830.013102,1.728148,0.822727,0.306987,1.000000,0.000000,0.339961,1.561124,14.021504
1772465830.025684,1.740730,0.822727,0.306987,1.000000,0.000000,0.339961,1.561124,14.021485
1772465830.038158,1.753204,0.822727,0.306987,1.000000,0.000000,0.339961,1.561124,14.003275
1772465830.051172,1.766217,0.822727,0.306987,1.000000,0.000000,0.339961,1.561124,14.118719
1772465830.064845,1.779890,0.822727,0.306987,1.000000,0.000000,0.339961,1.561124,14.048448
1772465830.076114,1.791159,0.822727,0.306987,1.000000,0.000000,0.339961,1.561124,13.981031
1772465830.088796,1.803841,0.822727,0.306987,1.000000,0.000000,0.339961,1.561124,14.007105
1772465830.101013,1.816059,0.822727,0.306987,1.000000,0.000000,0.339961,1.561124,14.079601
1772465830.114517,1.829563,0.822727,0.306987,1.000000,0.000000,0.339961,1.561124,14.042951
1772465830.125019,1.840065,0.822727,0.306987,1.000000,0.000000,0.339961,1.561124,13.936102
1772465830.138814,1.853860,0.822727,0.306987,1.000000,0.000000,0.339961,1.561124,14.110656
1772465830.151315,1.866361,0.822727,0.306987,1.000000,0.000000,0.339961,1.561124,14.080565
1772465830.163619,1.878665,0.822727,0.306987,1.000000,0.000000,0.339961,1.561124,14.013810
1772465830.174948,1.889994,0.822727,0.306987,1.000000,0.000000,0.339961,1.561124,13.956861
1772465830.188283,1.903328,0.822727,0.306987,1.000000,0.000000,0.339961,1.561124,14.112273
1772465830.200620,1.915666,0.822727,0.306987,1.000000,0.000000,0.339961,1.561124,14.068182
1772465830.212223,1.927268,0.822727,0.306987,1.000000,0.000000,0.339961,1.561124,13.952107
1772465830.225074,1.940119,0.822727,0.306987,1.000000,0.000000,0.339961,1.561124,14.074958
1772465830.238245,1.953290,0.822727,0.306987,1.000000,0.000000,0.339961,1.561124,14.127422
1772465830.250778,1.965824,0.822727,0.306987,1.000000,0.000000,0.339961,1.561124,14.043305
1772465830.263271,1.978317,0.822727,0.306987,1.000000,0.000000,0.339961,1.561124,13.975167
1772465830.275482,1.990528,0.822727,0.306987,1.000000,0.000000,0.339961,1.561124,14.034176
1772465830.288335,2.003381,0.822727,0.306987,1.000000,0.000000,0.339961,1.561124,14.043333
1772465830.300988,2.016034,0.822727,0.306987,1.000000,0.000000,0.339961,1.561124,14.055317
1772465830.313931,2.028977,0.822727,0.306987,1.000000,0.000000,0.339961,1.561124,13.999280
1772465830.325183,2.040228,0.822727,0.306987,1.000000,0.000000,0.339961,1.561124,13.937916
1772465830.338434,2.053480,0.822727,0.306987,1.000000,0.000000,0.339961,1.561124,14.091769
1772465830.350733,2.065779,0.822727,0.306987,1.000000,0.000000,0.339961,1.561124,14.067194
1772465830.364132,2.079178,0.822727,0.306987,1.000000,0.000000,0.339961,1.561124,14.165911
1772465830.376374,2.091420,0.822727,0.306987,1.000000,0.000000,0.339961,1.561124,13.967600
1772465830.388982,2.104028,0.822727,0.306987,1.000000,0.000000,0.339961,1.561124,13.944765
1772465830.401272,2.116318,0.822727,0.306987,1.000000,0.000000,0.339961,1.561124,13.958487
1772465830.412539,2.127584,0.822727,0.306987,1.000000,0.000000,0.339961,1.561124,13.928703
1772465830.424869,2.139915,0.822727,0.306987,1.000000,0.000000,0.339961,1.561124,14.107566
1772465830.437621,2.152666,0.822727,0.306987,1.000000,0.000000,0.339961,1.561124,14.164147
1772465830.449749,2.164794,0.822727,0.306987,1.000000,0.000000,0.339961,1.561124,14.089674
1772465830.462469,2.177515,0.822727,0.306987,1.000000,0.000000,0.339961,1.561124,14.047582
1772465830.475028,2.190073,0.822727,0.306987,1.000000,0.000000,0.339961,1.561124,14.060250
1772465830.487471,2.202517,0.822727,0.306987,1.000000,0.000000,0.339961,1.561124,14.035857
1772465830.500191,2.215237,0.822727,0.306987,1.000000,0.000000,0.339961,1.561124,14.079032
1772465830.513051,2.228097,0.822727,0.306987,1.000000,0.000000,0.339961,1.561124,14.004994
1772465830.524746,2.239791,0.822727,0.306987,1.000000,0.000000,0.339961,1.561124,13.981863
1772465830.537135,2.252181,0.822727,0.306987,1.000000,0.000000,0.339961,1.561124,14.026071
1772465830.550283,2.265328,0.822727,0.306987,1.000000,0.000000,0.339961,1.561124,14.110303
1772465830.563726,2.278772,0.822727,0.306987,1.000000,0.000000,0.339961,1.561124,14.043630
1772465830.574750,2.289796,0.822727,0.306987,1.000000,0.000000,0.339961,1.561124,13.960295
1772465830.587690,2.302735,0.822727,0.306987,1.000000,0.000000,0.339961,1.561124,14.043919
1772465830.600286,2.315331,0.822727,0.306987,1.000000,0.000000,0.339961,1.561124,14.076605
1772465830.613568,2.328614,0.822727,0.306987,1.000000,0.000000,0.339961,1.561124,14.042334
1772465830.624762,2.339808,0.822727,0.306987,1.000000,0.000000,0.339961,1.561124,13.956368
1772465830.637873,2.352919,0.822727,0.306987,1.000000,0.000000,0.339961,1.561124,14.076764
1772465830.649812,2.364857,0.822727,0.306987,1.000000,0.000000,0.339961,1.561124,14.033512
1772465830.662930,2.377976,0.822727,0.306987,1.000000,0.000000,0.339961,1.561124,14.070799
1772465830.674550,2.389595,0.822727,0.306987,1.000000,0.000000,0.339961,1.561124,13.997809
1772465830.687580,2.402626,0.822727,0.306987,1.000000,0.000000,0.339961,1.561124,14.084239
1772465830.700087,2.415133,0.822727,0.306987,1.000000,0.000000,0.339961,1.561124,14.056647
1772465830.713393,2.428439,0.822727,0.306987,1.000000,0.000000,0.339961,1.561124,14.037268
1772465830.724756,2.439801,0.822727,0.306987,1.000000,0.000000,0.339961,1.561124,13.966831
1772465830.738076,2.453121,0.822727,0.306987,1.000000,0.000000,0.339961,1.561124,14.069641
1772465830.749853,2.464899,0.822727,0.306987,1.000000,0.000000,0.339961,1.561124,14.021836
1772465830.763387,2.478432,0.822727,0.306987,1.000000,0.000000,0.339961,1.561124,14.076818
1772465830.774682,2.489728,0.822727,0.306987,1.000000,0.000000,0.339961,1.561124,13.967770
1772465830.788011,2.503057,0.822727,0.306987,1.000000,0.000000,0.339961,1.561124,14.117555
1772465830.800674,2.515719,0.822727,0.306987,1.000000,0.000000,0.339961,1.561124,14.033001
1772465830.813807,2.528853,0.822727,0.306987,1.000000,0.000000,0.339961,1.561124,14.012011
1772465830.824895,2.539941,0.822727,0.306987,1.000000,0.000000,0.339961,1.561124,13.932844
1772465830.838608,2.553653,0.822727,0.306987,1.000000,0.000000,0.339961,1.561124,14.121461
1772465830.850913,2.565958,0.822727,0.306987,1.000000,0.000000,0.339961,1.561124,14.015517
1772465830.862870,2.577916,0.822727,0.306987,1.000000,0.000000,0.339961,1.561124,13.967340
1772465830.874965,2.590010,0.822727,0.306987,1.000000,0.000000,0.339961,1.561124,14.050954
1772465830.888344,2.603390,0.822727,0.306987,1.000000,0.000000,0.339961,1.561124,14.146402
1772465830.900942,2.615988,0.822727,0.306987,1.000000,0.000000,0.339961,1.561124,14.032600
1772465830.913475,2.628520,0.822727,0.306987,1.000000,0.000000,0.339961,1.561124,14.000409
1772465830.925043,2.640089,0.822727,0.306987,1.000000,0.000000,0.339961,1.561124,13.943523
1772465830.938419,2.653465,0.822727,0.306987,1.000000,0.000000,0.339961,1.561124,14.135882
1772465830.951129,2.666174,0.822727,0.306987,1.000000,0.000000,0.339961,1.561124,14.051157
1772465830.962617,2.677663,0.822727,0.306987,1.000000,0.000000,0.339961,1.561124,13.909691
1772465830.974926,2.689971,0.822727,0.306987,1.000000,0.000000,0.339961,1.561124,14.056348
1772465830.988152,2.703197,0.822727,0.306987,1.000000,0.000000,0.339961,1.561124,14.147692
1772465831.000829,2.715875,0.822727,0.306987,1.000000,0.000000,0.339961,1.561124,14.048448
1772465831.013297,2.728343,0.822727,0.306987,1.000000,0.000000,0.339961,1.561124,13.970095
1772465831.024859,2.739905,0.822727,0.306987,1.000000,0.000000,0.339961,1.561124,13.965003
1772465831.038053,2.753099,0.822727,0.306987,1.000000,0.000000,0.339961,1.561124,14.128737
1772465831.050728,2.765774,0.822727,0.306987,1.000000,0.000000,0.339961,1.561124,14.059119
1772465831.062325,2.777370,0.822727,0.306987,1.000000,0.000000,0.339961,1.561124,13.935491
1772465831.074844,2.789890,0.822727,0.306987,1.000000,0.000000,0.339961,1.561124,14.058879
1772465831.088140,2.803186,0.822727,0.306987,1.000000,0.000000,0.339961,1.561124,14.141984
1772465831.100617,2.815663,0.822727,0.306987,1.000000,0.000000,0.339961,1.561124,14.053889
1772465831.113610,2.828656,0.822727,0.306987,1.000000,0.000000,0.339961,1.561124,14.010231
1772465831.124922,2.839967,0.822727,0.306987,1.000000,0.000000,0.339961,1.561124,13.888977
1772465831.138083,2.853129,0.822727,0.306987,1.000000,0.000000,0.339961,1.561124,14.127816
1772465831.150643,2.865689,0.822727,0.306987,1.000000,0.000000,0.339961,1.561124,14.044250
1772465831.163774,2.878820,0.822727,0.306987,1.000000,0.000000,0.339961,1.561124,14.042731
1772465831.174779,2.889825,0.822727,0.306987,1.000000,0.000000,0.339961,1.561124,13.910609
1772465831.187237,2.902283,0.822727,0.306987,1.000000,0.000000,0.339961,1.561124,14.063748
1772465831.200426,2.915472,0.822727,0.306987,1.000000,0.000000,0.339961,1.561124,14.149784
1772465831.213461,2.928506,0.822727,0.306987,1.000000,0.000000,0.339961,1.561124,14.071861
1772465831.224719,2.939764,0.822727,0.306987,1.000000,0.000000,0.339961,1.561124,13.930512
1772465831.238123,2.953169,0.822727,0.306987,1.000000,0.000000,0.339961,1.561124,14.123948
1772465831.251227,2.966273,0.822727,0.306987,1.000000,0.000000,0.339961,1.561124,14.060420
1772465831.264118,2.979163,0.822727,0.306987,1.000000,0.000000,0.339961,1.561124,13.982302
1772465831.274698,2.989744,0.822727,0.306987,1.000000,0.000000,0.339961,1.561124,13.898832
1772465831.287387,3.002433,0.822727,0.306987,1.000000,0.000000,0.339961,1.561124,14.080253
1772465831.300619,3.015665,0.822727,0.306987,1.000000,0.000000,0.339961,1.561124,14.141253
1772465831.314337,3.029383,0.822727,0.306987,1.000000,0.000000,0.339961,1.561124,14.074314
1772465831.324931,3.039976,0.822727,0.306987,1.000000,0.000000,0.339961,1.561124,13.924300
1772465831.338210,3.053255,0.822727,0.306987,1.000000,0.000000,0.339961,1.561124,14.121669
1772465831.350549,3.065595,0.822727,0.306987,1.000000,0.000000,0.339961,1.561124,13.977777
1772465831.363779,3.078825,0.822727,0.306987,1.000000,0.000000,0.339961,1.561124,14.052319
1772465831.375276,3.090321,0.822727,0.306987,1.000000,0.000000,0.339961,1.561124,13.955774
1772465831.388020,3.103066,0.822727,0.306987,1.000000,0.000000,0.339961,1.561124,14.055369
1772465831.399695,3.114740,0.822727,0.306987,1.000000,0.000000,0.339961,1.561124,13.938423
1772465831.412907,3.127953,0.822727,0.306987,1.000000,0.000000,0.339961,1.561124,14.127379
1772465831.424692,3.139738,0.822727,0.306987,1.000000,0.000000,0.339961,1.561124,14.078263
1772465831.437887,3.152933,0.822727,0.306987,1.000000,0.000000,0.339961,1.561124,14.112501
1772465831.450484,3.165529,0.822727,0.306987,1.000000,0.000000,0.339961,1.561124,14.055581
1772465831.463052,3.178097,0.822727,0.306987,1.000000,0.000000,0.339961,1.561124,14.018309
1772465831.475031,3.190077,0.822727,0.306987,1.000000,0.000000,0.339961,1.561124,14.052631
1772465831.488420,3.203465,0.822727,0.306987,1.000000,0.000000,0.339961,1.561124,14.048741
1772465831.500605,3.215650,0.822727,0.306987,1.000000,0.000000,0.339961,1.561124,14.015039
1772465831.513361,3.228407,0.822727,0.306987,1.000000,0.000000,0.339961,1.561124,14.017982
1772465831.524989,3.240035,0.822727,0.306987,1.000000,0.000000,0.339961,1.561124,13.991544
1772465831.538104,3.253149,0.822727,0.306987,1.000000,0.000000,0.339961,1.561124,14.080248
1772465831.550179,3.265225,0.822727,0.306987,1.000000,0.000000,0.339961,1.561124,14.020096
1772465831.563229,3.278275,0.822727,0.306987,1.000000,0.000000,0.339961,1.561124,14.070237
1772465831.574679,3.289725,0.822727,0.306987,1.000000,0.000000,0.339961,1.561124,13.976313
1772465831.587699,3.302745,0.822727,0.306987,1.000000,0.000000,0.339961,1.561124,14.075618
1772465831.600213,3.315259,0.822727,0.306987,1.000000,0.000000,0.339961,1.561124,14.062238
1772465831.612211,3.327257,0.822727,0.306987,1.000000,0.000000,0.339961,1.561124,13.990869
1772465831.624643,3.339689,0.822727,0.306987,1.000000,0.000000,0.339961,1.561124,14.042956
1772465831.637720,3.352766,0.822727,0.306987,1.000000,0.000000,0.339961,1.561124,14.090447
1772465831.650141,3.365187,0.822727,0.306987,1.000000,0.000000,0.339961,1.561124,14.046754
1772465831.663115,3.378161,0.822727,0.306987,1.000000,0.000000,0.339961,1.561124,14.029434
1772465831.674585,3.389631,0.822727,0.306987,1.000000,0.000000,0.339961,1.561124,13.969558
1772465831.687689,3.402734,0.822727,0.306987,1.000000,0.000000,0.339961,1.561124,14.087096
1772465831.700132,3.415178,0.822727,0.306987,1.000000,0.000000,0.339961,1.561124,14.038246
1772465831.713009,3.428055,0.822727,0.306987,1.000000,0.000000,0.339961,1.561124,14.031236
1772465831.724693,3.439738,0.822727,0.306987,1.000000,0.000000,0.339961,1.561124,13.996176
1772465831.737139,3.452184,0.822727,0.306987,1.000000,0.000000,0.339961,1.561124,14.041010
1772465831.750258,3.465304,0.822727,0.306987,1.000000,0.000000,0.339961,1.561124,14.107121
1772465831.763114,3.478160,0.822727,0.306987,1.000000,0.000000,0.339961,1.561124,14.033346
1772465831.774664,3.489710,0.822727,0.306987,1.000000,0.000000,0.339961,1.561124,13.971406
1772465831.787792,3.502837,0.822727,0.306987,1.000000,0.000000,0.339961,1.561124,14.076059
1772465831.800916,3.515961,0.822727,0.306987,1.000000,0.000000,0.339961,1.561124,14.067960
1772465831.814256,3.529302,0.822727,0.306987,1.000000,0.000000,0.339961,1.561124,14.039764
1772465831.824818,3.539863,0.822727,0.306987,1.000000,0.000000,0.339961,1.561124,13.915988
1772465831.837176,3.552221,0.822727,0.306987,1.000000,0.000000,0.339961,1.561124,14.019611
1772465831.850361,3.565407,0.822727,0.306987,1.000000,0.000000,0.339961,1.561124,14.130128
1772465831.863218,3.578263,0.822727,0.306987,1.000000,0.000000,0.339961,1.561124,14.039676
1772465831.874625,3.589670,0.822727,0.306987,1.000000,0.000000,0.339961,1.561124,13.978134
1772465831.887811,3.602856,0.822727,0.306987,1.000000,0.000000,0.339961,1.561124,14.085856
1772465831.900438,3.615484,0.822727,0.306987,1.000000,0.000000,0.339961,1.561124,14.073492
1772465831.913244,3.628290,0.822727,0.306987,1.000000,0.000000,0.339961,1.561124,14.007569
1772465831.925120,3.640165,0.822727,0.306987,1.000000,0.000000,0.339961,1.561124,13.983451
1772465831.937986,3.653032,0.822727,0.306987,1.000000,0.000000,0.339961,1.561124,14.070800
1772465831.950052,3.665097,0.822727,0.306987,1.000000,0.000000,0.339961,1.561124,14.026811
1772465831.963122,3.678167,0.822727,0.306987,1.000000,0.000000,0.339961,1.561124,14.054314
1772465831.975092,3.690138,0.822727,0.306987,1.000000,0.000000,0.339961,1.561124,14.030616
1772465831.988229,3.703274,0.822727,0.306987,1.000000,0.000000,0.339961,1.561124,14.083011
1772465832.000992,3.716038,0.822727,0.306987,1.000000,0.000000,0.339961,1.561124,14.061439
1772465832.013558,3.728604,0.822727,0.306987,1.000000,0.000000,0.339961,1.561124,13.976424
1772465832.025045,3.740091,0.822727,0.306987,1.000000,0.000000,0.339961,1.561124,13.966050
1772465832.038247,3.753293,0.822727,0.306987,1.000000,0.000000,0.339961,1.561124,14.093313
1772465832.050134,3.765180,0.822727,0.306987,1.000000,0.000000,0.339961,1.561124,14.004252
1772465832.063623,3.778669,0.822727,0.306987,1.000000,0.000000,0.339961,1.561124,14.089642
1772465832.075056,3.790102,0.822727,0.306987,1.000000,0.000000,0.339961,1.561124,14.000316
1772465832.088304,3.803350,0.822727,0.306987,1.000000,0.000000,0.339961,1.561124,14.103278
1772465832.100933,3.815978,0.822727,0.306987,1.000000,0.000000,0.339961,1.561124,14.023373
1772465832.113855,3.828901,0.822727,0.306987,1.000000,0.000000,0.339961,1.561124,14.010460
1772465832.124979,3.840025,0.822727,0.306987,1.000000,0.000000,0.339961,1.561124,13.939719
1772465832.138304,3.853349,0.822727,0.306987,1.000000,0.000000,0.339961,1.561124,14.108507
1772465832.151110,3.866155,0.822727,0.306987,1.000000,0.000000,0.339961,1.561124,14.059524
1772465832.162815,3.877860,0.822727,0.306987,1.000000,0.000000,0.339961,1.561124,13.965502
1772465832.174954,3.890000,0.822727,0.306987,1.000000,0.000000,0.339961,1.561124,14.039490
1772465832.188249,3.903295,0.822727,0.306987,1.000000,0.000000,0.339961,1.561124,14.131007
1772465832.200684,3.915730,0.822727,0.306987,1.000000,0.000000,0.339961,1.561124,14.042354
1772465832.213668,3.928714,0.822727,0.306987,1.000000,0.000000,0.339961,1.561124,14.026539
1772465832.225078,3.940124,0.822727,0.306987,1.000000,0.000000,0.339961,1.561124,13.952036
1772465832.238502,3.953548,0.822727,0.306987,1.000000,0.000000,0.339961,1.561124,14.111031
1772465832.251194,3.966240,0.822727,0.306987,1.000000,0.000000,0.339961,1.561124,14.048606
1772465832.262941,3.977986,0.822727,0.306987,1.000000,0.000000,0.339961,1.561124,13.897906
1772465832.275029,3.990075,0.822727,0.306987,1.000000,0.000000,0.339961,1.561124,14.037960
1772465832.288334,4.003380,0.822727,0.306987,1.000000,0.000000,0.339961,1.561124,14.150027
1772465832.300481,4.015526,0.822727,0.306987,1.000000,0.000000,0.339961,1.561124,14.039296
1772465832.313533,4.028579,0.822727,0.306987,1.000000,0.000000,0.339961,1.561124,14.039257
1772465832.324691,4.039737,0.822727,0.306987,1.000000,0.000000,0.339961,1.561124,13.939508
1772465832.338363,4.053409,0.822727,0.306987,1.000000,0.000000,0.339961,1.561124,14.133327
1772465832.351060,4.066105,0.822727,0.306987,1.000000,0.000000,0.339961,1.561124,14.072152
1772465832.363608,4.078654,0.822727,0.306987,1.000000,0.000000,0.339961,1.561124,13.982369
1772465832.375684,4.090730,0.822727,0.306987,1.000000,0.000000,0.339961,1.561124,14.007973
1772465832.388897,4.103943,0.822727,0.306987,1.000000,0.000000,0.339961,1.561124,14.038863
1772465832.401087,4.116132,0.822727,0.306987,1.000000,0.000000,0.339961,1.561124,14.045724
1772465832.414101,4.129147,0.822727,0.306987,1.000000,0.000000,0.339961,1.561124,14.014015
1772465832.425047,4.140093,0.822727,0.306987,1.000000,0.000000,0.339961,1.561124,13.946545
1772465832.438331,4.153377,0.822727,0.306987,1.000000,0.000000,0.339961,1.561124,14.144347
1772465832.451093,4.166139,0.822727,0.306987,1.000000,0.000000,0.339961,1.561124,14.055706
1772465832.464056,4.179102,0.822727,0.306987,1.000000,0.000000,0.339961,1.561124,14.022150
1772465832.474715,4.189761,0.822727,0.306987,1.000000,0.000000,0.339961,1.561124,13.938048
1772465832.487850,4.202896,0.822727,0.306987,1.000000,0.000000,0.339961,1.561124,14.082308
1772465832.501155,4.216201,0.822727,0.306987,1.000000,0.000000,0.339961,1.561124,14.142086
1772465832.514162,4.229208,0.822727,0.306987,1.000000,0.000000,0.339961,1.561124,14.039873
1772465832.525012,4.240058,0.822727,0.306987,1.000000,0.000000,0.339961,1.561124,13.913333
1772465832.538124,4.253169,0.822727,0.306987,1.000000,0.000000,0.339961,1.561124,14.113451
1772465832.550472,4.265517,0.822727,0.306987,1.000000,0.000000,0.339961,1.561124,14.006162
1772465832.562481,4.277526,0.822727,0.306987,1.000000,0.000000,0.339961,1.561124,13.997903
1772465832.575075,4.290120,0.822727,0.306987,1.000000,0.000000,0.339961,1.561124,14.081773
1772465832.587211,4.302257,0.822727,0.306987,1.000000,0.000000,0.339961,1.561124,14.051281
1772465832.599435,4.314481,0.822727,0.306987,1.000000,0.000000,0.339961,1.561124,14.046988
1772465832.612465,4.327510,0.822727,0.306987,1.000000,0.000000,0.339961,1.561124,14.089662
1772465832.624791,4.339837,0.822727,0.306987,1.000000,0.000000,0.339961,1.561124,14.030436
1772465832.638062,4.353108,0.822727,0.306987,1.000000,0.000000,0.339961,1.561124,14.100325
1772465832.650716,4.365761,0.822727,0.306987,1.000000,0.000000,0.339961,1.561124,14.048285
1772465832.663376,4.378421,0.822727,0.306987,1.000000,0.000000,0.339961,1.561124,13.946841
1772465832.674720,4.389766,0.822727,0.306987,1.000000,0.000000,0.339961,1.561124,13.921974
1772465832.687940,4.402986,0.822727,0.306987,1.000000,0.000000,0.339961,1.561124,14.119970
1772465832.699768,4.414813,0.822727,0.306987,1.000000,0.000000,0.339961,1.561124,14.003530
1772465832.713102,4.428147,0.822727,0.306987,1.000000,0.000000,0.339961,1.561124,14.099718
1772465832.724821,4.439867,0.822727,0.306987,1.000000,0.000000,0.339961,1.561124,14.022380
1772465832.737769,4.452815,0.822727,0.306987,1.000000,0.000000,0.339961,1.561124,14.068520
1772465832.750231,4.465276,0.822727,0.306987,1.000000,0.000000,0.339961,1.561124,14.049056
1772465832.762995,4.478041,0.822727,0.306987,1.000000,0.000000,0.339961,1.561124,14.033687
1772465832.774696,4.489742,0.822727,0.306987,1.000000,0.000000,0.339961,1.561124,13.973245
1772465832.787858,4.502904,0.822727,0.306987,1.000000,0.000000,0.339961,1.561124,14.078799
1772465832.800257,4.515302,0.822727,0.306987,1.000000,0.000000,0.339961,1.561124,14.043441
1772465832.812822,4.527868,0.822727,0.306987,1.000000,0.000000,0.339961,1.561124,14.001880
1772465832.824934,4.539980,0.822727,0.306987,1.000000,0.000000,0.339961,1.561124,14.031617
1772465832.838029,4.553075,0.822727,0.306987,1.000000,0.000000,0.339961,1.561124,14.087273
1772465832.850568,4.565614,0.822727,0.306987,1.000000,0.000000,0.339961,1.561124,14.048242
1772465832.863806,4.578852,0.822727,0.306987,1.000000,0.000000,0.339961,1.561124,14.029020
1772465832.875081,4.590126,0.822727,0.306987,1.000000,0.000000,0.339961,1.561124,13.958050
1772465832.888179,4.603225,0.823137,0.318452,1.000000,0.000000,0.366509,1.563047,14.128225
1772465832.905266,4.620312,0.823392,0.316299,0.998318,0.000000,0.355332,1.564240,14.802497
1772465832.912411,4.627457,0.822225,0.318452,0.958885,0.000000,0.366593,1.558775,12.919117
1772465832.924951,4.639997,0.821374,0.322272,0.961542,0.000000,0.362992,1.554798,14.125253
1772465832.937993,4.653039,0.818688,0.322272,0.916763,0.000000,0.363253,1.542323,14.540024
1772465832.950434,4.665479,0.813400,0.322272,0.859645,0.000000,0.363771,1.518045,14.520071
1772465832.963277,4.678323,0.805627,0.322272,0.808558,0.000000,0.364543,1.483057,14.392571
1772465832.974767,4.689813,0.795845,0.318452,0.771001,0.000000,0.369101,1.440168,14.220964
1772465832.988000,4.703045,0.785005,0.299319,0.764448,0.000000,0.367693,1.394087,14.232969
1772465833.000355,4.715400,0.775098,0.301776,0.768429,0.000000,0.387598,1.353264,14.132276
1772465833.013985,4.729030,0.763712,0.283580,0.754448,0.000000,0.398480,1.307823,14.120127
1772465833.024896,4.739942,0.747490,0.248869,0.702293,0.000000,0.431329,1.245697,13.913775
1772465833.037330,4.752376,0.728698,0.255553,0.639430,0.000000,0.481564,1.177416,14.084579
1772465833.050433,4.765478,0.706812,0.238888,0.582972,0.000000,0.528997,1.102592,14.294900
1772465833.063651,4.778697,0.684650,0.262896,0.531621,0.000000,0.554051,1.031672,14.388293
1772465833.074743,4.789788,0.663121,0.287200,0.497393,0.000000,0.602247,0.967147,14.454388
1772465833.087916,4.802961,0.642190,0.299140,0.475231,0.000000,0.558537,0.908286,14.638468
1772465833.100502,4.815547,0.621697,0.321888,0.439066,0.000000,0.570345,0.854129,14.464017
1772465833.113396,4.828442,0.602594,0.366698,0.402365,0.000000,0.582375,0.806557,14.313901
1772465833.125005,4.840051,0.583942,0.390954,0.366881,0.000000,0.533541,0.762667,14.113158
1772465833.137899,4.852944,0.566757,0.435412,0.334326,0.000000,0.497102,0.724347,13.895377
1772465833.149968,4.865013,0.550019,0.456117,0.304470,0.000000,0.478417,0.688876,13.527915
1772465833.164028,4.879074,0.533786,0.475398,0.277659,0.000000,0.459783,0.656134,13.266251
1772465833.175155,4.890201,0.517361,0.475398,0.253892,0.000000,0.464748,0.624590,12.864658
1772465833.188360,4.903406,0.501640,0.493018,0.233374,0.000000,0.447777,0.595820,12.748569
1772465833.200871,4.915917,0.485171,0.469698,0.216368,0.000000,0.454491,0.567102,12.495860
1772465833.213830,4.928876,0.469490,0.482930,0.202132,0.000000,0.441902,0.541045,12.278656
1772465833.225244,4.940289,0.454559,0.494454,0.189637,0.000000,0.432118,0.517349,12.095608
1772465833.238500,4.953546,0.439170,0.469046,0.178960,0.000000,0.449304,0.494014,12.083766
1772465833.250432,4.965477,0.424489,0.476739,0.169262,0.000000,0.446591,0.472734,11.904319
1772465833.263863,4.978909,0.410456,0.482879,0.160344,0.000000,0.447568,0.453251,11.847066
1772465833.275156,4.990202,0.396254,0.460827,0.152573,0.000000,0.481491,0.434353,11.746312
1772465833.288399,5.003444,0.382527,0.460827,0.143921,0.000000,0.490098,0.416838,11.808901
1772465833.300949,5.015994,0.369281,0.460893,0.136049,0.000000,0.505251,0.400607,11.752254
1772465833.313872,5.028918,0.356485,0.459571,0.129064,0.000000,0.522610,0.385530,11.694333
1772465833.325062,5.040107,0.344111,0.456862,0.122929,0.000000,0.541512,0.371491,11.638799
1772465833.338335,5.053381,0.332128,0.452763,0.117480,0.000000,0.561273,0.358385,11.710813
1772465833.351897,5.066942,0.320354,0.440417,0.112577,0.000000,0.596133,0.345960,11.658911
1772465833.363707,5.078753,0.308218,0.397990,0.107031,0.000000,0.661035,0.333607,11.559342
1772465833.375679,5.090725,0.296585,0.397990,0.101189,0.000000,0.665074,0.322182,11.525188
1772465833.388389,5.103435,0.285290,0.388190,0.096534,0.000000,0.681781,0.311466,11.606091
1772465833.400931,5.115977,0.274332,0.377418,0.093036,0.000000,0.696061,0.301414,11.588678
1772465833.413804,5.128850,0.263554,0.354699,0.090598,0.000000,0.694683,0.291847,11.432324
1772465833.425216,5.140262,0.253096,0.340479,0.088453,0.000000,0.721023,0.282860,11.262833
1772465833.438471,5.153517,0.242871,0.318959,0.086154,0.000000,0.696452,0.274343,11.189698
1772465833.451509,5.166555,0.233099,0.315003,0.085031,0.000000,0.708368,0.266449,10.959686
1772465833.463005,5.178051,0.223560,0.291449,0.084639,0.000000,0.693498,0.258967,10.612158
1772465833.475101,5.190147,0.214210,0.260272,0.085405,0.000000,0.709151,0.251844,10.465912
1772465833.488537,5.203583,0.205258,0.252541,0.085127,0.000000,0.676838,0.245215,10.362296
1772465833.500959,5.216005,0.196534,0.225885,0.084180,0.000000,0.687727,0.238929,10.044149
1772465833.513495,5.228541,0.188158,0.216109,0.081750,0.000000,0.682214,0.233055,9.797693
1772465833.524873,5.239919,0.180137,0.209988,0.078684,0.000000,0.679244,0.227574,9.554478
1772465833.538480,5.253526,0.172450,0.203191,0.075314,0.000000,0.675538,0.222452,9.471361
1772465833.550700,5.265746,0.165089,0.197342,0.071773,0.000000,0.673089,0.217666,9.214093
1772465833.564471,5.279517,0.158022,0.188573,0.068252,0.000000,0.667940,0.213180,9.050082
1772465833.574834,5.289880,0.151272,0.185676,0.064590,0.000000,0.669762,0.208993,8.743979
1772465833.587469,5.302515,0.144837,0.185350,0.061090,0.000000,0.670751,0.205094,8.662424
1772465833.600760,5.315806,0.138725,0.188665,0.057971,0.000000,0.689009,0.201472,8.569592
1772465833.613541,5.328586,0.132913,0.190492,0.055015,0.000000,0.695460,0.198102,8.371406
1772465833.624901,5.339947,0.127392,0.193246,0.052349,0.000000,0.702585,0.194971,8.167049
1772465833.638260,5.353306,0.122134,0.193275,0.049970,0.000000,0.695755,0.192053,8.138269
1772465833.650739,5.365785,0.117207,0.206964,0.048415,0.000000,0.723126,0.189377,7.964158
1772465833.663513,5.378559,0.112528,0.208665,0.047039,0.000000,0.715444,0.186891,7.811720
1772465833.674940,5.389986,0.108119,0.215495,0.046438,0.000000,0.722483,0.184598,7.645086
1772465833.688141,5.403187,0.104012,0.228397,0.046708,0.000000,0.744777,0.182509,7.597263
1772465833.699918,5.414964,0.100135,0.231471,0.047577,0.000000,0.734655,0.180581,7.414696
1772465833.713392,5.428438,0.096522,0.240499,0.049207,0.000000,0.739571,0.178825,7.356504
1772465833.724934,5.439979,0.093463,0.287749,0.050909,0.000000,0.748661,0.177370,7.203493
1772465833.738106,5.453151,0.090598,0.291388,0.052033,0.000000,0.737312,0.176037,7.138157
1772465833.750681,5.465726,0.087974,0.301710,0.052616,0.000000,0.738037,0.174842,7.042666
1772465833.763544,5.478589,0.085674,0.321855,0.052575,0.000000,0.736585,0.173816,6.941787
1772465833.774892,5.489938,0.083478,0.321855,0.051558,0.000000,0.737160,0.172858,6.815874
1772465833.788194,5.503239,0.081468,0.330407,0.050366,0.000000,0.649562,0.171999,6.772672
1772465833.799914,5.514959,0.079989,0.369968,0.048976,0.000000,0.620080,0.171379,6.592847
1772465833.813368,5.528413,0.078608,0.373822,0.047023,0.000000,0.618381,0.170810,6.502449
1772465833.825086,5.540132,0.077506,0.392421,0.044772,0.000000,0.645483,0.170363,6.381563
1772465833.838477,5.553523,0.076256,0.378860,0.042557,0.000000,0.615092,0.169864,6.329969
1772465833.850912,5.565958,0.074948,0.371169,0.040358,0.000000,0.611969,0.169351,6.212352
1772465833.864018,5.579064,0.073992,0.395792,0.038605,0.000000,0.642677,0.168983,6.152801
1772465833.875014,5.590059,0.072773,0.372412,0.037059,0.000000,0.611246,0.168521,6.037592
1772465833.888619,5.603665,0.072090,0.410599,0.035949,0.000000,0.599039,0.168267,6.069470
1772465833.900711,5.615757,0.071408,0.408596,0.035512,0.000000,0.598215,0.168016,5.997897
1772465833.912541,5.627586,0.070445,0.376595,0.043375,0.000000,0.578885,0.167667,5.895960
1772465833.924802,5.639848,0.069721,0.386366,0.048586,0.000000,0.551494,0.167409,5.831449
1772465833.938456,5.653502,0.069165,0.393661,0.050998,0.000000,0.530333,0.167213,5.828775
1772465833.950861,5.665906,0.068922,0.413284,0.051198,0.000000,0.494518,0.167129,5.714451
1772465833.963776,5.678821,0.068685,0.413314,0.050706,0.000000,0.489632,0.167046,5.584944
1772465833.974808,5.689854,0.068163,0.393427,0.049944,0.000000,0.490877,0.166867,5.420501
1772465833.988333,5.703379,0.067752,0.400753,0.048769,0.000000,0.494094,0.166727,5.400923
1772465834.000919,5.715965,0.066995,0.374453,0.047354,0.000000,0.502739,0.166473,5.308273
1772465834.012783,5.727829,0.065994,0.352310,0.045755,0.000000,0.515997,0.166145,5.162623
1772465834.024925,5.739971,0.064726,0.323392,0.044196,0.000000,0.516310,0.165742,5.088238
1772465834.038707,5.753752,0.063603,0.333133,0.042745,0.000000,0.518355,0.165397,5.087685
1772465834.050885,5.765930,0.062240,0.302899,0.041613,0.000000,0.518133,0.164997,4.969083
1772465834.063778,5.778824,0.060754,0.280644,0.040788,0.000000,0.519577,0.164582,4.895095
1772465834.074948,5.789993,0.058976,0.228512,0.040302,0.000000,0.517055,0.164120,4.765056
1772465834.088418,5.803464,0.057177,0.209396,0.040735,0.000000,0.517433,0.163694,4.724579
1772465834.100772,5.815818,0.055276,0.173398,0.039576,0.000000,0.513882,0.163294,4.614241
1772465834.113687,5.828732,0.053390,0.157425,0.037650,0.000000,0.526378,0.162955,4.519709
1772465834.124939,5.839984,0.051544,0.146551,0.035545,0.000000,0.525139,0.162687,4.399380
1772465834.137421,5.852467,0.049727,0.132307,0.033532,0.000000,0.522918,0.162491,4.329071
1772465834.150948,5.865994,0.047995,0.132307,0.031787,0.000000,0.523693,0.162377,4.295897
1772465834.163954,5.879000,0.046348,0.133585,0.030389,0.000000,0.512767,0.162343,4.195003
1772465834.174851,5.889897,0.044775,0.132022,0.029441,0.000000,0.512630,0.162387,4.074638
1772465834.188715,5.903761,0.043261,0.127221,0.029060,0.000000,0.570713,0.162510,4.057465
1772465834.201514,5.916559,0.041840,0.131232,0.029638,0.000000,0.588632,0.162707,4.002956
1772465834.214695,5.929741,0.040590,0.154788,0.031772,0.000000,0.594240,0.162953,3.972336
1772465834.224884,5.939929,0.039507,0.173508,0.036910,0.000000,0.534033,0.163228,3.908126
1772465834.237359,5.952404,0.038573,0.186105,0.043846,0.000000,0.598694,0.163516,3.902101
1772465834.250843,5.965889,0.037857,0.209568,0.051416,0.000000,0.544211,0.163772,3.932180
1772465834.263510,5.978555,0.037553,0.260830,0.055850,0.000000,0.547765,0.163890,3.894445
1772465834.274823,5.989869,0.037535,0.292432,0.056804,0.000000,0.549405,0.163898,3.876076
1772465834.288193,6.003239,0.037956,0.337474,0.055927,0.000000,0.553749,0.163735,3.934381
1772465834.300696,6.015741,0.038994,0.390735,0.054372,0.000000,0.615902,0.163380,3.989766
1772465834.313835,6.028881,0.040643,0.436061,0.052555,0.000000,0.624758,0.162941,4.104922
1772465834.324801,6.039847,0.043072,0.484779,0.050628,0.000000,0.625548,0.162531,4.213179
1772465834.338061,6.053107,0.045352,0.485251,0.048758,0.000000,0.617717,0.162361,4.406402
1772465834.350697,6.065743,0.048606,0.535423,0.047282,0.000000,0.625921,0.162409,4.583004
1772465834.364564,6.079609,0.053058,0.586871,0.046152,0.000000,0.625845,0.162902,4.852249
1772465834.376148,6.091194,0.058921,0.637889,0.045439,0.000000,0.625113,0.164106,5.110313
1772465834.388416,6.103462,0.068412,0.733720,0.045209,0.000000,0.621312,0.166952,5.555001
1772465834.401258,6.116303,0.077442,0.733720,0.045501,0.000000,0.620611,0.170337,5.975216
1772465834.414274,6.129320,0.088181,0.776381,0.046695,0.000000,0.616344,0.174935,6.351179
1772465834.425056,6.140102,0.100563,0.814475,0.049135,0.000000,0.610313,0.180792,6.726369
1772465834.438572,6.153618,0.114465,0.847561,0.053345,0.000000,0.602280,0.187914,7.274340
1772465834.451214,6.166260,0.129767,0.875493,0.060359,0.000000,0.592100,0.196310,7.695066
1772465834.464425,6.179471,0.144970,0.875493,0.071251,0.000000,0.588081,0.205173,8.108976
1772465834.474837,6.189883,0.161691,0.898397,0.085117,0.000000,0.574879,0.215495,8.350209
1772465834.488216,6.203262,0.178522,0.898282,0.100363,0.000000,0.573342,0.226487,8.897900
1772465834.500848,6.215894,0.195283,0.898282,0.112715,0.000000,0.568006,0.238042,9.197912
1772465834.514200,6.229246,0.212999,0.917240,0.122567,0.000000,0.551200,0.250936,9.495659
1772465834.525050,6.240096,0.231128,0.932004,0.128932,0.000000,0.533081,0.264885,9.693760
1772465834.538352,6.253397,0.248494,0.932004,0.131273,0.000000,0.525807,0.278993,10.126489
1772465834.550837,6.265882,0.265099,0.932004,0.133043,0.000000,0.518862,0.293200,10.276489
1772465834.562393,6.277439,0.281737,0.943059,0.136250,0.000000,0.499400,0.308171,10.399894
1772465834.574643,6.289688,0.297189,0.935400,0.138033,0.000000,0.496979,0.322765,10.643200
1772465834.587849,6.302895,0.312420,0.943949,0.138655,0.000000,0.478209,0.337833,10.840259
1772465834.600746,6.315791,0.326791,0.943949,0.137003,0.000000,0.471030,0.352698,10.940769
1772465834.613432,6.328478,0.339800,0.933939,0.136367,0.000000,0.460089,0.366722,10.956953
1772465834.624973,6.340018,0.352106,0.935489,0.133921,0.000000,0.504178,0.380501,11.068001
1772465834.637822,6.352868,0.362055,0.913851,0.127165,0.000000,0.447096,0.392021,11.236566
1772465834.650516,6.365562,0.369340,0.884810,0.121397,0.000000,0.445397,0.400678,11.266808
1772465834.662314,6.377359,0.375888,0.884810,0.115427,0.000000,0.441681,0.408622,11.240641
1772465834.674599,6.389645,0.379561,0.848386,0.110948,0.000000,0.444991,0.413146,11.284781
1772465834.687704,6.402750,0.381690,0.829861,0.107339,0.000000,0.514013,0.415792,11.395793
1772465834.700162,6.415208,0.383439,0.829861,0.102850,0.000000,0.512824,0.417979,11.565686
1772465834.713326,6.428371,0.384739,0.827182,0.099571,0.000000,0.524805,0.419612,11.736104
1772465834.724760,6.439806,0.385596,0.823875,0.096595,0.000000,0.524820,0.420691,11.797692
1772465834.737871,6.452917,0.386234,0.823875,0.093656,0.000000,0.524375,0.421497,11.989678
1772465834.750382,6.465428,0.386624,0.821331,0.092593,0.000000,0.544900,0.421990,12.067559
1772465834.763305,6.478351,0.386688,0.815215,0.093567,0.000000,0.549428,0.422072,12.088471
1772465834.774618,6.489664,0.386196,0.806205,0.093196,0.000000,0.556879,0.421449,12.073004
1772465834.787223,6.502269,0.386564,0.821845,0.091672,0.000000,0.591456,0.421913,12.241162
1772465834.800637,6.515682,0.383789,0.771618,0.087712,0.000000,0.639646,0.418418,12.366954
1772465834.813394,6.528439,0.380177,0.760057,0.081371,0.000000,0.676131,0.413911,12.394901
1772465834.824692,6.539738,0.373893,0.709400,0.075638,0.000000,0.743173,0.406185,12.477074
1772465834.837870,6.552915,0.365528,0.660948,0.069939,0.000000,0.773294,0.396125,12.717162
1772465834.850491,6.565537,0.356898,0.649250,0.064539,0.000000,0.771442,0.386008,12.869934
1772465834.863651,6.578697,0.348945,0.661187,0.058831,0.000000,0.787380,0.376913,12.982022
1772465834.874790,6.589835,0.339898,0.626649,0.053396,0.000000,0.805000,0.366830,12.908642
1772465834.887161,6.602206,0.331137,0.626649,0.048589,0.000000,0.807586,0.357323,12.929138
1772465834.900422,6.615468,0.322677,0.626649,0.044549,0.000000,0.810086,0.348377,12.830611
1772465834.913054,6.628099,0.314629,0.629197,0.041728,0.000000,0.929520,0.340077,12.676331
1772465834.924633,6.639679,0.305197,0.571557,0.041055,0.000000,1.068209,0.330601,12.733303
1772465834.937756,6.652802,0.295090,0.518265,0.048988,0.000000,1.162332,0.320743,13.108130
1772465834.950292,6.665338,0.284868,0.480654,0.058200,0.000000,1.171931,0.311073,13.314038
1772465834.963362,6.678408,0.274154,0.426060,0.058406,0.000000,1.341899,0.301254,13.465567
1772465834.974739,6.689785,0.263484,0.396608,0.055742,0.000000,1.491104,0.291787,13.641005
1772465834.987880,6.702926,0.252715,0.350127,0.052833,0.000000,1.708426,0.282537,14.054550
1772465834.999877,6.714923,0.241929,0.297780,0.050335,0.000000,2.237850,0.273571,14.552573
1772465835.013325,6.728371,0.231564,0.286104,0.048385,0.000000,2.547318,0.265230,15.461172
1772465835.024745,6.739791,0.221625,0.275511,0.047649,0.000000,2.835263,0.257477,16.194193
1772465835.037914,6.752959,0.212000,0.250854,0.047703,0.000000,3.044680,0.250190,16.744896
1772465835.050457,6.765502,0.202786,0.240279,0.048205,0.000000,2.606828,0.243416,16.766285
1772465835.063204,6.778250,0.193976,0.232568,0.047384,0.000000,2.064295,0.237119,16.266028
1772465835.075273,6.790319,0.185578,0.229939,0.045614,0.000000,1.454983,0.231277,15.108946
1772465835.088195,6.803241,0.177566,0.226783,0.043140,0.000000,1.139095,0.225846,13.707110
1772465835.100211,6.815257,0.169955,0.229284,0.040836,0.000000,1.052133,0.220816,12.335447
1772465835.113658,6.828703,0.162836,0.248666,0.038860,0.000000,0.852807,0.216224,11.347811
1772465835.124734,6.839780,0.156120,0.257109,0.037159,0.000000,0.799294,0.211990,10.457845
1772465835.137978,6.853024,0.149785,0.264571,0.036240,0.000000,0.792630,0.208085,9.939024
1772465835.150499,6.865545,0.143895,0.281458,0.036509,0.000000,0.801855,0.204530,9.529324
1772465835.163967,6.879013,0.138390,0.290780,0.038562,0.000000,0.820485,0.201275,9.266657
1772465835.175091,6.890137,0.133256,0.297649,0.043185,0.000000,0.844052,0.198299,9.043013
1772465835.188437,6.903483,0.128660,0.318530,0.052736,0.000000,0.855500,0.195684,9.069998
1772465835.200207,6.915252,0.124874,0.340206,0.082936,0.000000,0.952137,0.193566,9.021816
1772465835.213661,6.928706,0.122786,0.366673,0.153162,0.000000,1.177938,0.192411,9.339125
1772465835.224747,6.939793,0.121860,0.395903,0.173957,0.000000,2.842087,0.191903,10.123582
1772465835.237869,6.952914,0.121347,0.420958,0.164167,0.000000,4.458636,0.191622,11.979641
1772465835.250361,6.965407,0.121398,0.456097,0.149854,0.000000,1.609574,0.191650,13.957189
1772465835.263407,6.978453,0.121580,0.474886,0.135992,0.000000,1.204870,0.191749,14.262466
1772465835.274758,6.989804,0.121658,0.484165,0.123218,0.000000,1.148513,0.191792,13.507332
1772465835.288002,7.003048,0.121685,0.494029,0.111638,0.000000,1.459361,0.191807,12.887920
1772465835.300623,7.015669,0.120969,0.475302,0.101095,0.000000,1.804182,0.191415,12.555170
1772465835.312415,7.027461,0.119471,0.447961,0.091782,0.000000,4.095684,0.190600,13.096318
1772465835.324810,7.039855,0.117287,0.416252,0.083545,0.000000,6.361539,0.189420,15.135024
1772465835.338154,7.053200,0.114688,0.391499,0.076257,0.000000,16.693699,0.188032,19.351223
1772465835.351220,7.066266,0.111383,0.335270,0.069828,0.000000,5.690482,0.186291,21.411895
1772465835.364243,7.079289,0.108078,0.326363,0.063980,0.000000,2.560557,0.184578,19.122479
1772465835.376163,7.091209,0.105185,0.354214,0.057823,0.000000,1.407396,0.183102,16.455487
1772465835.388362,7.103408,0.102944,0.398681,0.052249,0.000000,1.125048,0.181974,14.187785
1772465835.401195,7.116241,0.102133,0.481865,0.047298,0.000000,1.282171,0.181570,12.473889
1772465835.413881,7.128926,0.102014,0.516993,0.043028,0.000000,3.034794,0.181511,11.730936
1772465835.425109,7.140155,0.102126,0.530265,0.039573,0.000000,9.892456,0.181566,13.889776
1772465835.438302,7.153347,0.101457,0.497272,0.036902,0.000000,56.456951,0.181234,28.677837
1772465835.450859,7.165905,0.099722,0.439233,0.033248,0.000000,8.643368,0.180379,30.474751
1772465835.463827,7.178873,0.097758,0.420981,0.030284,0.000000,3.057856,0.179421,24.021100
1772465835.475082,7.190128,0.095745,0.412785,0.027854,0.000000,1.254418,0.178453,19.367124
1772465835.488417,7.203463,0.094068,0.431505,0.025896,0.000000,1.085673,0.177656,16.002964
1772465835.500869,7.215914,0.092585,0.441253,0.023555,0.000000,1.243084,0.176959,13.368183
1772465835.514101,7.229147,0.091808,0.482038,0.021289,0.000000,1.505259,0.176596,11.806988
1772465835.525191,7.240237,0.091601,0.512268,0.019241,0.000000,2.351298,0.176500,11.071603
1772465835.537788,7.252833,0.091179,0.502569,0.017402,0.000000,4.169754,0.176305,11.504142
1772465835.550928,7.265974,0.091117,0.521353,0.015767,0.000000,7.102110,0.176276,13.322991
1772465835.563769,7.278815,0.090683,0.503772,0.014327,0.000000,34.144277,0.176076,20.728565
1772465835.574772,7.289818,0.090087,0.495019,0.013091,0.000000,38.017095,0.175802,29.146192
1772465835.588205,7.303251,0.089694,0.505190,0.012317,0.000000,17.421901,0.175622,30.280027
1772465835.600677,7.315723,0.089403,0.510353,0.011493,0.000000,8.075478,0.175490,25.280873
1772465835.613601,7.328647,0.088855,0.496454,0.010812,0.000000,3.646374,0.175240,20.474418
1772465835.625293,7.340339,0.088527,0.507091,0.010592,0.000000,2.685507,0.175092,16.893687
1772465835.638370,7.353416,0.088217,0.506660,0.011112,0.000000,1.863895,0.174952,14.609818
1772465835.650019,7.365065,0.087914,0.504013,0.013300,0.000000,1.603998,0.174815,12.871269
1772465835.663444,7.378489,0.087784,0.508595,0.016980,0.000000,1.524367,0.174757,11.932293
1772465835.674862,7.389908,0.087905,0.517121,0.020611,0.000000,1.476619,0.174811,11.255743
1772465835.688046,7.403092,0.088324,0.528424,0.023756,0.000000,1.601106,0.175000,11.016324
1772465835.700732,7.415777,0.089247,0.548902,0.026301,0.000000,2.020016,0.175419,11.060738
1772465835.713648,7.428694,0.090692,0.568749,0.029206,0.000000,2.910474,0.176080,11.533216
1772465835.724821,7.439867,0.093145,0.602239,0.034304,0.000000,7.492170,0.177221,13.040803
1772465835.738228,7.453274,0.096586,0.627393,0.043882,0.000000,5.008027,0.178856,15.940291
1772465835.750345,7.465390,0.101432,0.672174,0.042329,0.000000,1.710561,0.181221,16.843956
1772465835.763828,7.478873,0.107874,0.720008,0.038635,0.000000,0.816597,0.184472,16.313264
1772465835.775347,7.490392,0.116655,0.779500,0.035071,0.000000,0.542345,0.189081,15.003443
1772465835.788305,7.503350,0.127400,0.827907,0.031854,0.000000,0.498093,0.194975,13.811508
1772465835.800767,7.515813,0.138774,0.851452,0.029029,0.000000,0.560794,0.201500,12.605050
1772465835.813810,7.528856,0.149852,0.855350,0.029869,0.000000,0.700254,0.208126,11.767082
1772465835.824928,7.539973,0.158854,0.827470,0.030790,0.000000,0.952973,0.213702,11.197344
1772465835.838312,7.553357,0.165850,0.799902,0.029461,0.000000,1.211467,0.218155,11.305795
1772465835.850904,7.565949,0.168549,0.718714,0.027972,0.000000,1.997759,0.219901,11.725380
1772465835.862410,7.577456,0.168919,0.664237,0.026936,0.000000,2.372695,0.220141,12.636698
1772465835.874946,7.589992,0.167065,0.596658,0.026407,0.000000,2.376071,0.218939,13.917440
1772465835.888421,7.603467,0.162809,0.490073,0.026658,0.000000,2.302422,0.216206,14.630893
1772465835.900899,7.615945,0.158148,0.453973,0.027422,0.000000,1.710673,0.213258,14.789155
1772465835.913553,7.628599,0.152923,0.398940,0.027066,0.000000,0.824281,0.210009,14.257427
1772465835.924877,7.639922,0.147776,0.384621,0.026372,0.000000,0.675292,0.206864,13.150988
1772465835.938244,7.653290,0.142835,0.381072,0.025628,0.000000,0.623787,0.203898,12.098943
1772465835.951791,7.666836,0.138110,0.379057,0.024905,0.000000,0.527427,0.201111,10.972389
1772465835.964534,7.679579,0.133626,0.379767,0.024658,0.000000,0.514112,0.198512,9.926166
1772465835.975300,7.690346,0.129467,0.388202,0.024774,0.000000,0.517520,0.196140,9.097687
1772465835.988494,7.703540,0.125630,0.394518,0.027820,0.000000,0.539075,0.193986,8.708236
1772465836.001169,7.716214,0.122187,0.411378,0.026522,0.000000,0.642601,0.192082,8.411312
1772465836.013998,7.729044,0.119081,0.425118,0.024788,0.000000,0.758510,0.190388,8.352107
1772465836.025326,7.740372,0.116498,0.451357,0.023289,0.000000,1.203689,0.188997,8.579470
1772465836.038535,7.753581,0.114271,0.466558,0.022029,0.000000,1.653366,0.187811,9.427812
1772465836.051367,7.766412,0.112765,0.500904,0.021642,0.000000,3.611489,0.187015,10.954120
1772465836.064616,7.779662,0.112193,0.539980,0.023528,0.000000,5.221125,0.186715,13.314871
1772465836.075363,7.790409,0.113094,0.589528,0.030637,0.000000,2.500439,0.187189,15.419487
1772465836.088518,7.803564,0.114589,0.610885,0.030979,0.000000,1.561317,0.187979,16.427003
1772465836.101221,7.816266,0.117160,0.647986,0.029189,0.000000,1.049247,0.189352,15.666448
1772465836.113963,7.829008,0.119590,0.627848,0.048967,0.000000,1.121469,0.190665,14.454741
1772465836.125182,7.840228,0.123866,0.682874,0.046183,0.000000,0.667465,0.193007,13.392602
1772465836.138801,7.853847,0.130012,0.734374,0.042465,0.000000,0.479640,0.196449,12.618302
1772465836.151196,7.866242,0.137773,0.777193,0.039066,0.000000,0.416861,0.200914,11.542515
1772465836.164344,7.879390,0.146027,0.796860,0.036391,0.000000,0.399317,0.205808,10.783739
1772465836.175366,7.890412,0.154765,0.815288,0.034684,0.000000,0.389634,0.211147,10.084397
1772465836.188652,7.903697,0.163115,0.816442,0.034429,0.000000,0.390326,0.216402,9.766644
1772465836.200282,7.915328,0.172008,0.831840,0.036369,0.000000,0.426358,0.222161,9.354848
1772465836.213950,7.928996,0.180748,0.832054,0.041326,0.000000,0.496384,0.227986,9.345526
1772465836.225204,7.940250,0.188688,0.824451,0.042482,0.000000,0.545113,0.233422,9.267530
1772465836.238813,7.953859,0.193828,0.782792,0.039570,0.000000,0.546377,0.237014,9.446151
1772465836.250753,7.965799,0.194571,0.696858,0.036578,0.000000,0.701510,0.237539,9.413674
1772465836.263691,7.978737,0.191487,0.591034,0.033855,0.000000,0.964823,0.235371,9.665101
1772465836.274788,7.989834,0.187940,0.571159,0.031365,0.000000,1.102152,0.232904,10.105036
1772465836.288137,8.003183,0.182510,0.480520,0.029216,0.000000,1.456875,0.229181,10.975940
1772465836.299690,8.014736,0.176970,0.460222,0.027657,0.000000,1.729091,0.225448,11.692856
1772465836.313202,8.028248,0.170981,0.412730,0.026768,0.000000,2.836763,0.221487,13.120277
1772465836.324784,8.039829,0.165110,0.399717,0.025872,0.000000,3.443118,0.217679,14.746147
1772465836.338043,8.053089,0.158891,0.341888,0.026301,0.000000,12.186625,0.213725,19.355758
1772465836.350333,8.065379,0.152756,0.314558,0.029069,0.000000,38.532536,0.209906,31.795367
1772465836.363802,8.078848,0.146906,0.313899,0.027143,0.000000,20.711207,0.206338,35.352947
1772465836.375447,8.090492,0.141215,0.285713,0.039221,0.000000,25.666172,0.202937,34.807663
1772465836.388416,8.103462,0.135567,0.256733,0.035714,0.000000,10.042572,0.199631,32.069538
1772465836.400443,8.115489,0.129885,0.208207,0.032276,0.000000,3.844241,0.196376,25.532149
1772465836.412417,8.127463,0.124436,0.201384,0.029272,0.000000,2.703974,0.193323,20.373042
1772465836.424656,8.139702,0.119100,0.170408,0.026579,0.000000,1.227598,0.190399,16.499976
1772465836.437855,8.152900,0.114004,0.166198,0.024493,0.000000,1.002882,0.187670,13.570718
1772465836.450165,8.165211,0.109134,0.160773,0.022784,0.000000,0.840973,0.185122,11.349721
1772465836.462935,8.177980,0.104505,0.161881,0.021269,0.000000,0.724809,0.182758,9.772005
1772465836.474607,8.189652,0.100102,0.161881,0.019963,0.000000,0.727945,0.180565,8.623361
1772465836.487838,8.202884,0.095930,0.165517,0.018891,0.000000,0.641359,0.178541,7.839284
1772465836.500349,8.215394,0.091990,0.171948,0.018104,0.000000,0.577145,0.176681,7.223312
1772465836.513231,8.228276,0.088267,0.177254,0.017653,0.000000,0.519219,0.174974,6.719905
1772465836.524666,8.239711,0.084780,0.188253,0.017665,0.000000,0.484413,0.173424,6.279817
1772465836.537046,8.252092,0.081507,0.196373,0.018300,0.000000,0.448839,0.172016,5.935984
1772465836.550238,8.265283,0.078382,0.191590,0.019645,0.000000,0.456904,0.170718,5.682332
1772465836.562949,8.277995,0.075476,0.201951,0.022363,0.000000,0.430538,0.169557,5.427867
1772465836.574618,8.289664,0.072846,0.221440,0.027658,0.000000,0.428411,0.168549,5.214314
1772465836.587847,8.302892,0.070398,0.221440,0.036492,0.000000,0.429146,0.167650,5.095900
1772465836.600362,8.315408,0.068351,0.245382,0.055621,0.000000,0.421554,0.166931,4.997571
1772465836.613441,8.328486,0.066883,0.269980,0.089093,0.000000,0.458051,0.166436,4.951317
1772465836.624964,8.340010,0.066334,0.297404,0.137293,0.000000,0.490668,0.166256,4.958843
1772465836.637436,8.352482,0.065886,0.314448,0.125690,0.000000,0.546172,0.166110,5.057375
1772465836.650606,8.365652,0.065546,0.332398,0.114010,0.000000,0.638165,0.166001,5.239281
1772465836.663163,8.378208,0.065526,0.364021,0.103226,0.000000,0.931717,0.165994,5.505696
1772465836.674650,8.389696,0.065486,0.372402,0.093476,0.000000,0.931026,0.165982,5.890378
1772465836.688129,8.403174,0.065778,0.401985,0.084739,0.000000,1.622020,0.166075,6.519590
1772465836.700608,8.415654,0.066115,0.413273,0.077008,0.000000,2.106088,0.166184,7.405396
1772465836.713374,8.428420,0.066723,0.436527,0.070245,0.000000,3.466929,0.166383,8.707521
1772465836.724969,8.440015,0.067604,0.458463,0.064589,0.000000,5.849162,0.166677,10.734929
1772465836.737996,8.453042,0.068506,0.466054,0.060364,0.000000,8.259999,0.166985,13.608995
1772465836.750024,8.465069,0.069698,0.485051,0.057877,0.000000,9.584579,0.167401,16.349163
1772465836.763403,8.478449,0.070618,0.476391,0.056179,0.000000,8.839056,0.167729,18.642918
1772465836.774984,8.490030,0.071510,0.480560,0.052907,0.000000,8.876790,0.168053,19.351117
1772465836.787894,8.502940,0.072238,0.478288,0.049227,0.000000,8.871155,0.168322,19.164121
1772465836.800861,8.515907,0.072797,0.475009,0.045616,0.000000,7.549119,0.168530,18.532689
1772465836.813823,8.528868,0.073257,0.474120,0.042761,0.000000,7.542185,0.168703,17.902350
1772465836.825190,8.540236,0.073688,0.476176,0.040434,0.000000,5.323914,0.168867,17.238650
1772465836.837975,8.553020,0.074288,0.485927,0.040555,0.000000,3.328074,0.169096,16.081715
1772465836.849862,8.564908,0.075558,0.513627,0.046249,0.000000,1.253729,0.169589,14.453931
1772465836.863204,8.578250,0.076920,0.521624,0.045073,0.000000,0.736671,0.170128,12.772286
1772465836.874986,8.590032,0.077820,0.507287,0.041719,0.000000,0.569043,0.170490,11.203802
1772465836.887917,8.602962,0.077923,0.473065,0.038120,0.000000,0.511320,0.170531,9.954221
1772465836.900522,8.615567,0.077466,0.444178,0.034734,0.000000,0.523029,0.170347,8.911062
1772465836.913901,8.628947,0.076829,0.434184,0.031674,0.000000,0.620335,0.170092,8.119383
1772465836.924969,8.640015,0.075746,0.402942,0.028968,0.000000,0.797187,0.169663,7.541116
1772465836.938452,8.653497,0.074440,0.382819,0.026640,0.000000,0.960167,0.169154,7.307482
1772465836.949817,8.664863,0.072823,0.350357,0.024697,0.000000,1.534681,0.168540,7.241189
1772465836.963337,8.678383,0.071119,0.334586,0.023252,0.000000,2.219532,0.167910,7.607129
1772465836.974757,8.689803,0.069418,0.326110,0.022519,0.000000,2.722965,0.167302,8.139366
1772465836.987976,8.703022,0.067874,0.333758,0.022923,0.000000,2.710092,0.166769,8.942539
1772465837.000417,8.715463,0.066496,0.341446,0.024610,0.000000,2.472308,0.166309,9.527064
1772465837.013506,8.728552,0.065230,0.343279,0.027090,0.000000,2.249591,0.165900,9.670363
1772465837.025009,8.740055,0.064077,0.345623,0.029834,0.000000,2.009437,0.165542,9.484990
1772465837.038206,8.753252,0.063042,0.348398,0.032870,0.000000,1.775621,0.165230,9.174284
1772465837.050550,8.765596,0.062689,0.398046,0.036949,0.000000,1.609755,0.165127,8.781091
1772465837.062430,8.777476,0.062702,0.418265,0.041666,0.000000,1.411818,0.165130,8.333070
1772465837.074713,8.789759,0.062886,0.424708,0.046519,0.000000,1.204428,0.165184,7.975768
1772465837.087964,8.803009,0.062955,0.419680,0.044709,0.000000,1.041973,0.165205,7.620608
1772465837.100500,8.815545,0.063701,0.464344,0.041309,0.000000,0.855679,0.165427,7.279501
1772465837.113353,8.828399,0.064408,0.467557,0.038017,0.000000,0.578735,0.165643,6.892104
1772465837.124810,8.839856,0.064955,0.463163,0.035396,0.000000,0.526234,0.165814,6.470520
1772465837.138020,8.853066,0.065421,0.461821,0.033633,0.000000,0.558662,0.165961,6.174950
1772465837.150409,8.865455,0.066675,0.505135,0.033332,0.000000,1.050334,0.166367,6.095581
1772465837.164174,8.879220,0.068470,0.530754,0.035482,0.000000,2.456904,0.166972,6.585215
1772465837.174797,8.889843,0.071367,0.572809,0.040559,0.000000,2.932161,0.168000,7.773096
1772465837.187088,8.902134,0.076654,0.651611,0.041175,0.000000,1.049243,0.170022,9.267938
1772465837.200413,8.915459,0.082944,0.686119,0.039688,0.000000,0.860360,0.172628,10.331134
1772465837.213315,8.928360,0.089641,0.705206,0.038013,0.000000,0.767120,0.175598,10.678166
1772465837.224803,8.939849,0.096446,0.716722,0.036763,0.000000,0.695494,0.178788,10.668631
1772465837.238102,8.953147,0.102365,0.704788,0.036003,0.000000,0.682207,0.181685,10.448775
1772465837.250839,8.965884,0.107024,0.681141,0.035983,0.000000,0.694425,0.184037,10.012101
1772465837.263774,8.978819,0.109612,0.630484,0.036046,0.000000,0.757103,0.185369,9.488062
1772465837.274853,8.989898,0.110588,0.582455,0.035807,0.000000,0.944093,0.185876,9.074472
1772465837.287186,9.002232,0.110701,0.552252,0.035356,0.000000,1.161196,0.185935,8.999439
1772465837.300474,9.015520,0.109888,0.513617,0.034288,0.000000,1.291590,0.185512,9.179801
1772465837.313817,9.028862,0.108664,0.492472,0.033333,0.000000,1.634975,0.184879,9.399604
1772465837.324764,9.039810,0.107188,0.476929,0.032265,0.000000,2.273569,0.184121,9.748936
1772465837.337921,9.052966,0.105792,0.477768,0.031729,0.000000,2.448156,0.183409,10.514717
1772465837.351137,9.066183,0.104567,0.483647,0.031396,0.000000,2.553402,0.182789,11.126351
1772465837.364352,9.079397,0.103711,0.499118,0.031841,0.000000,1.972392,0.182359,11.299441
1772465837.376082,9.091128,0.103790,0.538766,0.033266,0.000000,1.311248,0.182398,10.994310
1772465837.388666,9.103712,0.104454,0.557470,0.038423,0.000000,1.035534,0.182732,10.605363
1772465837.401107,9.116153,0.107109,0.593237,0.071476,0.000000,0.814332,0.184081,10.107878
1772465837.412521,9.127567,0.111195,0.636723,0.071745,0.000000,0.670566,0.186192,9.592708
1772465837.425640,9.140686,0.113953,0.608522,0.069142,0.000000,0.691408,0.187642,9.193710
1772465837.438078,9.153123,0.115792,0.586809,0.067432,0.000000,0.817655,0.188620,8.913158
1772465837.450606,9.165651,0.116454,0.550513,0.067545,0.000000,1.227748,0.188973,8.950861
1772465837.463452,9.178497,0.116133,0.511069,0.070872,0.000000,2.852170,0.188802,9.802876
1772465837.474777,9.189823,0.115057,0.461632,0.086663,0.000000,47.400316,0.188228,25.368241
1772465837.488073,9.203119,0.112843,0.406350,0.078676,0.000000,9.912835,0.187057,30.095066
1772465837.499844,9.214890,0.109862,0.353189,0.071120,0.000000,1.831122,0.185499,23.612898
1772465837.513509,9.228555,0.106569,0.320127,0.064115,0.000000,1.092309,0.183805,18.914327
1772465837.524847,9.239892,0.103206,0.302965,0.057860,0.000000,1.050899,0.182105,15.108038
1772465837.538112,9.253158,0.099874,0.293325,0.052372,0.000000,1.214588,0.180453,12.747959
1772465837.550697,9.265742,0.096633,0.289173,0.047724,0.000000,1.624362,0.178878,11.254755
1772465837.563707,9.278752,0.093418,0.276464,0.043785,0.000000,3.113463,0.177349,10.799915
1772465837.574932,9.289977,0.090305,0.272326,0.040292,0.000000,4.943554,0.175902,11.543780
1772465837.588371,9.303417,0.087297,0.268691,0.037162,0.000000,19.180843,0.174538,15.995986
1772465837.601048,9.316093,0.084399,0.265732,0.034415,0.000000,36.733349,0.173257,24.115179
1772465837.612972,9.328017,0.081747,0.281831,0.032072,0.000000,12.329659,0.172117,25.745693
1772465837.625004,9.340050,0.079267,0.288428,0.030659,0.000000,4.885646,0.171080,21.958287
1772465837.638367,9.353413,0.076948,0.293149,0.030612,0.000000,3.923423,0.170139,18.173974
1772465837.650765,9.365811,0.074677,0.283223,0.031754,0.000000,2.252143,0.169246,14.878968
1772465837.663826,9.378871,0.072712,0.302746,0.036085,0.000000,1.550226,0.168498,12.412189
1772465837.674811,9.389857,0.070942,0.303824,0.046151,0.000000,1.410920,0.167846,10.563571
1772465837.688026,9.403071,0.069568,0.321874,0.059788,0.000000,1.264645,0.167355,9.443647
1772465837.700639,9.415685,0.068413,0.326587,0.069131,0.000000,1.146941,0.166953,8.578858
1772465837.712382,9.427428,0.067490,0.338478,0.072483,0.000000,1.165978,0.166639,7.959450
1772465837.724729,9.439774,0.066577,0.335092,0.072772,0.000000,1.353396,0.166335,7.724127
1772465837.738495,9.453541,0.065787,0.343229,0.071137,0.000000,1.784598,0.166078,7.838591
1772465837.750688,9.465734,0.065056,0.346242,0.069664,0.000000,2.230581,0.165845,8.120728
1772465837.764183,9.479229,0.064297,0.340929,0.069667,0.000000,17.610290,0.165609,11.573128
1772465837.774733,9.489779,0.063406,0.329928,0.065842,0.000000,80.781166,0.165338,25.636523
1772465837.788052,9.503098,0.062290,0.310723,0.059308,0.000000,4.530907,0.165011,28.238875
1772465837.801230,9.516276,0.061031,0.295228,0.053497,0.000000,1.989233,0.164657,20.352165
1772465837.814422,9.529468,0.059634,0.276559,0.048511,0.000000,1.188008,0.164287,15.076071
1772465837.825055,9.540100,0.058028,0.242745,0.044123,0.000000,0.862981,0.163890,11.759628
1772465837.837723,9.552768,0.056420,0.234116,0.040291,0.000000,0.917858,0.163528,9.827679
1772465837.851172,9.566218,0.054709,0.206285,0.036580,0.000000,1.085056,0.163186,8.567171
1772465837.864001,9.579046,0.052951,0.183954,0.033090,0.000000,1.475575,0.162886,7.695192
1772465837.875387,9.590433,0.051247,0.179929,0.029937,0.000000,1.455495,0.162650,7.208628
1772465837.888511,9.603556,0.049544,0.163496,0.027112,0.000000,1.826321,0.162475,7.026192
1772465837.901268,9.616314,0.047854,0.148261,0.024607,0.000000,3.118027,0.162371,7.149366
1772465837.914199,9.629245,0.046216,0.141982,0.022425,0.000000,6.654288,0.162343,8.183890
1772465837.925313,9.640359,0.044639,0.138217,0.020554,0.000000,18.562672,0.162395,11.075599
1772465837.937668,9.652714,0.043127,0.135786,0.018918,0.000000,61.136892,0.162525,18.599871
1772465837.951037,9.666083,0.041684,0.135666,0.017166,0.000000,17.248203,0.162733,23.110116
1772465837.964022,9.679068,0.040324,0.140456,0.015642,0.000000,5.601511,0.163015,18.994935
1772465837.974867,9.689913,0.039074,0.153139,0.014253,0.000000,2.666448,0.163356,14.985441
1772465837.988479,9.703525,0.037934,0.166608,0.013122,0.000000,1.626170,0.163743,12.070130
1772465838.000946,9.715991,0.036930,0.185685,0.012807,0.000000,1.125180,0.164151,9.713490
1772465838.013382,9.728428,0.036011,0.192523,0.013695,0.000000,0.974872,0.164587,8.056546
1772465838.024889,9.739934,0.035310,0.226774,0.014201,0.000000,0.865128,0.164962,6.903430
1772465838.038110,9.753155,0.034802,0.254361,0.014218,0.000000,1.079068,0.165258,6.247067
1772465838.049740,9.764786,0.034538,0.287198,0.014224,0.000000,2.058665,0.165421,5.859234
1772465838.062922,9.777967,0.034556,0.321463,0.014643,0.000000,28.141163,0.165409,9.183025
1772465838.074616,9.789661,0.034758,0.340037,0.016823,0.000000,13.753357,0.165285,13.980119
1772465838.087790,9.802836,0.035034,0.350445,0.015462,0.000000,2.325277,0.165120,13.909501
1772465838.100085,9.815130,0.035477,0.369694,0.014064,0.000000,1.356296,0.164869,11.643229
1772465838.113136,9.828182,0.035845,0.365915,0.012792,0.000000,0.928372,0.164672,9.613293
1772465838.124637,9.839683,0.036047,0.352052,0.011707,0.000000,0.873688,0.164569,8.102582
1772465838.137891,9.852936,0.036102,0.338053,0.010913,0.000000,0.942803,0.164541,7.129506
1772465838.149758,9.864803,0.035856,0.302274,0.010477,0.000000,1.356111,0.164666,6.458185
1772465838.163056,9.878102,0.035767,0.320365,0.010749,0.000000,1.553676,0.164713,6.175435
1772465838.174689,9.889735,0.035451,0.289455,0.011504,0.000000,2.634743,0.164883,6.165703
1772465838.187923,9.902969,0.035144,0.287727,0.012308,0.000000,5.962041,0.165056,6.892978
1772465838.200197,9.915243,0.034727,0.268373,0.013213,0.000000,14.056085,0.165303,9.123815
1772465838.213137,9.928182,0.034641,0.310479,0.014059,0.000000,56.899798,0.165356,16.247477
1772465838.224746,9.939792,0.034679,0.324029,0.014884,0.000000,106.172779,0.165333,24.924266
1772465838.238119,9.953165,0.034800,0.335192,0.013546,0.000000,10.643399,0.165259,26.739538
1772465838.250538,9.965583,0.034979,0.343473,0.012328,0.000000,3.931481,0.165152,19.614477
1772465838.262740,9.977786,0.034920,0.318132,0.011319,0.000000,1.749709,0.165187,14.253265
1772465838.274685,9.989731,0.035027,0.337769,0.010710,0.000000,1.189647,0.165124,10.987512
1772465838.287849,10.002894,0.035361,0.362411,0.010677,0.000000,0.898569,0.164933,8.910732
1772465838.300165,10.015211,0.035877,0.380433,0.011700,0.000000,0.942137,0.164656,7.518978
1772465838.313467,10.028512,0.037431,0.458076,0.015034,0.000000,1.718272,0.163940,6.799334
1772465838.324702,10.039747,0.040197,0.521830,0.022090,0.000000,9.435951,0.163046,7.464114
1772465838.337744,10.052789,0.045718,0.628298,0.025745,0.000000,2.648240,0.162351,9.547329
1772465838.350431,10.065477,0.054031,0.711801,0.025580,0.000000,1.029948,0.163064,10.646825
1772465838.362237,10.077283,0.064683,0.774728,0.023378,0.000000,0.831411,0.165729,10.768446
1772465838.376050,10.091096,0.077642,0.831313,0.021461,0.000000,0.994663,0.170418,10.792560
1772465838.387736,10.102782,0.092857,0.883766,0.019979,0.000000,1.537302,0.177086,10.833926
1772465838.400811,10.115857,0.108182,0.899048,0.019318,0.000000,2.508734,0.184631,11.494298
1772465838.413471,10.128516,0.122714,0.897240,0.020683,0.000000,6.087772,0.192372,13.521410
1772465838.424706,10.139752,0.137368,0.912187,0.019803,0.000000,9.102480,0.200678,17.851325
1772465838.437818,10.152864,0.149911,0.890283,0.018759,0.000000,8.733338,0.208161,21.698464
1772465838.450402,10.165447,0.161185,0.880152,0.018029,0.000000,4.498438,0.215174,22.848373
1772465838.463317,10.178363,0.170482,0.855974,0.017676,0.000000,2.902020,0.221160,21.510029
1772465838.474692,10.189737,0.177743,0.827454,0.017825,0.000000,2.011490,0.225965,19.172891
1772465838.487104,10.202150,0.181870,0.772215,0.018902,0.000000,1.522837,0.228746,16.990325
1772465838.500398,10.215444,0.185014,0.753085,0.021535,0.000000,1.221684,0.230889,15.258387
1772465838.513477,10.228522,0.185634,0.693197,0.026295,0.000000,1.124271,0.231315,13.740007
1772465838.524646,10.239692,0.185754,0.672745,0.034706,0.000000,1.042972,0.231398,12.686444
1772465838.537802,10.252848,0.186233,0.669906,0.046938,0.000000,0.965377,0.231726,12.133120
1772465838.550456,10.265502,0.186078,0.631861,0.069099,0.000000,0.916795,0.231620,11.654914
1772465838.563224,10.278270,0.185397,0.594195,0.092132,0.000000,0.880849,0.231152,11.251818
1772465838.574808,10.289853,0.183886,0.561208,0.099886,0.000000,0.896236,0.230118,10.986912
1772465838.587813,10.302859,0.181504,0.528724,0.101894,0.000000,0.881347,0.228498,10.854639
1772465838.599856,10.314902,0.179272,0.516387,0.115318,0.000000,0.879915,0.226991,10.710272
1772465838.613183,10.328228,0.176417,0.484471,0.121118,0.000000,0.866525,0.225079,10.625303
1772465838.624792,10.339838,0.174066,0.478360,0.140372,0.000000,0.881789,0.223518,10.515972
1772465838.637928,10.352974,0.171466,0.452638,0.152778,0.000000,0.848789,0.221805,10.489412
1772465838.650477,10.365523,0.169534,0.468448,0.156313,0.000000,0.704386,0.220542,10.364784
1772465838.663175,10.378221,0.166455,0.424883,0.152722,0.000000,0.595580,0.218545,10.021664
1772465838.674819,10.389864,0.164102,0.451131,0.149250,0.000000,0.694179,0.217033,9.700457
1772465838.687820,10.402865,0.162160,0.455514,0.155796,0.000000,1.003793,0.215794,9.819704
1772465838.699842,10.414888,0.161507,0.461243,0.190408,0.000000,2.234287,0.215378,10.799146
1772465838.713202,10.428248,0.161084,0.475913,0.181902,0.000000,2.829976,0.215110,13.041476
1772465838.724736,10.439782,0.160502,0.484788,0.167416,0.000000,3.249424,0.214741,15.687785
1772465838.738186,10.453232,0.160418,0.514222,0.152380,0.000000,1.398512,0.214688,17.065413
1772465838.750524,10.465569,0.159761,0.510554,0.138238,0.000000,0.953321,0.214274,16.136008
1772465838.763483,10.478529,0.158277,0.494638,0.125306,0.000000,0.548261,0.213339,14.685804
1772465838.774631,10.489676,0.155890,0.469117,0.113822,0.000000,0.413404,0.211847,12.983195
1772465838.788173,10.503219,0.153175,0.460130,0.103943,0.000000,0.381987,0.210164,11.650130
1772465838.800113,10.515158,0.149923,0.436890,0.095795,0.000000,0.371734,0.208169,10.391079
1772465838.813465,10.528511,0.146017,0.398330,0.089761,0.000000,0.384355,0.205802,9.448939
1772465838.824753,10.539798,0.141903,0.374157,0.088452,0.000000,0.413006,0.203345,8.612499
1772465838.838211,10.553257,0.137579,0.333786,0.099072,0.000000,0.485797,0.200801,8.123197
1772465838.850918,10.565964,0.133741,0.309131,0.143423,0.000000,0.547108,0.198578,7.809322
1772465838.863670,10.578716,0.130259,0.292541,0.171237,0.000000,0.622060,0.196588,7.587010
1772465838.874784,10.589830,0.126977,0.287844,0.177684,0.000000,0.762845,0.194738,7.525107
1772465838.888341,10.603387,0.123566,0.269391,0.175873,0.000000,0.906105,0.192842,7.746173
1772465838.900499,10.615545,0.120038,0.251459,0.171940,0.000000,1.101916,0.190908,7.954398
1772465838.912269,10.627314,0.116368,0.229052,0.167418,0.000000,1.388974,0.188927,8.256940
1772465838.924803,10.639848,0.112706,0.218358,0.161744,0.000000,1.769207,0.186984,8.854898
1772465838.937909,10.652954,0.108977,0.196781,0.157657,0.000000,2.550919,0.185041,9.659670
1772465838.950451,10.665496,0.105334,0.193563,0.149567,0.000000,2.750242,0.183177,10.529138
1772465838.963301,10.678347,0.101812,0.195020,0.141035,0.000000,3.021300,0.181410,11.162423
1772465838.974774,10.689820,0.098352,0.185196,0.136853,0.000000,3.867445,0.179710,11.749188
1772465838.988006,10.703051,0.095012,0.185114,0.130024,0.000000,4.254657,0.178103,12.463712
1772465839.000508,10.715554,0.091731,0.172864,0.127746,0.000000,5.794249,0.176561,13.144954
1772465839.012235,10.727281,0.088574,0.171596,0.123265,0.000000,5.503554,0.175113,13.790870
1772465839.024633,10.739679,0.085550,0.172066,0.119114,0.000000,4.501642,0.173762,13.952955
1772465839.037987,10.753032,0.082680,0.175388,0.116306,0.000000,3.334241,0.172515,13.320041
1772465839.050421,10.765466,0.079992,0.183766,0.113482,0.000000,2.616731,0.171380,12.219488
1772465839.063376,10.778421,0.077455,0.191160,0.108400,0.000000,2.582432,0.170342,11.252154
1772465839.074960,10.790006,0.075120,0.208874,0.100969,0.000000,3.938700,0.169418,10.854027
1772465839.088003,10.803049,0.072927,0.220675,0.092663,0.000000,7.083944,0.168579,11.545389
1772465839.100460,10.815506,0.070841,0.228063,0.084830,0.000000,14.968039,0.167809,13.376140
1772465839.113458,10.828503,0.068802,0.225950,0.079328,0.000000,9.617168,0.167087,16.980522
1772465839.124653,10.839699,0.066779,0.220726,0.072261,0.000000,5.167941,0.166402,17.021388
1772465839.137305,10.852351,0.064785,0.213838,0.068482,0.000000,4.166260,0.165760,15.208714
1772465839.150455,10.865501,0.062808,0.206330,0.062913,0.000000,3.488146,0.165161,13.337137
1772465839.163444,10.878490,0.060872,0.200441,0.059222,0.000000,3.518077,0.164614,11.873222
1772465839.174680,10.889726,0.059003,0.193431,0.061213,0.000000,3.437438,0.164127,10.931376
1772465839.187951,10.902997,0.057276,0.189336,0.073474,0.000000,3.240050,0.163716,10.463225
1772465839.200498,10.915544,0.055589,0.179795,0.075191,0.000000,2.560162,0.163356,9.903862
1772465839.214022,10.929068,0.053952,0.175857,0.072909,0.000000,2.479710,0.163050,9.357095
1772465839.224856,10.939901,0.052346,0.169792,0.069682,0.000000,2.432322,0.162795,8.821543
1772465839.237377,10.952423,0.050770,0.163643,0.066351,0.000000,2.411219,0.162594,8.537857
1772465839.250592,10.965638,0.049198,0.151550,0.063206,0.000000,2.290534,0.162448,8.307477
1772465839.264124,10.979169,0.047666,0.146053,0.060160,0.000000,2.298060,0.162364,7.985983
1772465839.274876,10.989922,0.046182,0.142307,0.057722,0.000000,2.391954,0.162344,7.692675
1772465839.288166,11.003211,0.044734,0.135133,0.056110,0.000000,2.329588,0.162389,7.626886
1772465839.300691,11.015736,0.043315,0.124913,0.055741,0.000000,2.556840,0.162504,7.466921
1772465839.313438,11.028484,0.041961,0.123760,0.055282,0.000000,2.134450,0.162687,7.260043
1772465839.324882,11.039928,0.040666,0.120413,0.056709,0.000000,1.779748,0.162936,6.986017
1772465839.338389,11.053435,0.039461,0.123576,0.059696,0.000000,1.507465,0.163241,6.823665
1772465839.349821,11.064867,0.038346,0.127580,0.062778,0.000000,1.352725,0.163594,6.499346
1772465839.363801,11.078846,0.037313,0.131829,0.064803,0.000000,1.086376,0.163988,6.288476
1772465839.374917,11.089963,0.036399,0.146449,0.064930,0.000000,0.906344,0.164396,5.897597
1772465839.388264,11.103310,0.035552,0.151633,0.064568,0.000000,0.862431,0.164828,5.599262
1772465839.401261,11.116307,0.034838,0.170980,0.063214,0.000000,0.747382,0.165236,5.304064
1772465839.413116,11.128162,0.034224,0.184732,0.061474,0.000000,0.814052,0.165622,5.012945
1772465839.425994,11.141040,0.033682,0.194329,0.059318,0.000000,0.945795,0.165991,4.833304
1772465839.438355,11.153401,0.033187,0.199838,0.057188,0.000000,1.149261,0.166353,4.765875
1772465839.449847,11.164892,0.032714,0.201121,0.055481,0.000000,1.386916,0.166722,4.776673
1772465839.463726,11.178772,0.032280,0.204661,0.054498,0.000000,1.728647,0.167082,5.004271
1772465839.474791,11.189837,0.031896,0.209619,0.054366,0.000000,2.209245,0.167418,5.237206
1772465839.488250,11.203295,0.031538,0.208576,0.056447,0.000000,2.331345,0.167747,5.647794
1772465839.500846,11.215891,0.031232,0.207564,0.063182,0.000000,2.166610,0.168040,5.936320
1772465839.513696,11.228742,0.031026,0.208797,0.075184,0.000000,1.970167,0.168243,6.052115
1772465839.524891,11.239937,0.030900,0.205455,0.088819,0.000000,1.615020,0.168371,6.000109
1772465839.538362,11.253407,0.030807,0.201531,0.096473,0.000000,1.275433,0.168467,5.942628
1772465839.550560,11.265606,0.030755,0.203672,0.099523,0.000000,1.129689,0.168520,5.683883
1772465839.562414,11.277460,0.030646,0.195381,0.099331,0.000000,0.840168,0.168635,5.370382
1772465839.574704,11.289750,0.030485,0.188890,0.097411,0.000000,0.752957,0.168806,5.107619
1772465839.588174,11.303219,0.030262,0.180718,0.094938,0.000000,0.712748,0.169049,4.872349
1772465839.600708,11.315754,0.029993,0.173442,0.092772,0.000000,0.749878,0.169353,4.628622
1772465839.614080,11.329125,0.029687,0.166487,0.091367,0.000000,0.852012,0.169710,4.471859
1772465839.630029,11.345075,0.029367,0.162489,0.090263,0.000000,0.972734,0.170099,4.376540
1772465839.638113,11.353159,0.029062,0.160938,0.091672,0.000000,1.225622,0.170484,4.367842
1772465839.650507,11.365553,0.028787,0.159123,0.095948,0.000000,1.344330,0.170845,4.483079
1772465839.665025,11.380071,0.028598,0.161385,0.105929,0.000000,1.370510,0.171101,4.637155
1772465839.675369,11.390415,0.028540,0.166393,0.120118,0.000000,1.264728,0.171179,4.615357
1772465839.687904,11.402949,0.028624,0.174349,0.131926,0.000000,1.109913,0.171064,4.675752
1772465839.700421,11.415466,0.028757,0.174170,0.139199,0.000000,0.959989,0.170885,4.694466
1772465839.714550,11.429595,0.028908,0.175546,0.141185,0.000000,0.929264,0.170684,4.714218
1772465839.725411,11.440456,0.029150,0.189690,0.139332,0.000000,0.934170,0.170372,4.615818
1772465839.738026,11.453072,0.029388,0.194145,0.135940,0.000000,0.994183,0.170073,4.600127
1772465839.750555,11.465600,0.029753,0.214937,0.131529,0.000000,1.111736,0.169631,4.613199
1772465839.763053,11.478098,0.030076,0.217065,0.126666,0.000000,1.239269,0.169257,4.650486
1772465839.775425,11.490471,0.030650,0.251426,0.120923,0.000000,1.479328,0.168630,4.781243
1772465839.787923,11.502969,0.031173,0.254217,0.115828,0.000000,1.867255,0.168098,5.009318
1772465839.800564,11.515610,0.031665,0.257393,0.112203,0.000000,2.107772,0.167628,5.344547
1772465839.814591,11.529637,0.032362,0.283012,0.108761,0.000000,2.369597,0.167013,5.791728
1772465839.825341,11.540386,0.033248,0.305902,0.105554,0.000000,2.826388,0.166307,6.131866
1772465839.838480,11.553526,0.034420,0.334515,0.103170,0.000000,3.611020,0.165495,6.772949
1772465839.850662,11.565707,0.035879,0.367039,0.095083,0.000000,4.115369,0.164654,7.384960
1772465839.863108,11.578153,0.037137,0.367039,0.086309,0.000000,4.111174,0.164062,8.088202
1772465839.875519,11.590565,0.038719,0.400721,0.078135,0.000000,3.760320,0.163468,8.706570
1772465839.887917,11.602962,0.040726,0.437646,0.070742,0.000000,3.148654,0.162923,9.039283
1772465839.900207,11.615252,0.043274,0.477227,0.064134,0.000000,2.644886,0.162509,9.055787
1772465839.912691,11.627737,0.045615,0.479201,0.058287,0.000000,2.567860,0.162353,8.952380
1772465839.925416,11.640461,0.048638,0.520603,0.053119,0.000000,2.123095,0.162410,8.883037
1772465839.938713,11.653759,0.051398,0.520340,0.048620,0.000000,1.930661,0.162668,8.749361
1772465839.950495,11.665540,0.055762,0.589883,0.044830,0.000000,1.600750,0.163391,8.602916
1772465839.962964,11.678010,0.059651,0.584207,0.041808,0.000000,1.435184,0.164291,8.468181
1772465839.975385,11.690431,0.064002,0.608050,0.039758,0.000000,1.150196,0.165519,8.307584
1772465839.987878,11.702924,0.067896,0.600910,0.039122,0.000000,1.021873,0.166776,8.077148
1772465840.000448,11.715494,0.070785,0.571441,0.040646,0.000000,0.877060,0.167789,7.767224
1772465840.012777,11.727823,0.073270,0.558725,0.043699,0.000000,0.680812,0.168708,7.444413
1772465840.025494,11.740540,0.075613,0.557014,0.044717,0.000000,0.702082,0.169610,7.172489
1772465840.038746,11.753792,0.078447,0.579499,0.044350,0.000000,0.653128,0.170744,7.013552
1772465840.050452,11.765497,0.081239,0.583585,0.043690,0.000000,0.702495,0.171902,6.819759
1772465840.062894,11.777940,0.084351,0.599845,0.042836,0.000000,0.801437,0.173236,6.856424
1772465840.075481,11.790527,0.087966,0.621227,0.042102,0.000000,0.958810,0.174838,7.048117
1772465840.087841,11.802887,0.092525,0.654514,0.041040,0.000000,1.172657,0.176930,7.466080
1772465840.100156,11.815202,0.098867,0.706601,0.039542,0.000000,1.482093,0.179961,8.185385
1772465840.112318,11.827363,0.106656,0.747211,0.037984,0.000000,1.677678,0.183849,9.122019
1772465840.125722,11.840767,0.114726,0.762708,0.036385,0.000000,1.734625,0.188052,10.065394
1772465840.137977,11.853022,0.121666,0.749313,0.034720,0.000000,1.960507,0.191797,10.798193
1772465840.151539,11.866585,0.129383,0.712463,0.094667,0.000000,2.345805,0.196093,11.590336
1772465840.162853,11.877899,0.135956,0.700258,0.091405,0.000000,2.345672,0.199857,11.927162
1772465840.175605,11.890651,0.141703,0.696030,0.085212,0.000000,1.989669,0.203226,12.797628
1772465840.188033,11.903078,0.148785,0.736068,0.078348,0.000000,1.712577,0.207476,13.716318
1772465840.200470,11.915516,0.155628,0.744951,0.071710,0.000000,1.453617,0.211683,13.971634
1772465840.213068,11.928114,0.162878,0.765224,0.065917,0.000000,1.460368,0.216250,13.719515
1772465840.225476,11.940521,0.170709,0.787846,0.060938,0.000000,1.467306,0.221309,13.381650
1772465840.237786,11.952832,0.179490,0.816182,0.056774,0.000000,1.301422,0.227137,13.151313
1772465840.250378,11.965424,0.188555,0.832560,0.053058,0.000000,1.208456,0.233330,12.971178
1772465840.262720,11.977765,0.199804,0.880544,0.049582,0.000000,1.036017,0.241265,12.799865
1772465840.275450,11.990496,0.210732,0.887422,0.046673,0.000000,0.972364,0.249246,12.674908
1772465840.287881,12.002926,0.221210,0.891106,0.044577,0.000000,0.766564,0.257157,12.408720
1772465840.300073,12.015119,0.230748,0.885276,0.043567,0.000000,0.622131,0.264585,11.988615
1772465840.312903,12.027949,0.238097,0.855709,0.044453,0.000000,0.542810,0.270457,11.504601
1772465840.325671,12.040717,0.243702,0.829241,0.047127,0.000000,0.470750,0.275026,11.003708
1772465840.338530,12.053576,0.247419,0.795118,0.052308,0.000000,0.430909,0.278098,10.540786
1772465840.350771,12.065816,0.250098,0.771721,0.059784,0.000000,0.396386,0.280335,10.198510
1772465840.364811,12.079857,0.251422,0.736737,0.070954,0.000000,0.397379,0.281446,10.044537
1772465840.375565,12.090610,0.251984,0.711499,0.082079,0.000000,0.429934,0.281920,9.832006
1772465840.388063,12.103109,0.251216,0.676582,0.089151,0.000000,0.491112,0.281273,10.037460
1772465840.401497,12.116543,0.250083,0.672428,0.084286,0.000000,0.503637,0.280322,10.461960
1772465840.412743,12.127789,0.247843,0.651947,0.077326,0.000000,0.555280,0.278451,10.662329
1772465840.425245,12.140291,0.245619,0.656160,0.070766,0.000000,0.484155,0.276606,11.044970
1772465840.438539,12.153585,0.245227,0.701983,0.065030,0.000000,0.412317,0.276282,11.191687
1772465840.450353,12.165398,0.245301,0.716490,0.060255,0.000000,0.383652,0.276343,10.980889
1772465840.464421,12.179467,0.246031,0.734478,0.056236,0.000000,0.366107,0.276947,10.785808
1772465840.475498,12.190543,0.246159,0.726005,0.052763,0.000000,0.339723,0.277053,10.266173
1772465840.489363,12.204409,0.245384,0.708774,0.050294,0.000000,0.327883,0.276411,9.918957
1772465840.502389,12.217435,0.244573,0.708760,0.048641,0.000000,0.325728,0.275742,9.657321
1772465840.514576,12.229622,0.243418,0.700334,0.048251,0.000000,0.334304,0.274792,9.356851
1772465840.527974,12.243020,0.241171,0.671798,0.049024,0.000000,0.344263,0.272953,9.270958
1772465840.538612,12.253658,0.239264,0.674774,0.051743,0.000000,0.349701,0.271402,9.077921
1772465840.551415,12.266461,0.237946,0.682089,0.056412,0.000000,0.358665,0.270335,9.235161
1772465840.564895,12.279941,0.236826,0.677885,0.063746,0.000000,0.388568,0.269432,9.343973
1772465840.577546,12.292592,0.235208,0.660426,0.067857,0.000000,0.380170,0.268133,9.388432
1772465840.589681,12.304727,0.233003,0.643096,0.068338,0.000000,0.373028,0.266373,9.355941
1772465840.601814,12.316860,0.230280,0.628045,0.066696,0.000000,0.375383,0.264215,9.418493
1772465840.614937,12.329983,0.227634,0.628813,0.064310,0.000000,0.366450,0.262136,9.417145
1772465840.627452,12.342498,0.225026,0.628662,0.061876,0.000000,0.363135,0.260103,9.388065
1772465840.639832,12.354878,0.221404,0.597331,0.059791,0.000000,0.364005,0.257307,9.242647
1772465840.652432,12.367478,0.217778,0.593305,0.058011,0.000000,0.360758,0.254538,9.172968
1772465840.664992,12.380038,0.214444,0.598473,0.056324,0.000000,0.359872,0.252020,9.049405
1772465840.676322,12.391367,0.210445,0.572598,0.054985,0.000000,0.369782,0.249033,8.897024
1772465840.689748,12.404794,0.205454,0.528521,0.054626,0.000000,0.392263,0.245358,8.873099
1772465840.701997,12.417043,0.200446,0.482011,0.090054,0.000000,0.408607,0.241727,8.820766
1772465840.715063,12.430109,0.195792,0.491279,0.085096,0.000000,0.411717,0.238402,8.798043
1772465840.725959,12.441005,0.190753,0.470386,0.078843,0.000000,0.419602,0.234858,8.679575
1772465840.739821,12.454867,0.185345,0.445775,0.072718,0.000000,0.447716,0.231117,8.821567
1772465840.750760,12.465806,0.179486,0.409673,0.067269,0.000000,0.482069,0.227135,8.734224
1772465840.763753,12.478799,0.173591,0.392472,0.062784,0.000000,0.491226,0.223204,8.812210
1772465840.775107,12.490153,0.167716,0.375368,0.060033,0.000000,0.528528,0.219360,8.779657
1772465840.787774,12.502819,0.161913,0.357844,0.060154,0.000000,0.534432,0.215637,8.883764
1772465840.800613,12.515658,0.156336,0.346795,0.065824,0.000000,0.599744,0.212125,8.901684
1772465840.813448,12.528494,0.151079,0.341959,0.074152,0.000000,0.600255,0.208875,8.946996
1772465840.824914,12.539960,0.146180,0.341774,0.082038,0.000000,0.680974,0.205900,8.937693
1772465840.837792,12.552838,0.141500,0.335118,0.086552,0.000000,0.760787,0.203106,9.136640
1772465840.850690,12.565736,0.137139,0.338820,0.089646,0.000000,0.919420,0.200545,9.257351
1772465840.863779,12.578825,0.133107,0.344923,0.092037,0.000000,1.532472,0.198214,9.754386
1772465840.874905,12.589950,0.129316,0.348043,0.091751,0.000000,1.713934,0.196054,10.389403
1772465840.887750,12.602796,0.125860,0.360000,0.090449,0.000000,3.034026,0.194115,11.789001
1772465840.900607,12.615653,0.122536,0.360201,0.087233,0.000000,3.281339,0.192274,13.253587
1772465840.913513,12.628558,0.119423,0.366942,0.083764,0.000000,3.239785,0.190574,14.394627
1772465840.924928,12.639974,0.116501,0.372178,0.080991,0.000000,3.553058,0.188999,15.109775
1772465840.937515,12.652560,0.113586,0.366628,0.076592,0.000000,3.549778,0.187449,15.815111
1772465840.951262,12.666308,0.110755,0.366628,0.072039,0.000000,3.558993,0.185963,16.055594
1772465840.963882,12.678928,0.107991,0.365696,0.067358,0.000000,2.638523,0.184533,15.495939
1772465840.975049,12.690095,0.105305,0.363683,0.064689,0.000000,2.578947,0.183162,14.678855
1772465840.987388,12.702434,0.102756,0.363683,0.064925,0.000000,2.584638,0.181880,14.162233
1772465841.000829,12.715875,0.100155,0.342960,0.071253,0.000000,2.937482,0.180591,13.833124
1772465841.013578,12.728624,0.097981,0.345865,0.091678,0.000000,3.494292,0.179529,13.614516
1772465841.025142,12.740188,0.096195,0.346380,0.111223,0.000000,2.947247,0.178668,13.528701
1772465841.037800,12.752846,0.094947,0.348326,0.138080,0.000000,2.939972,0.178072,13.507392
1772465841.051126,12.766171,0.094409,0.350238,0.172435,0.000000,2.450055,0.177817,13.248906
1772465841.063910,12.778955,0.094527,0.329682,0.223582,0.000000,1.844142,0.177873,12.672040
1772465841.075064,12.790110,0.095452,0.333096,0.254858,0.000000,1.551923,0.178313,12.007616
1772465841.088047,12.803092,0.096730,0.349797,0.253641,0.000000,1.038939,0.178925,11.437862
1772465841.101645,12.816691,0.097118,0.334498,0.235841,0.000000,0.796488,0.179112,10.682928
1772465841.114244,12.829289,0.097484,0.353461,0.216763,0.000000,0.683222,0.179289,9.899267
1772465841.125386,12.840432,0.097036,0.338032,0.195604,0.000000,0.697951,0.179072,9.175227
1772465841.137861,12.852907,0.096237,0.338032,0.176339,0.000000,0.698353,0.178688,8.752511
1772465841.151063,12.866109,0.094998,0.328129,0.158967,0.000000,0.698227,0.178096,8.439710
1772465841.163858,12.878904,0.093453,0.319705,0.144118,0.000000,0.698258,0.177366,8.148888
1772465841.175099,12.890145,0.091789,0.312793,0.137458,0.000000,0.698388,0.176588,7.903846
1772465841.187808,12.902854,0.090204,0.311811,0.138217,0.000000,0.657060,0.175856,7.804726
1772465841.200826,12.915872,0.088504,0.306699,0.129119,0.000000,0.657021,0.175081,7.660865
1772465841.213682,12.928728,0.086708,0.302563,0.119194,0.000000,0.669185,0.174275,7.523637
1772465841.225043,12.940089,0.084873,0.300879,0.110219,0.000000,0.669493,0.173464,7.348947
1772465841.237607,12.952653,0.083113,0.307030,0.102760,0.000000,0.718529,0.172701,7.323783
1772465841.251049,12.966094,0.081410,0.310699,0.096373,0.000000,0.694027,0.171974,7.301079
1772465841.263897,12.978943,0.079734,0.310169,0.091858,0.000000,0.702459,0.171273,7.217682
1772465841.275073,12.990119,0.078236,0.319587,0.090616,0.000000,0.751568,0.170659,7.122786
1772465841.287710,13.002756,0.077055,0.343875,0.085814,0.000000,0.995303,0.170182,7.259037
1772465841.300764,13.015809,0.075835,0.343798,0.078262,0.000000,1.005641,0.169698,7.455548
1772465841.313698,13.028744,0.074588,0.343734,0.071074,0.000000,1.026357,0.169211,7.638390
1772465841.325064,13.040110,0.073324,0.343684,0.064526,0.000000,1.059200,0.168728,7.755343
1772465841.337766,13.052812,0.072055,0.343648,0.058665,0.000000,1.107073,0.168254,7.935184
1772465841.351041,13.066087,0.070776,0.342219,0.053472,0.000000,1.183054,0.167786,8.072900
1772465841.363792,13.078838,0.069622,0.352169,0.049086,0.000000,1.372832,0.167374,8.164657
1772465841.375157,13.090202,0.068495,0.352986,0.045433,0.000000,1.483393,0.166981,8.283437
1772465841.388397,13.103443,0.067500,0.362284,0.042803,0.000000,1.767728,0.166642,8.599489
1772465841.401057,13.116102,0.066561,0.364037,0.041676,0.000000,2.111238,0.166330,8.934946
1772465841.413398,13.128443,0.065935,0.384335,0.043122,0.000000,3.745340,0.166126,9.629406
1772465841.425871,13.140917,0.065469,0.390046,0.047312,0.000000,4.318635,0.165976,10.769776
1772465841.438323,13.153369,0.065066,0.385204,0.055134,0.000000,4.489116,0.165849,12.158369
1772465841.451404,13.166450,0.065150,0.402339,0.070096,0.000000,5.005432,0.165875,13.152218
1772465841.463901,13.178947,0.065596,0.402545,0.092326,0.000000,4.991845,0.166017,13.771429
1772465841.475549,13.190595,0.066698,0.412945,0.118447,0.000000,7.151318,0.166375,14.594105
1772465841.488103,13.203149,0.067917,0.406349,0.133550,0.000000,7.919605,0.166783,15.920002
1772465841.501584,13.216630,0.069117,0.409111,0.132806,0.000000,14.257580,0.167196,17.843198
1772465841.514167,13.229213,0.069997,0.404386,0.124754,0.000000,16.411313,0.167507,20.274052
1772465841.525582,13.240628,0.071157,0.430789,0.114152,0.000000,25.166210,0.167924,22.672914
1772465841.538357,13.253403,0.072148,0.432334,0.107339,0.000000,11.524307,0.168288,22.942590
1772465841.551136,13.266182,0.073116,0.431715,0.109205,0.000000,7.716844,0.168650,21.542717
1772465841.563796,13.278841,0.073983,0.434696,0.103656,0.000000,3.201954,0.168979,19.573273
1772465841.574910,13.289956,0.074821,0.442243,0.096882,0.000000,1.927883,0.169302,16.697047
1772465841.587590,13.302636,0.075307,0.431713,0.091824,0.000000,1.523046,0.169491,14.423299
1772465841.600827,13.315873,0.076010,0.446641,0.089106,0.000000,1.316791,0.169767,12.660958
1772465841.613528,13.328574,0.076181,0.423097,0.086844,0.000000,1.020833,0.169834,11.200512
1772465841.624660,13.339705,0.076114,0.414774,0.082316,0.000000,0.986419,0.169808,10.026284
1772465841.637899,13.352945,0.075875,0.409546,0.077199,0.000000,1.004906,0.169714,9.384227
1772465841.650971,13.366017,0.075369,0.397199,0.072038,0.000000,1.105172,0.169515,8.863333
1772465841.663496,13.378541,0.074719,0.390703,0.067195,0.000000,1.274283,0.169262,8.478401
1772465841.675173,13.390219,0.073747,0.370070,0.062269,0.000000,1.597978,0.168889,8.294331
1772465841.687568,13.402614,0.072558,0.353176,0.057782,0.000000,1.827732,0.168441,8.423069
1772465841.700294,13.415339,0.071152,0.332069,0.054252,0.000000,2.130864,0.167922,8.638459
1772465841.712864,13.427909,0.069570,0.311072,0.050758,0.000000,3.035685,0.167355,9.056056
1772465841.724820,13.439866,0.067919,0.297732,0.047971,0.000000,4.853540,0.166784,9.907877
1772465841.737676,13.452722,0.066231,0.285703,0.045915,0.000000,9.186748,0.166222,11.834427
1772465841.750374,13.465419,0.064576,0.281530,0.043720,0.000000,9.338473,0.165695,13.757264
1772465841.763145,13.478191,0.062928,0.273596,0.042025,0.000000,12.348896,0.165197,15.296967
1772465841.774936,13.489982,0.061228,0.256176,0.041052,0.000000,16.535281,0.164712,16.934131
1772465841.787534,13.502580,0.059572,0.251377,0.040018,0.000000,15.100063,0.164271,18.550175
1772465841.800422,13.515468,0.057926,0.243521,0.036967,0.000000,6.997117,0.163866,17.809163
1772465841.812984,13.528030,0.056290,0.234915,0.033934,0.000000,5.150195,0.163501,15.492384
1772465841.825287,13.540333,0.054641,0.221505,0.031533,0.000000,3.836374,0.163173,13.468382
1772465841.837685,13.552731,0.053047,0.218039,0.029922,0.000000,3.279379,0.162900,11.967643
1772465841.850645,13.565691,0.051558,0.224227,0.028491,0.000000,2.191433,0.162689,10.769264
1772465841.863260,13.578306,0.050221,0.239167,0.026529,0.000000,1.697391,0.162537,9.690420
1772465841.874906,13.589952,0.049064,0.259081,0.024651,0.000000,1.190875,0.162439,8.795716
1772465841.887818,13.602863,0.048091,0.279075,0.022907,0.000000,0.922760,0.162381,8.164071
1772465841.900799,13.615845,0.047342,0.303971,0.021272,0.000000,0.806718,0.162354,7.589495
1772465841.913386,13.628431,0.046757,0.320502,0.019841,0.000000,0.775850,0.162344,7.081084
1772465841.924868,13.639914,0.046489,0.352900,0.018663,0.000000,0.699251,0.162343,6.653938
1772465841.937340,13.652386,0.046341,0.364341,0.017657,0.000000,0.711456,0.162343,6.338590
1772465841.950352,13.665398,0.046443,0.387401,0.016859,0.000000,0.721924,0.162343,6.106472
1772465841.963764,13.678810,0.046619,0.394659,0.016266,0.000000,0.764359,0.162343,5.930358
1772465841.975403,13.690449,0.046812,0.397210,0.015925,0.000000,0.791102,0.162344,5.833389
1772465841.988356,13.703402,0.046877,0.387106,0.015855,0.000000,0.768943,0.162345,5.791650
1772465842.000778,13.715824,0.046959,0.388606,0.016251,0.000000,0.826975,0.162346,5.790491
1772465842.013687,13.728733,0.047045,0.388161,0.017268,0.000000,0.860291,0.162348,5.825127
1772465842.025016,13.740062,0.047110,0.384923,0.019153,0.000000,0.933740,0.162349,5.854126
1772465842.037603,13.752649,0.047177,0.382180,0.022265,0.000000,0.972658,0.162350,5.944233
1772465842.050424,13.765470,0.047256,0.378739,0.027084,0.000000,1.012105,0.162352,6.047216
1772465842.063232,13.778278,0.047370,0.374650,0.034524,0.000000,1.051271,0.162355,6.153932
1772465842.074984,13.790030,0.047485,0.364765,0.044944,0.000000,1.125860,0.162358,6.254546
1772465842.087557,13.802603,0.047658,0.337072,0.077990,0.000000,1.140654,0.162364,6.374591
1772465842.100475,13.815521,0.047988,0.337072,0.091241,0.000000,1.140306,0.162377,6.488005
1772465842.112985,13.828030,0.048082,0.315519,0.095051,0.000000,1.287269,0.162381,6.569807
1772465842.125072,13.840117,0.048201,0.320672,0.092366,0.000000,1.240809,0.162386,6.658894
1772465842.137485,13.852530,0.048124,0.307470,0.089121,0.000000,1.357684,0.162383,6.784337
1772465842.150939,13.865985,0.047960,0.298486,0.089832,0.000000,1.412570,0.162375,6.900727
1772465842.163201,13.878247,0.047775,0.298486,0.087046,0.000000,1.412815,0.162368,6.983667
1772465842.174915,13.889960,0.047519,0.289137,0.088620,0.000000,1.300116,0.162359,7.038041
1772465842.187466,13.902512,0.047237,0.284395,0.089543,0.000000,1.399431,0.162352,7.068729
1772465842.200192,13.915238,0.046970,0.284992,0.089030,0.000000,1.416328,0.162346,7.067302
1772465842.213196,13.928241,0.046732,0.288234,0.087369,0.000000,1.534677,0.162344,7.082381
1772465842.224970,13.940016,0.046525,0.292109,0.085453,0.000000,1.547336,0.162343,7.113534
1772465842.237455,13.952500,0.046668,0.325722,0.082770,0.000000,1.595034,0.162343,7.203736
1772465842.250766,13.965811,0.046841,0.331296,0.080387,0.000000,1.743182,0.162345,7.301726
1772465842.263142,13.978187,0.047062,0.337345,0.079010,0.000000,1.838434,0.162348,7.401376
1772465842.275113,13.990159,0.047258,0.336524,0.078637,0.000000,1.790562,0.162352,7.471804
1772465842.287261,14.002306,0.047591,0.348516,0.078532,0.000000,1.724010,0.162361,7.508805
1772465842.300292,14.015338,0.047909,0.350764,0.076394,0.000000,1.576435,0.162373,7.555757
1772465842.313594,14.028640,0.048049,0.341379,0.072699,0.000000,1.581505,0.162379,7.583353
1772465842.324956,14.040002,0.048163,0.344618,0.067893,0.000000,1.560103,0.162385,7.578592
1772465842.337764,14.052809,0.048221,0.344618,0.063628,0.000000,1.560029,0.162387,7.634896
1772465842.350900,14.065946,0.048368,0.356262,0.059621,0.000000,1.740344,0.162395,7.637462
1772465842.363487,14.078532,0.048468,0.356773,0.055955,0.000000,1.528462,0.162401,7.593605
1772465842.375062,14.090108,0.048440,0.349016,0.053071,0.000000,1.232793,0.162399,7.411608
1772465842.387503,14.102549,0.048394,0.348312,0.052102,0.000000,1.132943,0.162396,7.200626
1772465842.400893,14.115939,0.048424,0.349999,0.056836,0.000000,1.098941,0.162398,6.992529
1772465842.413684,14.128729,0.048601,0.343645,0.075577,0.000000,1.031297,0.162408,6.761109
1772465842.425992,14.141038,0.048996,0.332514,0.104465,0.000000,1.018044,0.162434,6.562698
1772465842.437832,14.152877,0.049622,0.336139,0.118810,0.000000,1.161779,0.162482,6.444146
1772465842.451061,14.166106,0.050340,0.336775,0.126616,0.000000,1.194147,0.162549,6.484680
1772465842.463299,14.178345,0.051896,0.389903,0.125572,0.000000,1.419898,0.162733,6.587175
1772465842.475036,14.190081,0.053390,0.389074,0.127268,0.000000,1.507244,0.162956,6.781122
1772465842.487370,14.202416,0.054816,0.385149,0.131499,0.000000,1.763176,0.163206,7.021153
1772465842.500343,14.215389,0.056681,0.404216,0.138172,0.000000,2.978703,0.163584,7.581332
1772465842.513596,14.228641,0.058695,0.414985,0.138725,0.000000,4.885667,0.164051,8.763530
1772465842.524935,14.239981,0.060859,0.427251,0.137651,0.000000,19.844311,0.164611,12.841929
1772465842.537519,14.252565,0.064467,0.498788,0.126307,0.000000,79.891324,0.165662,26.432319
1772465842.550504,14.265550,0.068555,0.533327,0.113758,0.000000,17.578713,0.167001,28.383161
1772465842.563415,14.278461,0.071915,0.527365,0.102442,0.000000,5.188121,0.168202,22.638478
1772465842.575030,14.290076,0.075873,0.562520,0.092234,0.000000,3.449056,0.169712,18.784323
1772465842.587478,14.302524,0.078436,0.531631,0.083060,0.000000,2.469756,0.170740,15.743114
1772465842.600515,14.315561,0.079873,0.501205,0.074824,0.000000,1.381267,0.171331,13.213539
1772465842.613284,14.328330,0.081085,0.501851,0.067687,0.000000,0.938969,0.171837,11.180782
1772465842.624986,14.340032,0.080036,0.387451,0.062603,0.000000,0.770312,0.171399,9.479128
1772465842.637554,14.352600,0.077778,0.277959,0.057929,0.000000,0.643006,0.170473,8.221946
1772465842.650815,14.365861,0.075002,0.190202,0.053351,0.000000,0.504438,0.169372,7.231262
1772465842.663748,14.378793,0.072317,0.184951,0.049462,0.000000,0.433546,0.168351,6.435332
1772465842.675032,14.390078,0.069750,0.185360,0.046079,0.000000,0.426507,0.167419,5.815855
1772465842.687591,14.402637,0.067368,0.198570,0.043583,0.000000,0.442709,0.166598,5.415377
1772465842.700583,14.415629,0.065102,0.198651,0.042968,0.000000,0.444856,0.165860,5.153906
1772465842.713523,14.428569,0.063104,0.224070,0.044387,0.000000,0.474217,0.165249,5.011876
1772465842.724884,14.439930,0.061410,0.251104,0.048206,0.000000,0.520370,0.164762,4.942639
1772465842.737695,14.452740,0.060154,0.294842,0.049279,0.000000,0.637789,0.164422,5.067434
1772465842.750362,14.465408,0.059187,0.320788,0.047821,0.000000,0.764187,0.164173,5.263651
1772465842.763339,14.478385,0.058484,0.344342,0.045290,0.000000,0.981070,0.163999,5.605422
1772465842.774998,14.490044,0.057930,0.357380,0.042469,0.000000,1.297419,0.163867,6.037287
1772465842.787644,14.502690,0.057515,0.369874,0.039647,0.000000,1.622532,0.163770,6.663473
1772465842.800604,14.515650,0.057333,0.389717,0.037159,0.000000,2.631264,0.163729,7.430731
1772465842.813553,14.528599,0.057147,0.390844,0.034968,0.000000,2.855165,0.163687,8.346238
1772465842.824891,14.539937,0.056829,0.381244,0.033217,0.000000,2.029844,0.163617,9.056849
1772465842.837500,14.552546,0.056386,0.370255,0.032108,0.000000,1.496748,0.163521,9.435421
1772465842.850803,14.565848,0.055690,0.345644,0.031260,0.000000,1.113441,0.163377,9.359465
1772465842.863744,14.578790,0.054737,0.315631,0.030440,0.000000,0.727330,0.163191,8.887040
1772465842.874980,14.590026,0.053701,0.300893,0.029877,0.000000,0.623903,0.163007,8.181711
1772465842.887684,14.602730,0.052486,0.261969,0.038598,0.000000,0.513497,0.162816,7.535088
1772465842.900548,14.615594,0.051080,0.224765,0.037203,0.000000,0.480016,0.162630,6.870890
1772465842.913420,14.628466,0.049648,0.210323,0.034956,0.000000,0.484363,0.162484,6.302378
1772465842.925010,14.640055,0.048169,0.189627,0.032683,0.000000,0.521234,0.162385,5.793055
1772465842.937440,14.652486,0.046747,0.187945,0.030914,0.000000,0.557572,0.162344,5.427749
1772465842.950833,14.665879,0.045427,0.195345,0.029844,0.000000,0.655877,0.162359,5.180188
1772465842.963712,14.678758,0.044261,0.211070,0.030884,0.000000,0.730776,0.162419,4.987348
1772465842.975127,14.690173,0.043182,0.209514,0.037827,0.000000,0.806723,0.162519,4.874400
1772465842.987936,14.702982,0.042490,0.236859,0.063424,0.000000,1.030080,0.162606,4.913408
1772465843.000846,14.715892,0.042554,0.273866,0.109302,0.000000,1.337391,0.162597,5.079442
1772465843.013591,14.728637,0.043970,0.367275,0.118068,0.000000,1.796381,0.162442,5.481017
1772465843.025006,14.740052,0.047708,0.486196,0.112887,0.000000,2.356335,0.162365,6.189016
1772465843.037520,14.752566,0.053110,0.556875,0.105075,0.000000,2.765252,0.162910,7.263984
1772465843.051052,14.766098,0.061341,0.647646,0.096588,0.000000,2.922345,0.164743,8.595818
1772465843.064040,14.779086,0.072659,0.730255,0.088420,0.000000,2.961464,0.168478,10.040794
1772465843.074968,14.790013,0.089376,0.843980,0.080745,0.000000,2.038946,0.175477,11.485014
1772465843.087769,14.802814,0.107803,0.892064,0.074191,0.000000,1.478744,0.184436,12.361193
1772465843.100973,14.816018,0.126973,0.924133,0.068823,0.000000,1.067042,0.194736,12.393853
1772465843.113971,14.829016,0.146411,0.947320,0.065269,0.000000,0.791396,0.206039,12.088857
1772465843.125103,14.840149,0.164244,0.937890,0.064570,0.000000,0.611703,0.217124,11.499920
1772465843.137617,14.852662,0.179959,0.916419,0.066403,0.000000,0.458730,0.227453,11.009740
1772465843.151003,14.866048,0.193845,0.899936,0.066126,0.000000,0.409341,0.237026,10.527280
1772465843.163722,14.878767,0.204854,0.865562,0.064975,0.000000,0.368572,0.244920,10.006579
1772465843.175195,14.890241,0.212839,0.825003,0.063860,0.000000,0.359403,0.250817,9.564907
1772465843.188034,14.903080,0.218028,0.782481,0.063651,0.000000,0.390721,0.254728,9.432575
1772465843.200984,14.916029,0.220553,0.734208,0.065373,0.000000,0.493352,0.256654,9.417090
1772465843.213684,14.928730,0.220950,0.688486,0.068135,0.000000,0.769319,0.256958,9.833415
1772465843.225037,14.940082,0.219511,0.640132,0.072680,0.000000,1.667090,0.255857,11.119175
1772465843.237723,14.952769,0.216912,0.597214,0.082145,0.000000,4.138167,0.253882,14.583998
1772465843.250835,14.965881,0.213790,0.584670,0.075347,0.000000,5.151373,0.251529,20.163053
1772465843.263402,14.978447,0.209167,0.535376,0.068640,0.000000,1.384274,0.248087,22.292053
1772465843.274907,14.989952,0.204497,0.530931,0.062453,0.000000,0.760922,0.244660,20.073296
1772465843.287535,15.002581,0.199279,0.503926,0.056902,0.000000,0.621996,0.240888,17.377664
1772465843.301124,15.016170,0.193508,0.469786,0.052017,0.000000,0.683796,0.236789,15.205486
1772465843.313690,15.028736,0.188500,0.497708,0.047600,0.000000,0.900150,0.233291,13.733846
1772465843.324883,15.039929,0.183953,0.511427,0.043653,0.000000,1.005967,0.230164,12.889477
1772465843.337620,15.052666,0.179856,0.524751,0.040238,0.000000,0.975902,0.227384,12.707350
1772465843.350969,15.066014,0.176488,0.549392,0.037502,0.000000,0.970688,0.225126,12.629209
1772465843.363594,15.078640,0.174324,0.589878,0.035569,0.000000,0.877638,0.223689,12.454261
1772465843.375006,15.090052,0.173230,0.622037,0.034843,0.000000,0.896025,0.222966,12.184697
1772465843.387624,15.102670,0.173662,0.664591,0.034659,0.000000,1.009342,0.223251,12.169083
1772465843.401007,15.116053,0.176601,0.727222,0.033869,0.000000,1.154127,0.225202,12.243790
1772465843.413795,15.128841,0.183129,0.804328,0.032974,0.000000,1.224777,0.229601,12.420455
1772465843.425967,15.141013,0.192210,0.857078,0.031970,0.000000,1.503656,0.235877,12.836110
1772465843.438158,15.153203,0.201913,0.876400,0.030994,0.000000,1.977826,0.242784,13.683207
1772465843.451354,15.166400,0.212669,0.902929,0.030087,0.000000,2.321883,0.250690,14.944589
1772465843.463867,15.178913,0.222997,0.905261,0.029542,0.000000,2.774644,0.258533,16.135048
1772465843.475185,15.190230,0.233189,0.910991,0.030062,0.000000,3.305832,0.266521,17.534679
1772465843.487661,15.202707,0.244181,0.931096,0.031212,0.000000,4.019374,0.275419,19.281582
1772465843.500910,15.215956,0.254254,0.926446,0.029898,0.000000,5.097320,0.283841,21.174625
1772465843.513602,15.228647,0.263651,0.925528,0.028016,0.000000,7.835574,0.291932,24.005639
1772465843.525033,15.240079,0.271469,0.908697,0.026764,0.000000,9.048995,0.298843,27.852124
1772465843.537812,15.252858,0.277973,0.892424,0.027766,0.000000,9.545160,0.304717,30.216936
1772465843.550795,15.265841,0.284113,0.883541,0.036018,0.000000,8.822508,0.310371,30.342487
1772465843.563610,15.278656,0.291991,0.860995,0.092121,0.000000,9.036620,0.317779,30.103498
1772465843.574990,15.290035,0.298407,0.829542,0.106168,0.000000,6.210282,0.323945,28.773203
1772465843.587620,15.302666,0.301653,0.787737,0.100069,0.000000,5.093166,0.327110,26.920152
1772465843.600689,15.315735,0.300585,0.719044,0.092358,0.000000,4.181617,0.326066,24.943155
1772465843.613336,15.328382,0.295792,0.644526,0.084061,0.000000,2.450348,0.321418,22.546115
1772465843.624986,15.340031,0.285785,0.474455,0.076259,0.000000,1.404577,0.311929,19.492407
1772465843.637825,15.352870,0.274752,0.398032,0.069132,0.000000,0.993425,0.301794,16.762930
1772465843.651023,15.366069,0.263547,0.350931,0.062946,0.000000,0.827527,0.291842,14.576091
1772465843.663563,15.378608,0.252553,0.325022,0.057599,0.000000,0.623533,0.282400,12.924922
1772465843.674818,15.389863,0.241895,0.307673,0.053529,0.000000,0.524382,0.273544,11.711858
1772465843.687520,15.402566,0.231732,0.303946,0.053291,0.000000,0.531322,0.265364,11.107778
1772465843.700576,15.415622,0.222506,0.332856,0.066160,0.000000,0.672442,0.258154,10.846591
1772465843.713070,15.428116,0.214048,0.358501,0.066298,0.000000,0.949290,0.251723,10.969247
1772465843.724796,15.439841,0.206136,0.372377,0.061896,0.000000,1.122099,0.245857,11.678552
1772465843.737612,15.452658,0.199103,0.411269,0.057111,0.000000,1.671375,0.240763,12.888800
1772465843.750228,15.465273,0.193073,0.454937,0.052456,0.000000,2.558111,0.236483,14.580851
1772465843.763072,15.478118,0.187934,0.489958,0.048023,0.000000,3.836391,0.232900,16.875568
1772465843.774955,15.490000,0.183100,0.496462,0.043858,0.000000,4.086490,0.229582,19.416208
1772465843.787512,15.502557,0.178666,0.507780,0.040066,0.000000,3.363488,0.226584,20.693037
1772465843.800220,15.515266,0.174169,0.497435,0.036686,0.000000,2.926132,0.223586,20.378610
1772465843.813030,15.528075,0.169025,0.452974,0.033607,0.000000,1.397466,0.220210,18.913468
1772465843.824966,15.540012,0.163624,0.422541,0.030699,0.000000,1.071339,0.216727,16.701403
1772465843.838226,15.553271,0.158242,0.407153,0.027829,0.000000,0.963107,0.213317,14.676615
1772465843.850846,15.565892,0.152437,0.350039,0.025230,0.000000,0.706408,0.209709,12.858435
1772465843.863402,15.578447,0.146510,0.307023,0.023077,0.000000,0.692082,0.206099,11.429978
1772465843.875402,15.590448,0.140273,0.217351,0.021614,0.000000,0.514674,0.202381,10.277592
1772465843.887401,15.602447,0.134223,0.192367,0.021709,0.000000,0.441573,0.198855,9.338597
1772465843.900281,15.615326,0.128425,0.181589,0.021390,0.000000,0.488234,0.195552,8.582334
1772465843.912987,15.628032,0.122893,0.177382,0.020413,0.000000,0.553515,0.192470,8.011008
1772465843.924888,15.639933,0.117745,0.201235,0.019769,0.000000,0.703508,0.189667,7.666000
1772465843.938060,15.653105,0.112914,0.213126,0.019567,0.000000,0.794207,0.187094,7.630158
1772465843.950702,15.665748,0.108363,0.221533,0.018629,0.000000,1.045161,0.184724,7.755175
1772465843.963368,15.678414,0.104107,0.234901,0.017404,0.000000,1.278066,0.182557,8.135978
1772465843.974953,15.689999,0.100073,0.237764,0.016239,0.000000,1.514084,0.180551,8.677559
1772465843.987933,15.702979,0.096249,0.240239,0.015236,0.000000,1.797964,0.178694,9.371161
1772465844.000839,15.715884,0.092724,0.258882,0.014480,0.000000,1.872379,0.177024,9.927110
1772465844.013560,15.728606,0.089436,0.268755,0.013993,0.000000,2.041950,0.175505,10.250898
1772465844.025205,15.740251,0.086551,0.302440,0.013913,0.000000,2.157975,0.174205,10.423786
1772465844.037796,15.752842,0.084198,0.347257,0.014462,0.000000,2.423315,0.173170,10.583796
1772465844.050860,15.765906,0.082397,0.387338,0.015991,0.000000,2.648192,0.172393,10.674045
1772465844.063815,15.778860,0.081035,0.413145,0.018693,0.000000,2.683990,0.171816,10.792998
1772465844.074872,15.789917,0.079572,0.395908,0.022565,0.000000,2.445144,0.171206,10.734868
1772465844.087417,15.802462,0.078129,0.388746,0.025314,0.000000,2.193838,0.170615,10.642095
1772465844.100259,15.815304,0.076390,0.355311,0.025864,0.000000,1.988999,0.169917,10.290743
1772465844.113074,15.828120,0.074236,0.301035,0.025382,0.000000,1.561908,0.169076,9.733392
1772465844.124959,15.840005,0.072025,0.280263,0.024672,0.000000,1.189700,0.168243,9.070668
1772465844.137643,15.852689,0.069921,0.279775,0.024559,0.000000,1.057858,0.167480,8.451355
1772465844.150363,15.865409,0.067896,0.274865,0.025863,0.000000,0.971161,0.166776,7.922994
1772465844.163120,15.878166,0.065997,0.274218,0.030058,0.000000,0.912521,0.166146,7.481465
1772465844.174963,15.890008,0.064332,0.286001,0.036481,0.000000,0.822399,0.165620,7.112731
1772465844.187410,15.902456,0.062867,0.294557,0.042315,0.000000,0.879904,0.165179,6.855606
1772465844.200480,15.915526,0.061632,0.308766,0.045887,0.000000,1.122574,0.164824,6.753767
1772465844.213394,15.928440,0.060499,0.312137,0.046825,0.000000,1.287810,0.164513,6.828104
1772465844.224940,15.939986,0.059467,0.317258,0.046371,0.000000,1.566106,0.164244,7.007813
1772465844.237504,15.952550,0.058452,0.314782,0.045252,0.000000,1.567658,0.163991,7.357633
1772465844.250359,15.965405,0.057648,0.332271,0.044116,0.000000,3.117260,0.163801,7.927688
1772465844.263257,15.978303,0.056884,0.332329,0.044061,0.000000,4.668643,0.163629,8.960731
1772465844.275362,15.990408,0.056225,0.337622,0.045210,0.000000,6.416434,0.163487,10.410364
1772465844.287876,16.002922,0.055702,0.344864,0.047693,0.000000,6.620638,0.163379,11.899952
1772465844.300425,16.015471,0.055231,0.341846,0.052998,0.000000,2.843292,0.163285,12.351096
1772465844.313334,16.028380,0.054802,0.338380,0.058208,0.000000,1.964498,0.163203,11.637936
1772465844.324905,16.039951,0.054276,0.324654,0.060918,0.000000,1.132707,0.163107,10.507531
1772465844.337477,16.052523,0.053576,0.306100,0.059718,0.000000,0.755609,0.162986,9.420977
1772465844.350437,16.065483,0.052880,0.305587,0.057005,0.000000,0.619952,0.162875,8.413585
1772465844.363244,16.078290,0.052142,0.300675,0.053742,0.000000,0.613038,0.162766,7.539182
1772465844.375027,16.090073,0.051314,0.289926,0.050109,0.000000,0.630950,0.162658,6.848820
1772465844.387695,16.102741,0.050486,0.288900,0.046304,0.000000,0.731729,0.162564,6.359464
1772465844.400681,16.115727,0.049717,0.294493,0.042759,0.000000,0.810732,0.162490,6.056823
1772465844.413506,16.128552,0.049066,0.306933,0.039515,0.000000,0.964388,0.162439,5.855402
1772465844.425725,16.140770,0.048367,0.300696,0.036515,0.000000,1.128366,0.162395,5.812658
1772465844.437774,16.152820,0.048078,0.343634,0.033783,0.000000,1.633500,0.162381,5.987705
1772465844.450604,16.165649,0.047604,0.325617,0.031380,0.000000,1.707833,0.162362,6.254600
1772465844.463310,16.178356,0.047412,0.353796,0.029324,0.000000,1.990108,0.162356,6.681394
1772465844.474897,16.189942,0.047163,0.349039,0.027695,0.000000,2.138022,0.162350,7.043908
1772465844.487832,16.202878,0.047883,0.428887,0.026308,0.000000,2.613030,0.162372,7.554826
1772465844.500808,16.215854,0.048599,0.432043,0.025334,0.000000,2.641563,0.162408,8.006358
1772465844.513363,16.228409,0.049263,0.431476,0.024764,0.000000,2.690675,0.162453,8.427337
1772465844.525032,16.240078,0.049925,0.433529,0.024880,0.000000,2.709070,0.162509,8.767486
1772465844.537761,16.252806,0.051639,0.497268,0.025436,0.000000,2.469982,0.162699,9.158527
1772465844.550562,16.265608,0.053444,0.503860,0.027785,0.000000,2.534068,0.162964,9.282206
1772465844.563546,16.278592,0.055432,0.513024,0.031981,0.000000,2.483240,0.163325,9.417007
1772465844.575014,16.290059,0.057023,0.497929,0.032511,0.000000,2.706527,0.163659,9.589924
1772465844.587623,16.302669,0.059143,0.527407,0.031881,0.000000,2.586707,0.164162,9.980036
1772465844.600581,16.315626,0.060953,0.518326,0.031681,0.000000,2.759257,0.164636,10.252345
1772465844.613429,16.328475,0.063967,0.571806,0.032020,0.000000,2.587348,0.165508,10.547058
1772465844.625025,16.340070,0.067501,0.593991,0.033915,0.000000,2.577729,0.166643,10.730653
1772465844.637583,16.352629,0.071822,0.622572,0.036582,0.000000,2.561875,0.168168,10.991398
1772465844.650895,16.365941,0.076304,0.631017,0.039518,0.000000,2.498839,0.169883,11.178937
1772465844.663503,16.378549,0.080054,0.613264,0.041854,0.000000,2.350402,0.171406,11.081351
1772465844.674988,16.390033,0.084739,0.644944,0.043194,0.000000,2.163283,0.173406,11.055495
1772465844.687571,16.402617,0.088278,0.616924,0.044679,0.000000,1.741166,0.174979,10.931878
1772465844.700684,16.415730,0.090760,0.588441,0.045047,0.000000,1.385142,0.176112,10.532570
1772465844.713528,16.428574,0.092523,0.567373,0.045290,0.000000,1.234400,0.176930,10.008946
1772465844.725031,16.440077,0.093971,0.559245,0.045043,0.000000,0.985733,0.177610,9.439523
1772465844.737818,16.452864,0.094913,0.543363,0.044186,0.000000,0.804742,0.178056,8.996770
1772465844.750638,16.465684,0.094249,0.472973,0.042978,0.000000,0.673107,0.177741,8.411375
1772465844.763568,16.478614,0.093281,0.456138,0.041047,0.000000,0.616134,0.177285,7.858076
1772465844.774981,16.490027,0.091371,0.392560,0.038990,0.000000,0.536734,0.176394,7.313741
1772465844.787714,16.502760,0.089080,0.354778,0.036786,0.000000,0.490997,0.175343,6.911820
1772465844.800853,16.515899,0.086654,0.332666,0.034580,0.000000,0.467033,0.174251,6.555438
1772465844.813794,16.528840,0.084291,0.328850,0.032366,0.000000,0.471025,0.173210,6.261943
1772465844.824878,16.539924,0.081879,0.312508,0.030290,0.000000,0.470921,0.172173,6.006469
1772465844.837649,16.552695,0.079571,0.312508,0.028302,0.000000,0.471617,0.171206,5.932810
1772465844.850641,16.565687,0.077512,0.329315,0.026622,0.000000,0.568338,0.170366,5.896517
1772465844.863754,16.578800,0.075639,0.336262,0.028303,0.000000,0.571284,0.169620,5.952623
1772465844.875030,16.590076,0.074222,0.364988,0.034459,0.000000,0.699974,0.169071,6.035998
1772465844.887668,16.602714,0.073412,0.405913,0.036710,0.000000,0.859081,0.168762,6.316249
1772465844.900728,16.615774,0.072576,0.400979,0.036668,0.000000,0.903131,0.168447,6.655746
1772465844.913533,16.628579,0.072239,0.432938,0.036543,0.000000,1.150310,0.168322,7.043043
1772465844.924935,16.639981,0.072598,0.473047,0.036876,0.000000,1.619667,0.168455,7.609527
1772465844.937608,16.652654,0.073542,0.502442,0.038426,0.000000,2.177115,0.168811,8.515069
1772465844.950707,16.665753,0.074650,0.509516,0.041301,0.000000,2.375000,0.169236,9.528996
1772465844.963462,16.678507,0.075965,0.517977,0.044666,0.000000,2.354623,0.169749,10.430010
1772465844.974922,16.689968,0.077452,0.525550,0.047408,0.000000,2.364124,0.170341,11.063104
1772465844.987479,16.702525,0.079149,0.535231,0.049420,0.000000,2.928826,0.171032,11.712103
1772465845.000649,16.715694,0.080949,0.541045,0.051119,0.000000,3.172208,0.171780,12.350677
1772465845.013652,16.728698,0.082840,0.548238,0.050951,0.000000,2.985043,0.172583,12.919144
1772465845.025080,16.740125,0.084550,0.544231,0.051606,0.000000,3.310408,0.173323,13.258731
1772465845.037761,16.752806,0.086136,0.539101,0.055271,0.000000,4.926306,0.174021,14.092165
1772465845.050901,16.765947,0.087482,0.533083,0.054924,0.000000,5.668323,0.174621,15.307702
1772465845.063684,16.778729,0.088375,0.514983,0.057165,0.000000,19.215134,0.175023,19.070825
1772465845.074912,16.789958,0.088729,0.490191,0.060034,0.000000,33.192061,0.175183,24.791794
1772465845.087655,16.802701,0.088865,0.483645,0.057162,0.000000,87.351111,0.175245,37.773362
1772465845.100862,16.815907,0.088521,0.465321,0.051532,0.000000,25.627788,0.175089,36.934097
1772465845.113693,16.828739,0.087937,0.456308,0.046507,0.000000,14.603965,0.174825,30.409620
1772465845.124994,16.840040,0.087168,0.448047,0.042300,0.000000,9.770910,0.174480,25.625646
1772465845.137781,16.852826,0.086155,0.433557,0.039439,0.000000,5.791437,0.174029,22.231690
1772465845.150860,16.865905,0.085021,0.425320,0.036358,0.000000,4.779204,0.173529,19.406394
1772465845.163559,16.878604,0.083715,0.412512,0.033250,0.000000,4.007481,0.172960,17.465810
1772465845.175016,16.890062,0.082345,0.405699,0.030536,0.000000,3.526211,0.172371,15.921346
1772465845.187569,16.902615,0.080983,0.403620,0.028046,0.000000,3.788153,0.171795,15.071194
1772465845.200777,16.915823,0.079620,0.400335,0.025917,0.000000,3.492967,0.171226,14.604873
1772465845.213395,16.928440,0.078326,0.402123,0.024179,0.000000,3.551556,0.170695,14.107335
1772465845.225021,16.940066,0.077078,0.402079,0.022764,0.000000,3.983413,0.170191,13.830145
1772465845.237980,16.953026,0.075872,0.400680,0.022556,0.000000,2.710452,0.169712,13.523965
1772465845.250892,16.965938,0.074663,0.394287,0.023842,0.000000,2.256345,0.169241,12.697590
1772465845.263600,16.978646,0.073475,0.386908,0.027943,0.000000,1.644895,0.168785,11.788511
1772465845.274934,16.989980,0.072444,0.390334,0.032504,0.000000,1.650829,0.168398,10.925670
1772465845.287589,17.002635,0.071568,0.394066,0.036885,0.000000,1.657490,0.168074,10.419133
1772465845.300842,17.015888,0.070759,0.388536,0.044194,0.000000,1.258579,0.167780,10.003029
1772465845.313545,17.028590,0.070163,0.388407,0.057132,0.000000,0.931979,0.167566,9.437879
1772465845.324986,17.040032,0.069592,0.380094,0.065070,0.000000,0.772085,0.167363,8.799682
1772465845.337726,17.052772,0.069013,0.373933,0.068587,0.000000,0.549250,0.167160,8.248085
1772465845.350928,17.065974,0.068683,0.391855,0.066261,0.000000,0.517368,0.167046,7.697165
1772465845.363497,17.078542,0.068692,0.417127,0.062035,0.000000,0.508550,0.167049,7.179422
1772465845.374864,17.089910,0.069215,0.451516,0.057666,0.000000,0.534659,0.167231,6.793614
1772465845.387569,17.102615,0.070406,0.491147,0.053448,0.000000,0.555647,0.167653,6.603326
1772465845.400903,17.115948,0.073128,0.561004,0.049531,0.000000,0.562163,0.168654,6.561704
1772465845.413775,17.128821,0.077601,0.625990,0.046178,0.000000,0.521812,0.170401,6.616670
1772465845.425947,17.140993,0.084923,0.708405,0.043152,0.000000,0.565264,0.173486,6.836214
1772465845.438702,17.153748,0.093633,0.749330,0.040569,0.000000,0.599245,0.177451,7.107040
1772465845.451057,17.166102,0.105369,0.811810,0.045050,0.000000,0.635395,0.183195,7.526285
1772465845.463841,17.178887,0.121054,0.819332,0.115360,0.000000,0.625072,0.191462,8.132643
1772465845.475651,17.190697,0.139896,0.879605,0.118711,0.000000,0.671123,0.202159,8.737337
1772465845.488172,17.203218,0.156608,0.866783,0.112508,0.000000,0.766893,0.212295,9.193779
1772465845.500958,17.216003,0.173490,0.890488,0.104897,0.000000,0.864605,0.223137,9.725189
1772465845.513730,17.228776,0.187986,0.873140,0.097542,0.000000,1.028629,0.232936,10.321473
1772465845.525105,17.240151,0.198828,0.831541,0.091382,0.000000,1.062321,0.240566,10.852333
1772465845.537865,17.252911,0.206659,0.794642,0.086315,0.000000,1.295144,0.246240,11.534931
1772465845.550809,17.265855,0.214245,0.801325,0.082198,0.000000,1.311122,0.251871,12.143752
1772465845.563623,17.278669,0.222589,0.823590,0.079454,0.000000,2.036199,0.258218,13.073039
1772465845.575126,17.290172,0.229381,0.804835,0.078730,0.000000,2.057001,0.263507,14.184288
1772465845.587768,17.302813,0.235200,0.793393,0.079062,0.000000,2.716185,0.268126,15.523648
1772465845.600892,17.315937,0.239248,0.765827,0.079868,0.000000,2.746048,0.271388,16.614735
1772465845.613580,17.328625,0.240901,0.722442,0.080979,0.000000,5.414494,0.272733,18.603740
1772465845.625180,17.340226,0.236291,0.567312,0.083726,0.000000,7.533313,0.269002,22.050007
1772465845.637779,17.352825,0.230784,0.497542,0.115358,0.000000,10.994241,0.264613,26.186957
1772465845.651035,17.366081,0.224132,0.446464,0.109021,0.000000,14.400024,0.259410,29.918578
1772465845.663740,17.378786,0.216322,0.375630,0.100625,0.000000,14.512217,0.253436,31.852685
1772465845.674778,17.389823,0.208087,0.324119,0.093690,0.000000,11.225616,0.247290,30.940295
1772465845.687480,17.402526,0.200030,0.310418,0.087478,0.000000,7.720759,0.241428,27.939823
1772465845.700463,17.415509,0.191897,0.268227,0.081980,0.000000,5.213761,0.235658,24.161786
1772465845.713359,17.428405,0.183966,0.249369,0.076891,0.000000,2.669888,0.230173,20.402422
1772465845.724783,17.439829,0.176107,0.208102,0.073220,0.000000,1.995351,0.224872,17.089524
1772465845.737622,17.452668,0.168559,0.199245,0.069282,0.000000,1.253386,0.219907,14.712026
1772465845.750300,17.465346,0.161376,0.199245,0.067261,0.000000,1.257116,0.215295,12.782653
1772465845.763084,17.478129,0.154521,0.194848,0.066351,0.000000,0.868539,0.210996,11.347456
1772465845.774933,17.489978,0.147900,0.173918,0.068188,0.000000,0.736002,0.206939,10.152569
1772465845.787762,17.502808,0.141669,0.181628,0.071057,0.000000,0.646144,0.203206,9.203734
1772465845.800245,17.515291,0.135804,0.184577,0.077510,0.000000,0.571649,0.199769,8.450575
1772465845.812948,17.527994,0.130151,0.160256,0.087614,0.000000,0.505213,0.196527,7.823323
1772465845.824835,17.539880,0.124852,0.163804,0.096498,0.000000,0.460202,0.193553,7.319925
1772465845.837468,17.552514,0.119833,0.161170,0.101848,0.000000,0.462225,0.190796,6.928339
1772465845.850322,17.565368,0.115102,0.163351,0.105566,0.000000,0.426391,0.188252,6.611380
1772465845.863050,17.578096,0.110783,0.184780,0.111111,0.000000,0.381988,0.185978,6.339097
1772465845.874884,17.589929,0.106679,0.184374,0.111272,0.000000,0.382423,0.183861,6.093491
1772465845.887634,17.602680,0.102920,0.203330,0.111572,0.000000,0.378613,0.181962,5.930852
1772465845.900332,17.615378,0.099537,0.223705,0.114367,0.000000,0.378351,0.180288,5.796293
1772465845.913078,17.628124,0.096717,0.255580,0.124639,0.000000,0.405388,0.178919,5.730824
1772465845.924740,17.639786,0.094205,0.254545,0.141218,0.000000,0.408497,0.177721,5.695734
1772465845.937569,17.652615,0.092675,0.291260,0.170842,0.000000,0.510997,0.177001,5.815180
1772465845.950236,17.665282,0.092495,0.329838,0.205192,0.000000,0.777449,0.176917,6.126245
1772465845.963079,17.678125,0.093441,0.352296,0.232429,0.000000,1.044072,0.177360,6.740291
1772465845.974871,17.689917,0.096443,0.403700,0.254789,0.000000,2.202166,0.178787,7.970305
1772465845.987500,17.702546,0.100764,0.423650,0.276938,0.000000,3.194239,0.180891,10.163321
1772465846.000308,17.715354,0.106962,0.461349,0.290963,0.000000,4.787916,0.184005,13.355004
1772465846.013039,17.728085,0.113673,0.505949,0.264821,0.000000,9.301045,0.187494,17.802057
1772465846.024945,17.739990,0.122084,0.573040,0.239944,0.000000,9.042650,0.192026,21.288800
1772465846.037530,17.752575,0.130605,0.606127,0.217219,0.000000,6.485603,0.196785,23.691914
1772465846.050472,17.765518,0.139317,0.638638,0.196503,0.000000,5.008113,0.201819,23.526315
1772465846.063134,17.778180,0.148456,0.673290,0.177871,0.000000,2.923822,0.207276,21.602354
1772465846.074809,17.789855,0.156714,0.681788,0.161563,0.000000,2.334245,0.212361,19.453124
1772465846.087384,17.802429,0.164345,0.691985,0.147358,0.000000,2.307821,0.217188,18.020188
1772465846.100412,17.815458,0.172688,0.724529,0.134931,0.000000,1.462231,0.222608,16.879078
1772465846.113059,17.828105,0.181784,0.756322,0.123901,0.000000,1.194647,0.228687,15.756409
1772465846.124830,17.839875,0.191645,0.787207,0.114043,0.000000,0.835648,0.235482,14.754438
1772465846.137340,17.852386,0.200480,0.785723,0.106403,0.000000,0.964137,0.241751,13.949573
1772465846.150141,17.865187,0.210125,0.814523,0.098863,0.000000,0.701578,0.248796,13.408457
1772465846.162956,17.878002,0.219622,0.826831,0.092132,0.000000,0.726384,0.255943,12.924118
1772465846.175018,17.890064,0.228063,0.823355,0.085859,0.000000,0.722240,0.262472,12.621101
1772465846.187486,17.902532,0.236244,0.832073,0.079892,0.000000,0.598886,0.268964,12.385294
1772465846.200388,17.915434,0.244044,0.837998,0.074415,0.000000,0.542810,0.275306,12.175477
1772465846.213303,17.928349,0.251281,0.839761,0.069764,0.000000,0.566147,0.281328,11.957880
1772465846.224987,17.940033,0.259058,0.859217,0.065359,0.000000,0.491620,0.287949,11.772918
1772465846.237573,17.952619,0.266147,0.858439,0.061163,0.000000,0.450697,0.294121,11.608794
1772465846.250443,17.965489,0.273477,0.872242,0.057229,0.000000,0.441118,0.300644,11.439262
1772465846.263285,17.978330,0.281045,0.885746,0.053665,0.000000,0.464177,0.307533,11.296485
1772465846.274990,17.990036,0.286942,0.867780,0.050282,0.000000,0.462649,0.313011,11.131293
1772465846.287499,18.002545,0.292348,0.867686,0.047104,0.000000,0.497442,0.318120,11.094801
1772465846.300448,18.015494,0.296955,0.861832,0.044059,0.000000,0.544679,0.322539,11.131475
1772465846.313291,18.028337,0.299886,0.839775,0.041296,0.000000,0.584995,0.325383,11.171310
1772465846.324938,18.039984,0.301667,0.825006,0.038320,0.000000,0.655102,0.327124,11.283939
1772465846.337568,18.052614,0.302767,0.817033,0.035565,0.000000,0.653389,0.328203,11.489123
1772465846.350531,18.065577,0.303518,0.814096,0.033113,0.000000,0.782179,0.328942,11.736695
1772465846.363264,18.078310,0.303980,0.811450,0.031106,0.000000,0.899515,0.329398,12.062001
1772465846.375030,18.090075,0.304544,0.815218,0.029652,0.000000,0.883541,0.329955,12.406143
1772465846.387517,18.102562,0.303513,0.786139,0.028845,0.000000,1.019422,0.328938,12.753519
1772465846.400476,18.115521,0.300505,0.743739,0.029376,0.000000,1.245729,0.325987,13.183610
1772465846.413415,18.128460,0.293862,0.647133,0.032381,0.000000,1.890335,0.319565,14.049772
1772465846.425589,18.140635,0.284014,0.514217,0.039388,0.000000,2.428661,0.310279,15.431912
1772465846.438529,18.153575,0.273472,0.413634,0.078571,0.000000,3.511088,0.300640,17.380074
1772465846.450797,18.165842,0.262656,0.354257,0.085126,0.000000,4.600598,0.291065,19.451024
1772465846.462899,18.177945,0.251842,0.315031,0.080217,0.000000,5.803460,0.281800,21.493635
1772465846.475671,18.190717,0.241279,0.293909,0.073556,0.000000,5.745152,0.273041,22.837042
1772465846.487732,18.202778,0.231010,0.274992,0.066865,0.000000,5.704027,0.264792,22.714264
1772465846.500507,18.215552,0.220935,0.240565,0.060795,0.000000,6.571031,0.256947,22.535010
1772465846.513369,18.228415,0.211083,0.202575,0.055451,0.000000,6.848195,0.249508,22.682691
1772465846.524849,18.239895,0.201558,0.176822,0.050735,0.000000,6.286399,0.242528,22.681508
1772465846.537948,18.252993,0.192467,0.172958,0.045847,0.000000,5.113158,0.236057,22.029571
1772465846.550405,18.265451,0.183688,0.145886,0.041410,0.000000,4.462884,0.229983,20.300593
1772465846.563503,18.278548,0.175334,0.146127,0.037745,0.000000,3.732739,0.224359,18.737101
1772465846.574968,18.290013,0.167378,0.141958,0.036891,0.000000,3.143286,0.219142,17.132842
1772465846.587677,18.302723,0.159807,0.141057,0.034531,0.000000,2.623551,0.214302,15.883372
1772465846.600447,18.315492,0.152593,0.138262,0.031797,0.000000,2.179006,0.209805,14.670441
1772465846.613408,18.328454,0.145751,0.143948,0.029247,0.000000,2.738086,0.205642,14.003152
1772465846.624840,18.339886,0.139255,0.146955,0.026948,0.000000,2.569251,0.201782,13.767743
1772465846.637596,18.352642,0.133118,0.157622,0.024904,0.000000,2.904568,0.198220,13.942074
1772465846.650781,18.365827,0.127295,0.161261,0.023132,0.000000,2.562188,0.194916,14.079620
1772465846.663590,18.378636,0.121755,0.160652,0.021751,0.000000,2.582740,0.191845,13.932431
1772465846.674956,18.390002,0.116707,0.209216,0.020402,0.000000,1.859764,0.189109,13.369678
1772465846.687601,18.402647,0.112159,0.254032,0.019280,0.000000,1.459404,0.186697,12.532652
1772465846.700574,18.415619,0.108704,0.361295,0.018463,0.000000,1.139565,0.184900,11.554265
1772465846.713716,18.428761,0.106784,0.465807,0.017793,0.000000,1.139781,0.183914,10.698009
1772465846.725001,18.440047,0.106651,0.552529,0.017036,0.000000,0.939979,0.183847,9.932908
1772465846.737909,18.452955,0.110729,0.691579,0.016082,0.000000,0.794901,0.185949,9.629083
1772465846.750536,18.465582,0.121252,0.835350,0.014982,0.000000,0.571152,0.191570,9.452051
1772465846.763952,18.478998,0.132915,0.866101,0.014048,0.000000,0.566812,0.198103,9.274831
1772465846.775014,18.490059,0.143967,0.866440,0.013222,0.000000,0.462864,0.204573,8.882983
1772465846.787768,18.502814,0.155281,0.881212,0.012566,0.000000,0.433262,0.211468,8.723224
1772465846.800456,18.515502,0.164077,0.847321,0.012119,0.000000,0.409863,0.217016,8.512714
1772465846.813493,18.528539,0.172216,0.843583,0.011940,0.000000,0.401269,0.222298,8.375859
1772465846.824935,18.539981,0.178955,0.825071,0.012086,0.000000,0.381649,0.226778,8.206047
1772465846.837477,18.552523,0.185389,0.825071,0.012686,0.000000,0.380454,0.231147,8.225060
1772465846.850445,18.565490,0.190497,0.804686,0.013842,0.000000,0.369876,0.234679,8.240434
1772465846.863707,18.578753,0.195210,0.799347,0.016461,0.000000,0.368208,0.237990,8.305617
1772465846.874978,18.590024,0.199917,0.799347,0.020939,0.000000,0.367499,0.241346,8.313721
1772465846.887641,18.602687,0.204044,0.784832,0.028718,0.000000,0.368543,0.244330,8.448007
1772465846.901225,18.616270,0.208117,0.772909,0.043619,0.000000,0.370645,0.247312,8.570768
1772465846.913989,18.629035,0.211990,0.748407,0.068209,0.000000,0.379332,0.250183,8.635734
1772465846.924997,18.640043,0.217287,0.747145,0.100198,0.000000,0.382148,0.254166,8.702194
1772465846.937650,18.652696,0.222156,0.715100,0.129210,0.000000,0.387366,0.257884,8.854650
1772465846.950781,18.665826,0.228445,0.720776,0.153608,0.000000,0.392094,0.262772,9.041618
1772465846.963634,18.678679,0.235792,0.726956,0.171204,0.000000,0.389385,0.268601,9.174898
1772465846.975009,18.690055,0.243835,0.729293,0.186821,0.000000,0.386982,0.275135,9.251713
1772465846.987689,18.702735,0.253798,0.748210,0.206068,0.000000,0.384550,0.283454,9.469745
1772465847.001097,18.716143,0.265045,0.748210,0.234767,0.000000,0.382964,0.293152,9.668102
1772465847.013915,18.728960,0.277596,0.739462,0.273394,0.000000,0.378698,0.304374,9.826508
1772465847.025227,18.740273,0.292365,0.739462,0.319331,0.000000,0.376689,0.318135,9.975452
1772465847.037807,18.752852,0.309245,0.739462,0.366960,0.000000,0.374409,0.334635,10.288097
1772465847.050960,18.766006,0.327866,0.741732,0.410555,0.000000,0.358059,0.353837,10.577213
1772465847.063566,18.778612,0.347352,0.741732,0.444763,0.000000,0.355086,0.375117,10.745884
1772465847.075009,18.790055,0.367873,0.759461,0.468650,0.000000,0.361578,0.398920,10.903278
1772465847.087672,18.802718,0.388550,0.764180,0.490597,0.000000,0.341511,0.424434,11.186932
1772465847.100930,18.815976,0.410228,0.797893,0.508256,0.000000,0.296492,0.452942,11.333377
1772465847.113566,18.828612,0.431147,0.802291,0.512853,0.000000,0.278464,0.482267,11.304415
1772465847.124883,18.839928,0.450241,0.795646,0.498327,0.000000,0.272785,0.510692,11.197075
1772465847.137799,18.852845,0.468361,0.813810,0.479651,0.000000,0.255761,0.539216,11.313985
1772465847.150832,18.865878,0.484773,0.812902,0.460128,0.000000,0.264157,0.566424,11.331527
1772465847.163552,18.878597,0.500596,0.817228,0.461575,0.000000,0.259491,0.593956,11.315285
1772465847.174915,18.889961,0.517240,0.840642,0.481448,0.000000,0.262409,0.624363,11.350059
1772465847.187702,18.902748,0.532988,0.824186,0.496086,0.000000,0.273038,0.654566,11.532764
1772465847.200778,18.915823,0.547788,0.824186,0.491507,0.000000,0.270088,0.684280,11.648884
1772465847.213442,18.928488,0.561969,0.840292,0.478841,0.000000,0.254327,0.714018,11.630575
1772465847.224981,18.940026,0.575015,0.840292,0.466912,0.000000,0.251449,0.742515,11.590938
1772465847.237582,18.952628,0.586908,0.833820,0.459941,0.000000,0.250766,0.769484,11.641836
1772465847.250872,18.965918,0.598422,0.848078,0.451396,0.000000,0.224973,0.796526,11.693037
1772465847.263528,18.978574,0.608270,0.831532,0.440003,0.000000,0.227169,0.820408,11.560468
1772465847.274927,18.989972,0.615810,0.812876,0.416649,0.000000,0.226864,0.839177,11.477154
1772465847.287904,19.002950,0.621272,0.805915,0.388004,0.000000,0.225705,0.853039,11.643853
1772465847.300856,19.015901,0.624287,0.790336,0.361875,0.000000,0.227403,0.860791,11.667045
1772465847.313542,19.028587,0.624229,0.764962,0.335599,0.000000,0.234059,0.860640,11.689137
1772465847.324923,19.039969,0.622680,0.764674,0.310815,0.000000,0.232720,0.856651,11.703522
1772465847.337603,19.052649,0.619831,0.764962,0.287895,0.000000,0.235330,0.849360,11.856573
1772465847.350761,19.065807,0.615828,0.762636,0.269256,0.000000,0.236993,0.839222,11.952255
1772465847.363406,19.078452,0.611260,0.762636,0.256955,0.000000,0.238267,0.827801,11.894866
1772465847.375038,19.090084,0.607091,0.770236,0.252092,0.000000,0.246279,0.817512,11.892500
1772465847.387837,19.102883,0.602212,0.752929,0.254680,0.000000,0.284107,0.805634,12.067019
1772465847.400868,19.115913,0.597652,0.755954,0.252853,0.000000,0.328515,0.794688,12.296684
1772465847.414088,19.129133,0.592362,0.749852,0.243637,0.000000,0.516697,0.782177,12.861254
1772465847.426114,19.141160,0.583355,0.701385,0.227655,0.000000,1.047380,0.761326,14.331988
1772465847.439129,19.154175,0.572713,0.685353,0.208647,0.000000,1.232241,0.737405,17.149822
1772465847.451596,19.166642,0.560122,0.658780,0.191279,0.000000,2.004168,0.710072,20.103761
1772465847.463347,19.178393,0.546069,0.634742,0.175432,0.000000,3.425628,0.680760,23.994738
1772465847.476051,19.191096,0.530951,0.612914,0.160604,0.000000,4.833030,0.650578,28.533142
1772465847.487541,19.202586,0.514494,0.576732,0.148271,0.000000,6.258566,0.619242,31.746336
1772465847.500647,19.215693,0.497936,0.562794,0.138419,0.000000,4.304726,0.589236,32.777549
1772465847.513408,19.228454,0.481714,0.556864,0.130918,0.000000,3.204194,0.561251,30.626999
1772465847.525168,19.240214,0.465408,0.534966,0.126744,0.000000,4.394939,0.534460,29.469069
1772465847.537827,19.252873,0.449808,0.539257,0.119148,0.000000,3.691194,0.510030,29.518406
1772465847.550615,19.265661,0.434543,0.533886,0.110428,0.000000,3.576699,0.487205,28.926763
1772465847.563570,19.278615,0.419877,0.536105,0.102864,0.000000,2.621055,0.466240,27.597497
1772465847.575109,19.290155,0.405884,0.536105,0.100852,0.000000,2.669633,0.447079,26.079842
1772465847.587757,19.302803,0.393182,0.551484,0.104497,0.000000,2.301944,0.430371,24.989086
1772465847.600363,19.315408,0.381390,0.556815,0.107544,0.000000,1.969156,0.415419,23.682180
1772465847.613032,19.328077,0.370336,0.556815,0.112000,0.000000,1.996144,0.401876,22.597224
1772465847.624806,19.339852,0.359847,0.554679,0.114516,0.000000,1.654967,0.389436,21.645572
1772465847.637662,19.352708,0.349774,0.554679,0.111264,0.000000,1.675279,0.377852,20.792551
1772465847.650705,19.365751,0.340219,0.558410,0.107960,0.000000,1.460263,0.367183,19.954356
1772465847.663386,19.378432,0.331052,0.558410,0.105256,0.000000,1.476283,0.357231,19.165700
1772465847.675205,19.390251,0.322319,0.558410,0.104541,0.000000,1.491553,0.348004,18.647741
1772465847.687886,19.402931,0.314199,0.561431,0.106778,0.000000,1.312451,0.339638,18.217285
1772465847.700764,19.415810,0.306578,0.564361,0.106644,0.000000,0.911013,0.331972,17.454337
1772465847.713417,19.428463,0.298955,0.555198,0.104266,0.000000,1.131135,0.324477,16.557414
1772465847.725211,19.440256,0.291961,0.565805,0.101182,0.000000,0.842834,0.317751,15.819487
1772465847.737931,19.452977,0.285312,0.568902,0.097933,0.000000,0.860695,0.311487,15.203432
1772465847.750507,19.465552,0.278634,0.558876,0.096913,0.000000,0.764501,0.305321,14.571560
1772465847.763080,19.478126,0.271719,0.542223,0.095294,0.000000,0.722862,0.299066,13.978330
1772465847.775100,19.490146,0.265057,0.542021,0.092382,0.000000,0.677607,0.293163,13.464975
1772465847.787375,19.502421,0.258797,0.546460,0.090227,0.000000,0.655198,0.287723,13.047923
1772465847.800349,19.515394,0.252866,0.546460,0.090775,0.000000,0.659103,0.282664,12.774251
1772465847.813035,19.528081,0.247058,0.539726,0.091685,0.000000,0.615425,0.277798,12.453331
1772465847.824884,19.539930,0.241749,0.545342,0.093076,0.000000,0.632851,0.273425,12.172066
1772465847.837440,19.552486,0.236336,0.537094,0.088824,0.000000,0.513413,0.269038,11.898343
1772465847.850298,19.565344,0.231220,0.539744,0.087048,0.000000,0.521034,0.264958,11.558262
1772465847.863055,19.578101,0.226306,0.539744,0.085240,0.000000,0.522804,0.261099,11.215143
1772465847.874885,19.589931,0.221085,0.524458,0.080577,0.000000,0.522859,0.257062,10.936217
1772465847.887379,19.602425,0.215852,0.519311,0.075342,0.000000,0.535944,0.253080,10.721853
1772465847.900800,19.615846,0.210757,0.519311,0.070519,0.000000,0.537369,0.249266,10.594768
1772465847.913238,19.628284,0.205798,0.519311,0.065727,0.000000,0.538761,0.245609,10.432077
1772465847.925274,19.640320,0.201200,0.528828,0.060767,0.000000,0.562046,0.242270,10.332651
1772465847.937905,19.652951,0.196693,0.528828,0.055182,0.000000,0.563472,0.239043,10.311095
1772465847.950506,19.665552,0.192285,0.528828,0.050003,0.000000,0.564870,0.235930,10.246725
1772465847.963290,19.678336,0.187985,0.528828,0.045327,0.000000,0.566237,0.232935,10.159847
1772465847.975261,19.690306,0.183803,0.528828,0.041179,0.000000,0.567569,0.230061,10.072248
1772465847.987850,19.702896,0.179746,0.528828,0.037577,0.000000,0.568864,0.227310,10.007811
1772465848.000662,19.715708,0.175824,0.528828,0.034613,0.000000,0.570118,0.224684,9.909184
1772465848.013396,19.728441,0.172050,0.528828,0.032504,0.000000,0.571327,0.222189,9.805665
1772465848.025033,19.740079,0.168452,0.528828,0.031903,0.000000,0.572482,0.219838,9.701281
1772465848.037725,19.752771,0.165094,0.528828,0.034579,0.000000,0.573561,0.217669,9.644899
1772465848.050751,19.765797,0.162188,0.528828,0.046779,0.000000,0.574497,0.215811,9.584064
1772465848.063114,19.778160,0.160673,0.541217,0.081918,0.000000,0.591128,0.214850,9.559013
1772465848.074876,19.789922,0.160774,0.553142,0.119201,0.000000,0.595723,0.214914,9.584551
1772465848.087350,19.802395,0.162654,0.553142,0.167560,0.000000,0.595129,0.216108,9.712535
1772465848.100344,19.815390,0.166277,0.564744,0.199312,0.000000,0.646142,0.218430,9.903890
1772465848.112905,19.827951,0.170333,0.564744,0.212756,0.000000,0.644649,0.221063,10.056871
1772465848.124883,19.839928,0.174745,0.577907,0.211417,0.000000,0.687505,0.223968,10.238612
1772465848.137401,19.852447,0.178021,0.564814,0.204937,0.000000,0.773792,0.226151,10.451171
1772465848.150833,19.865879,0.181455,0.578315,0.198432,0.000000,0.899879,0.228465,10.810854
1772465848.163206,19.878252,0.186122,0.612205,0.193704,0.000000,1.384914,0.231650,11.324239
1772465848.174963,19.890009,0.190188,0.612205,0.186271,0.000000,1.382855,0.234465,12.182698
1772465848.187395,19.902441,0.192339,0.583797,0.178146,0.000000,1.411027,0.235968,13.054537
1772465848.200716,19.915762,0.196355,0.629063,0.174694,0.000000,2.139421,0.238802,13.933029
1772465848.213203,19.928249,0.201037,0.651910,0.169008,0.000000,2.239673,0.242152,14.980330
1772465848.224760,19.939806,0.205564,0.663284,0.159166,0.000000,1.952164,0.245438,15.943762
1772465848.237466,19.952512,0.210251,0.682674,0.147211,0.000000,1.476515,0.248890,16.345051
1772465848.250255,19.965300,0.218451,0.762711,0.134484,0.000000,0.931922,0.255050,15.786623
1772465848.263522,19.978568,0.227388,0.794081,0.122476,0.000000,0.871137,0.261943,14.830183
1772465848.274891,19.989936,0.237108,0.825317,0.111601,0.000000,0.864471,0.269659,13.949909
1772465848.287525,20.002571,0.249634,0.888326,0.101769,0.000000,0.863740,0.279946,13.620936
1772465848.300399,20.015445,0.262879,0.918656,0.092977,0.000000,0.931498,0.291259,13.496569
1772465848.313445,20.028491,0.276669,0.945801,0.085204,0.000000,1.003523,0.303530,13.619545
1772465848.324860,20.039906,0.290273,0.960529,0.078604,0.000000,1.106284,0.316149,13.777001
1772465848.337508,20.052553,0.303125,0.964891,0.073063,0.000000,1.219126,0.328555,14.312732
1772465848.350392,20.065438,0.314942,0.963306,0.068339,0.000000,1.201466,0.340396,14.802158
1772465848.363199,20.078245,0.325164,0.950366,0.065146,0.000000,1.329991,0.350983,15.168436
1772465848.375250,20.090296,0.333293,0.927126,0.063062,0.000000,1.513502,0.359639,15.610009
1772465848.387837,20.102883,0.338694,0.891019,0.061821,0.000000,1.461030,0.365508,16.092806
1772465848.400497,20.115543,0.344074,0.894947,0.061922,0.000000,1.546487,0.371450,16.395782
1772465848.413850,20.128896,0.346330,0.848325,0.061529,0.000000,1.519758,0.373970,16.540538
1772465848.425380,20.140425,0.343566,0.759188,0.062753,0.000000,1.663088,0.370885,16.544585
1772465848.438686,20.153732,0.341183,0.763250,0.063378,0.000000,1.852358,0.368245,16.977774
1772465848.451339,20.166385,0.336276,0.711213,0.061567,0.000000,1.955312,0.362868,17.330276
1772465848.463584,20.178630,0.331770,0.716360,0.059811,0.000000,2.362513,0.358002,17.871189
1772465848.475754,20.190800,0.324657,0.651988,0.057357,0.000000,3.077561,0.350450,18.957855
1772465848.488373,20.203419,0.316086,0.603165,0.054963,0.000000,4.575824,0.341565,20.951026
1772465848.501064,20.216110,0.307678,0.596768,0.053031,0.000000,5.919865,0.333068,23.453831
1772465848.513857,20.228903,0.298044,0.541019,0.050863,0.000000,6.026633,0.323593,25.006614
1772465848.525012,20.240058,0.287977,0.500420,0.052684,0.000000,8.300200,0.313982,26.403787
1772465848.537584,20.252630,0.277743,0.471071,0.049248,0.000000,13.476243,0.304508,29.765783
1772465848.550472,20.265518,0.267239,0.430326,0.045065,0.000000,13.985977,0.295084,34.630162
1772465848.563519,20.278564,0.256762,0.400443,0.040906,0.000000,9.451503,0.285977,33.124745
1772465848.575015,20.290061,0.246748,0.399897,0.037016,0.000000,7.313980,0.277541,29.699878
1772465848.588240,20.303286,0.236373,0.326884,0.033541,0.000000,4.826345,0.269068,26.375406
1772465848.600783,20.315829,0.226163,0.288715,0.030520,0.000000,3.361231,0.260988,22.963642
1772465848.613519,20.328565,0.216159,0.247889,0.027980,0.000000,4.171620,0.253312,20.975305
1772465848.624940,20.339986,0.206567,0.235838,0.025793,0.000000,3.942629,0.246172,20.360938
1772465848.637519,20.352565,0.197392,0.226821,0.024098,0.000000,2.742060,0.239540,20.129377
1772465848.650601,20.365647,0.188702,0.233026,0.022354,0.000000,1.535736,0.233432,18.733955
1772465848.664016,20.379061,0.180503,0.244203,0.020804,0.000000,1.008698,0.227821,16.589997
1772465848.675232,20.390278,0.172906,0.274986,0.019686,0.000000,0.884675,0.222752,14.500931
1772465848.687906,20.402952,0.165978,0.313594,0.019125,0.000000,0.844747,0.218238,13.097408
1772465848.701227,20.416273,0.159771,0.354695,0.019034,0.000000,0.862434,0.214280,12.076571
1772465848.713717,20.428762,0.154087,0.375316,0.018736,0.000000,0.850601,0.210728,11.345026
1772465848.725369,20.440414,0.148984,0.400879,0.018567,0.000000,0.930253,0.207597,10.813839
1772465848.738088,20.453134,0.144672,0.440544,0.018705,0.000000,1.054293,0.204995,10.722192
1772465848.750716,20.465761,0.141203,0.479180,0.019212,0.000000,1.250413,0.202930,10.806297
1772465848.763465,20.478511,0.138313,0.500450,0.020117,0.000000,1.535576,0.201230,11.108691
1772465848.775063,20.490108,0.136057,0.522889,0.022084,0.000000,1.541897,0.199916,11.526406
1772465848.787653,20.502699,0.134303,0.536477,0.026232,0.000000,2.040364,0.198901,12.171398
1772465848.800923,20.515969,0.132833,0.536477,0.034721,0.000000,2.041375,0.198056,12.789523
1772465848.814047,20.529092,0.132276,0.553861,0.050838,0.000000,2.064268,0.197737,13.278033
1772465848.825342,20.540387,0.132533,0.565146,0.067494,0.000000,2.788770,0.197885,13.703250
1772465848.838313,20.553359,0.133709,0.584398,0.078012,0.000000,3.623118,0.198559,14.739023
1772465848.851208,20.566254,0.135053,0.588477,0.080758,0.000000,3.680508,0.199334,15.879077
1772465848.863650,20.578695,0.136712,0.601232,0.079115,0.000000,4.597830,0.200296,16.975031
1772465848.875119,20.590164,0.138701,0.616118,0.075832,0.000000,4.569874,0.201457,17.937955
1772465848.888076,20.603122,0.140759,0.624734,0.071817,0.000000,4.541677,0.202668,18.798670
1772465848.901187,20.616233,0.143471,0.647813,0.068613,0.000000,2.876461,0.204277,18.496586
1772465848.914196,20.629241,0.146819,0.670085,0.065443,0.000000,2.107920,0.206285,17.490661
1772465848.925107,20.640153,0.150810,0.691380,0.063150,0.000000,1.573680,0.208711,16.381562
1772465848.938020,20.653066,0.154141,0.681470,0.062384,0.000000,1.593244,0.210761,15.696318
1772465848.951218,20.666264,0.158814,0.716783,0.060924,0.000000,1.042008,0.213677,15.018556
1772465848.964026,20.679072,0.163458,0.722384,0.059699,0.000000,0.907337,0.216621,14.159703
1772465848.975245,20.690291,0.167068,0.706410,0.058252,0.000000,0.939532,0.218941,13.354290
1772465848.987676,20.702722,0.171101,0.722192,0.055662,0.000000,0.834438,0.221566,12.945912
1772465849.000539,20.715585,0.173907,0.701482,0.053703,0.000000,0.861342,0.223412,12.615373
1772465849.013357,20.728403,0.175892,0.687862,0.051477,0.000000,0.833031,0.224729,12.294342
1772465849.024902,20.739948,0.178035,0.696330,0.049077,0.000000,0.781325,0.226160,12.043566
1772465849.037619,20.752665,0.179316,0.680193,0.047102,0.000000,0.763196,0.227021,11.937890
1772465849.050619,20.765665,0.180443,0.679437,0.045605,0.000000,0.749396,0.227780,11.784471
1772465849.063265,20.778311,0.181751,0.686182,0.044721,0.000000,0.707390,0.228666,11.550983
1772465849.075051,20.790096,0.182974,0.686009,0.044390,0.000000,0.690542,0.229496,11.344193
1772465849.087569,20.802614,0.182594,0.645844,0.044551,0.000000,0.711428,0.229237,11.189198
1772465849.100895,20.815941,0.182326,0.650193,0.042775,0.000000,0.673512,0.229055,11.070775
1772465849.113419,20.828464,0.180739,0.614675,0.039321,0.000000,0.675932,0.227980,10.766377
1772465849.124928,20.839974,0.177704,0.565736,0.035866,0.000000,0.742088,0.225939,10.491168
1772465849.137798,20.852844,0.173483,0.512545,0.032622,0.000000,0.874876,0.223133,10.440532
1772465849.150773,20.865819,0.169634,0.522966,0.029692,0.000000,0.927271,0.220607,10.501278
1772465849.163402,20.878448,0.165354,0.495208,0.027056,0.000000,0.946075,0.217836,10.591792
1772465849.174892,20.889938,0.161170,0.491314,0.024717,0.000000,1.038831,0.215165,10.702104
1772465849.187601,20.902646,0.157423,0.505153,0.022696,0.000000,1.036898,0.212804,10.887129
1772465849.201094,20.916140,0.153272,0.474831,0.021015,0.000000,1.092201,0.210224,10.911955
1772465849.213426,20.928471,0.149238,0.470743,0.019725,0.000000,1.235013,0.207751,10.770121
1772465849.224901,20.939947,0.145104,0.452942,0.018887,0.000000,1.425787,0.205253,10.739507
1772465849.238019,20.953064,0.141422,0.468553,0.018588,0.000000,1.386649,0.203060,10.919746
1772465849.250689,20.965734,0.138002,0.472490,0.019290,0.000000,1.630758,0.201048,10.986569
1772465849.263949,20.978995,0.135418,0.506756,0.021340,0.000000,1.613587,0.199545,11.093730
1772465849.275581,20.990627,0.135530,0.604580,0.028468,0.000000,2.511072,0.199610,11.543742
1772465849.287860,21.002906,0.136625,0.633867,0.030638,0.000000,2.456991,0.200246,12.288967
1772465849.300803,21.015848,0.139094,0.673900,0.030861,0.000000,3.136513,0.201688,13.181845
1772465849.313748,21.028794,0.141524,0.672772,0.034204,0.000000,3.719889,0.203120,14.144786
1772465849.324821,21.039866,0.149594,0.787249,0.046076,0.000000,4.390998,0.207968,15.611454
1772465849.337563,21.052609,0.159015,0.814029,0.051531,0.000000,7.016089,0.213803,18.577262
1772465849.351411,21.066457,0.170252,0.855156,0.050118,0.000000,6.212451,0.221010,20.812699
1772465849.363927,21.078973,0.184577,0.918519,0.046802,0.000000,3.979963,0.230591,20.868723
1772465849.375356,21.090402,0.199343,0.939745,0.044156,0.000000,3.711646,0.240934,20.130659
1772465849.387770,21.102816,0.214579,0.961290,0.041964,0.000000,3.093809,0.252122,19.575101
1772465849.400942,21.115987,0.229672,0.971829,0.041326,0.000000,2.602237,0.263736,18.829893
1772465849.414071,21.129117,0.244579,0.978309,0.043963,0.000000,2.236265,0.275747,17.982186
1772465849.424845,21.139890,0.259344,0.983108,0.048864,0.000000,2.177375,0.288195,17.295081
1772465849.437541,21.152587,0.273417,0.981751,0.050959,0.000000,1.932102,0.300590,17.297428
1772465849.450971,21.166017,0.286501,0.976944,0.051188,0.000000,1.385766,0.312598,16.796200
1772465849.463582,21.178628,0.299097,0.981703,0.049097,0.000000,1.597339,0.324615,16.103706
1772465849.475336,21.190382,0.310500,0.974814,0.046922,0.000000,1.297345,0.335895,15.859525
1772465849.488093,21.203139,0.320765,0.967971,0.044671,0.000000,1.218868,0.346386,15.600549
1772465849.500986,21.216031,0.330052,0.963732,0.041485,0.000000,1.224256,0.356163,15.389698
1772465849.513390,21.228436,0.336772,0.933280,0.038229,0.000000,1.235646,0.363409,15.235530
1772465849.524939,21.239984,0.343226,0.937438,0.035193,0.000000,1.270460,0.370507,15.268185
1772465849.537675,21.252721,0.348937,0.933280,0.032598,0.000000,1.219477,0.376904,15.526444
1772465849.550305,21.265351,0.354075,0.930486,0.030747,0.000000,1.222272,0.382754,15.551108
1772465849.562980,21.278026,0.356228,0.886809,0.029717,0.000000,1.129058,0.385233,15.445861
1772465849.574955,21.290001,0.357403,0.872075,0.029778,0.000000,1.210365,0.386592,15.392655
1772465849.587651,21.302696,0.358453,0.869657,0.031082,0.000000,1.414791,0.387811,15.634496
1772465849.600185,21.315230,0.357533,0.833972,0.033410,0.000000,1.588576,0.386743,16.205726
1772465849.613373,21.328419,0.355920,0.818636,0.035433,0.000000,1.624577,0.384877,16.791489
1772465849.625216,21.340262,0.353742,0.804736,0.037453,0.000000,1.469288,0.382373,16.997678
1772465849.637714,21.352759,0.351910,0.804736,0.041836,0.000000,1.471804,0.380278,16.961151
1772465849.650676,21.365722,0.348648,0.770389,0.047296,0.000000,1.358591,0.376578,16.734218
1772465849.663337,21.378383,0.343878,0.733862,0.049860,0.000000,1.551464,0.371232,16.579420
1772465849.675125,21.390170,0.338883,0.723992,0.049797,0.000000,1.608493,0.365715,16.717569
1772465849.687892,21.402938,0.333168,0.703988,0.048194,0.000000,1.429319,0.359504,16.847941
1772465849.700750,21.415795,0.325976,0.663149,0.045977,0.000000,1.466205,0.351839,16.700220
1772465849.713134,21.428179,0.318598,0.650793,0.043773,0.000000,1.491764,0.344145,16.630190
1772465849.724979,21.440024,0.309998,0.606202,0.041482,0.000000,1.563193,0.335390,16.681289
1772465849.737737,21.452783,0.301756,0.606202,0.039175,0.000000,1.573405,0.327210,16.845832
1772465849.750368,21.465414,0.293701,0.600950,0.037107,0.000000,1.553900,0.319411,16.949332
1772465849.763759,21.478805,0.285032,0.566662,0.035433,0.000000,1.931557,0.311225,17.190318
1772465849.775110,21.490156,0.276667,0.563039,0.034164,0.000000,1.889909,0.303529,17.518208
1772465849.787957,21.503003,0.268408,0.551368,0.033489,0.000000,1.650047,0.296117,17.702487
1772465849.800423,21.515469,0.259673,0.513182,0.032971,0.000000,1.909447,0.288478,17.593029
1772465849.813534,21.528580,0.251377,0.515844,0.030427,0.000000,1.895969,0.281409,17.793253
1772465849.825176,21.540222,0.243441,0.515844,0.027872,0.000000,1.908289,0.274811,17.911239
1772465849.837701,21.552747,0.235789,0.512681,0.025566,0.000000,1.895439,0.268599,17.940736
1772465849.850878,21.565923,0.228480,0.512681,0.023634,0.000000,1.907098,0.262799,17.734534
1772465849.863827,21.578872,0.220836,0.477196,0.022056,0.000000,1.940007,0.256871,17.375033
1772465849.875337,21.590383,0.213636,0.482031,0.020740,0.000000,2.213589,0.251414,17.239003
1772465849.887491,21.602537,0.206645,0.474465,0.019626,0.000000,1.909368,0.246230,17.202813
1772465849.900471,21.615517,0.199654,0.454070,0.018644,0.000000,1.834748,0.241158,16.821497
1772465849.913245,21.628290,0.193280,0.471268,0.017945,0.000000,2.144751,0.236628,16.505479
1772465849.924926,21.639971,0.186846,0.447828,0.017647,0.000000,2.019002,0.232149,16.232699
1772465849.937589,21.652634,0.180663,0.442502,0.018194,0.000000,1.722154,0.227929,15.924346
1772465849.950340,21.665386,0.175025,0.456665,0.019490,0.000000,1.513399,0.224153,15.213125
1772465849.963145,21.678191,0.169358,0.433156,0.022425,0.000000,1.434831,0.220427,14.376326
1772465849.974738,21.689784,0.163951,0.427621,0.026333,0.000000,1.436236,0.216936,13.568767
1772465849.987881,21.702926,0.159159,0.444780,0.032026,0.000000,1.450414,0.213894,13.045143
1772465850.000799,21.715845,0.154540,0.435380,0.037158,0.000000,1.310587,0.211008,12.462096
1772465850.013555,21.728601,0.150940,0.478343,0.039976,0.000000,1.206411,0.208790,11.877199
1772465850.025190,21.740236,0.147566,0.480742,0.040032,0.000000,1.134340,0.206737,11.298741
1772465850.037530,21.752576,0.145506,0.535409,0.038904,0.000000,1.076615,0.205495,10.848610
1772465850.050207,21.765253,0.143805,0.547678,0.037188,0.000000,1.082628,0.204476,10.489780
1772465850.063087,21.778133,0.142145,0.547678,0.035410,0.000000,1.083208,0.203488,10.202571
1772465850.074934,21.789980,0.140870,0.561283,0.033784,0.000000,1.048363,0.202733,9.982176
1772465850.087503,21.802549,0.140740,0.601627,0.032443,0.000000,1.043926,0.202657,9.895382
1772465850.100695,21.815741,0.141010,0.615652,0.031297,0.000000,1.017808,0.202816,9.816179
1772465850.113455,21.828500,0.142058,0.640785,0.030499,0.000000,1.139565,0.203437,9.819385
1772465850.124947,21.839992,0.143040,0.640785,0.030078,0.000000,1.139154,0.204020,9.834583
1772465850.137564,21.852610,0.143976,0.640785,0.030181,0.000000,1.138763,0.204578,9.973343
1772465850.150739,21.865784,0.144893,0.640785,0.030984,0.000000,1.138380,0.205127,10.060724
1772465850.163740,21.878786,0.145187,0.621452,0.032861,0.000000,1.290321,0.205304,10.156259
1772465850.175196,21.890242,0.147099,0.665291,0.036039,0.000000,1.285746,0.206454,10.299835
1772465850.187872,21.902917,0.149470,0.675431,0.040397,0.000000,1.280806,0.207893,10.547565
1772465850.200813,21.915859,0.152474,0.687640,0.046818,0.000000,1.278285,0.209732,10.735483
1772465850.213695,21.928741,0.155690,0.687640,0.055475,0.000000,1.277114,0.211722,10.851590
1772465850.225385,21.940431,0.158618,0.671816,0.068289,0.000000,1.469234,0.213554,10.949430
1772465850.237807,21.952852,0.162222,0.672685,0.086439,0.000000,1.506113,0.215833,11.301148
1772465850.250676,21.965721,0.169950,0.730889,0.115396,0.000000,1.487517,0.220813,11.793862
1772465850.263857,21.978903,0.178705,0.731975,0.139838,0.000000,1.479569,0.226610,12.181604
1772465850.275185,21.990231,0.188239,0.729867,0.163170,0.000000,1.465183,0.233111,12.401449
1772465850.287533,22.002578,0.198450,0.727302,0.185298,0.000000,1.514565,0.240295,12.766757
1772465850.300481,22.015527,0.211004,0.745133,0.214356,0.000000,1.760242,0.249449,13.368775
1772465850.313392,22.028438,0.226255,0.786616,0.226210,0.000000,1.723154,0.261059,14.057206
1772465850.324819,22.039865,0.240541,0.780531,0.229046,0.000000,1.703901,0.272439,14.540058
1772465850.337807,22.052853,0.256010,0.810418,0.229657,0.000000,1.654836,0.285335,15.138205
1772465850.350985,22.066031,0.271985,0.835093,0.225784,0.000000,1.602790,0.299305,15.453387
1772465850.363724,22.078770,0.286314,0.830026,0.217041,0.000000,1.851763,0.312423,15.719670
1772465850.375373,22.090419,0.299261,0.830948,0.205350,0.000000,2.038551,0.324775,16.349474
1772465850.387915,22.102961,0.312693,0.861009,0.193644,0.000000,2.235980,0.338109,17.357133
1772465850.400817,22.115863,0.324796,0.861938,0.182040,0.000000,2.560684,0.350596,18.367277
1772465850.413976,22.129022,0.335696,0.862652,0.171672,0.000000,3.003511,0.362238,19.539054
1772465850.425273,22.140319,0.345500,0.862652,0.162798,0.000000,2.980751,0.373041,20.443749
1772465850.438074,22.153119,0.356128,0.888855,0.157810,0.000000,3.491534,0.385117,21.554297
1772465850.451251,22.166297,0.366006,0.889719,0.153395,0.000000,4.328439,0.396693,22.894938
1772465850.463725,22.178771,0.376527,0.911792,0.149837,0.000000,5.389247,0.409406,24.903699
1772465850.475715,22.190761,0.388031,0.941603,0.145013,0.000000,7.247688,0.423774,27.891980
1772465850.488230,22.203275,0.398210,0.932101,0.142025,0.000000,14.621929,0.436909,34.288957
1772465850.501200,22.216246,0.407300,0.933094,0.131461,0.000000,22.754779,0.448982,42.969105
1772465850.513521,22.228567,0.415222,0.933094,0.119808,0.000000,22.575418,0.459776,45.604610
1772465850.525065,22.240111,0.422174,0.933094,0.110487,0.000000,22.418026,0.469463,44.969502
1772465850.537839,22.252885,0.430096,0.938797,0.126258,0.000000,80.315787,0.480750,73.898444
1772465850.551421,22.266467,0.437255,0.941304,0.117750,0.000000,30.854423,0.491184,62.576793
1772465850.563609,22.278654,0.443342,0.941389,0.106024,0.000000,12.502163,0.500234,51.647077
1772465850.575213,22.290259,0.448164,0.936409,0.095492,0.000000,5.121727,0.507521,39.846525
1772465850.587828,22.302874,0.453180,0.952395,0.086514,0.000000,3.225536,0.515214,31.454569
1772465850.601447,22.316493,0.456329,0.934194,0.078734,0.000000,1.717606,0.520103,25.731915
1772465850.613958,22.329004,0.457986,0.920308,0.071270,0.000000,1.348006,0.522695,21.670866
1772465850.625120,22.340165,0.459141,0.920308,0.064545,0.000000,1.347208,0.524508,19.333146
1772465850.637755,22.352801,0.458813,0.903335,0.058614,0.000000,1.094612,0.523992,18.085984
1772465850.650882,22.365927,0.456963,0.883491,0.053452,0.000000,0.913819,0.521094,16.944131
1772465850.663761,22.378807,0.454279,0.872735,0.048902,0.000000,0.733778,0.516915,15.779947
1772465850.674698,22.389744,0.451862,0.878412,0.045428,0.000000,0.640804,0.513181,14.570384
1772465850.687706,22.402751,0.448019,0.853968,0.043876,0.000000,0.560543,0.507301,13.909489
1772465850.700812,22.415858,0.444402,0.853968,0.044441,0.000000,0.561709,0.501827,13.220208
1772465850.713468,22.428514,0.439698,0.828079,0.048392,0.000000,0.498726,0.494796,12.651106
1772465850.724876,22.439922,0.433977,0.801241,0.052841,0.000000,0.448795,0.486379,12.132116
1772465850.737574,22.452620,0.429826,0.821528,0.055505,0.000000,0.430635,0.480361,11.853367
1772465850.750866,22.465912,0.428162,0.851929,0.064099,0.000000,0.439488,0.477970,11.656511
1772465850.763527,22.478572,0.426479,0.826112,0.088199,0.000000,0.400775,0.475564,11.378690
1772465850.774832,22.489878,0.424595,0.799465,0.110065,0.000000,0.369915,0.472884,11.126677
1772465850.787596,22.502641,0.423437,0.799465,0.120634,0.000000,0.370167,0.471245,11.069541
1772465850.800928,22.515974,0.422659,0.799465,0.125986,0.000000,0.370337,0.470146,10.986204
1772465850.813653,22.528699,0.420571,0.772479,0.130366,0.000000,0.345996,0.467211,10.810636
1772465850.825025,22.540071,0.416652,0.738936,0.130365,0.000000,0.324154,0.461753,10.600747
1772465850.837642,22.552687,0.411264,0.712901,0.126026,0.000000,0.313575,0.454351,10.528916
1772465850.850737,22.565783,0.404870,0.695242,0.119211,0.000000,0.342478,0.445722,10.482435
1772465850.863453,22.578499,0.399051,0.706962,0.112505,0.000000,0.314667,0.438012,10.409296
1772465850.875361,22.590407,0.392965,0.701575,0.106871,0.000000,0.315468,0.430090,10.314751
1772465850.887985,22.603031,0.386632,0.696785,0.100523,0.000000,0.317191,0.422000,10.364497
1772465850.901037,22.616082,0.380272,0.696785,0.093441,0.000000,0.318302,0.414029,10.371016
1772465850.914154,22.629200,0.374723,0.713550,0.086800,0.000000,0.326100,0.407197,10.370788
1772465850.925386,22.640432,0.369153,0.713550,0.080691,0.000000,0.327055,0.400453,10.266379
1772465850.937980,22.653026,0.362826,0.696548,0.075780,0.000000,0.363278,0.392929,10.351354
1772465850.951371,22.666417,0.356590,0.695854,0.071522,0.000000,0.359183,0.385651,10.453739
1772465850.963674,22.678720,0.350348,0.691983,0.068324,0.000000,0.367440,0.378502,10.442084
1772465850.974840,22.689886,0.344332,0.691983,0.066399,0.000000,0.368300,0.371738,10.382759
1772465850.987939,22.702985,0.338444,0.688103,0.066335,0.000000,0.372629,0.365234,10.540620
1772465851.000819,22.715865,0.332373,0.675416,0.067954,0.000000,0.387037,0.358648,10.534267
1772465851.013470,22.728516,0.326235,0.665450,0.069111,0.000000,0.374679,0.352112,10.452557
1772465851.025418,22.740464,0.320932,0.675416,0.071648,0.000000,0.388524,0.346560,10.393896
1772465851.037888,22.752934,0.316001,0.675416,0.074139,0.000000,0.389169,0.341477,10.414944
1772465851.051193,22.766239,0.311423,0.675416,0.076588,0.000000,0.389770,0.336826,10.433709
1772465851.064015,22.779061,0.307219,0.675416,0.079918,0.000000,0.390323,0.332610,10.342230
1772465851.075361,22.790407,0.302593,0.656173,0.084457,0.000000,0.414370,0.328033,10.251802
1772465851.088060,22.803106,0.298565,0.660599,0.088616,0.000000,0.417355,0.324098,10.335278
1772465851.101581,22.816626,0.294923,0.656183,0.097292,0.000000,0.421490,0.320582,10.393913
1772465851.114211,22.829256,0.290765,0.629750,0.107398,0.000000,0.421885,0.316615,10.322971
1772465851.125165,22.840211,0.287655,0.629750,0.126950,0.000000,0.422152,0.313679,10.160280
1772465851.137563,22.852609,0.285453,0.614629,0.158777,0.000000,0.438114,0.311618,10.264859
1772465851.150297,22.865343,0.285241,0.613895,0.198416,0.000000,0.466908,0.311420,10.393548
1772465851.163488,22.878534,0.285659,0.599296,0.225129,0.000000,0.454701,0.311811,10.494480
1772465851.175251,22.890297,0.285378,0.563139,0.247989,0.000000,0.451611,0.311548,10.478191
1772465851.187874,22.902920,0.285892,0.563139,0.263258,0.000000,0.451559,0.312028,10.542910
1772465851.200680,22.915726,0.287268,0.563139,0.280020,0.000000,0.451418,0.313317,10.592769
1772465851.213321,22.928366,0.287608,0.526769,0.298078,0.000000,0.446689,0.313635,10.568765
1772465851.225142,22.940188,0.288796,0.526769,0.314496,0.000000,0.446549,0.314754,10.559142
1772465851.237766,22.952811,0.290706,0.525759,0.329869,0.000000,0.471374,0.316558,10.625047
1772465851.250757,22.965802,0.291109,0.487937,0.341442,0.000000,0.464197,0.316941,10.670080
1772465851.263353,22.978399,0.291866,0.487937,0.348522,0.000000,0.464105,0.317661,10.657900
1772465851.275345,22.990391,0.292765,0.485920,0.353913,0.000000,0.493186,0.318517,10.680530
1772465851.287408,23.002454,0.293612,0.485920,0.353773,0.000000,0.493088,0.319326,10.720624
1772465851.300251,23.015296,0.293616,0.472200,0.352294,0.000000,0.500879,0.319330,10.804545
1772465851.313689,23.028734,0.293274,0.472200,0.345578,0.000000,0.500928,0.319003,10.850314
1772465851.325210,23.040256,0.290845,0.436016,0.338559,0.000000,0.490641,0.316690,10.731772
1772465851.337687,23.052733,0.288289,0.436016,0.333147,0.000000,0.491099,0.314276,10.728500
1772465851.350816,23.065862,0.285319,0.425580,0.331498,0.000000,0.496733,0.311493,10.699943
1772465851.363363,23.078409,0.282744,0.435303,0.327335,0.000000,0.521749,0.309101,10.644291
1772465851.374725,23.089771,0.280195,0.435303,0.325019,0.000000,0.522231,0.306751,10.614396
1772465851.387357,23.102403,0.277788,0.435303,0.325347,0.000000,0.522687,0.304549,10.659684
1772465851.400255,23.115301,0.274948,0.416927,0.331084,0.000000,0.501579,0.301970,10.642597
1772465851.413029,23.128074,0.272462,0.416927,0.335977,0.000000,0.502193,0.299732,10.563898
1772465851.424830,23.139876,0.269057,0.386477,0.341689,0.000000,0.495813,0.296693,10.466674
1772465851.437519,23.152565,0.264997,0.358714,0.348490,0.000000,0.481620,0.293111,10.408965
1772465851.450284,23.165329,0.261066,0.355962,0.349294,0.000000,0.485794,0.289684,10.317650
1772465851.463540,23.178586,0.256988,0.355370,0.340681,0.000000,0.482282,0.286171,10.236897
1772465851.475738,23.190784,0.251873,0.333756,0.326588,0.000000,0.475544,0.281827,10.108796
1772465851.488351,23.203396,0.246476,0.333756,0.309641,0.000000,0.477854,0.277315,9.984666
1772465851.501219,23.216265,0.241000,0.337038,0.294796,0.000000,0.472538,0.272813,9.944883
1772465851.512745,23.227791,0.235404,0.337038,0.281144,0.000000,0.475018,0.268290,9.794154
1772465851.525173,23.240219,0.229511,0.325703,0.271111,0.000000,0.460943,0.263609,9.727426
1772465851.538032,23.253078,0.223885,0.335575,0.260163,0.000000,0.452308,0.259218,9.605023
1772465851.550515,23.265561,0.217927,0.323238,0.247608,0.000000,0.452878,0.254651,9.453204
1772465851.563577,23.278623,0.211732,0.312906,0.234013,0.000000,0.455096,0.249991,9.313607
1772465851.574834,23.289879,0.205285,0.299023,0.219968,0.000000,0.475331,0.245234,9.165236
1772465851.587571,23.302616,0.198899,0.299023,0.205797,0.000000,0.478564,0.240616,9.075960
1772465851.600251,23.315297,0.192858,0.313439,0.192842,0.000000,0.469938,0.236332,8.965931
1772465851.613056,23.328101,0.186702,0.300650,0.181177,0.000000,0.500287,0.232049,8.826410
1772465851.624901,23.339947,0.180586,0.294432,0.170294,0.000000,0.513547,0.227877,8.704814
1772465851.637622,23.352667,0.174548,0.287656,0.161431,0.000000,0.517956,0.223837,8.615967
1772465851.650824,23.365869,0.168706,0.287656,0.153744,0.000000,0.521051,0.220003,8.513426
1772465851.663532,23.378578,0.162805,0.268018,0.145996,0.000000,0.530967,0.216204,8.363904
1772465851.675232,23.390278,0.157133,0.268018,0.140389,0.000000,0.534055,0.212623,8.207215
1772465851.687807,23.402852,0.151647,0.262736,0.137207,0.000000,0.589956,0.209224,8.100348
1772465851.700743,23.415789,0.146345,0.253985,0.137827,0.000000,0.593030,0.206000,8.036001
1772465851.713487,23.428533,0.141354,0.253985,0.141991,0.000000,0.596030,0.203020,7.929012
1772465851.725382,23.440428,0.136723,0.253985,0.151679,0.000000,0.598815,0.200302,7.837268
1772465851.737808,23.452854,0.132354,0.240395,0.167988,0.000000,0.670836,0.197782,7.776026
1772465851.750970,23.466016,0.128399,0.240395,0.184010,0.000000,0.673501,0.195537,7.764408
1772465851.763329,23.478374,0.124727,0.227285,0.203756,0.000000,0.765955,0.193484,7.731444
1772465851.775034,23.490080,0.121520,0.234459,0.217329,0.000000,0.759521,0.191717,7.763629
1772465851.787503,23.502548,0.118508,0.226301,0.227864,0.000000,0.877728,0.190078,7.808125
1772465851.800328,23.515373,0.115696,0.221061,0.236581,0.000000,0.880503,0.188569,7.922300
1772465851.813535,23.528580,0.112960,0.208246,0.244867,0.000000,1.036184,0.187118,8.027510
1772465851.825050,23.540096,0.110285,0.200455,0.247287,0.000000,1.102423,0.185718,8.104514
1772465851.837542,23.552588,0.107557,0.189360,0.244649,0.000000,1.338448,0.184310,8.316243
1772465851.850392,23.565437,0.104797,0.184925,0.235906,0.000000,1.448842,0.182905,8.593101
1772465851.863550,23.578596,0.102031,0.184925,0.223990,0.000000,1.452698,0.181519,8.817961
1772465851.875025,23.590070,0.099156,0.171373,0.215424,0.000000,2.022052,0.180102,9.007092
1772465851.887482,23.602528,0.096297,0.171373,0.203083,0.000000,2.027592,0.178717,9.385669
1772465851.900311,23.615357,0.093391,0.161435,0.193173,0.000000,2.710695,0.177336,9.842660
1772465851.914046,23.629092,0.090480,0.154063,0.183607,0.000000,3.820208,0.175983,10.614181
1772465851.925466,23.640512,0.087562,0.145838,0.173007,0.000000,5.742231,0.174656,11.758843
1772465851.938035,23.653080,0.084662,0.140484,0.161350,0.000000,9.305750,0.173372,13.923357
1772465851.950566,23.665611,0.081814,0.140484,0.147820,0.000000,9.331570,0.172145,15.904967
1772465851.963546,23.678592,0.079032,0.142115,0.134703,0.000000,9.298146,0.170984,16.625329
1772465851.975031,23.690077,0.076336,0.145044,0.123055,0.000000,9.274412,0.169895,16.436828
1772465851.987708,23.702754,0.073681,0.137356,0.114946,0.000000,26.082864,0.168864,18.989948
1772465852.000541,23.715587,0.071083,0.134528,0.103991,0.000000,51.988321,0.167897,25.924373
1772465852.013321,23.728366,0.068563,0.134590,0.093811,0.000000,44.223717,0.167004,30.881226
1772465852.024892,23.739938,0.066171,0.144324,0.084652,0.000000,44.370305,0.166202,30.943181
1772465852.037636,23.752681,0.063827,0.137985,0.076209,0.000000,10.369256,0.165465,25.382832
1772465852.050595,23.765641,0.061623,0.150463,0.068619,0.000000,3.921046,0.164821,19.041116
1772465852.063240,23.778286,0.059493,0.149580,0.061805,0.000000,2.746111,0.164250,14.731383
1772465852.074945,23.789990,0.057409,0.142306,0.055683,0.000000,2.035718,0.163746,11.941149
1772465852.087695,23.802741,0.055409,0.143395,0.050184,0.000000,1.574131,0.163321,10.076671
1772465852.100644,23.815690,0.053583,0.164625,0.045247,0.000000,1.264915,0.162987,8.704740
1772465852.113387,23.828433,0.051967,0.193372,0.040820,0.000000,1.045417,0.162742,7.650833
1772465852.124799,23.839844,0.050583,0.224516,0.036856,0.000000,0.881823,0.162574,6.835640
1772465852.137517,23.852562,0.049398,0.248840,0.033343,0.000000,0.756091,0.162464,6.254344
1772465852.150426,23.865472,0.048491,0.282950,0.030265,0.000000,0.660017,0.162402,5.764129
1772465852.163615,23.878661,0.048214,0.351630,0.027644,0.000000,0.585270,0.162387,5.406897
1772465852.175086,23.890131,0.047924,0.350972,0.025587,0.000000,0.524877,0.162374,5.045793
1772465852.188078,23.903124,0.048000,0.384543,0.024274,0.000000,0.525167,0.162377,4.856019
1772465852.201022,23.916068,0.048049,0.382515,0.024256,0.000000,0.477669,0.162379,4.667913
1772465852.213474,23.928519,0.048482,0.411230,0.026448,0.000000,0.440830,0.162401,4.522101
1772465852.224880,23.939925,0.049318,0.435373,0.032085,0.000000,0.440677,0.162457,4.422176
1772465852.237489,23.952534,0.050307,0.438001,0.041832,0.000000,0.413433,0.162545,4.404618
1772465852.250595,23.965640,0.052356,0.488282,0.052156,0.000000,0.412409,0.162797,4.453644
1772465852.263843,23.978889,0.054433,0.485863,0.060735,0.000000,0.394505,0.163135,4.520159
1772465852.275032,23.990078,0.056968,0.503420,0.068290,0.000000,0.385629,0.163647,4.544529
1772465852.287570,24.002616,0.059490,0.501050,0.075448,0.000000,0.388287,0.164250,4.651178
1772465852.300887,24.015933,0.063024,0.536400,0.083705,0.000000,0.405185,0.165225,4.831830
1772465852.313542,24.028588,0.066306,0.528753,0.088665,0.000000,0.411338,0.166246,4.992432
1772465852.325080,24.040126,0.070284,0.554689,0.091861,0.000000,0.450632,0.167609,5.201357
1772465852.337996,24.053042,0.074569,0.572376,0.089917,0.000000,0.441010,0.169204,5.490010
1772465852.351285,24.066331,0.079706,0.605323,0.087736,0.000000,0.501560,0.171261,5.858023
1772465852.363616,24.078662,0.084040,0.593559,0.084173,0.000000,0.600226,0.173101,6.184615
1772465852.374817,24.089863,0.088209,0.599091,0.080081,0.000000,0.613984,0.174948,6.521358
1772465852.388011,24.103057,0.091802,0.592091,0.076367,0.000000,0.807494,0.176594,7.032897
1772465852.401222,24.116268,0.095596,0.607456,0.072111,0.000000,0.804080,0.178381,7.596163
1772465852.414248,24.129294,0.099176,0.610581,0.068293,0.000000,0.845585,0.180111,8.111006
1772465852.425198,24.140244,0.101712,0.588270,0.064647,0.000000,1.048509,0.181360,8.533682
1772465852.437658,24.152704,0.103685,0.577418,0.061467,0.000000,1.469325,0.182345,9.200113
1772465852.450882,24.165928,0.105154,0.566493,0.058680,0.000000,2.253770,0.183086,10.300471
1772465852.463678,24.178724,0.106483,0.566493,0.056387,0.000000,2.252201,0.183761,11.498251
1772465852.476067,24.191113,0.107804,0.569964,0.054926,0.000000,2.230582,0.184437,12.538071
1772465852.488028,24.203074,0.108386,0.545987,0.054449,0.000000,3.307359,0.184736,13.437578
1772465852.500969,24.216015,0.108870,0.543075,0.054778,0.000000,3.284314,0.184986,14.478016
1772465852.512935,24.227980,0.109352,0.543075,0.055579,0.000000,3.283232,0.185234,15.100077
1772465852.525827,24.240873,0.109737,0.538822,0.057055,0.000000,4.017007,0.185434,15.839595
1772465852.538148,24.253194,0.110148,0.539524,0.058106,0.000000,3.259666,0.185647,16.060256
1772465852.550741,24.265787,0.110388,0.525939,0.065807,0.000000,5.654332,0.185772,16.606190
1772465852.563408,24.278453,0.110833,0.514113,0.086042,0.000000,8.441306,0.186003,18.174259
1772465852.575008,24.290053,0.111805,0.501834,0.118465,0.000000,6.680469,0.186511,20.300491
1772465852.587687,24.302732,0.112669,0.501536,0.116637,0.000000,5.682058,0.186965,21.718241
1772465852.601014,24.316060,0.113318,0.501177,0.110842,0.000000,3.833143,0.187307,21.005642
1772465852.613678,24.328723,0.113865,0.506211,0.103259,0.000000,3.830244,0.187596,19.358646
1772465852.624901,24.339947,0.114184,0.506211,0.095761,0.000000,3.829025,0.187765,18.194994
1772465852.637689,24.352735,0.114338,0.507765,0.088507,0.000000,2.687438,0.187846,17.398689
1772465852.650831,24.365876,0.114349,0.507385,0.083634,0.000000,2.929083,0.187852,16.442442
1772465852.664101,24.379147,0.114234,0.506250,0.079757,0.000000,2.374194,0.187791,15.530310
1772465852.675510,24.390555,0.114183,0.504567,0.083731,0.000000,2.320722,0.187764,14.716372
1772465852.687542,24.402588,0.114510,0.510923,0.091979,0.000000,1.772555,0.187938,14.082667
1772465852.700923,24.415968,0.115800,0.530143,0.107318,0.000000,1.402861,0.188624,13.463350
1772465852.713520,24.428566,0.115945,0.488541,0.110473,0.000000,1.226365,0.188701,12.486176
1772465852.725098,24.440143,0.115557,0.470306,0.107818,0.000000,1.123401,0.188494,11.604476
1772465852.738159,24.453205,0.114458,0.443260,0.102629,0.000000,0.804734,0.187910,10.901422
1772465852.750753,24.465799,0.112474,0.400109,0.096771,0.000000,0.603784,0.186863,10.068324
1772465852.763555,24.478600,0.110214,0.383077,0.091021,0.000000,0.561439,0.185681,9.339265
1772465852.775235,24.490281,0.107428,0.344252,0.085080,0.000000,0.482583,0.184244,8.671533
1772465852.787700,24.502746,0.104639,0.338175,0.079756,0.000000,0.458383,0.182826,8.143418
1772465852.800875,24.515921,0.101810,0.327475,0.075274,0.000000,0.448257,0.181409,7.732470
1772465852.814283,24.529329,0.098948,0.315619,0.071383,0.000000,0.431554,0.180000,7.360722
1772465852.825514,24.540560,0.096100,0.305817,0.068646,0.000000,0.422675,0.178622,6.938132
1772465852.837932,24.552977,0.093362,0.304663,0.066635,0.000000,0.420333,0.177323,6.710116
1772465852.850446,24.565492,0.090758,0.304663,0.066336,0.000000,0.420790,0.176111,6.473260
1772465852.863664,24.578710,0.088349,0.309808,0.067558,0.000000,0.414377,0.175011,6.329693
1772465852.874886,24.589932,0.085796,0.280613,0.069221,0.000000,0.405769,0.173870,6.058077
1772465852.887454,24.602499,0.083384,0.280379,0.070910,0.000000,0.421533,0.172817,5.926061
1772465852.900607,24.615652,0.081068,0.280379,0.068102,0.000000,0.422004,0.171830,5.828845
1772465852.912957,24.628003,0.078830,0.280201,0.064032,0.000000,0.445181,0.170901,5.654295
1772465852.924940,24.639985,0.076568,0.268205,0.059902,0.000000,0.476107,0.169987,5.557957
1772465852.938052,24.653098,0.074240,0.248985,0.055941,0.000000,0.462834,0.169078,5.471218
1772465852.951061,24.666107,0.071902,0.234271,0.052397,0.000000,0.497390,0.168197,5.404538
1772465852.963451,24.678497,0.069589,0.223333,0.049161,0.000000,0.544812,0.167362,5.293278
1772465852.974985,24.690031,0.067296,0.210076,0.046543,0.000000,0.544913,0.166574,5.207369
1772465852.987718,24.702764,0.065114,0.211420,0.044482,0.000000,0.607908,0.165864,5.200090
1772465853.000700,24.715746,0.062976,0.201360,0.043088,0.000000,0.612264,0.165211,5.176561
1772465853.013155,24.728201,0.060895,0.192391,0.042519,0.000000,0.691488,0.164620,5.157758
1772465853.024917,24.739963,0.058933,0.195207,0.042681,0.000000,0.794017,0.164109,5.160665
1772465853.037506,24.752552,0.057102,0.200391,0.043661,0.000000,0.793749,0.163677,5.206499
1772465853.050345,24.765391,0.055374,0.200391,0.045750,0.000000,0.794567,0.163314,5.253115
1772465853.062985,24.778031,0.053830,0.214078,0.048940,0.000000,0.926299,0.163029,5.281242
1772465853.074704,24.789749,0.052384,0.212149,0.054365,0.000000,0.937467,0.162801,5.306053
1772465853.087531,24.802576,0.051137,0.225157,0.061416,0.000000,0.928522,0.162637,5.352676
1772465853.100327,24.815373,0.050097,0.236238,0.070724,0.000000,1.112526,0.162525,5.410311
1772465853.112999,24.828045,0.049185,0.236238,0.080972,0.000000,1.112916,0.162447,5.469146
1772465853.124896,24.839942,0.048406,0.236238,0.091994,0.000000,1.113249,0.162397,5.509389
1772465853.137623,24.852669,0.047764,0.236238,0.103791,0.000000,1.113524,0.162368,5.581356
1772465853.150165,24.865211,0.047267,0.236238,0.116492,0.000000,1.113736,0.162352,5.598275
1772465853.162907,24.877953,0.046801,0.223039,0.130383,0.000000,1.129111,0.162344,5.590701
1772465853.174757,24.889803,0.046187,0.210505,0.123293,0.000000,1.150553,0.162344,5.567925
1772465853.187436,24.902481,0.045391,0.192868,0.113657,0.000000,1.429077,0.162360,5.593695
1772465853.200207,24.915252,0.044619,0.200541,0.104012,0.000000,1.478054,0.162396,5.684932
1772465853.212952,24.927998,0.043729,0.186633,0.095003,0.000000,1.908780,0.162463,5.831012
1772465853.224882,24.939928,0.042830,0.186633,0.086739,0.000000,1.909780,0.162561,6.051901
1772465853.237303,24.952349,0.042009,0.199177,0.079346,0.000000,2.442446,0.162679,6.335496
1772465853.250102,24.965147,0.041299,0.216751,0.072424,0.000000,2.344416,0.162804,6.657981
1772465853.263186,24.978231,0.040724,0.237183,0.066219,0.000000,2.347881,0.162923,6.855134
1772465853.274884,24.989930,0.040138,0.237183,0.060689,0.000000,2.348510,0.163060,6.937416
1772465853.287496,25.002541,0.039686,0.256404,0.055783,0.000000,2.977488,0.163178,7.078415
1772465853.300509,25.015555,0.039225,0.256404,0.051548,0.000000,2.978050,0.163310,7.266210
1772465853.312835,25.027881,0.038761,0.256404,0.047989,0.000000,2.978615,0.163454,7.358259
1772465853.324646,25.039692,0.038300,0.256404,0.045133,0.000000,2.979176,0.163610,7.447753
1772465853.337884,25.052930,0.037846,0.256404,0.043040,0.000000,2.979728,0.163776,7.512465
1772465853.350332,25.065378,0.037407,0.256404,0.041818,0.000000,2.980263,0.163949,7.492929
1772465853.363220,25.078266,0.036988,0.256404,0.041632,0.000000,2.980773,0.164126,7.441614
1772465853.374694,25.089740,0.036599,0.256404,0.042729,0.000000,2.981248,0.164302,7.372213
1772465853.387713,25.102759,0.036247,0.256404,0.045458,0.000000,2.981675,0.164469,7.401471
1772465853.400360,25.115406,0.035948,0.256404,0.050204,0.000000,2.982039,0.164619,7.367219
1772465853.413516,25.128561,0.035723,0.256404,0.057993,0.000000,2.982314,0.164736,7.360914
1772465853.425029,25.140074,0.035631,0.261350,0.068664,0.000000,2.285460,0.164785,7.210428
1772465853.437971,25.153017,0.035718,0.264274,0.085925,0.000000,2.193576,0.164739,7.041629
1772465853.450529,25.165575,0.036205,0.276460,0.114650,0.000000,2.149808,0.164490,6.889713
1772465853.463408,25.178454,0.037542,0.304666,0.155213,0.000000,2.118437,0.163895,6.823412
1772465853.476253,25.191299,0.039613,0.304666,0.204075,0.000000,2.117319,0.163198,6.879008
1772465853.488779,25.203825,0.042601,0.304666,0.254477,0.000000,2.115706,0.162591,7.032111
1772465853.500847,25.215893,0.046658,0.304666,0.303823,0.000000,2.113516,0.162343,7.285712
1772465853.513466,25.228512,0.051926,0.304666,0.351574,0.000000,2.110673,0.162737,7.702851
1772465853.525326,25.240371,0.058554,0.304666,0.398081,0.000000,2.107097,0.164016,8.117204
1772465853.537493,25.252539,0.066689,0.304666,0.443651,0.000000,2.102709,0.166372,8.669367
1772465853.550294,25.265339,0.076439,0.304666,0.487906,0.000000,2.097451,0.169936,9.312391
1772465853.563220,25.278266,0.087773,0.304666,0.528838,0.000000,2.091341,0.174752,9.948170
1772465853.574660,25.289706,0.100400,0.304666,0.562957,0.000000,2.084536,0.180712,10.555954
1772465853.587896,25.302942,0.114082,0.311513,0.585504,0.000000,1.647607,0.187711,11.199991
1772465853.600223,25.315269,0.127003,0.311513,0.584186,0.000000,1.642888,0.194753,11.379095
1772465853.613365,25.328411,0.138685,0.311513,0.573968,0.000000,1.638624,0.201448,11.623783
1772465853.624771,25.339817,0.149247,0.311513,0.564617,0.000000,1.634771,0.207757,11.716675
1772465853.637572,25.352617,0.159656,0.327538,0.555157,0.000000,1.614219,0.214207,12.076832
1772465853.650553,25.365598,0.170678,0.336366,0.565790,0.000000,1.312843,0.221289,12.273651
1772465853.663287,25.378333,0.181977,0.336366,0.579762,0.000000,1.310370,0.228819,12.250346
1772465853.675385,25.390431,0.193660,0.336366,0.595484,0.000000,1.307815,0.236896,12.307989
1772465853.687922,25.402968,0.205151,0.344971,0.593330,0.000000,1.088347,0.245136,12.363880
1772465853.700733,25.415779,0.214687,0.344971,0.570490,0.000000,1.086938,0.252203,12.252551
1772465853.713203,25.428249,0.222334,0.344971,0.546549,0.000000,1.085809,0.258022,12.185933
1772465853.724835,25.439881,0.228590,0.344971,0.528975,0.000000,1.084886,0.262885,12.109622
1772465853.737753,25.452799,0.234395,0.353237,0.518279,0.000000,0.921457,0.267482,12.159828
1772465853.750664,25.465709,0.239381,0.361075,0.500988,0.000000,0.795533,0.271496,11.897734
1772465853.763884,25.478929,0.242529,0.361075,0.471706,0.000000,0.795307,0.274063,11.562220
1772465853.775347,25.490393,0.244089,0.361075,0.443761,0.000000,0.795194,0.275344,11.235884
1772465853.787875,25.502921,0.244539,0.368423,0.415125,0.000000,0.696647,0.275714,11.057888
1772465853.801321,25.516366,0.244004,0.375253,0.387398,0.000000,0.618051,0.275273,10.815610
1772465853.813931,25.528977,0.241359,0.353134,0.358305,0.000000,0.619165,0.273106,10.404003
1772465853.825355,25.540401,0.237898,0.355047,0.330848,0.000000,0.638967,0.270296,10.098620
1772465853.838260,25.553306,0.233568,0.355047,0.300071,0.000000,0.639245,0.266823,9.990775
1772465853.851079,25.566125,0.228896,0.365686,0.271448,0.000000,0.589583,0.263125,9.800852
1772465853.864201,25.579247,0.223711,0.365686,0.245493,0.000000,0.589847,0.259084,9.646592
1772465853.875246,25.590291,0.218448,0.376455,0.222102,0.000000,0.546937,0.255047,9.343906
1772465853.888025,25.603070,0.212312,0.349787,0.201116,0.000000,0.553188,0.250424,9.217908
1772465853.900939,25.615985,0.206242,0.357023,0.182471,0.000000,0.502953,0.245935,8.975451
1772465853.914128,25.629174,0.200199,0.359747,0.165976,0.000000,0.516373,0.241549,8.777585
1772465853.925440,25.640485,0.194184,0.359747,0.151511,0.000000,0.516730,0.237266,8.510526
1772465853.937806,25.652852,0.188247,0.359747,0.139023,0.000000,0.517083,0.233116,8.382200
1772465853.951200,25.666245,0.182124,0.340562,0.128837,0.000000,0.481805,0.228919,8.252010
1772465853.963618,25.678663,0.176226,0.343212,0.120733,0.000000,0.493374,0.224951,8.060901
1772465853.974974,25.690020,0.170537,0.343212,0.114994,0.000000,0.493853,0.221196,7.873182
1772465853.987681,25.702726,0.165201,0.350260,0.112620,0.000000,0.457669,0.217738,7.782229
1772465854.000587,25.715633,0.160191,0.353123,0.113642,0.000000,0.467350,0.214545,7.647956
1772465854.013614,25.728660,0.155525,0.353123,0.119720,0.000000,0.467751,0.211620,7.510720
1772465854.024986,25.740031,0.151309,0.353123,0.133178,0.000000,0.468113,0.209016,7.348522
1772465854.038364,25.753410,0.147808,0.353123,0.161883,0.000000,0.468414,0.206883,7.351925
1772465854.051265,25.766310,0.145567,0.363388,0.203736,0.000000,0.446032,0.205531,7.272024
1772465854.063812,25.778858,0.144662,0.363388,0.251891,0.000000,0.446115,0.204988,7.212872
1772465854.074991,25.790036,0.145766,0.373982,0.304261,0.000000,0.427981,0.205651,7.225323
1772465854.087720,25.802765,0.149217,0.384873,0.355858,0.000000,0.414055,0.207739,7.378515
1772465854.100789,25.815835,0.154938,0.396021,0.398556,0.000000,0.404385,0.211255,7.516147
1772465854.113544,25.828589,0.162397,0.407375,0.427065,0.000000,0.399287,0.215944,7.688811
1772465854.124827,25.839873,0.171747,0.427768,0.447896,0.000000,0.410119,0.221990,7.873841
1772465854.137960,25.853006,0.181273,0.439553,0.447336,0.000000,0.427310,0.228341,8.232883
1772465854.151279,25.866324,0.190187,0.449072,0.435467,0.000000,0.468219,0.234464,8.613832
1772465854.163969,25.879014,0.197523,0.451206,0.413373,0.000000,0.453546,0.239633,8.931056
1772465854.175303,25.890349,0.203694,0.454341,0.395763,0.000000,0.520842,0.244075,9.289535
1772465854.187935,25.902981,0.209525,0.464971,0.384576,0.000000,0.626202,0.248352,9.869531
1772465854.201196,25.916242,0.214221,0.462854,0.370944,0.000000,0.772627,0.251852,10.611785
1772465854.214175,25.929220,0.218458,0.475470,0.354091,0.000000,1.035980,0.255055,11.490199
1772465854.225462,25.940508,0.222778,0.499488,0.335658,0.000000,1.972977,0.258364,13.108284
1772465854.238108,25.953154,0.225838,0.505345,0.309694,0.000000,2.570643,0.260734,15.891462
1772465854.251254,25.966300,0.227188,0.501093,0.282196,0.000000,2.069896,0.261787,18.414285
1772465854.263973,25.979018,0.227735,0.508253,0.259143,0.000000,2.557529,0.262215,19.585536
1772465854.275232,25.990278,0.227793,0.517152,0.239954,0.000000,2.905792,0.262261,20.229537
1772465854.287888,26.002933,0.227197,0.520921,0.221085,0.000000,2.748653,0.261794,20.919519
1772465854.301153,26.016199,0.226175,0.528426,0.202666,0.000000,2.447302,0.260997,21.071983
1772465854.314000,26.029046,0.224500,0.526824,0.186640,0.000000,2.511147,0.259695,20.662294
1772465854.325222,26.040267,0.222432,0.529476,0.171483,0.000000,2.408625,0.258098,20.130211
1772465854.338516,26.053561,0.219783,0.525202,0.156883,0.000000,2.079703,0.256065,19.743982
1772465854.350501,26.065547,0.216706,0.521808,0.143930,0.000000,2.305515,0.253726,18.808007
1772465854.363697,26.078742,0.213084,0.512169,0.131757,0.000000,1.956024,0.251000,18.182713
1772465854.374839,26.089885,0.209028,0.501512,0.121756,0.000000,1.916546,0.247984,17.358542
1772465854.387908,26.102954,0.204620,0.489354,0.113778,0.000000,1.599555,0.244749,16.835637
1772465854.401021,26.116067,0.200005,0.476970,0.109608,0.000000,1.498473,0.241410,16.000328
1772465854.414520,26.129565,0.195237,0.463164,0.107488,0.000000,1.443046,0.238010,15.322343
1772465854.424702,26.139748,0.190320,0.448222,0.105351,0.000000,1.432919,0.234556,14.505472
1772465854.437715,26.152760,0.185257,0.432430,0.102542,0.000000,1.470947,0.231056,14.524728
1772465854.450840,26.165885,0.180226,0.424487,0.099292,0.000000,1.573553,0.227633,14.460411
1772465854.463638,26.178683,0.175107,0.408179,0.097458,0.000000,1.696428,0.224208,14.335308
1772465854.475171,26.190217,0.170059,0.400289,0.094754,0.000000,1.827586,0.220884,14.190370
1772465854.488364,26.203410,0.164948,0.383667,0.092252,0.000000,2.078931,0.217575,14.655564
1772465854.500988,26.216033,0.159908,0.374943,0.089007,0.000000,2.200812,0.214366,14.764103
1772465854.512611,26.227657,0.154851,0.358458,0.086854,0.000000,2.619389,0.211201,14.988017
1772465854.525801,26.240846,0.149798,0.342315,0.084194,0.000000,3.185762,0.208092,15.529645
1772465854.538018,26.253064,0.144771,0.326674,0.081295,0.000000,3.902001,0.205054,16.070859
1772465854.550296,26.265341,0.139778,0.311618,0.077001,0.000000,4.711977,0.202090,16.999358
1772465854.563137,26.278183,0.134904,0.304285,0.071705,0.000000,5.616837,0.199248,17.987102
1772465854.575462,26.290508,0.130151,0.297410,0.066216,0.000000,5.416466,0.196528,18.453721
1772465854.587842,26.302888,0.125470,0.283767,0.061738,0.000000,5.960389,0.193897,18.510220
1772465854.600307,26.315353,0.120884,0.271467,0.057588,0.000000,5.586551,0.191369,18.367103
1772465854.613022,26.328068,0.116494,0.271467,0.053509,0.000000,5.610622,0.188995,18.175824
1772465854.625217,26.340263,0.112205,0.259904,0.049732,0.000000,5.100195,0.186721,17.693765
1772465854.637824,26.352870,0.108104,0.259904,0.046174,0.000000,5.120274,0.184591,17.076324
1772465854.650952,26.365998,0.104185,0.259904,0.042982,0.000000,5.139463,0.182597,16.487720
1772465854.663363,26.378409,0.100375,0.248724,0.041795,0.000000,7.161858,0.180700,16.497930
1772465854.675317,26.390363,0.096716,0.245742,0.038789,0.000000,4.755541,0.178918,16.418638
1772465854.687922,26.402967,0.093115,0.226782,0.037916,0.000000,4.089897,0.177207,15.565440
1772465854.700701,26.415747,0.089660,0.221145,0.037892,0.000000,3.424154,0.175607,14.552778
1772465854.713424,26.428470,0.086384,0.221145,0.038986,0.000000,3.434538,0.174131,13.743114
1772465854.725233,26.440279,0.083196,0.207935,0.038870,0.000000,2.963648,0.172736,13.035735
1772465854.737926,26.452972,0.080127,0.201054,0.038465,0.000000,2.419356,0.171437,12.344985
1772465854.750465,26.465510,0.077186,0.196045,0.038434,0.000000,2.293425,0.170234,11.592886
1772465854.763009,26.478055,0.074388,0.194656,0.039088,0.000000,2.196425,0.169134,10.971541
1772465854.774757,26.489803,0.071722,0.195613,0.036778,0.000000,2.015750,0.168131,10.425710
1772465854.787707,26.502753,0.069160,0.192607,0.033777,0.000000,1.764436,0.167211,9.954490
1772465854.800394,26.515440,0.066737,0.197775,0.030976,0.000000,1.518626,0.166388,9.392124
1772465854.813067,26.528112,0.064419,0.196925,0.028443,0.000000,1.325727,0.165647,8.789272
1772465854.824789,26.539835,0.062192,0.193965,0.026412,0.000000,1.400186,0.164983,8.277025
1772465854.837675,26.552721,0.060090,0.198697,0.024619,0.000000,1.120447,0.164405,7.879425
1772465854.850345,26.565391,0.058070,0.195141,0.023211,0.000000,0.948713,0.163900,7.428122
1772465854.863263,26.578309,0.056161,0.197712,0.022714,0.000000,0.923316,0.163473,6.985752
1772465854.874686,26.589731,0.054401,0.208332,0.023015,0.000000,0.795485,0.163130,6.573946
1772465854.887933,26.602978,0.052790,0.216071,0.026610,0.000000,0.805188,0.162861,6.293384
1772465854.900467,26.615513,0.051276,0.212474,0.033364,0.000000,0.786552,0.162653,6.000913
1772465854.913676,26.628722,0.049921,0.218777,0.041576,0.000000,0.748328,0.162508,5.785413
1772465854.925304,26.640349,0.048718,0.224676,0.049562,0.000000,0.782620,0.162415,5.595984
1772465854.937958,26.653004,0.047634,0.228270,0.055093,0.000000,0.985692,0.162363,5.531996
1772465854.950870,26.665916,0.046748,0.242164,0.062029,0.000000,0.942883,0.162344,5.542606
1772465854.963346,26.678392,0.046007,0.249136,0.068569,0.000000,1.021541,0.162346,5.572980
1772465854.975235,26.690280,0.045414,0.255673,0.075805,0.000000,1.142564,0.162359,5.642579
1772465854.988033,26.703079,0.045098,0.276676,0.083014,0.000000,1.265130,0.162371,5.809719
1772465855.000965,26.716011,0.044799,0.268570,0.091117,0.000000,1.241539,0.162386,5.977310
1772465855.013966,26.729012,0.044765,0.285526,0.099300,0.000000,1.492688,0.162388,6.149912
1772465855.025252,26.740298,0.045082,0.304880,0.110913,0.000000,1.869121,0.162372,6.380432
1772465855.037941,26.752986,0.045772,0.316986,0.128710,0.000000,2.348586,0.162350,6.850322
1772465855.051048,26.766094,0.047163,0.342709,0.150684,0.000000,3.215264,0.162350,7.560127
1772465855.063936,26.778981,0.049185,0.362015,0.169348,0.000000,4.422887,0.162447,8.609593
1772465855.075375,26.790421,0.051918,0.384511,0.184436,0.000000,7.480427,0.162736,10.239634
1772465855.087915,26.802960,0.054949,0.402697,0.184284,0.000000,10.712150,0.163231,12.760329
1772465855.100842,26.815888,0.057648,0.402126,0.177552,0.000000,8.877638,0.163801,14.701827
1772465855.114080,26.829126,0.060652,0.422531,0.174655,0.000000,26.040266,0.164555,17.913316
1772465855.125170,26.840216,0.064448,0.472848,0.158335,0.000000,17.660675,0.165656,20.087869
1772465855.137873,26.852919,0.068814,0.511751,0.144081,0.000000,4.853529,0.167091,21.690934
1772465855.150666,26.865711,0.073361,0.534276,0.133710,0.000000,3.241980,0.168742,20.147596
1772465855.163993,26.879039,0.078961,0.577288,0.126628,0.000000,1.485071,0.170955,17.518785
1772465855.175372,26.890418,0.084734,0.591327,0.124352,0.000000,1.364712,0.173403,15.157818
1772465855.188204,26.903250,0.091169,0.620820,0.118318,0.000000,0.940471,0.176300,13.509737
1772465855.201151,26.916196,0.097467,0.631547,0.111966,0.000000,0.642134,0.179281,12.199809
1772465855.214079,26.929125,0.103554,0.634018,0.111909,0.000000,0.575533,0.182279,11.095757
1772465855.224900,26.939945,0.109792,0.625466,0.130979,0.000000,0.558850,0.185463,10.193850
1772465855.237917,26.952962,0.119196,0.636613,0.191897,0.000000,0.576749,0.190451,9.873486
1772465855.250975,26.966021,0.129366,0.608206,0.243408,0.000000,0.564588,0.196083,9.665571
1772465855.263565,26.978611,0.138178,0.589241,0.246617,0.000000,0.579491,0.201151,9.432032
1772465855.275260,26.990306,0.144915,0.568583,0.235442,0.000000,0.601972,0.205140,9.247100
1772465855.287948,27.002994,0.149504,0.545851,0.219979,0.000000,0.635741,0.207913,9.211002
1772465855.300804,27.015850,0.153213,0.546725,0.204407,0.000000,0.630211,0.210187,9.214315
1772465855.313954,27.029000,0.156126,0.546725,0.190055,0.000000,0.628372,0.211994,9.239723
1772465855.325217,27.040263,0.156599,0.499989,0.176580,0.000000,0.725748,0.212289,9.127077
1772465855.337766,27.052811,0.156616,0.499989,0.163757,0.000000,0.725736,0.212299,9.215572
1772465855.350976,27.066021,0.155484,0.474843,0.151899,0.000000,0.800743,0.211594,9.299361
1772465855.363649,27.078695,0.152787,0.423457,0.140509,0.000000,1.020285,0.209924,9.401722
1772465855.374937,27.089983,0.149539,0.402374,0.129539,0.000000,1.132906,0.207934,9.538305
1772465855.387623,27.102669,0.145807,0.378155,0.119093,0.000000,1.315186,0.205676,9.949673
1772465855.400779,27.115824,0.142172,0.382511,0.109500,0.000000,1.264223,0.203504,10.272228
1772465855.413705,27.128751,0.138284,0.363996,0.100847,0.000000,1.404077,0.201213,10.416113
1772465855.425102,27.140147,0.133975,0.326945,0.092827,0.000000,1.775080,0.198712,10.577593
1772465855.437753,27.152798,0.129439,0.295612,0.085150,0.000000,2.148430,0.196124,11.040214
1772465855.450782,27.165828,0.124949,0.284566,0.077891,0.000000,2.253890,0.193607,11.595950
1772465855.463397,27.178442,0.120593,0.281584,0.071187,0.000000,2.396793,0.191210,12.008433
1772465855.475375,27.190420,0.116384,0.279783,0.065116,0.000000,2.447044,0.188936,12.303264
1772465855.488409,27.203454,0.112223,0.265634,0.059793,0.000000,2.453870,0.186730,12.487965
1772465855.501222,27.216268,0.108238,0.266486,0.055028,0.000000,2.453146,0.184660,12.349534
1772465855.513192,27.228238,0.104347,0.256676,0.050874,0.000000,2.304759,0.182678,12.178982
1772465855.525743,27.240788,0.100825,0.283005,0.047137,0.000000,2.078325,0.180921,12.057459
1772465855.538333,27.253379,0.097417,0.278377,0.043964,0.000000,1.827054,0.179256,11.692722
1772465855.550860,27.265906,0.094128,0.274521,0.041168,0.000000,1.705656,0.177684,11.214561
1772465855.563782,27.278828,0.091005,0.277222,0.038718,0.000000,1.530410,0.176224,10.714432
1772465855.575015,27.290061,0.088184,0.298042,0.036214,0.000000,1.275765,0.174937,10.123912
1772465855.588048,27.303094,0.085326,0.278569,0.033105,0.000000,1.338745,0.173663,9.734282
1772465855.601269,27.316314,0.082806,0.306079,0.030156,0.000000,1.179386,0.172569,9.363948
1772465855.613459,27.328505,0.080551,0.324499,0.027616,0.000000,1.239980,0.171613,8.970324
1772465855.624926,27.339972,0.078553,0.341786,0.025653,0.000000,1.377504,0.170788,8.786160
1772465855.637763,27.352809,0.076919,0.368522,0.024493,0.000000,1.546207,0.170128,8.879540
1772465855.650827,27.365873,0.075604,0.388255,0.025421,0.000000,1.726583,0.169607,9.078298
1772465855.663838,27.378884,0.074445,0.391018,0.030108,0.000000,1.735125,0.169157,9.352181
1772465855.674988,27.390034,0.073569,0.398592,0.039921,0.000000,1.931743,0.168821,9.648369
1772465855.687719,27.402764,0.073126,0.409634,0.056143,0.000000,2.234437,0.168654,10.184801
1772465855.700804,27.415850,0.073317,0.430045,0.073041,0.000000,2.775087,0.168726,10.772140
1772465855.713853,27.428898,0.074032,0.446169,0.085215,0.000000,3.613438,0.168998,11.494635
1772465855.724979,27.440025,0.075163,0.462257,0.090756,0.000000,5.606707,0.169435,12.582705
1772465855.737807,27.452852,0.076650,0.475709,0.095515,0.000000,9.627088,0.170020,14.988963
1772465855.750949,27.465995,0.078046,0.475709,0.094777,0.000000,9.617037,0.170581,17.331727
1772465855.763578,27.478624,0.079800,0.489216,0.098969,0.000000,17.326507,0.171301,19.662306
1772465855.775398,27.490443,0.082045,0.500692,0.109561,0.000000,22.294040,0.172243,22.848673
1772465855.788056,27.503102,0.084680,0.523897,0.104188,0.000000,8.967110,0.173380,24.097462
1772465855.800739,27.515785,0.086947,0.521839,0.097995,0.000000,8.873710,0.174381,22.069633
1772465855.813523,27.528569,0.090040,0.561760,0.089455,0.000000,3.835482,0.175781,19.600605
1772465855.824987,27.540033,0.093182,0.575217,0.082327,0.000000,2.630921,0.177238,17.084303
1772465855.837776,27.552822,0.096781,0.599298,0.076635,0.000000,1.492925,0.178949,15.179296
1772465855.850849,27.565895,0.100697,0.608423,0.081603,0.000000,1.481780,0.180858,13.620495
1772465855.863712,27.578758,0.104826,0.618891,0.082260,0.000000,1.220882,0.182920,12.503143
1772465855.874942,27.589988,0.108939,0.627406,0.078777,0.000000,1.042498,0.185021,11.669584
1772465855.893508,27.608554,0.112682,0.627406,0.074442,0.000000,1.039588,0.186972,11.283284
1772465855.900884,27.615929,0.117999,0.676349,0.069365,0.000000,0.786899,0.189804,10.783634
1772465855.913027,27.628073,0.123336,0.687917,0.064425,0.000000,0.750175,0.192714,10.490529
1772465855.925469,27.640515,0.128505,0.695041,0.059578,0.000000,0.737573,0.195597,10.214854
1772465855.939119,27.654165,0.133696,0.706009,0.054938,0.000000,0.748061,0.198552,10.082788
1772465855.950388,27.665433,0.140110,0.742135,0.050725,0.000000,0.741867,0.202285,9.832136
1772465855.963078,27.678124,0.145275,0.726449,0.046731,0.000000,0.945748,0.205356,9.906160
1772465855.975471,27.690516,0.149573,0.716436,0.043297,0.000000,1.032878,0.207955,9.999209
1772465855.987573,27.702619,0.153038,0.705088,0.040469,0.000000,1.137891,0.210079,10.234824
1772465856.001545,27.716590,0.155717,0.692595,0.038303,0.000000,1.263631,0.211739,10.721428
1772465856.012652,27.727698,0.158206,0.692595,0.036955,0.000000,1.260642,0.213295,10.799964
1772465856.024654,27.739699,0.160016,0.679153,0.036535,0.000000,1.409964,0.214435,11.171092
1772465856.037711,27.752757,0.163817,0.728020,0.037073,0.000000,1.403925,0.216850,11.609402
1772465856.050375,27.765420,0.169215,0.763128,0.039744,0.000000,1.572922,0.220334,11.972886
1772465856.064058,27.779103,0.174670,0.763128,0.046293,0.000000,1.565050,0.223917,12.342664
1772465856.075292,27.790338,0.179857,0.753521,0.056012,0.000000,1.708590,0.227385,12.562349
1772465856.087914,27.802960,0.184863,0.742816,0.068273,0.000000,1.865567,0.230786,13.054726
1772465856.100376,27.815421,0.189482,0.726387,0.081983,0.000000,2.057270,0.233973,13.583096
1772465856.112814,27.827860,0.193404,0.704975,0.093979,0.000000,2.255820,0.236716,14.110109
1772465856.125783,27.840829,0.195486,0.678568,0.085435,0.000000,2.381644,0.238186,14.697954
1772465856.137921,27.852966,0.196727,0.669801,0.077411,0.000000,2.359428,0.239067,15.170366
1772465856.150726,27.865771,0.196154,0.633400,0.070379,0.000000,1.996741,0.238659,15.240040
1772465856.163187,27.878233,0.194769,0.615915,0.064763,0.000000,1.780632,0.237678,14.791696
1772465856.175870,27.890916,0.193205,0.611600,0.061921,0.000000,1.578413,0.236576,14.232297
1772465856.189256,27.904302,0.190451,0.567561,0.066225,0.000000,1.216939,0.234647,13.467385
1772465856.200527,27.915573,0.188447,0.582182,0.071485,0.000000,1.225950,0.233255,12.606979
1772465856.212948,27.927994,0.186300,0.568534,0.077413,0.000000,1.085058,0.231773,12.061792
1772465856.225769,27.940815,0.186139,0.618882,0.081999,0.000000,0.936097,0.231662,11.613886
1772465856.238271,27.953317,0.185768,0.605588,0.089398,0.000000,0.834444,0.231407,11.099334
1772465856.250735,27.965780,0.184860,0.583548,0.095918,0.000000,0.824588,0.230784,10.681679
1772465856.263120,27.978166,0.184751,0.596735,0.103599,0.000000,0.814716,0.230709,10.386749
1772465856.275710,27.990755,0.184938,0.596735,0.111289,0.000000,0.814604,0.230837,10.234393
1772465856.288069,28.003115,0.185395,0.596735,0.118536,0.000000,0.814330,0.231151,10.112852
1772465856.301689,28.016734,0.186135,0.596735,0.126234,0.000000,0.813888,0.231659,10.158816
1772465856.312905,28.027951,0.188666,0.630153,0.135756,0.000000,0.720803,0.233407,10.038256
1772465856.325675,28.040721,0.192733,0.644912,0.156165,0.000000,0.808013,0.236244,10.139408
1772465856.338141,28.053187,0.194785,0.579771,0.182795,0.000000,0.724549,0.237690,10.124548
1772465856.350480,28.065526,0.201373,0.644912,0.210318,0.000000,0.802846,0.242394,10.289161
1772465856.363108,28.078154,0.209374,0.644912,0.241223,0.000000,0.798063,0.248240,10.500196
1772465856.375427,28.090473,0.218808,0.644912,0.272375,0.000000,0.792428,0.255322,10.741109
1772465856.387904,28.102950,0.229698,0.644912,0.304097,0.000000,0.785928,0.263756,10.999886
1772465856.401968,28.117014,0.242099,0.644912,0.337253,0.000000,0.778533,0.273711,11.337178
1772465856.412848,28.127894,0.255338,0.626581,0.378913,0.000000,0.693133,0.284762,11.353677
1772465856.425538,28.140583,0.270203,0.626581,0.415701,0.000000,0.685612,0.297713,11.592092
1772465856.437962,28.153008,0.285196,0.619217,0.437194,0.000000,0.658238,0.311378,11.724506
1772465856.450839,28.165884,0.300371,0.619217,0.452498,0.000000,0.650770,0.325856,11.869737
1772465856.463008,28.178053,0.316353,0.626581,0.471335,0.000000,0.662345,0.341837,11.997589
1772465856.475682,28.190728,0.333936,0.634224,0.505619,0.000000,0.711390,0.360332,12.314077
1772465856.488126,28.203171,0.353323,0.641725,0.548842,0.000000,0.722557,0.381893,12.704330
1772465856.500597,28.215642,0.371989,0.634224,0.561305,0.000000,0.689161,0.403873,13.022132
1772465856.513031,28.228077,0.392729,0.687074,0.574066,0.000000,0.673532,0.429786,13.320796
1772465856.525458,28.240504,0.413304,0.694620,0.587958,0.000000,0.683209,0.457139,13.561276
1772465856.538045,28.253091,0.434897,0.746040,0.593393,0.000000,0.669204,0.487722,13.775953
1772465856.550503,28.265549,0.455119,0.738656,0.592007,0.000000,0.636188,0.518219,13.924720
1772465856.562970,28.278016,0.474441,0.746040,0.587946,0.000000,0.645807,0.549140,14.025155
1772465856.576108,28.291154,0.492596,0.746040,0.581949,0.000000,0.635101,0.579872,14.145991
1772465856.587914,28.302959,0.511236,0.794469,0.577710,0.000000,0.624704,0.613219,14.239585
1772465856.600447,28.315493,0.528375,0.787625,0.565662,0.000000,0.607035,0.645569,14.339173
1772465856.613335,28.328381,0.544855,0.806759,0.552976,0.000000,0.676308,0.678287,14.510574
1772465856.625859,28.340904,0.560169,0.806759,0.541942,0.000000,0.665400,0.710172,14.733927
1772465856.637829,28.352875,0.574259,0.806759,0.527823,0.000000,0.655381,0.740832,14.896529
1772465856.650958,28.366003,0.587268,0.806759,0.516714,0.000000,0.646144,0.770314,15.058785
1772465856.662997,28.378043,0.600181,0.825482,0.514535,0.000000,0.727660,0.800741,15.220499
1772465856.675820,28.390865,0.612521,0.843658,0.498539,0.000000,0.829314,0.830936,15.693725
1772465856.688905,28.403950,0.622901,0.837605,0.465840,0.000000,0.791451,0.857219,16.169140
1772465856.702933,28.417979,0.631649,0.837605,0.437002,0.000000,0.782280,0.880014,16.368775
1772465856.713988,28.429033,0.640023,0.855332,0.420824,0.000000,0.904223,0.902399,16.600954
1772465856.725997,28.441043,0.648598,0.888464,0.403531,0.000000,1.259130,0.925915,17.518949
1772465856.739085,28.454131,0.655401,0.888464,0.370133,0.000000,1.244990,0.945004,18.848795
1772465856.752229,28.467275,0.661204,0.903666,0.339664,0.000000,1.468150,0.961601,19.989260
1772465856.764143,28.479188,0.666070,0.917833,0.311072,0.000000,1.705943,0.975739,20.969182
1772465856.775845,28.490890,0.669683,0.924169,0.283301,0.000000,1.660702,0.986374,21.942295
1772465856.789105,28.504151,0.672484,0.936307,0.258269,0.000000,1.771871,0.994696,22.623233
1772465856.800625,28.515671,0.674117,0.938915,0.235474,0.000000,2.026011,0.999582,23.147583
1772465856.813476,28.528522,0.675133,0.949807,0.214383,0.000000,1.997271,1.002633,23.712533
1772465856.826195,28.541241,0.673754,0.926280,0.195386,0.000000,1.821252,0.998495,23.583227
1772465856.838847,28.553893,0.672154,0.937828,0.178755,0.000000,1.558476,0.993711,22.881617
1772465856.851644,28.566689,0.670310,0.946858,0.164139,0.000000,1.327662,0.988232,21.970849
1772465856.863617,28.578663,0.668166,0.952599,0.151629,0.000000,1.105530,0.981894,20.819410
1772465856.876600,28.591646,0.665721,0.956468,0.140828,0.000000,0.898993,0.974720,19.660627
1772465856.887908,28.602954,0.663228,0.961699,0.132699,0.000000,0.743660,0.967456,18.205045
1772465856.900253,28.615299,0.660934,0.964839,0.130819,0.000000,0.622219,0.960821,17.120199
1772465856.912662,28.627708,0.660535,0.964839,0.161568,0.000000,0.622765,0.959671,16.260481
1772465856.925094,28.640140,0.662174,0.965745,0.197405,0.000000,0.524328,0.964404,15.657285
1772465856.937981,28.653026,0.664014,0.949497,0.218975,0.000000,0.448374,0.969740,15.049341
1772465856.950141,28.665187,0.665316,0.946194,0.213891,0.000000,0.401440,0.973537,14.406688
1772465856.962696,28.677742,0.665869,0.942413,0.205013,0.000000,0.361565,0.975152,13.885216
1772465856.975857,28.690903,0.665324,0.934951,0.193246,0.000000,0.335201,0.973560,13.478251
1772465856.988315,28.703361,0.663773,0.928011,0.182130,0.000000,0.307475,0.969040,13.032721
1772465857.001080,28.716126,0.660947,0.916454,0.170697,0.000000,0.294289,0.960858,12.727093
1772465857.013111,28.728157,0.657466,0.913802,0.160096,0.000000,0.303959,0.950878,12.514057
1772465857.025386,28.740432,0.653082,0.903091,0.153100,0.000000,0.287939,0.938453,12.408575
1772465857.038078,28.753124,0.647454,0.884345,0.148144,0.000000,0.266632,0.922742,12.339485
1772465857.050786,28.765831,0.641163,0.871870,0.145442,0.000000,0.259286,0.905490,12.266720
1772465857.063369,28.778414,0.632985,0.839176,0.142896,0.000000,0.263427,0.883546,12.150218
1772465857.075158,28.790204,0.623792,0.820274,0.138893,0.000000,0.279644,0.859514,12.105707
1772465857.087673,28.802719,0.613626,0.800742,0.135090,0.000000,0.304975,0.833697,12.344051
1772465857.100374,28.815420,0.603819,0.800742,0.132638,0.000000,0.308808,0.809527,12.666757
1772465857.112832,28.827878,0.593299,0.780873,0.132525,0.000000,0.347726,0.784377,12.978833
1772465857.124958,28.840004,0.582373,0.762416,0.135232,0.000000,0.382823,0.759085,13.347061
1772465857.138127,28.853173,0.571043,0.742826,0.138429,0.000000,0.464021,0.733720,13.894175
1772465857.151086,28.866131,0.558485,0.706091,0.143047,0.000000,0.651461,0.706594,14.728630
1772465857.163113,28.878159,0.545656,0.688083,0.144263,0.000000,0.880705,0.679917,15.954739
1772465857.175539,28.890584,0.532121,0.662036,0.144049,0.000000,1.178579,0.652865,17.855985
1772465857.188119,28.903165,0.518901,0.645766,0.152981,0.000000,1.756846,0.627481,20.113902
1772465857.201210,28.916256,0.506566,0.630385,0.172928,0.000000,2.067915,0.604689,22.643837
1772465857.213111,28.928157,0.495192,0.614228,0.195961,0.000000,2.039507,0.584406,24.076218
1772465857.225423,28.940469,0.483580,0.592306,0.201560,0.000000,1.489968,0.564401,24.007986
1772465857.238524,28.953569,0.472408,0.592306,0.198640,0.000000,1.508745,0.545801,23.301566
1772465857.251027,28.966073,0.460463,0.569488,0.192790,0.000000,1.013141,0.526592,22.175060
1772465857.263322,28.978368,0.449183,0.564648,0.199148,0.000000,0.869097,0.509074,20.562764
1772465857.275237,28.990282,0.438547,0.564648,0.200927,0.000000,0.876687,0.493092,19.356242
1772465857.288597,29.003643,0.427410,0.537550,0.204383,0.000000,0.813463,0.476893,18.510509
1772465857.301224,29.016269,0.416125,0.526009,0.198864,0.000000,0.721557,0.461023,17.563965
1772465857.313141,29.028187,0.405203,0.532176,0.187671,0.000000,0.714791,0.446168,16.682966
1772465857.325005,29.040051,0.393849,0.516620,0.177557,0.000000,0.731114,0.431233,16.032538
1772465857.338782,29.053828,0.382850,0.519233,0.169075,0.000000,0.763023,0.417242,15.721849
1772465857.351213,29.066259,0.372185,0.519573,0.162644,0.000000,0.803123,0.404110,15.231286
1772465857.363688,29.078734,0.362304,0.531896,0.157398,0.000000,0.958929,0.392315,15.079062
1772465857.375349,29.090394,0.353170,0.542747,0.153473,0.000000,1.066550,0.381718,15.026141
1772465857.388657,29.103703,0.344507,0.545047,0.151568,0.000000,1.176652,0.371933,15.352914
1772465857.401025,29.116070,0.336585,0.556264,0.148570,0.000000,1.319676,0.363205,15.590997
1772465857.412765,29.127811,0.329629,0.569828,0.149721,0.000000,1.447153,0.355711,15.685556
1772465857.425023,29.140069,0.323735,0.582473,0.154660,0.000000,1.613245,0.349484,16.280470
1772465857.438094,29.153140,0.319022,0.596109,0.161627,0.000000,1.779201,0.344582,16.795838
1772465857.450734,29.165780,0.316396,0.623665,0.173857,0.000000,2.255684,0.341882,17.432792
1772465857.463199,29.178245,0.316583,0.655342,0.194025,0.000000,2.441828,0.342074,18.304610
1772465857.475092,29.190138,0.318707,0.673223,0.210890,0.000000,2.268801,0.344258,19.029762
1772465857.488213,29.203259,0.322632,0.691453,0.225122,0.000000,2.026511,0.348330,19.216722
1772465857.501392,29.216438,0.325438,0.654064,0.246962,0.000000,1.895709,0.351271,18.783806
1772465857.513087,29.228132,0.329743,0.693578,0.234904,0.000000,1.448100,0.355833,17.890766
1772465857.525551,29.240596,0.334596,0.713785,0.227237,0.000000,1.199059,0.361046,16.979975
1772465857.538336,29.253382,0.341432,0.750267,0.226762,0.000000,0.885339,0.368520,15.978928
1772465857.551075,29.266121,0.346727,0.719994,0.237716,0.000000,0.748058,0.374416,14.935507
1772465857.563453,29.278498,0.353245,0.736385,0.245260,0.000000,0.662640,0.381803,14.111687
1772465857.575304,29.290350,0.360153,0.745795,0.247325,0.000000,0.600918,0.389792,13.375211
1772465857.588122,29.303167,0.367240,0.758486,0.243041,0.000000,0.539740,0.398164,12.966753
1772465857.600765,29.315811,0.374694,0.774682,0.238376,0.000000,0.467087,0.407162,12.593242
1772465857.613174,29.328220,0.381691,0.782014,0.229700,0.000000,0.403714,0.415794,12.180954
1772465857.624605,29.339651,0.387890,0.786255,0.218273,0.000000,0.359025,0.423595,11.777116
1772465857.638323,29.353368,0.392589,0.779606,0.205884,0.000000,0.345174,0.429605,11.562770
1772465857.650926,29.365972,0.396021,0.775707,0.193220,0.000000,0.325321,0.434050,11.324894
1772465857.663199,29.378245,0.398658,0.779038,0.179823,0.000000,0.305374,0.437496,11.111556
1772465857.675029,29.390075,0.400395,0.779561,0.166841,0.000000,0.293290,0.439781,10.979524
1772465857.688185,29.403230,0.400376,0.763775,0.155149,0.000000,0.301327,0.439756,10.955761
1772465857.700809,29.415854,0.399713,0.763775,0.144328,0.000000,0.301526,0.438882,10.983966
1772465857.713417,29.428463,0.396990,0.736491,0.135509,0.000000,0.353211,0.435312,11.044669
1772465857.725018,29.440064,0.393936,0.736491,0.127210,0.000000,0.354169,0.431345,11.247253
1772465857.738320,29.453365,0.389485,0.714569,0.120622,0.000000,0.416932,0.425626,11.597818
1772465857.750683,29.465729,0.384192,0.699120,0.115575,0.000000,0.487785,0.418924,12.026651
1772465857.762789,29.477835,0.378090,0.681692,0.111347,0.000000,0.593075,0.411329,12.489139
1772465857.774843,29.489889,0.371209,0.662568,0.107402,0.000000,0.751676,0.402929,13.259377
1772465857.788020,29.503065,0.362097,0.603262,0.105390,0.000000,1.717741,0.392071,15.111440
1772465857.800854,29.515900,0.352733,0.589392,0.100242,0.000000,2.436989,0.381218,18.327898
1772465857.813287,29.528333,0.342758,0.563674,0.094416,0.000000,4.409268,0.369987,22.737906
1772465857.825034,29.540080,0.332425,0.541498,0.088885,0.000000,10.344177,0.358704,30.407147
1772465857.838277,29.553323,0.321600,0.510350,0.083355,0.000000,31.597688,0.347255,48.410122
1772465857.850857,29.565902,0.310023,0.458853,0.078561,0.000000,8.878871,0.335416,47.807740
1772465857.863341,29.578386,0.298341,0.430446,0.071037,0.000000,4.154267,0.323881,40.142945
1772465857.874820,29.589865,0.286340,0.379644,0.063992,0.000000,1.486815,0.312447,32.107068
1772465857.888440,29.603486,0.274936,0.385740,0.057728,0.000000,1.711131,0.301960,25.582713
1772465857.900766,29.615811,0.263677,0.357905,0.052147,0.000000,1.188515,0.291955,21.124032
1772465857.913409,29.628454,0.252502,0.318122,0.047241,0.000000,0.674951,0.282357,17.955400
1772465857.924811,29.639856,0.241681,0.297811,0.045120,0.000000,0.634607,0.273369,15.506688
1772465857.938673,29.653719,0.231472,0.285594,0.065356,0.000000,0.574865,0.265157,13.825486
1772465857.950757,29.665802,0.221658,0.274788,0.062973,0.000000,0.531099,0.257502,12.426480
1772465857.963425,29.678471,0.212174,0.259196,0.058745,0.000000,0.498893,0.250320,11.404287
1772465857.974650,29.689696,0.203066,0.250600,0.054305,0.000000,0.476563,0.243619,10.613294
1772465857.988069,29.703115,0.194333,0.243381,0.050164,0.000000,0.462345,0.237371,10.088240
1772465858.000526,29.715572,0.185913,0.228544,0.046291,0.000000,0.452473,0.231507,9.569002
1772465858.012872,29.727917,0.177874,0.225403,0.042928,0.000000,0.458815,0.226052,9.107095
1772465858.024773,29.739819,0.170209,0.223591,0.040147,0.000000,0.470495,0.220982,8.743113
1772465858.038428,29.753473,0.162913,0.223316,0.038124,0.000000,0.483799,0.216273,8.522214
1772465858.050777,29.765823,0.155975,0.223316,0.036931,0.000000,0.486878,0.211900,8.264829
1772465858.062963,29.778008,0.149362,0.219960,0.036480,0.000000,0.518578,0.207827,8.048436
1772465858.074754,29.789799,0.143097,0.222060,0.037344,0.000000,0.549429,0.204054,7.885472
1772465858.088123,29.803169,0.137153,0.221610,0.039152,0.000000,0.599777,0.200553,7.835937
1772465858.100489,29.815535,0.131542,0.224072,0.042653,0.000000,0.650847,0.197318,7.768992
1772465858.113049,29.828094,0.126255,0.226646,0.047206,0.000000,0.731359,0.194335,7.705905
1772465858.124868,29.839914,0.121351,0.239179,0.052682,0.000000,0.917921,0.191624,7.759361
1772465858.138094,29.853140,0.116738,0.239179,0.059254,0.000000,0.920924,0.189126,7.942145
1772465858.150551,29.865597,0.112511,0.255281,0.064120,0.000000,1.280104,0.186882,8.149758
1772465858.163124,29.878170,0.108646,0.267560,0.070227,0.000000,1.431820,0.184870,8.444255
1772465858.175131,29.890177,0.105268,0.293664,0.076302,0.000000,2.086150,0.183143,8.954205
1772465858.188502,29.903548,0.102283,0.309453,0.082192,0.000000,2.551671,0.181644,9.804019
1772465858.201079,29.916125,0.099717,0.327362,0.087822,0.000000,3.116516,0.180376,10.707078
1772465858.213534,29.928579,0.097610,0.346291,0.094614,0.000000,3.754473,0.179350,11.629886
1772465858.225072,29.940117,0.095957,0.365275,0.099990,0.000000,3.769312,0.178554,12.436400
1772465858.238512,29.953557,0.094773,0.383291,0.106282,0.000000,4.207332,0.177990,12.981621
1772465858.250986,29.966032,0.094175,0.406905,0.112157,0.000000,3.995395,0.177706,13.243513
1772465858.263616,29.978662,0.093305,0.388655,0.113939,0.000000,3.309616,0.177296,13.252523
1772465858.274848,29.989894,0.092843,0.412159,0.110161,0.000000,2.912864,0.177079,12.877033
1772465858.288503,30.003548,0.093474,0.468019,0.104399,0.000000,2.336465,0.177376,12.391848
1772465858.300922,30.015967,0.093614,0.452082,0.100060,0.000000,2.036198,0.177442,11.515045
1772465858.313270,30.028316,0.095204,0.515555,0.096006,0.000000,1.761522,0.178194,10.837276
1772465858.324956,30.040002,0.095717,0.475600,0.096804,0.000000,1.763201,0.178439,10.288206
1772465858.338356,30.053402,0.096833,0.499081,0.098702,0.000000,1.525242,0.178975,10.034117
1772465858.350609,30.065655,0.099306,0.544585,0.102631,0.000000,1.153734,0.180175,9.672664
1772465858.363705,30.078750,0.103342,0.583942,0.112820,0.000000,1.144903,0.182173,9.396287
1772465858.375215,30.090261,0.107373,0.565908,0.136151,0.000000,1.010110,0.184216,9.134216
1772465858.388585,30.103631,0.113134,0.586328,0.163530,0.000000,0.889223,0.187210,9.104322
1772465858.400850,30.115895,0.119960,0.586328,0.193595,0.000000,0.886723,0.190866,9.018865
1772465858.413208,30.128253,0.128821,0.604154,0.223681,0.000000,0.788814,0.195775,9.055441
1772465858.425170,30.140216,0.139707,0.619869,0.253284,0.000000,0.707099,0.202048,9.171820
1772465858.438449,30.153495,0.152047,0.624225,0.283363,0.000000,0.659910,0.209469,9.347385
1772465858.451056,30.166102,0.168026,0.662244,0.315045,0.000000,0.599246,0.219562,9.545051
1772465858.463185,30.178231,0.183366,0.643021,0.336821,0.000000,0.554323,0.229763,9.630043
1772465858.475220,30.190265,0.199282,0.648398,0.352941,0.000000,0.515400,0.240891,9.803417
1772465858.488484,30.203529,0.215022,0.650997,0.360276,0.000000,0.484882,0.252455,10.017685
1772465858.501007,30.216052,0.229439,0.646591,0.356097,0.000000,0.486489,0.263552,10.155057
1772465858.513108,30.228154,0.242864,0.645637,0.352718,0.000000,0.463963,0.274337,10.269294
1772465858.525975,30.241021,0.253043,0.611423,0.345573,0.000000,0.491713,0.282815,10.440189
1772465858.538693,30.253738,0.261343,0.594973,0.339679,0.000000,0.481380,0.289923,10.627303
1772465858.551842,30.266887,0.268251,0.581388,0.337110,0.000000,0.481730,0.295978,10.855802
1772465858.563603,30.278649,0.274165,0.577030,0.330583,0.000000,0.491328,0.301264,10.958426
1772465858.575700,30.290745,0.277746,0.548648,0.323827,0.000000,0.522612,0.304510,11.233858
1772465858.588640,30.303686,0.280537,0.548648,0.312934,0.000000,0.521873,0.307065,11.505759
1772465858.601232,30.316278,0.282667,0.545964,0.306161,0.000000,0.584860,0.309030,11.810696
1772465858.613423,30.328468,0.283489,0.531292,0.298384,0.000000,0.709449,0.309791,12.193645
1772465858.625296,30.340342,0.283089,0.524175,0.282442,0.000000,0.715362,0.309420,12.722820
1772465858.638572,30.353617,0.281994,0.521569,0.270477,0.000000,0.844068,0.308408,13.362509
1772465858.651121,30.366167,0.280223,0.523331,0.253261,0.000000,0.819241,0.306776,13.786425
1772465858.663302,30.378348,0.277563,0.517205,0.237771,0.000000,0.825853,0.304344,14.011476
1772465858.675184,30.390229,0.274819,0.523331,0.226650,0.000000,0.822179,0.301854,14.181923
1772465858.688737,30.403783,0.270820,0.493628,0.222593,0.000000,1.059594,0.298263,14.474985
1772465858.701102,30.416148,0.266953,0.488220,0.226255,0.000000,1.402827,0.294830,14.911522
1772465858.713305,30.428350,0.262650,0.476882,0.221061,0.000000,1.880414,0.291059,15.890705
1772465858.725346,30.440392,0.257655,0.462212,0.210214,0.000000,2.368194,0.286742,17.407714
1772465858.738283,30.453329,0.252399,0.462212,0.194807,0.000000,2.377090,0.282270,19.090946
1772465858.750896,30.465942,0.246536,0.449298,0.179465,0.000000,2.618889,0.277365,20.051555
1772465858.763107,30.478153,0.240170,0.435392,0.164619,0.000000,2.474992,0.272137,20.197345
1772465858.774804,30.489849,0.233408,0.420653,0.150613,0.000000,2.117156,0.266695,19.968221
1772465858.788160,30.503206,0.226748,0.420653,0.140363,0.000000,2.127269,0.261443,19.731862
1772465858.800834,30.515880,0.220147,0.420653,0.127917,0.000000,2.137306,0.256343,19.251814
1772465858.813350,30.528395,0.213331,0.405253,0.116444,0.000000,1.753371,0.251185,18.394111
1772465858.824822,30.539868,0.206398,0.389570,0.107057,0.000000,1.377101,0.246049,17.290094
1772465858.838237,30.553283,0.199478,0.372761,0.103637,0.000000,1.115314,0.241031,16.234059
1772465858.851063,30.566109,0.193077,0.364155,0.122934,0.000000,0.900597,0.236486,14.950979
1772465858.863467,30.578512,0.186674,0.347953,0.118913,0.000000,0.766361,0.232030,13.638659
1772465858.874804,30.589850,0.180507,0.349235,0.111981,0.000000,0.813924,0.227824,12.731422
1772465858.888307,30.603353,0.174116,0.318748,0.103414,0.000000,0.597350,0.223551,12.090127
1772465858.900737,30.615782,0.167950,0.318748,0.095627,0.000000,0.600295,0.219512,11.313479
1772465858.913377,30.628423,0.162043,0.321103,0.089256,0.000000,0.638690,0.215719,10.667780
1772465858.924781,30.639827,0.156292,0.314387,0.083814,0.000000,0.553060,0.212097,10.110814
1772465858.938175,30.653220,0.150620,0.299775,0.078970,0.000000,0.531296,0.208594,9.761999
1772465858.950759,30.665804,0.145195,0.299775,0.075432,0.000000,0.533758,0.205308,9.363943
1772465858.963056,30.678101,0.139882,0.285862,0.072807,0.000000,0.524647,0.202151,8.929262
1772465858.974855,30.689901,0.134823,0.285862,0.071754,0.000000,0.526980,0.199202,8.621640
1772465858.988251,30.703297,0.129900,0.272784,0.071710,0.000000,0.528433,0.196385,8.426488
1772465859.000812,30.715858,0.125036,0.250222,0.071904,0.000000,0.547476,0.193656,8.187149
1772465859.013578,30.728624,0.120537,0.262795,0.074101,0.000000,0.542315,0.191179,7.957477
1772465859.024877,30.739923,0.116108,0.241368,0.076560,0.000000,0.570819,0.188789,7.724240
1772465859.038264,30.753309,0.111930,0.241368,0.080185,0.000000,0.573066,0.186577,7.649725
1772465859.050837,30.765883,0.107921,0.231824,0.084723,0.000000,0.602924,0.184497,7.521666
1772465859.063344,30.778389,0.104173,0.234318,0.089826,0.000000,0.624330,0.182591,7.370502
1772465859.074766,30.789812,0.100792,0.244534,0.101085,0.000000,0.614281,0.180905,7.246627
1772465859.088933,30.803978,0.097893,0.255576,0.122985,0.000000,0.607044,0.179486,7.322871
1772465859.101446,30.816492,0.095483,0.250196,0.159646,0.000000,0.592063,0.178327,7.159458
1772465859.113849,30.828895,0.093649,0.252681,0.192766,0.000000,0.597580,0.177458,7.019481
1772465859.125032,30.840078,0.092126,0.241799,0.218900,0.000000,0.604289,0.176744,6.911754
1772465859.138373,30.853419,0.091135,0.241799,0.247855,0.000000,0.604851,0.176285,6.964269
1772465859.150403,30.865449,0.090408,0.223486,0.278577,0.000000,0.650520,0.175949,6.937848
1772465859.162879,30.877924,0.090300,0.223486,0.309501,0.000000,0.650586,0.175900,6.977478
1772465859.174757,30.889802,0.090943,0.225482,0.341971,0.000000,0.689511,0.176196,7.040331
1772465859.187908,30.902954,0.092189,0.225482,0.368108,0.000000,0.688695,0.176774,7.188771
1772465859.200329,30.915375,0.093637,0.214198,0.389460,0.000000,0.725323,0.177452,7.292837
1772465859.213108,30.928154,0.095628,0.223700,0.402169,0.000000,0.716543,0.178397,7.420498
1772465859.225140,30.940185,0.097555,0.218121,0.408969,0.000000,0.787132,0.179323,7.515594
1772465859.238326,30.953372,0.099336,0.216556,0.408804,0.000000,0.892756,0.180190,7.706307
1772465859.250912,30.965958,0.100790,0.213715,0.403277,0.000000,1.003527,0.180904,7.917341
1772465859.263346,30.978391,0.101866,0.212167,0.393694,0.000000,1.139131,0.181437,8.155452
1772465859.275048,30.990094,0.102675,0.215214,0.382558,0.000000,1.344033,0.181840,8.487383
1772465859.288129,31.003174,0.103053,0.213501,0.368820,0.000000,1.396850,0.182029,8.899476
1772465859.301068,31.016114,0.103323,0.216382,0.362316,0.000000,1.450888,0.182164,9.277414
1772465859.313097,31.028143,0.103701,0.220367,0.363266,0.000000,1.734818,0.182353,9.586109
1772465859.324711,31.039757,0.104179,0.222905,0.365541,0.000000,1.980994,0.182594,9.991281
1772465859.338278,31.053324,0.104805,0.229022,0.366147,0.000000,1.975991,0.182909,10.524033
1772465859.350727,31.065773,0.105170,0.224290,0.361818,0.000000,2.044596,0.183094,10.787459
1772465859.363041,31.078086,0.105530,0.223091,0.363553,0.000000,2.495599,0.183276,11.084544
1772465859.374915,31.089960,0.105998,0.223708,0.367966,0.000000,2.719164,0.183514,11.507327
1772465859.388041,31.103087,0.106602,0.219144,0.378682,0.000000,3.016886,0.183821,12.038203
1772465859.400959,31.116005,0.107450,0.211248,0.396948,0.000000,2.999497,0.184255,12.463487
1772465859.413257,31.128303,0.108752,0.218029,0.407860,0.000000,3.507774,0.184924,12.834874
1772465859.424913,31.139959,0.110397,0.218029,0.421667,0.000000,3.503410,0.185777,13.279136
1772465859.437971,31.153016,0.112892,0.215526,0.453263,0.000000,3.887941,0.187082,13.886930
1772465859.450752,31.165797,0.116758,0.218077,0.492186,0.000000,3.988982,0.189136,14.463049
1772465859.463367,31.178413,0.122093,0.221804,0.529068,0.000000,3.799779,0.192030,15.040920
1772465859.475048,31.190094,0.127867,0.216940,0.549857,0.000000,3.615119,0.195238,15.541670
1772465859.488295,31.203341,0.134864,0.221099,0.577759,0.000000,3.173009,0.199225,15.895705
1772465859.500776,31.215822,0.142442,0.226408,0.591030,0.000000,2.688980,0.203665,15.660469
1772465859.513671,31.228717,0.149074,0.219582,0.586611,0.000000,2.204777,0.207651,15.036654
1772465859.525797,31.240843,0.156457,0.224933,0.602495,0.000000,1.830768,0.212201,14.505234
1772465859.538138,31.253184,0.164371,0.228452,0.615925,0.000000,1.704472,0.217205,14.062844
1772465859.550782,31.265827,0.171711,0.228452,0.612624,0.000000,1.695866,0.221966,13.781309
1772465859.563069,31.278115,0.178226,0.227284,0.605158,0.000000,1.529419,0.226288,13.496464
1772465859.575440,31.290486,0.184305,0.222592,0.607779,0.000000,1.416643,0.230405,13.309621
1772465859.587785,31.302831,0.191258,0.223087,0.629241,0.000000,1.177519,0.235211,13.117439
1772465859.600595,31.315641,0.197821,0.230497,0.621051,0.000000,1.002524,0.239846,12.793952
1772465859.612978,31.328024,0.204127,0.230497,0.622363,0.000000,0.997824,0.244390,12.403289
1772465859.624752,31.339798,0.210136,0.228675,0.624507,0.000000,0.937422,0.248804,12.189735
1772465859.637923,31.352969,0.214895,0.228675,0.606915,0.000000,0.933707,0.252359,12.122068
1772465859.650394,31.365440,0.218361,0.228675,0.586584,0.000000,0.931003,0.254981,12.033403
1772465859.663289,31.378334,0.220825,0.228675,0.570014,0.000000,0.929080,0.256863,11.971922
1772465859.674727,31.389773,0.222605,0.222964,0.564096,0.000000,0.971939,0.258230,11.978685
1772465859.688485,31.403530,0.223046,0.222964,0.536978,0.000000,0.971534,0.258570,12.179311
1772465859.700837,31.415883,0.222566,0.233642,0.505515,0.000000,0.857931,0.258201,12.127841
1772465859.712765,31.427810,0.221061,0.235708,0.477477,0.000000,0.866484,0.257044,11.994986
1772465859.724578,31.439624,0.218268,0.231047,0.444929,0.000000,0.751142,0.254910,11.799327
1772465859.738021,31.453067,0.214979,0.240293,0.416663,0.000000,0.673908,0.252422,11.634536
1772465859.750571,31.465616,0.210899,0.229693,0.396048,0.000000,0.677104,0.249371,11.262237
1772465859.762753,31.477799,0.206632,0.235811,0.376005,0.000000,0.612030,0.246220,10.881593
1772465859.774696,31.489742,0.202236,0.225492,0.373568,0.000000,0.622588,0.243018,10.576685
1772465859.788013,31.503058,0.197968,0.225492,0.370059,0.000000,0.625336,0.239951,10.411000
1772465859.800416,31.515461,0.193554,0.208009,0.373213,0.000000,0.673002,0.236822,10.208964
1772465859.812930,31.527976,0.188908,0.200911,0.361023,0.000000,0.715824,0.233574,10.070524
1772465859.824690,31.539736,0.184163,0.206373,0.340525,0.000000,0.711295,0.230307,9.975051
1772465859.838059,31.553105,0.179089,0.200772,0.317910,0.000000,0.758770,0.226868,10.012901
1772465859.850913,31.565958,0.173849,0.200772,0.294725,0.000000,0.762927,0.223374,9.976897
1772465859.863367,31.578413,0.168403,0.192278,0.274241,0.000000,0.827059,0.219806,9.885625
1772465859.874670,31.589716,0.163052,0.200361,0.254178,0.000000,0.775460,0.216361,9.802652
1772465859.888216,31.603262,0.157677,0.197774,0.235586,0.000000,0.820346,0.212963,9.789203
1772465859.900485,31.615531,0.152469,0.207294,0.218196,0.000000,0.776966,0.209729,9.576332
1772465859.912961,31.628007,0.147482,0.220800,0.201517,0.000000,0.732896,0.206686,9.336562
1772465859.924665,31.639711,0.142553,0.220800,0.185590,0.000000,0.735685,0.203730,9.075784
1772465859.938494,31.653540,0.137716,0.221740,0.171031,0.000000,0.696503,0.200881,8.909868
1772465859.950575,31.665620,0.133131,0.235322,0.158329,0.000000,0.635636,0.198227,8.622503
1772465859.962682,31.677728,0.128654,0.235322,0.147052,0.000000,0.637707,0.195681,8.282520
1772465859.974807,31.689852,0.124305,0.235731,0.137177,0.000000,0.659094,0.193250,8.036383
1772465859.988391,31.703437,0.120075,0.234648,0.128205,0.000000,0.642651,0.190928,7.878020
1772465860.000703,31.715749,0.116030,0.239715,0.120339,0.000000,0.665452,0.188747,7.660579
1772465860.013009,31.728054,0.112180,0.245758,0.113525,0.000000,0.668258,0.186708,7.445213
1772465860.024668,31.739713,0.108473,0.245758,0.108124,0.000000,0.669649,0.184781,7.296448
1772465860.038097,31.753143,0.105216,0.277667,0.103413,0.000000,0.629621,0.183117,7.236418
1772465860.050511,31.765557,0.102080,0.277667,0.099410,0.000000,0.630395,0.181543,7.067086
1772465860.063071,31.778117,0.099186,0.289356,0.095817,0.000000,0.618067,0.180116,6.890269
1772465860.074723,31.789768,0.096403,0.289356,0.092686,0.000000,0.618654,0.178768,6.709394
1772465860.088235,31.803281,0.093734,0.289356,0.090231,0.000000,0.619216,0.177498,6.634087
1772465860.100428,31.815474,0.091184,0.289356,0.088827,0.000000,0.619754,0.176307,6.485614
1772465860.113271,31.828317,0.088762,0.289356,0.088873,0.000000,0.620264,0.175198,6.380637
1772465860.124816,31.839861,0.086633,0.303420,0.090984,0.000000,0.617402,0.174241,6.242386
1772465860.138209,31.853255,0.084649,0.303420,0.094486,0.000000,0.617760,0.173366,6.207705
1772465860.150587,31.865633,0.082828,0.303420,0.100101,0.000000,0.618089,0.172578,6.128206
1772465860.163180,31.878226,0.081395,0.319324,0.108727,0.000000,0.614461,0.171968,6.028822
1772465860.174832,31.889878,0.080166,0.319324,0.118740,0.000000,0.614647,0.171452,5.959966
1772465860.188185,31.903231,0.079661,0.351999,0.130895,0.000000,0.598067,0.171243,5.983622
1772465860.200801,31.915847,0.079637,0.371354,0.137948,0.000000,0.595692,0.171233,5.976924
1772465860.213256,31.928302,0.079647,0.371354,0.139741,0.000000,0.595691,0.171237,5.919431
1772465860.224828,31.939873,0.080208,0.401542,0.137801,0.000000,0.519633,0.171470,5.886201
1772465860.238232,31.953278,0.080603,0.401542,0.131080,0.000000,0.519590,0.171635,5.887870
1772465860.250645,31.965690,0.082128,0.460063,0.124027,0.000000,0.477704,0.172279,5.873914
1772465860.263203,31.978249,0.083482,0.464341,0.115897,0.000000,0.472450,0.172859,5.843765
1772465860.274812,31.989857,0.085312,0.494103,0.107575,0.000000,0.450769,0.173657,5.808249
1772465860.288190,32.003236,0.088293,0.545070,0.099946,0.000000,0.425157,0.174986,5.903675
1772465860.300555,32.015601,0.091230,0.555631,0.092750,0.000000,0.406994,0.176329,5.935013
1772465860.313344,32.028389,0.094553,0.578617,0.086265,0.000000,0.404272,0.177885,5.984529
1772465860.324881,32.039927,0.097107,0.565918,0.080227,0.000000,0.397642,0.179106,5.997549
1772465860.338256,32.053302,0.099899,0.582695,0.074999,0.000000,0.390719,0.180466,6.126758
1772465860.350754,32.065800,0.105071,0.610952,0.115921,0.000000,0.389881,0.183044,6.329804
1772465860.363286,32.078332,0.109072,0.595714,0.107836,0.000000,0.397725,0.185089,6.451301
1772465860.374922,32.089967,0.112801,0.602947,0.098707,0.000000,0.400700,0.187034,6.575247
1772465860.388287,32.103333,0.116078,0.604307,0.090171,0.000000,0.398240,0.188773,6.780673
1772465860.400649,32.115695,0.118394,0.589341,0.082559,0.000000,0.405669,0.190017,6.899621
1772465860.413273,32.128319,0.120036,0.578963,0.076039,0.000000,0.452998,0.190907,7.012622
1772465860.424930,32.139976,0.121001,0.564530,0.071316,0.000000,0.472510,0.191433,7.124865
1772465860.438235,32.153281,0.122411,0.581992,0.069834,0.000000,0.471461,0.192205,7.368886
1772465860.450500,32.165545,0.123861,0.581992,0.073298,0.000000,0.470972,0.193005,7.552502
1772465860.463000,32.178046,0.124852,0.564713,0.078256,0.000000,0.486279,0.193553,7.691010
1772465860.474646,32.189692,0.125856,0.564713,0.080317,0.000000,0.485935,0.194112,7.813818
1772465860.488138,32.203184,0.126440,0.552475,0.080333,0.000000,0.500875,0.194438,7.979661
1772465860.500397,32.215443,0.126978,0.552475,0.079772,0.000000,0.500695,0.194739,8.030664
1772465860.513456,32.228502,0.126916,0.532712,0.079460,0.000000,0.510196,0.194704,8.069915
1772465860.525105,32.240151,0.126862,0.532712,0.079619,0.000000,0.510214,0.194674,8.043093
1772465860.538613,32.253659,0.126852,0.532712,0.081130,0.000000,0.510217,0.194668,8.152170
1772465860.550965,32.266011,0.126418,0.513163,0.084863,0.000000,0.513669,0.194426,8.116320
1772465860.562565,32.277611,0.126159,0.513163,0.090689,0.000000,0.513756,0.194281,8.054446
1772465860.575435,32.290481,0.126094,0.509813,0.100745,0.000000,0.506941,0.194245,8.133378
1772465860.587945,32.302991,0.125736,0.491096,0.108391,0.000000,0.497538,0.194045,8.104854
1772465860.600839,32.315885,0.125054,0.471958,0.114130,0.000000,0.488029,0.193665,8.113852
1772465860.613098,32.328143,0.124109,0.454962,0.118938,0.000000,0.474059,0.193142,7.946422
1772465860.624903,32.339949,0.123297,0.454207,0.123234,0.000000,0.478210,0.192693,7.865915
1772465860.638384,32.353430,0.122257,0.437896,0.128155,0.000000,0.469082,0.192121,7.874256
1772465860.650866,32.365912,0.121361,0.437788,0.132210,0.000000,0.474369,0.191629,7.805360
1772465860.663213,32.378259,0.120222,0.423327,0.134062,0.000000,0.467211,0.191008,7.718902
1772465860.674765,32.389811,0.118841,0.410294,0.133277,0.000000,0.461836,0.190259,7.609434
1772465860.688223,32.403268,0.117293,0.402252,0.129756,0.000000,0.450072,0.189423,7.589465
1772465860.700791,32.415837,0.115681,0.403020,0.121862,0.000000,0.454564,0.188560,7.513620
1772465860.713064,32.428110,0.114062,0.408637,0.111740,0.000000,0.456266,0.187700,7.378454
1772465860.724792,32.439837,0.112147,0.397699,0.101983,0.000000,0.451729,0.186691,7.253645
1772465860.738347,32.453392,0.109995,0.386921,0.092991,0.000000,0.445817,0.185568,7.220054
1772465860.751032,32.466078,0.107837,0.387841,0.084899,0.000000,0.448932,0.184454,7.122756
1772465860.763096,32.478142,0.105596,0.382406,0.077726,0.000000,0.441183,0.183310,6.937064
1772465860.774803,32.489849,0.103377,0.382406,0.071564,0.000000,0.441759,0.182191,6.830199
1772465860.788191,32.503236,0.101079,0.373834,0.066515,0.000000,0.438703,0.181047,6.792138
1772465860.800555,32.515601,0.098845,0.373834,0.062749,0.000000,0.439311,0.179950,6.683716
1772465860.813283,32.528329,0.096589,0.365622,0.060625,0.000000,0.436404,0.178857,6.565981
1772465860.824865,32.539911,0.094447,0.365622,0.060711,0.000000,0.437013,0.177835,6.441201
1772465860.838445,32.553491,0.092454,0.365622,0.064033,0.000000,0.437581,0.176897,6.430293
1772465860.851277,32.566323,0.090674,0.365622,0.072610,0.000000,0.438087,0.176072,6.341599
1772465860.863539,32.578584,0.089219,0.365622,0.089611,0.000000,0.438502,0.175406,6.232205
1772465860.875305,32.590351,0.088110,0.358300,0.115101,0.000000,0.436312,0.174903,6.198541
1772465860.888569,32.603614,0.087887,0.374095,0.147145,0.000000,0.444199,0.174803,6.252380
1772465860.901292,32.616337,0.088348,0.366833,0.187204,0.000000,0.440890,0.175011,6.276420
1772465860.913181,32.628227,0.090099,0.375689,0.232120,0.000000,0.513685,0.175808,6.308759
1772465860.924927,32.639972,0.092654,0.385965,0.252963,0.000000,0.522360,0.176991,6.500138
1772465860.938391,32.653437,0.096240,0.410479,0.264306,0.000000,0.669474,0.178689,6.880277
1772465860.951132,32.666178,0.101202,0.448158,0.268897,0.000000,0.971150,0.181108,7.421068
1772465860.963240,32.678285,0.105774,0.440963,0.272439,0.000000,1.547890,0.183400,8.201413
1772465860.974967,32.690013,0.109546,0.439682,0.258686,0.000000,1.532506,0.185335,9.388826
1772465860.988119,32.703165,0.113243,0.456091,0.245339,0.000000,2.759461,0.187267,11.040653
1772465861.000910,32.715956,0.116201,0.455541,0.230725,0.000000,6.093850,0.188838,13.906929
1772465861.013204,32.728249,0.118712,0.463091,0.214661,0.000000,24.060096,0.190189,22.116749
1772465861.025065,32.740111,0.120556,0.464740,0.196981,0.000000,44.371595,0.191190,34.336001
1772465861.038182,32.753227,0.121555,0.460439,0.177408,0.000000,9.519583,0.191736,37.195167
1772465861.050751,32.765797,0.121889,0.456850,0.159812,0.000000,8.759663,0.191919,29.849261
1772465861.063346,32.778392,0.121692,0.453457,0.144135,0.000000,8.251403,0.191811,25.818511
1772465861.074801,32.789847,0.121083,0.450287,0.130585,0.000000,7.942855,0.191478,23.947105
1772465861.088173,32.803219,0.119922,0.436912,0.118827,0.000000,3.228964,0.190845,22.012005
1772465861.100778,32.815824,0.118348,0.423653,0.109764,0.000000,1.815009,0.189992,19.041821
1772465861.113235,32.828281,0.116012,0.388607,0.099049,0.000000,1.074472,0.188737,16.135977
1772465861.125018,32.840064,0.113235,0.362038,0.089275,0.000000,0.784698,0.187263,13.760130
1772465861.138167,32.853213,0.110026,0.326695,0.080435,0.000000,0.595868,0.185584,11.937610
1772465861.150852,32.865898,0.106633,0.302887,0.072473,0.000000,0.494931,0.183837,10.437382
1772465861.163196,32.878242,0.103072,0.273825,0.065307,0.000000,0.448385,0.182038,9.223442
1772465861.174651,32.889697,0.099636,0.273825,0.058885,0.000000,0.449376,0.180336,8.307248
1772465861.188384,32.903429,0.096324,0.273825,0.053148,0.000000,0.450331,0.178730,7.704373
1772465861.200897,32.915943,0.093094,0.268194,0.048045,0.000000,0.466542,0.177197,7.210012
1772465861.212906,32.927951,0.089955,0.263466,0.043546,0.000000,0.488238,0.175742,6.804374
1772465861.224751,32.939796,0.086930,0.261414,0.039625,0.000000,0.585549,0.174374,6.564977
1772465861.238224,32.953270,0.084027,0.260420,0.036325,0.000000,0.651195,0.173095,6.497689
1772465861.250981,32.966026,0.081126,0.241944,0.033517,0.000000,0.634850,0.171855,6.435860
1772465861.263307,32.978353,0.078364,0.243037,0.031423,0.000000,0.734797,0.170710,6.390282
1772465861.275287,32.990333,0.075659,0.231252,0.029818,0.000000,0.918320,0.169628,6.419779
1772465861.288507,33.003553,0.073072,0.229370,0.028944,0.000000,0.905376,0.168633,6.541500
1772465861.301001,33.016046,0.070501,0.209155,0.028633,0.000000,0.832170,0.167687,6.561589
1772465861.313486,33.028532,0.067967,0.190783,0.029092,0.000000,0.790117,0.166800,6.486938
1772465861.325176,33.040222,0.065567,0.189570,0.031599,0.000000,0.780964,0.166008,6.351412
1772465861.338397,33.053442,0.063335,0.192877,0.038134,0.000000,0.945816,0.165317,6.275429
1772465861.351068,33.066114,0.061186,0.176992,0.048126,0.000000,0.914484,0.164700,6.176576
1772465861.363393,33.078439,0.059294,0.185146,0.068173,0.000000,1.139341,0.164200,6.124419
1772465861.375147,33.090193,0.057693,0.191705,0.093509,0.000000,1.525474,0.163812,6.221948
1772465861.388555,33.103600,0.056235,0.178465,0.115996,0.000000,1.514973,0.163489,6.489775
1772465861.400961,33.116006,0.055051,0.189721,0.131886,0.000000,2.160151,0.163251,6.809534
1772465861.413541,33.128586,0.054044,0.189721,0.146368,0.000000,2.161225,0.163066,7.220733
1772465861.425210,33.140256,0.053176,0.187609,0.158798,0.000000,3.350684,0.162921,7.736038
1772465861.438529,33.153574,0.053087,0.230529,0.186378,0.000000,14.128197,0.162907,9.297041
1772465861.451256,33.166301,0.053697,0.284048,0.183689,0.000000,5.416767,0.163006,13.000102
1772465861.463526,33.178572,0.054774,0.332118,0.166092,0.000000,2.164930,0.163198,13.460377
1772465861.475287,33.190333,0.057024,0.410262,0.149810,0.000000,1.260288,0.163660,12.127406
1772465861.488897,33.203943,0.059274,0.429813,0.135176,0.000000,1.136019,0.164195,10.672601
1772465861.501148,33.216193,0.062336,0.480401,0.122093,0.000000,0.994983,0.165024,9.455773
1772465861.513703,33.228749,0.065674,0.507731,0.110456,0.000000,0.888909,0.166042,8.627848
1772465861.525433,33.240479,0.069390,0.536691,0.100255,0.000000,0.899441,0.167292,8.093981
1772465861.538552,33.253598,0.072934,0.545895,0.091483,0.000000,0.960221,0.168581,7.799068
1772465861.551545,33.266591,0.076102,0.545895,0.084834,0.000000,0.958995,0.169803,7.600464
1772465861.563290,33.278336,0.078473,0.526973,0.081143,0.000000,1.114766,0.170755,7.445388
1772465861.575942,33.290987,0.081451,0.555239,0.078390,0.000000,0.996262,0.171992,7.584040
1772465861.588307,33.303353,0.084288,0.555239,0.078685,0.000000,0.994873,0.173209,7.619267
1772465861.601503,33.316549,0.088624,0.600634,0.083676,0.000000,1.117188,0.175136,7.868829
1772465861.613670,33.328716,0.095945,0.676097,0.087881,0.000000,1.046538,0.178548,8.112464
1772465861.625233,33.340279,0.106931,0.756077,0.089172,0.000000,0.989826,0.183989,8.554401
1772465861.638541,33.353587,0.121845,0.837018,0.086230,0.000000,0.935250,0.191895,9.130457
1772465861.651172,33.366218,0.139636,0.901921,0.080197,0.000000,0.841791,0.202006,9.540837
1772465861.663517,33.378563,0.159511,0.956041,0.073721,0.000000,0.991496,0.214116,9.961909
1772465861.674889,33.389934,0.178157,0.958493,0.067496,0.000000,0.972000,0.226242,10.413007
1772465861.688335,33.403380,0.196503,0.974341,0.061813,0.000000,1.183137,0.238907,11.129036
1772465861.701257,33.416303,0.213598,0.974076,0.056713,0.000000,1.165502,0.251385,11.759076
1772465861.713811,33.428857,0.228132,0.951302,0.052118,0.000000,2.216274,0.262526,12.899443
1772465861.725359,33.440405,0.241579,0.949533,0.048129,0.000000,2.195408,0.273286,14.590194
1772465861.738711,33.453756,0.253108,0.932793,0.044902,0.000000,3.171406,0.282869,16.594482
1772465861.751618,33.466664,0.262643,0.912810,0.042048,0.000000,4.945969,0.291053,19.273527
1772465861.763947,33.478993,0.270172,0.890091,0.039779,0.000000,8.784390,0.297685,23.737740
1772465861.775319,33.490365,0.280220,0.937869,0.039010,0.000000,6.977995,0.306774,26.662445
1772465861.788539,33.503585,0.291191,0.961428,0.038286,0.000000,7.103348,0.317019,26.895862
1772465861.801531,33.516577,0.302290,0.974311,0.036219,0.000000,14.467119,0.327734,30.264962
1772465861.814654,33.529700,0.312953,0.979059,0.033390,0.000000,43.046472,0.338373,44.258316
1772465861.825346,33.540392,0.321198,0.952107,0.030162,0.000000,44.106424,0.346837,50.962344
1772465861.838917,33.553963,0.325906,0.904353,0.027279,0.000000,45.044680,0.351765,49.548359
1772465861.851534,33.566580,0.331398,0.923626,0.024691,0.000000,48.735745,0.357603,55.891302
1772465861.863122,33.578168,0.335719,0.910632,0.023013,0.000000,60.458530,0.362263,61.656930
1772465861.874928,33.589974,0.340731,0.927752,0.020731,0.000000,18.414881,0.367746,53.285751
1772465861.888299,33.603344,0.343105,0.890337,0.018697,0.000000,18.661247,0.370373,42.773952
1772465861.900702,33.615747,0.343542,0.860857,0.016961,0.000000,11.145120,0.370859,37.885352
1772465861.913802,33.628848,0.342172,0.829989,0.015685,0.000000,6.143743,0.369338,32.718661
1772465861.925313,33.640358,0.337196,0.757336,0.015028,0.000000,7.961358,0.363870,29.798452
1772465861.938753,33.653798,0.331308,0.731593,0.014611,0.000000,5.182669,0.357505,28.104347
1772465861.951252,33.666298,0.326502,0.750030,0.014121,0.000000,3.564784,0.352393,25.198862
1772465861.963592,33.678638,0.320117,0.708093,0.013151,0.000000,3.739721,0.345715,23.091630
1772465861.975212,33.690258,0.312257,0.660471,0.012201,0.000000,4.849877,0.337668,22.902235
1772465861.988568,33.703614,0.303419,0.617897,0.011466,0.000000,7.923927,0.328845,25.255909
1772465862.001299,33.716344,0.293804,0.572254,0.011859,0.000000,24.510455,0.319509,35.679071
1772465862.013667,33.728713,0.284472,0.563319,0.012700,0.000000,32.693461,0.310705,44.692561
1772465862.025046,33.740092,0.276267,0.590442,0.011757,0.000000,22.861015,0.303165,42.919558
1772465862.038939,33.753984,0.268391,0.588053,0.011095,0.000000,28.285854,0.296103,41.051577
1772465862.051525,33.766571,0.260509,0.572682,0.010701,0.000000,41.242085,0.289201,49.178021
1772465862.063660,33.778706,0.253838,0.604853,0.009759,0.000000,36.738177,0.283488,50.985439
1772465862.075232,33.790278,0.247090,0.590553,0.008815,0.000000,12.889688,0.277825,41.135354
1772465862.088644,33.803689,0.240911,0.600109,0.007960,0.000000,5.815266,0.272741,32.523881
1772465862.101539,33.816585,0.234980,0.598608,0.007200,0.000000,3.465951,0.267950,26.436106
1772465862.113694,33.828740,0.229402,0.601404,0.006543,0.000000,3.424181,0.263524,22.622575
1772465862.125290,33.840335,0.224026,0.599101,0.005949,0.000000,2.491081,0.259328,20.207532
1772465862.138695,33.853741,0.219022,0.603478,0.005397,0.000000,1.720753,0.255485,18.124275
1772465862.151840,33.866886,0.214366,0.607307,0.005165,0.000000,1.635141,0.251962,16.175465
1772465862.163582,33.878628,0.210104,0.613300,0.004936,0.000000,1.382496,0.248780,14.723513
1772465862.175348,33.890393,0.206220,0.619294,0.004774,0.000000,1.282345,0.245918,13.802036
1772465862.188596,33.903641,0.202818,0.629154,0.004749,0.000000,1.120969,0.243439,13.122608
1772465862.201591,33.916637,0.199753,0.634511,0.004943,0.000000,1.000590,0.241229,12.360282
1772465862.213810,33.928855,0.196902,0.636048,0.005387,0.000000,0.926234,0.239191,11.699295
1772465862.225010,33.940055,0.193954,0.627726,0.005778,0.000000,0.869704,0.237103,11.086130
1772465862.238456,33.953501,0.192294,0.663480,0.005994,0.000000,0.856494,0.235936,10.868778
1772465862.251544,33.966589,0.190712,0.663268,0.006072,0.000000,0.729977,0.234830,10.471902
1772465862.263415,33.978461,0.188202,0.631743,0.006054,0.000000,0.726913,0.233086,10.028817
1772465862.275005,33.990050,0.183649,0.548039,0.006087,0.000000,0.715897,0.229957,9.627618
1772465862.288368,34.003413,0.178388,0.501020,0.006195,0.000000,0.708487,0.226397,9.446153
1772465862.301194,34.016240,0.174130,0.538687,0.006342,0.000000,0.702896,0.223560,9.234820
1772465862.313382,34.028427,0.169677,0.518215,0.006699,0.000000,0.689525,0.220635,8.946557
1772465862.324971,34.040016,0.165555,0.523116,0.007304,0.000000,0.683046,0.217965,8.775262
1772465862.338280,34.053326,0.161708,0.525574,0.008308,0.000000,0.677786,0.215506,8.769207
1772465862.351595,34.066641,0.158431,0.542191,0.009714,0.000000,0.597302,0.213436,8.601571
1772465862.364234,34.079280,0.154293,0.487729,0.011710,0.000000,0.670595,0.210855,8.383802
1772465862.375211,34.090257,0.150383,0.485813,0.014865,0.000000,0.668371,0.208450,8.201168
1772465862.388481,34.103527,0.146717,0.484171,0.019222,0.000000,0.667326,0.206224,8.249395
1772465862.400876,34.115922,0.143022,0.467386,0.023811,0.000000,0.671111,0.204010,8.148066
1772465862.413817,34.128862,0.138573,0.390474,0.037041,0.000000,0.668757,0.201383,8.062611
1772465862.424859,34.139904,0.134438,0.390652,0.043846,0.000000,0.672247,0.198979,7.832824
1772465862.438455,34.153500,0.129657,0.308715,0.049426,0.000000,0.696695,0.196247,7.895381
1772465862.451767,34.166813,0.124845,0.273476,0.053594,0.000000,0.656980,0.193549,7.783865
1772465862.463445,34.178490,0.120120,0.249347,0.057805,0.000000,0.778020,0.190952,7.631639
1772465862.475241,34.190287,0.115636,0.247162,0.060697,0.000000,0.809652,0.188537,7.654308
1772465862.488334,34.203380,0.111252,0.225570,0.064689,0.000000,0.903089,0.186222,7.869332
1772465862.500532,34.215578,0.107011,0.207595,0.071030,0.000000,1.033156,0.184030,7.967988
1772465862.512923,34.227968,0.103061,0.207595,0.083118,0.000000,1.036370,0.182033,8.107517
1772465862.524791,34.239836,0.099480,0.213467,0.100965,0.000000,1.043773,0.180260,8.217683
1772465862.538156,34.253201,0.096267,0.200815,0.137148,0.000000,1.093922,0.178703,8.315815
1772465862.550729,34.265775,0.093436,0.210779,0.151746,0.000000,1.219787,0.177358,8.333300
1772465862.562948,34.277994,0.090833,0.217677,0.153814,0.000000,1.227163,0.176145,8.338550
1772465862.575211,34.290257,0.088324,0.211239,0.156432,0.000000,1.444145,0.175000,8.417226
1772465862.587996,34.303041,0.085934,0.207605,0.159497,0.000000,1.666702,0.173931,8.527757
1772465862.601204,34.316250,0.083607,0.197890,0.163364,0.000000,1.837584,0.172913,8.725385
1772465862.613531,34.328577,0.081580,0.211965,0.167858,0.000000,2.648186,0.172046,9.034783
1772465862.624756,34.339802,0.080275,0.250098,0.182972,0.000000,5.084491,0.171498,10.030407
1772465862.638079,34.353125,0.079569,0.244860,0.225689,0.000000,4.410240,0.171205,11.831028
1772465862.650610,34.365655,0.079024,0.263768,0.214760,0.000000,2.721676,0.170980,12.619937
1772465862.663836,34.378882,0.078124,0.258996,0.194290,0.000000,1.560687,0.170613,11.984419
1772465862.675217,34.390263,0.076917,0.251899,0.175344,0.000000,1.189352,0.170126,10.775169
1772465862.688184,34.403229,0.075357,0.234197,0.158190,0.000000,0.984522,0.169510,9.705247
1772465862.700516,34.415562,0.073825,0.244912,0.142757,0.000000,0.958429,0.168919,8.809682
1772465862.713667,34.428712,0.071988,0.219669,0.128889,0.000000,0.895625,0.168229,8.104096
1772465862.725385,34.440431,0.070128,0.218849,0.116533,0.000000,0.888890,0.167553,7.530541
1772465862.740248,34.455294,0.068137,0.201480,0.105519,0.000000,0.785154,0.166858,7.318084
1772465862.751671,34.466717,0.066163,0.199396,0.095880,0.000000,0.741426,0.166200,6.712651
1772465862.763266,34.478312,0.064155,0.187769,0.087657,0.000000,0.719427,0.165565,6.360740
1772465862.774769,34.489815,0.062080,0.166372,0.080740,0.000000,0.790676,0.164951,6.143349
1772465862.788105,34.503151,0.060146,0.178037,0.075715,0.000000,0.789145,0.164420,6.009146
1772465862.801146,34.516191,0.058275,0.174565,0.073122,0.000000,0.807315,0.163949,5.873705
1772465862.813612,34.528657,0.056389,0.154748,0.072387,0.000000,0.951418,0.163522,5.729859
1772465862.825096,34.540142,0.054624,0.159508,0.073001,0.000000,1.023412,0.163170,5.647247
1772465862.838279,34.553325,0.052978,0.164669,0.073702,0.000000,1.322470,0.162890,5.712855
1772465862.851065,34.566111,0.051522,0.184460,0.073245,0.000000,1.401145,0.162684,5.847342
1772465862.863447,34.578493,0.050299,0.212217,0.071376,0.000000,1.408036,0.162545,5.968901
1772465862.875099,34.590145,0.049163,0.219157,0.068322,0.000000,1.692313,0.162446,6.114292
1772465862.888330,34.603376,0.048360,0.260302,0.064799,0.000000,1.731001,0.162395,6.338385
1772465862.901154,34.616200,0.047622,0.267067,0.061066,0.000000,2.137889,0.162362,6.541973
1772465862.913580,34.628626,0.046944,0.273945,0.057115,0.000000,2.134842,0.162346,6.747571
1772465862.925215,34.640260,0.046314,0.279216,0.053418,0.000000,2.574131,0.162343,6.977552
1772465862.938237,34.653283,0.045713,0.280505,0.051932,0.000000,2.435112,0.162351,7.274872
1772465862.951033,34.666079,0.045121,0.280392,0.049532,0.000000,2.680660,0.162370,7.456299
1772465862.963336,34.678382,0.044534,0.280392,0.046376,0.000000,2.681436,0.162401,7.580893
1772465862.975224,34.690270,0.044260,0.316160,0.043318,0.000000,2.681671,0.162419,7.691398
1772465862.988414,34.703460,0.043966,0.315150,0.040629,0.000000,2.848185,0.162442,7.809816
1772465863.001162,34.716208,0.043726,0.321268,0.038702,0.000000,2.891055,0.162463,7.830218
1772465863.013972,34.729018,0.043528,0.325820,0.037328,0.000000,2.900433,0.162482,7.891802
1772465863.025371,34.740417,0.043558,0.347828,0.037070,0.000000,2.942307,0.162479,7.971441
1772465863.038436,34.753482,0.043757,0.361670,0.038816,0.000000,4.360093,0.162460,8.258863
1772465863.051227,34.766273,0.044107,0.367174,0.047083,0.000000,3.981863,0.162431,8.902770
1772465863.063483,34.778528,0.044814,0.384366,0.059082,0.000000,3.151083,0.162385,9.704260
1772465863.075126,34.790172,0.045820,0.396574,0.069969,0.000000,2.639568,0.162349,10.070781
1772465863.088355,34.803401,0.047021,0.399286,0.082888,0.000000,2.324204,0.162347,10.003047
1772465863.100594,34.815639,0.048471,0.414371,0.086052,0.000000,1.926313,0.162401,9.642774
1772465863.113099,34.828145,0.049912,0.420205,0.083876,0.000000,1.942458,0.162508,9.237886
1772465863.124932,34.839978,0.051350,0.427876,0.079992,0.000000,1.698022,0.162662,8.903324
1772465863.138026,34.853072,0.052443,0.416899,0.075461,0.000000,1.699662,0.162809,8.632350
1772465863.150745,34.865790,0.053536,0.424621,0.070913,0.000000,1.474145,0.162980,8.373853
1772465863.162851,34.877897,0.054981,0.451124,0.066896,0.000000,1.325348,0.163237,8.059482
1772465863.174751,34.889796,0.056163,0.444424,0.063320,0.000000,1.187163,0.163474,7.769443
1772465863.188177,34.903223,0.056848,0.421828,0.060457,0.000000,1.216088,0.163621,7.527784
1772465863.200739,34.915785,0.057957,0.449440,0.059433,0.000000,1.152048,0.163873,7.322304
1772465863.213485,34.928530,0.058487,0.419325,0.058850,0.000000,1.137129,0.164000,7.100325
1772465863.224909,34.939955,0.058766,0.403588,0.060117,0.000000,1.032341,0.164068,6.917401
1772465863.238267,34.953313,0.059134,0.406003,0.064406,0.000000,0.984224,0.164159,6.833585
1772465863.250708,34.965753,0.059648,0.409143,0.071734,0.000000,1.000680,0.164290,6.741550
1772465863.263530,34.978575,0.060348,0.410709,0.082868,0.000000,0.914000,0.164473,6.660328
1772465863.275109,34.990155,0.061281,0.412214,0.096644,0.000000,0.960153,0.164726,6.638358
1772465863.288240,35.003286,0.063054,0.437712,0.115473,0.000000,1.001271,0.165234,6.786554
1772465863.301278,35.016323,0.065281,0.438198,0.138702,0.000000,1.107206,0.165917,6.987840
1772465863.313520,35.028566,0.067928,0.417758,0.180349,0.000000,1.149949,0.166787,7.263506
1772465863.324861,35.039906,0.072123,0.421948,0.233996,0.000000,1.289077,0.168279,7.728544
1772465863.338286,35.053332,0.076908,0.431322,0.248453,0.000000,1.386214,0.170123,8.371775
1772465863.350688,35.065734,0.081086,0.426774,0.242260,0.000000,1.472002,0.171838,8.951882
1772465863.363147,35.078193,0.084370,0.423107,0.224870,0.000000,1.426967,0.173245,9.419777
1772465863.374803,35.089849,0.086914,0.421219,0.207711,0.000000,1.605100,0.174367,9.827094
1772465863.388624,35.103670,0.088872,0.422471,0.190290,0.000000,2.006607,0.175248,10.434058
1772465863.401178,35.116224,0.090122,0.416577,0.173089,0.000000,2.554041,0.175818,11.003407
1772465863.413519,35.128565,0.091432,0.416029,0.178407,0.000000,5.031895,0.176422,12.313747
1772465863.425013,35.140059,0.092030,0.405454,0.162538,0.000000,8.578731,0.176700,14.633810
1772465863.438317,35.153363,0.091830,0.384639,0.147795,0.000000,9.310826,0.176607,17.380162
1772465863.450876,35.165922,0.091392,0.384903,0.134789,0.000000,5.718546,0.176403,18.534697
1772465863.463180,35.178226,0.090538,0.372594,0.122980,0.000000,6.969052,0.176009,17.879154
1772465863.474733,35.189779,0.089310,0.357894,0.112084,0.000000,4.621299,0.175447,17.142233
1772465863.488131,35.203177,0.087963,0.355742,0.102212,0.000000,3.052970,0.174837,16.221944
1772465863.500597,35.215643,0.086392,0.344260,0.092831,0.000000,1.980162,0.174134,14.799673
1772465863.513151,35.228196,0.084604,0.329621,0.084118,0.000000,1.070877,0.173347,13.157535
1772465863.524687,35.239733,0.082768,0.325578,0.076465,0.000000,0.888787,0.172552,11.547862
1772465863.538204,35.253250,0.080741,0.305922,0.069705,0.000000,0.681297,0.171693,10.282002
1772465863.551728,35.266773,0.078553,0.284082,0.064004,0.000000,0.599375,0.170787,9.203772
1772465863.563770,35.278816,0.076467,0.287332,0.059921,0.000000,0.577627,0.169947,8.225280
1772465863.575301,35.290346,0.074268,0.264371,0.056815,0.000000,0.635567,0.169088,7.498011
1772465863.588780,35.303825,0.072176,0.266868,0.054026,0.000000,0.688860,0.168298,7.051787
1772465863.601712,35.316758,0.069981,0.241612,0.050951,0.000000,0.812355,0.167501,6.687211
1772465863.613666,35.328712,0.067906,0.246365,0.047701,0.000000,0.975726,0.166779,6.454800
1772465863.625167,35.340213,0.065957,0.252904,0.044405,0.000000,1.398040,0.166133,6.444507
1772465863.638373,35.353419,0.063926,0.228960,0.041110,0.000000,1.913055,0.165496,6.724750
1772465863.651024,35.366070,0.062097,0.247721,0.037998,0.000000,2.159698,0.164956,7.171146
1772465863.663610,35.378656,0.060322,0.244839,0.035154,0.000000,2.663881,0.164466,7.649145
1772465863.675179,35.390224,0.058524,0.229298,0.032559,0.000000,2.550735,0.164009,8.014610
1772465863.688455,35.403501,0.056755,0.221426,0.030114,0.000000,2.180868,0.163601,8.319003
1772465863.700526,35.415572,0.055065,0.222021,0.027853,0.000000,1.706219,0.163253,8.216086
1772465863.713024,35.428070,0.053521,0.234661,0.025773,0.000000,1.132669,0.162977,7.832800
1772465863.724735,35.439780,0.052347,0.281166,0.023919,0.000000,0.892349,0.162795,7.295812
1772465863.738218,35.453264,0.051419,0.306874,0.022392,0.000000,0.663462,0.162671,6.784496
1772465863.750754,35.465800,0.050834,0.341699,0.021229,0.000000,0.553521,0.162602,6.228146
1772465863.763211,35.478257,0.050983,0.406185,0.020445,0.000000,0.524831,0.162619,5.792904
1772465863.774884,35.489929,0.051710,0.448390,0.020101,0.000000,0.533566,0.162708,5.508289
1772465863.788277,35.503323,0.052744,0.468934,0.020968,0.000000,0.805252,0.162854,5.443017
1772465863.800994,35.516040,0.054139,0.489440,0.023836,0.000000,1.199665,0.163083,5.601381
1772465863.813160,35.528206,0.055798,0.498352,0.032288,0.000000,2.684562,0.163399,6.313982
1772465863.825272,35.540318,0.057168,0.481508,0.038540,0.000000,43.935641,0.163692,14.593918
1772465863.838450,35.553496,0.058258,0.471820,0.036887,0.000000,3.837983,0.163945,21.466121
1772465863.851583,35.566629,0.058769,0.442683,0.035282,0.000000,1.227743,0.164069,17.742954
1772465863.863525,35.578571,0.059364,0.452459,0.032205,0.000000,0.632702,0.164217,14.078050
1772465863.874835,35.589881,0.060048,0.462608,0.029259,0.000000,0.470206,0.164394,11.630552
1772465863.888334,35.603380,0.060321,0.440483,0.027933,0.000000,0.451913,0.164466,9.948626
1772465863.900605,35.615651,0.060777,0.454631,0.026324,0.000000,0.456768,0.164588,8.630783
1772465863.913099,35.628144,0.060905,0.428549,0.032701,0.000000,0.480927,0.164623,7.639918
1772465863.924806,35.639852,0.061023,0.427714,0.033222,0.000000,0.559697,0.164655,6.925500
1772465863.938350,35.653395,0.061207,0.431302,0.034477,0.000000,0.654870,0.164706,6.521871
1772465863.950690,35.665736,0.061556,0.443787,0.033259,0.000000,0.812388,0.164803,6.268975
1772465863.963245,35.678291,0.062405,0.476088,0.031415,0.000000,0.888481,0.165044,6.211103
1772465863.974817,35.689863,0.063113,0.472654,0.029392,0.000000,1.265161,0.165251,6.323415
1772465863.988400,35.703446,0.063068,0.430111,0.027308,0.000000,2.330452,0.165238,6.807145
1772465864.001454,35.716499,0.063010,0.431062,0.025269,0.000000,3.351548,0.165221,7.752677
1772465864.013539,35.728585,0.062993,0.435646,0.023348,0.000000,5.050539,0.165216,9.173814
1772465864.025173,35.740219,0.062436,0.397350,0.021434,0.000000,8.919472,0.165053,11.139764
1772465864.038556,35.753602,0.062197,0.421624,0.019588,0.000000,11.453585,0.164984,13.902952
1772465864.051098,35.766144,0.062311,0.447060,0.017998,0.000000,12.419221,0.165017,16.231412
1772465864.063346,35.778392,0.062832,0.474085,0.016796,0.000000,12.828883,0.165168,17.439141
1772465864.075155,35.790201,0.064085,0.515405,0.016645,0.000000,11.270678,0.165544,17.499122
1772465864.088536,35.803582,0.066424,0.567156,0.016481,0.000000,7.845883,0.166285,16.888675
1772465864.101265,35.816310,0.070569,0.636181,0.015820,0.000000,6.973699,0.167711,16.146952
1772465864.113371,35.828417,0.076551,0.695301,0.014972,0.000000,4.803549,0.169981,15.531229
1772465864.125117,35.840163,0.082487,0.702587,0.014190,0.000000,2.960084,0.172432,14.629917
1772465864.138618,35.853663,0.088462,0.711317,0.013892,0.000000,2.054205,0.175062,13.617375
1772465864.150708,35.865754,0.092892,0.677913,0.014826,0.000000,1.466783,0.177102,12.294224
1772465864.163354,35.878400,0.095364,0.622848,0.017937,0.000000,1.366423,0.178271,11.286941
1772465864.174895,35.889940,0.096585,0.582142,0.018968,0.000000,1.715477,0.178855,10.653672
1772465864.188323,35.903368,0.096923,0.548609,0.019274,0.000000,3.203960,0.179018,10.863550
1772465864.201333,35.916378,0.096275,0.503245,0.018797,0.000000,2.602579,0.178706,11.441862
1772465864.213459,35.928505,0.094115,0.405427,0.018247,0.000000,1.325216,0.177678,11.609614
1772465864.224899,35.939945,0.091653,0.370211,0.018263,0.000000,0.951962,0.176525,11.331965
1772465864.238280,35.953326,0.088499,0.276257,0.018479,0.000000,0.574237,0.175079,10.762472
1772465864.250763,35.965809,0.085355,0.253363,0.018831,0.000000,0.603133,0.173676,9.836106
1772465864.263369,35.978415,0.082171,0.219153,0.018942,0.000000,0.624283,0.172297,8.920949
1772465864.274889,35.989935,0.079000,0.189423,0.019134,0.000000,0.752212,0.170971,8.150474
1772465864.288353,36.003398,0.075915,0.172689,0.019391,0.000000,0.811750,0.169729,7.664987
1772465864.300718,36.015763,0.072914,0.154590,0.020217,0.000000,0.982055,0.168574,7.277222
1772465864.313549,36.028595,0.070027,0.142904,0.022447,0.000000,1.286938,0.167517,7.085173
1772465864.324799,36.039845,0.067249,0.130467,0.025476,0.000000,1.710971,0.166558,7.077049
1772465864.338420,36.053466,0.064614,0.129315,0.027523,0.000000,1.853209,0.165707,7.370922
1772465864.350941,36.065987,0.062102,0.123729,0.030506,0.000000,2.403247,0.164957,7.645597
1772465864.363257,36.078302,0.059694,0.119307,0.029164,0.000000,2.818360,0.164302,7.931931
1772465864.374802,36.089847,0.057414,0.123018,0.027343,0.000000,2.660009,0.163748,8.181042
1772465864.388401,36.103446,0.055291,0.136726,0.025614,0.000000,2.176106,0.163297,8.412093
1772465864.400695,36.115741,0.053300,0.145322,0.024227,0.000000,1.690626,0.162941,8.237577
1772465864.413173,36.128219,0.051478,0.163304,0.023366,0.000000,1.422095,0.162678,7.832855
1772465864.424721,36.139767,0.049838,0.184422,0.023239,0.000000,1.059330,0.162501,7.334379
1772465864.438557,36.153603,0.048475,0.221138,0.025429,0.000000,0.895019,0.162401,6.925639
1772465864.450878,36.165924,0.047487,0.262773,0.032961,0.000000,0.970532,0.162358,6.414388
1772465864.463530,36.178576,0.046739,0.272776,0.048615,0.000000,1.343597,0.162344,6.112484
1772465864.474661,36.189706,0.046357,0.288478,0.071200,0.000000,3.321594,0.162343,6.300465
1772465864.488199,36.203245,0.046516,0.301406,0.107787,0.000000,29.414210,0.162343,11.372391
1772465864.501013,36.216059,0.047195,0.313406,0.136624,0.000000,30.640309,0.162351,17.837235
1772465864.513105,36.228150,0.047819,0.314816,0.133738,0.000000,3.732142,0.162370,19.435573
1772465864.524671,36.239717,0.048190,0.303881,0.128271,0.000000,2.004489,0.162386,16.876575
1772465864.538122,36.253168,0.048457,0.298016,0.127449,0.000000,1.508582,0.162400,13.802635
1772465864.550523,36.265568,0.048490,0.280904,0.126466,0.000000,1.300663,0.162402,11.327253
1772465864.563152,36.278197,0.048479,0.283449,0.120281,0.000000,1.372175,0.162401,9.731789
1772465864.575418,36.290464,0.048103,0.256002,0.113286,0.000000,1.509044,0.162382,8.761687
1772465864.588460,36.303505,0.047560,0.242589,0.106969,0.000000,2.056256,0.162360,8.346844
1772465864.600881,36.315927,0.046915,0.233377,0.101234,0.000000,2.316588,0.162346,8.219809
1772465864.612656,36.327702,0.046068,0.208162,0.096475,0.000000,3.841117,0.162345,8.432906
1772465864.625824,36.340870,0.045082,0.185080,0.092961,0.000000,8.380943,0.162372,9.616651
1772465864.637681,36.352727,0.044150,0.188677,0.090072,0.000000,19.832406,0.162428,12.658091
1772465864.650670,36.365716,0.043210,0.179222,0.091016,0.000000,65.256909,0.162516,20.567660
1772465864.663051,36.378096,0.042201,0.167493,0.082835,0.000000,33.212259,0.162649,23.316275
1772465864.674841,36.389887,0.041188,0.165916,0.074729,0.000000,11.641488,0.162826,19.980031
1772465864.687983,36.403029,0.040192,0.166763,0.067347,0.000000,5.867404,0.163047,16.463384
1772465864.700428,36.415474,0.039294,0.182565,0.060734,0.000000,2.933364,0.163290,13.436971
1772465864.713062,36.428108,0.038426,0.185622,0.054906,0.000000,2.474124,0.163566,11.124653
1772465864.724738,36.439784,0.037694,0.207120,0.049877,0.000000,1.706459,0.163835,9.426164
1772465864.737975,36.453021,0.037110,0.229384,0.046087,0.000000,1.459810,0.164074,8.287269
1772465864.751163,36.466209,0.036789,0.264795,0.044680,0.000000,1.346209,0.164215,7.482267
1772465864.763449,36.478494,0.036625,0.279521,0.048086,0.000000,1.383716,0.164289,6.919273
1772465864.774986,36.490032,0.036806,0.308423,0.057299,0.000000,1.887423,0.164207,6.702699
1772465864.787995,36.503041,0.037414,0.339952,0.066783,0.000000,4.150871,0.163946,7.130565
1772465864.800621,36.515666,0.038849,0.380896,0.089462,0.000000,85.961206,0.163426,18.298542
1772465864.812908,36.527954,0.040353,0.398404,0.080949,0.000000,59.808223,0.163008,26.935688
1772465864.824704,36.539749,0.042037,0.421822,0.072916,0.000000,4.615112,0.162674,23.028549
1772465864.837979,36.553025,0.043559,0.424465,0.065709,0.000000,1.922377,0.162479,17.453817
1772465864.850761,36.565806,0.044927,0.426008,0.059441,0.000000,1.451391,0.162379,13.729163
1772465864.863238,36.578284,0.045766,0.398975,0.056729,0.000000,1.763217,0.162350,11.364375
1772465864.874656,36.589702,0.046992,0.422179,0.061353,0.000000,2.689594,0.162347,10.118790
1772465864.888145,36.603191,0.047972,0.412397,0.059502,0.000000,6.457944,0.162376,10.121206
1772465864.900603,36.615649,0.049412,0.446792,0.055833,0.000000,38.539195,0.162465,15.588281
1772465864.912877,36.627923,0.050896,0.457290,0.051754,0.000000,119.348217,0.162609,29.770176
1772465864.924786,36.639832,0.051627,0.421816,0.046656,0.000000,10.770980,0.162697,28.507126
1772465864.938031,36.653077,0.052572,0.442143,0.042120,0.000000,4.262390,0.162828,20.565711
1772465864.950589,36.665635,0.053658,0.457196,0.038284,0.000000,1.781212,0.163000,15.267111
1772465864.963230,36.678276,0.055995,0.525522,0.035945,0.000000,1.328657,0.163439,12.174426
1772465864.974682,36.689728,0.058044,0.518062,0.035638,0.000000,1.186872,0.163894,10.265320
1772465864.988151,36.703197,0.062264,0.600483,0.040502,0.000000,3.146436,0.165003,9.687449
1772465865.001022,36.716068,0.069634,0.658239,0.076359,0.000000,42.645128,0.167378,16.960315
1772465865.012995,36.728041,0.078758,0.698959,0.083573,0.000000,2.691716,0.170871,24.154748
1772465865.024763,36.739809,0.089897,0.752390,0.079619,0.000000,0.974634,0.175715,20.811171
1772465865.038282,36.753328,0.103748,0.816487,0.074419,0.000000,0.734014,0.182377,17.412549
1772465865.050477,36.765522,0.120081,0.874458,0.069510,0.000000,0.815146,0.190931,15.086558
1772465865.063390,36.778436,0.137623,0.911339,0.065372,0.000000,0.991658,0.200827,13.774400
1772465865.074805,36.789850,0.156718,0.953790,0.061833,0.000000,1.557199,0.212363,13.259833
1772465865.088398,36.803443,0.175687,0.969165,0.059755,0.000000,2.127386,0.224593,13.827463
1772465865.100481,36.815527,0.193480,0.964983,0.060286,0.000000,2.293852,0.236769,14.668291
1772465865.113133,36.828179,0.210614,0.968130,0.060854,0.000000,1.819928,0.249159,15.573323
1772465865.124831,36.839877,0.225966,0.955758,0.058377,0.000000,1.357097,0.260834,15.787474
1772465865.138555,36.853601,0.237682,0.913018,0.055139,0.000000,0.806027,0.270122,15.396602
1772465865.151250,36.866296,0.247437,0.895027,0.050871,0.000000,0.591768,0.278113,14.251747
1772465865.163571,36.878617,0.252479,0.828384,0.046290,0.000000,0.453975,0.282338,12.961076
1772465865.175137,36.890183,0.254907,0.789248,0.042283,0.000000,0.429049,0.284395,11.880194
1772465865.188464,36.903509,0.252566,0.693400,0.039291,0.000000,0.786530,0.282411,11.405656
1772465865.200876,36.915921,0.247973,0.627008,0.042392,0.000000,2.177376,0.278559,12.362034
1772465865.213373,36.928419,0.242518,0.566555,0.068530,0.000000,2.044445,0.274054,14.555631
1772465865.225040,36.940086,0.236376,0.534556,0.066359,0.000000,1.490505,0.269070,16.276545
1772465865.238479,36.953524,0.229456,0.494395,0.061619,0.000000,1.056158,0.263566,17.036782
1772465865.250821,36.965867,0.222081,0.459572,0.057208,0.000000,0.999822,0.257827,16.319280
1772465865.262982,36.978028,0.215306,0.474383,0.054383,0.000000,1.045888,0.252669,15.292134
1772465865.274862,36.989908,0.209117,0.485943,0.055045,0.000000,1.345877,0.248050,14.622307
1772465865.288259,37.003304,0.204272,0.521280,0.065065,0.000000,1.904383,0.244496,14.514899
1772465865.300770,37.015816,0.199387,0.495379,0.079335,0.000000,2.385060,0.240966,14.913489
1772465865.313130,37.028175,0.194506,0.486503,0.077972,0.000000,2.397561,0.237493,15.751302
1772465865.324852,37.039898,0.189844,0.490632,0.072720,0.000000,2.423345,0.234225,16.386057
1772465865.338287,37.053333,0.187161,0.563789,0.066745,0.000000,1.752482,0.232366,16.458837
1772465865.350676,37.065722,0.183899,0.544009,0.061109,0.000000,1.608906,0.230127,15.649826
1772465865.363488,37.078534,0.180480,0.537155,0.055736,0.000000,1.214658,0.227805,14.777921
1772465865.374800,37.089846,0.178998,0.603629,0.050777,0.000000,0.832907,0.226807,13.742998
1772465865.388490,37.103535,0.176974,0.588025,0.046423,0.000000,0.780979,0.225450,12.899772
1772465865.401335,37.116380,0.175532,0.607541,0.042607,0.000000,0.761502,0.224490,12.040777
1772465865.413196,37.128242,0.172875,0.565146,0.040864,0.000000,0.859996,0.222732,11.346518
1772465865.424797,37.139843,0.169610,0.537383,0.039444,0.000000,1.228635,0.220591,11.160604
1772465865.438380,37.153426,0.165815,0.507891,0.038315,0.000000,2.397437,0.218133,11.932917
1772465865.450738,37.165784,0.161302,0.461300,0.037781,0.000000,3.372546,0.215248,13.427285
1772465865.462950,37.177995,0.156436,0.425134,0.038310,0.000000,1.754236,0.212187,14.770100
1772465865.475165,37.190211,0.151329,0.391269,0.037200,0.000000,0.929260,0.209028,15.009813
1772465865.488703,37.203749,0.146202,0.370978,0.035025,0.000000,0.718845,0.205914,14.396737
1772465865.500753,37.215799,0.140798,0.322149,0.032202,0.000000,0.474241,0.202691,13.056663
1772465865.513191,37.228236,0.135351,0.287498,0.029620,0.000000,0.453890,0.199506,11.624039
1772465865.525252,37.240298,0.129918,0.253412,0.027379,0.000000,0.486711,0.196395,10.364035
1772465865.538411,37.253457,0.124603,0.230039,0.025645,0.000000,0.581044,0.193416,9.433811
1772465865.550589,37.265634,0.119437,0.209665,0.024537,0.000000,0.669645,0.190581,8.708857
1772465865.563603,37.278649,0.114375,0.178319,0.024074,0.000000,0.889679,0.187866,8.288817
1772465865.575721,37.290767,0.109525,0.168198,0.024836,0.000000,1.097569,0.185324,8.130011
1772465865.588724,37.303769,0.104871,0.154990,0.026791,0.000000,1.676311,0.182943,8.317797
1772465865.601063,37.316109,0.100442,0.149888,0.029939,0.000000,2.086922,0.180732,8.788665
1772465865.613220,37.328266,0.096213,0.140530,0.033914,0.000000,2.924272,0.178677,9.603935
1772465865.626262,37.341308,0.092251,0.146269,0.041906,0.000000,6.347647,0.176803,11.512449
1772465865.638220,37.353265,0.088528,0.140875,0.056928,0.000000,21.803350,0.175092,16.903511
1772465865.650802,37.365847,0.085110,0.140793,0.082606,0.000000,12.325602,0.173568,21.086279
1772465865.663152,37.378198,0.081865,0.145752,0.077876,0.000000,3.895003,0.172167,19.782257
1772465865.675270,37.390316,0.078791,0.153680,0.071928,0.000000,1.619608,0.170885,16.718864
1772465865.688561,37.403607,0.075917,0.164965,0.069715,0.000000,1.116839,0.169730,13.603922
1772465865.701021,37.416066,0.073261,0.184370,0.063976,0.000000,0.837782,0.168705,11.000168
1772465865.713720,37.428766,0.070707,0.183806,0.058870,0.000000,0.743394,0.167761,9.177829
1772465865.725126,37.440172,0.068409,0.209446,0.055883,0.000000,0.620884,0.166951,7.883463
1772465865.738802,37.453848,0.066559,0.256430,0.057803,0.000000,0.626631,0.166329,7.124895
1772465865.751002,37.466048,0.065584,0.335915,0.062395,0.000000,1.107827,0.166013,6.678233
1772465865.763683,37.478729,0.065300,0.385523,0.063888,0.000000,2.505145,0.165923,6.847157
1772465865.774864,37.489910,0.065870,0.437820,0.064538,0.000000,7.158299,0.166105,8.619904
1772465865.788697,37.503742,0.066231,0.427892,0.064096,0.000000,3.088700,0.166222,11.014144
1772465865.801405,37.516450,0.065878,0.380072,0.066683,0.000000,0.950769,0.166108,11.513648
1772465865.813521,37.528567,0.064653,0.307159,0.064202,0.000000,0.476151,0.165719,10.824890
1772465865.825341,37.540386,0.062767,0.223784,0.058879,0.000000,0.378704,0.165149,9.719333
1772465865.838669,37.553715,0.060720,0.185693,0.053725,0.000000,0.421058,0.164573,8.639692
1772465865.851239,37.566285,0.058585,0.151461,0.049010,0.000000,0.610991,0.164024,7.618776
1772465865.863785,37.578831,0.056525,0.147995,0.044972,0.000000,0.920671,0.163551,6.860153
1772465865.874717,37.589763,0.054574,0.152842,0.041703,0.000000,1.685205,0.163161,6.476609
1772465865.888237,37.603283,0.052786,0.169947,0.039313,0.000000,2.307213,0.162860,6.687956
1772465865.900760,37.615806,0.051245,0.202964,0.037716,0.000000,2.650938,0.162650,7.244987
1772465865.913149,37.628195,0.049947,0.232944,0.036658,0.000000,3.210677,0.162511,7.994806
1772465865.924935,37.639981,0.048927,0.265762,0.035906,0.000000,16.025846,0.162429,10.543795
1772465865.938519,37.653565,0.048100,0.286875,0.033760,0.000000,43.408132,0.162382,17.758078
1772465865.951651,37.666697,0.047312,0.288149,0.032078,0.000000,44.462464,0.162353,24.427822
1772465865.963808,37.678854,0.046537,0.286594,0.030346,0.000000,15.558642,0.162343,24.323020
1772465865.975127,37.690172,0.045801,0.288165,0.028741,0.000000,10.634963,0.162349,20.689383
1772465865.988473,37.703519,0.045064,0.284397,0.027505,0.000000,4.258407,0.162373,17.238269
1772465866.001045,37.716091,0.044252,0.271425,0.025124,0.000000,2.897879,0.162420,14.075986
1772465866.013170,37.728215,0.043452,0.269602,0.022808,0.000000,2.726404,0.162490,11.860326
1772465866.024519,37.739565,0.042692,0.271700,0.020765,0.000000,3.790331,0.162579,10.512939
1772465866.038006,37.753051,0.042242,0.309554,0.019226,0.000000,3.768792,0.162642,9.909125
1772465866.050534,37.765580,0.042486,0.376945,0.021713,0.000000,1.949593,0.162607,9.394778
1772465866.062891,37.777937,0.043394,0.423647,0.028292,0.000000,1.298514,0.162496,8.776704
1772465866.074834,37.789880,0.047154,0.569553,0.029272,0.000000,0.599577,0.162350,8.445180
1772465866.087956,37.803002,0.052197,0.618022,0.031947,0.000000,0.511971,0.162774,8.084096
1772465866.100408,37.815454,0.057477,0.627163,0.037880,0.000000,0.510494,0.163762,7.663547
1772465866.113315,37.828361,0.062276,0.608519,0.049948,0.000000,0.706003,0.165007,7.276728
1772465866.124950,37.839996,0.066717,0.584097,0.070693,0.000000,0.908614,0.166381,7.067868
1772465866.138208,37.853254,0.068863,0.511594,0.069515,0.000000,1.947947,0.167108,7.240520
1772465866.150593,37.865638,0.070362,0.489989,0.067991,0.000000,2.397317,0.167637,8.023401
1772465866.162977,37.878022,0.071133,0.461457,0.065273,0.000000,3.693144,0.167915,9.402580
1772465866.174741,37.889786,0.071249,0.430956,0.062073,0.000000,12.323909,0.167958,12.791957
1772465866.187990,37.903036,0.071409,0.436505,0.059428,0.000000,79.344035,0.168016,27.959297
1772465866.200540,37.915585,0.071275,0.425096,0.053657,0.000000,16.366253,0.167967,30.166163
1772465866.212969,37.928015,0.070926,0.416030,0.048379,0.000000,5.868690,0.167840,23.626263
1772465866.224693,37.939739,0.070410,0.408257,0.043583,0.000000,3.447411,0.167654,18.981215
1772465866.237867,37.952912,0.069953,0.414840,0.039292,0.000000,2.707939,0.167491,16.123971
1772465866.250530,37.965575,0.068828,0.364710,0.035454,0.000000,1.837668,0.167096,13.956776
1772465866.263090,37.978136,0.067326,0.325914,0.032089,0.000000,1.287447,0.166584,12.077036
1772465866.275008,37.990053,0.065548,0.287383,0.029203,0.000000,0.972378,0.166002,10.609501
1772465866.288122,38.003167,0.063770,0.277941,0.026737,0.000000,0.883974,0.165448,9.518711
1772465866.300954,38.016000,0.061823,0.241299,0.024553,0.000000,0.905388,0.164878,8.618874
1772465866.313521,38.028566,0.059873,0.225596,0.023026,0.000000,0.984618,0.164348,7.920751
1772465866.324946,38.039992,0.057941,0.212043,0.021780,0.000000,1.324115,0.163869,7.449540
1772465866.338273,38.053319,0.056067,0.205852,0.020455,0.000000,1.728852,0.163454,7.307093
1772465866.350939,38.065984,0.054283,0.206580,0.019032,0.000000,3.315831,0.163108,7.537292
1772465866.363168,38.078213,0.052929,0.267080,0.017552,0.000000,10.232228,0.162882,8.972999
1772465866.374722,38.089768,0.051850,0.297466,0.016296,0.000000,10.916319,0.162727,11.569373
1772465866.387981,38.103027,0.051445,0.367680,0.015412,0.000000,7.143757,0.162674,13.690406
1772465866.400446,38.115492,0.051939,0.439121,0.015286,0.000000,2.505384,0.162739,13.766285
1772465866.412951,38.127997,0.054356,0.545371,0.015770,0.000000,1.639017,0.163121,12.538817
1772465866.424781,38.139827,0.057215,0.567745,0.017227,0.000000,1.693649,0.163702,11.141278
1772465866.438144,38.153190,0.060212,0.576633,0.019463,0.000000,2.194817,0.164437,10.192273
1772465866.450552,38.165598,0.063637,0.595844,0.021650,0.000000,2.870143,0.165408,9.822502
1772465866.463015,38.178061,0.067220,0.606078,0.022955,0.000000,2.374086,0.166548,9.832216
1772465866.474709,38.189755,0.071137,0.622254,0.023757,0.000000,1.488996,0.167917,9.907743
1772465866.488097,38.203142,0.076891,0.680516,0.024544,0.000000,1.121975,0.170116,9.961084
1772465866.500570,38.215616,0.085484,0.752752,0.026196,0.000000,0.847266,0.173733,9.919116
1772465866.513008,38.228054,0.095374,0.780930,0.033423,0.000000,0.656926,0.178276,9.697677
1772465866.524656,38.239701,0.106208,0.794719,0.047166,0.000000,0.487605,0.183621,9.424079
1772465866.538204,38.253250,0.115833,0.779003,0.050305,0.000000,0.425493,0.188642,9.114257
1772465866.550769,38.265814,0.124053,0.761612,0.049736,0.000000,0.446430,0.193111,8.750457
1772465866.563780,38.278826,0.127762,0.674073,0.046433,0.000000,0.831646,0.195179,8.530243
1772465866.575604,38.290650,0.129357,0.624858,0.042993,0.000000,1.562777,0.196077,8.938579
1772465866.588522,38.303567,0.128509,0.546822,0.039883,0.000000,20.470894,0.195599,17.588730
1772465866.601060,38.316106,0.126703,0.505711,0.037350,0.000000,15.528913,0.194585,27.118892
1772465866.612592,38.327638,0.124355,0.476645,0.034173,0.000000,2.794837,0.193278,26.116654
1772465866.625487,38.340533,0.122231,0.485482,0.031103,0.000000,1.461695,0.192106,22.014388
1772465866.638075,38.353121,0.120207,0.487980,0.028273,0.000000,0.836779,0.191000,18.044749
1772465866.650796,38.365842,0.118702,0.511642,0.025896,0.000000,0.764873,0.190183,14.902715
1772465866.663177,38.378222,0.117966,0.545335,0.023896,0.000000,0.671147,0.189786,12.749856
1772465866.674873,38.389919,0.118851,0.606907,0.022758,0.000000,1.018641,0.190264,11.388305
1772465866.688298,38.403344,0.120676,0.638200,0.023129,0.000000,1.372231,0.191255,10.938099
1772465866.700470,38.415516,0.123700,0.672065,0.026243,0.000000,1.310985,0.192916,10.989422
1772465866.713036,38.428082,0.127201,0.681558,0.033236,0.000000,0.957660,0.194864,11.241434
1772465866.724891,38.439937,0.130307,0.670887,0.038235,0.000000,0.815925,0.196616,11.268441
1772465866.738258,38.453304,0.133256,0.671773,0.037288,0.000000,0.549232,0.198299,11.060433
1772465866.750586,38.465631,0.136538,0.686752,0.034609,0.000000,0.403913,0.200195,10.531786
1772465866.763076,38.478122,0.141505,0.733233,0.031693,0.000000,0.381087,0.203109,9.982423
1772465866.774688,38.489733,0.149749,0.807719,0.028850,0.000000,0.410367,0.208062,9.646379
1772465866.788124,38.503169,0.160831,0.868534,0.026226,0.000000,0.467186,0.214950,9.564784
1772465866.801023,38.516068,0.172529,0.890674,0.023871,0.000000,0.533415,0.222503,9.506290
1772465866.813200,38.528246,0.185846,0.929082,0.021769,0.000000,0.638988,0.231460,9.560974
1772465866.824818,38.539864,0.199257,0.943193,0.019960,0.000000,0.674128,0.240873,9.823945
1772465866.838179,38.553225,0.212215,0.948190,0.018468,0.000000,0.735260,0.250351,10.277457
1772465866.850500,38.565546,0.224486,0.948679,0.017343,0.000000,0.769003,0.259684,10.693919
1772465866.862986,38.578032,0.235277,0.935209,0.016801,0.000000,0.945946,0.268188,11.098630
1772465866.874774,38.589819,0.243576,0.902650,0.017313,0.000000,0.999870,0.274922,11.633164
1772465866.888134,38.603180,0.249868,0.871172,0.021880,0.000000,1.038035,0.280142,12.295534
1772465866.900436,38.615481,0.254988,0.844901,0.033283,0.000000,1.203522,0.284464,12.852645
1772465866.913093,38.628139,0.260143,0.839223,0.044042,0.000000,1.221797,0.288884,13.411435
1772465866.924850,38.639896,0.263396,0.804692,0.049314,0.000000,1.492667,0.291709,13.900118
1772465866.938176,38.653222,0.264505,0.766653,0.049950,0.000000,1.581053,0.292679,14.478734
1772465866.950519,38.665564,0.264703,0.732944,0.066584,0.000000,1.588824,0.292853,14.769523
1772465866.963068,38.678113,0.264135,0.688808,0.095015,0.000000,1.710075,0.292355,15.029441
1772465866.974818,38.689864,0.262098,0.651599,0.099191,0.000000,1.266809,0.290579,15.069322
1772465866.988200,38.703246,0.258478,0.614512,0.095096,0.000000,1.156812,0.287449,14.784613
1772465867.000571,38.715616,0.253564,0.579475,0.089189,0.000000,0.940227,0.283255,14.047355
1772465867.012962,38.728008,0.248690,0.579475,0.082991,0.000000,0.941169,0.279157,13.295560
1772465867.024866,38.739911,0.242764,0.542712,0.077382,0.000000,0.852748,0.274255,12.684545
1772465867.038079,38.753124,0.235627,0.487887,0.072745,0.000000,0.851661,0.268469,12.193533
1772465867.050535,38.765581,0.228776,0.489451,0.067960,0.000000,0.774494,0.263031,11.732927
1772465867.063248,38.778294,0.221309,0.445551,0.064492,0.000000,0.840254,0.257234,11.304466
1772465867.074838,38.789884,0.213558,0.408925,0.062026,0.000000,0.836037,0.251355,10.972943
1772465867.088278,38.803323,0.206062,0.402513,0.059720,0.000000,0.780858,0.245803,10.812937
1772465867.100588,38.815634,0.198466,0.368509,0.059359,0.000000,0.775637,0.240306,10.486962
1772465867.113247,38.828293,0.190878,0.337452,0.059410,0.000000,0.769494,0.234946,10.189433
1772465867.124808,38.839853,0.183490,0.320815,0.059161,0.000000,0.703590,0.229848,9.863254
1772465867.138320,38.853365,0.176461,0.320815,0.058248,0.000000,0.705949,0.225108,9.659415
1772465867.150699,38.865744,0.169544,0.296634,0.057762,0.000000,0.700500,0.220548,9.348013
1772465867.163224,38.878269,0.162786,0.275495,0.057479,0.000000,0.695315,0.216192,9.091887
1772465867.174711,38.889757,0.156218,0.257359,0.056932,0.000000,0.690691,0.212051,8.826394
1772465867.188146,38.903192,0.149835,0.242140,0.052550,0.000000,0.686892,0.208115,8.710455
1772465867.200477,38.915523,0.143739,0.242140,0.047812,0.000000,0.690096,0.204437,8.506440
1772465867.212954,38.927999,0.137918,0.242140,0.043434,0.000000,0.693156,0.200999,8.309841
1772465867.224800,38.939845,0.132364,0.242211,0.039560,0.000000,0.755983,0.197788,8.159297
1772465867.238539,38.953584,0.126915,0.217324,0.036245,0.000000,0.749846,0.194704,8.130362
1772465867.250856,38.965902,0.121795,0.229731,0.033587,0.000000,0.696539,0.191867,7.946536
1772465867.263299,38.978344,0.116922,0.229731,0.032043,0.000000,0.699312,0.189224,7.736371
1772465867.274912,38.989958,0.112300,0.229883,0.033025,0.000000,0.762160,0.186771,7.576943
1772465867.288364,39.003409,0.107887,0.220243,0.039063,0.000000,0.760504,0.184479,7.527017
1772465867.300649,39.015694,0.103769,0.213187,0.058392,0.000000,0.759822,0.182388,7.417153
1772465867.313114,39.028160,0.100000,0.212965,0.080489,0.000000,0.835227,0.180515,7.303582
1772465867.325022,39.040068,0.096526,0.212965,0.095292,0.000000,0.837869,0.178827,7.244169
1772465867.338226,39.053272,0.093282,0.209073,0.106698,0.000000,0.839050,0.177285,7.256600
1772465867.350836,39.065881,0.090285,0.211080,0.115581,0.000000,0.828948,0.175893,7.194631
1772465867.363153,39.078198,0.087495,0.211080,0.122484,0.000000,0.831061,0.174627,7.064655
1772465867.374845,39.089891,0.084914,0.211080,0.130639,0.000000,0.833016,0.173482,6.959618
1772465867.388138,39.103183,0.082540,0.211080,0.139548,0.000000,0.834814,0.172455,6.939235
1772465867.400779,39.115824,0.080370,0.211080,0.148761,0.000000,0.836458,0.171538,6.877188
1772465867.413375,39.128420,0.078393,0.211080,0.157624,0.000000,0.837956,0.170722,6.748245
1772465867.424864,39.139910,0.076629,0.211080,0.168984,0.000000,0.839292,0.170012,6.638428
1772465867.438486,39.153532,0.075132,0.210126,0.186526,0.000000,0.927519,0.169422,6.676227
1772465867.450800,39.165846,0.074008,0.207824,0.214228,0.000000,0.915362,0.168989,6.670152
1772465867.463336,39.178381,0.073204,0.213201,0.228989,0.000000,0.910983,0.168683,6.660897
1772465867.474767,39.189813,0.072679,0.213998,0.245081,0.000000,0.906001,0.168486,6.650881
1772465867.488192,39.203238,0.072457,0.213998,0.263228,0.000000,0.906173,0.168403,6.747012
1772465867.500771,39.215817,0.072486,0.204394,0.287425,0.000000,0.906910,0.168414,6.767247
1772465867.513191,39.228236,0.072864,0.204394,0.307237,0.000000,0.906622,0.168555,6.750152
1772465867.524799,39.239845,0.073834,0.214170,0.328585,0.000000,0.908140,0.168922,6.777223
1772465867.538357,39.253402,0.075358,0.213686,0.356255,0.000000,0.907718,0.169511,6.952808
1772465867.551021,39.266067,0.076966,0.213686,0.363035,0.000000,0.906613,0.170146,7.051753
1772465867.563941,39.278987,0.077773,0.213686,0.331088,0.000000,0.906057,0.170471,7.022583
1772465867.574829,39.289875,0.077930,0.213686,0.300292,0.000000,0.905950,0.170534,6.892508
1772465867.587974,39.303020,0.077586,0.213686,0.272182,0.000000,0.906186,0.170395,6.983840
1772465867.600799,39.315844,0.076941,0.213686,0.252037,0.000000,0.906630,0.170136,6.978412
1772465867.612730,39.327775,0.076433,0.213686,0.258886,0.000000,0.906979,0.169934,6.924206
1772465867.625589,39.340635,0.076290,0.213686,0.279709,0.000000,0.907077,0.169877,6.995680
1772465867.638362,39.353408,0.076121,0.213686,0.277757,0.000000,0.907193,0.169811,6.965453
1772465867.651284,39.366329,0.075791,0.213686,0.267495,0.000000,0.907420,0.169680,6.937866
1772465867.663576,39.378622,0.075303,0.213686,0.256431,0.000000,0.907756,0.169489,6.851775
1772465867.674692,39.389738,0.075029,0.213686,0.268441,0.000000,0.907944,0.169382,6.793754
1772465867.688303,39.403349,0.074355,0.204893,0.250195,0.000000,0.904129,0.169122,6.882044
1772465867.701068,39.416114,0.073847,0.196929,0.267195,0.000000,0.904143,0.168927,6.877228
1772465867.713044,39.428090,0.073118,0.196929,0.250171,0.000000,0.904687,0.168651,6.717517
1772465867.724633,39.439678,0.072736,0.196929,0.271402,0.000000,0.904973,0.168507,6.708266
1772465867.737917,39.452963,0.072944,0.196929,0.305997,0.000000,0.904817,0.168585,6.797037
1772465867.750509,39.465554,0.073149,0.196929,0.306418,0.000000,0.904664,0.168662,6.814455
1772465867.763051,39.478096,0.073237,0.196929,0.300372,0.000000,0.904598,0.168696,6.801105
1772465867.774695,39.489740,0.073215,0.196929,0.294148,0.000000,0.904615,0.168687,6.770900
1772465867.788016,39.503062,0.073156,0.197509,0.291355,0.000000,0.903346,0.168665,6.799047
1772465867.800766,39.515811,0.073070,0.196105,0.290907,0.000000,1.000208,0.168633,6.814246
1772465867.813124,39.528170,0.073100,0.191774,0.301934,0.000000,1.217873,0.168644,6.879697
1772465867.824790,39.539835,0.073367,0.182055,0.325161,0.000000,1.498055,0.168745,7.054709
1772465867.837889,39.552935,0.073437,0.169685,0.327212,0.000000,1.572413,0.168771,7.352201
1772465867.850852,39.565898,0.072925,0.146868,0.313902,0.000000,1.465934,0.168578,7.643655
1772465867.863159,39.578205,0.071932,0.130837,0.292780,0.000000,1.461486,0.168208,7.872422
1772465867.875132,39.590177,0.070648,0.125176,0.269593,0.000000,1.356057,0.167740,8.068485
1772465867.888544,39.603589,0.069146,0.119713,0.247799,0.000000,1.353570,0.167207,8.020883
1772465867.900742,39.615787,0.067474,0.113108,0.227643,0.000000,1.283650,0.166633,7.681122
1772465867.912966,39.628011,0.065811,0.121832,0.210088,0.000000,1.055852,0.166086,7.246082
1772465867.924735,39.639781,0.064313,0.146763,0.194916,0.000000,0.727530,0.165614,6.805109
1772465867.937950,39.652995,0.062798,0.149125,0.181552,0.000000,0.696547,0.165158,6.418799
1772465867.950864,39.665910,0.061443,0.170286,0.170463,0.000000,0.568432,0.164771,6.067309
1772465867.963289,39.678335,0.060208,0.185030,0.161688,0.000000,0.502104,0.164436,5.708503
1772465867.975021,39.690067,0.059180,0.205518,0.157037,0.000000,0.487288,0.164171,5.397455
1772465867.988169,39.703214,0.058156,0.199931,0.157627,0.000000,0.495388,0.163920,5.184696
1772465868.000890,39.715936,0.057289,0.199931,0.168672,0.000000,0.495577,0.163719,5.007620
1772465868.013286,39.728332,0.057185,0.239317,0.192666,0.000000,0.461310,0.163696,4.887208
1772465868.025016,39.740062,0.057346,0.239317,0.211800,0.000000,0.461286,0.163732,4.797362
1772465868.037987,39.753033,0.057967,0.261863,0.220094,0.000000,0.462941,0.163876,4.798987
1772465868.050845,39.765891,0.059284,0.303934,0.219022,0.000000,0.457254,0.164197,4.839565
1772465868.062975,39.778021,0.060380,0.303934,0.210858,0.000000,0.457157,0.164482,4.840794
1772465868.074734,39.789780,0.061770,0.332259,0.200542,0.000000,0.457952,0.164863,4.879530
1772465868.088161,39.803207,0.062869,0.332259,0.189242,0.000000,0.457872,0.165179,4.952396
1772465868.100596,39.815642,0.063626,0.327938,0.178112,0.000000,0.477175,0.165405,4.981286
1772465868.113297,39.828343,0.064718,0.358059,0.167889,0.000000,0.477646,0.165740,5.034780
1772465868.124716,39.839762,0.066226,0.390421,0.158473,0.000000,0.477650,0.166220,5.101756
1772465868.138002,39.853048,0.067618,0.396941,0.150061,0.000000,0.469696,0.166682,5.204598
1772465868.150700,39.865746,0.068784,0.396941,0.142612,0.000000,0.469620,0.167081,5.264429
1772465868.163005,39.878051,0.069767,0.396941,0.136508,0.000000,0.469555,0.167425,5.290278
1772465868.174718,39.889764,0.070612,0.396941,0.132077,0.000000,0.469500,0.167727,5.309516
1772465868.188354,39.903400,0.071368,0.396941,0.129671,0.000000,0.469450,0.168001,5.381375
1772465868.200480,39.915525,0.072089,0.396941,0.129802,0.000000,0.469403,0.168266,5.385327
1772465868.212936,39.927982,0.072838,0.396941,0.133069,0.000000,0.469354,0.168545,5.398820
1772465868.225142,39.940187,0.073695,0.396941,0.140263,0.000000,0.469298,0.168869,5.428403
1772465868.238590,39.953636,0.074763,0.396941,0.152397,0.000000,0.469229,0.169279,5.501291
1772465868.250515,39.965561,0.076188,0.396941,0.170775,0.000000,0.469136,0.169837,5.550383
1772465868.262917,39.977962,0.078173,0.396941,0.196655,0.000000,0.469006,0.170633,5.616613
1772465868.274611,39.989656,0.080923,0.396524,0.228823,0.000000,0.468105,0.171769,5.714783
1772465868.287914,40.002959,0.084094,0.376445,0.267642,0.000000,0.486511,0.173125,5.872152
1772465868.300877,40.015923,0.089856,0.396941,0.324953,0.000000,0.468249,0.175696,6.131798
1772465868.313016,40.028062,0.097199,0.383883,0.381968,0.000000,0.451822,0.179151,6.355831
1772465868.324867,40.039912,0.105838,0.364170,0.436881,0.000000,0.471489,0.183433,6.625030
1772465868.338306,40.053352,0.116836,0.371126,0.483428,0.000000,0.456238,0.189178,7.002213
1772465868.350819,40.065865,0.129443,0.371126,0.521546,0.000000,0.455577,0.196126,7.355328
1772465868.363173,40.078219,0.143255,0.371126,0.552512,0.000000,0.454858,0.204148,7.648400
1772465868.374682,40.089727,0.156627,0.350794,0.576978,0.000000,0.485169,0.212306,7.934016
1772465868.388127,40.103172,0.170398,0.350794,0.594513,0.000000,0.484615,0.221106,8.335070
1772465868.400586,40.115632,0.183013,0.329468,0.608181,0.000000,0.524398,0.229523,8.628575
1772465868.412899,40.127945,0.195263,0.329468,0.612545,0.000000,0.523947,0.238028,8.872420
1772465868.424707,40.139752,0.207434,0.337197,0.613507,0.000000,0.511054,0.246810,9.160419
1772465868.438255,40.153300,0.219000,0.337197,0.613558,0.000000,0.510566,0.255468,9.466076
1772465868.450512,40.165557,0.230027,0.337197,0.614200,0.000000,0.510104,0.264016,9.618085
1772465868.462892,40.177938,0.239263,0.315313,0.615808,0.000000,0.560755,0.271401,9.747141
1772465868.474742,40.189787,0.247882,0.315313,0.613253,0.000000,0.560366,0.278484,9.937239
1772465868.488090,40.203135,0.255865,0.315313,0.609853,0.000000,0.560008,0.285211,10.179946
1772465868.500462,40.215508,0.262265,0.298330,0.607047,0.000000,0.573977,0.290725,10.269018
1772465868.513060,40.228106,0.267988,0.304690,0.594614,0.000000,0.549894,0.295746,10.356367
1772465868.524744,40.239789,0.272841,0.304690,0.584602,0.000000,0.549596,0.300072,10.364342
1772465868.537872,40.252918,0.277195,0.304690,0.580168,0.000000,0.549330,0.304009,10.487137
1772465868.550706,40.265752,0.281533,0.304690,0.583666,0.000000,0.549064,0.307983,10.523071
1772465868.562857,40.277902,0.286369,0.304690,0.595909,0.000000,0.548769,0.312474,10.496038
1772465868.575099,40.290145,0.292883,0.315313,0.617381,0.000000,0.558361,0.318630,10.590572
1772465868.588536,40.303581,0.300132,0.304690,0.645344,0.000000,0.547931,0.325623,10.844809
1772465868.601211,40.316257,0.310040,0.323937,0.674691,0.000000,0.546366,0.335433,10.874999
1772465868.612808,40.327853,0.319669,0.313660,0.688446,0.000000,0.536635,0.345252,10.930010
1772465868.625096,40.340142,0.330043,0.313660,0.708080,0.000000,0.535920,0.356153,11.139721
1772465868.637908,40.352953,0.341287,0.313660,0.730448,0.000000,0.535147,0.368360,11.342763
1772465868.650700,40.365746,0.353353,0.313660,0.753042,0.000000,0.534322,0.381927,11.514425
1772465868.663180,40.378226,0.366107,0.313290,0.774857,0.000000,0.533196,0.396813,11.560566
1772465868.674869,40.389914,0.379241,0.313660,0.791744,0.000000,0.532563,0.412751,11.709272
1772465868.688278,40.403324,0.392696,0.313660,0.808679,0.000000,0.531655,0.429743,11.975445
1772465868.700480,40.415525,0.406971,0.323631,0.825483,0.000000,0.541285,0.448540,12.097954
1772465868.713041,40.428086,0.420893,0.323631,0.832109,0.000000,0.540607,0.467662,12.262797
1772465868.724808,40.439854,0.434012,0.323631,0.830149,0.000000,0.539973,0.486430,12.425598
1772465868.738194,40.453240,0.446341,0.323631,0.827659,0.000000,0.539380,0.504753,12.659939
1772465868.750589,40.465635,0.459258,0.345824,0.828109,0.000000,0.488429,0.524692,12.701238
1772465868.763571,40.478617,0.471420,0.345824,0.826030,0.000000,0.487893,0.544186,12.694672
1772465868.774826,40.489872,0.484020,0.367644,0.824646,0.000000,0.445897,0.565146,12.558725
1772465868.788275,40.503321,0.495507,0.367644,0.815099,0.000000,0.445370,0.584958,12.672493
1772465868.800503,40.515548,0.505328,0.358404,0.803432,0.000000,0.457832,0.602447,12.590406
1772465868.813191,40.528237,0.514208,0.358404,0.795053,0.000000,0.457503,0.618711,12.629315
1772465868.825086,40.540132,0.522271,0.358404,0.788201,0.000000,0.457205,0.633858,12.691224
1772465868.838822,40.553868,0.529651,0.358404,0.783106,0.000000,0.456935,0.648045,12.898063
1772465868.851389,40.566435,0.536531,0.358404,0.780745,0.000000,0.456685,0.661558,12.913349
1772465868.863370,40.578416,0.543127,0.358404,0.781846,0.000000,0.456446,0.674779,12.833346
1772465868.875321,40.590367,0.549654,0.358404,0.786551,0.000000,0.456212,0.688120,12.934215
1772465868.888188,40.603233,0.556295,0.358404,0.794630,0.000000,0.455974,0.701966,13.078212
1772465868.900652,40.615698,0.563189,0.358404,0.805532,0.000000,0.455729,0.716634,13.135488
1772465868.912967,40.628013,0.570414,0.358404,0.818437,0.000000,0.455474,0.732336,13.113732
1772465868.924740,40.639786,0.577991,0.358404,0.832427,0.000000,0.455209,0.749172,13.147165
1772465868.938053,40.653099,0.585894,0.358404,0.846706,0.000000,0.454934,0.767145,13.335307
1772465868.950501,40.665547,0.594070,0.358404,0.860691,0.000000,0.454651,0.786193,13.360045
1772465868.963804,40.678850,0.602450,0.358404,0.873968,0.000000,0.454364,0.806208,13.376113
1772465868.975130,40.690175,0.610961,0.358404,0.886297,0.000000,0.454074,0.827058,13.383776
1772465868.988389,40.703435,0.619535,0.358404,0.897576,0.000000,0.453785,0.848606,13.579143
1772465869.001230,40.716275,0.627774,0.350395,0.907800,0.000000,0.468801,0.869841,13.585788
1772465869.013236,40.728282,0.635931,0.350395,0.915696,0.000000,0.468582,0.891389,13.626647
1772465869.025184,40.740230,0.644242,0.358404,0.921554,0.000000,0.452966,0.913893,13.724144
1772465869.038699,40.753745,0.651956,0.346303,0.929133,0.000000,0.438364,0.935290,13.863473
1772465869.051370,40.766416,0.659124,0.350395,0.921038,0.000000,0.467970,0.955617,13.790354
1772465869.065160,40.780206,0.665535,0.337813,0.923991,0.000000,0.451929,0.974175,13.886372
1772465869.075490,40.790535,0.670935,0.337813,0.907874,0.000000,0.451728,0.990086,13.568912
1772465869.088562,40.803608,0.675153,0.337813,0.887582,0.000000,0.451571,1.002692,13.887603
1772465869.100821,40.815867,0.678457,0.337813,0.872683,0.000000,0.451449,1.012682,13.881039
1772465869.113778,40.828823,0.681305,0.337813,0.866636,0.000000,0.451344,1.021370,13.976157
1772465869.125298,40.840344,0.684127,0.337813,0.869035,0.000000,0.451240,1.030052,13.803994
1772465869.138435,40.853481,0.687168,0.337813,0.876560,0.000000,0.451128,1.039493,13.893436
1772465869.150732,40.865777,0.689535,0.317216,0.886312,0.000000,0.491215,1.046901,13.884745
1772465869.162696,40.877742,0.691970,0.317216,0.890143,0.000000,0.491122,1.054576,14.076509
1772465869.175364,40.890410,0.694639,0.325380,0.889422,0.000000,0.477183,1.063055,14.194338
1772465869.188186,40.903232,0.695856,0.296530,0.891346,0.000000,0.538349,1.066943,14.346635
1772465869.201482,40.916527,0.696482,0.304306,0.873191,0.000000,0.525215,1.068947,14.444205
1772465869.213393,40.928439,0.696098,0.304306,0.854598,0.000000,0.525235,1.067717,14.379497
1772465869.225133,40.940179,0.694771,0.304306,0.836930,0.000000,0.525304,1.063474,14.486518
1772465869.238672,40.953718,0.692648,0.304306,0.821542,0.000000,0.525414,1.056724,14.613910
1772465869.251151,40.966196,0.689950,0.304306,0.809621,0.000000,0.525554,1.048204,14.446605
1772465869.263363,40.978409,0.686936,0.304306,0.801854,0.000000,0.525711,1.038769,14.354146
1772465869.275093,40.990139,0.683879,0.304306,0.798542,0.000000,0.525870,1.029287,14.366282
1772465869.288456,41.003501,0.681039,0.304306,0.799644,0.000000,0.526018,1.020557,14.457437
1772465869.301097,41.016143,0.678646,0.304306,0.804863,0.000000,0.526143,1.013255,14.358991
1772465869.313437,41.028482,0.676870,0.304306,0.813493,0.000000,0.526235,1.007873,14.252069
1772465869.324799,41.039845,0.675815,0.304306,0.824584,0.000000,0.526291,1.004686,14.269628
1772465869.338731,41.053777,0.675516,0.304306,0.837189,0.000000,0.526306,1.003787,14.492292
1772465869.351786,41.066832,0.675962,0.304306,0.850530,0.000000,0.526283,1.005129,14.370915
1772465869.363608,41.078654,0.677097,0.304306,0.863892,0.000000,0.526224,1.008559,14.127782
1772465869.374950,41.089996,0.678843,0.304306,0.876731,0.000000,0.526132,1.013855,14.265279
1772465869.388570,41.103616,0.681109,0.304306,0.888738,0.000000,0.526014,1.020771,14.592681
1772465869.401157,41.116202,0.683806,0.304306,0.899771,0.000000,0.525874,1.029063,14.455417
1772465869.413730,41.128776,0.686850,0.304306,0.909783,0.000000,0.525715,1.038503,14.421944
1772465869.424934,41.139980,0.690166,0.304306,0.918801,0.000000,0.525543,1.048883,14.354769
1772465869.438418,41.153464,0.693688,0.304306,0.926895,0.000000,0.525360,1.060025,14.615892
1772465869.451242,41.166287,0.698275,0.325380,0.934152,0.000000,0.477020,1.074714,14.514358
1772465869.463106,41.178151,0.702565,0.325380,0.932520,0.000000,0.476827,1.088633,14.215705
1772465869.474992,41.190037,0.706288,0.325380,0.924317,0.000000,0.476661,1.100862,14.214011
1772465869.488234,41.203280,0.709433,0.325380,0.915357,0.000000,0.476520,1.111296,14.272550
1772465869.501190,41.216236,0.712126,0.325380,0.908782,0.000000,0.476400,1.120310,14.220308
1772465869.513329,41.228375,0.715481,0.346303,0.905937,0.000000,0.435537,1.131644,14.080071
1772465869.525071,41.240117,0.718053,0.346303,0.891897,0.000000,0.435426,1.140409,13.968492
1772465869.538392,41.253437,0.719724,0.346303,0.874984,0.000000,0.435353,1.146139,13.966470
1772465869.550523,41.265568,0.721241,0.358404,0.861393,0.000000,0.450540,1.151368,13.919518
1772465869.562760,41.277806,0.721309,0.358404,0.833086,0.000000,0.450538,1.151604,13.889674
1772465869.574607,41.289652,0.719880,0.358404,0.804165,0.000000,0.450581,1.146676,13.931963
1772465869.588086,41.303132,0.717364,0.358404,0.782844,0.000000,0.450658,1.138055,14.039950
1772465869.600503,41.315548,0.713663,0.346303,0.771675,0.000000,0.435616,1.125489,13.936431
1772465869.612492,41.327538,0.711006,0.346303,0.786824,0.000000,0.435731,1.116553,13.794173
1772465869.625830,41.340876,0.708824,0.346303,0.792949,0.000000,0.435826,1.109267,13.865380
1772465869.637506,41.352551,0.706801,0.346303,0.793865,0.000000,0.435914,1.102557,13.694990
1772465869.650422,41.365468,0.705022,0.346303,0.796436,0.000000,0.435992,1.096688,13.768705
1772465869.662833,41.377879,0.703738,0.346303,0.803842,0.000000,0.436048,1.092471,13.724704
1772465869.674738,41.389784,0.703162,0.346303,0.815807,0.000000,0.436073,1.090586,13.712031
1772465869.687938,41.402984,0.703384,0.346303,0.830444,0.000000,0.436064,1.091311,13.779156
1772465869.700485,41.415531,0.704377,0.346303,0.845814,0.000000,0.436020,1.094566,13.783470
1772465869.713367,41.428413,0.706048,0.346303,0.860615,0.000000,0.435947,1.100068,13.749694
1772465869.724954,41.439999,0.708285,0.346303,0.874273,0.000000,0.435850,1.107478,13.728807
1772465869.738456,41.453502,0.710982,0.346303,0.886667,0.000000,0.435732,1.116472,13.875423
1772465869.750790,41.465836,0.714043,0.346303,0.897860,0.000000,0.435599,1.126773,13.837499
1772465869.763466,41.478511,0.717390,0.346303,0.907965,0.000000,0.435454,1.138141,13.835792
1772465869.774708,41.489753,0.720596,0.337813,0.917085,0.000000,0.449922,1.149141,13.839892
1772465869.788092,41.503138,0.724274,0.346303,0.923752,0.000000,0.435157,1.161894,14.026879
1772465869.800615,41.515661,0.727209,0.325380,0.931230,0.000000,0.475732,1.172168,14.075014
1772465869.813475,41.528520,0.730056,0.325380,0.932622,0.000000,0.475607,1.182222,14.144345
1772465869.824790,41.539836,0.732239,0.317216,0.928655,0.000000,0.489603,1.189988,14.228303
1772465869.838551,41.553597,0.733782,0.317216,0.916731,0.000000,0.489546,1.195509,14.485506
1772465869.851202,41.566247,0.735074,0.325380,0.904744,0.000000,0.475386,1.200152,14.431918
1772465869.863604,41.578650,0.735882,0.317216,0.903836,0.000000,0.489468,1.203067,14.366458
1772465869.875121,41.590167,0.737003,0.325380,0.903293,0.000000,0.475302,1.207118,14.368468
1772465869.888449,41.603495,0.738237,0.325380,0.907013,0.000000,0.475248,1.211596,14.448742
1772465869.900846,41.615892,0.738575,0.304306,0.910107,0.000000,0.523059,1.212824,14.439907
1772465869.913190,41.628236,0.738672,0.304306,0.905416,0.000000,0.523054,1.213176,14.532654
1772465869.924909,41.639954,0.738263,0.304306,0.895118,0.000000,0.523075,1.211688,14.650216
1772465869.938582,41.653628,0.738398,0.325380,0.884825,0.000000,0.475241,1.212181,14.766659
1772465869.951166,41.666212,0.737592,0.304306,0.886854,0.000000,0.523109,1.209254,14.576679
1772465869.963462,41.678508,0.736823,0.304306,0.886790,0.000000,0.523148,1.206468,14.552304
1772465869.974915,41.689960,0.736046,0.304306,0.885851,0.000000,0.523188,1.203657,14.614419
1772465869.988426,41.703472,0.735299,0.304306,0.885695,0.000000,0.523225,1.200965,14.815735
1772465870.000788,41.715834,0.734673,0.304306,0.887351,0.000000,0.523257,1.198712,14.708015
1772465870.013118,41.728163,0.734259,0.304306,0.890971,0.000000,0.523278,1.197223,14.677244
1772465870.024737,41.739783,0.734126,0.304306,0.896246,0.000000,0.523285,1.196746,14.652395
1772465870.038113,41.753159,0.735319,0.325380,0.902947,0.000000,0.475376,1.201036,14.725689
1772465870.050510,41.765556,0.736671,0.325380,0.907742,0.000000,0.475316,1.205915,14.516322
1772465870.063897,41.778942,0.737911,0.325380,0.906790,0.000000,0.475262,1.210413,14.384183
1772465870.075052,41.790098,0.738987,0.325380,0.904524,0.000000,0.475215,1.214325,14.201510
1772465870.088536,41.803582,0.739956,0.325380,0.903367,0.000000,0.475173,1.217859,14.377486
1772465870.100839,41.815885,0.740911,0.325380,0.904131,0.000000,0.475131,1.221355,14.271780
1772465870.113402,41.828447,0.741924,0.325380,0.906443,0.000000,0.475087,1.225072,14.332051
1772465870.125102,41.840147,0.743026,0.325057,0.909842,0.000000,0.474788,1.229128,14.263298
1772465870.138504,41.853550,0.744324,0.325057,0.915472,0.000000,0.474731,1.233925,14.428191
1772465870.151051,41.866096,0.745827,0.325380,0.921265,0.000000,0.474917,1.239501,14.359911
1772465870.163388,41.878433,0.747510,0.325380,0.927145,0.000000,0.474844,1.245773,14.311886
1772465870.175043,41.890089,0.749351,0.325380,0.932850,0.000000,0.474764,1.252675,14.339167
1772465870.188499,41.903544,0.752177,0.346303,0.938365,0.000000,0.433972,1.263338,14.428520
1772465870.201112,41.916158,0.754724,0.346303,0.934867,0.000000,0.433865,1.273027,14.186698
1772465870.213224,41.928269,0.756766,0.346303,0.925462,0.000000,0.433780,1.280850,14.035701
1772465870.224913,41.939958,0.758290,0.346303,0.915394,0.000000,0.433716,1.286722,14.027564
1772465870.238198,41.953244,0.759388,0.345952,0.907457,0.000000,0.433448,1.290965,14.117908
1772465870.250690,41.965735,0.760392,0.346303,0.906217,0.000000,0.433629,1.294860,14.077650
1772465870.263217,41.978263,0.761345,0.346303,0.906195,0.000000,0.433589,1.298568,13.982718
1772465870.274915,41.989960,0.762313,0.346303,0.907656,0.000000,0.433549,1.302344,14.025694
1772465870.288761,42.003807,0.763340,0.345952,0.910518,0.000000,0.433282,1.306362,14.167084
1772465870.301018,42.016063,0.764564,0.346303,0.916072,0.000000,0.433455,1.311169,14.053661
1772465870.313537,42.028583,0.765970,0.346303,0.921919,0.000000,0.433397,1.316709,14.059664
1772465870.325342,42.040388,0.767531,0.345952,0.927807,0.000000,0.433107,1.322889,14.055682
1772465870.338299,42.053345,0.769275,0.346303,0.933998,0.000000,0.433260,1.329830,14.146766
1772465870.350743,42.065789,0.771157,0.345952,0.940073,0.000000,0.432956,1.337361,14.137594
1772465870.363264,42.078310,0.773166,0.346303,0.945419,0.000000,0.433100,1.345442,14.108880
1772465870.374939,42.089985,0.775276,0.346303,0.950759,0.000000,0.433013,1.353987,14.124521
1772465870.388540,42.103585,0.777447,0.345952,0.955555,0.000000,0.432695,1.362834,14.225590
1772465870.400855,42.115901,0.778884,0.325380,0.959708,0.000000,0.473495,1.368723,14.236364
1772465870.413250,42.128296,0.780171,0.325057,0.958039,0.000000,0.473174,1.374018,14.299656
1772465870.424883,42.139929,0.781000,0.325057,0.948166,0.000000,0.473139,1.377440,14.434587
1772465870.438299,42.153344,0.781255,0.325057,0.935254,0.000000,0.473128,1.378493,14.651797
1772465870.451257,42.166302,0.780977,0.325057,0.923093,0.000000,0.473140,1.377344,14.585046
1772465870.463300,42.178346,0.780286,0.325057,0.913396,0.000000,0.473169,1.374490,14.491560
1772465870.474846,42.189892,0.779326,0.325057,0.906675,0.000000,0.473210,1.370538,14.427939
1772465870.488602,42.203648,0.778241,0.325057,0.902880,0.000000,0.473257,1.366083,14.616803
1772465870.500950,42.215995,0.777164,0.325057,0.901883,0.000000,0.473303,1.361678,14.527749
1772465870.513572,42.228617,0.776207,0.325057,0.903312,0.000000,0.473344,1.357773,14.415810
1772465870.524855,42.239901,0.775451,0.325057,0.906676,0.000000,0.473377,1.354698,14.383333
1772465870.538322,42.253368,0.774949,0.325057,0.911456,0.000000,0.473398,1.352659,14.595114
1772465870.550978,42.266023,0.774728,0.325057,0.917216,0.000000,0.473408,1.351765,14.517674
1772465870.563541,42.278586,0.774795,0.325057,0.923514,0.000000,0.473405,1.352035,14.414698
1772465870.574934,42.289979,0.775136,0.325057,0.929970,0.000000,0.473390,1.353420,14.411806
1772465870.587316,42.302362,0.775728,0.325057,0.936306,0.000000,0.473365,1.355826,14.528937
1772465870.601003,42.316048,0.776542,0.325057,0.942338,0.000000,0.473330,1.359138,14.652452
1772465870.613392,42.328438,0.777544,0.325057,0.947961,0.000000,0.473287,1.363231,14.413286
1772465870.624966,42.340011,0.778703,0.325057,0.953117,0.000000,0.473237,1.367980,14.491609
1772465870.638206,42.353251,0.780003,0.325380,0.957796,0.000000,0.473447,1.373323,14.599121
1772465870.650758,42.365803,0.781361,0.325057,0.961282,0.000000,0.473123,1.378930,14.542884
1772465870.662843,42.377888,0.782787,0.325057,0.964796,0.000000,0.473062,1.384843,14.462828
1772465870.675378,42.390424,0.784270,0.325057,0.968145,0.000000,0.472999,1.391018,14.565445
1772465870.688933,42.403979,0.785797,0.325057,0.971250,0.000000,0.472933,1.397404,14.679953
1772465870.701147,42.416193,0.787354,0.325057,0.974087,0.000000,0.472867,1.403946,14.503436
1772465870.714084,42.429130,0.788929,0.325057,0.976657,0.000000,0.472800,1.410595,14.511536
1772465870.725318,42.440364,0.790510,0.325057,0.978975,0.000000,0.472732,1.417304,14.472177
1772465870.737548,42.452593,0.792089,0.325057,0.981062,0.000000,0.472665,1.424034,14.631433
1772465870.751296,42.466341,0.793658,0.325057,0.982938,0.000000,0.472599,1.430751,14.805274
1772465870.763608,42.478653,0.795209,0.325057,0.984627,0.000000,0.472533,1.437425,14.513418
1772465870.775148,42.490194,0.797464,0.345952,0.986148,0.000000,0.431876,1.447182,14.422871
1772465870.788744,42.503790,0.798738,0.325057,0.982228,0.000000,0.472383,1.452723,14.605716
1772465870.801205,42.516250,0.799968,0.325057,0.982751,0.000000,0.472331,1.458091,14.490628
1772465870.813880,42.528926,0.801188,0.325057,0.984189,0.000000,0.472280,1.463437,14.558785
1772465870.824981,42.540026,0.803122,0.345952,0.985519,0.000000,0.431647,1.471956,14.423077
1772465870.838546,42.553591,0.804147,0.325057,0.983159,0.000000,0.472155,1.476489,14.672009
1772465870.850444,42.565490,0.805159,0.325057,0.984201,0.000000,0.472112,1.480977,14.506143
1772465870.862864,42.577910,0.806166,0.325057,0.985481,0.000000,0.472070,1.485458,14.615466
1772465870.874706,42.589752,0.807881,0.345952,0.986393,0.000000,0.431455,1.493121,14.572396
1772465870.888117,42.603163,0.808738,0.325057,0.985081,0.000000,0.471962,1.496963,14.619391
1772465870.900617,42.615662,0.809597,0.325057,0.986341,0.000000,0.471926,1.500826,14.607198
1772465870.912833,42.627879,0.810453,0.325057,0.987445,0.000000,0.471890,1.504685,14.541087
1772465870.925114,42.640159,0.811288,0.325057,0.988061,0.000000,0.471855,1.508459,14.662160
1772465870.938350,42.653396,0.812094,0.325057,0.988425,0.000000,0.471821,1.512112,14.746782
1772465870.950763,42.665808,0.812872,0.325057,0.988746,0.000000,0.471788,1.515643,14.681184
1772465870.963674,42.678720,0.813623,0.325057,0.989103,0.000000,0.471757,1.519063,14.670591
1772465870.975595,42.690641,0.814351,0.325057,0.989514,0.000000,0.471726,1.522386,14.674744
