timestamp,iteration,alpha,alpha_smoothed,alpha_geo,alpha_vel,alpha_dir,error_distance,velocity_magnitude
1772443954.5551345,1,0.04403985389889416,0.04403985389889416,0.0,1.0,1.0,0.0,0.0
1772443954.55944,2,0.06858558422414981,0.06858558422414981,0.0,0.7342923267322491,1.0,0.0,0.0
1772443954.5715394,3,0.0919007053847433,0.0919007053847433,0.0,0.7342541674678684,1.0,0.0,0.0
1772443954.5843995,4,0.12903997754112748,0.12903997754112748,0.0,0.9456014266828061,1.0,0.0,0.0
1772443954.59671,5,0.16432228608969243,0.16432228608969243,0.0,0.9456014266828061,1.0,0.0,0.0
1772443954.6096041,6,0.1845557200779815,0.1845557200779815,0.0,0.7539622151418411,1.0,0.0,0.0
1772443954.6215534,7,0.21936778797297657,0.21936778797297657,0.0,1.0,1.0,0.0,0.0
1772443954.6342247,8,0.2501337059999491,0.2501337059999491,0.0,0.9456014266828061,1.0,0.0,0.0
1772443954.646854,9,0.2673991727289509,0.2673991727289509,0.0,0.7695018847867976,1.0,0.0,0.0
1772443954.6595397,10,0.2957635215181247,0.2957635215181247,0.0,0.9456014266828061,1.0,0.0,0.0
1772443954.6715727,11,0.3077230684624188,0.3077230684624188,0.0,0.7342923267322491,1.0,0.0,0.0
1772443954.684239,12,0.3340712224649192,0.3340712224649192,0.0,0.9456014266828061,1.0,0.0,0.0
1772443954.6966414,13,0.3458172096344469,0.3458172096344469,0.0,0.7539622151418408,1.0,0.0,0.0
1772443954.7094824,14,0.3702606565783459,0.3702606565783459,0.0,0.9456014266828061,1.0,0.0,0.0
1772443954.7215598,15,0.3934819311750499,0.3934819311750499,0.0,0.9456014266828061,1.0,0.0,0.0
1772443954.7341475,16,0.41554214204191875,0.41554214204191875,0.0,0.9456014266828061,1.0,0.0,0.0
1772443954.7466779,17,0.43649934236544413,0.43649934236544413,0.0,0.9456014266828061,1.0,0.0,0.0
1772443954.7593815,18,0.4587142291460661,0.4587142291460661,0.0,1.0,1.0,0.0,0.0
1772443954.7715547,19,0.4775128251143841,0.4775128251143841,0.0,0.9456014266828061,1.0,0.0,0.0
1772443954.7841501,20,0.47838010127935193,0.47838010127935193,0.0,0.7113475240944699,1.0,0.0,0.0
1772443954.7965682,21,0.48166071076189015,0.48166071076189015,0.0,0.739489337206385,1.0,0.0,0.0
1772443954.8095136,22,0.5016175291226898,0.5016175291226898,0.0,1.0,1.0,0.0,0.0
1772443954.8215973,23,0.5205765065654494,0.5205765065654494,0.0,1.0,1.0,0.0,0.0
1772443954.8343942,24,0.5243198332661761,0.5243198332661761,0.0,0.7695018847867978,1.0,0.0,0.0
1772443954.8471534,25,0.5278759936318665,0.5278759936318665,0.0,0.7695018847867976,1.0,0.0,0.0
1772443954.859868,26,0.5262251113709602,0.5262251113709602,0.0,0.7113475240944699,1.0,0.0,0.0
1772443954.871496,27,0.527113470348918,0.527113470348918,0.0,0.739489337206385,1.0,0.0,0.0
1772443954.8843274,28,0.5424921042570934,0.5424921042570934,0.0,0.9456014266828061,1.0,0.0,0.0
1772443954.8970232,29,0.5421152220644391,0.5421152220644391,0.0,0.7342923267322491,1.0,0.0,0.0
1772443954.9098585,30,0.5567437683868385,0.5567437683868385,0.0,0.9456014266828061,1.0,0.0,0.0
1772443954.9216452,31,0.5706408873931179,0.5706408873931179,0.0,0.9456014266828061,1.0,0.0,0.0
1772443954.934298,32,0.5861486969223562,0.5861486969223562,0.0,1.0,1.0,0.0,0.0
1772443954.9468117,33,0.6008811159751325,0.6008811159751325,0.0,1.0,1.0,0.0,0.0
1772443954.9595044,34,0.61487691407527,0.61487691407527,0.0,1.0,1.0,0.0,0.0
1772443954.97157,35,0.6108774687433074,0.6108774687433074,0.0,0.7342541674678684,1.0,0.0,0.0
1772443954.9842916,36,0.6220679027317634,0.6220679027317634,0.0,0.9456014266828061,1.0,0.0,0.0
1772443954.9968352,37,0.6326988150207965,0.6326988150207965,0.0,0.9456014266828061,1.0,0.0,0.0
1772443955.0097919,38,0.627811597289957,0.627811597289957,0.0,0.7342923267322491,1.0,0.0,0.0
1772443955.0215018,39,0.6404608713243533,0.6404608713243533,0.0,1.0,1.0,0.0,0.0
1772443955.0341763,40,0.6382099797871349,0.6382099797871349,0.0,0.7695018847867976,1.0,0.0,0.0
1772443955.046693,41,0.6480337882233994,0.6480337882233994,0.0,0.9456014266828061,1.0,0.0,0.0
1772443955.059825,42,0.6573664062378507,0.6573664062378507,0.0,0.9456014266828061,1.0,0.0,0.0
1772443955.071703,43,0.6662323933515795,0.6662323933515795,0.0,0.9456014266828061,1.0,0.0,0.0
1772443955.0843034,44,0.6596684967042008,0.6596684967042008,0.0,0.7342923267322491,1.0,0.0,0.0
1772443955.0968318,45,0.6707249257678849,0.6707249257678849,0.0,1.0,1.0,0.0,0.0
1772443955.1098986,46,0.66696083150849,0.66696083150849,0.0,0.7695018847867976,1.0,0.0,0.0
1772443955.121796,47,0.6583557073537525,0.6583557073537525,0.0,0.7113475240944699,1.0,0.0,0.0
1772443955.134318,48,0.6671722294116862,0.6671722294116862,0.0,0.9456014266828061,1.0,0.0,0.0
1772443955.1469367,49,0.6755479253667231,0.6755479253667231,0.0,0.9456014266828061,1.0,0.0,0.0
1772443955.15955,50,0.6689701436448928,0.6689701436448928,0.0,0.739489337206385,1.0,0.0,0.0
1772443955.171571,51,0.6772559438882695,0.6772559438882695,0.0,0.9456014266828061,1.0,0.0,0.0
1772443955.1840672,52,0.6874330005927501,0.6874330005927501,0.0,1.0,1.0,0.0,0.0
1772443955.1965578,53,0.694795657988734,0.694795657988734,0.0,0.9456014266828061,1.0,0.0,0.0
1772443955.2094479,54,0.7040957289881915,0.7040957289881915,0.0,1.0,1.0,0.0,0.0
1772443955.221537,55,0.6986630945677812,0.6986630945677812,0.0,0.7695018847867978,1.0,0.0,0.0
1772443955.2342064,56,0.7077697937382863,0.7077697937382863,0.0,1.0,1.0,0.0,0.0
1772443955.2466094,57,0.7021534560803713,0.7021534560803713,0.0,0.7695018847867976,1.0,0.0,0.0
1772443955.25932,58,0.7110856371752469,0.7110856371752469,0.0,1.0,1.0,0.0,0.0
1772443955.2715573,59,0.7002742727371715,0.7002742727371715,0.0,0.7113475240944699,1.0,0.0,0.0
1772443955.2842426,60,0.6924601736468188,0.6924601736468188,0.0,0.739489337206385,1.0,0.0,0.0
1772443955.2967062,61,0.7018770188633721,0.7018770188633721,0.0,1.0,1.0,0.0,0.0
1772443955.309339,62,0.6965553199492027,0.6965553199492027,0.0,0.7695018847867978,1.0,0.0,0.0
1772443955.3215392,63,0.7057674078506367,0.7057674078506367,0.0,1.0,1.0,0.0,0.0
1772443955.3341618,64,0.6972234378299058,0.6972234378299058,0.0,0.7342541674678684,1.0,0.0,0.0
1772443955.3467,65,0.6891099889586109,0.6891099889586109,0.0,0.7342923267322491,1.0,0.0,0.0
1772443955.3593602,66,0.6813988898824812,0.6813988898824812,0.0,0.7342541674678684,1.0,0.0,0.0
1772443955.3715713,67,0.6757784936811309,0.6757784936811309,0.0,0.7539622151418411,1.0,0.0,0.0
1772443955.3841362,68,0.6860294228959685,0.6860294228959685,0.0,1.0,1.0,0.0,0.0
1772443955.3967078,69,0.6934622591767914,0.6934622591767914,0.0,0.9456014266828061,1.0,0.0,0.0
1772443955.409521,70,0.6885612982469511,0.6885612982469511,0.0,0.7695018847867976,1.0,0.0,0.0
1772443955.4215791,71,0.6788761507552905,0.6788761507552905,0.0,0.7113475240944699,1.0,0.0,0.0
1772443955.4344683,72,0.6721319577640318,0.6721319577640318,0.0,0.739489337206385,1.0,0.0,0.0
1772443955.446965,73,0.6682975119048294,0.6682975119048294,0.0,0.7695018847867978,1.0,0.0,0.0
1772443955.4608305,74,0.6646547883385873,0.6646547883385873,0.0,0.7695018847867976,1.0,0.0,0.0
1772443955.471537,75,0.6611942009506572,0.6611942009506572,0.0,0.7695018847867978,1.0,0.0,0.0
1772443955.4842548,76,0.6579066429321235,0.6579066429321235,0.0,0.7695018847867976,1.0,0.0,0.0
1772443955.4967992,77,0.6497542282062043,0.6497542282062043,0.0,0.7113475240944699,1.0,0.0,0.0
1772443955.5094447,78,0.6444661313423999,0.6444661313423999,0.0,0.739489337206385,1.0,0.0,0.0
1772443955.5215297,79,0.6562826786741741,0.6562826786741741,0.0,1.0,1.0,0.0,0.0
1772443955.534101,80,0.6675083986393596,0.6675083986393596,0.0,1.0,1.0,0.0,0.0
1772443955.5466182,81,0.6781728326062858,0.6781728326062858,0.0,1.0,1.0,0.0,0.0
1772443955.5594347,82,0.6690071083966584,0.6690071083966584,0.0,0.7113475240944699,1.0,0.0,0.0
1772443955.5715907,83,0.6795966068757197,0.6795966068757197,0.0,1.0,1.0,0.0,0.0
1772443955.58409,84,0.6728163910784395,0.6728163910784395,0.0,0.739489337206385,1.0,0.0,0.0
1772443955.5966234,85,0.6832154254234117,0.6832154254234117,0.0,1.0,1.0,0.0,0.0
1772443955.6097598,86,0.6737975715729282,0.6737975715729282,0.0,0.7113475240944699,1.0,0.0,0.0
1772443955.6216836,87,0.6673073075407876,0.6673073075407876,0.0,0.739489337206385,1.0,0.0,0.0
1772443955.6346729,88,0.6779817960626424,0.6779817960626424,0.0,1.0,1.0,0.0,0.0
1772443955.6472683,89,0.6688256236801973,0.6688256236801973,0.0,0.7113475240944699,1.0,0.0,0.0
1772443955.6595721,90,0.6391022170223944,0.6391022170223944,0.0,0.3540566162001082,1.0,0.0,0.0
1772443955.6716053,91,0.6099628999448915,0.6099628999448915,0.0,0.31159785415217944,1.0,0.0,0.0
1772443955.6844425,92,0.6211990623732683,0.6211990623732683,0.0,0.9456014266828061,1.0,0.0,0.0
1772443955.6968238,93,0.6341789631534991,0.6341789631534991,0.0,1.0,1.0,0.0,0.0
1772443955.7094827,94,0.6442043224214454,0.6442043224214454,0.0,0.9456014266828061,1.0,0.0,0.0
1772443955.721566,95,0.6537284137259944,0.6537284137259944,0.0,0.9456014266828061,1.0,0.0,0.0
1772443955.7343307,96,0.662776300465316,0.662776300465316,0.0,0.9456014266828061,1.0,0.0,0.0
1772443955.7467866,97,0.6563852084622505,0.6563852084622505,0.0,0.7342923267322491,1.0,0.0,0.0
1772443955.7594764,98,0.6533381000681372,0.6533381000681372,0.0,0.7695018847867976,1.0,0.0,0.0
1772443955.7715356,99,0.6504433470937296,0.6504433470937296,0.0,0.7695018847867978,1.0,0.0,0.0
1772443955.784335,100,0.6446655801108441,0.6446655801108441,0.0,0.7342541674678684,1.0,0.0,0.0
1772443955.7966073,101,0.6541666085309232,0.6541666085309232,0.0,0.9456014266828061,1.0,0.0,0.0
1772443955.8091505,102,0.6631925855299984,0.6631925855299984,0.0,0.9456014266828061,1.0,0.0,0.0
1772443955.8216538,103,0.6717672636791198,0.6717672636791198,0.0,0.9456014266828061,1.0,0.0,0.0
1772443955.8349972,104,0.6629218179158508,0.6629218179158508,0.0,0.7113475240944699,1.0,0.0,0.0
1772443955.847127,105,0.6569753415665641,0.6569753415665641,0.0,0.739489337206385,1.0,0.0,0.0
1772443955.8598328,106,0.6658608819138572,0.6658608819138572,0.0,0.9456014266828061,1.0,0.0,0.0
1772443955.8720999,107,0.6743021452437856,0.6743021452437856,0.0,0.9456014266828061,1.0,0.0,0.0
1772443955.8844364,108,0.6846268918804905,0.6846268918804905,0.0,1.0,1.0,0.0,0.0
1772443955.8969018,109,0.6944354011853602,0.6944354011853602,0.0,1.0,1.0,0.0,0.0
1772443955.909511,110,0.7037534850249864,0.7037534850249864,0.0,1.0,1.0,0.0,0.0
1772443955.9217753,111,0.7126056646726312,0.7126056646726312,0.0,1.0,1.0,0.0,0.0
1772443955.934195,112,0.7017182988596866,0.7017182988596866,0.0,0.7113475240944699,1.0,0.0,0.0
1772443955.9468203,113,0.6950819322094759,0.6950819322094759,0.0,0.7539622151418408,1.0,0.0,0.0
1772443955.959104,114,0.6870755586192024,0.6870755586192024,0.0,0.7342923267322491,1.0,0.0,0.0
1772443955.9716678,115,0.6824939327172416,0.6824939327172416,0.0,0.7695018847867976,1.0,0.0,0.0
1772443955.9848375,116,0.6781413881103787,0.6781413881103787,0.0,0.7695018847867978,1.0,0.0,0.0
1772443955.9972496,117,0.6882741726037539,0.6882741726037539,0.0,1.0,1.0,0.0,0.0
1772443956.0095735,118,0.6836326160025654,0.6836326160025654,0.0,0.7695018847867976,1.0,0.0,0.0
1772443956.0220017,119,0.6792231372314365,0.6792231372314365,0.0,0.7695018847867978,1.0,0.0,0.0
1772443956.0344243,120,0.6720063807416655,0.6720063807416655,0.0,0.7342541674678684,1.0,0.0,0.0
1772443956.0469146,121,0.6801403691302036,0.6801403691302036,0.0,0.9456014266828061,1.0,0.0,0.0
1772443956.0594668,122,0.6901732045725876,0.6901732045725876,0.0,1.0,1.0,0.0,0.0
1772443956.0715587,123,0.6854366963729575,0.6854366963729575,0.0,0.7695018847867978,1.0,0.0,0.0
1772443956.0842526,124,0.6779092619261105,0.6779092619261105,0.0,0.7342541674678684,1.0,0.0,0.0
1772443956.096805,125,0.6707615218500053,0.6707615218500053,0.0,0.7342923267322491,1.0,0.0,0.0
1772443956.1099107,126,0.6669955977865043,0.6669955977865043,0.0,0.7695018847867976,1.0,0.0,0.0
1772443956.121829,127,0.6634179699261784,0.6634179699261784,0.0,0.7695018847867978,1.0,0.0,0.0
1772443956.1342313,128,0.6742869253287637,0.6742869253287637,0.0,1.0,1.0,0.0,0.0
1772443956.1465626,129,0.6846124329612197,0.6846124329612197,0.0,1.0,1.0,0.0,0.0
1772443956.1594884,130,0.69211611873878,0.69211611873878,0.0,0.9456014266828061,1.0,0.0,0.0
1772443956.1715026,131,0.6859598610946146,0.6859598610946146,0.0,0.7539622151418408,1.0,0.0,0.0
1772443956.1841931,132,0.695701721938778,0.695701721938778,0.0,1.0,1.0,0.0,0.0
1772443956.1966925,133,0.6876643588620394,0.6876643588620394,0.0,0.7342923267322491,1.0,0.0,0.0
1772443956.2094836,134,0.6950154483445588,0.6950154483445588,0.0,0.9456014266828061,1.0,0.0,0.0
1772443956.222048,135,0.7019989833529521,0.7019989833529521,0.0,0.9456014266828061,1.0,0.0,0.0
1772443956.2345488,136,0.6936434345571054,0.6936434345571054,0.0,0.7342541674678684,1.0,0.0,0.0
1772443956.24691,137,0.6857089858494505,0.6857089858494505,0.0,0.7342923267322491,1.0,0.0,0.0
1772443956.2595549,138,0.6931578439825993,0.6931578439825993,0.0,0.9456014266828061,1.0,0.0,0.0
1772443956.271564,139,0.6856995663299752,0.6856995663299752,0.0,0.739489337206385,1.0,0.0,0.0
1772443956.2841887,140,0.6931488954390977,0.6931488954390977,0.0,0.9456014266828061,1.0,0.0,0.0
1772443956.2967749,141,0.6852391736873432,0.6852391736873432,0.0,0.7342923267322491,1.0,0.0,0.0
1772443956.3094866,142,0.6927115224285973,0.6927115224285973,0.0,0.9456014266828061,1.0,0.0,0.0
1772443956.3215263,143,0.6865254945999412,0.6865254945999412,0.0,0.7539622151418408,1.0,0.0,0.0
1772443956.3343978,144,0.6789469428901445,0.6789469428901445,0.0,0.7342923267322491,1.0,0.0,0.0
1772443956.3466828,145,0.6717439961174382,0.6717439961174382,0.0,0.7342541674678684,1.0,0.0,0.0
1772443956.3593445,146,0.6798911037371875,0.6798911037371875,0.0,0.9456014266828061,1.0,0.0,0.0
1772443956.37149,147,0.6706394659710151,0.6706394659710151,0.0,0.7113475240944699,1.0,0.0,0.0
1772443956.3842134,148,0.6643071072189702,0.6643071072189702,0.0,0.739489337206385,1.0,0.0,0.0
1772443956.3966398,149,0.6751316057569159,0.6751316057569159,0.0,1.0,1.0,0.0,0.0
1772443956.4093473,150,0.6711471774980694,0.6711471774980694,0.0,0.7695018847867978,1.0,0.0,0.0
1772443956.4216027,151,0.6816296725220601,0.6816296725220601,0.0,1.0,1.0,0.0,0.0
1772443956.4341156,152,0.6742925892677579,0.6742925892677579,0.0,0.7342541674678684,1.0,0.0,0.0
1772443956.4467428,153,0.6846178137032642,0.6846178137032642,0.0,1.0,1.0,0.0,0.0
1772443956.459425,154,0.6788364713108747,0.6788364713108747,0.0,0.7539622151418411,1.0,0.0,0.0
1772443956.4715424,155,0.6720942622918368,0.6720942622918368,0.0,0.739489337206385,1.0,0.0,0.0
1772443956.4842732,156,0.6825294030761391,0.6825294030761391,0.0,1.0,1.0,0.0,0.0
1772443956.4968023,157,0.6781750849513314,0.6781750849513314,0.0,0.7695018847867978,1.0,0.0,0.0
1772443956.5093343,158,0.6740384827327641,0.6740384827327641,0.0,0.7695018847867976,1.0,0.0,0.0
1772443956.521637,159,0.6650794760168129,0.6650794760168129,0.0,0.7113475240944699,1.0,0.0,0.0
1772443956.5347679,160,0.6735598096415936,0.6735598096415936,0.0,0.9456014266828061,1.0,0.0,0.0
1772443956.5470583,161,0.6816161265851352,0.6816161265851352,0.0,0.9456014266828061,1.0,0.0,0.0
1772443956.5628874,162,0.6915751741547725,0.6915751741547725,0.0,1.0,1.0,0.0,0.0
1772443956.5719566,163,0.6987307228726553,0.6987307228726553,0.0,0.9456014266828061,1.0,0.0,0.0
1772443956.584512,164,0.7078340406279167,0.7078340406279167,0.0,1.0,1.0,0.0,0.0
1772443956.596777,165,0.7022144906255201,0.7022144906255201,0.0,0.7695018847867976,1.0,0.0,0.0
1772443956.6094196,166,0.7088380735198654,0.7088380735198654,0.0,0.9456014266828061,1.0,0.0,0.0
1772443956.6216135,167,0.7001438928640724,0.7001438928640724,0.0,0.7342923267322491,1.0,0.0,0.0
1772443956.6343205,168,0.7091765521197629,0.7091765521197629,0.0,1.0,1.0,0.0,0.0
1772443956.646715,169,0.7154520319393961,0.7154520319393961,0.0,0.9456014266828061,1.0,0.0,0.0
1772443956.6595972,170,0.7237192842413205,0.7237192842413205,0.0,1.0,1.0,0.0,0.0
1772443956.6715624,171,0.6910579828856287,0.6910579828856287,0.0,0.3458375714609163,1.0,0.0,0.0
1772443956.6843681,172,0.6602846548130608,0.6602846548130608,0.0,0.3565983778790624,1.0,0.0,0.0
1772443956.696843,173,0.669004729498029,0.669004729498029,0.0,0.9456014266828061,1.0,0.0,0.0
1772443956.7094367,174,0.6627541075696334,0.6627541075696334,0.0,0.739489337206385,1.0,0.0,0.0
1772443956.7215607,175,0.6736562560900459,0.6736562560900459,0.0,1.0,1.0,0.0,0.0
1772443956.734219,176,0.6647163607062305,0.6647163607062305,0.0,0.7113475240944699,1.0,0.0,0.0
1772443956.7467973,177,0.6586801572174249,0.6586801572174249,0.0,0.739489337206385,1.0,0.0,0.0
1772443956.75964,178,0.6674804567821749,0.6674804567821749,0.0,0.9456014266828061,1.0,0.0,0.0
1772443956.771569,179,0.6608541569632665,0.6608541569632665,0.0,0.7342923267322491,1.0,0.0,0.0
1772443956.7841525,180,0.6575836011441025,0.6575836011441025,0.0,0.7695018847867976,1.0,0.0,0.0
1772443956.7967374,181,0.6494473385075844,0.6494473385075844,0.0,0.7113475240944699,1.0,0.0,0.0
1772443956.809476,182,0.6587092790078265,0.6587092790078265,0.0,0.9456014266828061,1.0,0.0,0.0
1772443956.8215742,183,0.6555459670864344,0.6555459670864344,0.0,0.7695018847867976,1.0,0.0,0.0
1772443956.8341022,184,0.6668085226310069,0.6668085226310069,0.0,1.0,1.0,0.0,0.0
1772443956.846855,185,0.6632402485284558,0.6632402485284558,0.0,0.7695018847867978,1.0,0.0,0.0
1772443956.8596528,186,0.6598503881310323,0.6598503881310323,0.0,0.7695018847867976,1.0,0.0,0.0
1772443956.871575,187,0.6566300207534799,0.6566300207534799,0.0,0.7695018847867978,1.0,0.0,0.0
1772443956.8842459,188,0.6535706717448051,0.6535706717448051,0.0,0.7695018847867976,1.0,0.0,0.0
1772443956.8967905,189,0.6506642901865641,0.6506642901865641,0.0,0.7695018847867978,1.0,0.0,0.0
1772443956.9094443,190,0.6479032277062352,0.6479032277062352,0.0,0.7695018847867976,1.0,0.0,0.0
1772443956.92154,191,0.6402509837416104,0.6402509837416104,0.0,0.7113475240944699,1.0,0.0,0.0
1772443956.9341812,192,0.6499727419801512,0.6499727419801512,0.0,0.9456014266828061,1.0,0.0,0.0
1772443956.9467447,193,0.6442185052529446,0.6442185052529446,0.0,0.7342541674678684,1.0,0.0,0.0
1772443956.9594185,194,0.6387553030104977,0.6387553030104977,0.0,0.7342923267322491,1.0,0.0,0.0
1772443956.9716067,195,0.6106995874280472,0.6106995874280472,0.0,0.360737285549226,1.0,0.0,0.0
1772443956.9841805,196,0.5835076194270196,0.5835076194270196,0.0,0.3377213261079107,1.0,0.0,0.0
1772443956.9966943,197,0.5960665458812899,0.5960665458812899,0.0,0.9456014266828061,1.0,0.0,0.0
1772443957.0093632,198,0.5691089201265728,0.5691089201265728,0.0,0.3131977790523642,1.0,0.0,0.0
1772443957.021514,199,0.5432463689782199,0.5432463689782199,0.0,0.2991432631924196,1.0,0.0,0.0
1772443957.0343242,200,0.5432836650758147,0.5432836650758147,0.0,0.739489337206385,1.0,0.0,0.0
1772443957.0466752,201,0.5601593357209181,0.5601593357209181,0.0,1.0,1.0,0.0,0.0
1772443957.0592775,202,0.5619235209638715,0.5619235209638715,0.0,0.7695018847867978,1.0,0.0,0.0
1772443957.0716393,203,0.5778671988145722,0.5778671988145722,0.0,1.0,1.0,0.0,0.0
1772443957.0842867,204,0.5757182392456445,0.5757182392456445,0.0,0.7342541674678684,1.0,0.0,0.0
1772443957.0967057,205,0.575381875576136,0.575381875576136,0.0,0.7539622151418411,1.0,0.0,0.0
1772443957.109501,206,0.573812396343835,0.573812396343835,0.0,0.739489337206385,1.0,0.0,0.0
1772443957.1215653,207,0.5891616304255374,0.5891616304255374,0.0,1.0,1.0,0.0,0.0
1772443957.1343951,208,0.6014378563298818,0.6014378563298818,0.0,0.9456014266828061,1.0,0.0,0.0
1772443957.146815,209,0.5998155118061613,0.5998155118061613,0.0,0.7539622151418411,1.0,0.0,0.0
1772443957.159436,210,0.598274284508627,0.598274284508627,0.0,0.7539622151418408,1.0,0.0,0.0
1772443957.1716743,211,0.5968101185759693,0.5968101185759693,0.0,0.7539622151418411,1.0,0.0,0.0
1772443957.1842914,212,0.5704942755035451,0.5704942755035451,0.0,0.3458375714609163,1.0,0.0,0.0
1772443957.1969323,213,0.5449108768769204,0.5449108768769204,0.0,0.318208767723948,1.0,0.0,0.0
1772443957.209656,214,0.5424082504537614,0.5424082504537614,0.0,0.7113475240944699,1.0,0.0,0.0
1772443957.221643,215,0.5424874524775792,0.5424874524775792,0.0,0.739489337206385,1.0,0.0,0.0
1772443957.2342672,216,0.5451352318826995,0.5451352318826995,0.0,0.7695018847867978,1.0,0.0,0.0
1772443957.246803,217,0.5205443989748533,0.5205443989748533,0.0,0.30333173030333466,1.0,0.0,0.0
1772443957.2596483,218,0.49734575062139713,0.49734575062139713,0.0,0.31228335266976803,1.0,0.0,0.0
1772443957.271598,219,0.5165183169892215,0.5165183169892215,0.0,1.0,1.0,0.0,0.0
1772443957.2842035,220,0.5204645531687596,0.5204645531687596,0.0,0.7695018847867976,1.0,0.0,0.0
1772443957.2967987,221,0.4973826406588742,0.4973826406588742,0.0,0.31820876772394824,1.0,0.0,0.0
1772443957.3094983,222,0.4751595311910503,0.4751595311910503,0.0,0.30220096811822184,1.0,0.0,0.0
1772443957.321708,223,0.4781492776516982,0.4781492776516982,0.0,0.7342923267322491,1.0,0.0,0.0
1772443957.3342917,224,0.4959761211947346,0.4959761211947346,0.0,0.9456014266828061,1.0,0.0,0.0
1772443957.3468878,225,0.4996268634277715,0.4996268634277715,0.0,0.7539622151418408,1.0,0.0,0.0
1772443957.359552,226,0.5013932432765833,0.5013932432765833,0.0,0.7342923267322491,1.0,0.0,0.0
1772443957.371624,227,0.5060957331417534,0.5060957331417534,0.0,0.7695018847867976,1.0,0.0,0.0
1772443957.3841186,228,0.5248308003835599,0.5248308003835599,0.0,1.0,1.0,0.0,0.0
1772443957.3967206,229,0.5003244614525706,0.5003244614525706,0.0,0.239202973385694,1.0,0.0,0.0
1772443957.409606,230,0.4779011332379177,0.4779011332379177,0.0,0.2991432631924196,1.0,0.0,0.0
1772443957.421664,231,0.4824556248687955,0.4824556248687955,0.0,0.7539622151418408,1.0,0.0,0.0
1772443957.4344769,232,0.4850805666455561,0.4850805666455561,0.0,0.7342923267322491,1.0,0.0,0.0
1772443957.446886,233,0.49059869034227754,0.49059869034227754,0.0,0.7695018847867976,1.0,0.0,0.0
1772443957.460054,234,0.5078030632507851,0.5078030632507851,0.0,0.9456014266828061,1.0,0.0,0.0
1772443957.4715981,235,0.5108624583810195,0.5108624583810195,0.0,0.7539622151418411,1.0,0.0,0.0
1772443957.4841542,236,0.5293591893608627,0.5293591893608627,0.0,1.0,1.0,0.0,0.0
1772443957.496823,237,0.5313407781855932,0.5313407781855932,0.0,0.7539622151418408,1.0,0.0,0.0
1772443957.5096748,238,0.5488135931752077,0.5488135931752077,0.0,1.0,1.0,0.0,0.0
1772443957.521504,239,0.5631072209420687,0.5631072209420687,0.0,0.9456014266828061,1.0,0.0,0.0
1772443957.5347354,240,0.5766861673205865,0.5766861673205865,0.0,0.9456014266828061,1.0,0.0,0.0
1772443957.546571,241,0.5895861663801785,0.5895861663801785,0.0,0.9456014266828061,1.0,0.0,0.0
1772443957.559406,242,0.6041467119600638,0.6041467119600638,0.0,1.0,1.0,0.0,0.0
1772443957.571486,243,0.6037115283910598,0.6037115283910598,0.0,0.7695018847867978,1.0,0.0,0.0
1772443957.584142,244,0.617565805870401,0.617565805870401,0.0,1.0,1.0,0.0,0.0
1772443957.5966458,245,0.6164596676058802,0.6164596676058802,0.0,0.7695018847867976,1.0,0.0,0.0
1772443957.6093554,246,0.6273709916512076,0.6273709916512076,0.0,0.9456014266828061,1.0,0.0,0.0
1772443957.621481,247,0.6400422959675414,0.6400422959675414,0.0,1.0,1.0,0.0,0.0
1772443957.634093,248,0.6347879041893646,0.6347879041893646,0.0,0.7342923267322491,1.0,0.0,0.0
1772443957.6466465,249,0.6447828164055177,0.6447828164055177,0.0,0.9456014266828061,1.0,0.0,0.0
1772443957.6593854,250,0.656583529484136,0.656583529484136,0.0,1.0,1.0,0.0,0.0
1772443957.6714401,251,0.6274722275361363,0.6274722275361363,0.0,0.3540566162001082,1.0,0.0,0.0
1772443957.6841574,252,0.5990580086261273,0.5990580086261273,0.0,0.3191389686875361,1.0,0.0,0.0
1772443957.6966832,253,0.6131449620937152,0.6131449620937152,0.0,1.0,1.0,0.0,0.0
1772443957.7093523,254,0.6265275678879236,0.6265275678879236,0.0,1.0,1.0,0.0,0.0
1772443957.7215524,255,0.6392410433924216,0.6392410433924216,0.0,1.0,1.0,0.0,0.0
1772443957.7340202,256,0.6370511432517998,0.6370511432517998,0.0,0.7695018847867978,1.0,0.0,0.0
1772443957.7469568,257,0.634970738118209,0.634970738118209,0.0,0.7695018847867976,1.0,0.0,0.0
1772443957.7594109,258,0.6472620551111927,0.6472620551111927,0.0,1.0,1.0,0.0,0.0
1772443957.7715535,259,0.6396418697763201,0.6396418697763201,0.0,0.7113475240944699,1.0,0.0,0.0
1772443957.7843115,260,0.6348593908340099,0.6348593908340099,0.0,0.739489337206385,1.0,0.0,0.0
1772443957.7967703,261,0.6448507287179307,0.6448507287179307,0.0,0.9456014266828061,1.0,0.0,0.0
1772443957.8094258,262,0.6566480461809283,0.6566480461809283,0.0,1.0,1.0,0.0,0.0
1772443957.8215332,263,0.6505633668920822,0.6505633668920822,0.0,0.7342923267322491,1.0,0.0,0.0
1772443957.8342128,264,0.6620750524463722,0.6620750524463722,0.0,1.0,1.0,0.0,0.0
1772443957.8467402,265,0.6587434518530528,0.6587434518530528,0.0,0.7695018847867976,1.0,0.0,0.0
1772443957.8596735,266,0.6698461331592943,0.6698461331592943,0.0,1.0,1.0,0.0,0.0
1772443957.8716037,267,0.6661259785303288,0.6661259785303288,0.0,0.7695018847867978,1.0,0.0,0.0
1772443957.8841307,268,0.6625918316328117,0.6625918316328117,0.0,0.7695018847867976,1.0,0.0,0.0
1772443957.8966446,269,0.6592343920801703,0.6592343920801703,0.0,0.7695018847867978,1.0,0.0,0.0
1772443957.9095852,270,0.6560448245051611,0.6560448245051611,0.0,0.7695018847867976,1.0,0.0,0.0
1772443957.9217384,271,0.6530147353089023,0.6530147353089023,0.0,0.7695018847867978,1.0,0.0,0.0
1772443957.934201,272,0.6471083989152581,0.6471083989152581,0.0,0.7342541674678684,1.0,0.0,0.0
1772443957.9468265,273,0.6432025272622688,0.6432025272622688,0.0,0.7539622151418411,1.0,0.0,0.0
1772443957.9595444,274,0.6527767083247766,0.6527767083247766,0.0,0.9456014266828061,1.0,0.0,0.0
1772443957.9715912,275,0.6618721803341591,0.6618721803341591,0.0,0.9456014266828061,1.0,0.0,0.0
1772443957.9842699,276,0.655978185863957,0.655978185863957,0.0,0.739489337206385,1.0,0.0,0.0
1772443957.9967718,277,0.6649135839963805,0.6649135839963805,0.0,0.9456014266828061,1.0,0.0,0.0
1772443958.0097868,278,0.6734022122221828,0.6734022122221828,0.0,0.9456014266828061,1.0,0.0,0.0
1772443958.0216215,279,0.6837719555099678,0.6837719555099678,0.0,1.0,1.0,0.0,0.0
1772443958.0342937,280,0.6793555097634687,0.6793555097634687,0.0,0.7695018847867978,1.0,0.0,0.0
1772443958.0466614,281,0.6894275881741895,0.6894275881741895,0.0,1.0,1.0,0.0,0.0
1772443958.0594215,282,0.6847283607944793,0.6847283607944793,0.0,0.7695018847867976,1.0,0.0,0.0
1772443958.0716045,283,0.6802640947837546,0.6802640947837546,0.0,0.7695018847867978,1.0,0.0,0.0
1772443958.0841553,284,0.690290743943461,0.690290743943461,0.0,1.0,1.0,0.0,0.0
1772443958.0966814,285,0.6855483587752872,0.6855483587752872,0.0,0.7695018847867976,1.0,0.0,0.0
1772443958.1094513,286,0.6810430928655221,0.6810430928655221,0.0,0.7695018847867978,1.0,0.0,0.0
1772443958.1215653,287,0.6767630902512453,0.6767630902512453,0.0,0.7695018847867976,1.0,0.0,0.0
1772443958.1341407,288,0.6869647896375771,0.6869647896375771,0.0,1.0,1.0,0.0,0.0
1772443958.146673,289,0.6823887021846975,0.6823887021846975,0.0,0.7695018847867978,1.0,0.0,0.0
1772443958.1597977,290,0.6780414191044619,0.6780414191044619,0.0,0.7695018847867976,1.0,0.0,0.0
1772443958.171633,291,0.6858736555748601,0.6858736555748601,0.0,0.9456014266828061,1.0,0.0,0.0
1772443958.184122,292,0.6783276958163175,0.6783276958163175,0.0,0.7342923267322491,1.0,0.0,0.0
1772443958.1967638,293,0.6741834630545008,0.6741834630545008,0.0,0.7695018847867976,1.0,0.0,0.0
1772443958.209794,294,0.6822085973273971,0.6822085973273971,0.0,0.9456014266828061,1.0,0.0,0.0
1772443958.2215242,295,0.6921380213599214,0.6921380213599214,0.0,1.0,1.0,0.0,0.0
1772443958.234412,296,0.6992654277175466,0.6992654277175466,0.0,0.9456014266828061,1.0,0.0,0.0
1772443958.2466865,297,0.7083420102305634,0.7083420102305634,0.0,1.0,1.0,0.0,0.0
1772443958.2595859,298,0.7146592171446565,0.7146592171446565,0.0,0.9456014266828061,1.0,0.0,0.0
1772443958.2716098,299,0.705673979307624,0.705673979307624,0.0,0.7342923267322491,1.0,0.0,0.0
1772443958.2846756,300,0.6732359818815902,0.6732359818815902,0.0,0.3131977790523642,1.0,0.0,0.0
1772443958.296807,301,0.6412183265269875,0.6412183265269875,0.0,0.23123319839637962,1.0,0.0,0.0
1772443958.3098547,302,0.6508917176262594,0.6508917176262594,0.0,0.9456014266828061,1.0,0.0,0.0
1772443958.3214839,303,0.6600814391705677,0.6600814391705677,0.0,0.9456014266828061,1.0,0.0,0.0
1772443958.3341146,304,0.6711172211109335,0.6711172211109335,0.0,1.0,1.0,0.0,0.0
1772443958.346678,305,0.6660109083481605,0.6660109083481605,0.0,0.7539622151418411,1.0,0.0,0.0
1772443958.3593357,306,0.6611599112235261,0.6611599112235261,0.0,0.7539622151418408,1.0,0.0,0.0
1772443958.3715632,307,0.6698362230879711,0.6698362230879711,0.0,0.9456014266828061,1.0,0.0,0.0
1772443958.3842182,308,0.6803842658324667,0.6803842658324667,0.0,1.0,1.0,0.0,0.0
1772443958.3966346,309,0.6711079699615303,0.6711079699615303,0.0,0.7113475240944699,1.0,0.0,0.0
1772443958.4093819,310,0.6792868788890751,0.6792868788890751,0.0,0.9456014266828061,1.0,0.0,0.0
1772443958.4214923,311,0.6750946869736206,0.6750946869736206,0.0,0.7695018847867976,1.0,0.0,0.0
1772443958.434175,312,0.6853798065238338,0.6853798065238338,0.0,1.0,1.0,0.0,0.0
1772443958.4466655,313,0.6951506700965363,0.6951506700965363,0.0,1.0,1.0,0.0,0.0
1772443958.4593048,314,0.6851360540123965,0.6851360540123965,0.0,0.7113475240944699,1.0,0.0,0.0
1772443958.4714513,315,0.6793287996045504,0.6793287996045504,0.0,0.7539622151418408,1.0,0.0,0.0
1772443958.4841526,316,0.6870966670499442,0.6870966670499442,0.0,0.9456014266828061,1.0,0.0,0.0
1772443958.496718,317,0.6825139857264463,0.6825139857264463,0.0,0.7695018847867978,1.0,0.0,0.0
1772443958.50944,318,0.6781604384691232,0.6781604384691232,0.0,0.7695018847867976,1.0,0.0,0.0
1772443958.5214639,319,0.6882922704445612,0.6882922704445612,0.0,1.0,1.0,0.0,0.0
1772443958.534111,320,0.6836498089513324,0.6836498089513324,0.0,0.7695018847867978,1.0,0.0,0.0
1772443958.54683,321,0.6912016259293872,0.6912016259293872,0.0,0.9456014266828061,1.0,0.0,0.0
1772443958.5593588,322,0.6603594191591249,0.6603594191591249,0.0,0.3540566162001082,1.0,0.0,0.0
1772443958.5715268,323,0.6301572419747855,0.6301572419747855,0.0,0.31159785415217944,1.0,0.0,0.0
1772443958.5842965,324,0.6403836873016675,0.6403836873016675,0.0,0.9456014266828061,1.0,0.0,0.0
1772443958.5967393,325,0.6524043568354783,0.6524043568354783,0.0,1.0,1.0,0.0,0.0
1772443958.6095066,326,0.6615184464193257,0.6615184464193257,0.0,0.9456014266828061,1.0,0.0,0.0
1772443958.621574,327,0.656892072391133,0.656892072391133,0.0,0.7539622151418411,1.0,0.0,0.0
1772443958.6341324,328,0.6680873226704706,0.6680873226704706,0.0,1.0,1.0,0.0,0.0
1772443958.6466913,329,0.6631325048297206,0.6631325048297206,0.0,0.7539622151418408,1.0,0.0,0.0
1772443958.659428,330,0.6740157334871287,0.6740157334871287,0.0,1.0,1.0,0.0,0.0
1772443958.6715674,331,0.6687644951055459,0.6687644951055459,0.0,0.7539622151418411,1.0,0.0,0.0
1772443958.684136,332,0.6637758186430422,0.6637758186430422,0.0,0.7539622151418408,1.0,0.0,0.0
1772443958.6967173,333,0.6723213351365115,0.6723213351365115,0.0,0.9456014266828061,1.0,0.0,0.0
1772443958.7093534,334,0.6827451222785801,0.6827451222785801,0.0,1.0,1.0,0.0,0.0
1772443958.7215745,335,0.6783800181936503,0.6783800181936503,0.0,0.7695018847867978,1.0,0.0,0.0
1772443958.7340977,336,0.6712054176557687,0.6712054176557687,0.0,0.7342541674678684,1.0,0.0,0.0
1772443958.746656,337,0.6816850006718744,0.6816850006718744,0.0,1.0,1.0,0.0,0.0
1772443958.7592921,338,0.689335058063902,0.689335058063902,0.0,0.9456014266828061,1.0,0.0,0.0
1772443958.7715836,339,0.6989081590596011,0.6989081590596011,0.0,1.0,1.0,0.0,0.0
1772443958.7841737,340,0.7080026050055153,0.7080026050055153,0.0,1.0,1.0,0.0,0.0
1772443958.7965057,341,0.7166423286541337,0.7166423286541337,0.0,1.0,1.0,0.0,0.0
1772443958.8095117,342,0.7105823642504263,0.7105823642504263,0.0,0.7695018847867978,1.0,0.0,0.0
1772443958.8216114,343,0.7167875534635263,0.7167875534635263,0.0,0.9456014266828061,1.0,0.0,0.0
1772443958.8342757,344,0.7093977240831236,0.7093977240831236,0.0,0.7539622151418408,1.0,0.0,0.0
1772443958.8468928,345,0.7006755608991677,0.7006755608991677,0.0,0.7342923267322491,1.0,0.0,0.0
1772443958.8598006,346,0.7073760902798306,0.7073760902798306,0.0,0.9456014266828061,1.0,0.0,0.0
1772443958.8716118,347,0.7004568340586127,0.7004568340586127,0.0,0.7539622151418408,1.0,0.0,0.0
1772443958.8843079,348,0.7071682997813034,0.7071682997813034,0.0,0.9456014266828061,1.0,0.0,0.0
1772443958.8967237,349,0.7135441922178595,0.7135441922178595,0.0,0.9456014266828061,1.0,0.0,0.0
1772443958.9096572,350,0.7196012900325878,0.7196012900325878,0.0,0.9456014266828061,1.0,0.0,0.0
1772443958.9216008,351,0.7083641429516454,0.7083641429516454,0.0,0.7113475240944699,1.0,0.0,0.0
1772443958.934161,352,0.7169857897029573,0.7169857897029573,0.0,1.0,1.0,0.0,0.0
1772443958.9465892,353,0.7251763541167037,0.7251763541167037,0.0,1.0,1.0,0.0,0.0
1772443958.959436,354,0.7161171509573744,0.7161171509573744,0.0,0.739489337206385,1.0,0.0,0.0
1772443958.9716618,355,0.7220456008351269,0.7220456008351269,0.0,0.9456014266828061,1.0,0.0,0.0
1772443958.9842274,356,0.7126910438135708,0.7126910438135708,0.0,0.7342923267322491,1.0,0.0,0.0
1772443958.9968672,357,0.7068286436518916,0.7068286436518916,0.0,0.7695018847867976,1.0,0.0,0.0
1772443959.0096004,358,0.7155270653681912,0.7155270653681912,0.0,1.0,1.0,0.0,0.0
1772443959.0216477,359,0.7044936295204687,0.7044936295204687,0.0,0.7113475240944699,1.0,0.0,0.0
1772443959.0341718,360,0.7110032554700666,0.7110032554700666,0.0,0.9456014266828061,1.0,0.0,0.0
1772443959.0467105,361,0.7021974930683642,0.7021974930683642,0.0,0.7342541674678684,1.0,0.0,0.0
1772443959.0593224,362,0.6938353414351464,0.6938353414351464,0.0,0.7342923267322491,1.0,0.0,0.0
1772443959.0715802,363,0.6889157263923883,0.6889157263923883,0.0,0.7695018847867976,1.0,0.0,0.0
1772443959.0843978,364,0.6962042474983902,0.6962042474983902,0.0,0.9456014266828061,1.0,0.0,0.0
1772443959.0967586,365,0.703128342549092,0.703128342549092,0.0,0.9456014266828061,1.0,0.0,0.0
1772443959.109453,366,0.7120117793205315,0.7120117793205315,0.0,1.0,1.0,0.0,0.0
1772443959.1215506,367,0.7061833423835042,0.7061833423835042,0.0,0.7695018847867978,1.0,0.0,0.0
1772443959.1341963,368,0.7006463272933283,0.7006463272933283,0.0,0.7695018847867976,1.0,0.0,0.0
1772443959.1467044,369,0.6903569283493489,0.6903569283493489,0.0,0.7113475240944699,1.0,0.0,0.0
1772443959.1595562,370,0.6842886302246551,0.6842886302246551,0.0,0.7539622151418408,1.0,0.0,0.0
1772443959.1715722,371,0.678523747006196,0.678523747006196,0.0,0.7539622151418411,1.0,0.0,0.0
1772443959.1843112,372,0.671797174202392,0.671797174202392,0.0,0.739489337206385,1.0,0.0,0.0
1772443959.1967034,373,0.6822471693911666,0.6822471693911666,0.0,1.0,1.0,0.0,0.0
1772443959.20953,374,0.6921746648205024,0.6921746648205024,0.0,1.0,1.0,0.0,0.0
1772443959.221491,375,0.7016057854783714,0.7016057854783714,0.0,1.0,1.0,0.0,0.0
1772443959.2340503,376,0.710565350103347,0.710565350103347,0.0,1.0,1.0,0.0,0.0
1772443959.246449,377,0.7190769364970738,0.7190769364970738,0.0,1.0,1.0,0.0,0.0
1772443959.258999,378,0.7271629435711143,0.7271629435711143,0.0,1.0,1.0,0.0,0.0
1772443959.2715182,379,0.7348446502914527,0.7348446502914527,0.0,1.0,1.0,0.0,0.0
1772443959.2840645,380,0.7228453351975671,0.7228453351975671,0.0,0.7113475240944699,1.0,0.0,0.0
1772443959.2966762,381,0.7139026829841946,0.7139026829841946,0.0,0.739489337206385,1.0,0.0,0.0
1772443959.3093271,382,0.722247402733879,0.722247402733879,0.0,1.0,1.0,0.0,0.0
1772443959.3215628,383,0.7159071846261843,0.7159071846261843,0.0,0.7695018847867978,1.0,0.0,0.0
1772443959.3341568,384,0.7241516792937692,0.7241516792937692,0.0,1.0,1.0,0.0,0.0
1772443959.346719,385,0.71771624735808,0.71771624735808,0.0,0.7695018847867976,1.0,0.0,0.0
1772443959.3593183,386,0.7258702888890702,0.7258702888890702,0.0,1.0,1.0,0.0,0.0
1772443959.3715575,387,0.7143196918653038,0.7143196918653038,0.0,0.7113475240944699,1.0,0.0,0.0
1772443959.3842287,388,0.7058033218185444,0.7058033218185444,0.0,0.739489337206385,1.0,0.0,0.0
1772443959.39675,389,0.7145530096265114,0.7145530096265114,0.0,1.0,1.0,0.0,0.0
1772443959.4093106,390,0.7205596665708071,0.7205596665708071,0.0,0.9456014266828061,1.0,0.0,0.0
1772443959.4215941,391,0.7285715371411609,0.7285715371411609,0.0,1.0,1.0,0.0,0.0
1772443959.4341462,392,0.7338772677097242,0.7338772677097242,0.0,0.9456014266828061,1.0,0.0,0.0
1772443959.446746,393,0.721926321744925,0.721926321744925,0.0,0.7113475240944699,1.0,0.0,0.0
1772443959.4592717,394,0.7298698595565729,0.7298698595565729,0.0,1.0,1.0,0.0,0.0
1772443959.4715364,395,0.7374162204776384,0.7374162204776384,0.0,1.0,1.0,0.0,0.0
1772443959.4841692,396,0.7032083235072355,0.7032083235072355,0.0,0.3031609979482067,1.0,0.0,0.0
1772443959.4967608,397,0.6696920510713505,0.6696920510713505,0.0,0.23123319839637962,1.0,0.0,0.0
1772443959.5092843,398,0.6779417559434043,0.6779417559434043,0.0,0.9456014266828061,1.0,0.0,0.0
1772443959.5215182,399,0.6880845220451283,0.6880845220451283,0.0,1.0,1.0,0.0,0.0
1772443959.5342143,400,0.6954146033684931,0.6954146033684931,0.0,0.9456014266828061,1.0,0.0,0.0
1772443959.5466557,401,0.7046837270989627,0.7046837270989627,0.0,1.0,1.0,0.0,0.0
1772443959.5593712,402,0.6961972637642149,0.6961972637642149,0.0,0.7342923267322491,1.0,0.0,0.0
1772443959.5715313,403,0.6911595526050034,0.6911595526050034,0.0,0.7695018847867976,1.0,0.0,0.0
1772443959.5842803,404,0.6863737270037525,0.6863737270037525,0.0,0.7695018847867978,1.0,0.0,0.0
1772443959.5966632,405,0.6960948945524591,0.6960948945524591,0.0,1.0,1.0,0.0,0.0
1772443959.6094334,406,0.6910623018538354,0.6910623018538354,0.0,0.7695018847867976,1.0,0.0,0.0
1772443959.6215105,407,0.686281338790143,0.686281338790143,0.0,0.7695018847867978,1.0,0.0,0.0
1772443959.6342087,408,0.681739423879635,0.681739423879635,0.0,0.7695018847867976,1.0,0.0,0.0
1772443959.6468158,409,0.649387653773842,0.649387653773842,0.0,0.239202973385694,1.0,0.0,0.0
1772443959.659486,410,0.6195111659431256,0.6195111659431256,0.0,0.2991432631924196,1.0,0.0,0.0
1772443959.671604,411,0.6302699150715907,0.6302699150715907,0.0,0.9456014266828061,1.0,0.0,0.0
1772443959.6841898,412,0.6255008196898121,0.6255008196898121,0.0,0.7342541674678684,1.0,0.0,0.0
1772443959.6967201,413,0.6382656326042156,0.6382656326042156,0.0,1.0,1.0,0.0,0.0
1772443959.7093344,414,0.6503922048728991,0.6503922048728991,0.0,1.0,1.0,0.0,0.0
1772443959.7215183,415,0.6619124485281482,0.6619124485281482,0.0,1.0,1.0,0.0,0.0
1772443959.7341354,416,0.6555645491219412,0.6555645491219412,0.0,0.7342923267322491,1.0,0.0,0.0
1772443959.7465923,417,0.6645206290914655,0.6645206290914655,0.0,0.9456014266828061,1.0,0.0,0.0
1772443959.7594993,418,0.6584942121833981,0.6584942121833981,0.0,0.739489337206385,1.0,0.0,0.0
1772443959.7715936,419,0.6285108167227808,0.6285108167227808,0.0,0.31820876772394824,1.0,0.0,0.0
1772443959.7842743,420,0.5997312984517615,0.5997312984517615,0.0,0.30220096811822184,1.0,0.0,0.0
1772443959.7967126,421,0.6114790409547948,0.6114790409547948,0.0,0.9456014266828061,1.0,0.0,0.0
1772443959.8097882,422,0.6249449428059493,0.6249449428059493,0.0,1.0,1.0,0.0,0.0
1772443959.8215733,423,0.6234698476946511,0.6234698476946511,0.0,0.7695018847867978,1.0,0.0,0.0
1772443959.8346586,424,0.6220685073389178,0.6220685073389178,0.0,0.7695018847867976,1.0,0.0,0.0
1772443959.8470154,425,0.615707999392659,0.615707999392659,0.0,0.7113475240944699,1.0,0.0,0.0
1772443959.8597918,426,0.6266569068486474,0.6266569068486474,0.0,0.9456014266828061,1.0,0.0,0.0
1772443959.8716674,427,0.6250962135352143,0.6250962135352143,0.0,0.7695018847867976,1.0,0.0,0.0
1772443959.8849137,428,0.6236135548874528,0.6236135548874528,0.0,0.7695018847867978,1.0,0.0,0.0
1772443959.8968704,429,0.6364727310419743,0.6364727310419743,0.0,1.0,1.0,0.0,0.0
1772443959.909775,430,0.6486889483887698,0.6486889483887698,0.0,1.0,1.0,0.0,0.0
1772443959.9217615,431,0.6460266529983305,0.6460266529983305,0.0,0.7695018847867976,1.0,0.0,0.0
1772443959.934796,432,0.6434974723774133,0.6434974723774133,0.0,0.7695018847867978,1.0,0.0,0.0
1772443959.9468331,433,0.6553624526574368,0.6553624526574368,0.0,1.0,1.0,0.0,0.0
1772443959.9599721,434,0.6523664820535642,0.6523664820535642,0.0,0.7695018847867976,1.0,0.0,0.0
1772443959.971735,435,0.6637880118497801,0.6637880118497801,0.0,1.0,1.0,0.0,0.0
1772443959.9851267,436,0.6603707632862904,0.6603707632862904,0.0,0.7695018847867978,1.0,0.0,0.0
1772443959.9969246,437,0.6713920790208701,0.6713920790208701,0.0,1.0,1.0,0.0,0.0
1772443960.0098467,438,0.6795567824954478,0.6795567824954478,0.0,0.9456014266828061,1.0,0.0,0.0
1772443960.0216482,439,0.6896187972695696,0.6896187972695696,0.0,1.0,1.0,0.0,0.0
1772443960.0350082,440,0.682337471952597,0.682337471952597,0.0,0.739489337206385,1.0,0.0,0.0
1772443960.0470078,441,0.6922604522538613,0.6922604522538613,0.0,1.0,1.0,0.0,0.0
1772443960.060033,442,0.6993817370667896,0.6993817370667896,0.0,0.9456014266828061,1.0,0.0,0.0
1772443960.0715382,443,0.7061469576390714,0.7061469576390714,0.0,0.9456014266828061,1.0,0.0,0.0
1772443960.0847118,444,0.7148794636560121,0.7148794636560121,0.0,1.0,1.0,0.0,0.0
1772443960.096936,445,0.682076805621764,0.682076805621764,0.0,0.31820876772394824,1.0,0.0,0.0
1772443960.1094615,446,0.6517525364123893,0.6517525364123893,0.0,0.3565983778790624,1.0,0.0,0.0
1772443960.121654,447,0.6220106111311172,0.6220106111311172,0.0,0.3131977790523642,1.0,0.0,0.0
1772443960.134453,448,0.5926925312471522,0.5926925312471522,0.0,0.24318087872035812,1.0,0.0,0.0
1772443960.1468453,449,0.5878008221054816,0.5878008221054816,0.0,0.7113475240944699,1.0,0.0,0.0
1772443960.159387,450,0.6001450884258288,0.6001450884258288,0.0,0.9456014266828061,1.0,0.0,0.0
1772443960.1716588,451,0.6141776879034315,0.6141776879034315,0.0,1.0,1.0,0.0,0.0
1772443960.1845071,452,0.6275086574071541,0.6275086574071541,0.0,1.0,1.0,0.0,0.0
1772443960.1967275,453,0.6228776249085973,0.6228776249085973,0.0,0.7342541674678684,1.0,0.0,0.0
1772443960.2094612,454,0.6334680510887888,0.6334680510887888,0.0,0.9456014266828061,1.0,0.0,0.0
1772443960.2215896,455,0.6435289559599706,0.6435289559599706,0.0,0.9456014266828061,1.0,0.0,0.0
1772443960.2345395,456,0.6553923620608663,0.6553923620608663,0.0,1.0,1.0,0.0,0.0
1772443960.2468493,457,0.6493704669780233,0.6493704669780233,0.0,0.7342923267322491,1.0,0.0,0.0
1772443960.259482,458,0.6586362510547434,0.6586362510547434,0.0,0.9456014266828061,1.0,0.0,0.0
1772443960.271591,459,0.6541539867947799,0.6541539867947799,0.0,0.7539622151418408,1.0,0.0,0.0
1772443960.2844043,460,0.665486141353935,0.665486141353935,0.0,1.0,1.0,0.0,0.0
1772443960.2969427,461,0.6762516881851325,0.6762516881851325,0.0,1.0,1.0,0.0,0.0
1772443960.3094492,462,0.6841734112014972,0.6841734112014972,0.0,0.9456014266828061,1.0,0.0,0.0
1772443960.321547,463,0.6940045945403165,0.6940045945403165,0.0,1.0,1.0,0.0,0.0
1772443960.3344517,464,0.7033442187121949,0.7033442187121949,0.0,1.0,1.0,0.0,0.0
1772443960.346963,465,0.7099113152022064,0.7099113152022064,0.0,0.9456014266828061,1.0,0.0,0.0
1772443960.3591125,466,0.7184556033409902,0.7184556033409902,0.0,1.0,1.0,0.0,0.0
1772443960.3718488,467,0.7109823714667144,0.7109823714667144,0.0,0.7539622151418411,1.0,0.0,0.0
1772443960.384273,468,0.678957915749753,0.678957915749753,0.0,0.3458375714609163,1.0,0.0,0.0
1772443960.3968883,469,0.6476560425273851,0.6476560425273851,0.0,0.30220096811822184,1.0,0.0,0.0
1772443960.4101365,470,0.6437227886937895,0.6437227886937895,0.0,0.7539622151418411,1.0,0.0,0.0
1772443960.4220042,471,0.6387362638056059,0.6387362638056059,0.0,0.739489337206385,1.0,0.0,0.0
1772443960.4346404,472,0.6315423680360126,0.6315423680360126,0.0,0.7113475240944699,1.0,0.0,0.0
1772443960.4467602,473,0.6416995570598333,0.6416995570598333,0.0,0.9456014266828061,1.0,0.0,0.0
1772443960.4600983,474,0.6393867312358409,0.6393867312358409,0.0,0.7695018847867976,1.0,0.0,0.0
1772443960.4721608,475,0.6321603120947358,0.6321603120947358,0.0,0.7113475240944699,1.0,0.0,0.0
1772443960.4843898,476,0.6277519110365049,0.6277519110365049,0.0,0.739489337206385,1.0,0.0,0.0
1772443960.4974003,477,0.6404041693835738,0.6404041693835738,0.0,1.0,1.0,0.0,0.0
1772443960.5096083,478,0.6524238148132893,0.6524238148132893,0.0,1.0,1.0,0.0,0.0
1772443960.5219395,479,0.6445455414933118,0.6445455414933118,0.0,0.7113475240944699,1.0,0.0,0.0
1772443960.534312,480,0.6540525718442675,0.6540525718442675,0.0,0.9456014266828061,1.0,0.0,0.0
1772443960.546872,481,0.6511220952810534,0.6511220952810534,0.0,0.7695018847867976,1.0,0.0,0.0
1772443960.5592575,482,0.660300297942622,0.660300297942622,0.0,0.9456014266828061,1.0,0.0,0.0
1772443960.5718064,483,0.6713251369443851,0.6713251369443851,0.0,1.0,1.0,0.0,0.0
1772443960.5843203,484,0.6817987339960601,0.6817987339960601,0.0,1.0,1.0,0.0,0.0
1772443960.5967894,485,0.6744565203164574,0.6744565203164574,0.0,0.7342923267322491,1.0,0.0,0.0
1772443960.6094522,486,0.6705058463296338,0.6705058463296338,0.0,0.7695018847867976,1.0,0.0,0.0
1772443960.6221278,487,0.6810204079120463,0.6810204079120463,0.0,1.0,1.0,0.0,0.0
1772443960.6343427,488,0.6767415395454432,0.6767415395454432,0.0,0.7695018847867978,1.0,0.0,0.0
1772443960.6471372,489,0.6869443164670652,0.6869443164670652,0.0,1.0,1.0,0.0,0.0
1772443960.659376,490,0.6793415010155128,0.6793415010155128,0.0,0.7342541674678684,1.0,0.0,0.0
1772443960.6722035,491,0.6871087333903585,0.6871087333903585,0.0,0.9456014266828061,1.0,0.0,0.0
1772443960.684408,492,0.6555417788675192,0.6555417788675192,0.0,0.3101227898865452,1.0,0.0,0.0
1772443960.6972234,493,0.6257240823909411,0.6257240823909411,0.0,0.3191389686875361,1.0,0.0,0.0
1772443960.7099438,494,0.5973791934199466,0.5973791934199466,0.0,0.31820876772394824,1.0,0.0,0.0
1772443960.7219048,495,0.6092445411745706,0.6092445411745706,0.0,0.9456014266828061,1.0,0.0,0.0
1772443960.7343035,496,0.5823997751623028,0.5823997751623028,0.0,0.34983561980451056,1.0,0.0,0.0
1772443960.746874,497,0.5804794009506935,0.5804794009506935,0.0,0.739489337206385,1.0,0.0,0.0
1772443960.7594373,498,0.5812275829321581,0.5812275829321581,0.0,0.7695018847867978,1.0,0.0,0.0
1772443960.7715728,499,0.5789106041573512,0.5789106041573512,0.0,0.7342541674678684,1.0,0.0,0.0
1772443960.784409,500,0.5784146222422573,0.5784146222422573,0.0,0.7539622151418411,1.0,0.0,0.0
1772443960.7970626,501,0.577943439422918,0.577943439422918,0.0,0.7539622151418408,1.0,0.0,0.0
1772443960.80955,502,0.5774958157445458,0.5774958157445458,0.0,0.7539622151418411,1.0,0.0,0.0
1772443960.8215652,503,0.5903553323829398,0.5903553323829398,0.0,0.9456014266828061,1.0,0.0,0.0
1772443960.8344836,504,0.6048774196626869,0.6048774196626869,0.0,1.0,1.0,0.0,0.0
1772443960.8469448,505,0.6186734025784467,0.6186734025784467,0.0,1.0,1.0,0.0,0.0
1772443960.8593965,506,0.6144841328213253,0.6144841328213253,0.0,0.7342541674678684,1.0,0.0,0.0
1772443960.8715997,507,0.6277997800791532,0.6277997800791532,0.0,1.0,1.0,0.0,0.0
1772443960.884283,508,0.6231575140953958,0.6231575140953958,0.0,0.7342923267322491,1.0,0.0,0.0
1772443960.8967783,509,0.6217717904196253,0.6217717904196253,0.0,0.7695018847867976,1.0,0.0,0.0
1772443960.9094589,510,0.6347230547975382,0.6347230547975382,0.0,1.0,1.0,0.0,0.0
1772443960.921584,511,0.6470267559565555,0.6470267559565555,0.0,1.0,1.0,0.0,0.0
1772443960.9344463,512,0.6394183355794146,0.6394183355794146,0.0,0.7113475240944699,1.0,0.0,0.0
1772443960.946825,513,0.6358969670932175,0.6358969670932175,0.0,0.7539622151418408,1.0,0.0,0.0
1772443960.9596758,514,0.6458364261641779,0.6458364261641779,0.0,0.9456014266828061,1.0,0.0,0.0
1772443960.971995,515,0.6575844587548632,0.6575844587548632,0.0,1.0,1.0,0.0,0.0
1772443960.9845884,516,0.649448153237807,0.649448153237807,0.0,0.7113475240944699,1.0,0.0,0.0
1772443960.9969082,517,0.6441753601224225,0.6441753601224225,0.0,0.739489337206385,1.0,0.0,0.0
1772443961.0095057,518,0.6560064460151955,0.6560064460151955,0.0,1.0,1.0,0.0,0.0
1772443961.0221407,519,0.6649404311400571,0.6649404311400571,0.0,0.9456014266828061,1.0,0.0,0.0
1772443961.035097,520,0.6757332634819484,0.6757332634819484,0.0,1.0,1.0,0.0,0.0
1772443961.0475492,521,0.6703961486006247,0.6703961486006247,0.0,0.7539622151418411,1.0,0.0,0.0
1772443961.0600524,522,0.6653258894633671,0.6653258894633671,0.0,0.7539622151418408,1.0,0.0,0.0
1772443961.0717509,523,0.6760994488890929,0.6760994488890929,0.0,1.0,1.0,0.0,0.0
1772443961.0850403,524,0.6863343303435324,0.6863343303435324,0.0,1.0,1.0,0.0,0.0
1772443961.0974462,525,0.6787653368465562,0.6787653368465562,0.0,0.7342923267322491,1.0,0.0,0.0
1772443961.1099043,526,0.6715714703760293,0.6715714703760293,0.0,0.7342541674678684,1.0,0.0,0.0
1772443961.122323,527,0.6797272042828492,0.6797272042828492,0.0,0.9456014266828061,1.0,0.0,0.0
1772443961.1350071,528,0.687475151494328,0.687475151494328,0.0,0.9456014266828061,1.0,0.0,0.0
1772443961.1470683,529,0.679849116939812,0.679849116939812,0.0,0.7342923267322491,1.0,0.0,0.0
1772443961.1596475,530,0.6756288131218207,0.6756288131218207,0.0,0.7695018847867976,1.0,0.0,0.0
1772443961.17191,531,0.683581679891351,0.683581679891351,0.0,0.9456014266828061,1.0,0.0,0.0
1772443961.1847427,532,0.6778521441895571,0.6778521441895571,0.0,0.7539622151418411,1.0,0.0,0.0
1772443961.1972828,533,0.6711591515265851,0.6711591515265851,0.0,0.739489337206385,1.0,0.0,0.0
1772443961.2098627,534,0.68164104784915,0.68164104784915,0.0,1.0,1.0,0.0,0.0
1772443961.2218165,535,0.6915988493555867,0.6915988493555867,0.0,1.0,1.0,0.0,0.0
1772443961.2347262,536,0.7010587607867015,0.7010587607867015,0.0,1.0,1.0,0.0,0.0
1772443961.2471087,537,0.7100456766462606,0.7100456766462606,0.0,1.0,1.0,0.0,0.0
1772443961.2598019,538,0.7162777002395689,0.7162777002395689,0.0,0.9456014266828061,1.0,0.0,0.0
1772443961.271868,539,0.6821282296898095,0.6821282296898095,0.0,0.2330436196053261,1.0,0.0,0.0
1772443961.2844775,540,0.6498042688779099,0.6498042688779099,0.0,0.24318087872035812,1.0,0.0,0.0
1772443961.2970524,541,0.6613539093329085,0.6613539093329085,0.0,1.0,1.0,0.0,0.0
1772443961.3099926,542,0.6580583658952623,0.6580583658952623,0.0,0.7695018847867978,1.0,0.0,0.0
1772443961.321837,543,0.6518998479723002,0.6518998479723002,0.0,0.7342541674678684,1.0,0.0,0.0
1772443961.3349743,544,0.6220202828647508,0.6220202828647508,0.0,0.30610931981249817,1.0,0.0,0.0
1772443961.3472807,545,0.5946988397932268,0.5946988397932268,0.0,0.3565983778790624,1.0,0.0,0.0
1772443961.3599546,546,0.5947360498325648,0.5947360498325648,0.0,0.7695018847867976,1.0,0.0,0.0
1772443961.3717859,547,0.6090391012398307,0.6090391012398307,0.0,1.0,1.0,0.0,0.0
1772443961.3852694,548,0.6203214536034605,0.6203214536034605,0.0,0.9456014266828061,1.0,0.0,0.0
1772443961.3970642,549,0.6333452348221816,0.6333452348221816,0.0,1.0,1.0,0.0,0.0
1772443961.4105947,550,0.6434122805066939,0.6434122805066939,0.0,0.9456014266828061,1.0,0.0,0.0
1772443961.4240282,551,0.6552815203802533,0.6552815203802533,0.0,1.0,1.0,0.0,0.0
1772443961.4351134,552,0.664251751786862,0.664251751786862,0.0,0.9456014266828061,1.0,0.0,0.0
1772443961.4476392,553,0.6594887124902926,0.6594887124902926,0.0,0.7539622151418411,1.0,0.0,0.0
1772443961.4603014,554,0.6549638251585517,0.6549638251585517,0.0,0.7539622151418408,1.0,0.0,0.0
1772443961.4725978,555,0.6639499413262454,0.6639499413262454,0.0,0.9456014266828061,1.0,0.0,0.0
1772443961.4852388,556,0.6747922981588274,0.6747922981588274,0.0,1.0,1.0,0.0,0.0
1772443961.4980052,557,0.6850925371497801,0.6850925371497801,0.0,1.0,1.0,0.0,0.0
1772443961.510429,558,0.6806100623212904,0.6806100623212904,0.0,0.7695018847867978,1.0,0.0,0.0
1772443961.5222218,559,0.69061941310412,0.69061941310412,0.0,1.0,1.0,0.0,0.0
1772443961.5353878,560,0.7001282963478082,0.7001282963478082,0.0,1.0,1.0,0.0,0.0
1772443961.5479033,561,0.6918662819022187,0.6918662819022187,0.0,0.7342541674678684,1.0,0.0,0.0
1772443961.5605614,562,0.6857225160998813,0.6857225160998813,0.0,0.7539622151418411,1.0,0.0,0.0
1772443961.57251,563,0.6954762441937814,0.6954762441937814,0.0,1.0,1.0,0.0,0.0
1772443961.5854125,564,0.689151980276866,0.689151980276866,0.0,0.7539622151418408,1.0,0.0,0.0
1772443961.5978425,565,0.6814421042832229,0.6814421042832229,0.0,0.7342923267322491,1.0,0.0,0.0
1772443961.6104908,566,0.691409852967956,0.691409852967956,0.0,1.0,1.0,0.0,0.0
1772443961.6224663,567,0.6985736677451795,0.6985736677451795,0.0,0.9456014266828061,1.0,0.0,0.0
1772443961.6353788,568,0.6920945326506942,0.6920945326506942,0.0,0.7539622151418408,1.0,0.0,0.0
1772443961.648139,569,0.6992241134437808,0.6992241134437808,0.0,0.9456014266828061,1.0,0.0,0.0
1772443961.6606114,570,0.6890058251922787,0.6890058251922787,0.0,0.7113475240944699,1.0,0.0,0.0
1772443961.6723344,571,0.6962898413582861,0.6962898413582861,0.0,0.9456014266828061,1.0,0.0,0.0
1772443961.6854994,572,0.705515203189266,0.705515203189266,0.0,1.0,1.0,0.0,0.0
1772443961.6981788,573,0.700011595058802,0.700011595058802,0.0,0.7695018847867976,1.0,0.0,0.0
1772443961.7103152,574,0.709050869204756,0.709050869204756,0.0,1.0,1.0,0.0,0.0
1772443961.7227976,575,0.7033704777735175,0.7033704777735175,0.0,0.7695018847867978,1.0,0.0,0.0
1772443961.735695,576,0.709936261310463,0.709936261310463,0.0,0.9456014266828061,1.0,0.0,0.0
1772443961.7484016,577,0.7184793021438339,0.7184793021438339,0.0,1.0,1.0,0.0,0.0
1772443961.7600803,578,0.7110048853294159,0.7110048853294159,0.0,0.7539622151418408,1.0,0.0,0.0
1772443961.7721128,579,0.7194944949618393,0.7194944949618393,0.0,1.0,1.0,0.0,0.0
1772443961.7854917,580,0.7102674932339476,0.7102674932339476,0.0,0.7342923267322491,1.0,0.0,0.0
1772443961.798818,581,0.7045262706012494,0.7045262706012494,0.0,0.7695018847867976,1.0,0.0,0.0
1772443961.8107631,582,0.6710351581593756,0.6710351581593756,0.0,0.239202973385694,1.0,0.0,0.0
1772443961.8225322,583,0.6403291017907542,0.6403291017907542,0.0,0.3131977790523642,1.0,0.0,0.0
1772443961.8355737,584,0.6523525006001106,0.6523525006001106,0.0,1.0,1.0,0.0,0.0
1772443961.8485074,585,0.6637747294689993,0.6637747294689993,0.0,1.0,1.0,0.0,0.0
1772443961.860588,586,0.6603581450245486,0.6603581450245486,0.0,0.7695018847867976,1.0,0.0,0.0
1772443961.8731616,587,0.6713800916722154,0.6713800916722154,0.0,1.0,1.0,0.0,0.0
1772443961.8855264,588,0.6818509409874988,0.6818509409874988,0.0,1.0,1.0,0.0,0.0
1772443961.8980894,589,0.6725013113588109,0.6725013113588109,0.0,0.7113475240944699,1.0,0.0,0.0
1772443961.9104538,590,0.6660758603373762,0.6660758603373762,0.0,0.739489337206385,1.0,0.0,0.0
1772443961.9230125,591,0.6345072684086961,0.6345072684086961,0.0,0.239202973385694,1.0,0.0,0.0
1772443961.935206,592,0.6044260487277381,0.6044260487277381,0.0,0.23123319839637962,1.0,0.0,0.0
1772443961.9480562,593,0.6159390537169726,0.6159390537169726,0.0,0.9456014266828061,1.0,0.0,0.0
1772443961.9602716,594,0.6268764084567452,0.6268764084567452,0.0,0.9456014266828061,1.0,0.0,0.0
1772443961.972952,595,0.6372668954595292,0.6372668954595292,0.0,0.9456014266828061,1.0,0.0,0.0
1772443961.9855967,596,0.6494434045854469,0.6494434045854469,0.0,1.0,1.0,0.0,0.0
1772443961.997618,597,0.6467433863851738,0.6467433863851738,0.0,0.7695018847867978,1.0,0.0,0.0
1772443962.010345,598,0.6411506174377161,0.6411506174377161,0.0,0.7342541674678684,1.0,0.0,0.0
1772443962.0231595,599,0.6508273939914516,0.6508273939914516,0.0,0.9456014266828061,1.0,0.0,0.0
1772443962.0354404,600,0.6623258781907732,0.6623258781907732,0.0,1.0,1.0,0.0,0.0
1772443962.0480158,601,0.6732494381801286,0.6732494381801286,0.0,1.0,1.0,0.0,0.0
1772443962.0599291,602,0.6836268201700163,0.6836268201700163,0.0,1.0,1.0,0.0,0.0
1772443962.0729232,603,0.6934853330604096,0.6934853330604096,0.0,1.0,1.0,0.0,0.0
1772443962.0849197,604,0.6885832184363884,0.6885832184363884,0.0,0.7695018847867978,1.0,0.0,0.0
1772443962.0974128,605,0.6808984578863698,0.6808984578863698,0.0,0.7342541674678684,1.0,0.0,0.0
1772443962.110462,606,0.6908933888909455,0.6908933888909455,0.0,1.0,1.0,0.0,0.0
1772443962.1228707,607,0.6591645132200151,0.6591645132200151,0.0,0.31159785415217967,1.0,0.0,0.0
1772443962.1355512,608,0.6291656800258122,0.6291656800258122,0.0,0.3191389686875361,1.0,0.0,0.0
1772443962.1480234,609,0.6224503134452085,0.6224503134452085,0.0,0.7113475240944699,1.0,0.0,0.0
1772443962.1606631,610,0.6330621051985694,0.6330621051985694,0.0,0.9456014266828061,1.0,0.0,0.0
1772443962.172527,611,0.6431433073642623,0.6431433073642623,0.0,0.9456014266828061,1.0,0.0,0.0
1772443962.1850224,612,0.6527204494216705,0.6527204494216705,0.0,0.9456014266828061,1.0,0.0,0.0
1772443962.1980574,613,0.6498565789795863,0.6498565789795863,0.0,0.7695018847867976,1.0,0.0,0.0
1772443962.2105224,614,0.6190989511187956,0.6190989511187956,0.0,0.239202973385694,1.0,0.0,0.0
1772443962.222456,615,0.5899264542354467,0.5899264542354467,0.0,0.24318087872035812,1.0,0.0,0.0
1772443962.234591,616,0.5851730489443613,0.5851730489443613,0.0,0.7113475240944699,1.0,0.0,0.0
1772443962.2480311,617,0.5976487039227646,0.5976487039227646,0.0,0.9456014266828061,1.0,0.0,0.0
1772443962.2608197,618,0.5945106690984273,0.5945106690984273,0.0,0.7342541674678684,1.0,0.0,0.0
1772443962.272884,619,0.6065194430691273,0.6065194430691273,0.0,0.9456014266828061,1.0,0.0,0.0
1772443962.2850635,620,0.6202333248145652,0.6202333248145652,0.0,1.0,1.0,0.0,0.0
1772443962.2979567,621,0.6332615124727311,0.6332615124727311,0.0,1.0,1.0,0.0,0.0
1772443962.3097541,622,0.6456382907479887,0.6456382907479887,0.0,1.0,1.0,0.0,0.0
1772443962.3230395,623,0.6573962301094834,0.6573962301094834,0.0,1.0,1.0,0.0,0.0
1772443962.3355315,624,0.6542985706330086,0.6542985706330086,0.0,0.7695018847867978,1.0,0.0,0.0
1772443962.3479936,625,0.6656234960002523,0.6656234960002523,0.0,1.0,1.0,0.0,0.0
1772443962.3600793,626,0.6621144732292389,0.6621144732292389,0.0,0.7695018847867976,1.0,0.0,0.0
1772443962.3730588,627,0.6707430569933982,0.6707430569933982,0.0,0.9456014266828061,1.0,0.0,0.0
1772443962.3853307,628,0.6639536271639286,0.6639536271639286,0.0,0.7342923267322491,1.0,0.0,0.0
1772443962.3978615,629,0.6605280978347314,0.6605280978347314,0.0,0.7695018847867976,1.0,0.0,0.0
1772443962.4101033,630,0.6692360003686162,0.6692360003686162,0.0,0.9456014266828061,1.0,0.0,0.0
1772443962.422968,631,0.6775085077758067,0.6775085077758067,0.0,0.9456014266828061,1.0,0.0,0.0
1772443962.4346104,632,0.6734052344160156,0.6734052344160156,0.0,0.7695018847867978,1.0,0.0,0.0
1772443962.447214,633,0.6695071247242141,0.6695071247242141,0.0,0.7695018847867976,1.0,0.0,0.0
1772443962.4602578,634,0.6658039205170027,0.6658039205170027,0.0,0.7695018847867978,1.0,0.0,0.0
1772443962.4727817,635,0.6592581248629534,0.6592581248629534,0.0,0.7342541674678684,1.0,0.0,0.0
1772443962.4854426,636,0.6680295260454271,0.6680295260454271,0.0,0.9456014266828061,1.0,0.0,0.0
1772443962.4976544,637,0.6786679036420499,0.6786679036420499,0.0,1.0,1.0,0.0,0.0
1772443962.5106955,638,0.6476758236085,0.6476758236085,0.0,0.31820876772394824,1.0,0.0,0.0
1772443962.5231135,639,0.6182333475766275,0.6182333475766275,0.0,0.318208767723948,1.0,0.0,0.0
1772443962.5351472,640,0.6170938322267954,0.6170938322267954,0.0,0.7695018847867978,1.0,0.0,0.0
1772443962.5480902,641,0.6160112926444549,0.6160112926444549,0.0,0.7695018847867976,1.0,0.0,0.0
1772443962.560766,642,0.6292505819111263,0.6292505819111263,0.0,1.0,1.0,0.0,0.0
1772443962.5732768,643,0.6225309702362569,0.6225309702362569,0.0,0.7113475240944699,1.0,0.0,0.0
1772443962.585124,644,0.6198539700172178,0.6198539700172178,0.0,0.7539622151418408,1.0,0.0,0.0
1772443962.5979936,645,0.6305955789419782,0.6305955789419782,0.0,0.9456014266828061,1.0,0.0,0.0
1772443962.6103485,646,0.6431056538937734,0.6431056538937734,0.0,1.0,1.0,0.0,0.0
1772443962.6228461,647,0.6356932886197717,0.6356932886197717,0.0,0.7113475240944699,1.0,0.0,0.0
1772443962.6350858,648,0.6323581724815568,0.6323581724815568,0.0,0.7539622151418408,1.0,0.0,0.0
1772443962.6472466,649,0.6447801177563731,0.6447801177563731,0.0,1.0,1.0,0.0,0.0
1772443962.6601803,650,0.6565809657674486,0.6565809657674486,0.0,1.0,1.0,0.0,0.0
1772443962.6728346,651,0.6522014657718499,0.6522014657718499,0.0,0.7539622151418411,1.0,0.0,0.0
1772443962.6848545,652,0.6636312463821515,0.6636312463821515,0.0,1.0,1.0,0.0,0.0
1772443962.697203,653,0.6744895379619381,0.6744895379619381,0.0,1.0,1.0,0.0,0.0
1772443962.7103133,654,0.6848049149627353,0.6848049149627353,0.0,1.0,1.0,0.0,0.0
1772443962.7229497,655,0.6777642837611044,0.6777642837611044,0.0,0.739489337206385,1.0,0.0,0.0
1772443962.7357602,656,0.6686189869937362,0.6686189869937362,0.0,0.7113475240944699,1.0,0.0,0.0
1772443962.7474267,657,0.6623876521905553,0.6623876521905553,0.0,0.739489337206385,1.0,0.0,0.0
1772443962.7598336,658,0.6590404216100267,0.6590404216100267,0.0,0.7695018847867978,1.0,0.0,0.0
1772443962.7717502,659,0.6558605525585247,0.6558605525585247,0.0,0.7695018847867976,1.0,0.0,0.0
1772443962.7843723,660,0.6671073788294927,0.6671073788294927,0.0,1.0,1.0,0.0,0.0
1772443962.7969015,661,0.6777918637869123,0.6777918637869123,0.0,1.0,1.0,0.0,0.0
1772443962.809721,662,0.6879421244964609,0.6879421244964609,0.0,1.0,1.0,0.0,0.0
1772443962.8216588,663,0.6952793256972591,0.6952793256972591,0.0,0.9456014266828061,1.0,0.0,0.0
1772443962.8343484,664,0.6872630824325965,0.6872630824325965,0.0,0.7342923267322491,1.0,0.0,0.0
1772443962.8469596,665,0.682672080339966,0.682672080339966,0.0,0.7695018847867976,1.0,0.0,0.0
1772443962.8595963,666,0.6732813937436547,0.6732813937436547,0.0,0.7113475240944699,1.0,0.0,0.0
1772443962.871624,667,0.6680668723492457,0.6680668723492457,0.0,0.7539622151418408,1.0,0.0,0.0
1772443962.8841434,668,0.6787033826306775,0.6787033826306775,0.0,1.0,1.0,0.0,0.0
1772443962.8969333,669,0.6715159365193439,0.6715159365193439,0.0,0.7342923267322491,1.0,0.0,0.0
1772443962.9096165,670,0.679674447118998,0.679674447118998,0.0,0.9456014266828061,1.0,0.0,0.0
1772443962.9217937,671,0.6874250321886695,0.6874250321886695,0.0,0.9456014266828061,1.0,0.0,0.0
1772443962.9349644,672,0.6828259326082352,0.6828259326082352,0.0,0.7695018847867976,1.0,0.0,0.0
1772443962.94718,673,0.6784567880068227,0.6784567880068227,0.0,0.7695018847867978,1.0,0.0,0.0
1772443962.9600527,674,0.686268256032103,0.686268256032103,0.0,0.9456014266828061,1.0,0.0,0.0
1772443962.9719,675,0.6791544577770037,0.6791544577770037,0.0,0.739489337206385,1.0,0.0,0.0
1772443962.984438,676,0.6749688869171527,0.6749688869171527,0.0,0.7695018847867978,1.0,0.0,0.0
1772443962.9971797,677,0.6709925946002944,0.6709925946002944,0.0,0.7695018847867976,1.0,0.0,0.0
1772443963.009722,678,0.679177272295901,0.679177272295901,0.0,0.9456014266828061,1.0,0.0,0.0
1772443963.0225375,679,0.6869527161067273,0.6869527161067273,0.0,0.9456014266828061,1.0,0.0,0.0
1772443963.0346096,680,0.6823772323303902,0.6823772323303902,0.0,0.7695018847867978,1.0,0.0,0.0
1772443963.0471728,681,0.6780305227428699,0.6780305227428699,0.0,0.7695018847867976,1.0,0.0,0.0
1772443963.0592415,682,0.6739011486347257,0.6739011486347257,0.0,0.7695018847867978,1.0,0.0,0.0
1772443963.0723724,683,0.6699782432319887,0.6699782432319887,0.0,0.7695018847867976,1.0,0.0,0.0
1772443963.0848873,684,0.6662514830993885,0.6662514830993885,0.0,0.7695018847867978,1.0,0.0,0.0
1772443963.0972974,685,0.6627110609734184,0.6627110609734184,0.0,0.7695018847867976,1.0,0.0,0.0
1772443963.1094687,686,0.6593476599537467,0.6593476599537467,0.0,0.7695018847867978,1.0,0.0,0.0
1772443963.122234,687,0.6561524289850587,0.6561524289850587,0.0,0.7695018847867976,1.0,0.0,0.0
1772443963.1343448,688,0.6673846614346999,0.6673846614346999,0.0,1.0,1.0,0.0,0.0
1772443963.1472898,689,0.6757497357885862,0.6757497357885862,0.0,0.9456014266828061,1.0,0.0,0.0
1772443963.1595013,690,0.6836965564247782,0.6836965564247782,0.0,0.9456014266828061,1.0,0.0,0.0
1772443963.1720133,691,0.6935515825024334,0.6935515825024334,0.0,1.0,1.0,0.0,0.0
1772443963.1847425,692,0.7029138572762059,0.7029138572762059,0.0,1.0,1.0,0.0,0.0
1772443963.1975477,693,0.7118080183112898,0.7118080183112898,0.0,1.0,1.0,0.0,0.0
1772443963.209772,694,0.7059897694247246,0.7059897694247246,0.0,0.7695018847867978,1.0,0.0,0.0
1772443963.2219148,695,0.7147301348523826,0.7147301348523826,0.0,1.0,1.0,0.0,0.0
1772443963.2344694,696,0.7057380284815643,0.7057380284815643,0.0,0.7342541674678684,1.0,0.0,0.0
1772443963.2470982,697,0.7121854344831074,0.7121854344831074,0.0,0.9456014266828061,1.0,0.0,0.0
1772443963.2597713,698,0.7063483147879513,0.7063483147879513,0.0,0.7695018847867978,1.0,0.0,0.0
1772443963.2723832,699,0.6749129486166282,0.6749129486166282,0.0,0.360737285549226,1.0,0.0,0.0
1772443963.2844074,700,0.6441086163343493,0.6441086163343493,0.0,0.318208767723948,1.0,0.0,0.0
1772443963.297099,701,0.6559430394165261,0.6559430394165261,0.0,1.0,1.0,0.0,0.0
1772443963.309903,702,0.667185741344594,0.667185741344594,0.0,1.0,1.0,0.0,0.0
1772443963.3222215,703,0.6585693716980513,0.6585693716980513,0.0,0.7113475240944699,1.0,0.0,0.0
1772443963.3346922,704,0.6528405176596546,0.6528405176596546,0.0,0.739489337206385,1.0,0.0,0.0
1772443963.3467343,705,0.664238345675566,0.664238345675566,0.0,1.0,1.0,0.0,0.0
1772443963.3592486,706,0.6326411509501465,0.6326411509501465,0.0,0.22856679558116808,1.0,0.0,0.0
1772443963.3721144,707,0.6028015274826827,0.6028015274826827,0.0,0.24400836276492677,1.0,0.0,0.0
1772443963.3848667,708,0.5743966521967372,0.5743966521967372,0.0,0.239202973385694,1.0,0.0,0.0
1772443963.3974915,709,0.5485225211262477,0.5485225211262477,0.0,0.3131977790523642,1.0,0.0,0.0
1772443963.4097853,710,0.5508685470989345,0.5508685470989345,0.0,0.7695018847867976,1.0,0.0,0.0
1772443963.4217057,711,0.5530972717729871,0.5530972717729871,0.0,0.7695018847867978,1.0,0.0,0.0
1772443963.4342997,712,0.5694822620832319,0.5694822620832319,0.0,1.0,1.0,0.0,0.0
1772443963.4471035,713,0.5438538505184177,0.5438538505184177,0.0,0.3131977790523642,1.0,0.0,0.0
1772443963.4594007,714,0.5184436086650877,0.5184436086650877,0.0,0.24318087872035812,1.0,0.0,0.0
1772443963.4722688,715,0.5172643456525203,0.5172643456525203,0.0,0.7113475240944699,1.0,0.0,0.0
1772443963.48471,716,0.4940640424233732,0.4940640424233732,0.0,0.3031609979482067,1.0,0.0,0.0
1772443963.4971538,717,0.4710049840416814,0.4710049840416814,0.0,0.23123319839637962,1.0,0.0,0.0
1772443963.5098202,718,0.49149458873849144,0.49149458873849144,0.0,1.0,1.0,0.0,0.0
1772443963.5219514,719,0.5109597132004611,0.5109597132004611,0.0,1.0,1.0,0.0,0.0
1772443963.534671,720,0.5121594505606384,0.5121594505606384,0.0,0.7342923267322491,1.0,0.0,0.0
1772443963.547044,721,0.5163236300616058,0.5163236300616058,0.0,0.7695018847867976,1.0,0.0,0.0
1772443963.559834,722,0.5202796005875248,0.5202796005875248,0.0,0.7695018847867978,1.0,0.0,0.0
1772443963.5725362,723,0.5210100209299494,0.5210100209299494,0.0,0.7342541674678684,1.0,0.0,0.0
1772443963.585025,724,0.5366938273090733,0.5366938273090733,0.0,0.9456014266828061,1.0,0.0,0.0
1772443963.597104,725,0.539631287972619,0.539631287972619,0.0,0.7695018847867978,1.0,0.0,0.0
1772443963.6096501,726,0.5393941239457889,0.5393941239457889,0.0,0.7342541674678684,1.0,0.0,0.0
1772443963.6222062,727,0.5564642716473936,0.5564642716473936,0.0,1.0,1.0,0.0,0.0
1772443963.6349134,728,0.5726809119639181,0.5726809119639181,0.0,1.0,1.0,0.0,0.0
1772443963.6469579,729,0.5707945893859225,0.5707945893859225,0.0,0.7342923267322491,1.0,0.0,0.0
1772443963.6599019,730,0.5720270119456257,0.5720270119456257,0.0,0.7695018847867976,1.0,0.0,0.0
1772443963.6723704,731,0.5731978133773437,0.5731978133773437,0.0,0.7695018847867978,1.0,0.0,0.0
1772443963.684541,732,0.5712823230802774,0.5712823230802774,0.0,0.7342541674678684,1.0,0.0,0.0
1772443963.697139,733,0.5867580608251577,0.5867580608251577,0.0,1.0,1.0,0.0,0.0
1772443963.7097218,734,0.5841678808041001,0.5841678808041001,0.0,0.7342923267322491,1.0,0.0,0.0
1772443963.7220619,735,0.5989993406627893,0.5989993406627893,0.0,1.0,1.0,0.0,0.0
1772443963.7343972,736,0.5957937740014507,0.5957937740014507,0.0,0.7342541674678684,1.0,0.0,0.0
1772443963.7470143,737,0.6077383927269995,0.6077383927269995,0.0,0.9456014266828061,1.0,0.0,0.0
1772443963.7598863,738,0.6071236251196488,0.6071236251196488,0.0,0.7695018847867978,1.0,0.0,0.0
1772443963.7720127,739,0.6065395958926656,0.6065395958926656,0.0,0.7695018847867976,1.0,0.0,0.0
1772443963.784824,740,0.6059847681270316,0.6059847681270316,0.0,0.7695018847867978,1.0,0.0,0.0
1772443963.7973773,741,0.6054576817496793,0.6054576817496793,0.0,0.7695018847867976,1.0,0.0,0.0
1772443963.8095622,742,0.5999277150828823,0.5999277150828823,0.0,0.7113475240944699,1.0,0.0,0.0
1772443963.8221936,743,0.6139711832276324,0.6139711832276324,0.0,1.0,1.0,0.0,0.0
1772443963.8346732,744,0.6104722386127567,0.6104722386127567,0.0,0.739489337206385,1.0,0.0,0.0
1772443963.847072,745,0.6097207787111181,0.6097207787111181,0.0,0.7695018847867978,1.0,0.0,0.0
1772443963.8599193,746,0.6209690472011835,0.6209690472011835,0.0,0.9456014266828061,1.0,0.0,0.0
1772443963.8723476,747,0.6171202093876302,0.6171202093876302,0.0,0.739489337206385,1.0,0.0,0.0
1772443963.8848553,748,0.62799850634387,0.62799850634387,0.0,0.9456014266828061,1.0,0.0,0.0
1772443963.8974516,749,0.6233463040468769,0.6233463040468769,0.0,0.7342923267322491,1.0,0.0,0.0
1772443963.91012,750,0.6339132962701544,0.6339132962701544,0.0,0.9456014266828061,1.0,0.0,0.0
1772443963.9229257,751,0.6294172460031525,0.6294172460031525,0.0,0.739489337206385,1.0,0.0,0.0
1772443963.9350805,752,0.6226893011236819,0.6226893011236819,0.0,0.7113475240944699,1.0,0.0,0.0
1772443963.947149,753,0.6187544506140037,0.6187544506140037,0.0,0.739489337206385,1.0,0.0,0.0
1772443963.960788,754,0.6295510355089248,0.6295510355089248,0.0,0.9456014266828061,1.0,0.0,0.0
1772443963.972415,755,0.6421133376323727,0.6421133376323727,0.0,1.0,1.0,0.0,0.0
1772443963.9847527,756,0.6384572190435277,0.6384572190435277,0.0,0.7539622151418411,1.0,0.0,0.0
1772443963.997619,757,0.6100590209477256,0.6100590209477256,0.0,0.3458375714609163,1.0,0.0,0.0
1772443964.0097034,758,0.5833356409720528,0.5833356409720528,0.0,0.3565983778790624,1.0,0.0,0.0
1772443964.0219817,759,0.5809132592952511,0.5809132592952511,0.0,0.7342541674678684,1.0,0.0,0.0
1772443964.0348926,760,0.5936019037561098,0.5936019037561098,0.0,0.9456014266828061,1.0,0.0,0.0
1772443964.0470333,761,0.6079616624671984,0.6079616624671984,0.0,1.0,1.0,0.0,0.0
1772443964.059711,762,0.6073357313728378,0.6073357313728378,0.0,0.7695018847867978,1.0,0.0,0.0
1772443964.072282,763,0.6210087987030901,0.6210087987030901,0.0,1.0,1.0,0.0,0.0
1772443964.0848486,764,0.5936964544794764,0.5936964544794764,0.0,0.3548939275513033,1.0,0.0,0.0
1772443964.097389,765,0.5677476955152362,0.5677476955152362,0.0,0.3548099776925033,1.0,0.0,0.0
1772443964.109893,766,0.5834001646383685,0.5834001646383685,0.0,1.0,1.0,0.0,0.0
1772443964.1222367,767,0.5840023084354494,0.5840023084354494,0.0,0.7695018847867976,1.0,0.0,0.0
1772443964.134777,768,0.5988420469125711,0.5988420469125711,0.0,1.0,1.0,0.0,0.0
1772443964.1469982,769,0.6129397984658368,0.6129397984658368,0.0,1.0,1.0,0.0,0.0
1772443964.1594133,770,0.6263326624414391,0.6263326624414391,0.0,1.0,1.0,0.0,0.0
1772443964.172273,771,0.6197589467400542,0.6197589467400542,0.0,0.7113475240944699,1.0,0.0,0.0
1772443964.1846814,772,0.6159706139495573,0.6159706139495573,0.0,0.739489337206385,1.0,0.0,0.0
1772443964.1971881,773,0.6149442352810788,0.6149442352810788,0.0,0.7695018847867978,1.0,0.0,0.0
1772443964.20984,774,0.628236877415919,0.628236877415919,0.0,1.0,1.0,0.0,0.0
1772443964.2217903,775,0.623569433916924,0.623569433916924,0.0,0.7342541674678684,1.0,0.0,0.0
1772443964.2348711,776,0.6341252696466991,0.6341252696466991,0.0,0.9456014266828061,1.0,0.0,0.0
1772443964.247514,777,0.6464588600632584,0.6464588600632584,0.0,1.0,1.0,0.0,0.0
1772443964.2601454,778,0.6581757709589896,0.6581757709589896,0.0,1.0,1.0,0.0,0.0
1772443964.2721438,779,0.6693068363099343,0.6693068363099343,0.0,1.0,1.0,0.0,0.0
1772443964.2842603,780,0.6656136465234368,0.6656136465234368,0.0,0.7695018847867978,1.0,0.0,0.0
1772443964.2972388,781,0.6740672716228863,0.6740672716228863,0.0,0.9456014266828061,1.0,0.0,0.0
1772443964.309873,782,0.6820982154673633,0.6820982154673633,0.0,0.9456014266828061,1.0,0.0,0.0
1772443964.3216238,783,0.6777654567229944,0.6777654567229944,0.0,0.7695018847867976,1.0,0.0,0.0
1772443964.334846,784,0.685611491312466,0.685611491312466,0.0,0.9456014266828061,1.0,0.0,0.0
1772443964.347347,785,0.6930652241724641,0.6930652241724641,0.0,0.9456014266828061,1.0,0.0,0.0
1772443964.3599021,786,0.7001462703894622,0.7001462703894622,0.0,0.9456014266828061,1.0,0.0,0.0
1772443964.3715897,787,0.7091788107688832,0.7091788107688832,0.0,1.0,1.0,0.0,0.0
1772443964.3847475,788,0.7021694185232127,0.7021694185232127,0.0,0.7539622151418411,1.0,0.0,0.0
1772443964.3972354,789,0.7111008014959462,0.7111008014959462,0.0,1.0,1.0,0.0,0.0
1772443964.409394,790,0.7027453759676547,0.7027453759676547,0.0,0.739489337206385,1.0,0.0,0.0
1772443964.4221041,791,0.6973802591982713,0.6973802591982713,0.0,0.7695018847867978,1.0,0.0,0.0
1772443964.4346979,792,0.665356947777705,0.665356947777705,0.0,0.3131977790523642,1.0,0.0,0.0
1772443964.4472158,793,0.6337332441282966,0.6337332441282966,0.0,0.23123319839637962,1.0,0.0,0.0
1772443964.4591112,794,0.646086435820776,0.646086435820776,0.0,1.0,1.0,0.0,0.0
1772443964.4720857,795,0.6555164214553585,0.6555164214553585,0.0,0.9456014266828061,1.0,0.0,0.0
1772443964.4844856,796,0.6644749078082118,0.6644749078082118,0.0,0.9456014266828061,1.0,0.0,0.0
1772443964.496929,797,0.6752910163166954,0.6752910163166954,0.0,1.0,1.0,0.0,0.0
1772443964.5092697,798,0.6832607729264819,0.6832607729264819,0.0,0.9456014266828061,1.0,0.0,0.0
1772443964.5221527,799,0.693137588179052,0.693137588179052,0.0,1.0,1.0,0.0,0.0
1772443964.5345306,800,0.7025205626689935,0.7025205626689935,0.0,1.0,1.0,0.0,0.0
1772443964.5471308,801,0.6921374519562309,0.6921374519562309,0.0,0.7113475240944699,1.0,0.0,0.0
1772443964.5593846,802,0.6847301939049252,0.6847301939049252,0.0,0.739489337206385,1.0,0.0,0.0
1772443964.5719302,803,0.6802658362386782,0.6802658362386782,0.0,0.7695018847867978,1.0,0.0,0.0
1772443964.5843768,804,0.6760246964557436,0.6760246964557436,0.0,0.7695018847867976,1.0,0.0,0.0
1772443964.5967147,805,0.6669663790536434,0.6669663790536434,0.0,0.7113475240944699,1.0,0.0,0.0
1772443964.6094363,806,0.6753523675265826,0.6753523675265826,0.0,0.9456014266828061,1.0,0.0,0.0
1772443964.6221752,807,0.6713569011792527,0.6713569011792527,0.0,0.7695018847867976,1.0,0.0,0.0
1772443964.634562,808,0.662531973540977,0.662531973540977,0.0,0.7113475240944699,1.0,0.0,0.0
1772443964.6470728,809,0.6578549231567018,0.6578549231567018,0.0,0.7539622151418408,1.0,0.0,0.0
1772443964.6602921,810,0.6690020308977609,0.6690020308977609,0.0,1.0,1.0,0.0,0.0
1772443964.6721,811,0.6640014776456465,0.6640014776456465,0.0,0.7539622151418411,1.0,0.0,0.0
1772443964.6846156,812,0.6592509520561378,0.6592509520561378,0.0,0.7539622151418408,1.0,0.0,0.0
1772443964.6972036,813,0.6680227118789522,0.6680227118789522,0.0,0.9456014266828061,1.0,0.0,0.0
1772443964.7098598,814,0.6763558837106259,0.6763558837106259,0.0,0.9456014266828061,1.0,0.0,0.0
1772443964.721832,815,0.684272396950716,0.684272396950716,0.0,0.9456014266828061,1.0,0.0,0.0
1772443964.7342544,816,0.6917930845288015,0.6917930845288015,0.0,0.9456014266828061,1.0,0.0,0.0
1772443964.7468426,817,0.6839511533225617,0.6839511533225617,0.0,0.7342923267322491,1.0,0.0,0.0
1772443964.7594783,818,0.679525747685433,0.679525747685433,0.0,0.7695018847867976,1.0,0.0,0.0
1772443964.7717726,819,0.6872837677267826,0.6872837677267826,0.0,0.9456014266828061,1.0,0.0,0.0
1772443964.784362,820,0.6796673023606438,0.6796673023606438,0.0,0.7342923267322491,1.0,0.0,0.0
1772443964.796986,821,0.6754560892716108,0.6754560892716108,0.0,0.7695018847867976,1.0,0.0,0.0
1772443964.8097515,822,0.6834175922336516,0.6834175922336516,0.0,0.9456014266828061,1.0,0.0,0.0
1772443964.8217046,823,0.6909810200475903,0.6909810200475903,0.0,0.9456014266828061,1.0,0.0,0.0
1772443964.834657,824,0.7004718229441049,0.7004718229441049,0.0,1.0,1.0,0.0,0.0
1772443964.8469877,825,0.7094880856957938,0.7094880856957938,0.0,1.0,1.0,0.0,0.0
1772443964.8594797,826,0.7157479888366254,0.7157479888366254,0.0,0.9456014266828061,1.0,0.0,0.0
1772443964.8720565,827,0.7216948968204154,0.7216948968204154,0.0,0.9456014266828061,1.0,0.0,0.0
1772443964.8844948,828,0.7296500058782889,0.7296500058782889,0.0,1.0,1.0,0.0,0.0
1772443964.8974023,829,0.7372073594832687,0.7372073594832687,0.0,1.0,1.0,0.0,0.0
1772443964.9095633,830,0.7301191435381045,0.7301191435381045,0.0,0.7695018847867978,1.0,0.0,0.0
1772443964.9218411,831,0.7376530402600934,0.7376530402600934,0.0,1.0,1.0,0.0,0.0
1772443964.9346108,832,0.7275147886188896,0.7275147886188896,0.0,0.7342541674678684,1.0,0.0,0.0
1772443964.947167,833,0.7351789030868393,0.7351789030868393,0.0,1.0,1.0,0.0,0.0
1772443964.9597535,834,0.7251676809526977,0.7251676809526977,0.0,0.7342923267322491,1.0,0.0,0.0
1772443964.9722993,835,0.718681448934062,0.718681448934062,0.0,0.7695018847867976,1.0,0.0,0.0
1772443964.9843512,836,0.7125195285163582,0.7125195285163582,0.0,0.7695018847867978,1.0,0.0,0.0
1772443964.9971807,837,0.7036379524623412,0.7036379524623412,0.0,0.7342541674678684,1.0,0.0,0.0
1772443965.0098526,838,0.7101903622648454,0.7101903622648454,0.0,0.9456014266828061,1.0,0.0,0.0
1772443965.021759,839,0.7164151515772245,0.7164151515772245,0.0,0.9456014266828061,1.0,0.0,0.0
1772443965.0343242,840,0.7223287014239845,0.7223287014239845,0.0,0.9456014266828061,1.0,0.0,0.0
1772443965.0468912,841,0.7159844183817846,0.7159844183817846,0.0,0.7695018847867978,1.0,0.0,0.0
1772443965.0593326,842,0.7069295978344963,0.7069295978344963,0.0,0.7342541674678684,1.0,0.0,0.0
1772443965.0718062,843,0.7000326662355452,0.7000326662355452,0.0,0.7539622151418411,1.0,0.0,0.0
1772443965.0841503,844,0.6922306474702737,0.6922306474702737,0.0,0.739489337206385,1.0,0.0,0.0
1772443965.096975,845,0.7016589689956543,0.7016589689956543,0.0,1.0,1.0,0.0,0.0
1772443965.109781,846,0.7083103279714928,0.7083103279714928,0.0,0.9456014266828061,1.0,0.0,0.0
1772443965.1216445,847,0.6996425345931185,0.6996425345931185,0.0,0.7342923267322491,1.0,0.0,0.0
1772443965.1344194,848,0.6944325598924619,0.6944325598924619,0.0,0.7695018847867976,1.0,0.0,0.0
1772443965.1469562,849,0.7014452393234601,0.7014452393234601,0.0,0.9456014266828061,1.0,0.0,0.0
1772443965.1591122,850,0.7104128312561813,0.7104128312561813,0.0,1.0,1.0,0.0,0.0
1772443965.1717672,851,0.7166264971189935,0.7166264971189935,0.0,0.9456014266828061,1.0,0.0,0.0
1772443965.1845438,852,0.7055380896837308,0.7055380896837308,0.0,0.7113475240944699,1.0,0.0,0.0
1772443965.1969552,853,0.6974607997460501,0.6974607997460501,0.0,0.739489337206385,1.0,0.0,0.0
1772443965.2095864,854,0.6873306771794346,0.6873306771794346,0.0,0.7113475240944699,1.0,0.0,0.0
1772443965.2215793,855,0.6814136916132365,0.6814136916132365,0.0,0.7539622151418408,1.0,0.0,0.0
1772443965.2345977,856,0.6757925553253483,0.6757925553253483,0.0,0.7539622151418411,1.0,0.0,0.0
1772443965.246776,857,0.6692025421055867,0.6692025421055867,0.0,0.739489337206385,1.0,0.0,0.0
1772443965.259402,858,0.6797822688992016,0.6797822688992016,0.0,1.0,1.0,0.0,0.0
1772443965.2716148,859,0.6898330093531356,0.6898330093531356,0.0,1.0,1.0,0.0,0.0
1772443965.2844431,860,0.6800842763061659,0.6800842763061659,0.0,0.7113475240944699,1.0,0.0,0.0
1772443965.296818,861,0.6901199163897518,0.6901199163897518,0.0,1.0,1.0,0.0,0.0
1772443965.3099282,862,0.6840634688630378,0.6840634688630378,0.0,0.7539622151418408,1.0,0.0,0.0
1772443965.3223214,863,0.6939001493187801,0.6939001493187801,0.0,1.0,1.0,0.0,0.0
1772443965.3349557,864,0.6876546901456148,0.6876546901456148,0.0,0.7539622151418411,1.0,0.0,0.0
1772443965.347273,865,0.6804715701848398,0.6804715701848398,0.0,0.739489337206385,1.0,0.0,0.0
1772443965.3602512,866,0.690487845574492,0.690487845574492,0.0,1.0,1.0,0.0,0.0
1772443965.3720007,867,0.7000033071946616,0.7000033071946616,0.0,1.0,1.0,0.0,0.0
1772443965.3845658,868,0.7090429957338227,0.7090429957338227,0.0,1.0,1.0,0.0,0.0
1772443965.3970096,869,0.7153251533727528,0.7153251533727528,0.0,0.9456014266828061,1.0,0.0,0.0
1772443965.4094172,870,0.7212932031297364,0.7212932031297364,0.0,0.9456014266828061,1.0,0.0,0.0
1772443965.4219882,871,0.7099714603939365,0.7099714603939365,0.0,0.7113475240944699,1.0,0.0,0.0
1772443965.4345326,872,0.7016725019207456,0.7016725019207456,0.0,0.739489337206385,1.0,0.0,0.0
1772443965.4471664,873,0.7083231842503296,0.7083231842503296,0.0,0.9456014266828061,1.0,0.0,0.0
1772443965.4594936,874,0.7146413324634344,0.7146413324634344,0.0,0.9456014266828061,1.0,0.0,0.0
1772443965.472135,875,0.7229491197391569,0.7229491197391569,0.0,1.0,1.0,0.0,0.0
1772443965.4848776,876,0.7308415176510932,0.7308415176510932,0.0,1.0,1.0,0.0,0.0
1772443965.4970992,877,0.7360337491941599,0.7360337491941599,0.0,0.9456014266828061,1.0,0.0,0.0
1772443965.5098906,878,0.7409663691600732,0.7409663691600732,0.0,0.9456014266828061,1.0,0.0,0.0
1772443965.5219657,879,0.7456523581276908,0.7456523581276908,0.0,0.9456014266828061,1.0,0.0,0.0
1772443965.5346427,880,0.7110851675123719,0.7110851675123719,0.0,0.30610931981249817,1.0,0.0,0.0
1772443965.546955,881,0.6784722242853058,0.6784722242853058,0.0,0.318208767723948,1.0,0.0,0.0
1772443965.5594525,882,0.6885884669699347,0.6885884669699347,0.0,1.0,1.0,0.0,0.0
1772443965.5719402,883,0.6839311956504373,0.6839311956504373,0.0,0.7695018847867978,1.0,0.0,0.0
1772443965.5847125,884,0.6795067878969147,0.6795067878969147,0.0,0.7695018847867976,1.0,0.0,0.0
1772443965.5977552,885,0.6895713024009631,0.6895713024009631,0.0,1.0,1.0,0.0,0.0
1772443965.6095424,886,0.6991325911798091,0.6991325911798091,0.0,1.0,1.0,0.0,0.0
1772443965.62208,887,0.7082158155197128,0.7082158155197128,0.0,1.0,1.0,0.0,0.0
1772443965.6349328,888,0.7168448786426214,0.7168448786426214,0.0,1.0,1.0,0.0,0.0
1772443965.6470046,889,0.7057455521311773,0.7057455521311773,0.0,0.7113475240944699,1.0,0.0,0.0
1772443965.659786,890,0.6976578890711242,0.6976578890711242,0.0,0.739489337206385,1.0,0.0,0.0
1772443965.672193,891,0.7045093020431894,0.7045093020431894,0.0,0.9456014266828061,1.0,0.0,0.0
1772443965.6847095,892,0.7110181443666512,0.7110181443666512,0.0,0.9456014266828061,1.0,0.0,0.0
1772443965.6971526,893,0.7195070910472129,0.7195070910472129,0.0,1.0,1.0,0.0,0.0
1772443965.709734,894,0.7082746539155392,0.7082746539155392,0.0,0.7113475240944699,1.0,0.0,0.0
1772443965.7219343,895,0.7169007751186565,0.7169007751186565,0.0,1.0,1.0,0.0,0.0
1772443965.734774,896,0.722790043788345,0.722790043788345,0.0,0.9456014266828061,1.0,0.0,0.0
1772443965.7473872,897,0.7133949419707286,0.7133949419707286,0.0,0.7342541674678684,1.0,0.0,0.0
1772443965.7599168,898,0.7044729178923925,0.7044729178923925,0.0,0.7342923267322491,1.0,0.0,0.0
1772443965.771708,899,0.713289125896667,0.713289125896667,0.0,1.0,1.0,0.0,0.0
1772443965.7844162,900,0.7216645235007279,0.7216645235007279,0.0,1.0,1.0,0.0,0.0
1772443965.7967048,901,0.7296211512245856,0.7296211512245856,0.0,1.0,1.0,0.0,0.0
1772443965.8094556,902,0.7371799475622505,0.7371799475622505,0.0,1.0,1.0,0.0,0.0
1772443965.8216026,903,0.7300931022131372,0.7300931022131372,0.0,0.7695018847867976,1.0,0.0,0.0
1772443965.834153,904,0.7353227545281016,0.7353227545281016,0.0,0.9456014266828061,1.0,0.0,0.0
1772443965.8473399,905,0.7425964707005906,0.7425964707005906,0.0,1.0,1.0,0.0,0.0
1772443965.859469,906,0.7472009545911824,0.7472009545911824,0.0,0.9456014266828061,1.0,0.0,0.0
1772443965.871663,907,0.7538807607605175,0.7538807607605175,0.0,1.0,1.0,0.0,0.0
1772443965.884312,908,0.7459588747514908,0.7459588747514908,0.0,0.7695018847867978,1.0,0.0,0.0
1772443965.8968234,909,0.7354053313857172,0.7354053313857172,0.0,0.7342541674678684,1.0,0.0,0.0
1772443965.909486,910,0.7426749187153255,0.7426749187153255,0.0,1.0,1.0,0.0,0.0
1772443965.9219058,911,0.7472754802051805,0.7472754802051805,0.0,0.9456014266828061,1.0,0.0,0.0
1772443965.934466,912,0.7539515600938157,0.7539515600938157,0.0,1.0,1.0,0.0,0.0
1772443965.9468315,913,0.760293835988019,0.760293835988019,0.0,1.0,1.0,0.0,0.0
1772443965.9595993,914,0.7520512962176173,0.7520512962176173,0.0,0.7695018847867978,1.0,0.0,0.0
1772443965.9715571,915,0.7584885853056307,0.7584885853056307,0.0,1.0,1.0,0.0,0.0
1772443965.9841602,916,0.7646040099392433,0.7646040099392433,0.0,1.0,1.0,0.0,0.0
1772443965.9967275,917,0.7681081168679024,0.7681081168679024,0.0,0.9456014266828061,1.0,0.0,0.0
1772443966.0096107,918,0.7581522593172809,0.7581522593172809,0.0,0.7539622151418408,1.0,0.0,0.0
1772443966.0219884,919,0.764284500250311,0.764284500250311,0.0,1.0,1.0,0.0,0.0
1772443966.0345807,920,0.7678045826634168,0.7678045826634168,0.0,0.9456014266828061,1.0,0.0,0.0
1772443966.0472002,921,0.7734542074291401,0.7734542074291401,0.0,1.0,1.0,0.0,0.0
1772443966.0597708,922,0.7788213509565772,0.7788213509565772,0.0,1.0,1.0,0.0,0.0
1772443966.0716832,923,0.7839201373076425,0.7839201373076425,0.0,1.0,1.0,0.0,0.0
1772443966.084699,924,0.7694670478629474,0.7694670478629474,0.0,0.7113475240944699,1.0,0.0,0.0
1772443966.0970457,925,0.7581933100163059,0.7581933100163059,0.0,0.739489337206385,1.0,0.0,0.0
1772443966.1095989,926,0.7643234984143847,0.7643234984143847,0.0,1.0,1.0,0.0,0.0
1772443966.1217492,927,0.7558794755226648,0.7558794755226648,0.0,0.7695018847867978,1.0,0.0,0.0
1772443966.1347554,928,0.7448299021183324,0.7448299021183324,0.0,0.7342541674678684,1.0,0.0,0.0
1772443966.1472404,929,0.7493227144380371,0.7493227144380371,0.0,0.9456014266828061,1.0,0.0,0.0
1772443966.1597636,930,0.7558964326150294,0.7558964326150294,0.0,1.0,1.0,0.0,0.0
1772443966.1717572,931,0.7478737630132771,0.7478737630132771,0.0,0.7695018847867978,1.0,0.0,0.0
1772443966.184737,932,0.7402522268916125,0.7402522268916125,0.0,0.7695018847867976,1.0,0.0,0.0
1772443966.1971967,933,0.747279469445926,0.747279469445926,0.0,1.0,1.0,0.0,0.0
1772443966.2096674,934,0.739687648002629,0.739687648002629,0.0,0.7695018847867978,1.0,0.0,0.0
1772443966.2215812,935,0.7294476659742984,0.7294476659742984,0.0,0.7342541674678684,1.0,0.0,0.0
1772443966.2345352,936,0.7197230056957838,0.7197230056957838,0.0,0.7342923267322491,1.0,0.0,0.0
1772443966.24702,937,0.7135090074399939,0.7135090074399939,0.0,0.7695018847867976,1.0,0.0,0.0
1772443966.2598648,938,0.7025764744886812,0.7025764744886812,0.0,0.7113475240944699,1.0,0.0,0.0
1772443966.2716954,939,0.7091819581898685,0.7091819581898685,0.0,0.9456014266828061,1.0,0.0,0.0
1772443966.2848208,940,0.7034950123093744,0.7034950123093744,0.0,0.7695018847867976,1.0,0.0,0.0
1772443966.297474,941,0.698092413722905,0.698092413722905,0.0,0.7695018847867978,1.0,0.0,0.0
1772443966.3099442,942,0.7072276469356539,0.7072276469356539,0.0,1.0,1.0,0.0,0.0
1772443966.3219037,943,0.698610664960672,0.698610664960672,0.0,0.7342541674678684,1.0,0.0,0.0
1772443966.3343823,944,0.6921296800054121,0.6921296800054121,0.0,0.7539622151418411,1.0,0.0,0.0
1772443966.3475194,945,0.6992575034307628,0.6992575034307628,0.0,0.9456014266828061,1.0,0.0,0.0
1772443966.3595817,946,0.7060289356848459,0.7060289356848459,0.0,0.9456014266828061,1.0,0.0,0.0
1772443966.371843,947,0.6979271034471095,0.6979271034471095,0.0,0.739489337206385,1.0,0.0,0.0
1772443966.3846521,948,0.7070706021736483,0.7070706021736483,0.0,1.0,1.0,0.0,0.0
1772443966.3974643,949,0.6964599894856528,0.6964599894856528,0.0,0.7113475240944699,1.0,0.0,0.0
1772443966.409936,950,0.7033712974369914,0.7033712974369914,0.0,0.9456014266828061,1.0,0.0,0.0
1772443966.4226189,951,0.712242586464036,0.712242586464036,0.0,1.0,1.0,0.0,0.0
1772443966.4347641,952,0.7183647645664556,0.7183647645664556,0.0,0.9456014266828061,1.0,0.0,0.0
1772443966.4467719,953,0.7108960746309064,0.7108960746309064,0.0,0.7539622151418408,1.0,0.0,0.0
1772443966.4591973,954,0.7020989939195614,0.7020989939195614,0.0,0.7342923267322491,1.0,0.0,0.0
1772443966.4722586,955,0.7110338981224775,0.7110338981224775,0.0,1.0,1.0,0.0,0.0
1772443966.4851778,956,0.7195220571152479,0.7195220571152479,0.0,1.0,1.0,0.0,0.0
1772443966.49752,957,0.7102903546312863,0.7102903546312863,0.0,0.7342541674678684,1.0,0.0,0.0
1772443966.5096796,958,0.7165101443253433,0.7165101443253433,0.0,0.9456014266828061,1.0,0.0,0.0
1772443966.522448,959,0.7247244910079703,0.7247244910079703,0.0,1.0,1.0,0.0,0.0
1772443966.5357177,960,0.7182604184865711,0.7182604184865711,0.0,0.7695018847867978,1.0,0.0,0.0
1772443966.5481527,961,0.7240817049878638,0.7240817049878638,0.0,0.9456014266828061,1.0,0.0,0.0
1772443966.5593944,962,0.7163271680312443,0.7163271680312443,0.0,0.7539622151418408,1.0,0.0,0.0
1772443966.572071,963,0.7245506635285762,0.7245506635285762,0.0,1.0,1.0,0.0,0.0
1772443966.584816,964,0.7150708533723478,0.7150708533723478,0.0,0.7342923267322491,1.0,0.0,0.0
1772443966.5974646,965,0.7060617110755313,0.7060617110755313,0.0,0.7342541674678684,1.0,0.0,0.0
1772443966.609208,966,0.7147984794206489,0.7147984794206489,0.0,1.0,1.0,0.0,0.0
1772443966.6217494,967,0.7207928628752378,0.7207928628752378,0.0,0.9456014266828061,1.0,0.0,0.0
1772443966.6344275,968,0.7145253717604751,0.7145253717604751,0.0,0.7695018847867978,1.0,0.0,0.0
1772443966.6467059,969,0.7055435035442523,0.7055435035442523,0.0,0.7342541674678684,1.0,0.0,0.0
1772443966.6594276,970,0.7143061822659339,0.7143061822659339,0.0,1.0,1.0,0.0,0.0
1772443966.6717997,971,0.7070404214454109,0.7070404214454109,0.0,0.7539622151418411,1.0,0.0,0.0
1772443966.6844542,972,0.7134227077987617,0.7134227077987617,0.0,0.9456014266828061,1.0,0.0,0.0
1772443966.696902,973,0.7217914263077178,0.7217914263077178,0.0,1.0,1.0,0.0,0.0
1772443966.7095582,974,0.7154740070213311,0.7154740070213311,0.0,0.7695018847867976,1.0,0.0,0.0
1772443966.7221808,975,0.7094724586992638,0.7094724586992638,0.0,0.7695018847867978,1.0,0.0,0.0
1772443966.7344282,976,0.7180386896631947,0.7180386896631947,0.0,1.0,1.0,0.0,0.0
1772443966.7470798,977,0.7119089072090342,0.7119089072090342,0.0,0.7695018847867976,1.0,0.0,0.0
1772443966.7596605,978,0.7203533157474766,0.7203533157474766,0.0,1.0,1.0,0.0,0.0
1772443966.7720997,979,0.7090785673807898,0.7090785673807898,0.0,0.7113475240944699,1.0,0.0,0.0
1772443966.7845714,980,0.7008242535582562,0.7008242535582562,0.0,0.739489337206385,1.0,0.0,0.0
1772443966.796695,981,0.7098228947792375,0.7098228947792375,0.0,1.0,1.0,0.0,0.0
1772443966.809388,982,0.7183716039391699,0.7183716039391699,0.0,1.0,1.0,0.0,0.0
1772443966.821877,983,0.7122251757712107,0.7122251757712107,0.0,0.7695018847867978,1.0,0.0,0.0
1772443966.834451,984,0.7183482244082715,0.7183482244082715,0.0,0.9456014266828061,1.0,0.0,0.0
1772443966.8469741,985,0.7241651206134793,0.7241651206134793,0.0,0.9456014266828061,1.0,0.0,0.0
1772443966.8594527,986,0.7177290166118045,0.7177290166118045,0.0,0.7695018847867976,1.0,0.0,0.0
1772443966.8715835,987,0.7258824196801085,0.7258824196801085,0.0,1.0,1.0,0.0,0.0
1772443966.8843017,988,0.7313226061217244,0.7313226061217244,0.0,0.9456014266828061,1.0,0.0,0.0
1772443966.896777,989,0.6974719031067038,0.6974719031067038,0.0,0.30610931981249817,1.0,0.0,0.0
1772443966.9094427,990,0.6655396230999212,0.6655396230999212,0.0,0.318208767723948,1.0,0.0,0.0
1772443966.9215438,991,0.6763024958438193,0.6763024958438193,0.0,1.0,1.0,0.0,0.0
1772443966.9342427,992,0.6722595230806276,0.6722595230806276,0.0,0.7695018847867978,1.0,0.0,0.0
1772443966.946813,993,0.6684186989555956,0.6684186989555956,0.0,0.7695018847867976,1.0,0.0,0.0
1772443966.9594352,994,0.6767320714334372,0.6767320714334372,0.0,0.9456014266828061,1.0,0.0,0.0
1772443966.97154,995,0.6846297752873867,0.6846297752873867,0.0,0.9456014266828061,1.0,0.0,0.0
1772443966.9844584,996,0.6921325939486387,0.6921325939486387,0.0,0.9456014266828061,1.0,0.0,0.0
1772443966.9968417,997,0.699260271676828,0.699260271676828,0.0,0.9456014266828061,1.0,0.0,0.0
1772443967.009484,998,0.6940694101219859,0.6940694101219859,0.0,0.7695018847867978,1.0,0.0,0.0
1772443967.0216372,999,0.6861103399876874,0.6861103399876874,0.0,0.7342541674678684,1.0,0.0,0.0
1772443967.034489,1000,0.6785525460085033,0.6785525460085033,0.0,0.7342923267322491,1.0,0.0,0.0
1772443967.0470147,1001,0.6743970707370774,0.6743970707370774,0.0,0.7695018847867976,1.0,0.0,0.0
1772443967.0596015,1002,0.6704493692292228,0.6704493692292228,0.0,0.7695018847867978,1.0,0.0,0.0
1772443967.071676,1003,0.666699052796761,0.666699052796761,0.0,0.7695018847867976,1.0,0.0,0.0
1772443967.0846052,1004,0.6750984075825442,0.6750984075825442,0.0,0.9456014266828061,1.0,0.0,0.0
1772443967.0973039,1005,0.6680912102236174,0.6680912102236174,0.0,0.7342923267322491,1.0,0.0,0.0
1772443967.1099594,1006,0.6787265036113307,0.6787265036113307,0.0,1.0,1.0,0.0,0.0
1772443967.1214964,1007,0.6865244858563855,0.6865244858563855,0.0,0.9456014266828061,1.0,0.0,0.0
1772443967.1344895,1008,0.6793978761100721,0.6793978761100721,0.0,0.739489337206385,1.0,0.0,0.0
1772443967.1468816,1009,0.6752001343335677,0.6752001343335677,0.0,0.7695018847867978,1.0,0.0,0.0
1772443967.159741,1010,0.6712122796458886,0.6712122796458886,0.0,0.7695018847867976,1.0,0.0,0.0
1772443967.171608,1011,0.6816915195624883,0.6816915195624883,0.0,1.0,1.0,0.0,0.0
1772443967.184455,1012,0.6492216661427227,0.6492216661427227,0.0,0.22856679558116808,1.0,0.0,0.0
1772443967.1972027,1013,0.619589154430873,0.619589154430873,0.0,0.31228335266976803,1.0,0.0,0.0
1772443967.2097452,1014,0.6183818487383287,0.6183818487383287,0.0,0.7695018847867976,1.0,0.0,0.0
1772443967.221634,1015,0.6172349083304115,0.6172349083304115,0.0,0.7695018847867978,1.0,0.0,0.0
1772443967.2345054,1016,0.6161453149428902,0.6161453149428902,0.0,0.7695018847867976,1.0,0.0,0.0
1772443967.2469006,1017,0.627072356621367,0.627072356621367,0.0,0.9456014266828061,1.0,0.0,0.0
1772443967.2594926,1018,0.6224664618104989,0.6224664618104989,0.0,0.7342923267322491,1.0,0.0,0.0
1772443967.2716749,1019,0.6180875390917748,0.6180875390917748,0.0,0.7342541674678684,1.0,0.0,0.0
1772443967.284482,1020,0.6312230160360802,0.6312230160360802,0.0,1.0,1.0,0.0,0.0
1772443967.2969315,1021,0.6281114135270499,0.6281114135270499,0.0,0.7539622151418411,1.0,0.0,0.0
1772443967.309551,1022,0.6407456967495916,0.6407456967495916,0.0,1.0,1.0,0.0,0.0
1772443967.321597,1023,0.6359080264586179,0.6359080264586179,0.0,0.739489337206385,1.0,0.0,0.0
1772443967.3344011,1024,0.6338847771646863,0.6338847771646863,0.0,0.7695018847867978,1.0,0.0,0.0
1772443967.346819,1025,0.6319626903354513,0.6319626903354513,0.0,0.7695018847867976,1.0,0.0,0.0
1772443967.3595283,1026,0.6420988632443,0.6420988632443,0.0,0.9456014266828061,1.0,0.0,0.0
1772443967.371612,1027,0.6517282275077063,0.6517282275077063,0.0,0.9456014266828061,1.0,0.0,0.0
1772443967.38449,1028,0.6608761235579423,0.6608761235579423,0.0,0.9456014266828061,1.0,0.0,0.0
1772443967.3967493,1029,0.6718721712789394,0.6718721712789394,0.0,1.0,1.0,0.0,0.0
1772443967.4094136,1030,0.6823184166138866,0.6823184166138866,0.0,1.0,1.0,0.0,0.0
1772443967.42197,1031,0.6766520440759659,0.6766520440759659,0.0,0.7539622151418411,1.0,0.0,0.0
1772443967.4347227,1032,0.6700190564186734,0.6700190564186734,0.0,0.739489337206385,1.0,0.0,0.0
1772443967.4470663,1033,0.680557957496634,0.680557957496634,0.0,1.0,1.0,0.0,0.0
1772443967.4596367,1034,0.6905699135206964,0.6905699135206964,0.0,1.0,1.0,0.0,0.0
1772443967.4720566,1035,0.6977757252702829,0.6977757252702829,0.0,0.9456014266828061,1.0,0.0,0.0
1772443967.4842517,1036,0.689634662026969,0.689634662026969,0.0,0.7342923267322491,1.0,0.0,0.0
1772443967.4970615,1037,0.6849250809546198,0.6849250809546198,0.0,0.7695018847867976,1.0,0.0,0.0
1772443967.509358,1038,0.6947186808057829,0.6947186808057829,0.0,1.0,1.0,0.0,0.0
1772443967.5222335,1039,0.7040226006643879,0.7040226006643879,0.0,1.0,1.0,0.0,0.0
1772443967.5346181,1040,0.7105557780567898,0.7105557780567898,0.0,0.9456014266828061,1.0,0.0,0.0
1772443967.5472584,1041,0.7190678430528445,0.7190678430528445,0.0,1.0,1.0,0.0,0.0
1772443967.5594482,1042,0.7248487583258236,0.7248487583258236,0.0,0.9456014266828061,1.0,0.0,0.0
1772443967.5721178,1043,0.7183784724385317,0.7183784724385317,0.0,0.7695018847867978,1.0,0.0,0.0
1772443967.5847178,1044,0.709203949188406,0.709203949188406,0.0,0.7342541674678684,1.0,0.0,0.0
1772443967.596589,1045,0.7177836056278799,0.7177836056278799,0.0,1.0,1.0,0.0,0.0
1772443967.6095839,1046,0.7259342792453801,0.7259342792453801,0.0,1.0,1.0,0.0,0.0
1772443967.6218498,1047,0.7336774191820052,0.7336774191820052,0.0,1.0,1.0,0.0,0.0
1772443967.6343677,1048,0.7387278556485263,0.7387278556485263,0.0,0.9456014266828061,1.0,0.0,0.0
1772443967.6471608,1049,0.7458313167649941,0.7458313167649941,0.0,1.0,1.0,0.0,0.0
1772443967.6594367,1050,0.7525796048256386,0.7525796048256386,0.0,1.0,1.0,0.0,0.0
1772443967.6720903,1051,0.756684932009978,0.756684932009978,0.0,0.9456014266828061,1.0,0.0,0.0
1772443967.6845133,1052,0.7455984084296794,0.7455984084296794,0.0,0.7342923267322491,1.0,0.0,0.0
1772443967.6968653,1053,0.7350628883799963,0.7350628883799963,0.0,0.7342541674678684,1.0,0.0,0.0
1772443967.709678,1054,0.7400440513866179,0.7400440513866179,0.0,0.9456014266828061,1.0,0.0,0.0
1772443967.7216377,1055,0.7470817027161811,0.7470817027161811,0.0,1.0,1.0,0.0,0.0
1772443967.73446,1056,0.7514619250059934,0.7514619250059934,0.0,0.9456014266828061,1.0,0.0,0.0
1772443967.7469254,1057,0.7423383770484674,0.7423383770484674,0.0,0.7539622151418411,1.0,0.0,0.0
1772443967.7596796,1058,0.7324210727425499,0.7324210727425499,0.0,0.739489337206385,1.0,0.0,0.0
1772443967.7716815,1059,0.7375343265310437,0.7375343265310437,0.0,0.9456014266828061,1.0,0.0,0.0
1772443967.7843714,1060,0.7446974641033857,0.7446974641033857,0.0,1.0,1.0,0.0,0.0
1772443967.797042,1061,0.7491968983238377,0.7491968983238377,0.0,0.9456014266828061,1.0,0.0,0.0
1772443967.8096654,1062,0.7534713608332672,0.7534713608332672,0.0,0.9456014266828061,1.0,0.0,0.0
1772443967.8215764,1063,0.7575321002172251,0.7575321002172251,0.0,0.9456014266828061,1.0,0.0,0.0
1772443967.834058,1064,0.7636953491052579,0.7636953491052579,0.0,1.0,1.0,0.0,0.0
1772443967.846826,1065,0.7695504355488892,0.7695504355488892,0.0,1.0,1.0,0.0,0.0
1772443967.8591926,1066,0.7728072211970661,0.7728072211970661,0.0,0.9456014266828061,1.0,0.0,0.0
1772443967.8715143,1067,0.778206714036107,0.778206714036107,0.0,1.0,1.0,0.0,0.0
1772443967.8841953,1068,0.7833362322331958,0.7833362322331958,0.0,1.0,1.0,0.0,0.0
1772443967.8967519,1069,0.7709171436417364,0.7709171436417364,0.0,0.7342923267322491,1.0,0.0,0.0
1772443967.9093726,1070,0.7361093821711904,0.7361093821711904,0.0,0.3548939275513033,1.0,0.0,0.0
1772443967.9214594,1071,0.7029213741090916,0.7029213741090916,0.0,0.34983561980451056,1.0,0.0,0.0
1772443967.9342737,1072,0.6949749199501429,0.6949749199501429,0.0,0.739489337206385,1.0,0.0,0.0
1772443967.94704,1073,0.7042660278515299,0.7042660278515299,0.0,1.0,1.0,0.0,0.0
1772443967.9594939,1074,0.6988248784879527,0.6988248784879527,0.0,0.7695018847867978,1.0,0.0,0.0
1772443967.971561,1075,0.6936557865925543,0.6936557865925543,0.0,0.7695018847867976,1.0,0.0,0.0
1772443967.984469,1076,0.7030128511618208,0.7030128511618208,0.0,1.0,1.0,0.0,0.0
1772443967.9969046,1077,0.697634360632729,0.697634360632729,0.0,0.7695018847867978,1.0,0.0,0.0
1772443968.0094466,1078,0.6894970429728934,0.6894970429728934,0.0,0.7342541674678684,1.0,0.0,0.0
1772443968.0216203,1079,0.6817699138444491,0.6817699138444491,0.0,0.7342923267322491,1.0,0.0,0.0
1772443968.034351,1080,0.6774535701812259,0.6774535701812259,0.0,0.7695018847867976,1.0,0.0,0.0
1772443968.0469089,1081,0.6876207455710588,0.6876207455710588,0.0,1.0,1.0,0.0,0.0
1772443968.059329,1082,0.6830118603215051,0.6830118603215051,0.0,0.7695018847867978,1.0,0.0,0.0
1772443968.0715504,1083,0.6756056676772307,0.6756056676772307,0.0,0.7342541674678684,1.0,0.0,0.0
1772443968.0843139,1084,0.6858652381922634,0.6858652381922634,0.0,1.0,1.0,0.0,0.0
1772443968.096643,1085,0.6933062837082715,0.6933062837082715,0.0,0.9456014266828061,1.0,0.0,0.0
1772443968.109401,1086,0.6884131215518572,0.6884131215518572,0.0,0.7695018847867978,1.0,0.0,0.0
1772443968.121507,1087,0.6807368658460652,0.6807368658460652,0.0,0.7342541674678684,1.0,0.0,0.0
1772443968.1342494,1088,0.6734477455739623,0.6734477455739623,0.0,0.7342923267322491,1.0,0.0,0.0
1772443968.146784,1089,0.6815096657208854,0.6815096657208854,0.0,0.9456014266828061,1.0,0.0,0.0
1772443968.1593802,1090,0.6891684898604625,0.6891684898604625,0.0,0.9456014266828061,1.0,0.0,0.0
1772443968.1715934,1091,0.6844822173964387,0.6844822173964387,0.0,0.7695018847867976,1.0,0.0,0.0
1772443968.1843014,1092,0.6919924139522381,0.6919924139522381,0.0,0.9456014266828061,1.0,0.0,0.0
1772443968.1967685,1093,0.6841405162748265,0.6841405162748265,0.0,0.7342923267322491,1.0,0.0,0.0
1772443968.2094803,1094,0.6916677978867065,0.6916677978867065,0.0,0.9456014266828061,1.0,0.0,0.0
1772443968.221526,1095,0.6855339562851448,0.6855339562851448,0.0,0.7539622151418408,1.0,0.0,0.0
1772443968.234618,1096,0.6797068067636612,0.6797068067636612,0.0,0.7539622151418411,1.0,0.0,0.0
1772443968.2468953,1097,0.672921080971984,0.672921080971984,0.0,0.739489337206385,1.0,0.0,0.0
1772443968.2594097,1098,0.683314880822279,0.683314880822279,0.0,1.0,1.0,0.0,0.0
1772443968.2715569,1099,0.6789212888101643,0.6789212888101643,0.0,0.7695018847867978,1.0,0.0,0.0
1772443968.2843876,1100,0.6890150782685502,0.6890150782685502,0.0,1.0,1.0,0.0,0.0
1772443968.296726,1101,0.6986041782540169,0.6986041782540169,0.0,1.0,1.0,0.0,0.0
1772443968.3093872,1102,0.7077138232402103,0.7077138232402103,0.0,1.0,1.0,0.0,0.0
1772443968.321476,1103,0.702100284107199,0.702100284107199,0.0,0.7695018847867976,1.0,0.0,0.0
1772443968.3344266,1104,0.7087295773274604,0.7087295773274604,0.0,0.9456014266828061,1.0,0.0,0.0
1772443968.3468149,1105,0.7150274058867088,0.7150274058867088,0.0,0.9456014266828061,1.0,0.0,0.0
1772443968.3593087,1106,0.7233158894912675,0.7233158894912675,0.0,1.0,1.0,0.0,0.0
1772443968.371599,1107,0.7288844024423254,0.7288844024423254,0.0,0.9456014266828061,1.0,0.0,0.0
1772443968.3842905,1108,0.6940878616444316,0.6940878616444316,0.0,0.23155051565122106,1.0,0.0,0.0
1772443968.3968356,1109,0.6610754610924453,0.6610754610924453,0.0,0.23547278762553384,1.0,0.0,0.0
1772443968.409339,1110,0.629686102500042,0.629686102500042,0.0,0.2330436196053261,1.0,0.0,0.0
1772443968.4216094,1111,0.5999842480476307,0.5999842480476307,0.0,0.24318087872035812,1.0,0.0,0.0
1772443968.434241,1112,0.5997571876742485,0.5997571876742485,0.0,0.7695018847867978,1.0,0.0,0.0
1772443968.4467795,1113,0.5995414803195354,0.5995414803195354,0.0,0.7695018847867976,1.0,0.0,0.0
1772443968.459352,1114,0.6136042602024527,0.6136042602024527,0.0,1.0,1.0,0.0,0.0
1772443968.4715986,1115,0.6246583546179514,0.6246583546179514,0.0,0.9456014266828061,1.0,0.0,0.0
1772443968.4844215,1116,0.6218749851798274,0.6218749851798274,0.0,0.7539622151418411,1.0,0.0,0.0
1772443968.4967868,1117,0.6325155433464573,0.6325155433464573,0.0,0.9456014266828061,1.0,0.0,0.0
1772443968.5095167,1118,0.6449296200780287,0.6449296200780287,0.0,1.0,1.0,0.0,0.0
1772443968.521656,1119,0.6394275394459281,0.6394275394459281,0.0,0.7342541674678684,1.0,0.0,0.0
1772443968.5345864,1120,0.649190469899253,0.649190469899253,0.0,0.9456014266828061,1.0,0.0,0.0
1772443968.5468657,1121,0.6607708003031845,0.6607708003031845,0.0,1.0,1.0,0.0,0.0
1772443968.5593777,1122,0.6694665677136465,0.6694665677136465,0.0,0.9456014266828061,1.0,0.0,0.0
1772443968.5714836,1123,0.6627409623481645,0.6627409623481645,0.0,0.7342923267322491,1.0,0.0,0.0
1772443968.5843046,1124,0.6563483146025572,0.6563483146025572,0.0,0.7342541674678684,1.0,0.0,0.0
1772443968.5969074,1125,0.6502786218926296,0.6502786218926296,0.0,0.7342923267322491,1.0,0.0,0.0
1772443968.609472,1126,0.6215027865095389,0.6215027865095389,0.0,0.3548939275513033,1.0,0.0,0.0
1772443968.621546,1127,0.5933870396508598,0.5933870396508598,0.0,0.3191389686875361,1.0,0.0,0.0
1772443968.6341836,1128,0.607757541567211,0.607757541567211,0.0,1.0,1.0,0.0,0.0
1772443968.6467571,1129,0.6071418165178497,0.6071418165178497,0.0,0.7695018847867978,1.0,0.0,0.0
1772443968.6595397,1130,0.6035291260637581,0.6035291260637581,0.0,0.7342541674678684,1.0,0.0,0.0
1772443968.6715717,1131,0.6150869771861915,0.6150869771861915,0.0,0.9456014266828061,1.0,0.0,0.0
1772443968.6844995,1132,0.6283724822257761,0.6283724822257761,0.0,1.0,1.0,0.0,0.0
1772443968.6970882,1133,0.6267260101434866,0.6267260101434866,0.0,0.7695018847867978,1.0,0.0,0.0
1772443968.709823,1134,0.6251618616653115,0.6251618616653115,0.0,0.7695018847867976,1.0,0.0,0.0
1772443968.7219057,1135,0.6356380760076672,0.6356380760076672,0.0,0.9456014266828061,1.0,0.0,0.0
1772443968.7343524,1136,0.6306038952274842,0.6306038952274842,0.0,0.7342923267322491,1.0,0.0,0.0
1772443968.7469597,1137,0.6431135543650042,0.6431135543650042,0.0,1.0,1.0,0.0,0.0
1772443968.7599514,1138,0.6526921840723753,0.6526921840723753,0.0,0.9456014266828061,1.0,0.0,0.0
1772443968.7716432,1139,0.6640974287676507,0.6640974287676507,0.0,1.0,1.0,0.0,0.0
1772443968.7844539,1140,0.6593421056220418,0.6593421056220418,0.0,0.7539622151418408,1.0,0.0,0.0
1772443968.796891,1141,0.668109307766561,0.668109307766561,0.0,0.9456014266828061,1.0,0.0,0.0
1772443968.809478,1142,0.6764381498038542,0.6764381498038542,0.0,0.9456014266828061,1.0,0.0,0.0
1772443968.8214827,1143,0.6866560962125556,0.6866560962125556,0.0,1.0,1.0,0.0,0.0
1772443968.834302,1144,0.6940575988275491,0.6940575988275491,0.0,0.9456014266828061,1.0,0.0,0.0
1772443968.8470318,1145,0.689126870915171,0.689126870915171,0.0,0.7695018847867978,1.0,0.0,0.0
1772443968.8597803,1146,0.6844426793984117,0.6844426793984117,0.0,0.7695018847867976,1.0,0.0,0.0
1772443968.8715003,1147,0.6799926974574905,0.6799926974574905,0.0,0.7695018847867978,1.0,0.0,0.0
1772443968.884307,1148,0.6900329164835101,0.6900329164835101,0.0,1.0,1.0,0.0,0.0
1772443968.8967025,1149,0.6995711245582287,0.6995711245582287,0.0,1.0,1.0,0.0,0.0
1772443968.9092488,1150,0.7063268757559386,0.7063268757559386,0.0,0.9456014266828061,1.0,0.0,0.0
1772443968.9215376,1151,0.712744839393763,0.712744839393763,0.0,0.9456014266828061,1.0,0.0,0.0
1772443968.9343069,1152,0.7038519977958757,0.7038519977958757,0.0,0.7342541674678684,1.0,0.0,0.0
1772443968.9471307,1153,0.7103937053317032,0.7103937053317032,0.0,0.9456014266828061,1.0,0.0,0.0
1772443968.959765,1154,0.7166083274907393,0.7166083274907393,0.0,0.9456014266828061,1.0,0.0,0.0
1772443968.9715967,1155,0.7225122185418237,0.7225122185418237,0.0,0.9456014266828061,1.0,0.0,0.0
1772443968.9844809,1156,0.7161587596437318,0.7161587596437318,0.0,0.7695018847867978,1.0,0.0,0.0
1772443968.9968038,1157,0.7101229736905444,0.7101229736905444,0.0,0.7695018847867976,1.0,0.0,0.0
1772443969.0095778,1158,0.7186566789049114,0.7186566789049114,0.0,1.0,1.0,0.0,0.0
1772443969.021753,1159,0.7124959969886651,0.7124959969886651,0.0,0.7695018847867978,1.0,0.0,0.0
1772443969.0345683,1160,0.7066433491682311,0.7066433491682311,0.0,0.7695018847867976,1.0,0.0,0.0
1772443969.0470245,1161,0.7153510356087137,0.7153510356087137,0.0,1.0,1.0,0.0,0.0
1772443969.0595574,1162,0.7236233377271722,0.7236233377271722,0.0,1.0,1.0,0.0,0.0
1772443969.0717797,1163,0.7121850882615006,0.7121850882615006,0.0,0.7113475240944699,1.0,0.0,0.0
1772443969.0845578,1164,0.7037754483949314,0.7037754483949314,0.0,0.739489337206385,1.0,0.0,0.0
1772443969.0969331,1165,0.712626529874079,0.712626529874079,0.0,1.0,1.0,0.0,0.0
1772443969.1096451,1166,0.7210350572792693,0.7210350572792693,0.0,1.0,1.0,0.0,0.0
1772443969.1216216,1167,0.7290231583142001,0.7290231583142001,0.0,1.0,1.0,0.0,0.0
1772443969.1343136,1168,0.7343063078241113,0.7343063078241113,0.0,0.9456014266828061,1.0,0.0,0.0
1772443969.147151,1169,0.739325299858527,0.739325299858527,0.0,0.9456014266828061,1.0,0.0,0.0
1772443969.1593485,1170,0.7440933422912219,0.7440933422912219,0.0,0.9456014266828061,1.0,0.0,0.0
1772443969.1715953,1171,0.7336363981968611,0.7336363981968611,0.0,0.7342923267322491,1.0,0.0,0.0
1772443969.1845145,1172,0.7267267303160173,0.7267267303160173,0.0,0.7695018847867976,1.0,0.0,0.0
1772443969.1969368,1173,0.7344302476991106,0.7344302476991106,0.0,1.0,1.0,0.0,0.0
1772443969.2095854,1174,0.7417485892130492,0.7417485892130492,0.0,1.0,1.0,0.0,0.0
1772443969.2217681,1175,0.7463954671780181,0.7463954671780181,0.0,0.9456014266828061,1.0,0.0,0.0
1772443969.2346582,1176,0.7508100012447385,0.7508100012447385,0.0,0.9456014266828061,1.0,0.0,0.0
1772443969.2467065,1177,0.7550038086081229,0.7550038086081229,0.0,0.9456014266828061,1.0,0.0,0.0
1772443969.2594986,1178,0.758987925603338,0.758987925603338,0.0,0.9456014266828061,1.0,0.0,0.0
1772443969.2718875,1179,0.7627728367487925,0.7627728367487925,0.0,0.9456014266828061,1.0,0.0,0.0
1772443969.284522,1180,0.7513819179315532,0.7513819179315532,0.0,0.7342923267322491,1.0,0.0,0.0
1772443969.2969189,1181,0.7175509177465164,0.7175509177465164,0.0,0.3548939275513033,1.0,0.0,0.0
1772443969.309684,1182,0.6846327643259884,0.6846327643259884,0.0,0.3191389686875361,1.0,0.0,0.0
1772443969.3217993,1183,0.6801732781386882,0.6801732781386882,0.0,0.7695018847867978,1.0,0.0,0.0
1772443969.3344846,1184,0.6729090146035547,0.6729090146035547,0.0,0.7342541674678684,1.0,0.0,0.0
1772443969.346975,1185,0.6809978712989982,0.6809978712989982,0.0,0.9456014266828061,1.0,0.0,0.0
1772443969.3595858,1186,0.6886822851596697,0.6886822851596697,0.0,0.9456014266828061,1.0,0.0,0.0
1772443969.3718235,1187,0.6959824783273075,0.6959824783273075,0.0,0.9456014266828061,1.0,0.0,0.0
1772443969.3844292,1188,0.7029176618365635,0.7029176618365635,0.0,0.9456014266828061,1.0,0.0,0.0
1772443969.396978,1189,0.7095060861703566,0.7095060861703566,0.0,0.9456014266828061,1.0,0.0,0.0
1772443969.4096768,1190,0.7180706357607329,0.7180706357607329,0.0,1.0,1.0,0.0,0.0
1772443969.4216774,1191,0.7119392560016956,0.7119392560016956,0.0,0.7695018847867978,1.0,0.0,0.0
1772443969.4342997,1192,0.720382147100505,0.720382147100505,0.0,1.0,1.0,0.0,0.0
1772443969.4469132,1193,0.7284028936443739,0.7284028936443739,0.0,1.0,1.0,0.0,0.0
1772443969.459829,1194,0.7360226028610494,0.7360226028610494,0.0,1.0,1.0,0.0,0.0
1772443969.4719987,1195,0.7289936247469961,0.7289936247469961,0.0,0.7695018847867976,1.0,0.0,0.0
1772443969.484305,1196,0.7223160955386456,0.7223160955386456,0.0,0.7695018847867978,1.0,0.0,0.0
1772443969.4971983,1197,0.7302401446606075,0.7302401446606075,0.0,1.0,1.0,0.0,0.0
1772443969.5098581,1198,0.7235002894565764,0.7235002894565764,0.0,0.7695018847867976,1.0,0.0,0.0
1772443969.521617,1199,0.7313651288826417,0.7313651288826417,0.0,1.0,1.0,0.0,0.0
1772443969.5348217,1200,0.736531179864131,0.736531179864131,0.0,0.9456014266828061,1.0,0.0,0.0
1772443969.5470576,1201,0.7281541691636981,0.7281541691636981,0.0,0.7539622151418411,1.0,0.0,0.0
1772443969.5594728,1202,0.7357863146044074,0.7357863146044074,0.0,1.0,1.0,0.0,0.0
1772443969.5717075,1203,0.7261966134206929,0.7261966134206929,0.0,0.739489337206385,1.0,0.0,0.0
1772443969.5842936,1204,0.7339266366485524,0.7339266366485524,0.0,1.0,1.0,0.0,0.0
1772443969.5969346,1205,0.741270158715019,0.741270158715019,0.0,1.0,1.0,0.0,0.0
1772443969.6095574,1206,0.7459409582048894,0.7459409582048894,0.0,0.9456014266828061,1.0,0.0,0.0
1772443969.6217208,1207,0.7353916333148452,0.7353916333148452,0.0,0.7342923267322491,1.0,0.0,0.0
1772443969.634459,1208,0.7283942036781023,0.7283942036781023,0.0,0.7695018847867976,1.0,0.0,0.0
1772443969.6469426,1209,0.7337088009198185,0.7337088009198185,0.0,0.9456014266828061,1.0,0.0,0.0
1772443969.6597755,1210,0.7410632147727217,0.7410632147727217,0.0,1.0,1.0,0.0,0.0
1772443969.6717427,1211,0.730757777054286,0.730757777054286,0.0,0.7342923267322491,1.0,0.0,0.0
1772443969.6845315,1212,0.735954195627193,0.735954195627193,0.0,0.9456014266828061,1.0,0.0,0.0
1772443969.6971374,1213,0.7263561003923392,0.7263561003923392,0.0,0.739489337206385,1.0,0.0,0.0
1772443969.7092512,1214,0.7198104474017215,0.7198104474017215,0.0,0.7695018847867978,1.0,0.0,0.0
1772443969.7218626,1215,0.7255542324572567,0.7255542324572567,0.0,0.9456014266828061,1.0,0.0,0.0
1772443969.7343872,1216,0.7164761353808997,0.7164761353808997,0.0,0.739489337206385,1.0,0.0,0.0
1772443969.747048,1217,0.7053952460325417,0.7053952460325417,0.0,0.7113475240944699,1.0,0.0,0.0
1772443969.7597423,1218,0.7141653376298087,0.7141653376298087,0.0,1.0,1.0,0.0,0.0
1772443969.771987,1219,0.7056566852948242,0.7056566852948242,0.0,0.739489337206385,1.0,0.0,0.0
1772443969.7843995,1220,0.7121081584557043,0.7121081584557043,0.0,0.9456014266828061,1.0,0.0,0.0
1772443969.797976,1221,0.7182370579585404,0.7182370579585404,0.0,0.9456014266828061,1.0,0.0,0.0
1772443969.8102393,1222,0.7120973570896126,0.7120973570896126,0.0,0.7695018847867978,1.0,0.0,0.0
1772443969.8216183,1223,0.7062646412641312,0.7062646412641312,0.0,0.7695018847867976,1.0,0.0,0.0
1772443969.8344631,1224,0.6956943266216117,0.6956943266216117,0.0,0.7113475240944699,1.0,0.0,0.0
1772443969.8469572,1225,0.6893591585833048,0.6893591585833048,0.0,0.7539622151418408,1.0,0.0,0.0
1772443969.860319,1226,0.6816389236743399,0.6816389236743399,0.0,0.7342923267322491,1.0,0.0,0.0
1772443969.8717477,1227,0.6743013778624237,0.6743013778624237,0.0,0.7342541674678684,1.0,0.0,0.0
1772443969.8845255,1228,0.6823206163949238,0.6823206163949238,0.0,0.9456014266828061,1.0,0.0,0.0
1772443969.8969223,1229,0.6922444394740718,0.6922444394740718,0.0,1.0,1.0,0.0,0.0
1772443969.9094367,1230,0.6993665249259895,0.6993665249259895,0.0,0.9456014266828061,1.0,0.0,0.0
1772443969.9222047,1231,0.6928477469724637,0.6928477469724637,0.0,0.7539622151418411,1.0,0.0,0.0
1772443969.934536,1232,0.6854049741703463,0.6854049741703463,0.0,0.739489337206385,1.0,0.0,0.0
1772443969.9469695,1233,0.6928690328874503,0.6928690328874503,0.0,0.9456014266828061,1.0,0.0,0.0
1772443969.9594927,1234,0.6999598886686991,0.6999598886686991,0.0,0.9456014266828061,1.0,0.0,0.0
1772443969.9719045,1235,0.7090017481341583,0.7090017481341583,0.0,1.0,1.0,0.0,0.0
1772443969.98437,1236,0.7175915146263445,0.7175915146263445,0.0,1.0,1.0,0.0,0.0
1772443969.997274,1237,0.7114840909240265,0.7114840909240265,0.0,0.7695018847867978,1.0,0.0,0.0
1772443970.0097532,1238,0.7056820384068245,0.7056820384068245,0.0,0.7695018847867976,1.0,0.0,0.0
1772443970.022257,1239,0.7144377903853775,0.7144377903853775,0.0,1.0,1.0,0.0,0.0
1772443970.0343802,1240,0.7084880528951079,0.7084880528951079,0.0,0.7695018847867978,1.0,0.0,0.0
1772443970.0471296,1241,0.7028358022793517,0.7028358022793517,0.0,0.7695018847867976,1.0,0.0,0.0
1772443970.0593975,1242,0.7117338660642784,0.7117338660642784,0.0,1.0,1.0,0.0,0.0
1772443970.0717902,1243,0.7201870266599586,0.7201870266599586,0.0,1.0,1.0,0.0,0.0
1772443970.084381,1244,0.7089205927476476,0.7089205927476476,0.0,0.7113475240944699,1.0,0.0,0.0
1772443970.0971527,1245,0.7006741776567711,0.7006741776567711,0.0,0.739489337206385,1.0,0.0,0.0
1772443970.1095593,1246,0.6954126208029318,0.6954126208029318,0.0,0.7695018847867978,1.0,0.0,0.0
1772443970.1220472,1247,0.6904141417917844,0.6904141417917844,0.0,0.7695018847867976,1.0,0.0,0.0
1772443970.1346855,1248,0.6856655867311945,0.6856655867311945,0.0,0.7695018847867978,1.0,0.0,0.0
1772443970.1470027,1249,0.6811544594236341,0.6811544594236341,0.0,0.7695018847867976,1.0,0.0,0.0
1772443970.1596048,1250,0.6718396538731394,0.6718396538731394,0.0,0.7113475240944699,1.0,0.0,0.0
1772443970.1723492,1251,0.6799819786051037,0.6799819786051037,0.0,0.9456014266828061,1.0,0.0,0.0
1772443970.1848357,1252,0.6757550317038478,0.6757550317038478,0.0,0.7695018847867976,1.0,0.0,0.0
1772443970.1970558,1253,0.6667101975393424,0.6667101975393424,0.0,0.7113475240944699,1.0,0.0,0.0
1772443970.209514,1254,0.6618242359551489,0.6618242359551489,0.0,0.7539622151418408,1.0,0.0,0.0
1772443970.222135,1255,0.6727728780562857,0.6727728780562857,0.0,1.0,1.0,0.0,0.0
1772443970.2344835,1256,0.6658819571736717,0.6658819571736717,0.0,0.7342923267322491,1.0,0.0,0.0
1772443970.2469049,1257,0.6623600113439874,0.6623600113439874,0.0,0.7695018847867976,1.0,0.0,0.0
1772443970.2596192,1258,0.653984928197475,0.653984928197475,0.0,0.7113475240944699,1.0,0.0,0.0
1772443970.271894,1259,0.6250035563138083,0.6250035563138083,0.0,0.3540566162001082,1.0,0.0,0.0
1772443970.2845714,1260,0.5973708395445787,0.5973708395445787,0.0,0.34983561980451056,1.0,0.0,0.0
1772443970.297168,1261,0.5947019121138556,0.5947019121138556,0.0,0.739489337206385,1.0,0.0,0.0
1772443970.3094752,1262,0.609006670407057,0.609006670407057,0.0,1.0,1.0,0.0,0.0
1772443970.3215337,1263,0.6083284889157035,0.6083284889157035,0.0,0.7695018847867978,1.0,0.0,0.0
1772443970.3342075,1264,0.6076842164989176,0.6076842164989176,0.0,0.7695018847867976,1.0,0.0,0.0
1772443970.3467548,1265,0.6213398595728659,0.6213398595728659,0.0,1.0,1.0,0.0,0.0
1772443970.359508,1266,0.6343127204931167,0.6343127204931167,0.0,1.0,1.0,0.0,0.0
1772443970.3716347,1267,0.6323692364974601,0.6323692364974601,0.0,0.7695018847867978,1.0,0.0,0.0
1772443970.3841746,1268,0.6447906285714813,0.6447906285714813,0.0,1.0,1.0,0.0,0.0
1772443970.396715,1269,0.6565909510418014,0.6565909510418014,0.0,1.0,1.0,0.0,0.0
1772443970.4094584,1270,0.6654957109153327,0.6654957109153327,0.0,0.9456014266828061,1.0,0.0,0.0
1772443970.421563,1271,0.6606704736623397,0.6606704736623397,0.0,0.7539622151418408,1.0,0.0,0.0
1772443970.434332,1272,0.6560864982719964,0.6560864982719964,0.0,0.7539622151418411,1.0,0.0,0.0
1772443970.447254,1273,0.6650164807840179,0.6650164807840179,0.0,0.9456014266828061,1.0,0.0,0.0
1772443970.4597359,1274,0.6758055106437112,0.6758055106437112,0.0,1.0,1.0,0.0,0.0
1772443970.4717586,1275,0.6717873871405249,0.6717873871405249,0.0,0.7695018847867976,1.0,0.0,0.0
1772443970.4843194,1276,0.6679701698124979,0.6679701698124979,0.0,0.7695018847867978,1.0,0.0,0.0
1772443970.4969864,1277,0.6613160616936739,0.6613160616936739,0.0,0.7342541674678684,1.0,0.0,0.0
1772443970.5095682,1278,0.6549979816291904,0.6549979816291904,0.0,0.7342923267322491,1.0,0.0,0.0
1772443970.521693,1279,0.6261301321158054,0.6261301321158054,0.0,0.360737285549226,1.0,0.0,0.0
1772443970.5343084,1280,0.6388634794089093,0.6388634794089093,0.0,1.0,1.0,0.0,0.0
1772443970.5467885,1281,0.6095663280035836,0.6095663280035836,0.0,0.30220096811822184,1.0,0.0,0.0
1772443970.5595334,1282,0.6208223190290257,0.6208223190290257,0.0,0.9456014266828061,1.0,0.0,0.0
1772443970.5715833,1283,0.6195533551065737,0.6195533551065737,0.0,0.7695018847867978,1.0,0.0,0.0
1772443970.5843728,1284,0.5914213888905924,0.5914213888905924,0.0,0.3131977790523642,1.0,0.0,0.0
1772443970.5968142,1285,0.5634944631855395,0.5634944631855395,0.0,0.23123319839637962,1.0,0.0,0.0
1772443970.6097357,1286,0.5770540474518838,0.5770540474518838,0.0,0.9456014266828061,1.0,0.0,0.0
1772443970.6219258,1287,0.5729442624999767,0.5729442624999767,0.0,0.7113475240944699,1.0,0.0,0.0
1772443970.6344788,1288,0.5860313568005991,0.5860313568005991,0.0,0.9456014266828061,1.0,0.0,0.0
1772443970.646919,1289,0.58347418933237,0.58347418933237,0.0,0.7342541674678684,1.0,0.0,0.0
1772443970.6595173,1290,0.5960347872913728,0.5960347872913728,0.0,0.9456014266828061,1.0,0.0,0.0
1772443970.6715567,1291,0.6102729018256984,0.6102729018256984,0.0,1.0,1.0,0.0,0.0
1772443970.6842127,1292,0.6237991106333076,0.6237991106333076,0.0,1.0,1.0,0.0,0.0
1772443970.6967418,1293,0.6366490090005364,0.6366490090005364,0.0,1.0,1.0,0.0,0.0
1772443970.709498,1294,0.646550865976131,0.646550865976131,0.0,0.9456014266828061,1.0,0.0,0.0
1772443970.7216117,1295,0.6409710456975247,0.6409710456975247,0.0,0.7342923267322491,1.0,0.0,0.0
1772443970.734274,1296,0.6529623473115427,0.6529623473115427,0.0,1.0,1.0,0.0,0.0
1772443970.746988,1297,0.6470586303177664,0.6470586303177664,0.0,0.7342541674678684,1.0,0.0,0.0
1772443970.759675,1298,0.6587455527007723,0.6587455527007723,0.0,1.0,1.0,0.0,0.0
1772443970.7716358,1299,0.6698481289646279,0.6698481289646279,0.0,1.0,1.0,0.0,0.0
1772443970.7846076,1300,0.6803955764152907,0.6803955764152907,0.0,1.0,1.0,0.0,0.0
1772443970.797325,1301,0.6881101050201475,0.6881101050201475,0.0,0.9456014266828061,1.0,0.0,0.0
1772443970.8096771,1302,0.6977444536680343,0.6977444536680343,0.0,1.0,1.0,0.0,0.0
1772443970.8217318,1303,0.6876001484053196,0.6876001484053196,0.0,0.7113475240944699,1.0,0.0,0.0
1772443970.8349652,1304,0.6804197555315594,0.6804197555315594,0.0,0.739489337206385,1.0,0.0,0.0
1772443970.8476624,1305,0.6904386216538756,0.6904386216538756,0.0,1.0,1.0,0.0,0.0
1772443970.8601186,1306,0.6999565444700759,0.6999565444700759,0.0,1.0,1.0,0.0,0.0
1772443970.8718882,1307,0.6897016346672591,0.6897016346672591,0.0,0.7113475240944699,1.0,0.0,0.0
1772443970.884554,1308,0.682416167480402,0.682416167480402,0.0,0.739489337206385,1.0,0.0,0.0
1772443970.8973074,1309,0.6923352130052761,0.6923352130052761,0.0,1.0,1.0,0.0,0.0
1772443970.909693,1310,0.7017583062539064,0.7017583062539064,0.0,1.0,1.0,0.0,0.0
1772443970.921651,1311,0.7107102448401053,0.7107102448401053,0.0,1.0,1.0,0.0,0.0
1772443970.9347193,1312,0.7049468846270993,0.7049468846270993,0.0,0.7695018847867978,1.0,0.0,0.0
1772443970.9469237,1313,0.6994716924247436,0.6994716924247436,0.0,0.7695018847867976,1.0,0.0,0.0
1772443970.9598951,1314,0.6942702598325057,0.6942702598325057,0.0,0.7695018847867978,1.0,0.0,0.0
1772443970.9716692,1315,0.6622226755271692,0.6622226755271692,0.0,0.30333173030333466,1.0,0.0,0.0
1772443970.9846141,1316,0.6308035342810461,0.6308035342810461,0.0,0.23547278762553384,1.0,0.0,0.0
1772443970.9972517,1317,0.6409976649926151,0.6409976649926151,0.0,0.9456014266828061,1.0,0.0,0.0
1772443971.0101807,1318,0.6529876356418786,0.6529876356418786,0.0,1.0,1.0,0.0,0.0
1772443971.0217173,1319,0.6501104058887839,0.6501104058887839,0.0,0.7695018847867978,1.0,0.0,0.0
1772443971.034914,1320,0.6443492859661456,0.6443492859661456,0.0,0.7342541674678684,1.0,0.0,0.0
1772443971.0476391,1321,0.6538661290934596,0.6538661290934596,0.0,0.9456014266828061,1.0,0.0,0.0
1772443971.060636,1322,0.6509449746677859,0.6509449746677859,0.0,0.7695018847867978,1.0,0.0,0.0
1772443971.0720556,1323,0.6481698779633959,0.6481698779633959,0.0,0.7695018847867976,1.0,0.0,0.0
1772443971.0848148,1324,0.6405043014859131,0.6405043014859131,0.0,0.7113475240944699,1.0,0.0,0.0
1772443971.0976906,1325,0.6369286347043911,0.6369286347043911,0.0,0.7539622151418408,1.0,0.0,0.0
1772443971.1100807,1326,0.6468165103947928,0.6468165103947928,0.0,0.9456014266828061,1.0,0.0,0.0
1772443971.1219287,1327,0.6585155387739473,0.6585155387739473,0.0,1.0,1.0,0.0,0.0
1772443971.135072,1328,0.6696296157341441,0.6696296157341441,0.0,1.0,1.0,0.0,0.0
1772443971.1472943,1329,0.6801879888463311,0.6801879888463311,0.0,1.0,1.0,0.0,0.0
1772443971.1600988,1330,0.6759507414330138,0.6759507414330138,0.0,0.7695018847867978,1.0,0.0,0.0
1772443971.1722353,1331,0.6861930582602573,0.6861930582602573,0.0,1.0,1.0,0.0,0.0
1772443971.1849341,1332,0.6816555573762437,0.6816555573762437,0.0,0.7695018847867976,1.0,0.0,0.0
1772443971.197449,1333,0.6916126334063257,0.6916126334063257,0.0,1.0,1.0,0.0,0.0
1772443971.2095072,1334,0.6868041537650087,0.6868041537650087,0.0,0.7695018847867978,1.0,0.0,0.0
1772443971.2215629,1335,0.6792083464485592,0.6792083464485592,0.0,0.7342541674678684,1.0,0.0,0.0
1772443971.234395,1336,0.6869822365517526,0.6869822365517526,0.0,0.9456014266828061,1.0,0.0,0.0
1772443971.2468188,1337,0.6966729786230591,0.6966729786230591,0.0,1.0,1.0,0.0,0.0
1772443971.2594368,1338,0.6916114817209054,0.6916114817209054,0.0,0.7695018847867978,1.0,0.0,0.0
1772443971.2715676,1339,0.6868030596638593,0.6868030596638593,0.0,0.7695018847867976,1.0,0.0,0.0
1772443971.284369,1340,0.6941972141062877,0.6941972141062877,0.0,0.9456014266828061,1.0,0.0,0.0
1772443971.296767,1341,0.6862350764211735,0.6862350764211735,0.0,0.7342923267322491,1.0,0.0,0.0
1772443971.3094175,1342,0.6959631764990091,0.6959631764990091,0.0,1.0,1.0,0.0,0.0
1772443971.321584,1343,0.7052048715729528,0.7052048715729528,0.0,1.0,1.0,0.0,0.0
1772443971.334194,1344,0.6997167800233044,0.6997167800233044,0.0,0.7695018847867976,1.0,0.0,0.0
1772443971.3468554,1345,0.6945030930511384,0.6945030930511384,0.0,0.7695018847867978,1.0,0.0,0.0
1772443971.3594425,1346,0.6865223387703824,0.6865223387703824,0.0,0.7342541674678684,1.0,0.0,0.0
1772443971.3717701,1347,0.6806457701246369,0.6806457701246369,0.0,0.7539622151418411,1.0,0.0,0.0
1772443971.384383,1348,0.6738130961649109,0.6738130961649109,0.0,0.739489337206385,1.0,0.0,0.0
1772443971.396892,1349,0.6818567487822866,0.6818567487822866,0.0,0.9456014266828061,1.0,0.0,0.0
1772443971.409441,1350,0.6762134596359459,0.6762134596359459,0.0,0.7539622151418411,1.0,0.0,0.0
1772443971.4215312,1351,0.6708523349469223,0.6708523349469223,0.0,0.7539622151418408,1.0,0.0,0.0
1772443971.4343915,1352,0.6657592664923498,0.6657592664923498,0.0,0.7539622151418411,1.0,0.0,0.0
1772443971.4468722,1353,0.660920851460506,0.660920851460506,0.0,0.7539622151418408,1.0,0.0,0.0
1772443971.4594476,1354,0.669609116313102,0.669609116313102,0.0,0.9456014266828061,1.0,0.0,0.0
1772443971.4715643,1355,0.6801685143963411,0.6801685143963411,0.0,1.0,1.0,0.0,0.0
1772443971.484234,1356,0.670903006097211,0.670903006097211,0.0,0.7113475240944699,1.0,0.0,0.0
1772443971.496822,1357,0.6645574703388563,0.6645574703388563,0.0,0.739489337206385,1.0,0.0,0.0
1772443971.509462,1358,0.6329443193802722,0.6329443193802722,0.0,0.22856679558116808,1.0,0.0,0.0
1772443971.5215454,1359,0.604125675006545,0.604125675006545,0.0,0.31228335266976803,1.0,0.0,0.0
1772443971.5344326,1360,0.6156536986818391,0.6156536986818391,0.0,0.9456014266828061,1.0,0.0,0.0
1772443971.5468657,1361,0.6266053211733684,0.6266053211733684,0.0,0.9456014266828061,1.0,0.0,0.0
1772443971.5594242,1362,0.6393149090135942,0.6393149090135942,0.0,1.0,1.0,0.0,0.0
1772443971.5715153,1363,0.6371213155919138,0.6371213155919138,0.0,0.7695018847867976,1.0,0.0,0.0
1772443971.5843556,1364,0.6469995572379393,0.6469995572379393,0.0,0.9456014266828061,1.0,0.0,0.0
1772443971.5968738,1365,0.6586894332749366,0.6586894332749366,0.0,1.0,1.0,0.0,0.0
1772443971.609397,1366,0.6697948155100839,0.6697948155100839,0.0,1.0,1.0,0.0,0.0
1772443971.621547,1367,0.6803449286334738,0.6803449286334738,0.0,1.0,1.0,0.0,0.0
1772443971.6342204,1368,0.6903675361006943,0.6903675361006943,0.0,1.0,1.0,0.0,0.0
1772443971.6467586,1369,0.6998890131945538,0.6998890131945538,0.0,1.0,1.0,0.0,0.0
1772443971.6589642,1370,0.7066288699604474,0.7066288699604474,0.0,0.9456014266828061,1.0,0.0,0.0
1772443971.6715524,1371,0.696040343883112,0.696040343883112,0.0,0.7113475240944699,1.0,0.0,0.0
1772443971.684264,1372,0.68968787498173,0.68968787498173,0.0,0.7539622151418408,1.0,0.0,0.0
1772443971.6967652,1373,0.6992433351315377,0.6992433351315377,0.0,1.0,1.0,0.0,0.0
1772443971.7092977,1374,0.708321022273855,0.708321022273855,0.0,1.0,1.0,0.0,0.0
1772443971.7215807,1375,0.6996526941803626,0.6996526941803626,0.0,0.7342923267322491,1.0,0.0,0.0
1772443971.7346466,1376,0.6944422115003437,0.6944422115003437,0.0,0.7695018847867976,1.0,0.0,0.0
1772443971.7469134,1377,0.6894922529543258,0.6894922529543258,0.0,0.7695018847867978,1.0,0.0,0.0
1772443971.7591166,1378,0.6847897923356088,0.6847897923356088,0.0,0.7695018847867976,1.0,0.0,0.0
1772443971.7715714,1379,0.6945901566177225,0.6945901566177225,0.0,1.0,1.0,0.0,0.0
1772443971.784285,1380,0.6896328008158357,0.6896328008158357,0.0,0.7695018847867978,1.0,0.0,0.0
1772443971.7968304,1381,0.6849233128040432,0.6849233128040432,0.0,0.7695018847867976,1.0,0.0,0.0
1772443971.8093934,1382,0.6924114545894623,0.6924114545894623,0.0,0.9456014266828061,1.0,0.0,0.0
1772443971.821547,1383,0.7018307357588833,0.7018307357588833,0.0,1.0,1.0,0.0,0.0
1772443971.8344104,1384,0.6934869219911395,0.6934869219911395,0.0,0.7342923267322491,1.0,0.0,0.0
1772443971.846955,1385,0.6855569762633834,0.6855569762633834,0.0,0.7342541674678684,1.0,0.0,0.0
1772443971.8594277,1386,0.6953189813491084,0.6953189813491084,0.0,1.0,1.0,0.0,0.0
1772443971.87181,1387,0.6890025805744266,0.6890025805744266,0.0,0.7539622151418411,1.0,0.0,0.0
1772443971.8846886,1388,0.6817520660922112,0.6817520660922112,0.0,0.739489337206385,1.0,0.0,0.0
1772443971.8970535,1389,0.6917043166864948,0.6917043166864948,0.0,1.0,1.0,0.0,0.0
1772443971.9094846,1390,0.6988534082777914,0.6988534082777914,0.0,0.9456014266828061,1.0,0.0,0.0
1772443971.9216118,1391,0.7056450452895231,0.7056450452895231,0.0,0.9456014266828061,1.0,0.0,0.0
1772443971.9345143,1392,0.7001349450540462,0.7001349450540462,0.0,0.7695018847867978,1.0,0.0,0.0
1772443971.9468231,1393,0.6949003498303431,0.6949003498303431,0.0,0.7695018847867976,1.0,0.0,0.0
1772443971.959502,1394,0.7041951862377201,0.7041951862377201,0.0,1.0,1.0,0.0,0.0
1772443971.971584,1395,0.7130252808247283,0.7130252808247283,0.0,1.0,1.0,0.0,0.0
1772443971.9844017,1396,0.7191083242091132,0.7191083242091132,0.0,0.9456014266828061,1.0,0.0,0.0
1772443971.996913,1397,0.7099006310188578,0.7099006310188578,0.0,0.7342923267322491,1.0,0.0,0.0
1772443972.0096586,1398,0.7041777514969142,0.7041777514969142,0.0,0.7695018847867976,1.0,0.0,0.0
1772443972.0216131,1399,0.7107031713476898,0.7107031713476898,0.0,0.9456014266828061,1.0,0.0,0.0
1772443972.0345328,1400,0.7169023202059266,0.7169023202059266,0.0,0.9456014266828061,1.0,0.0,0.0
1772443972.046793,1401,0.7108293562246295,0.7108293562246295,0.0,0.7695018847867978,1.0,0.0,0.0
1772443972.0595894,1402,0.7193277423122922,0.7193277423122922,0.0,1.0,1.0,0.0,0.0
1772443972.0715923,1403,0.7274012090955718,0.7274012090955718,0.0,1.0,1.0,0.0,0.0
1772443972.084395,1404,0.7327654560664145,0.7327654560664145,0.0,0.9456014266828061,1.0,0.0,0.0
1772443972.0968366,1405,0.7233267978095996,0.7233267978095996,0.0,0.739489337206385,1.0,0.0,0.0
1772443972.1095974,1406,0.6899489400657982,0.6899489400657982,0.0,0.3101227898865452,1.0,0.0,0.0
1772443972.1216435,1407,0.6584108855293062,0.6584108855293062,0.0,0.3191389686875361,1.0,0.0,0.0
1772443972.1341853,1408,0.6695301951517351,0.6695301951517351,0.0,1.0,1.0,0.0,0.0
1772443972.1468685,1409,0.6658258374231476,0.6658258374231476,0.0,0.7695018847867978,1.0,0.0,0.0
1772443972.1595285,1410,0.6623066975809895,0.6623066975809895,0.0,0.7695018847867976,1.0,0.0,0.0
1772443972.1716135,1411,0.6732312166008342,0.6732312166008342,0.0,1.0,1.0,0.0,0.0
1772443972.1843045,1412,0.6693418077997917,0.6693418077997917,0.0,0.7695018847867978,1.0,0.0,0.0
1772443972.1968312,1413,0.662619117781603,0.662619117781603,0.0,0.7342541674678684,1.0,0.0,0.0
1772443972.2094276,1414,0.673528015791417,0.673528015791417,0.0,1.0,1.0,0.0,0.0
1772443972.2215667,1415,0.6815859224274674,0.6815859224274674,0.0,0.9456014266828061,1.0,0.0,0.0
1772443972.234463,1416,0.6892409337317154,0.6892409337317154,0.0,0.9456014266828061,1.0,0.0,0.0
1772443972.2467523,1417,0.6988187409440237,0.6988187409440237,0.0,1.0,1.0,0.0,0.0
1772443972.2594342,1418,0.7079176577957167,0.7079176577957167,0.0,1.0,1.0,0.0,0.0
1772443972.2714686,1419,0.716561628804825,0.716561628804825,0.0,1.0,1.0,0.0,0.0
1772443972.2846658,1420,0.7247734012634779,0.7247734012634779,0.0,1.0,1.0,0.0,0.0
1772443972.2966938,1421,0.7169842794930776,0.7169842794930776,0.0,0.7539622151418411,1.0,0.0,0.0
1772443972.3093662,1422,0.7251749194173179,0.7251749194173179,0.0,1.0,1.0,0.0,0.0
1772443972.3215287,1423,0.7306504808720733,0.7306504808720733,0.0,0.9456014266828061,1.0,0.0,0.0
1772443972.334316,1424,0.7381578107273638,0.7381578107273638,0.0,1.0,1.0,0.0,0.0
1772443972.346784,1425,0.7429842276166169,0.7429842276166169,0.0,0.9456014266828061,1.0,0.0,0.0
1772443972.3594017,1426,0.7330346307822919,0.7330346307822919,0.0,0.739489337206385,1.0,0.0,0.0
1772443972.371521,1427,0.7381172066687987,0.7381172066687987,0.0,0.9456014266828061,1.0,0.0,0.0
1772443972.3845751,1428,0.7296608946281323,0.7296608946281323,0.0,0.7539622151418411,1.0,0.0,0.0
1772443972.3968122,1429,0.7216273981894994,0.7216273981894994,0.0,0.7539622151418408,1.0,0.0,0.0
1772443972.4093506,1430,0.7139955765727981,0.7139955765727981,0.0,0.7539622151418411,1.0,0.0,0.0
1772443972.4215527,1431,0.7223356516430524,0.7223356516430524,0.0,1.0,1.0,0.0,0.0
1772443972.434204,1432,0.727953176486521,0.727953176486521,0.0,0.9456014266828061,1.0,0.0,0.0
1772443972.446816,1433,0.7332898250878163,0.7332898250878163,0.0,0.9456014266828061,1.0,0.0,0.0
1772443972.4593964,1434,0.7238249483799313,0.7238249483799313,0.0,0.739489337206385,1.0,0.0,0.0
1772443972.4718156,1435,0.7123766183816217,0.7123766183816217,0.0,0.7113475240944699,1.0,0.0,0.0
1772443972.4844522,1436,0.7039574020090464,0.7039574020090464,0.0,0.739489337206385,1.0,0.0,0.0
1772443972.4967556,1437,0.6935024493292811,0.6935024493292811,0.0,0.7113475240944699,1.0,0.0,0.0
1772443972.509388,1438,0.7005616342884383,0.7005616342884383,0.0,0.9456014266828061,1.0,0.0,0.0
1772443972.5215077,1439,0.6922779529458173,0.6922779529458173,0.0,0.7342541674678684,1.0,0.0,0.0
1772443972.534283,1440,0.7017039091974205,0.7017039091974205,0.0,1.0,1.0,0.0,0.0
1772443972.54672,1441,0.7083530211631708,0.7083530211631708,0.0,0.9456014266828061,1.0,0.0,0.0
1772443972.5593498,1442,0.7146696775306336,0.7146696775306336,0.0,0.9456014266828061,1.0,0.0,0.0
1772443972.5715241,1443,0.7206705010797232,0.7206705010797232,0.0,0.9456014266828061,1.0,0.0,0.0
1772443972.5842803,1444,0.7286768299246312,0.7286768299246312,0.0,1.0,1.0,0.0,0.0
1772443972.5967033,1445,0.7220151404573989,0.7220151404573989,0.0,0.7695018847867978,1.0,0.0,0.0
1772443972.6093295,1446,0.7299542373334231,0.7299542373334231,0.0,1.0,1.0,0.0,0.0
1772443972.6215389,1447,0.7202009258385529,0.7202009258385529,0.0,0.7342541674678684,1.0,0.0,0.0
1772443972.6342242,1448,0.7282307334455194,0.7282307334455194,0.0,1.0,1.0,0.0,0.0
1772443972.6466596,1449,0.7185669197934437,0.7185669197934437,0.0,0.7342923267322491,1.0,0.0,0.0
1772443972.659394,1450,0.7124107258327708,0.7124107258327708,0.0,0.7695018847867976,1.0,0.0,0.0
1772443972.671551,1451,0.7185244969667536,0.7185244969667536,0.0,0.9456014266828061,1.0,0.0,0.0
1772443972.684257,1452,0.7243325795440372,0.7243325795440372,0.0,0.9456014266828061,1.0,0.0,0.0
1772443972.6967363,1453,0.7321558044657295,0.7321558044657295,0.0,1.0,1.0,0.0,0.0
1772443972.7094002,1454,0.7253201662714422,0.7253201662714422,0.0,0.7695018847867978,1.0,0.0,0.0
1772443972.7215497,1455,0.7188263099868694,0.7188263099868694,0.0,0.7695018847867976,1.0,0.0,0.0
1772443972.7342,1456,0.72692484838642,0.72692484838642,0.0,1.0,1.0,0.0,0.0
1772443972.746753,1457,0.7323129133927203,0.7323129133927203,0.0,0.9456014266828061,1.0,0.0,0.0
1772443972.7595084,1458,0.7397371216219785,0.7397371216219785,0.0,1.0,1.0,0.0,0.0
1772443972.7715325,1459,0.7467901194397737,0.7467901194397737,0.0,1.0,1.0,0.0,0.0
1772443972.7841158,1460,0.7534904673666791,0.7534904673666791,0.0,1.0,1.0,0.0,0.0
1772443972.7968085,1461,0.7575502514239665,0.7575502514239665,0.0,0.9456014266828061,1.0,0.0,0.0
1772443972.8091288,1462,0.7614070462783895,0.7614070462783895,0.0,0.9456014266828061,1.0,0.0,0.0
1772443972.821509,1463,0.7500844169846703,0.7500844169846703,0.0,0.7342923267322491,1.0,0.0,0.0
1772443972.8343499,1464,0.7543145035610581,0.7543145035610581,0.0,0.9456014266828061,1.0,0.0,0.0
1772443972.846903,1465,0.7450483266757788,0.7450483266757788,0.0,0.7539622151418408,1.0,0.0,0.0
1772443972.8593955,1466,0.751835764240884,0.751835764240884,0.0,1.0,1.0,0.0,0.0
1772443972.871552,1467,0.7559782834544612,0.7559782834544612,0.0,0.9456014266828061,1.0,0.0,0.0
1772443972.884353,1468,0.7599136767073594,0.7599136767073594,0.0,0.9456014266828061,1.0,0.0,0.0
1772443972.8967674,1469,0.7636523002976128,0.7636523002976128,0.0,0.9456014266828061,1.0,0.0,0.0
1772443972.9093697,1470,0.7672039927083535,0.7672039927083535,0.0,0.9456014266828061,1.0,0.0,0.0
1772443972.9215534,1471,0.77288364697183,0.77288364697183,0.0,1.0,1.0,0.0,0.0
1772443972.9341605,1472,0.7782793185221326,0.7782793185221326,0.0,1.0,1.0,0.0,0.0
1772443972.9465895,1473,0.7834052064949202,0.7834052064949202,0.0,1.0,1.0,0.0,0.0
1772443972.9593976,1474,0.7709826691903745,0.7709826691903745,0.0,0.7342923267322491,1.0,0.0,0.0
1772443972.9715528,1475,0.7591779361026567,0.7591779361026567,0.0,0.7342541674678684,1.0,0.0,0.0
1772443972.9843297,1476,0.765258893196418,0.765258893196418,0.0,1.0,1.0,0.0,0.0
1772443972.9968727,1477,0.7687302559622184,0.7687302559622184,0.0,0.9456014266828061,1.0,0.0,0.0
1772443973.0093915,1478,0.7743335970630016,0.7743335970630016,0.0,1.0,1.0,0.0,0.0
1772443973.0215354,1479,0.7796567711087458,0.7796567711087458,0.0,1.0,1.0,0.0,0.0
1772443973.0341015,1480,0.7847137864522027,0.7847137864522027,0.0,1.0,1.0,0.0,0.0
1772443973.046839,1481,0.7895179510284868,0.7895179510284868,0.0,1.0,1.0,0.0,0.0
1772443973.0590098,1482,0.7747849708977494,0.7747849708977494,0.0,0.7113475240944699,1.0,0.0,0.0
1772443973.071594,1483,0.7632453368993678,0.7632453368993678,0.0,0.739489337206385,1.0,0.0,0.0
1772443973.084073,1484,0.7548552220833987,0.7548552220833987,0.0,0.7695018847867978,1.0,0.0,0.0
1772443973.0967438,1485,0.7438568613510297,0.7438568613510297,0.0,0.7342541674678684,1.0,0.0,0.0
1772443973.1094432,1486,0.7483983257090995,0.7483983257090995,0.0,0.9456014266828061,1.0,0.0,0.0
1772443973.1216855,1487,0.7527127168492658,0.7527127168492658,0.0,0.9456014266828061,1.0,0.0,0.0
1772443973.1344337,1488,0.7568113884324238,0.7568113884324238,0.0,0.9456014266828061,1.0,0.0,0.0
1772443973.146787,1489,0.7630106729096968,0.7630106729096968,0.0,1.0,1.0,0.0,0.0
1772443973.1595364,1490,0.7496030566848989,0.7496030566848989,0.0,0.7113475240944699,1.0,0.0,0.0
1772443973.171547,1491,0.7393225183971598,0.7393225183971598,0.0,0.739489337206385,1.0,0.0,0.0
1772443973.184407,1492,0.7052977076258543,0.7052977076258543,0.0,0.31820876772394824,1.0,0.0,0.0
1772443973.1968865,1493,0.6726788448096813,0.6726788448096813,0.0,0.30220096811822184,1.0,0.0,0.0
1772443973.2095678,1494,0.6830847564680914,0.6830847564680914,0.0,1.0,1.0,0.0,0.0
1772443973.2216158,1495,0.6517463124183036,0.6517463124183036,0.0,0.31159785415217967,1.0,0.0,0.0
1772443973.2342942,1496,0.6228950605571221,0.6228950605571221,0.0,0.3548099776925033,1.0,0.0,0.0
1772443973.2470763,1497,0.6184947079010669,0.6184947079010669,0.0,0.7342541674678684,1.0,0.0,0.0
1772443973.2599506,1498,0.6160195207987872,0.6160195207987872,0.0,0.7539622151418411,1.0,0.0,0.0
1772443973.2714763,1499,0.629258398657742,0.629258398657742,0.0,1.0,1.0,0.0,0.0
1772443973.2841942,1500,0.6395297861504763,0.6395297861504763,0.0,0.9456014266828061,1.0,0.0,0.0
1772443973.2968,1501,0.6342976972147534,0.6342976972147534,0.0,0.7342541674678684,1.0,0.0,0.0
1772443973.309372,1502,0.644317119779637,0.644317119779637,0.0,0.9456014266828061,1.0,0.0,0.0
1772443973.321492,1503,0.6368441812113421,0.6368441812113421,0.0,0.7113475240944699,1.0,0.0,0.0
1772443973.334209,1504,0.6490418260496692,0.6490418260496692,0.0,1.0,1.0,0.0,0.0
1772443973.3466997,1505,0.6450392830399594,0.6450392830399594,0.0,0.7539622151418408,1.0,0.0,0.0
1772443973.359427,1506,0.6395350419081617,0.6395350419081617,0.0,0.7342923267322491,1.0,0.0,0.0
1772443973.3714902,1507,0.6343026901845545,0.6343026901845545,0.0,0.7342541674678684,1.0,0.0,0.0
1772443973.3842657,1508,0.6466274095742209,0.6466274095742209,0.0,1.0,1.0,0.0,0.0
1772443973.3966782,1509,0.6159604535577289,0.6159604535577289,0.0,0.2330436196053261,1.0,0.0,0.0
1772443973.4093091,1510,0.5880081324191898,0.5880081324191898,0.0,0.3131977790523642,1.0,0.0,0.0
1772443973.4215438,1511,0.6026475796971245,0.6026475796971245,0.0,1.0,1.0,0.0,0.0
1772443973.4342244,1512,0.6022873527412675,0.6022873527412675,0.0,0.7695018847867976,1.0,0.0,0.0
1772443973.4468064,1513,0.5969159025248911,0.5969159025248911,0.0,0.7113475240944699,1.0,0.0,0.0
1772443973.4594715,1514,0.6088044148242678,0.6088044148242678,0.0,0.9456014266828061,1.0,0.0,0.0
1772443973.4715333,1515,0.6200985015086757,0.6200985015086757,0.0,0.9456014266828061,1.0,0.0,0.0
1772443973.4843493,1516,0.6162931909797478,0.6162931909797478,0.0,0.739489337206385,1.0,0.0,0.0
1772443973.4968133,1517,0.6102214488514474,0.6102214488514474,0.0,0.7113475240944699,1.0,0.0,0.0
1772443973.5093594,1518,0.6214446838344964,0.6214446838344964,0.0,0.9456014266828061,1.0,0.0,0.0
1772443973.5215535,1519,0.6171168500145724,0.6171168500145724,0.0,0.7342541674678684,1.0,0.0,0.0
1772443973.5343556,1520,0.6147105558066175,0.6147105558066175,0.0,0.7539622151418411,1.0,0.0,0.0
1772443973.5468848,1521,0.6257093354419079,0.6257093354419079,0.0,0.9456014266828061,1.0,0.0,0.0
1772443973.5593886,1522,0.6241960206988117,0.6241960206988117,0.0,0.7695018847867976,1.0,0.0,0.0
1772443973.5715375,1523,0.6370260735627653,0.6370260735627653,0.0,1.0,1.0,0.0,0.0
1772443973.5846405,1524,0.6469090773102484,0.6469090773102484,0.0,0.9456014266828061,1.0,0.0,0.0
1772443973.5970707,1525,0.6562979308703573,0.6562979308703573,0.0,0.9456014266828061,1.0,0.0,0.0
1772443973.6097107,1526,0.6652173417524607,0.6652173417524607,0.0,0.9456014266828061,1.0,0.0,0.0
1772443973.6217623,1527,0.6759963285637318,0.6759963285637318,0.0,1.0,1.0,0.0,0.0
1772443973.6344054,1528,0.6839308195611665,0.6839308195611665,0.0,0.9456014266828061,1.0,0.0,0.0
1772443973.6468694,1529,0.6514694796712969,0.6514694796712969,0.0,0.239202973385694,1.0,0.0,0.0
1772443973.6595635,1530,0.6205401494272088,0.6205401494272088,0.0,0.23123319839637962,1.0,0.0,0.0
1772443973.6717923,1531,0.617962690248622,0.617962690248622,0.0,0.7539622151418411,1.0,0.0,0.0
1772443973.6845837,1532,0.6142641702826968,0.6142641702826968,0.0,0.739489337206385,1.0,0.0,0.0
1772443973.6967883,1533,0.5851524651578492,0.5851524651578492,0.0,0.22735343641533567,1.0,0.0,0.0
1772443973.7096963,1534,0.5589256900297023,0.5589256900297023,0.0,0.3227644925891648,1.0,0.0,0.0
1772443973.7218597,1535,0.5727136892620452,0.5727136892620452,0.0,0.945600936117377,1.0,0.0,0.0
1772443973.7343528,1536,0.5881178586978372,0.5881178586978372,0.0,1.0,1.0,0.0,0.0
1772443973.7468886,1537,0.6016161349056075,0.6016161349056075,0.0,0.9713516565200815,1.0,0.0,0.0
1772443973.7595391,1538,0.6118260108807858,0.6118260108807858,0.0,0.9175763250648927,1.0,0.0,0.0
1772443973.7716582,1539,0.6229690177623678,0.6229690177623678,0.0,0.9456014266828061,1.0,0.0,0.0
1772443973.7846675,1540,0.6120314579689092,0.6120314579689092,0.0,0.6588683954968944,1.0,0.0,0.0
1772443973.7972276,1541,0.5835565245750652,0.5835565245750652,0.0,0.26942626215550686,1.0,0.0,0.0
1772443973.8097062,1542,0.5574330845970209,0.5574330845970209,0.0,0.32394127072702045,1.0,0.0,0.0
1772443973.8216143,1543,0.5315816422055695,0.5315816422055695,0.0,0.2617746477353251,1.0,0.0,0.0
1772443973.8346949,1544,0.5248271669433968,0.5248271669433968,0.0,0.6542710200354691,1.0,0.0,0.0
1772443973.8471956,1545,0.506223215233554,0.506223215233554,0.0,0.469541765621139,1.0,0.0,0.0
1772443973.8599691,1546,0.48199808970390845,0.48199808970390845,0.0,0.17035296131656,1.0,0.0,0.0
1772443973.8718212,1547,0.4589317414886664,0.4589317414886664,0.0,0.16312432899889864,1.0,0.0,0.0
1772443973.8847263,1548,0.43774655144679164,0.43774655144679164,0.0,0.24142109581811821,1.0,0.0,0.0
1772443973.8971033,1549,0.4176206157130894,0.4176206157130894,0.0,0.24142065918571634,1.0,0.0,0.0
1772443973.9096384,1550,0.44077943882632903,0.44077943882632903,0.0,1.0,1.0,0.0,0.0
1772443973.9218683,1551,0.4205155513632615,0.4205155513632615,0.0,0.24256745830521192,1.0,0.0,0.0
1772443973.934408,1552,0.40083911411608475,0.40083911411608475,0.0,0.20213577909545477,1.0,0.0,0.0
1772443973.947127,1553,0.38304495055461196,0.38304495055461196,0.0,0.27770330879966537,1.0,0.0,0.0
1772443973.9600844,1554,0.36557400743094065,0.36557400743094065,0.0,0.23453590928445012,1.0,0.0,0.0
1772443973.9718974,1555,0.3795446356890628,0.3795446356890628,0.0,0.7995819837790973,1.0,0.0,0.0
1772443973.9847226,1556,0.3629187990242218,0.3629187990242218,0.0,0.2844507812477565,1.0,0.0,0.0
1772443973.9973261,1557,0.34562787015850577,0.34562787015850577,0.0,0.13551203841577777,1.0,0.0,0.0
1772443974.0098095,1558,0.33021214569581386,0.33021214569581386,0.0,0.249946294624653,1.0,0.0,0.0
1772443974.0217762,1559,0.31453446865717105,0.31453446865717105,0.0,0.13171007658558875,1.0,0.0,0.0
1772443974.0346014,1560,0.3010177067496701,0.3010177067496701,0.0,0.27516541262438166,1.0,0.0,0.0
1772443974.047013,1561,0.2865478394896044,0.2865478394896044,0.0,0.07952742740972686,1.0,0.0,0.0
1772443974.0597882,1562,0.27335671512415605,0.27335671512415605,0.0,0.17695905878218252,1.0,0.0,0.0
1772443974.0717254,1563,0.26009269798269974,0.26009269798269974,0.0,0.02704238317236104,1.0,0.0,0.0
1772443974.0843995,1564,0.2480295989306174,0.2480295989306174,0.0,0.14953491570564054,1.0,0.0,0.0
1772443974.0968237,1565,0.2365412627272705,0.2365412627272705,0.0,0.1450781034440291,1.0,0.0,0.0
1772443974.1093233,1566,0.22561821317415962,0.22561821317415962,0.0,0.14361597408565177,1.0,0.0,0.0
1772443974.1215062,1567,0.21629786692732608,0.21629786692732608,0.0,0.25731573552539333,1.0,0.0,0.0
1772443974.1343303,1568,0.20747095845032934,0.20747095845032934,0.0,0.25938145748837016,1.0,0.0,0.0
1772443974.1467946,1569,0.19905796292407735,0.19905796292407735,0.0,0.2573148242701238,1.0,0.0,0.0
1772443974.15925,1570,0.19106562918974793,0.19106562918974793,0.0,0.2573157355253933,1.0,0.0,0.0
1772443974.1715398,1571,0.1823517701348363,0.1823517701348363,0.0,0.13283810411640762,1.0,0.0,0.0
1772443974.1844125,1572,0.17600267381938156,0.17600267381938156,0.0,0.3090345183589274,1.0,0.0,0.0
1772443974.1972206,1573,0.1677835621125571,0.1677835621125571,0.0,0.07952839926172013,1.0,0.0,0.0
1772443974.209425,1574,0.16043932049938425,0.16043932049938425,0.0,0.1647219006758285,1.0,0.0,0.0
1772443974.22149,1575,0.15294517749216133,0.15294517749216133,0.0,0.06565647492723133,1.0,0.0,0.0
1772443974.23461,1576,0.1464841895186245,0.1464841895186245,0.0,0.18325758327844355,1.0,0.0,0.0
1772443974.2470348,1577,0.1831998339415874,0.1831998339415874,0.0,1.0,1.0,0.0,0.0
1772443974.2595596,1578,0.17599407627856956,0.17599407627856956,0.0,0.25683490056437974,1.0,0.0,0.0
1772443974.27156,1579,0.21123422636353523,0.21123422636353523,0.0,1.0,1.0,0.0,0.0
1772443974.2843542,1580,0.20194453176165056,0.20194453176165056,0.0,0.193478590869949,1.0,0.0,0.0
1772443974.2968853,1581,0.23588715907246216,0.23588715907246216,0.0,1.0,1.0,0.0,0.0
1772443974.3093944,1582,0.22539330263720164,0.22539330263720164,0.0,0.19672589164441392,1.0,0.0,0.0
1772443974.321541,1583,0.2581634914042357,0.2581634914042357,0.0,1.0,1.0,0.0,0.0
1772443974.3342073,1584,0.2834368071448236,0.2834368071448236,0.0,0.8818119901627638,1.0,0.0,0.0
1772443974.3468022,1585,0.27056495664533803,0.27056495664533803,0.0,0.19666817490891644,1.0,0.0,0.0
1772443974.359441,1586,0.2580069793792013,0.2580069793792013,0.0,0.1539132643580683,1.0,0.0,0.0
1772443974.3715527,1587,0.24706717079102278,0.24706717079102278,0.0,0.2573139130191362,1.0,0.0,0.0
1772443974.3843803,1588,0.2352448731087285,0.2352448731087285,0.0,0.06653948055848828,1.0,0.0,0.0
1772443974.3968546,1589,0.2469663250299332,0.2469663250299332,0.0,0.6969352242930231,1.0,0.0,0.0
1772443974.409502,1590,0.27865786267733067,0.27865786267733067,0.0,1.0,1.0,0.0,0.0
1772443974.4218206,1591,0.2659451672261779,0.2659451672261779,0.0,0.1873852200552535,1.0,0.0,0.0
1772443974.434599,1592,0.25377159057152643,0.25377159057152643,0.0,0.17533107736324718,1.0,0.0,0.0
1772443974.4470406,1593,0.24508335494885594,0.24508335494885594,0.0,0.3653923448078256,1.0,0.0,0.0
1772443974.4594698,1594,0.2768690411003073,0.2768690411003073,0.0,1.0,1.0,0.0,0.0
1772443974.4715328,1595,0.2704745302150723,0.2704745302150723,0.0,0.4653381654775448,1.0,0.0,0.0
1772443974.4844506,1596,0.25871105449964477,0.25871105449964477,0.0,0.24132470610647497,1.0,0.0,0.0
1772443974.4967527,1597,0.2519186711474417,0.2519186711474417,0.0,0.43348718774512646,1.0,0.0,0.0
1772443974.5093863,1598,0.24032066604190283,0.24032066604190283,0.0,0.15800910421418507,1.0,0.0,0.0
1772443974.5215108,1599,0.2288294724101504,0.2288294724101504,0.0,0.06483811643458341,1.0,0.0,0.0
1772443974.5343318,1600,0.21861401967972918,0.21861401967972918,0.0,0.1880824172717611,1.0,0.0,0.0
1772443974.546883,1601,0.20843904190075882,0.20843904190075882,0.0,0.11758953508099226,1.0,0.0,0.0
1772443974.5593963,1602,0.19997134776754533,0.19997134776754533,0.0,0.25683672085116876,1.0,0.0,0.0
1772443974.5716379,1603,0.1919270383409925,0.1919270383409925,0.0,0.2568367208511687,1.0,0.0,0.0
1772443974.5844138,1604,0.18428494438576734,0.18428494438576734,0.0,0.2568367208511689,1.0,0.0,0.0
1772443974.5970042,1605,0.17598435831020673,0.17598435831020673,0.0,0.14516053125330128,1.0,0.0,0.0
1772443974.6094522,1606,0.16913937442875793,0.16913937442875793,0.0,0.2568349005643798,1.0,0.0,0.0
1772443974.621526,1607,0.19990446667509745,0.19990446667509745,0.0,0.8988197150682353,1.0,0.0,0.0
1772443974.6343796,1608,0.19185589345943227,0.19185589345943227,0.0,0.25625687965476174,1.0,0.0,0.0
1772443974.646892,1609,0.1833524538409377,0.1833524538409377,0.0,0.17079868102050602,1.0,0.0,0.0
1772443974.6594925,1610,0.17642904660373684,0.17642904660373684,0.0,0.277465113557278,1.0,0.0,0.0
1772443974.6715806,1611,0.16873472800314127,0.16873472800314127,0.0,0.17577936104772443,1.0,0.0,0.0
1772443974.6846628,1612,0.1608206540721332,0.1608206540721332,0.0,0.06423798074042122,1.0,0.0,0.0
1772443974.69689,1613,0.15387680305144377,0.15387680305144377,0.0,0.17184425091964742,1.0,0.0,0.0
1772443974.7094505,1614,0.1482673189966802,0.1482673189966802,0.0,0.26643113363306953,1.0,0.0,0.0
1772443974.7215903,1615,0.14200192178907806,0.14200192178907806,0.0,0.1784568729072598,1.0,0.0,0.0
1772443974.734494,1616,0.13615787417294248,0.13615787417294248,0.0,0.19162707745840024,1.0,0.0,0.0
1772443974.7468007,1617,0.1733898343631895,0.1733898343631895,0.0,1.0,1.0,0.0,0.0
1772443974.7594771,1618,0.16684925359074246,0.16684925359074246,0.0,0.26958554321168776,1.0,0.0,0.0
1772443974.7716138,1619,0.1604307043027238,0.1604307043027238,0.0,0.2545109204067299,1.0,0.0,0.0
1772443974.7843218,1620,0.1538223776594771,0.1538223776594771,0.0,0.2089301413457465,1.0,0.0,0.0
1772443974.7969532,1621,0.14707255620547455,0.14707255620547455,0.0,0.14949804221240864,1.0,0.0,0.0
1772443974.8097403,1622,0.14530867350080529,0.14530867350080529,0.0,0.4182090398551318,1.0,0.0,0.0
1772443974.8216598,1623,0.13913844618014903,0.13913844618014903,0.0,0.1715810536810024,1.0,0.0,0.0
1772443974.8344681,1624,0.13498589505774453,0.13498589505774453,0.0,0.31098257993243894,1.0,0.0,0.0
1772443974.846919,1625,0.1404632524528764,0.1404632524528764,0.0,0.5531449143722021,1.0,0.0,0.0
1772443974.859527,1626,0.1344116830703112,0.1344116830703112,0.0,0.15411172866861697,1.0,0.0,0.0
1772443974.8715277,1627,0.133281775495571,0.133281775495571,0.0,0.41823583989352525,1.0,0.0,0.0
1772443974.8844616,1628,0.12805586360490692,0.12805586360490692,0.0,0.21150550987838918,1.0,0.0,0.0
1772443974.8969145,1629,0.12246141626335921,0.12246141626335921,0.0,0.12735867541628068,1.0,0.0,0.0
1772443974.9095905,1630,0.11833349458573397,0.11833349458573397,0.0,0.2599166766754213,1.0,0.0,0.0
1772443974.9216108,1631,0.11897365250392758,0.11897365250392758,0.0,0.44415058171281324,1.0,0.0,0.0
1772443974.9343958,1632,0.11479914804946449,0.11479914804946449,0.0,0.24249181615679488,1.0,0.0,0.0
1772443974.9467816,1633,0.11105429058688839,0.11105429058688839,0.0,0.25991300771293396,1.0,0.0,0.0
1772443974.959538,1634,0.10663767589455309,0.10663767589455309,0.0,0.17693747360787385,1.0,0.0,0.0
1772443974.9714801,1635,0.14534564599871957,0.14534564599871957,0.0,1.0,1.0,0.0,0.0
1772443974.9843838,1636,0.13914718852479374,0.13914718852479374,0.0,0.16802071842760224,1.0,0.0,0.0
1772443974.9972038,1637,0.13418497823409678,0.13418497823409678,0.0,0.2599166766754213,1.0,0.0,0.0
1772443975.010353,1638,0.12833073931199315,0.12833073931199315,0.0,0.1355118521256901,1.0,0.0,0.0
1772443975.0220292,1639,0.12493734665513657,0.12493734665513657,0.0,0.32237748618064827,1.0,0.0,0.0
1772443975.035636,1640,0.12068562845792247,0.12068562845792247,0.0,0.25991667667542134,1.0,0.0,0.0
1772443975.0475228,1641,0.11648347087643908,0.11648347087643908,0.0,0.24725479055194655,1.0,0.0,0.0
1772443975.0604758,1642,0.11173131335557963,0.11173131335557963,0.0,0.16845592958059022,1.0,0.0,0.0
1772443975.072054,1643,0.10798711026317961,0.10798711026317961,0.0,0.24808128762082093,1.0,0.0,0.0
1772443975.0849977,1644,0.1036606577621285,0.1036606577621285,0.0,0.1685766709232657,1.0,0.0,0.0
1772443975.0976956,1645,0.10037533327838064,0.10037533327838064,0.0,0.2524738909968254,1.0,0.0,0.0
1772443975.1099253,1646,0.09735644264979397,0.09735644264979397,0.0,0.2602688004004784,1.0,0.0,0.0
1772443975.121741,1647,0.0930141209889977,0.0930141209889977,0.0,0.06501977616485666,1.0,0.0,0.0
1772443975.1347783,1648,0.09036329097488018,0.09036329097488018,0.0,0.2602688004004784,1.0,0.0,0.0
1772443975.1469448,1649,0.08709933741095711,0.08709933741095711,0.0,0.19141255185424613,1.0,0.0,0.0
1772443975.1597195,1650,0.1244786779660306,0.1244786779660306,0.0,0.9456014266828059,1.0,0.0,0.0
1772443975.171622,1651,0.11934052106728481,0.11934052106728481,0.0,0.17031823517473021,1.0,0.0,0.0
1772443975.184475,1652,0.11884342764682491,0.11884342764682491,0.0,0.41472880977693627,1.0,0.0,0.0
1772443975.197056,1653,0.11693868948533194,0.11693868948533194,0.0,0.36682597845036474,1.0,0.0,0.0
1772443975.2097096,1654,0.14416023034798556,0.14416023034798556,0.0,0.8099147389771165,1.0,0.0,0.0
1772443975.2217646,1655,0.13756641073600873,0.13756641073600873,0.0,0.08755557892784321,1.0,0.0,0.0
1772443975.2354832,1656,0.13809077432391703,0.13809077432391703,0.0,0.4642930586186476,1.0,0.0,0.0
1772443975.2474031,1657,0.17510089326150385,0.17510089326150385,0.0,0.9966235951642142,1.0,0.0,0.0
1772443975.2606628,1658,0.17375280813574304,0.17375280813574304,0.0,0.46438988082066507,1.0,0.0,0.0
1772443975.2718391,1659,0.17247212726627026,0.17247212726627026,0.0,0.4643898808206656,1.0,0.0,0.0
1772443975.284769,1660,0.1712553756707515,0.1712553756707515,0.0,0.46438750873243206,1.0,0.0,0.0
1772443975.2976487,1661,0.2066072645409966,0.2066072645409966,0.0,0.9966235951642142,1.0,0.0,0.0
1772443975.3099444,1662,0.19706134930186053,0.19706134930186053,0.0,0.12300218856753589,1.0,0.0,0.0
1772443975.3218577,1663,0.18972304576414079,0.18972304576414079,0.0,0.2945371557268479,1.0,0.0,0.0
1772443975.3355324,1664,0.18254164080619653,0.18254164080619653,0.0,0.2814484548764185,1.0,0.0,0.0
1772443975.3474543,1665,0.17443621941185444,0.17443621941185444,0.0,0.16143589161560096,1.0,0.0,0.0
1772443975.3606246,1666,0.16699668545377233,0.16699668545377233,0.0,0.19465636113698098,1.0,0.0,0.0
1772443975.3715093,1667,0.1612695558620402,0.1612695558620402,0.0,0.30086614200525225,1.0,0.0,0.0
1772443975.3844032,1668,0.1553827723528788,0.1553827723528788,0.0,0.2728991792082531,1.0,0.0,0.0
1772443975.3968384,1669,0.1500345192646032,0.1500345192646032,0.0,0.288819928734112,1.0,0.0,0.0
1772443975.4094298,1670,0.14362681488151424,0.14362681488151424,0.0,0.1714229689469353,1.0,0.0,0.0
1772443975.4214816,1671,0.1803601317912212,0.1803601317912212,0.0,0.9966235951642142,1.0,0.0,0.0
1772443975.4344482,1672,0.2153819791005543,0.2153819791005543,0.0,1.0,1.0,0.0,0.0
1772443975.4467978,1673,0.21923794691114448,0.21923794691114448,0.0,0.5881047842405182,1.0,0.0,0.0
1772443975.4593859,1674,0.23776287234173546,0.23776287234173546,0.0,0.7661251438497012,1.0,0.0,0.0
1772443975.4714742,1675,0.23246689043321558,0.23246689043321558,0.0,0.4450344703923434,1.0,0.0,0.0
1772443975.4844024,1676,0.22249782815697094,0.22249782815697094,0.0,0.23214136797887638,1.0,0.0,0.0
1772443975.4969463,1677,0.23104521015257692,0.23104521015257692,0.0,0.6524496913758916,1.0,0.0,0.0
1772443975.5093684,1678,0.22120643254863306,0.22120643254863306,0.0,0.23733938747354488,1.0,0.0,0.0
1772443975.5217633,1679,0.2116915427677814,0.2116915427677814,0.0,0.22209668054549925,1.0,0.0,0.0
1772443975.5348,1680,0.20453414394430802,0.20453414394430802,0.0,0.3415314469366687,1.0,0.0,0.0
1772443975.5470085,1681,0.19575943144288863,0.19575943144288863,0.0,0.2129121649802671,1.0,0.0,0.0
1772443975.5594518,1682,0.18976742027570626,0.18976742027570626,0.0,0.35726717408277503,1.0,0.0,0.0
1772443975.5715075,1683,0.18407490212517738,0.18407490212517738,0.0,0.35726279429658403,1.0,0.0,0.0
1772443975.5844088,1684,0.1763237971976781,0.1763237971976781,0.0,0.21297755729343412,1.0,0.0,0.0
1772443975.5969944,1685,0.21154746123668833,0.21154746123668833,0.0,1.0,1.0,0.0,0.0
1772443975.6094089,1686,0.2022594691267523,0.2022594691267523,0.0,0.19546645205084084,1.0,0.0,0.0
1772443975.6215506,1687,0.2086794492921261,0.2086794492921261,0.0,0.6135420448400489,1.0,0.0,0.0
1772443975.6343844,1688,0.2000360167297886,0.2000360167297886,0.0,0.24385170376670567,1.0,0.0,0.0
1772443975.646875,1689,0.2065671695150106,0.2065671695150106,0.0,0.613542044840049,1.0,0.0,0.0
1772443975.6594515,1690,0.2005218739617064,0.2005218739617064,0.0,0.37602850658654213,1.0,0.0,0.0
1772443975.6715481,1691,0.19128945168528094,0.19128945168528094,0.0,0.12469886073186343,1.0,0.0,0.0
1772443975.6844685,1692,0.1876977787570818,0.1876977787570818,0.0,0.42891544843456664,1.0,0.0,0.0
1772443975.6968672,1693,0.17902599351183354,0.17902599351183354,0.0,0.10917333022082273,1.0,0.0,0.0
1772443975.7093992,1694,0.17169100151827635,0.17169100151827635,0.0,0.2287116454151996,1.0,0.0,0.0
1772443975.721524,1695,0.16497025177528563,0.16497025177528563,0.0,0.24979758672968064,1.0,0.0,0.0
1772443975.7344067,1696,0.20025250129079836,0.20025250129079836,0.0,0.9866299359800674,1.0,0.0,0.0
1772443975.7469606,1697,0.194653253163743,0.194653253163743,0.0,0.3807179746135952,1.0,0.0,0.0
1772443975.7594457,1698,0.1889694472347352,0.1889694472347352,0.0,0.36726511756084135,1.0,0.0,0.0
1772443975.771585,1699,0.18215251849054515,0.18215251849054515,0.0,0.30137343868999406,1.0,0.0,0.0
1772443975.7844105,1700,0.1793648177584355,0.1793648177584355,0.0,0.4381164753404209,1.0,0.0,0.0
1772443975.797286,1701,0.1744716253406006,0.1744716253406006,0.0,0.36826772363423377,1.0,0.0,0.0
1772443975.8094873,1702,0.17015877472333282,0.17015877472333282,0.0,0.3806239983417538,1.0,0.0,0.0
1772443975.8215697,1703,0.17136480355750847,0.17136480355750847,0.0,0.5110799980615671,1.0,0.0,0.0
1772443975.8347907,1704,0.16814225762868987,0.16814225762868987,0.0,0.4110486696495083,1.0,0.0,0.0
1772443975.8470826,1705,0.16376395418123146,0.16376395418123146,0.0,0.36649371403657965,1.0,0.0,0.0
1772443975.8594105,1706,0.19961561037106407,0.19961561037106407,0.0,1.0,1.0,0.0,0.0
1772443975.8715367,1707,0.19045484559456546,0.19045484559456546,0.0,0.1294402202888627,1.0,0.0,0.0
1772443975.884359,1708,0.22492766042264717,0.22492766042264717,0.0,0.9987984252513261,1.0,0.0,0.0
1772443975.8969252,1709,0.2157152238266257,0.2157152238266257,0.0,0.2627834877267542,1.0,0.0,0.0
1772443975.9095159,1710,0.2104263329013745,0.2104263329013745,0.0,0.4155170528489972,1.0,0.0,0.0
1772443975.9215848,1711,0.2149985651489053,0.2149985651489053,0.0,0.5945136813239318,1.0,0.0,0.0
1772443975.9344509,1712,0.23862403856542547,0.23862403856542547,0.0,0.8269278218315761,1.0,0.0,0.0
1772443975.9470317,1713,0.23703517435257895,0.23703517435257895,0.0,0.5222802501064796,1.0,0.0,0.0
1772443975.9601934,1714,0.23052798119016543,0.23052798119016543,0.0,0.4110148926531887,1.0,0.0,0.0
1772443975.97164,1715,0.23427280601669334,0.23427280601669334,0.0,0.5969145199450625,1.0,0.0,0.0
1772443975.984518,1716,0.22823860004314206,0.22823860004314206,0.0,0.4207718331107807,1.0,0.0,0.0
1772443975.997208,1717,0.22195503262574676,0.22195503262574676,0.0,0.4044257874608089,1.0,0.0,0.0
1772443976.0095441,1718,0.2123230804369633,0.2123230804369633,0.0,0.21430458180132103,1.0,0.0,0.0
1772443976.021645,1719,0.2075189379065281,0.2075189379065281,0.0,0.4244962462772536,1.0,0.0,0.0
1772443976.0348897,1720,0.20097621957700876,0.20097621957700876,0.0,0.3587781584827393,1.0,0.0,0.0
1772443976.0471134,1721,0.1947630395951993,0.1947630395951993,0.0,0.35887509869128187,1.0,0.0,0.0
1772443976.0595121,1722,0.22904752542608814,0.22904752542608814,0.0,0.9995320903028633,1.0,0.0,0.0
1772443976.0715525,1723,0.23649735340245628,0.23649735340245628,0.0,0.6431630859405412,1.0,0.0,0.0
1772443976.084415,1724,0.22965839031585364,0.22965839031585364,0.0,0.39994845369115933,1.0,0.0,0.0
1772443976.0972505,1725,0.2620646478551751,0.2620646478551751,0.0,0.9959437572921209,1.0,0.0,0.0
1772443976.109232,1726,0.265657977025599,0.265657977025599,0.0,0.615648879398091,1.0,0.0,0.0
1772443976.1216779,1727,0.26640145008173566,0.26640145008173566,0.0,0.579736164044455,1.0,0.0,0.0
1772443976.1346662,1728,0.26710807776397005,0.26710807776397005,0.0,0.5797408111469244,1.0,0.0,0.0
1772443976.1470625,1729,0.2977925277746657,0.2977925277746657,0.0,1.0,1.0,0.0,0.0
1772443976.1598282,1730,0.2846731804466405,0.2846731804466405,0.0,0.24216596393590128,1.0,0.0,0.0
1772443976.1716743,1731,0.31447507377389444,0.31447507377389444,0.0,0.9998829803943028,1.0,0.0,0.0
1772443976.1844509,1732,0.29966873448424375,0.29966873448424375,0.0,0.14575709981974713,1.0,0.0,0.0
1772443976.1969645,1733,0.30125953174768516,0.30125953174768516,0.0,0.6140746114297189,1.0,0.0,0.0
1772443976.20985,1734,0.29003190367808424,0.29003190367808424,0.0,0.35886370329407363,1.0,0.0,0.0
1772443976.2220953,1735,0.28046049732365197,0.28046049732365197,0.0,0.3981663774920886,1.0,0.0,0.0
1772443976.2343795,1736,0.2831826549609458,0.2831826549609458,0.0,0.6162729944928443,1.0,0.0,0.0
1772443976.246855,1737,0.2727887132945682,0.2727887132945682,0.0,0.3560093796974858,1.0,0.0,0.0
1772443976.2594504,1738,0.2632650538604438,0.2632650538604438,0.0,0.3698151573563003,1.0,0.0,0.0
1772443976.271462,1739,0.2668815443390629,0.2668815443390629,0.0,0.616716080000965,1.0,0.0,0.0
1772443976.2842972,1740,0.2552032696186336,0.2552032696186336,0.0,0.23316680774809997,1.0,0.0,0.0
1772443976.296863,1741,0.24626745854422372,0.24626745854422372,0.0,0.35841951381560627,1.0,0.0,0.0
1772443976.309464,1742,0.25073382878865386,0.25073382878865386,0.0,0.6167160800009652,1.0,0.0,0.0
1772443976.3216956,1743,0.2394018037609585,0.2394018037609585,0.0,0.18550971525545348,1.0,0.0,0.0
1772443976.334447,1744,0.2313476737965466,0.2313476737965466,0.0,0.3620848408453587,1.0,0.0,0.0
1772443976.346791,1745,0.26382014400561343,0.26382014400561343,0.0,1.0,1.0,0.0,0.0
1772443976.3594365,1746,0.2923634442309541,0.2923634442309541,0.0,0.9456014266828061,1.0,0.0,0.0
1772443976.3715308,1747,0.28137315920418055,0.28137315920418055,0.0,0.3502788820608939,1.0,0.0,0.0
1772443976.3843722,1748,0.27129030903304113,0.27129030903304113,0.0,0.3648271605558342,1.0,0.0,0.0
1772443976.3968642,1749,0.26123905769345557,0.26123905769345557,0.0,0.3453397899461618,1.0,0.0,0.0
1772443976.4096732,1750,0.29221695870767694,0.29221695870767694,0.0,1.0,1.0,0.0,0.0
1772443976.4216168,1751,0.2789389372664092,0.2789389372664092,0.0,0.20032816046870347,1.0,0.0,0.0
1772443976.4344027,1752,0.3090318443019829,0.3090318443019829,0.0,1.0,1.0,0.0,0.0
1772443976.4468577,1753,0.29709618832988965,0.29709618832988965,0.0,0.3454566153314589,1.0,0.0,0.0
1772443976.4593897,1754,0.3262812328122893,0.3262812328122893,0.0,1.0,1.0,0.0,0.0
1772443976.4715014,1755,0.35400702507056897,0.35400702507056897,0.0,1.0,1.0,0.0,0.0
1772443976.4841528,1756,0.38034652771593463,0.38034652771593463,0.0,1.0,1.0,0.0,0.0
1772443976.4969487,1757,0.36371245639549604,0.36371245639549604,0.0,0.28646896343881445,1.0,0.0,0.0
1772443976.5093288,1758,0.38956668747461537,0.38956668747461537,0.0,1.0,1.0,0.0,0.0
1772443976.5214252,1759,0.4141282069997787,0.4141282069997787,0.0,1.0,1.0,0.0,0.0
1772443976.5342376,1760,0.39696899163347993,0.39696899163347993,0.0,0.3468171849167618,1.0,0.0,0.0
1772443976.5465517,1761,0.3785790801369753,0.3785790801369753,0.0,0.21357375785225227,1.0,0.0,0.0
1772443976.5595572,1762,0.4036899800290206,0.4036899800290206,0.0,1.0,1.0,0.0,0.0
1772443976.571536,1763,0.42754533492646374,0.42754533492646374,0.0,1.0,1.0,0.0,0.0
1772443976.5840712,1764,0.45020792207903465,0.45020792207903465,0.0,1.0,1.0,0.0,0.0
1772443976.5968626,1765,0.471737379873977,0.471737379873977,0.0,1.0,1.0,0.0,0.0
1772443976.60904,1766,0.45175939937227605,0.45175939937227605,0.0,0.3494702784895774,1.0,0.0,0.0
1772443976.6215875,1767,0.4303790030703313,0.4303790030703313,0.0,0.18586257279285612,1.0,0.0,0.0
1772443976.6341615,1768,0.41008853312165955,0.41008853312165955,0.0,0.18837589540568594,1.0,0.0,0.0
1772443976.6468654,1769,0.4043276086871736,0.4043276086871736,0.0,0.589736087423697,1.0,0.0,0.0
1772443976.6598618,1770,0.4004432814153317,0.4004432814153317,0.0,0.6109404823199654,1.0,0.0,0.0
1772443976.6716127,1771,0.39782257450190023,0.39782257450190023,0.0,0.6246123368703739,1.0,0.0,0.0
1772443976.684346,1772,0.37980176918215897,0.37980176918215897,0.0,0.25031605658193024,1.0,0.0,0.0
1772443976.6967452,1773,0.3755423691385271,0.3755423691385271,0.0,0.5895599627676761,1.0,0.0,0.0
1772443976.7093515,1774,0.3604463244724282,0.3604463244724282,0.0,0.35252197851721306,1.0,0.0,0.0
1772443976.721534,1775,0.34611250651130404,0.34611250651130404,0.0,0.3528327217692,1.0,0.0,0.0
1772443976.7343483,1776,0.33247219693137786,0.33247219693137786,0.0,0.3518605260897344,1.0,0.0,0.0
1772443976.7468705,1777,0.31772668709341045,0.31772668709341045,0.0,0.2509318939020904,1.0,0.0,0.0
1772443976.7593355,1778,0.318496953696949,0.318496953696949,0.0,0.6151352526880397,1.0,0.0,0.0
1772443976.7716565,1779,0.3154896113011936,0.3154896113011936,0.0,0.5636340532922254,1.0,0.0,0.0
1772443976.7843983,1780,0.3159184231883084,0.3159184231883084,0.0,0.6092644387800293,1.0,0.0,0.0
1772443976.7968972,1781,0.3440271509514977,0.3440271509514977,0.0,0.9963562643319972,1.0,0.0,0.0
1772443976.8093998,1782,0.3304073678492446,0.3304073678492446,0.0,0.34830085857861687,1.0,0.0,0.0
1772443976.8214438,1783,0.3201879560120359,0.3201879560120359,0.0,0.4376250347590474,1.0,0.0,0.0
1772443976.8343625,1784,0.33315654070264117,0.33315654070264117,0.0,0.7601379965583107,1.0,0.0,0.0
1772443976.8472009,1785,0.3354536084166478,0.3354536084166478,0.0,0.6438030058862824,1.0,0.0,0.0
1772443976.8593976,1786,0.3601128897862362,0.3601128897862362,0.0,0.9394305448848175,1.0,0.0,0.0
1772443976.8715458,1787,0.3444171801397757,0.3444171801397757,0.0,0.28178517414349,1.0,0.0,0.0
1772443976.8844075,1788,0.3686282887340716,0.3686282887340716,0.0,0.9394306618067255,1.0,0.0,0.0
1772443976.8968306,1789,0.3514917166258204,0.3514917166258204,0.0,0.1960862860219919,1.0,0.0,0.0
1772443976.909442,1790,0.3409039091105204,0.3409039091105204,0.0,0.45464457164926253,1.0,0.0,0.0
1772443976.9215324,1791,0.3572204047560868,0.3572204047560868,0.0,0.8136714953039165,1.0,0.0,0.0
1772443976.9344702,1792,0.3456540554759799,0.3456540554759799,0.0,0.4374619078562768,1.0,0.0,0.0
1772443976.9468455,1793,0.37010563643600897,0.37010563643600897,0.0,0.945600936117377,1.0,0.0,0.0
1772443976.9594986,1794,0.39538201891383423,0.39538201891383423,0.0,0.9931018296826919,1.0,0.0,0.0
1772443976.9715207,1795,0.4173472017019706,0.4173472017019706,0.0,0.945600936117377,1.0,0.0,0.0
1772443976.98437,1796,0.4110766299333559,0.4110766299333559,0.0,0.5877141406635733,1.0,0.0,0.0
1772443976.9968588,1797,0.40400898313528544,0.40400898313528544,0.0,0.5719964450594092,1.0,0.0,0.0
1772443977.0095212,1798,0.39861073815514053,0.39861073815514053,0.0,0.5905418055063099,1.0,0.0,0.0
1772443977.021496,1799,0.3846505144594923,0.3846505144594923,0.0,0.4288478977475154,1.0,0.0,0.0
1772443977.034363,1800,0.381956691930832,0.381956691930832,0.0,0.6136162615152272,1.0,0.0,0.0
1772443977.046775,1801,0.3688325227098514,0.3688325227098514,0.0,0.4289389622411991,1.0,0.0,0.0
1772443977.0594294,1802,0.35656398443870885,0.35656398443870885,0.0,0.43427873084973956,1.0,0.0,0.0
1772443977.0716105,1803,0.3438731461810565,0.3438731461810565,0.0,0.40470488013167655,1.0,0.0,0.0
1772443977.0843346,1804,0.3287198963623928,0.3287198963623928,0.0,0.26325581491996425,1.0,0.0,0.0
1772443977.0968442,1805,0.3285434014520684,0.3285434014520684,0.0,0.6099969212460092,1.0,0.0,0.0
1772443977.1094077,1806,0.3283757312872602,0.3283757312872602,0.0,0.6099969212460092,1.0,0.0,0.0
1772443977.1215708,1807,0.32535688722439843,0.32535688722439843,0.0,0.5707429435159422,1.0,0.0,0.0
1772443977.1342735,1808,0.35312889676207265,0.35312889676207265,0.0,1.0,1.0,0.0,0.0
1772443977.1467376,1809,0.37951230582286316,0.37951230582286316,0.0,1.0,1.0,0.0,0.0
1772443977.1594715,1810,0.3768940571815781,0.3768940571815781,0.0,0.6112691775899761,1.0,0.0,0.0
1772443977.1715906,1811,0.3713553864231026,0.3713553864231026,0.0,0.5693721563814815,1.0,0.0,0.0
1772443977.184301,1812,0.3945219245275688,0.3945219245275688,0.0,0.9456014266828061,1.0,0.0,0.0
1772443977.19681,1813,0.37676420879795064,0.37676420879795064,0.0,0.2579073697295248,1.0,0.0,0.0
1772443977.209374,1814,0.36199280517478866,0.36199280517478866,0.0,0.36795287240925123,1.0,0.0,0.0
1772443977.2216659,1815,0.3713142772785124,0.3713142772785124,0.0,0.7420425637908372,1.0,0.0,0.0
1772443977.234425,1816,0.3860528419798974,0.3860528419798974,0.0,0.8129333412993891,1.0,0.0,0.0
1772443977.2468698,1817,0.3743595199090619,0.3743595199090619,0.0,0.46892075562579133,1.0,0.0,0.0
1772443977.2599268,1818,0.38339461083714843,0.38339461083714843,0.0,0.7458774562859198,1.0,0.0,0.0
1772443977.2718418,1819,0.40595918772091233,0.40595918772091233,0.0,0.9456014266828061,1.0,0.0,0.0
1772443977.284412,1820,0.42739553576048805,0.42739553576048805,0.0,0.9456014266828062,1.0,0.0,0.0
1772443977.296869,1821,0.42251125361167957,0.42251125361167957,0.0,0.6129289343608307,1.0,0.0,0.0
1772443977.3095784,1822,0.40623645768394595,0.40623645768394595,0.0,0.3955947840643986,1.0,0.0,0.0
1772443977.3215969,1823,0.40920233941827905,0.40920233941827905,0.0,0.6945711098811042,1.0,0.0,0.0
1772443977.3346684,1824,0.41201957469464906,0.41201957469464906,0.0,0.6945670635731055,1.0,0.0,0.0
1772443977.3471076,1825,0.3948205496194683,0.3948205496194683,0.0,0.34039875087455684,1.0,0.0,0.0
1772443977.3599386,1826,0.3931586299008714,0.3931586299008714,0.0,0.633070897117541,1.0,0.0,0.0
1772443977.3718693,1827,0.39800122929319875,0.39800122929319875,0.0,0.7085767361933033,1.0,0.0,0.0
1772443977.3843505,1828,0.3807051331441679,0.3807051331441679,0.0,0.2997852622647088,1.0,0.0,0.0
1772443977.3969882,1829,0.3861704073743304,0.3861704073743304,0.0,0.7085767361933033,1.0,0.0,0.0
1772443977.4097078,1830,0.39920304921870087,0.39920304921870087,0.0,0.8007292011854988,1.0,0.0,0.0
1772443977.42156,1831,0.3826959828558093,0.3826959828558093,0.0,0.34268680675109914,1.0,0.0,0.0
1772443977.434362,1832,0.377665171230411,0.377665171230411,0.0,0.5808330490910849,1.0,0.0,0.0
1772443977.4467862,1833,0.36522604146063586,0.36522604146063586,0.0,0.44130356312330166,1.0,0.0,0.0
1772443977.4595556,1834,0.36788163688637926,0.36788163688637926,0.0,0.6671999985169443,1.0,0.0,0.0
1772443977.4715512,1835,0.3574651005872626,0.3574651005872626,0.0,0.47691809758078935,1.0,0.0,0.0
1772443977.4843225,1836,0.35905762565459753,0.35905762565459753,0.0,0.649972862632335,1.0,0.0,0.0
1772443977.4968781,1837,0.35360472778801966,0.35360472778801966,0.0,0.5573408489124745,1.0,0.0,0.0
1772443977.5096066,1838,0.33870743843638895,0.33870743843638895,0.0,0.3098221904033496,1.0,0.0,0.0
1772443977.5215042,1839,0.3224362346887621,0.3224362346887621,0.0,0.09887564055441389,1.0,0.0,0.0
1772443977.5343404,1840,0.3069339699780347,0.3069339699780347,0.0,0.08881123828087491,1.0,0.0,0.0
1772443977.5468252,1841,0.2922870253668722,0.2922870253668722,0.0,0.10643490458916781,1.0,0.0,0.0
1772443977.559661,1842,0.2902344737310779,0.2902344737310779,0.0,0.5582812643252701,1.0,0.0,0.0
1772443977.5715241,1843,0.2763946828142037,0.2763946828142037,0.0,0.1005585396213867,1.0,0.0,0.0
1772443977.584328,1844,0.26925327111885194,0.26925327111885194,0.0,0.44717338271111584,1.0,0.0,0.0
1772443977.5968642,1845,0.27884581905784583,0.27884581905784583,0.0,0.6920145624131592,1.0,0.0,0.0
1772443977.609431,1846,0.2658484290917417,0.2658484290917417,0.0,0.15005439015873934,1.0,0.0,0.0
1772443977.62146,1847,0.25375599139653515,0.25375599139653515,0.0,0.18493962531345626,1.0,0.0,0.0
1772443977.6344252,1848,0.24437102184456308,0.24437102184456308,0.0,0.3358708741776218,1.0,0.0,0.0
1772443977.6470652,1849,0.2346696883655425,0.2346696883655425,0.0,0.2946838572180157,1.0,0.0,0.0
1772443977.6593943,1850,0.22514466688443435,0.22514466688443435,0.0,0.2750640278691082,1.0,0.0,0.0
1772443977.6715393,1851,0.2147546120273598,0.2147546120273598,0.0,0.13756603858237518,1.0,0.0,0.0
1772443977.6846168,1852,0.22208316330666755,0.22208316330666755,0.0,0.6329121250759016,1.0,0.0,0.0
1772443977.69706,1853,0.21370256088862655,0.21370256088862655,0.0,0.3065608746446717,1.0,0.0,0.0
1772443977.7095153,1854,0.2038466706116903,0.2038466706116903,0.0,0.13106463773747143,1.0,0.0,0.0
1772443977.7218015,1855,0.19441098996794645,0.19441098996794645,0.0,0.11776786527698982,1.0,0.0,0.0
1772443977.7345476,1856,0.1852573191629104,0.1852573191629104,0.0,0.07596705512066992,1.0,0.0,0.0
1772443977.7469745,1857,0.18570484829947298,0.18570484829947298,0.0,0.5110147825796851,1.0,0.0,0.0
1772443977.7597468,1858,0.1770252759577284,0.1770252759577284,0.0,0.08553492663114816,1.0,0.0,0.0
1772443977.7715049,1859,0.16957187063533666,0.16957187063533666,0.0,0.20732483012993355,1.0,0.0,0.0
1772443977.7843728,1860,0.16198561089161545,0.16198561089161545,0.0,0.14172426116727718,1.0,0.0,0.0
1772443977.7968519,1861,0.15724376256828812,0.15724376256828812,0.0,0.3383804094468576,1.0,0.0,0.0
1772443977.8094192,1862,0.1498907650085438,0.1498907650085438,0.0,0.060468583055673215,1.0,0.0,0.0
1772443977.8218896,1863,0.1439126306844285,0.1439126306844285,0.0,0.21930231120591664,1.0,0.0,0.0
1772443977.8343654,1864,0.1384088160914368,0.1384088160914368,0.0,0.23545744239335104,1.0,0.0,0.0
1772443977.847244,1865,0.1321578989749437,0.1321578989749437,0.0,0.1000384566351539,1.0,0.0,0.0
1772443977.8597066,1866,0.12691591980098074,0.12691591980098074,0.0,0.20392864205169098,1.0,0.0,0.0
1772443977.871846,1867,0.12132785545337599,0.12132785545337599,0.0,0.11797452037577899,1.0,0.0,0.0
1772443977.884605,1868,0.14017663904463054,0.14017663904463054,0.0,0.7133162975819691,1.0,0.0,0.0
1772443977.897023,1869,0.13431792682784022,0.13431792682784022,0.0,0.17873058961831617,1.0,0.0,0.0
1772443977.9093993,1870,0.1381694875915113,0.1381694875915113,0.0,0.5261696795896227,1.0,0.0,0.0
1772443977.9215503,1871,0.13367381207741302,0.13367381207741302,0.0,0.28831765532403303,1.0,0.0,0.0
1772443977.9343486,1872,0.13521374597297073,0.13521374597297073,0.0,0.4820971497442482,1.0,0.0,0.0
1772443977.9468522,1873,0.12941669661183816,0.12941669661183816,0.0,0.1529140365397887,1.0,0.0,0.0
1772443977.9594827,1874,0.12789259268451708,0.12789259268451708,0.0,0.3986973410623616,1.0,0.0,0.0
1772443977.9715686,1875,0.12256614350638292,0.12256614350638292,0.0,0.16793268590860105,1.0,0.0,0.0
1772443977.984489,1876,0.11985833440493557,0.11985833440493557,0.0,0.34123222922519986,1.0,0.0,0.0
1772443977.9968655,1877,0.128156628485389,0.128156628485389,0.0,0.5834639806341472,1.0,0.0,0.0
1772443978.0094018,1878,0.15892970418902927,0.15892970418902927,0.0,0.866408527155741,1.0,0.0,0.0
1772443978.0216205,1879,0.1566290630559719,0.1566290630559719,0.0,0.41981618586074976,1.0,0.0,0.0
1772443978.034476,1880,0.15449210049099033,0.15449210049099033,0.0,0.4211985869420124,1.0,0.0,0.0
1772443978.0467668,1881,0.15172943284162088,0.15172943284162088,0.0,0.39918404227823057,1.0,0.0,0.0
1772443978.0593936,1882,0.14928135632788708,0.14928135632788708,0.0,0.40473692790092747,1.0,0.0,0.0
1772443978.071595,1883,0.14562374504869574,0.14562374504869574,0.0,0.3576940967453827,1.0,0.0,0.0
1772443978.0844116,1884,0.1464081459353214,0.1464081459353214,0.0,0.47878569406637256,1.0,0.0,0.0
1772443978.0969343,1885,0.15134746684862138,0.15134746684862138,0.0,0.5536560028386313,1.0,0.0,0.0
1772443978.1093705,1886,0.16295399881776734,0.16295399881776734,0.0,0.6464555278343245,1.0,0.0,0.0
1772443978.1215801,1887,0.16351266808040263,0.16351266808040263,0.0,0.49190665429993014,1.0,0.0,0.0
1772443978.1344507,1888,0.18031354179129813,0.18031354179129813,0.0,0.7140172240914329,1.0,0.0,0.0
1772443978.1468925,1889,0.17485466534636984,0.17485466534636984,0.0,0.34723305696818707,1.0,0.0,0.0
1772443978.1594617,1890,0.16918388708097523,0.16918388708097523,0.0,0.32481409946535506,1.0,0.0,0.0
1772443978.1716247,1891,0.16261092657775503,0.16261092657775503,0.0,0.25157340497839575,1.0,0.0,0.0
1772443978.1844003,1892,0.15508570122578894,0.15508570122578894,0.0,0.08545155320274872,1.0,0.0,0.0
1772443978.1969438,1893,0.1489039699952683,0.1489039699952683,0.0,0.22466203128547582,1.0,0.0,0.0
1772443978.2098126,1894,0.14318369071682852,0.14318369071682852,0.0,0.23832353136471573,1.0,0.0,0.0
1772443978.2218337,1895,0.13671433442270975,0.13671433442270975,0.0,0.1043652827312066,1.0,0.0,0.0
1772443978.2345712,1896,0.1304584718424167,0.1304584718424167,0.0,0.07923759423568215,1.0,0.0,0.0
1772443978.247043,1897,0.124974503883636,0.124974503883636,0.0,0.16388443441451103,1.0,0.0,0.0
1772443978.2595963,1898,0.12036886019207355,0.12036886019207355,0.0,0.23113773430794285,1.0,0.0,0.0
1772443978.2715664,1899,0.11563069312005356,0.11563069312005356,0.0,0.1944273816133526,1.0,0.0,0.0
1772443978.2846048,1900,0.11075417170662641,0.11075417170662641,0.0,0.14377676720048044,1.0,0.0,0.0
1772443978.2970886,1901,0.10812245805197064,0.10812245805197064,0.0,0.3163757298139174,1.0,0.0,0.0
1772443978.3097727,1902,0.10341211132382139,0.10341211132382139,0.0,0.10560899826333853,1.0,0.0,0.0
1772443978.3218207,1903,0.0992027398003841,0.0992027398003841,0.0,0.15255021626804768,1.0,0.0,0.0
1772443978.334399,1904,0.0949122336578325,0.0949122336578325,0.0,0.1000616298695891,1.0,0.0,0.0
1772443978.3470535,1905,0.09064702483710527,0.09064702483710527,0.0,0.0520716108689834,1.0,0.0,0.0
1772443978.3601308,1906,0.08713118370151371,0.08713118370151371,0.0,0.16069885655212177,1.0,0.0,0.0
1772443978.3718576,1907,0.08813818610344555,0.08813818610344555,0.0,0.41158252848141225,1.0,0.0,0.0
1772443978.3844392,1908,0.08810495714084078,0.08810495714084078,0.0,0.3793028718344056,1.0,0.0,0.0
1772443978.3970017,1909,0.08507437862261402,0.08507437862261402,0.0,0.20486694559875096,1.0,0.0,0.0
1772443978.4095953,1910,0.08186104444804417,0.08186104444804417,0.0,0.1640849747691261,1.0,0.0,0.0
1772443978.4216475,1911,0.0787159753129747,0.0787159753129747,0.0,0.15052858257959081,1.0,0.0,0.0
1772443978.434499,1912,0.0755204066111859,0.0755204066111859,0.0,0.11458543338903471,1.0,0.0,0.0
1772443978.4470363,1913,0.07279689744348841,0.07279689744348841,0.0,0.16577583221017314,1.0,0.0,0.0
1772443978.4594703,1914,0.06970426163583276,0.06970426163583276,0.0,0.07086530806340773,1.0,0.0,0.0
1772443978.4716864,1915,0.06670760811972953,0.06670760811972953,0.0,0.05450033688772271,1.0,0.0,0.0
1772443978.4843373,1916,0.06438143180090707,0.06438143180090707,0.0,0.15964707796117703,1.0,0.0,0.0
1772443978.4968004,1917,0.0637522692989439,0.0637522692989439,0.0,0.29896966849831846,1.0,0.0,0.0
1772443978.5093415,1918,0.0611767862548299,0.0611767862548299,0.0,0.0870693211143204,1.0,0.0,0.0
1772443978.5214856,1919,0.06076324434071181,0.06076324434071181,0.0,0.3021596237955548,1.0,0.0,0.0
1772443978.5343568,1920,0.05891155142116558,0.05891155142116558,0.0,0.18328205387156424,1.0,0.0,0.0
1772443978.5468378,1921,0.056585988742382874,0.056585988742382874,0.0,0.08892043374800294,1.0,0.0,0.0
1772443978.5595005,1922,0.05566106568285215,0.05566106568285215,0.0,0.25299477230673595,1.0,0.0,0.0
1772443978.5714922,1923,0.05362464868246303,0.05362464868246303,0.0,0.11583503155378012,1.0,0.0,0.0
1772443978.5843136,1924,0.051502122197005236,0.051502122197005236,0.0,0.07386886253937804,1.0,0.0,0.0
1772443978.5968769,1925,0.04961284801196737,0.04961284801196737,0.0,0.10352369807266205,1.0,0.0,0.0
1772443978.6093993,1926,0.047696799000599796,0.047696799000599796,0.0,0.07538337536112578,1.0,0.0,0.0
1772443978.6215856,1927,0.045750598932491546,0.045750598932491546,0.0,0.0389588546671331,1.0,0.0,0.0
1772443978.634324,1928,0.044016582468671406,0.044016582468671406,0.0,0.07251997538883738,1.0,0.0,0.0
1772443978.6468747,1929,0.04238024633004504,0.04238024633004504,0.0,0.07535767796670596,1.0,0.0,0.0
1772443978.6594183,1930,0.041425655747452494,0.041425655747452494,0.0,0.18053792685614925,1.0,0.0,0.0
1772443978.671481,1931,0.040026214026744195,0.040026214026744195,0.0,0.1005387760742883,1.0,0.0,0.0
1772443978.6843576,1932,0.03871008110106843,0.03871008110106843,0.0,0.10338548037469664,1.0,0.0,0.0
1772443978.6968818,1933,0.03749337208277712,0.03749337208277712,0.0,0.11032545724551095,1.0,0.0,0.0
1772443978.7094512,1934,0.03628550577197527,0.03628550577197527,0.0,0.09944872504332461,1.0,0.0,0.0
1772443978.7215455,1935,0.03513260464947726,0.03513260464947726,0.0,0.09826531451795668,1.0,0.0,0.0
1772443978.7343388,1936,0.034182326507342126,0.034182326507342126,0.0,0.12700009959310313,1.0,0.0,0.0
1772443978.7468927,1937,0.03332596740636354,0.03332596740636354,0.0,0.1351284096127366,1.0,0.0,0.0
1772443978.7594023,1938,0.03252181004284778,0.03252181004284778,0.0,0.1367191089527248,1.0,0.0,0.0
1772443978.771562,1939,0.031335848087515134,0.031335848087515134,0.0,0.039447156300883066,1.0,0.0,0.0
1772443978.7844512,1940,0.030416015506076748,0.030416015506076748,0.0,0.09507564967727157,1.0,0.0,0.0
1772443978.796808,1941,0.02935368914830921,0.02935368914830921,0.0,0.045333999516108094,1.0,0.0,0.0
1772443978.8092997,1942,0.029690894348577336,0.029690894348577336,0.0,0.2450345553869308,1.0,0.0,0.0
1772443978.8215716,1943,0.028723300272713526,0.028723300272713526,0.0,0.06265170662596178,1.0,0.0,0.0
1772443978.834428,1944,0.029928311226506063,0.029928311226506063,0.0,0.30192444290168774,1.0,0.0,0.0
1772443978.8470597,1945,0.0291285127386347,0.0291285127386347,0.0,0.10578398435011646,1.0,0.0,0.0
1772443978.8594685,1946,0.029486994751022132,0.029486994751022132,0.0,0.24585498551676854,1.0,0.0,0.0
1772443978.8714721,1947,0.03566209527842115,0.03566209527842115,0.0,0.4698074832421286,1.0,0.0,0.0
1772443978.884399,1948,0.03473726158329008,0.03473726158329008,0.0,0.13606516447734246,1.0,0.0,0.0
1772443978.8968275,1949,0.04650376647970808,0.04650376647970808,0.0,0.5722455929964158,1.0,0.0,0.0
1772443978.9095852,1950,0.057439356162007224,0.057439356162007224,0.0,0.5687093932355367,1.0,0.0,0.0
1772443978.9214983,1951,0.08492526462311491,0.08492526462311491,0.0,0.7764827954944044,1.0,0.0,0.0
1772443978.9343536,1952,0.09387458342194577,0.09387458342194577,0.0,0.56775202676708,1.0,0.0,0.0
1772443978.9468017,1953,0.11953983588478298,0.11953983588478298,0.0,0.7764960365329758,1.0,0.0,0.0
1772443978.959416,1954,0.157602697989438,0.157602697989438,0.0,1.0,1.0,0.0,0.0
1772443978.9715338,1955,0.19376241698886026,0.19376241698886026,0.0,1.0,1.0,0.0,0.0
1772443978.984212,1956,0.2169029272182959,0.2169029272182959,0.0,0.8068653763076645,1.0,0.0,0.0
1772443978.9968746,1957,0.22747908912869547,0.22747908912869547,0.0,0.6731035349365628,1.0,0.0,0.0
1772443979.0095036,1958,0.2436700984347659,0.2436700984347659,0.0,0.7437030975389741,1.0,0.0,0.0
1772443979.021644,1959,0.26331799279968704,0.26331799279968704,0.0,0.7943940475658152,1.0,0.0,0.0
1772443979.0343685,1960,0.2918864242769744,0.2918864242769744,0.0,0.9456019172464052,1.0,0.0,0.0
1772443979.046841,1961,0.3048570668256309,0.3048570668256309,0.0,0.7437030975389741,1.0,0.0,0.0
1772443979.0594618,1962,0.29631098289071084,0.29631098289071084,0.0,0.4476282843112149,1.0,0.0,0.0
1772443979.0715272,1963,0.3133268330328348,0.3133268330328348,0.0,0.7943940475658152,1.0,0.0,0.0
1772443979.084422,1964,0.3094891724953002,0.3094891724953002,0.0,0.5469203951599914,1.0,0.0,0.0
1772443979.0968037,1965,0.3380545677694293,0.3380545677694293,0.0,1.0,1.0,0.0,0.0
1772443979.1093957,1966,0.365191693279852,0.365191693279852,0.0,1.0,1.0,0.0,0.0
1772443979.1214907,1967,0.35876019220517696,0.35876019220517696,0.0,0.546910942327275,1.0,0.0,0.0
1772443979.1344402,1968,0.37265358188157754,0.37265358188157754,0.0,0.7943940475658148,1.0,0.0,0.0
1772443979.1467838,1969,0.36500055113567687,0.36500055113567687,0.0,0.5331371516778277,1.0,0.0,0.0
1772443979.1594238,1970,0.3785819228655525,0.3785819228655525,0.0,0.7943940475658147,1.0,0.0,0.0
1772443979.171681,1971,0.39148422600893434,0.39148422600893434,0.0,0.7943940475658153,1.0,0.0,0.0
1772443979.184401,1972,0.392463018655258,0.392463018655258,0.0,0.6629164577729743,1.0,0.0,0.0
1772443979.196787,1973,0.41687972162138925,0.41687972162138925,0.0,1.0,1.0,0.0,0.0
1772443979.2093365,1974,0.44007558943921393,0.44007558943921393,0.0,1.0,1.0,0.0,0.0
1772443979.2215252,1975,0.4484296862364613,0.4484296862364613,0.0,0.7764827954944046,1.0,0.0,0.0
1772443979.2342927,1976,0.4700480558235324,0.4700480558235324,0.0,1.0,1.0,0.0,0.0
1772443979.2467935,1977,0.49058550693124986,0.49058550693124986,0.0,1.0,1.0,0.0,0.0
1772443979.2593584,1978,0.5100960854835815,0.5100960854835815,0.0,1.0,1.0,0.0,0.0
1772443979.2715278,1979,0.5286311351082966,0.5286311351082966,0.0,1.0,1.0,0.0,0.0
1772443979.2842274,1980,0.546239432251776,0.546239432251776,0.0,1.0,1.0,0.0,0.0
1772443979.2966716,1981,0.5629673145380814,0.5629673145380814,0.0,1.0,1.0,0.0,0.0
1772443979.3090718,1982,0.5435261337840737,0.5435261337840737,0.0,0.4919228613194169,1.0,0.0,0.0
1772443979.3215237,1983,0.5580841582121417,0.5580841582121417,0.0,0.9456019172464052,1.0,0.0,0.0
1772443979.3342605,1984,0.5719142814188064,0.5719142814188064,0.0,0.9456019172464052,1.0,0.0,0.0
1772443979.3469195,1985,0.5828393020306148,0.5828393020306148,0.0,0.9039181271053668,1.0,0.0,0.0
1772443979.3595006,1986,0.5954316680463558,0.5954316680463558,0.0,0.9456019172464052,1.0,0.0,0.0
1772443979.3716512,1987,0.5958405031417907,0.5958405031417907,0.0,0.7743604151730443,1.0,0.0,0.0
1772443979.3842947,1988,0.6077828091019729,0.6077828091019729,0.0,0.9456019172464052,1.0,0.0,0.0
1772443979.3968697,1989,0.6088042676505029,0.6088042676505029,0.0,0.7892219720642143,1.0,0.0,0.0
1772443979.4094822,1990,0.6072152531622405,0.6072152531622405,0.0,0.7586526185199916,1.0,0.0,0.0
1772443979.4215786,1991,0.6070349090018811,0.6070349090018811,0.0,0.7743604151730442,1.0,0.0,0.0
1772443979.4344814,1992,0.5823367001062433,0.5823367001062433,0.0,0.4200354749332862,1.0,0.0,0.0
1772443979.446952,1993,0.5949541962182029,0.5949541962182029,0.0,0.9456019172464052,1.0,0.0,0.0
1772443979.4597347,1994,0.5710741154944872,0.5710741154944872,0.0,0.42603672876995174,1.0,0.0,0.0
1772443979.4716542,1995,0.581865002792001,0.581865002792001,0.0,0.9008987290442075,1.0,0.0,0.0
1772443979.4843888,1996,0.5582397311081806,0.5582397311081806,0.0,0.41467149473439574,1.0,0.0,0.0
1772443979.496949,1997,0.5357957230085512,0.5357957230085512,0.0,0.41467149473439574,1.0,0.0,0.0
1772443979.5097392,1998,0.5389883368036115,0.5389883368036115,0.0,0.7719998073881311,1.0,0.0,0.0
1772443979.5226429,1999,0.5539901895941642,0.5539901895941642,0.0,0.9501420481286321,1.0,0.0,0.0
1772443979.5360699,2000,0.5703305340133502,0.5703305340133502,0.0,1.0,1.0,0.0,0.0
1772443979.5474043,2001,0.5858538612115769,0.5858538612115769,0.0,1.0,1.0,0.0,0.0
1772443979.5592794,2002,0.5613481532144479,0.5613481532144479,0.0,0.3935022576726232,1.0,0.0,0.0
1772443979.5718079,2003,0.5773205994526196,0.5773205994526196,0.0,1.0,1.0,0.0,0.0
1772443979.5848856,2004,0.5904057963978621,0.5904057963978621,0.0,0.9501411445682146,1.0,0.0,0.0
1772443979.597164,2005,0.5703214407756415,0.5703214407756415,0.0,0.5059489417209835,1.0,0.0,0.0
1772443979.610391,2006,0.5858452226357536,0.5858452226357536,0.0,1.0,1.0,0.0,0.0
1772443979.622016,2007,0.5598085534968965,0.5598085534968965,0.0,0.3336684996048208,1.0,0.0,0.0
1772443979.634526,2008,0.5758579797209459,0.5758579797209459,0.0,1.0,1.0,0.0,0.0
1772443979.6471488,2009,0.5513040300735921,0.5513040300735921,0.0,0.3744117334278957,1.0,0.0,0.0
1772443979.6595914,2010,0.527977777908606,0.527977777908606,0.0,0.3744117334278957,1.0,0.0,0.0
1772443979.6721132,2011,0.5058178383518692,0.5058178383518692,0.0,0.3744117334278957,1.0,0.0,0.0
1772443979.684948,2012,0.5100943840711091,0.5100943840711091,0.0,0.767077693343198,1.0,0.0,0.0
1772443979.697248,2013,0.48924201265653,0.48924201265653,0.0,0.38900194117761466,1.0,0.0,0.0
1772443979.7106135,2014,0.4997786594815878,0.4997786594815878,0.0,0.835311224786813,1.0,0.0,0.0
1772443979.7221334,2015,0.5041587248948772,0.5041587248948772,0.0,0.7647349663145239,1.0,0.0,0.0
1772443979.734684,2016,0.4827177372036287,0.4827177372036287,0.0,0.35608147569636767,1.0,0.0,0.0
1772443979.747133,2017,0.46530735182066535,0.46530735182066535,0.0,0.4483347112809026,1.0,0.0,0.0
1772443979.7596817,2018,0.447739291773513,0.447739291773513,0.0,0.42127832136081533,1.0,0.0,0.0
1772443979.7721677,2019,0.4303042322328915,0.4303042322328915,0.0,0.39886309499848815,1.0,0.0,0.0
1772443979.7845185,2020,0.4137672095139906,0.4137672095139906,0.0,0.3997027264452375,1.0,0.0,0.0
1772443979.7972162,2021,0.3938718567436551,0.3938718567436551,0.0,0.12457741801743409,1.0,0.0,0.0
1772443979.8102,2022,0.3747954620959563,0.3747954620959563,0.0,0.08826181228238039,1.0,0.0,0.0
1772443979.8222685,2023,0.3567918963107203,0.3567918963107203,0.0,0.11379530020473151,1.0,0.0,0.0
1772443979.8363512,2024,0.34099039728559033,0.34099039728559033,0.0,0.2630869860524066,1.0,0.0,0.0
1772443979.847368,2025,0.32573752983118764,0.32573752983118764,0.0,0.24435667005224573,1.0,0.0,0.0
1772443979.8597147,2026,0.3160597116268818,0.3160597116268818,0.0,0.4454557818284485,1.0,0.0,0.0
1772443979.8718743,2027,0.3017210311127695,0.3017210311127695,0.0,0.21415446683545894,1.0,0.0,0.0
1772443979.8844295,2028,0.2905376288363407,0.2905376288363407,0.0,0.36155716351715067,1.0,0.0,0.0
1772443979.8969293,2029,0.2822273056555369,0.2822273056555369,0.0,0.43542295942078807,1.0,0.0,0.0
1772443979.9094996,2030,0.2748756068545072,0.2748756068545072,0.0,0.4491714065555371,1.0,0.0,0.0
1772443979.9220176,2031,0.2647331877311335,0.2647331877311335,0.0,0.3491488240432429,1.0,0.0,0.0
1772443979.9344764,2032,0.28068787722006094,0.28068787722006094,0.0,0.762643367757862,1.0,0.0,0.0
1772443979.9475048,2033,0.27699671270294723,0.27699671270294723,0.0,0.5222957774165621,1.0,0.0,0.0
1772443979.9596019,2034,0.2697557461937702,0.2697557461937702,0.0,0.44545107020226515,1.0,0.0,0.0
1772443979.9721096,2035,0.2646003782782712,0.2646003782782712,0.0,0.4843472106507515,1.0,0.0,0.0
1772443979.9844913,2036,0.2805622954660757,0.2805622954660757,0.0,0.7626502730344857,1.0,0.0,0.0
1772443979.9970076,2037,0.29650570968771517,0.29650570968771517,0.0,0.7718704408604422,1.0,0.0,0.0
1772443980.0095372,2038,0.28371848625735907,0.28371848625735907,0.0,0.26308452084859335,1.0,0.0,0.0
1772443980.022121,2039,0.29872449804620915,0.29872449804620915,0.0,0.7626502730344857,1.0,0.0,0.0
1772443980.0348928,2040,0.290397142269869,0.290397142269869,0.0,0.44545107020226515,1.0,0.0,0.0
1772443980.0475125,2041,0.28248615428234586,0.28248615428234586,0.0,0.44545107020226515,1.0,0.0,0.0
1772443980.0595648,2042,0.2749709048554821,0.2749709048554821,0.0,0.4454557818284486,1.0,0.0,0.0
1772443980.0720787,2043,0.26323451887927507,0.26323451887927507,0.0,0.2611801066677442,1.0,0.0,0.0
1772443980.0845168,2044,0.2526373154329188,0.2526373154329188,0.0,0.2974859830377963,1.0,0.0,0.0
1772443980.096978,2045,0.24661431878724316,0.24661431878724316,0.0,0.4454510702022655,1.0,0.0,0.0
1772443980.1095347,2046,0.23573150138502272,0.23573150138502272,0.0,0.21249653459503373,1.0,0.0,0.0
1772443980.122162,2047,0.22909450314153293,0.22909450314153293,0.0,0.4050830739658731,1.0,0.0,0.0
1772443980.1345685,2048,0.2314895514278832,0.2314895514278832,0.0,0.5772265227019983,1.0,0.0,0.0
1772443980.147553,2049,0.22526775747737068,0.22526775747737068,0.0,0.41125769207110074,1.0,0.0,0.0
1772443980.1595347,2050,0.21880897490282156,0.21880897490282156,0.0,0.3940828144017089,1.0,0.0,0.0
1772443980.1720707,2051,0.21150659497317925,0.21150659497317925,0.0,0.35071061739956405,1.0,0.0,0.0
1772443980.184481,2052,0.2038612366611953,0.2038612366611953,0.0,0.31762231602385366,1.0,0.0,0.0
1772443980.197018,2053,0.19709029346591994,0.19709029346591994,0.0,0.3413048663478099,1.0,0.0,0.0
1772443980.2095275,2054,0.18792643072905105,0.18792643072905105,0.0,0.1045381469952811,1.0,0.0,0.0
1772443980.222069,2055,0.1797816014766545,0.1797816014766545,0.0,0.19109458292765522,1.0,0.0,0.0
1772443980.234682,2056,0.17139483019636753,0.17139483019636753,0.0,0.08473018493055025,1.0,0.0,0.0
1772443980.2472594,2057,0.16364103621352954,0.16364103621352954,0.0,0.12871790493083776,1.0,0.0,0.0
1772443980.260411,2058,0.15602919173137308,0.15602919173137308,0.0,0.076813059576174,1.0,0.0,0.0
1772443980.2719727,2059,0.14882151118190096,0.14882151118190096,0.0,0.0826679475808709,1.0,0.0,0.0
1772443980.2845747,2060,0.14194492558588195,0.14194492558588195,0.0,0.07535690451822441,1.0,0.0,0.0
1772443980.297085,2061,0.13536812818794827,0.13536812818794827,0.0,0.06362527401424752,1.0,0.0,0.0
1772443980.3095293,2062,0.1293327889406195,0.1293327889406195,0.0,0.11317556035695255,1.0,0.0,0.0
1772443980.3220248,2063,0.12328329291283123,0.12328329291283123,0.0,0.03171852488431667,1.0,0.0,0.0
1772443980.3342438,2064,0.11753459540728284,0.11753459540728284,0.0,0.031138471339059393,1.0,0.0,0.0
1772443980.3474422,2065,0.11223780450127857,0.11223780450127857,0.0,0.07925871072917165,1.0,0.0,0.0
1772443980.3603756,2066,0.10723661394678205,0.10723661394678205,0.0,0.08673088765709691,1.0,0.0,0.0
1772443980.3726156,2067,0.10239691415332423,0.10239691415332423,0.0,0.06409108150681152,1.0,0.0,0.0
1772443980.384986,2068,0.09921990401833558,0.09921990401833558,0.0,0.2559653304912814,1.0,0.0,0.0
1772443980.397697,2069,0.09508365486200503,0.09508365486200503,0.0,0.1302756723770675,1.0,0.0,0.0
1772443980.4106798,2070,0.0924353737804804,0.0924353737804804,0.0,0.26796448990756794,1.0,0.0,0.0
1772443980.422955,2071,0.08855772948962778,0.08855772948962778,0.0,0.11534632595076638,1.0,0.0,0.0
1772443980.435267,2072,0.08477434241405138,0.08477434241405138,0.0,0.09452419858002384,1.0,0.0,0.0
1772443980.4474573,2073,0.08111658940349571,0.08111658940349571,0.0,0.079514001648642,1.0,0.0,0.0
1772443980.460224,2074,0.07766529952471901,0.07766529952471901,0.0,0.08526476542492759,1.0,0.0,0.0
1772443980.472021,2075,0.07438208804556895,0.07438208804556895,0.0,0.08418774183040152,1.0,0.0,0.0
1772443980.484622,2076,0.07115479308022199,0.07115479308022199,0.0,0.05545684533769783,1.0,0.0,0.0
1772443980.4978323,2077,0.06845429401937196,0.06845429401937196,0.0,0.13589054564644837,1.0,0.0,0.0
1772443980.510203,2078,0.06557396823735685,0.06557396823735685,0.0,0.06958743812426167,1.0,0.0,0.0
1772443980.521871,2079,0.06267201313492417,0.06267201313492417,0.0,0.017049884429292242,1.0,0.0,0.0
1772443980.5347352,2080,0.06015609192941924,0.06015609192941924,0.0,0.08837455429843422,1.0,0.0,0.0
1772443980.5472417,2081,0.05767801177057031,0.05767801177057031,0.0,0.06617566683175563,1.0,0.0,0.0
1772443980.560052,2082,0.056895047286579584,0.056895047286579584,0.0,0.26761243544829,1.0,0.0,0.0
1772443980.5719585,2083,0.05454656092309826,0.05454656092309826,0.0,0.056758384995035736,1.0,0.0,0.0
1772443980.584613,2084,0.052352001494460274,0.052352001494460274,0.0,0.06700306848065124,1.0,0.0,0.0
1772443980.5977268,2085,0.051289076827532566,0.051289076827532566,0.0,0.22297584983409097,1.0,0.0,0.0
1772443980.6098113,2086,0.04948276861708825,0.04948276861708825,0.0,0.11805375043277927,1.0,0.0,0.0
1772443980.6216018,2087,0.04840667529836643,0.04840667529836643,0.0,0.20734445117340042,1.0,0.0,0.0
1772443980.63433,2088,0.04693922386941001,0.04693922386941001,0.0,0.15127924699980175,1.0,0.0,0.0
1772443980.646819,2089,0.045214182265403864,0.045214182265403864,0.0,0.08936413123925634,1.0,0.0,0.0
1772443980.6593328,2090,0.05997345787657147,0.05997345787657147,0.0,0.6197837779043356,1.0,0.0,0.0
1772443980.6715732,2091,0.0589866866983401,0.0589866866983401,0.0,0.26116105345474916,1.0,0.0,0.0
1772443980.6843107,2092,0.057084528696478204,0.057084528696478204,0.0,0.16503432615894578,1.0,0.0,0.0
1772443980.696786,2093,0.05490408689274334,0.05490408689274334,0.0,0.10095707868567891,1.0,0.0,0.0
1772443980.7093632,2094,0.05283254686662211,0.05283254686662211,0.0,0.10093121905419541,1.0,0.0,0.0
1772443980.7214608,2095,0.05127906019801325,0.05127906019801325,0.0,0.1706357925184199,1.0,0.0,0.0
1772443980.7343674,2096,0.04919014618780876,0.04919014618780876,0.0,0.050452117313750454,1.0,0.0,0.0
1772443980.7467594,2097,0.0481902764015595,0.0481902764015595,0.0,0.21368463788759806,1.0,0.0,0.0
1772443980.759379,2098,0.0481756404948088,0.0481756404948088,0.0,0.28719884165804316,1.0,0.0,0.0
1772443980.7715611,2099,0.04652448092084158,0.04652448092084158,0.0,0.1179536159224568,1.0,0.0,0.0
1772443980.7843068,2100,0.04533975165230951,0.04533975165230951,0.0,0.1776300199394563,1.0,0.0,0.0
1772443980.7968397,2101,0.04418516257191215,0.04418516257191215,0.0,0.17385638295792735,1.0,0.0,0.0
1772443980.8093884,2102,0.05545276425778144,0.05545276425778144,0.0,0.5718611556431689,1.0,0.0,0.0
1772443980.8215485,2103,0.05391958499870341,0.05391958499870341,0.0,0.18967907945255547,1.0,0.0,0.0
1772443980.8345418,2104,0.05228141026956039,0.05228141026956039,0.0,0.16650794796730417,1.0,0.0,0.0
1772443980.8471508,2105,0.051801578318582016,0.051801578318582016,0.0,0.26995849736771127,1.0,0.0,0.0
1772443980.8595033,2106,0.05075083877803562,0.05075083877803562,0.0,0.2215144285285108,1.0,0.0,0.0
1772443980.8715994,2107,0.050505279242313045,0.050505279242313045,0.0,0.28061680768092095,1.0,0.0,0.0
1772443980.884478,2108,0.05314284858025977,0.05314284858025977,0.0,0.40549258694843876,1.0,0.0,0.0
1772443980.8968413,2109,0.051175082883055306,0.051175082883055306,0.0,0.10427044045946718,1.0,0.0,0.0
1772443980.909408,2110,0.049249926031454935,0.049249926031454935,0.0,0.09205545753021119,1.0,0.0,0.0
1772443980.9215574,2111,0.047227978995068864,0.047227978995068864,0.0,0.03958486078814278,1.0,0.0,0.0
1772443980.934302,2112,0.04543487222670602,0.04543487222670602,0.0,0.07632690490977055,1.0,0.0,0.0
1772443980.946821,2113,0.043709310919797975,0.043709310919797975,0.0,0.07059403909874902,1.0,0.0,0.0
1772443980.959462,2114,0.04207646010593584,0.04207646010593584,0.0,0.0722852303460164,1.0,0.0,0.0
1772443980.9716368,2115,0.040728501318254555,0.040728501318254555,0.0,0.11761659780247692,1.0,0.0,0.0
1772443980.9844232,2116,0.03944878386760294,0.03944878386760294,0.0,0.11777835647673461,1.0,0.0,0.0
1772443980.996851,2117,0.03821701141169156,0.03821701141169156,0.0,0.11467094865847395,1.0,0.0,0.0
1772443981.0093877,2118,0.038324389966777776,0.038324389966777776,0.0,0.26162847016122986,1.0,0.0,0.0
1772443981.0215542,2119,0.03734761831890014,0.03734761831890014,0.0,0.14921167674697552,1.0,0.0,0.0
1772443981.0342994,2120,0.03882634031249181,0.03882634031249181,0.0,0.3378628421941525,1.0,0.0,0.0
1772443981.0467386,2121,0.03816915469927787,0.03816915469927787,0.0,0.1948682453502358,1.0,0.0,0.0
1772443981.0594544,2122,0.037509968065391405,0.037509968065391405,0.0,0.19083430185588865,1.0,0.0,0.0
1772443981.0716977,2123,0.038100798114507325,0.038100798114507325,0.0,0.29161317909272,1.0,0.0,0.0
1772443981.0846026,2124,0.03934206302871022,0.03934206302871022,0.0,0.3284569732946328,1.0,0.0,0.0
1772443981.097031,2125,0.03872236102070889,0.03872236102070889,0.0,0.2019246330721199,1.0,0.0,0.0
1772443981.1095607,2126,0.040050126410752104,0.040050126410752104,0.0,0.334057212340327,1.0,0.0,0.0
1772443981.121608,2127,0.039828395437357736,0.039828395437357736,0.0,0.24304158064147194,1.0,0.0,0.0
1772443981.134547,2128,0.04140624388913351,0.04140624388913351,0.0,0.3477712903784709,1.0,0.0,0.0
1772443981.1472278,2129,0.042076791035968786,0.042076791035968786,0.0,0.3075179158733153,1.0,0.0,0.0
1772443981.1598644,2130,0.04175566397742013,0.04175566397742013,0.0,0.24320263689744123,1.0,0.0,0.0
1772443981.1724176,2131,0.04062815801678904,0.04062815801678904,0.0,0.15240515933108198,1.0,0.0,0.0
1772443981.1849685,2132,0.03948334569826339,0.03948334569826339,0.0,0.14078595152141882,1.0,0.0,0.0
1772443981.1976478,2133,0.03834637959692261,0.03834637959692261,0.0,0.13245312991986682,1.0,0.0,0.0
1772443981.2101834,2134,0.05702582875914214,0.05702582875914214,0.0,0.6634327973909119,1.0,0.0,0.0
1772443981.2220442,2135,0.05468142162352004,0.05468142162352004,0.0,0.059813416422422876,1.0,0.0,0.0
1772443981.2353935,2136,0.05245366973338026,0.05245366973338026,0.0,0.05965242896443183,1.0,0.0,0.0
1772443981.2472258,2137,0.05537773550550572,0.05537773550550572,0.0,0.41696770645719017,1.0,0.0,0.0
1772443981.260359,2138,0.05315604277531944,0.05315604277531944,0.0,0.07086134357444195,1.0,0.0,0.0
1772443981.2721467,2139,0.05153210233762501,0.05153210233762501,0.0,0.16316743023730998,1.0,0.0,0.0
1772443981.2848585,2140,0.05419102663147299,0.05419102663147299,0.0,0.407721887245061,1.0,0.0,0.0
1772443981.297435,2141,0.053852451222105815,0.053852451222105815,0.0,0.28569418956584003,1.0,0.0,0.0
1772443981.3101845,2142,0.057023192655748185,0.057023192655748185,0.0,0.4259190447750858,1.0,0.0,0.0
1772443981.3218977,2143,0.05640416040708794,0.05640416040708794,0.0,0.27665740315944487,1.0,0.0,0.0
1772443981.334781,2144,0.08712703842254166,0.08712703842254166,0.0,0.8160121531552714,1.0,0.0,0.0
1772443981.3471613,2145,0.08704040990903376,0.08704040990903376,0.0,0.37554120905405897,1.0,0.0,0.0
1772443981.3601215,2146,0.08889457655587783,0.08889457655587783,0.0,0.43515059602608286,1.0,0.0,0.0
1772443981.371693,2147,0.09310559575467568,0.09310559575467568,0.0,0.4908986013283872,1.0,0.0,0.0
1772443981.384476,2148,0.13249016986583606,0.13249016986583606,0.0,1.0,1.0,0.0,0.0
1772443981.3971083,2149,0.1502496257618908,0.1502496257618908,0.0,0.7072438818095463,1.0,0.0,0.0
1772443981.4096637,2150,0.15114730556729633,0.15114730556729633,0.0,0.48594067834559285,1.0,0.0,0.0
1772443981.4218168,2151,0.14441624961366378,0.14441624961366378,0.0,0.13055073878354648,1.0,0.0,0.0
1772443981.4351032,2152,0.13792570040408852,0.13792570040408852,0.0,0.11261997177021481,1.0,0.0,0.0
1772443981.4470632,2153,0.1363628037135967,0.1363628037135967,0.0,0.4106800664742565,1.0,0.0,0.0
1772443981.4596195,2154,0.13045139548693777,0.13045139548693777,0.0,0.14405281205441206,1.0,0.0,0.0
1772443981.4719825,2155,0.12659330758792003,0.12659330758792003,0.0,0.3032498135745366,1.0,0.0,0.0
1772443981.484564,2156,0.12190085986768479,0.12190085986768479,0.0,0.23060967053615627,1.0,0.0,0.0
1772443981.4970794,2157,0.1199349758458718,0.1199349758458718,0.0,0.37032058627241016,1.0,0.0,0.0
1772443981.5095577,2158,0.11457454252238747,0.11457454252238747,0.0,0.09267487980227807,1.0,0.0,0.0
1772443981.5216846,2159,0.12491861627726689,0.12491861627726689,0.0,0.6075587757874812,1.0,0.0,0.0
1772443981.5344806,2160,0.11930733661065618,0.11930733661065618,0.0,0.09229592238600713,1.0,0.0,0.0
1772443981.54676,2161,0.11475529419924028,0.11475529419924028,0.0,0.20894219214476,1.0,0.0,0.0
1772443981.5593443,2162,0.13648685183865097,0.13648685183865097,0.0,0.7425988570509516,1.0,0.0,0.0
1772443981.571476,2163,0.13134514071006143,0.13134514071006143,0.0,0.23465254602136418,1.0,0.0,0.0
1772443981.5844085,2164,0.1268821936586591,0.1268821936586591,0.0,0.26785172761320303,1.0,0.0,0.0
1772443981.5968785,2165,0.12172057800021245,0.12172057800021245,0.0,0.18279097293499846,1.0,0.0,0.0
1772443981.6093457,2166,0.11657829421200373,0.11657829421200373,0.0,0.14987616335461396,1.0,0.0,0.0
1772443981.6215212,2167,0.11252591474713297,0.11252591474713297,0.0,0.2426884647198678,1.0,0.0,0.0
1772443981.6343448,2168,0.10784435521008988,0.10784435521008988,0.0,0.15002899445741785,1.0,0.0,0.0
1772443981.6468694,2169,0.12304888302324522,0.12304888302324522,0.0,0.6634325312088595,1.0,0.0,0.0
1772443981.6594293,2170,0.11808511627792817,0.11808511627792817,0.0,0.18355413700801557,1.0,0.0,0.0
1772443981.6715236,2171,0.12529787722719332,0.12529787722719332,0.0,0.5665942987168084,1.0,0.0,0.0
1772443981.6843302,2172,0.1255468714502456,0.1255468714502456,0.0,0.4430707007312065,1.0,0.0,0.0
1772443981.696804,2173,0.12225958944542568,0.12225958944542568,0.0,0.32070499186130436,1.0,0.0,0.0
1772443981.7094648,2174,0.11769616202672552,0.11769616202672552,0.0,0.22248918680469454,1.0,0.0,0.0
1772443981.7215972,2175,0.15355014353815485,0.15355014353815485,0.0,0.945694255741367,1.0,0.0,0.0
1772443981.7345204,2176,0.14815632193138964,0.14815632193138964,0.0,0.2800738935708505,1.0,0.0,0.0
1772443981.7468843,2177,0.1824872718041874,0.1824872718041874,0.0,0.9456937659649919,1.0,0.0,0.0
1772443981.7594228,2178,0.17879093718659742,0.17879093718659742,0.0,0.4134958386307839,1.0,0.0,0.0
1772443981.7714844,2179,0.1892901518168185,0.1892901518168185,0.0,0.6496480852808613,1.0,0.0,0.0
1772443981.784436,2180,0.18535399933777136,0.18535399933777136,0.0,0.41643407579922176,1.0,0.0,0.0
1772443981.7968633,2181,0.18161326127500524,0.18161326127500524,0.0,0.41639359429678474,1.0,0.0,0.0
1772443981.8094287,2182,0.18074519507229658,0.18074519507229658,0.0,0.48186774918336805,1.0,0.0,0.0
1772443981.8215501,2183,0.20636920454291702,0.20636920454291702,0.0,0.8307488357000865,1.0,0.0,0.0
1772443981.834482,2184,0.23071196363611704,0.23071196363611704,0.0,0.8307481652413121,1.0,0.0,0.0
1772443981.8468442,2185,0.2538376346785464,0.2538376346785464,0.0,0.8307488357000862,1.0,0.0,0.0
1772443981.8594468,2186,0.2487348454023833,0.2487348454023833,0.0,0.4684723472811099,1.0,0.0,0.0
1772443981.8715107,2187,0.2416158466501992,0.2416158466501992,0.0,0.41021036950096046,1.0,0.0,0.0
1772443981.8845503,2188,0.23443972763997506,0.23443972763997506,0.0,0.39734426714791937,1.0,0.0,0.0
1772443981.896823,2189,0.2332092464624283,0.2332092464624283,0.0,0.5248643135250891,1.0,0.0,0.0
1772443981.9095268,2190,0.2270755865437878,0.2270755865437878,0.0,0.416388959252436,1.0,0.0,0.0
1772443981.921597,2191,0.22124876912072086,0.22124876912072086,0.0,0.4163935942967847,1.0,0.0,0.0
1772443981.9343722,2192,0.21750590130226863,0.21750590130226863,0.0,0.46240159768061156,1.0,0.0,0.0
1772443981.946896,2193,0.21234308117256948,0.21234308117256948,0.0,0.4217070474848465,1.0,0.0,0.0
1772443981.9594092,2194,0.24576578101283514,0.24576578101283514,0.0,1.0,1.0,0.0,0.0
1772443981.9715579,2195,0.2775173458610875,0.2775173458610875,0.0,1.0,1.0,0.0,0.0
1772443981.98417,2196,0.3053802681807987,0.3053802681807987,0.0,0.945694255741367,1.0,0.0,0.0
1772443981.9971068,2197,0.2950986346559074,0.2950986346559074,0.0,0.39999540015370544,1.0,0.0,0.0
1772443982.009563,2198,0.32438355682200615,0.32438355682200615,0.0,1.0,1.0,0.0,0.0
1772443982.0216465,2199,0.3151700981105066,0.3151700981105066,0.0,0.4550942471654084,1.0,0.0,0.0
1772443982.034586,2200,0.3243232073882491,0.3243232073882491,0.0,0.713275586457279,1.0,0.0,0.0
1772443982.0469544,2201,0.35214690091773077,0.35214690091773077,0.0,1.0,1.0,0.0,0.0
1772443982.0596302,2202,0.37857940977073834,0.37857940977073834,0.0,1.0,1.0,0.0,0.0
1772443982.0718293,2203,0.37304707467499826,0.37304707467499826,0.0,0.5706947742854331,1.0,0.0,0.0
1772443982.0844078,2204,0.3961290520585201,0.3961290520585201,0.0,0.9456019172464052,1.0,0.0,0.0
1772443982.09686,2205,0.42036245335448824,0.42036245335448824,0.0,1.0,1.0,0.0,0.0
1772443982.1094832,2206,0.423767063221096,0.423767063221096,0.0,0.7076871989212121,1.0,0.0,0.0
1772443982.1215575,2207,0.4466185639589353,0.4466185639589353,0.0,1.0,1.0,0.0,0.0
1772443982.1341577,2208,0.46832748965988263,0.46832748965988263,0.0,1.0,1.0,0.0,0.0
1772443982.146733,2209,0.4889509690757826,0.4889509690757826,0.0,1.0,1.0,0.0,0.0
1772443982.1595225,2210,0.4777460115861828,0.4777460115861828,0.0,0.5684426302524781,1.0,0.0,0.0
1772443982.1716297,2211,0.4823445570996218,0.4823445570996218,0.0,0.7543851851123619,1.0,0.0,0.0
1772443982.1843903,2212,0.4867130995320416,0.4867130995320416,0.0,0.7543843015886204,1.0,0.0,0.0
1772443982.1969006,2213,0.47926429752379407,0.47926429752379407,0.0,0.6180864276436255,1.0,0.0,0.0
1772443982.2095008,2214,0.4698880724909471,0.4698880724909471,0.0,0.5875786790930618,1.0,0.0,0.0
1772443982.221519,2215,0.4744610516127761,0.4744610516127761,0.0,0.749519034952061,1.0,0.0,0.0
1772443982.234435,2216,0.45696054006350284,0.45696054006350284,0.0,0.435579899968181,1.0,0.0,0.0
1772443982.2468839,2217,0.44242514542504746,0.44242514542504746,0.0,0.48393974013219954,1.0,0.0,0.0
1772443982.259621,2218,0.42360925394718435,0.42360925394718435,0.0,0.33598826958689915,1.0,0.0,0.0
1772443982.2716117,2219,0.4068682441668672,0.4068682441668672,0.0,0.3816412864994868,1.0,0.0,0.0
1772443982.2843585,2220,0.38992897455740294,0.38992897455740294,0.0,0.34049735159827915,1.0,0.0,0.0
1772443982.2970376,2221,0.37487191501738193,0.37487191501738193,0.0,0.38163903591764087,1.0,0.0,0.0
1772443982.3094893,2222,0.400168173165407,0.400168173165407,0.0,1.0,1.0,0.0,0.0
1772443982.3216708,2223,0.3845992174241787,0.3845992174241787,0.0,0.3816412864994866,1.0,0.0,0.0
1772443982.3345792,2224,0.3675557448864787,0.3675557448864787,0.0,0.27356978368053614,1.0,0.0,0.0
1772443982.346764,2225,0.3932178115410489,0.3932178115410489,0.0,1.0,1.0,0.0,0.0
1772443982.359631,2226,0.3755297963119135,0.3755297963119135,0.0,0.25824658540972456,1.0,0.0,0.0
1772443982.3718712,2227,0.3611927594133599,0.3611927594133599,0.0,0.3816412864994867,1.0,0.0,0.0
1772443982.3844888,2228,0.3438444349512533,0.3438444349512533,0.0,0.10880906030940053,1.0,0.0,0.0
1772443982.3969023,2229,0.33109166612073265,0.33109166612073265,0.0,0.38164128649948686,1.0,0.0,0.0
1772443982.4096115,2230,0.32303278273162267,0.32303278273162267,0.0,0.48768044357642293,1.0,0.0,0.0
1772443982.4217112,2231,0.34861542732886963,0.34861542732886963,0.0,0.945600936117377,1.0,0.0,0.0
1772443982.4346,2232,0.3356986608100138,0.3356986608100138,0.0,0.38425432465234494,1.0,0.0,0.0
1772443982.4468026,2233,0.3234277326171008,0.3234277326171008,0.0,0.38425432465234494,1.0,0.0,0.0
1772443982.4597301,2234,0.30880638434501906,0.30880638434501906,0.0,0.22253544737184353,1.0,0.0,0.0
1772443982.4716184,2235,0.29889824287110456,0.29889824287110456,0.0,0.4165451015802108,1.0,0.0,0.0
1772443982.484412,2236,0.28969169607076223,0.28969169607076223,0.0,0.4224365884814043,1.0,0.0,0.0
1772443982.4968865,2237,0.2773162569828216,0.2773162569828216,0.0,0.26819406267327733,1.0,0.0,0.0
1772443982.509569,2238,0.26825222933934983,0.26825222933934983,0.0,0.39399002517996584,1.0,0.0,0.0
1772443982.5216827,2239,0.25744920275881805,0.25744920275881805,0.0,0.3001101665547589,1.0,0.0,0.0
1772443982.534447,2240,0.2609842282209475,0.2609842282209475,0.0,0.6119192018985534,1.0,0.0,0.0
1772443982.5469272,2241,0.25834888507843023,0.25834888507843023,0.0,0.5235227938685122,1.0,0.0,0.0
1772443982.5596664,2242,0.2510280499380728,0.2510280499380728,0.0,0.41840643729563565,1.0,0.0,0.0
1772443982.5715704,2243,0.2527569161435152,0.2527569161435152,0.0,0.5833107914153417,1.0,0.0,0.0
1772443982.5844283,2244,0.24431776612769113,0.24431776612769113,0.0,0.37292305490164,1.0,0.0,0.0
1772443982.5972164,2245,0.23658852366783653,0.23658852366783653,0.0,0.38329994490255664,1.0,0.0,0.0
1772443982.609617,2246,0.26529739825457765,0.26529739825457765,0.0,0.9221421765298177,1.0,0.0,0.0
1772443982.6217792,2247,0.2552767881744521,0.2552767881744521,0.0,0.33313574241178723,1.0,0.0,0.0
1772443982.6344457,2248,0.27238059463206776,0.27238059463206776,0.0,0.7706353767334284,1.0,0.0,0.0
1772443982.6467698,2249,0.2886292196358899,0.2886292196358899,0.0,0.7706354820884813,1.0,0.0,0.0
1772443982.6596131,2250,0.2812634880010481,0.2812634880010481,0.0,0.4565122696979338,1.0,0.0,0.0
1772443982.6714742,2251,0.27248416709181034,0.27248416709181034,0.0,0.4091887147841161,1.0,0.0,0.0
1772443982.6843772,2252,0.293936501738649,0.293936501738649,0.0,0.8363711923221023,1.0,0.0,0.0
1772443982.6968377,2253,0.28253810974964144,0.28253810974964144,0.0,0.33566711718296116,1.0,0.0,0.0
1772443982.7093346,2254,0.2736951340167331,0.2736951340167331,0.0,0.4091910203220459,1.0,0.0,0.0
1772443982.721534,2255,0.3040502312147906,0.3040502312147906,0.0,1.0,1.0,0.0,0.0
1772443982.7342725,2256,0.2940480784455044,0.2940480784455044,0.0,0.40664678441606383,1.0,0.0,0.0
1772443982.7467737,2257,0.32217446646195674,0.32217446646195674,0.0,0.9695909223611242,1.0,0.0,0.0
1772443982.7594106,2258,0.3110356108466313,0.3110356108466313,0.0,0.39943733563170875,1.0,0.0,0.0
1772443982.771557,2259,0.33842856107853486,0.33842856107853486,0.0,0.9723056017931075,1.0,0.0,0.0
1772443982.7843635,2260,0.3262089477893019,0.3262089477893019,0.0,0.39066879766895335,1.0,0.0,0.0
1772443982.7967796,2261,0.3522303685888108,0.3522303685888108,0.0,0.958352453241946,1.0,0.0,0.0
1772443982.8093266,2262,0.3769507172672093,0.3769507172672093,0.0,0.9583524294519229,1.0,0.0,0.0
1772443982.8215652,2263,0.3939732121607172,0.3939732121607172,0.0,0.8473720184300657,1.0,0.0,0.0
1772443982.8343318,2264,0.4124036701441939,0.4124036701441939,0.0,0.8809842566742846,1.0,0.0,0.0
1772443982.846763,2265,0.4358233405358783,0.4358233405358783,0.0,1.0,1.0,0.0,0.0
1772443982.8594291,2266,0.4209453737843141,0.4209453737843141,0.0,0.4528879982920317,1.0,0.0,0.0
1772443982.8714747,2267,0.4439379589939925,0.4439379589939925,0.0,1.0,1.0,0.0,0.0
1772443982.8845282,2268,0.4259253954140018,0.4259253954140018,0.0,0.37238879469744335,1.0,0.0,0.0
1772443982.8969185,2269,0.4114434780804713,0.4114434780804713,0.0,0.45050326181463496,1.0,0.0,0.0
1772443982.9094229,2270,0.43491115807534186,0.43491115807534186,0.0,1.0,1.0,0.0,0.0
1772443982.9214604,2271,0.4224189694489276,0.4224189694489276,0.0,0.5025163681124813,1.0,0.0,0.0
1772443982.934373,2272,0.41612877057599873,0.41612877057599873,0.0,0.5909329383395909,1.0,0.0,0.0
1772443982.946847,2273,0.39928332616507256,0.39928332616507256,0.0,0.363858006069965,1.0,0.0,0.0
1772443982.9594197,2274,0.3987200052991796,0.3987200052991796,0.0,0.6491920378402166,1.0,0.0,0.0
1772443982.971528,2275,0.40619849662343993,0.40619849662343993,0.0,0.7419661834074384,1.0,0.0,0.0
1772443982.984372,2276,0.3980914601942217,0.3980914601942217,0.0,0.5527771415742871,1.0,0.0,0.0
1772443982.9969113,2277,0.42222674108340474,0.42222674108340474,0.0,1.0,1.0,0.0,0.0
1772443983.0096052,2278,0.4205161592167196,0.4205161592167196,0.0,0.6491909518824818,1.0,0.0,0.0
1772443983.0215514,2279,0.4068123745211326,0.4068123745211326,0.0,0.4624576674703903,1.0,0.0,0.0
1772443983.0344167,2280,0.42460087438658856,0.42460087438658856,0.0,0.8809842566742846,1.0,0.0,0.0
1772443983.046895,2281,0.44107585637078955,0.44107585637078955,0.0,0.874371829751,1.0,0.0,0.0
1772443983.059549,2282,0.4571567467712313,0.4571567467712313,0.0,0.8810720857770558,1.0,0.0,0.0
1772443983.0716221,2283,0.45371579585635513,0.45371579585635513,0.0,0.6493850155637914,1.0,0.0,0.0
1772443983.0844045,2284,0.46191495363632157,0.46191495363632157,0.0,0.7828275459682417,1.0,0.0,0.0
1772443983.096839,2285,0.45543080337058056,0.45543080337058056,0.0,0.614556068470181,1.0,0.0,0.0
1772443983.1094518,2286,0.47079400972338525,0.47079400972338525,0.0,0.8810730850707146,1.0,0.0,0.0
1772443983.1215281,2287,0.49129416313611013,0.49129416313611013,0.0,1.0,1.0,0.0,0.0
1772443983.1342561,2288,0.5107693088781988,0.5107693088781988,0.0,1.0,1.0,0.0,0.0
1772443983.1468198,2289,0.4892493587428076,0.4892493587428076,0.0,0.3660962427742133,1.0,0.0,0.0
1772443983.1594348,2290,0.5020734753753282,0.5020734753753282,0.0,0.8679965471298365,1.0,0.0,0.0
1772443983.1715887,2291,0.48548515718043556,0.48548515718043556,0.0,0.4880782466907646,1.0,0.0,0.0
1772443983.1847377,2292,0.4686045414272909,0.4686045414272909,0.0,0.4640881382208954,1.0,0.0,0.0
1772443983.197656,2293,0.4525680087647362,0.4525680087647362,0.0,0.4640893241641243,1.0,0.0,0.0
1772443983.2095418,2294,0.43733325043237653,0.43733325043237653,0.0,0.4640881382208954,1.0,0.0,0.0
1772443983.2216558,2295,0.4285020667992747,0.4285020667992747,0.0,0.5653880316628154,1.0,0.0,0.0
1772443983.2344592,2296,0.4187704674807448,0.4187704674807448,0.0,0.5447734265961426,1.0,0.0,0.0
1772443983.246818,2297,0.40563661496152015,0.40563661496152015,0.0,0.47320183583674563,1.0,0.0,0.0
1772443983.259383,2298,0.42939463811233824,0.42939463811233824,0.0,1.0,1.0,0.0,0.0
1772443983.271651,2299,0.4199495090113976,0.4199495090113976,0.0,0.550002325261901,1.0,0.0,0.0
1772443983.2843032,2300,0.4406863172946558,0.4406863172946558,0.0,0.9456009361173767,1.0,0.0,0.0
1772443983.2969284,2301,0.42730135184250156,0.42730135184250156,0.0,0.4907708700679444,1.0,0.0,0.0
1772443983.30957,2302,0.4099318745773028,0.4099318745773028,0.0,0.3652077257698254,1.0,0.0,0.0
1772443983.3216786,2303,0.409585755884183,0.409585755884183,0.0,0.6581512767818715,1.0,0.0,0.0
1772443983.3344362,2304,0.39335951587112317,0.39335951587112317,0.0,0.3749300970808781,1.0,0.0,0.0
1772443983.3467722,2305,0.3747683981295809,0.3747683981295809,0.0,0.16911386500782324,1.0,0.0,0.0
1772443983.3595862,2306,0.3645828928796075,0.3645828928796075,0.0,0.48883636552178067,1.0,0.0,0.0
1772443983.3715875,2307,0.36331555222298906,0.36331555222298906,0.0,0.6190428064037352,1.0,0.0,0.0
1772443983.3842895,2308,0.3463946396573992,0.3463946396573992,0.0,0.19031665751497553,1.0,0.0,0.0
1772443983.3968694,2309,0.33297636875128356,0.33297636875128356,0.0,0.3615099803115986,1.0,0.0,0.0
1772443983.4094892,2310,0.3262050544686864,0.3262050544686864,0.0,0.5140460990424071,1.0,0.0,0.0
1772443983.4215612,2311,0.31977223981120717,0.31977223981120717,0.0,0.5140449078904816,1.0,0.0,0.0
1772443983.4345875,2312,0.31366113197561385,0.31366113197561385,0.0,0.514046099042407,1.0,0.0,0.0
1772443983.4469898,2313,0.3078555134427882,0.3078555134427882,0.0,0.5140449078904814,1.0,0.0,0.0
1772443983.459696,2314,0.29753687586007915,0.29753687586007915,0.0,0.40273472255423054,1.0,0.0,0.0
1772443983.4716032,2315,0.3243943158009033,0.3243943158009033,0.0,0.945600936117377,1.0,0.0,0.0
1772443983.484284,2316,0.35221445390975226,0.35221445390975226,0.0,1.0,1.0,0.0,0.0
1772443983.4967394,2317,0.37864358511315876,0.37864358511315876,0.0,1.0,1.0,0.0,0.0
1772443983.5094602,2318,0.403751259756395,0.403751259756395,0.0,1.0,1.0,0.0,0.0
1772443983.5217218,2319,0.42760355066746936,0.42760355066746936,0.0,1.0,1.0,0.0,0.0
1772443983.534404,2320,0.4335467740777206,0.4335467740777206,0.0,0.7409157140362135,1.0,0.0,0.0
1772443983.5468519,2321,0.44517377038779443,0.44517377038779443,0.0,0.8129340664373893,1.0,0.0,0.0
1772443983.5598686,2322,0.45621936043371536,0.45621936043371536,0.0,0.8129333412993891,1.0,0.0,0.0
1772443983.571583,2323,0.43648567039141367,0.43648567039141367,0.0,0.3250776281597959,1.0,0.0,0.0
1772443983.5844033,2324,0.41713353076870024,0.41713353076870024,0.0,0.291967109311146,1.0,0.0,0.0
1772443983.5971816,2325,0.39725403164749856,0.39725403164749856,0.0,0.15494671339961344,1.0,0.0,0.0
1772443983.6096506,2326,0.37932005640076194,0.37932005640076194,0.0,0.2548821539653228,1.0,0.0,0.0
1772443983.62162,2327,0.36089724325167083,0.36089724325167083,0.0,0.06980050168350643,1.0,0.0,0.0
1772443983.6347044,2328,0.34353833860202043,0.34353833860202043,0.0,0.10355021919570626,1.0,0.0,0.0
1772443983.6467457,2329,0.327149569572442,0.327149569572442,0.0,0.12368514192347144,1.0,0.0,0.0
1772443983.6594677,2330,0.3119256871183461,0.3119256871183461,0.0,0.17661496819211872,1.0,0.0,0.0
1772443983.6715362,2331,0.29993434694531124,0.29993434694531124,0.0,0.3493019127824989,1.0,0.0,0.0
1772443983.6844275,2332,0.30327106747210186,0.30327106747210186,0.0,0.6362093281611938,1.0,0.0,0.0
1772443983.6968324,2333,0.3055645238944601,0.3055645238944601,0.0,0.6253113263918446,1.0,0.0,0.0
1772443983.709423,2334,0.3343261515986312,0.3343261515986312,0.0,1.0,1.0,0.0,0.0
1772443983.7215202,2335,0.3258210296909337,0.3258210296909337,0.0,0.4818383753124395,1.0,0.0,0.0
1772443983.734306,2336,0.35356983210528115,0.35356983210528115,0.0,1.0,1.0,0.0,0.0
1772443983.7468028,2337,0.3799311943989112,0.3799311943989112,0.0,1.0,1.0,0.0,0.0
1772443983.7594159,2338,0.40488778413430443,0.40488778413430443,0.0,0.9976552451653926,1.0,0.0,0.0
1772443983.7715268,2339,0.42637770235321054,0.42637770235321054,0.0,0.9456014266828061,1.0,0.0,0.0
1772443983.7843812,2340,0.4154086038037991,0.4154086038037991,0.0,0.5224099381590119,1.0,0.0,0.0
1772443983.7974558,2341,0.4042848242587768,0.4042848242587768,0.0,0.5098480532679244,1.0,0.0,0.0
1772443983.809876,2342,0.38500279780542235,0.38500279780542235,0.0,0.14808646050160848,1.0,0.0,0.0
1772443983.8215384,2343,0.3710679978898037,0.3710679978898037,0.0,0.4101381011887594,1.0,0.0,0.0
1772443983.8344405,2344,0.35560296972532257,0.35560296972532257,0.0,0.3256254887941786,1.0,0.0,0.0
1772443983.8469129,2345,0.338848617237563,0.338848617237563,0.0,0.16202502636790483,1.0,0.0,0.0
1772443983.8594763,2346,0.32392751579130374,0.32392751579130374,0.0,0.26185698173753713,1.0,0.0,0.0
1772443983.8715734,2347,0.3091898696440642,0.3091898696440642,0.0,0.21359308252104245,1.0,0.0,0.0
1772443983.8843918,2348,0.29511963202542907,0.29511963202542907,0.0,0.2064176678001568,1.0,0.0,0.0
1772443983.8968906,2349,0.28238497983977656,0.28238497983977656,0.0,0.261856981737537,1.0,0.0,0.0
1772443983.909476,2350,0.2695702329985757,0.2695702329985757,0.0,0.19717641359305482,1.0,0.0,0.0
1772443983.9215815,2351,0.2763026726674364,0.2763026726674364,0.0,0.6588691099920928,1.0,0.0,0.0
1772443983.934332,2352,0.26668849752441504,0.26668849752441504,0.0,0.3730070782966994,1.0,0.0,0.0
1772443983.9468098,2353,0.2973939265470884,0.2973939265470884,0.0,1.0,1.0,0.0,0.0
1772443983.9595401,2354,0.310701728915332,0.310701728915332,0.0,0.7507974476344483,1.0,0.0,0.0
1772443983.971588,2355,0.3392064963684595,0.3392064963684595,0.0,1.0,1.0,0.0,0.0
1772443983.9842973,2356,0.34974856718944236,0.34974856718944236,0.0,0.7429806120513233,1.0,0.0,0.0
1772443983.996807,2357,0.37630099272886436,0.37630099272886436,0.0,1.0,1.0,0.0,0.0
1772443984.0094607,2358,0.40152579699131524,0.40152579699131524,0.0,1.0,1.0,0.0,0.0
1772443984.0215673,2359,0.4254893610406436,0.4254893610406436,0.0,1.0,1.0,0.0,0.0
1772443984.0341797,2360,0.44825474688750555,0.44825474688750555,0.0,1.0,1.0,0.0,0.0
1772443984.0468788,2361,0.4417094439242261,0.4417094439242261,0.0,0.6048595606730327,1.0,0.0,0.0
1772443984.0594919,2362,0.4475229152678719,0.4475229152678719,0.0,0.7475662015925594,1.0,0.0,0.0
1772443984.071538,2363,0.4530457130443354,0.4530457130443354,0.0,0.7475662015925596,1.0,0.0,0.0
1772443984.0843813,2364,0.4356701818394516,0.4356701818394516,0.0,0.4089739742187618,1.0,0.0,0.0
1772443984.0967598,2365,0.4579265266463732,0.4579265266463732,0.0,1.0,1.0,0.0,0.0
1772443984.1093547,2366,0.4790700542129486,0.4790700542129486,0.0,1.0,1.0,0.0,0.0
1772443984.1216443,2367,0.4968508352361293,0.4968508352361293,0.0,0.9456009361173772,1.0,0.0,0.0
1772443984.1343796,2368,0.5137426008999442,0.5137426008999442,0.0,0.9456014266828062,1.0,0.0,0.0
1772443984.1469173,2369,0.4913985829058453,0.4913985829058453,0.0,0.3377259367010568,1.0,0.0,0.0
1772443984.159479,2370,0.500132988774513,0.500132988774513,0.0,0.8129340664373893,1.0,0.0,0.0
1772443984.171623,2371,0.5168606230696154,0.5168606230696154,0.0,0.945600936117377,1.0,0.0,0.0
1772443984.1843324,2372,0.5081444485248552,0.5081444485248552,0.0,0.6211416827523399,1.0,0.0,0.0
1772443984.1968768,2373,0.5160415046639231,0.5160415046639231,0.0,0.8129333412993891,1.0,0.0,0.0
1772443984.20951,2374,0.5235437644446868,0.5235437644446868,0.0,0.812934066437389,1.0,0.0,0.0
1772443984.2215438,2375,0.4985302413398495,0.4985302413398495,0.0,0.18044285785888875,1.0,0.0,0.0
1772443984.2343318,2376,0.47486904283630155,0.47486904283630155,0.0,0.19270413485512214,1.0,0.0,0.0
1772443984.2468395,2377,0.4563460883967632,0.4563460883967632,0.0,0.40726317798456857,1.0,0.0,0.0
1772443984.2595189,2378,0.4525320044883538,0.4525320044883538,0.0,0.644389307683046,1.0,0.0,0.0
1772443984.2716362,2379,0.438410447449206,0.438410447449206,0.0,0.48786962945035833,1.0,0.0,0.0
1772443984.2843642,2380,0.42070394516414106,0.42070394516414106,0.0,0.3734913076260701,1.0,0.0,0.0
1772443984.2968392,2381,0.4347004488137715,0.4347004488137715,0.0,0.835759831557148,1.0,0.0,0.0
1772443984.3094754,2382,0.42515295528573627,0.42515295528573627,0.0,0.5525391767832589,1.0,0.0,0.0
1772443984.3216763,2383,0.445834407986781,0.445834407986781,0.0,0.9498847745746715,1.0,0.0,0.0
1772443984.3344848,2384,0.45433467498445484,0.45433467498445484,0.0,0.7817038559480335,1.0,0.0,0.0
1772443984.3467975,2385,0.4403659747270235,0.4403659747270235,0.0,0.49273287810642113,1.0,0.0,0.0
1772443984.3594837,2386,0.4264589195129937,0.4264589195129937,0.0,0.4797476770360312,1.0,0.0,0.0
1772443984.3715568,2387,0.42017806341669334,0.42017806341669334,0.0,0.5938153562527784,1.0,0.0,0.0
1772443984.3842993,2388,0.42020453224787974,0.42020453224787974,0.0,0.6685900057833378,1.0,0.0,0.0
1772443984.3970172,2389,0.4063378370260768,0.4063378370260768,0.0,0.4583358076529527,1.0,0.0,0.0
1772443984.4096913,2390,0.3999383261543831,0.3999383261543831,0.0,0.5781896010529756,1.0,0.0,0.0
1772443984.4217687,2391,0.3871184474725243,0.3871184474725243,0.0,0.45911603545794555,1.0,0.0,0.0
1772443984.434681,2392,0.4015715840063779,0.4015715840063779,0.0,0.8194681267972882,1.0,0.0,0.0
1772443984.447139,2393,0.38938117168190106,0.38938117168190106,0.0,0.4750049999583247,1.0,0.0,0.0
1772443984.4598625,2394,0.37211893714025845,0.37211893714025845,0.0,0.27495307573689,1.0,0.0,0.0
1772443984.4720004,2395,0.3541442505143744,0.3541442505143744,0.0,0.09152078335906254,1.0,0.0,0.0
1772443984.4844403,2396,0.3798438928783173,0.3798438928783173,0.0,0.9835124122504194,1.0,0.0,0.0
1772443984.497853,2397,0.38053030966362245,0.38053030966362245,0.0,0.6525255678231057,1.0,0.0,0.0
1772443984.5099156,2398,0.4006388188901685,0.4006388188901685,0.0,0.8973533570282883,1.0,0.0,0.0
1772443984.5218499,2399,0.4061530527717698,0.4061530527717698,0.0,0.7205287056662638,1.0,0.0,0.0
1772443984.534768,2400,0.40488655760413,0.40488655760413,0.0,0.6448491652924028,1.0,0.0,0.0
1772443984.5471573,2401,0.3885062200119305,0.3885062200119305,0.0,0.36001523372433886,1.0,0.0,0.0
1772443984.56008,2402,0.37524164294294676,0.37524164294294676,0.0,0.43395228769025224,1.0,0.0,0.0
1772443984.5718455,2403,0.3956145855055266,0.3956145855055266,0.0,0.8973533570282883,1.0,0.0,0.0
1772443984.5846786,2404,0.4175969566587119,0.4175969566587119,0.0,0.9461984538956123,1.0,0.0,0.0
1772443984.596711,2405,0.4407569627246704,0.4407569627246704,0.0,1.0,1.0,0.0,0.0
1772443984.6097066,2406,0.45782228717999035,0.45782228717999035,0.0,0.8968188458179875,1.0,0.0,0.0
1772443984.6217766,2407,0.44185021377240735,0.44185021377240735,0.0,0.4530280078730208,1.0,0.0,0.0
1772443984.6344285,2408,0.427394317659108,0.427394317659108,0.0,0.4695242783858617,1.0,0.0,0.0
1772443984.646998,2409,0.4135273538699459,0.4135273538699459,0.0,0.46654722576965996,1.0,0.0,0.0
1772443984.6595116,2410,0.4261559568695155,0.4261559568695155,0.0,0.8129422324404243,1.0,0.0,0.0
1772443984.6715305,2411,0.4439172763945411,0.4439172763945411,0.0,0.8962486093920345,1.0,0.0,0.0
1772443984.6843498,2412,0.4597173088204289,0.4597173088204289,0.0,0.8788899413571126,1.0,0.0,0.0
1772443984.6969178,2413,0.48077129727830153,0.48077129727830153,0.0,1.0,1.0,0.0,0.0
1772443984.7094917,2414,0.4773028456551835,0.4773028456551835,0.0,0.6631183563366381,1.0,0.0,0.0
1772443984.7215242,2415,0.46767272754503386,0.46767272754503386,0.0,0.5826766190218186,1.0,0.0,0.0
1772443984.7344234,2416,0.4602960156746628,0.4602960156746628,0.0,0.6066949383413814,1.0,0.0,0.0
1772443984.746924,2417,0.4429082306313974,0.4429082306313974,0.0,0.4192783451616411,1.0,0.0,0.0
1772443984.7598984,2418,0.45449267641957347,0.45449267641957347,0.0,0.818435961181753,1.0,0.0,0.0
1772443984.7718298,2419,0.4378523590256799,0.4378523590256799,0.0,0.4319204099556883,1.0,0.0,0.0
1772443984.784703,2420,0.41886600506320054,0.41886600506320054,0.0,0.3163897721298535,1.0,0.0,0.0
1772443984.7970877,2421,0.39979352055412304,0.39979352055412304,0.0,0.2503551183033508,1.0,0.0,0.0
1772443984.8099341,2422,0.3842273939042067,0.3842273939042067,0.0,0.38107875015520604,1.0,0.0,0.0
1772443984.8217938,2423,0.36574632823309505,0.36574632823309505,0.0,0.1126280619805449,1.0,0.0,0.0
1772443984.8345757,2424,0.34866460330077287,0.34866460330077287,0.0,0.18562208199016547,1.0,0.0,0.0
1772443984.8470855,2425,0.3326011041757564,0.3326011041757564,0.0,0.20433832061036608,1.0,0.0,0.0
1772443984.860148,2426,0.3170221249667336,0.3170221249667336,0.0,0.1655767162878269,1.0,0.0,0.0
1772443984.8717463,2427,0.3024043338281701,0.3024043338281701,0.0,0.18895119456665269,1.0,0.0,0.0
1772443984.8842409,2428,0.28931475278924407,0.28931475278924407,0.0,0.262540901279489,1.0,0.0,0.0
1772443984.8969085,2429,0.27627432441855815,0.27627432441855815,0.0,0.21018374178286417,1.0,0.0,0.0
1772443984.909704,2430,0.28025525823127145,0.28025525823127145,0.0,0.629537895062884,1.0,0.0,0.0
1772443984.9220774,2431,0.3097458209063516,0.3097458209063516,0.0,0.9859352811685129,1.0,0.0,0.0
1772443984.9345121,2432,0.33829838375992816,0.33829838375992816,0.0,1.0,1.0,0.0,0.0
1772443984.9469976,2433,0.3654233184708259,0.3654233184708259,0.0,1.0,1.0,0.0,0.0
1772443984.959444,2434,0.3504602339882027,0.3504602339882027,0.0,0.33611389952398824,1.0,0.0,0.0
1772443984.971772,2435,0.34814343896825833,0.34814343896825833,0.0,0.5960379436714371,1.0,0.0,0.0
1772443984.9842892,2436,0.3747761209187395,0.3747761209187395,0.0,1.0,1.0,0.0,0.0
1772443984.9970982,2437,0.4000771687716967,0.4000771687716967,0.0,1.0,1.0,0.0,0.0
1772443985.0098267,2438,0.42411316423200596,0.42411316423200596,0.0,1.0,1.0,0.0,0.0
1772443985.0221145,2439,0.4469473599192998,0.4469473599192998,0.0,1.0,1.0,0.0,0.0
1772443985.0348377,2440,0.46863984582222895,0.46863984582222895,0.0,1.0,1.0,0.0,0.0
1772443985.047488,2441,0.4604140702105833,0.4604140702105833,0.0,0.5960379436714373,1.0,0.0,0.0
1772443985.0598671,2442,0.4814332205989482,0.4814332205989482,0.0,1.0,1.0,0.0,0.0
1772443985.0722182,2443,0.5008648851556445,0.5008648851556445,0.0,0.9859352811685131,1.0,0.0,0.0
1772443985.0842922,2444,0.519324966484506,0.519324966484506,0.0,0.9859352811685131,1.0,0.0,0.0
1772443985.0968282,2445,0.5092742193758554,0.5092742193758554,0.0,0.6054929790979093,1.0,0.0,0.0
1772443985.109495,2446,0.5278503623059567,0.5278503623059567,0.0,1.0,1.0,0.0,0.0
1772443985.1221745,2447,0.5431921516162802,0.5431921516162802,0.0,0.9456014266828061,1.0,0.0,0.0
1772443985.1343293,2448,0.5600723979343604,0.5600723979343604,0.0,1.0,1.0,0.0,0.0
1772443985.1471794,2449,0.5761086319365365,0.5761086319365365,0.0,1.0,1.0,0.0,0.0
1772443985.1591642,2450,0.5913430542386039,0.5913430542386039,0.0,1.0,1.0,0.0,0.0
1772443985.1719499,2451,0.6058157554255679,0.6058157554255679,0.0,1.0,1.0,0.0,0.0
1772443985.1844347,2452,0.6195648215531836,0.6195648215531836,0.0,1.0,1.0,0.0,0.0
1772443985.1968002,2453,0.6034986389765926,0.6034986389765926,0.0,0.5920446652307372,1.0,0.0,0.0
1772443985.2098646,2454,0.5882357655288312,0.5882357655288312,0.0,0.5920446652307375,1.0,0.0,0.0
1772443985.2220852,2455,0.6028638311512838,0.6028638311512838,0.0,1.0,1.0,0.0,0.0
1772443985.234442,2456,0.6167604934926139,0.6167604934926139,0.0,1.0,1.0,0.0,0.0
1772443985.246922,2457,0.6299623227168774,0.6299623227168774,0.0,1.0,1.0,0.0,0.0
1772443985.2593625,2458,0.6425040604799277,0.6425040604799277,0.0,1.0,1.0,0.0,0.0
1772443985.2723272,2459,0.6331994345971556,0.6331994345971556,0.0,0.6893146372405246,1.0,0.0,0.0
1772443985.2846673,2460,0.616784577656656,0.616784577656656,0.0,0.5965627094743274,1.0,0.0,0.0
1772443985.2969549,2461,0.5990393269943123,0.5990393269943123,0.0,0.5662539595869732,1.0,0.0,0.0
1772443985.3094418,2462,0.6131272145434908,0.6131272145434908,0.0,1.0,1.0,0.0,0.0
1772443985.3221304,2463,0.608046387095496,0.608046387095496,0.0,0.720864399834928,1.0,0.0,0.0
1772443985.334349,2464,0.6003799916689976,0.6003799916689976,0.0,0.6883394692351024,1.0,0.0,0.0
1772443985.3477123,2465,0.612095299511169,0.612095299511169,0.0,0.9456014266828061,1.0,0.0,0.0
1772443985.3596606,2466,0.606807957767415,0.606807957767415,0.0,0.7179136033249605,1.0,0.0,0.0
1772443985.3720357,2467,0.5933109864100339,0.5933109864100339,0.0,0.6175313531660834,1.0,0.0,0.0
1772443985.3844428,2468,0.5891552699174689,0.5891552699174689,0.0,0.7201131831226373,1.0,0.0,0.0
1772443985.3972096,2469,0.5632609546241925,0.5632609546241925,0.0,0.34752025270590653,1.0,0.0,0.0
1772443985.4102108,2470,0.5768322143186041,0.5768322143186041,0.0,0.9456014266828061,1.0,0.0,0.0
1772443985.4224555,2471,0.5509897068793685,0.5509897068793685,0.0,0.3211638079243654,1.0,0.0,0.0
1772443985.4346828,2472,0.5258082884286198,0.5258082884286198,0.0,0.2855100807931232,1.0,0.0,0.0
1772443985.447218,2473,0.5328221525724994,0.5328221525724994,0.0,0.8129333412993891,1.0,0.0,0.0
1772443985.4595912,2474,0.5087268012708823,0.5087268012708823,0.0,0.2963802616722381,1.0,0.0,0.0
1772443985.4721103,2475,0.48535509692830126,0.48535509692830126,0.0,0.2650143255143834,1.0,0.0,0.0
1772443985.4842212,2476,0.4628952660232693,0.4628952660232693,0.0,0.2452835118354719,1.0,0.0,0.0
1772443985.4969532,2477,0.44545127548902835,0.44545127548902835,0.0,0.4213763579778933,1.0,0.0,0.0
1772443985.5093036,2478,0.4244470250989357,0.4244470250989357,0.0,0.193051215189554,1.0,0.0,0.0
1772443985.5228753,2479,0.4079755078474632,0.4079755078474632,0.0,0.39230513476471063,1.0,0.0,0.0
1772443985.5347722,2480,0.3948884579046966,0.3948884579046966,0.0,0.46222214338500506,1.0,0.0,0.0
1772443985.5471733,2481,0.3853321396412501,0.3853321396412501,0.0,0.519579297276007,1.0,0.0,0.0
1772443985.5599496,2482,0.41010538655808176,0.41010538655808176,0.0,1.0,1.0,0.0,0.0
1772443985.5722263,2483,0.4336399711290718,0.4336399711290718,0.0,1.0,1.0,0.0,0.0
1772443985.5841594,2484,0.4559978264715124,0.4559978264715124,0.0,1.0,1.0,0.0,0.0
1772443985.5972817,2485,0.44445526937062074,0.44445526937062074,0.0,0.5377254827883382,1.0,0.0,0.0
1772443985.6098952,2486,0.4662723598009838,0.4662723598009838,0.0,1.0,1.0,0.0,0.0
1772443985.6225119,2487,0.48699859570982873,0.48699859570982873,0.0,1.0,1.0,0.0,0.0
1772443985.634702,2488,0.4715540098646224,0.4715540098646224,0.0,0.4958247784432368,1.0,0.0,0.0
1772443985.6469543,2489,0.45688165331167646,0.45688165331167646,0.0,0.4958247784432369,1.0,0.0,0.0
1772443985.659698,2490,0.47807742454498675,0.47807742454498675,0.0,1.0,1.0,0.0,0.0
1772443985.6717885,2491,0.46307889725802254,0.46307889725802254,0.0,0.4958247784432368,1.0,0.0,0.0
1772443985.68428,2492,0.4488302963354066,0.4488302963354066,0.0,0.4958247784432369,1.0,0.0,0.0
1772443985.6967437,2493,0.4704286354175304,0.4704286354175304,0.0,1.0,1.0,0.0,0.0
1772443985.709426,2494,0.49094705754554796,0.49094705754554796,0.0,1.0,1.0,0.0,0.0
1772443985.722545,2495,0.5104395585671647,0.5104395585671647,0.0,1.0,1.0,0.0,0.0
1772443985.7348213,2496,0.5289574345377006,0.5289574345377006,0.0,1.0,1.0,0.0,0.0
1772443985.7469668,2497,0.5465494167097098,0.5465494167097098,0.0,1.0,1.0,0.0,0.0
1772443985.759555,2498,0.5632617997731185,0.5632617997731185,0.0,1.0,1.0,0.0,0.0
1772443985.772108,2499,0.5791385636833568,0.5791385636833568,0.0,1.0,1.0,0.0,0.0
1772443985.784408,2500,0.586823850190624,0.586823850190624,0.0,0.8584430855091957,1.0,0.0,0.0
1772443985.7969375,2501,0.6015225115799869,0.6015225115799869,0.0,1.0,1.0,0.0,0.0
1772443985.8094723,2502,0.6154862398998817,0.6154862398998817,0.0,1.0,1.0,0.0,0.0
1772443985.8219566,2503,0.6287517818037818,0.6287517818037818,0.0,1.0,1.0,0.0,0.0
1772443985.8344193,2504,0.6413540466124868,0.6413540466124868,0.0,1.0,1.0,0.0,0.0
1772443985.846837,2505,0.6533261981807567,0.6533261981807567,0.0,1.0,1.0,0.0,0.0
1772443985.8596082,2506,0.664699742170613,0.664699742170613,0.0,1.0,1.0,0.0,0.0
1772443985.872375,2507,0.6755046089609765,0.6755046089609765,0.0,1.0,1.0,0.0,0.0
1772443985.885153,2508,0.6533437391299552,0.6533437391299552,0.0,0.5435084144888808,1.0,0.0,0.0
1772443985.8983653,2509,0.6647164060723516,0.6647164060723516,0.0,1.0,1.0,0.0,0.0
1772443985.910018,2510,0.6755204396676282,0.6755204396676282,0.0,1.0,1.0,0.0,0.0
1772443985.923076,2511,0.6857842715831409,0.6857842715831409,0.0,1.0,1.0,0.0,0.0
1772443985.934899,2512,0.6955349119028781,0.6955349119028781,0.0,1.0,1.0,0.0,0.0
1772443985.946983,2513,0.7047980202066283,0.7047980202066283,0.0,1.0,1.0,0.0,0.0
1772443985.959341,2514,0.713597973095191,0.713597973095191,0.0,1.0,1.0,0.0,0.0
1772443985.972232,2515,0.6870343762945358,0.6870343762945358,0.0,0.49990468830581497,1.0,0.0,0.0
1772443985.9842725,2516,0.6617989593339133,0.6617989593339133,0.0,0.49990468830581497,1.0,0.0,0.0
1772443985.9969788,2517,0.637825313221322,0.637825313221322,0.0,0.49990468830581497,1.0,0.0,0.0
1772443986.009595,2518,0.64997390145915,0.64997390145915,0.0,1.0,1.0,0.0,0.0
1772443986.022095,2519,0.6615150602850867,0.6615150602850867,0.0,1.0,1.0,0.0,0.0
1772443986.0346553,2520,0.6724791611697265,0.6724791611697265,0.0,1.0,1.0,0.0,0.0
1772443986.0469136,2521,0.6479715049653445,0.6479715049653445,0.0,0.49990468830581497,1.0,0.0,0.0
1772443986.0597916,2522,0.6246892315711816,0.6246892315711816,0.0,0.49990468830581497,1.0,0.0,0.0
1772443986.0722232,2523,0.6025710718467269,0.6025710718467269,0.0,0.49990468830581497,1.0,0.0,0.0
1772443986.084449,2524,0.5815588201084949,0.5815588201084949,0.0,0.49990468830581497,1.0,0.0,0.0
1772443986.0976925,2525,0.5615971809571745,0.5615971809571745,0.0,0.49990468830581497,1.0,0.0,0.0
1772443986.1094666,2526,0.57755717580821,0.57755717580821,0.0,1.0,1.0,0.0,0.0
1772443986.1218622,2527,0.5927191709166937,0.5927191709166937,0.0,1.0,1.0,0.0,0.0
1772443986.13431,2528,0.6071230662697532,0.6071230662697532,0.0,1.0,1.0,0.0,0.0
1772443986.1468785,2529,0.6208067668551597,0.6208067668551597,0.0,1.0,1.0,0.0,0.0
1772443986.1594481,2530,0.6264086432038367,0.6264086432038367,0.0,0.8584430855091956,1.0,0.0,0.0
1772443986.1715615,2531,0.639128064942539,0.639128064942539,0.0,1.0,1.0,0.0,0.0
1772443986.184291,2532,0.6512115155943062,0.6512115155943062,0.0,1.0,1.0,0.0,0.0
1772443986.1969619,2533,0.662690793713485,0.662690793713485,0.0,1.0,1.0,0.0,0.0
1772443986.2094212,2534,0.673596107926705,0.673596107926705,0.0,1.0,1.0,0.0,0.0
1772443986.2215395,2535,0.6839561564292639,0.6839561564292639,0.0,1.0,1.0,0.0,0.0
1772443986.2343738,2536,0.6937982025066949,0.6937982025066949,0.0,1.0,1.0,0.0,0.0
1772443986.247198,2537,0.7031481462802543,0.7031481462802543,0.0,1.0,1.0,0.0,0.0
1772443986.2596881,2538,0.7120305928651358,0.7120305928651358,0.0,1.0,1.0,0.0,0.0
1772443986.2716389,2539,0.7204689171207732,0.7204689171207732,0.0,1.0,1.0,0.0,0.0
1772443986.284404,2540,0.7284853251636287,0.7284853251636287,0.0,1.0,1.0,0.0,0.0
1772443986.2969382,2541,0.7361009128043414,0.7361009128043414,0.0,1.0,1.0,0.0,0.0
1772443986.3100724,2542,0.7433357210630185,0.7433357210630185,0.0,1.0,1.0,0.0,0.0
1772443986.322446,2543,0.7502087889087617,0.7502087889087617,0.0,1.0,1.0,0.0,0.0
1772443986.334502,2544,0.7567382033622179,0.7567382033622179,0.0,1.0,1.0,0.0,0.0
1772443986.3470225,2545,0.7629411470930011,0.7629411470930011,0.0,1.0,1.0,0.0,0.0
1772443986.3596454,2546,0.7688339436372452,0.7688339436372452,0.0,1.0,1.0,0.0,0.0
1772443986.3718796,2547,0.7744321003542771,0.7744321003542771,0.0,1.0,1.0,0.0,0.0
1772443986.3841949,2548,0.7797503492354574,0.7797503492354574,0.0,1.0,1.0,0.0,0.0
1772443986.3969936,2549,0.7848026856725787,0.7848026856725787,0.0,1.0,1.0,0.0,0.0
1772443986.4098048,2550,0.789602405287844,0.789602405287844,0.0,1.0,1.0,0.0,0.0
1772443986.4216626,2551,0.794162138922346,0.794162138922346,0.0,1.0,1.0,0.0,0.0
1772443986.4340873,2552,0.7984938858751228,0.7984938858751228,0.0,1.0,1.0,0.0,0.0
1772443986.4468482,2553,0.8026090454802608,0.8026090454802608,0.0,1.0,1.0,0.0,0.0
1772443986.4595935,2554,0.7991208078976827,0.7991208078976827,0.0,0.8584430855091952,1.0,0.0,0.0
1772443986.4721217,2555,0.8032046214016927,0.8032046214016927,0.0,1.0,1.0,0.0,0.0
1772443986.4841943,2556,0.8070842442305022,0.8070842442305022,0.0,1.0,1.0,0.0,0.0
1772443986.496764,2557,0.8107698859178712,0.8107698859178712,0.0,1.0,1.0,0.0,0.0
1772443986.5099058,2558,0.8142712455208718,0.8142712455208718,0.0,1.0,1.0,0.0,0.0
1772443986.5218396,2559,0.8175975371437224,0.8175975371437224,0.0,1.0,1.0,0.0,0.0
1772443986.5344336,2560,0.8207575141854304,0.8207575141854304,0.0,1.0,1.0,0.0,0.0
1772443986.5467653,2561,0.8237594923750531,0.8237594923750531,0.0,1.0,1.0,0.0,0.0
1772443986.5592225,2562,0.8266113716551946,0.8266113716551946,0.0,1.0,1.0,0.0,0.0
1772443986.5720851,2563,0.8293206569713291,0.8293206569713291,0.0,1.0,1.0,0.0,0.0
1772443986.584096,2564,0.8318944780216567,0.8318944780216567,0.0,1.0,1.0,0.0,0.0
1772443986.5971668,2565,0.834339608019468,0.834339608019468,0.0,1.0,1.0,0.0,0.0
1772443986.609597,2566,0.7938010235546334,0.7938010235546334,0.0,0.18228303091626574,1.0,0.0,0.0
1772443986.621713,2567,0.764832197023772,0.764832197023772,0.0,0.5287915832755362,1.0,0.0,0.0
1772443986.6343112,2568,0.7278774568655355,0.7278774568655355,0.0,0.1951805807001133,1.0,0.0,0.0
1772443986.6467595,2569,0.707564868764585,0.707564868764585,0.0,0.6076698889888388,1.0,0.0,0.0
1772443986.6596622,2570,0.6735817137348068,0.6735817137348068,0.0,0.20703331444918996,1.0,0.0,0.0
1772443986.6720943,2571,0.6407383034686377,0.6407383034686377,0.0,0.1321881079290357,1.0,0.0,0.0
1772443986.6844397,2572,0.6293430798758706,0.6293430798758706,0.0,0.6639624723916324,1.0,0.0,0.0
1772443986.6969795,2573,0.5994801808749495,0.5994801808749495,0.0,0.22760679616282373,1.0,0.0,0.0
1772443986.7096655,2574,0.5701747411996354,0.5701747411996354,0.0,0.09983192334190058,1.0,0.0,0.0
1772443986.722142,2575,0.5497643561025758,0.5497643561025758,0.0,0.4794764886897078,1.0,0.0,0.0
1772443986.7343976,2576,0.5373680870866154,0.5373680870866154,0.0,0.5944919875042838,1.0,0.0,0.0
1772443986.7467165,2577,0.532602476869955,0.532602476869955,0.0,0.6810253566560223,1.0,0.0,0.0
1772443986.7595592,2578,0.5179660496817706,0.5179660496817706,0.0,0.5495184585135613,1.0,0.0,0.0
1772443986.7720568,2579,0.5361076010965763,0.5361076010965763,0.0,1.0,1.0,0.0,0.0
1772443986.7843742,2580,0.5510366998934626,0.5510366998934626,0.0,0.9456049762879543,1.0,0.0,0.0
1772443986.7971847,2581,0.5675247187976836,0.5675247187976836,0.0,1.0,1.0,0.0,0.0
1772443986.8094134,2582,0.5556758275255056,0.5556758275255056,0.0,0.6134696307134396,1.0,0.0,0.0
1772443986.8222818,2583,0.5531261863629231,0.5531261863629231,0.0,0.7169617949802356,1.0,0.0,0.0
1772443986.8344417,2584,0.5446989957655463,0.5446989957655463,0.0,0.6471224143449463,1.0,0.0,0.0
1772443986.8465607,2585,0.5305246117644928,0.5305246117644928,0.0,0.5657596838265515,1.0,0.0,0.0
1772443986.8595436,2586,0.5480382350751624,0.5480382350751624,0.0,1.0,1.0,0.0,0.0
1772443986.871749,2587,0.545870473535097,0.545870473535097,0.0,0.7169617949802356,1.0,0.0,0.0
1772443986.8844204,2588,0.5247100525455314,0.5247100525455314,0.0,0.43322011168429114,1.0,0.0,0.0
1772443986.8970845,2589,0.5027478415629821,0.5027478415629821,0.0,0.3756716931655442,1.0,0.0,0.0
1772443986.9091725,2590,0.5216503033837272,0.5216503033837272,0.0,1.0,1.0,0.0,0.0
1772443986.9215384,2591,0.539607642113435,0.539607642113435,0.0,1.0,1.0,0.0,0.0
1772443986.934512,2592,0.5566671139066575,0.5566671139066575,0.0,1.0,1.0,0.0,0.0
1772443986.94686,2593,0.5728736121102188,0.5728736121102188,0.0,1.0,1.0,0.0,0.0
1772443986.9593945,2594,0.5882697854036021,0.5882697854036021,0.0,1.0,1.0,0.0,0.0
1772443986.9714746,2595,0.5753836408011281,0.5753836408011281,0.0,0.6134696307134397,1.0,0.0,0.0
1772443986.9843872,2596,0.5906543126599659,0.5906543126599659,0.0,1.0,1.0,0.0,0.0
1772443986.9967408,2597,0.6051614509258618,0.6051614509258618,0.0,1.0,1.0,0.0,0.0
1772443987.009524,2598,0.591430723047275,0.591430723047275,0.0,0.6134696307134396,1.0,0.0,0.0
1772443987.021697,2599,0.6058990407938054,0.6058990407938054,0.0,1.0,1.0,0.0,0.0
1772443987.0344832,2600,0.6196439426530093,0.6196439426530093,0.0,1.0,1.0,0.0,0.0
1772443987.0467424,2601,0.632701599419253,0.632701599419253,0.0,1.0,1.0,0.0,0.0
1772443987.059644,2602,0.6175938641159965,0.6175938641159965,0.0,0.6134696307134397,1.0,0.0,0.0
1772443987.071513,2603,0.6032415155779028,0.6032415155779028,0.0,0.6134696307134396,1.0,0.0,0.0
1772443987.0843906,2604,0.5896067844667139,0.5896067844667139,0.0,0.6134696307134397,1.0,0.0,0.0
1772443987.0967627,2605,0.6041662991422724,0.6041662991422724,0.0,1.0,1.0,0.0,0.0
1772443987.1093767,2606,0.590485328852865,0.590485328852865,0.0,0.6134696307134396,1.0,0.0,0.0
1772443987.1215649,2607,0.5774884070779279,0.5774884070779279,0.0,0.6134696307134397,1.0,0.0,0.0
1772443987.1341777,2608,0.5618018329861751,0.5618018329861751,0.0,0.5676382303530574,1.0,0.0,0.0
1772443987.14685,2609,0.54689958759901,0.54689958759901,0.0,0.5676382303530569,1.0,0.0,0.0
1772443987.1597817,2610,0.5327424544812032,0.5327424544812032,0.0,0.5676382303530574,1.0,0.0,0.0
1772443987.1714876,2611,0.5192931780192866,0.5192931780192866,0.0,0.5676382303530569,1.0,0.0,0.0
1772443987.1843753,2612,0.5373683730172165,0.5373683730172165,0.0,1.0,1.0,0.0,0.0
1772443987.1967385,2613,0.5545398082652498,0.5545398082652498,0.0,1.0,1.0,0.0,0.0
1772443987.2094204,2614,0.5708526717508815,0.5708526717508815,0.0,1.0,1.0,0.0,0.0
1772443987.2215474,2615,0.5863498920622316,0.5863498920622316,0.0,1.0,1.0,0.0,0.0
1772443987.2343376,2616,0.6010722513580142,0.6010722513580142,0.0,1.0,1.0,0.0,0.0
1772443987.2468915,2617,0.6150584926890077,0.6150584926890077,0.0,1.0,1.0,0.0,0.0
1772443987.2592769,2618,0.6283454219534514,0.6283454219534514,0.0,1.0,1.0,0.0,0.0
1772443987.2715354,2619,0.6409680047546731,0.6409680047546731,0.0,1.0,1.0,0.0,0.0
1772443987.2841723,2620,0.6529594584158336,0.6529594584158336,0.0,1.0,1.0,0.0,0.0
1772443987.2965465,2621,0.6334993317571855,0.6334993317571855,0.0,0.5676382303530574,1.0,0.0,0.0
1772443987.3093786,2622,0.6150122114314699,0.6150122114314699,0.0,0.5676382303530569,1.0,0.0,0.0
1772443987.3214822,2623,0.6283014547587906,0.6283014547587906,0.0,1.0,1.0,0.0,0.0
1772443987.3343678,2624,0.6409262359197453,0.6409262359197453,0.0,1.0,1.0,0.0,0.0
1772443987.3467865,2625,0.6220677703859017,0.6220677703859017,0.0,0.5676382303530574,1.0,0.0,0.0
1772443987.3593135,2626,0.6041522281287502,0.6041522281287502,0.0,0.5676382303530569,1.0,0.0,0.0
1772443987.371492,2627,0.6179844706212069,0.6179844706212069,0.0,1.0,1.0,0.0,0.0
1772443987.3843968,2628,0.6311251009890407,0.6311251009890407,0.0,1.0,1.0,0.0,0.0
1772443987.3969893,2629,0.6436086998384829,0.6436086998384829,0.0,1.0,1.0,0.0,0.0
1772443987.4094772,2630,0.655468118745453,0.655468118745453,0.0,1.0,1.0,0.0,0.0
1772443987.4215312,2631,0.6667345667070745,0.6667345667070745,0.0,1.0,1.0,0.0,0.0
1772443987.4344122,2632,0.677437692270615,0.677437692270615,0.0,1.0,1.0,0.0,0.0
1772443987.4469163,2633,0.6876056615559785,0.6876056615559785,0.0,1.0,1.0,0.0,0.0
1772443987.4594307,2634,0.6972652323770737,0.6972652323770737,0.0,1.0,1.0,0.0,0.0
1772443987.4718444,2635,0.7064418246571142,0.7064418246571142,0.0,1.0,1.0,0.0,0.0
1772443987.484262,2636,0.7151595873231527,0.7151595873231527,0.0,1.0,1.0,0.0,0.0
1772443987.496692,2637,0.7234414618558892,0.7234414618558892,0.0,1.0,1.0,0.0,0.0
1772443987.5095541,2638,0.7313092426619889,0.7313092426619889,0.0,1.0,1.0,0.0,0.0
1772443987.522007,2639,0.7387836344277836,0.7387836344277836,0.0,1.0,1.0,0.0,0.0
1772443987.5343196,2640,0.7458843066052886,0.7458843066052886,0.0,1.0,1.0,0.0,0.0
1772443987.5468972,2641,0.7526299451739183,0.7526299451739183,0.0,1.0,1.0,0.0,0.0
1772443987.5594542,2642,0.7590383018141166,0.7590383018141166,0.0,1.0,1.0,0.0,0.0
1772443987.5721161,2643,0.7651262406223049,0.7651262406223049,0.0,1.0,1.0,0.0,0.0
1772443987.584422,2644,0.7709097824900839,0.7709097824900839,0.0,1.0,1.0,0.0,0.0
1772443987.5969546,2645,0.7764041472644738,0.7764041472644738,0.0,1.0,1.0,0.0,0.0
1772443987.6097004,2646,0.7816237938001442,0.7816237938001442,0.0,1.0,1.0,0.0,0.0
1772443987.62227,2647,0.7865824580090311,0.7865824580090311,0.0,1.0,1.0,0.0,0.0
1772443987.634379,2648,0.7912931890074738,0.7912931890074738,0.0,1.0,1.0,0.0,0.0
1772443987.6471672,2649,0.7957683834559943,0.7957683834559943,0.0,1.0,1.0,0.0,0.0
1772443987.659482,2650,0.8000198181820888,0.8000198181820888,0.0,1.0,1.0,0.0,0.0
1772443987.6719828,2651,0.8040586811718785,0.8040586811718785,0.0,1.0,1.0,0.0,0.0
1772443987.6842704,2652,0.8078956010121787,0.8078956010121787,0.0,1.0,1.0,0.0,0.0
1772443987.6971493,2653,0.811540674860464,0.811540674860464,0.0,1.0,1.0,0.0,0.0
1772443987.7091436,2654,0.815003495016335,0.815003495016335,0.0,1.0,1.0,0.0,0.0
1772443987.7218165,2655,0.8182931741644124,0.8182931741644124,0.0,1.0,1.0,0.0,0.0
1772443987.734387,2656,0.8214183693550859,0.8214183693550859,0.0,1.0,1.0,0.0,0.0
1772443987.7468667,2657,0.8243873047862258,0.8243873047862258,0.0,1.0,1.0,0.0,0.0
1772443987.7594492,2658,0.8084020897606072,0.8084020897606072,0.0,0.7169617949802356,1.0,0.0,0.0
1772443987.7718253,2659,0.7835485167629382,0.7835485167629382,0.0,0.6008705970109735,1.0,0.0,0.0
1772443987.784519,2660,0.7514090299172805,0.7514090299172805,0.0,0.45585684949637784,1.0,0.0,0.0
1772443987.796726,2661,0.7390727286351093,0.7390727286351093,0.0,0.7169617949802356,1.0,0.0,0.0
1772443987.8094878,2662,0.7273532424170466,0.7273532424170466,0.0,0.7169617949802354,1.0,0.0,0.0
1772443987.821658,2663,0.7350254341950884,0.7350254341950884,0.0,1.0,1.0,0.0,0.0
1772443987.834717,2664,0.7423140163842281,0.7423140163842281,0.0,1.0,1.0,0.0,0.0
1772443987.8470225,2665,0.7183861618271603,0.7183861618271603,0.0,0.5676382303530574,1.0,0.0,0.0
1772443987.8594458,2666,0.6956546999979459,0.6956546999979459,0.0,0.5676382303530569,1.0,0.0,0.0
1772443987.8722095,2667,0.7049118188969428,0.7049118188969428,0.0,1.0,1.0,0.0,0.0
1772443987.8842072,2668,0.7137060818509898,0.7137060818509898,0.0,1.0,1.0,0.0,0.0
1772443987.8966653,2669,0.7220606316573345,0.7220606316573345,0.0,1.0,1.0,0.0,0.0
1772443987.9094274,2670,0.7299974539733619,0.7299974539733619,0.0,1.0,1.0,0.0,0.0
1772443987.9220228,2671,0.7375374351735879,0.7375374351735879,0.0,1.0,1.0,0.0,0.0
1772443987.934486,2672,0.7447004173138028,0.7447004173138028,0.0,1.0,1.0,0.0,0.0
1772443987.9466953,2673,0.7515052503470068,0.7515052503470068,0.0,1.0,1.0,0.0,0.0
1772443987.9594054,2674,0.7579698417285506,0.7579698417285506,0.0,1.0,1.0,0.0,0.0
1772443987.9722245,2675,0.7641112035410172,0.7641112035410172,0.0,1.0,1.0,0.0,0.0
1772443987.98462,2676,0.7699454972628605,0.7699454972628605,0.0,1.0,1.0,0.0,0.0
1772443987.9969125,2677,0.7754880762986117,0.7754880762986117,0.0,1.0,1.0,0.0,0.0
1772443988.0096123,2678,0.7807535263825753,0.7807535263825753,0.0,1.0,1.0,0.0,0.0
1772443988.0219018,2679,0.7857557039623407,0.7857557039623407,0.0,1.0,1.0,0.0,0.0
1772443988.034409,2680,0.7905077726631179,0.7905077726631179,0.0,1.0,1.0,0.0,0.0
1772443988.0469675,2681,0.7950222379288562,0.7950222379288562,0.0,1.0,1.0,0.0,0.0
1772443988.0591836,2682,0.7993109799313075,0.7993109799313075,0.0,1.0,1.0,0.0,0.0
1772443988.0720224,2683,0.8033852848336362,0.8033852848336362,0.0,1.0,1.0,0.0,0.0
1772443988.0842657,2684,0.8072558744908486,0.8072558744908486,0.0,1.0,1.0,0.0,0.0
1772443988.097022,2685,0.8109329346652003,0.8109329346652003,0.0,1.0,1.0,0.0,0.0
1772443988.1092877,2686,0.8144261418308345,0.8144261418308345,0.0,1.0,1.0,0.0,0.0
1772443988.121905,2687,0.817744688638187,0.817744688638187,0.0,1.0,1.0,0.0,0.0
1772443988.134612,2688,0.7900453004684213,0.7900453004684213,0.0,0.5676382303530574,1.0,0.0,0.0
1772443988.1469834,2689,0.7637308817071438,0.7637308817071438,0.0,0.5676382303530569,1.0,0.0,0.0
1772443988.159332,2690,0.7695841915206807,0.7695841915206807,0.0,1.0,1.0,0.0,0.0
1772443988.172734,2691,0.7751448358435408,0.7751448358435408,0.0,1.0,1.0,0.0,0.0
1772443988.1846242,2692,0.7804274479502579,0.7804274479502579,0.0,1.0,1.0,0.0,0.0
1772443988.1977239,2693,0.7545939218148886,0.7545939218148886,0.0,0.5676382303530574,1.0,0.0,0.0
1772443988.2102065,2694,0.7300520719862877,0.7300520719862877,0.0,0.5676382303530569,1.0,0.0,0.0
1772443988.2222323,2695,0.7375893222858675,0.7375893222858675,0.0,1.0,1.0,0.0,0.0
1772443988.2348728,2696,0.7447497100704683,0.7447497100704683,0.0,1.0,1.0,0.0,0.0
1772443988.2471094,2697,0.751552078465839,0.751552078465839,0.0,1.0,1.0,0.0,0.0
1772443988.2597704,2698,0.7580143284414412,0.7580143284414412,0.0,1.0,1.0,0.0,0.0
1772443988.2722554,2699,0.7641534659182634,0.7641534659182634,0.0,1.0,1.0,0.0,0.0
1772443988.284433,2700,0.7699856465212443,0.7699856465212443,0.0,1.0,1.0,0.0,0.0
1772443988.2970402,2701,0.7755262180940763,0.7755262180940763,0.0,1.0,1.0,0.0,0.0
1772443988.3097029,2702,0.7807897610882666,0.7807897610882666,0.0,1.0,1.0,0.0,0.0
1772443988.3225577,2703,0.7857901269327474,0.7857901269327474,0.0,1.0,1.0,0.0,0.0
1772443988.3351066,2704,0.7905404744850042,0.7905404744850042,0.0,1.0,1.0,0.0,0.0
1772443988.3473089,2705,0.7950533046596482,0.7950533046596482,0.0,1.0,1.0,0.0,0.0
1772443988.359968,2706,0.7993404933255599,0.7993404933255599,0.0,1.0,1.0,0.0,0.0
1772443988.3722022,2707,0.8034133225581761,0.8034133225581761,0.0,1.0,1.0,0.0,0.0
1772443988.3846974,2708,0.8072825103291614,0.8072825103291614,0.0,1.0,1.0,0.0,0.0
1772443988.396716,2709,0.8109582387115976,0.8109582387115976,0.0,1.0,1.0,0.0,0.0
1772443988.4101348,2710,0.8144501806749118,0.8144501806749118,0.0,1.0,1.0,0.0,0.0
1772443988.422585,2711,0.8177675255400604,0.8177675255400604,0.0,1.0,1.0,0.0,0.0
1772443988.4343464,2712,0.8209190031619515,0.8209190031619515,0.0,1.0,1.0,0.0,0.0
1772443988.4468257,2713,0.8239129069027481,0.8239129069027481,0.0,1.0,1.0,0.0,0.0
1772443988.4596858,2714,0.8267571154565049,0.8267571154565049,0.0,1.0,1.0,0.0,0.0
1772443988.4718637,2715,0.8294591135825738,0.8294591135825738,0.0,1.0,1.0,0.0,0.0
1772443988.4843814,2716,0.8320260118023394,0.8320260118023394,0.0,1.0,1.0,0.0,0.0
1772443988.4967892,2717,0.8344645651111166,0.8344645651111166,0.0,1.0,1.0,0.0,0.0
1772443988.5091314,2718,0.8367811907544549,0.8367811907544549,0.0,1.0,1.0,0.0,0.0
1772443988.5219343,2719,0.8389819851156263,0.8389819851156263,0.0,1.0,1.0,0.0,0.0
1772443988.5343435,2720,0.8410727397587391,0.8410727397587391,0.0,1.0,1.0,0.0,0.0
1772443988.5471432,2721,0.8430589566696963,0.8430589566696963,0.0,1.0,1.0,0.0,0.0
1772443988.5592604,2722,0.8449458627351056,0.8449458627351056,0.0,1.0,1.0,0.0,0.0
1772443988.5718997,2723,0.8467384234972445,0.8467384234972445,0.0,1.0,1.0,0.0,0.0
1772443988.584387,2724,0.8484413562212765,0.8484413562212765,0.0,1.0,1.0,0.0,0.0
1772443988.5968702,2725,0.8500591423091068,0.8500591423091068,0.0,1.0,1.0,0.0,0.0
1772443988.6092856,2726,0.8515960390925457,0.8515960390925457,0.0,1.0,1.0,0.0,0.0
1772443988.6217387,2727,0.8530560910368126,0.8530560910368126,0.0,1.0,1.0,0.0,0.0
1772443988.634083,2728,0.8544431403838662,0.8544431403838662,0.0,1.0,1.0,0.0,0.0
1772443988.646487,2729,0.855760837263567,0.855760837263567,0.0,1.0,1.0,0.0,0.0
1772443988.658859,2730,0.8570126492992828,0.8570126492992828,0.0,1.0,1.0,0.0,0.0
1772443988.6714926,2731,0.8582018707332129,0.8582018707332129,0.0,1.0,1.0,0.0,0.0
1772443988.6839573,2732,0.8593316310954464,0.8593316310954464,0.0,1.0,1.0,0.0,0.0
1772443988.6963918,2733,0.8604049034395682,0.8604049034395682,0.0,1.0,1.0,0.0,0.0
1772443988.7089937,2734,0.861424512166484,0.861424512166484,0.0,1.0,1.0,0.0,0.0
1772443988.7214088,2735,0.862393140457054,0.862393140457054,0.0,1.0,1.0,0.0,0.0
1772443988.7338917,2736,0.8633133373330955,0.8633133373330955,0.0,1.0,1.0,0.0,0.0
1772443988.7464676,2737,0.8641875243653349,0.8641875243653349,0.0,1.0,1.0,0.0,0.0
1772443988.7588444,2738,0.8650180020459622,0.8650180020459622,0.0,1.0,1.0,0.0,0.0
1772443988.7714283,2739,0.8658069558425583,0.8658069558425583,0.0,1.0,1.0,0.0,0.0
1772443988.7840323,2740,0.8665564619493246,0.8665564619493246,0.0,1.0,1.0,0.0,0.0
1772443988.7970843,2741,0.8672684927507525,0.8672684927507525,0.0,1.0,1.0,0.0,0.0
1772443988.8095043,2742,0.8404324127809211,0.8404324127809211,0.0,0.6134696307134396,1.0,0.0,0.0
1772443988.8215058,2743,0.8033140001213318,0.8033140001213318,0.0,0.3972969381388584,1.0,0.0,0.0
1772443988.8344471,2744,0.7763361463774088,0.7763361463774088,0.0,0.5676382303530569,1.0,0.0,0.0
1772443988.846854,2745,0.7815591929574325,0.7815591929574325,0.0,1.0,1.0,0.0,0.0
1772443988.8593824,2746,0.786521087208455,0.786521087208455,0.0,1.0,1.0,0.0,0.0
1772443988.8716376,2747,0.7912348867469264,0.7912348867469264,0.0,1.0,1.0,0.0,0.0
1772443988.8842087,2748,0.7957129963084743,0.7957129963084743,0.0,1.0,1.0,0.0,0.0
1772443988.8969293,2749,0.7999672003919447,0.7999672003919447,0.0,1.0,1.0,0.0,0.0
1772443988.9090683,2750,0.8040086942712417,0.8040086942712417,0.0,1.0,1.0,0.0,0.0
1772443988.9216058,2751,0.8078481134565737,0.8078481134565737,0.0,1.0,1.0,0.0,0.0
1772443988.934152,2752,0.8114955616826391,0.8114955616826391,0.0,1.0,1.0,0.0,0.0
1772443988.9469793,2753,0.8149606374974013,0.8149606374974013,0.0,1.0,1.0,0.0,0.0
1772443988.959383,2754,0.8182524595214254,0.8182524595214254,0.0,1.0,1.0,0.0,0.0
1772443988.9716904,2755,0.8213796904442483,0.8213796904442483,0.0,1.0,1.0,0.0,0.0
1772443988.9842908,2756,0.8243505598209301,0.8243505598209301,0.0,1.0,1.0,0.0,0.0
1772443988.9968548,2757,0.8271728857287778,0.8271728857287778,0.0,1.0,1.0,0.0,0.0
1772443989.009063,2758,0.8298540953412331,0.8298540953412331,0.0,1.0,1.0,0.0,0.0
1772443989.0214536,2759,0.8324012444730656,0.8324012444730656,0.0,1.0,1.0,0.0,0.0
1772443989.0341995,2760,0.8348210361483065,0.8348210361483065,0.0,1.0,1.0,0.0,0.0
1772443989.046612,2761,0.8371198382397853,0.8371198382397853,0.0,1.0,1.0,0.0,0.0
1772443989.0600424,2762,0.8393037002266902,0.8393037002266902,0.0,1.0,1.0,0.0,0.0
1772443989.0718808,2763,0.8413783691142499,0.8413783691142499,0.0,1.0,1.0,0.0,0.0
1772443989.0841231,2764,0.8433493045574316,0.8433493045574316,0.0,1.0,1.0,0.0,0.0
1772443989.0973647,2765,0.8452216932284542,0.8452216932284542,0.0,1.0,1.0,0.0,0.0
1772443989.1095023,2766,0.8470004624659256,0.8470004624659256,0.0,1.0,1.0,0.0,0.0
1772443989.1223965,2767,0.8486902932415236,0.8486902932415236,0.0,1.0,1.0,0.0,0.0
1772443989.1343908,2768,0.8502956324783415,0.8502956324783415,0.0,1.0,1.0,0.0,0.0
1772443989.146791,2769,0.8518207047533186,0.8518207047533186,0.0,1.0,1.0,0.0,0.0
1772443989.1599486,2770,0.8532695234145469,0.8532695234145469,0.0,1.0,1.0,0.0,0.0
1772443989.1715913,2771,0.8546459011427137,0.8546459011427137,0.0,1.0,1.0,0.0,0.0
1772443989.1844513,2772,0.8559534599844721,0.8559534599844721,0.0,1.0,1.0,0.0,0.0
1772443989.197409,2773,0.8571956408841427,0.8571956408841427,0.0,1.0,1.0,0.0,0.0
1772443989.2097456,2774,0.8583757127388297,0.8583757127388297,0.0,1.0,1.0,0.0,0.0
1772443989.2233622,2775,0.8286447733640319,0.8286447733640319,0.0,0.5676382303530574,1.0,0.0,0.0
1772443989.2352266,2776,0.8004003809579738,0.8004003809579738,0.0,0.5676382303530569,1.0,0.0,0.0
1772443989.2473414,2777,0.7690923533745521,0.7690923533745521,0.0,0.49201832832988884,1.0,0.0,0.0
1772443989.2599075,2778,0.7376756746983137,0.7376756746983137,0.0,0.45585684949637784,1.0,0.0,0.0
1772443989.2722335,2779,0.7448317448622922,0.7448317448622922,0.0,1.0,1.0,0.0,0.0
1772443989.2844682,2780,0.7516300115180717,0.7516300115180717,0.0,1.0,1.0,0.0,0.0
1772443989.2969446,2781,0.7580883648410623,0.7580883648410623,0.0,1.0,1.0,0.0,0.0
1772443989.30948,2782,0.7642238004979034,0.7642238004979034,0.0,1.0,1.0,0.0,0.0
1772443989.322322,2783,0.7700524643719023,0.7700524643719023,0.0,1.0,1.0,0.0,0.0
1772443989.3345227,2784,0.7755896950522014,0.7755896950522014,0.0,1.0,1.0,0.0,0.0
1772443989.3470013,2785,0.7808500641984856,0.7808500641984856,0.0,1.0,1.0,0.0,0.0
1772443989.3596056,2786,0.7858474148874555,0.7858474148874555,0.0,1.0,1.0,0.0,0.0
1772443989.3723006,2787,0.7905948980419768,0.7905948980419768,0.0,1.0,1.0,0.0,0.0
1772443989.3844676,2788,0.7951050070387721,0.7951050070387721,0.0,1.0,1.0,0.0,0.0
1772443989.3972092,2789,0.7993896105857277,0.7993896105857277,0.0,1.0,1.0,0.0,0.0
1772443989.4097621,2790,0.8034599839553355,0.8034599839553355,0.0,1.0,1.0,0.0,0.0
1772443989.4224544,2791,0.8073268386564628,0.8073268386564628,0.0,1.0,1.0,0.0,0.0
1772443989.4342134,2792,0.8110003506225338,0.8110003506225338,0.0,1.0,1.0,0.0,0.0
1772443989.4469602,2793,0.8144901869903013,0.8144901869903013,0.0,1.0,1.0,0.0,0.0
1772443989.4594853,2794,0.8178055315396804,0.8178055315396804,0.0,1.0,1.0,0.0,0.0
1772443989.4717853,2795,0.8209551088615905,0.8209551088615905,0.0,1.0,1.0,0.0,0.0
1772443989.4843695,2796,0.8239472073174051,0.8239472073174051,0.0,1.0,1.0,0.0,0.0
1772443989.4968922,2797,0.826789700850429,0.826789700850429,0.0,1.0,1.0,0.0,0.0
1772443989.5093524,2798,0.8294900697068017,0.8294900697068017,0.0,1.0,1.0,0.0,0.0
1772443989.5218754,2799,0.8320554201203558,0.8320554201203558,0.0,1.0,1.0,0.0,0.0
1772443989.5343916,2800,0.8344925030132322,0.8344925030132322,0.0,1.0,1.0,0.0,0.0
1772443989.546784,2801,0.8180020280762633,0.8180020280762633,0.0,0.7169617949802356,1.0,0.0,0.0
1772443989.5597253,2802,0.802336076886143,0.802336076886143,0.0,0.7169617949802354,1.0,0.0,0.0
1772443989.5722237,2803,0.80625912694073,0.80625912694073,0.0,1.0,1.0,0.0,0.0
1772443989.584362,2804,0.8099860244925876,0.8099860244925876,0.0,1.0,1.0,0.0,0.0
1772443989.5969656,2805,0.8135265771668524,0.8135265771668524,0.0,1.0,1.0,0.0,0.0
1772443989.6096983,2806,0.816890102207404,0.816890102207404,0.0,1.0,1.0,0.0,0.0
1772443989.6221268,2807,0.820085450995928,0.820085450995928,0.0,1.0,1.0,0.0,0.0
1772443989.634828,2808,0.7956085231138378,0.7956085231138378,0.0,0.6134696307134396,1.0,0.0,0.0
1772443989.6469913,2809,0.7607313049376028,0.7607313049376028,0.0,0.3972969381388584,1.0,0.0,0.0
1772443989.6592903,2810,0.7358825859528663,0.7358825859528663,0.0,0.5676382303530569,1.0,0.0,0.0
1772443989.6719716,2811,0.7431283105541171,0.7431283105541171,0.0,1.0,1.0,0.0,0.0
1772443989.684226,2812,0.7500117489253054,0.7500117489253054,0.0,1.0,1.0,0.0,0.0
1772443989.696759,2813,0.7565510153779343,0.7565510153779343,0.0,1.0,1.0,0.0,0.0
1772443989.7096808,2814,0.7627633185079318,0.7627633185079318,0.0,1.0,1.0,0.0,0.0
1772443989.7219243,2815,0.7686650064814293,0.7686650064814293,0.0,1.0,1.0,0.0,0.0
1772443989.7343104,2816,0.774271610056252,0.774271610056252,0.0,1.0,1.0,0.0,0.0
1772443989.7469218,2817,0.7795978834523336,0.7795978834523336,0.0,1.0,1.0,0.0,0.0
1772443989.7592251,2818,0.7846578431786111,0.7846578431786111,0.0,1.0,1.0,0.0,0.0
1772443989.7716734,2819,0.7706591012333733,0.7706591012333733,0.0,0.7169617949802356,1.0,0.0,0.0
1772443989.7842581,2820,0.7573602963853975,0.7573602963853975,0.0,0.7169617949802354,1.0,0.0,0.0
1772443989.7968044,2821,0.7635321354650217,0.7635321354650217,0.0,1.0,1.0,0.0,0.0
1772443989.8095603,2822,0.7418828733594769,0.7418828733594769,0.0,0.6134696307134396,1.0,0.0,0.0
1772443989.822011,2823,0.7213160743592092,0.7213160743592092,0.0,0.6134696307134397,1.0,0.0,0.0
1772443989.8346488,2824,0.7292901245401429,0.7292901245401429,0.0,1.0,1.0,0.0,0.0
1772443989.8470476,2825,0.7368654722120299,0.7368654722120299,0.0,1.0,1.0,0.0,0.0
1772443989.859518,2826,0.7252563488151211,0.7252563488151211,0.0,0.7169617949802356,1.0,0.0,0.0
1772443989.8716156,2827,0.7142276815880578,0.7142276815880578,0.0,0.7169617949802354,1.0,0.0,0.0
1772443989.8844364,2828,0.7225561514075491,0.7225561514075491,0.0,1.0,1.0,0.0,0.0
1772443989.8969405,2829,0.7304681977360659,0.7304681977360659,0.0,1.0,1.0,0.0,0.0
1772443989.909374,2830,0.7379846417481567,0.7379846417481567,0.0,1.0,1.0,0.0,0.0
1772443989.9215882,2831,0.745125263559643,0.745125263559643,0.0,1.0,1.0,0.0,0.0
1772443989.9345744,2832,0.7519088542805551,0.7519088542805551,0.0,1.0,1.0,0.0,0.0
1772443989.9473655,2833,0.7583532654654215,0.7583532654654215,0.0,1.0,1.0,0.0,0.0
1772443989.9601023,2834,0.7644754560910446,0.7644754560910446,0.0,1.0,1.0,0.0,0.0
1772443989.9717617,2835,0.7702915371853866,0.7702915371853866,0.0,1.0,1.0,0.0,0.0
1772443989.9846044,2836,0.7758168142250114,0.7758168142250114,0.0,1.0,1.0,0.0,0.0
1772443989.9970686,2837,0.781065827412655,0.781065827412655,0.0,1.0,1.0,0.0,0.0
1772443990.0096898,2838,0.7860523899409164,0.7860523899409164,0.0,1.0,1.0,0.0,0.0
1772443990.0216086,2839,0.7907896243427648,0.7907896243427648,0.0,1.0,1.0,0.0,0.0
1772443990.0349057,2840,0.7952899970245207,0.7952899970245207,0.0,1.0,1.0,0.0,0.0
1772443990.0471723,2841,0.7995653510721888,0.7995653510721888,0.0,1.0,1.0,0.0,0.0
1772443990.0600097,2842,0.8036269374174736,0.8036269374174736,0.0,1.0,1.0,0.0,0.0
1772443990.0719237,2843,0.7766334368087435,0.7766334368087435,0.0,0.5676382303530574,1.0,0.0,0.0
1772443990.0847208,2844,0.7509896112304499,0.7509896112304499,0.0,0.5676382303530569,1.0,0.0,0.0
1772443990.096909,2845,0.7574799845678216,0.7574799845678216,0.0,1.0,1.0,0.0,0.0
1772443990.1096354,2846,0.7636458392383247,0.7636458392383247,0.0,1.0,1.0,0.0,0.0
1772443990.121646,2847,0.7695034011753027,0.7695034011753027,0.0,1.0,1.0,0.0,0.0
1772443990.1345124,2848,0.7750680850154317,0.7750680850154317,0.0,1.0,1.0,0.0,0.0
1772443990.1469138,2849,0.7803545346635542,0.7803545346635542,0.0,1.0,1.0,0.0,0.0
1772443990.1602108,2850,0.7545246541925201,0.7545246541925201,0.0,0.5676382303530574,1.0,0.0,0.0
1772443990.1716774,2851,0.7299862677450377,0.7299862677450377,0.0,0.5676382303530569,1.0,0.0,0.0
1772443990.1847804,2852,0.73752680825668,0.73752680825668,0.0,1.0,1.0,0.0,0.0
1772443990.1970093,2853,0.7446903217427402,0.7446903217427402,0.0,1.0,1.0,0.0,0.0
1772443990.2094636,2854,0.7206436519177468,0.7206436519177468,0.0,0.5676382303530574,1.0,0.0,0.0
1772443990.2216172,2855,0.6977993155840031,0.6977993155840031,0.0,0.5676382303530569,1.0,0.0,0.0
1772443990.2346094,2856,0.7069492037036971,0.7069492037036971,0.0,1.0,1.0,0.0,0.0
1772443990.2471666,2857,0.7156415974174064,0.7156415974174064,0.0,1.0,1.0,0.0,0.0
1772443990.2594466,2858,0.7238993714454303,0.7238993714454303,0.0,1.0,1.0,0.0,0.0
1772443990.271649,2859,0.7129385530868515,0.7129385530868515,0.0,0.7169617949802356,1.0,0.0,0.0
1772443990.284692,2860,0.7025257756462017,0.7025257756462017,0.0,0.7169617949802354,1.0,0.0,0.0
1772443990.296963,2861,0.7114393407627857,0.7114393407627857,0.0,1.0,1.0,0.0,0.0
1772443990.3093932,2862,0.7199072276235405,0.7199072276235405,0.0,1.0,1.0,0.0,0.0
1772443990.3216436,2863,0.7279517201412576,0.7279517201412576,0.0,1.0,1.0,0.0,0.0
1772443990.3344903,2864,0.735593988033089,0.735593988033089,0.0,1.0,1.0,0.0,0.0
1772443990.3469336,2865,0.7428541425303287,0.7428541425303287,0.0,1.0,1.0,0.0,0.0
1772443990.359009,2866,0.7497512893027064,0.7497512893027064,0.0,1.0,1.0,0.0,0.0
1772443990.371899,2867,0.7563035787364653,0.7563035787364653,0.0,1.0,1.0,0.0,0.0
1772443990.3843505,2868,0.7625282536985362,0.7625282536985362,0.0,1.0,1.0,0.0,0.0
1772443990.3967288,2869,0.7684416949125035,0.7684416949125035,0.0,1.0,1.0,0.0,0.0
1772443990.4102683,2870,0.7465469548345844,0.7465469548345844,0.0,0.6134696307134396,1.0,0.0,0.0
1772443990.4221756,2871,0.7532594609917493,0.7532594609917493,0.0,1.0,1.0,0.0,0.0
1772443990.4347384,2872,0.732123832609868,0.732123832609868,0.0,0.6134696307134397,1.0,0.0,0.0
1772443990.4472365,2873,0.7395574948782688,0.7395574948782688,0.0,1.0,1.0,0.0,0.0
1772443990.4595528,2874,0.7466194740332496,0.7466194740332496,0.0,1.0,1.0,0.0,0.0
1772443990.4715579,2875,0.7533283542304813,0.7533283542304813,0.0,1.0,1.0,0.0,0.0
1772443990.4843583,2876,0.7597017904178514,0.7597017904178514,0.0,1.0,1.0,0.0,0.0
1772443990.4972715,2877,0.7657565547958529,0.7657565547958529,0.0,1.0,1.0,0.0,0.0
1772443990.5091128,2878,0.7715085809549544,0.7715085809549544,0.0,1.0,1.0,0.0,0.0
1772443990.5214798,2879,0.7769730058061008,0.7769730058061008,0.0,1.0,1.0,0.0,0.0
1772443990.534349,2880,0.78216420941469,0.78216420941469,0.0,1.0,1.0,0.0,0.0
1772443990.5468774,2881,0.7870958528428497,0.7870958528428497,0.0,1.0,1.0,0.0,0.0
1772443990.55925,2882,0.7917809140996014,0.7917809140996014,0.0,1.0,1.0,0.0,0.0
1772443990.571548,2883,0.7962317222935155,0.7962317222935155,0.0,1.0,1.0,0.0,0.0
1772443990.5842135,2884,0.8004599900777338,0.8004599900777338,0.0,1.0,1.0,0.0,0.0
1772443990.5968535,2885,0.8044768444727413,0.8044768444727413,0.0,1.0,1.0,0.0,0.0
1772443990.609402,2886,0.8082928561479984,0.8082928561479984,0.0,1.0,1.0,0.0,0.0
1772443990.6215599,2887,0.8119180672394927,0.8119180672394927,0.0,1.0,1.0,0.0,0.0
1772443990.6343124,2888,0.8153620177764122,0.8153620177764122,0.0,1.0,1.0,0.0,0.0
1772443990.6468513,2889,0.8186337707864857,0.8186337707864857,0.0,1.0,1.0,0.0,0.0
1772443990.659548,2890,0.8217419361460556,0.8217419361460556,0.0,1.0,1.0,0.0,0.0
1772443990.671829,2891,0.824694693237647,0.824694693237647,0.0,1.0,1.0,0.0,0.0
1772443990.6847064,2892,0.8274998124746588,0.8274998124746588,0.0,1.0,1.0,0.0,0.0
1772443990.6972315,2893,0.83016467574982,0.83016467574982,0.0,1.0,1.0,0.0,0.0
1772443990.7091918,2894,0.8326962958612232,0.8326962958612232,0.0,1.0,1.0,0.0,0.0
1772443990.7219772,2895,0.8351013349670562,0.8351013349670562,0.0,1.0,1.0,0.0,0.0
1772443990.7348492,2896,0.8373861221175976,0.8373861221175976,0.0,1.0,1.0,0.0,0.0
1772443990.746779,2897,0.8395566699106118,0.8395566699106118,0.0,1.0,1.0,0.0,0.0
1772443990.7591734,2898,0.8416186903139754,0.8416186903139754,0.0,1.0,1.0,0.0,0.0
1772443990.7718418,2899,0.8435776096971708,0.8435776096971708,0.0,1.0,1.0,0.0,0.0
1772443990.7844098,2900,0.8454385831112063,0.8454385831112063,0.0,1.0,1.0,0.0,0.0
1772443990.796552,2901,0.8472065078545402,0.8472065078545402,0.0,1.0,1.0,0.0,0.0
1772443990.8094177,2902,0.8488860363607074,0.8488860363607074,0.0,1.0,1.0,0.0,0.0
1772443990.8215203,2903,0.8316758847563648,0.8316758847563648,0.0,0.7169617949802356,1.0,0.0,0.0
1772443990.8344374,2904,0.8153262407322392,0.8153262407322392,0.0,0.7169617949802354,1.0,0.0,0.0
1772443990.8470762,2905,0.8185997825945215,0.8185997825945215,0.0,1.0,1.0,0.0,0.0
1772443990.8594124,2906,0.8217096473636896,0.8217096473636896,0.0,1.0,1.0,0.0,0.0
1772443990.8715925,2907,0.8246640188943992,0.8246640188943992,0.0,1.0,1.0,0.0,0.0
1772443990.884389,2908,0.8274706718485734,0.8274706718485734,0.0,1.0,1.0,0.0,0.0
1772443990.897277,2909,0.8113312884698375,0.8113312884698375,0.0,0.7169617949802356,1.0,0.0,0.0
1772443990.9094853,2910,0.7959988742600383,0.7959988742600383,0.0,0.7169617949802354,1.0,0.0,0.0
1772443990.921566,2911,0.8002387844459306,0.8002387844459306,0.0,1.0,1.0,0.0,0.0
1772443990.9346058,2912,0.8042666991225282,0.8042666991225282,0.0,1.0,1.0,0.0,0.0
1772443990.9469926,2913,0.808093218065296,0.808093218065296,0.0,1.0,1.0,0.0,0.0
1772443990.959761,2914,0.8117284110609253,0.8117284110609253,0.0,1.0,1.0,0.0,0.0
1772443990.9717002,2915,0.7963761407215718,0.7963761407215718,0.0,0.7169617949802356,1.0,0.0,0.0
1772443990.9848504,2916,0.781791483899186,0.781791483899186,0.0,0.7169617949802354,1.0,0.0,0.0
1772443990.9971004,2917,0.7867417636031209,0.7867417636031209,0.0,1.0,1.0,0.0,0.0
1772443991.0094857,2918,0.7914445293218589,0.7914445293218589,0.0,1.0,1.0,0.0,0.0
1772443991.0215402,2919,0.7650601491179096,0.7650601491179096,0.0,0.5676382303530574,1.0,0.0,0.0
1772443991.0345652,2920,0.7399949879241577,0.7399949879241577,0.0,0.5676382303530569,1.0,0.0,0.0
1772443991.0470057,2921,0.7470350924268441,0.7470350924268441,0.0,1.0,1.0,0.0,0.0
1772443991.0596857,2922,0.7537231917043961,0.7537231917043961,0.0,1.0,1.0,0.0,0.0
1772443991.0715895,2923,0.7600768860180704,0.7600768860180704,0.0,1.0,1.0,0.0,0.0
1772443991.0846725,2924,0.7661128956160611,0.7661128956160611,0.0,1.0,1.0,0.0,0.0
1772443991.09736,2925,0.7718471047341522,0.7718471047341522,0.0,1.0,1.0,0.0,0.0
1772443991.1094959,2926,0.7772946033963387,0.7772946033963387,0.0,1.0,1.0,0.0,0.0
1772443991.1215906,2927,0.782469727125416,0.782469727125416,0.0,1.0,1.0,0.0,0.0
1772443991.1344316,2928,0.7873860946680393,0.7873860946680393,0.0,1.0,1.0,0.0,0.0
1772443991.1469517,2929,0.7920566438335315,0.7920566438335315,0.0,1.0,1.0,0.0,0.0
1772443991.159532,2930,0.7964936655407491,0.7964936655407491,0.0,1.0,1.0,0.0,0.0
1772443991.1715796,2931,0.8007088361626058,0.8007088361626058,0.0,1.0,1.0,0.0,0.0
1772443991.1843805,2932,0.7738612406166191,0.7738612406166191,0.0,0.5676382303530574,1.0,0.0,0.0
1772443991.1972442,2933,0.7483560248479317,0.7483560248479317,0.0,0.5676382303530569,1.0,0.0,0.0
1772443991.20937,2934,0.7549780775044294,0.7549780775044294,0.0,1.0,1.0,0.0,0.0
1772443991.2215495,2935,0.7612690275281021,0.7612690275281021,0.0,1.0,1.0,0.0,0.0
1772443991.2344282,2936,0.7672454300505912,0.7672454300505912,0.0,1.0,1.0,0.0,0.0
1772443991.2473717,2937,0.7729230124469558,0.7729230124469558,0.0,1.0,1.0,0.0,0.0
1772443991.2596238,2938,0.7783167157235023,0.7783167157235023,0.0,1.0,1.0,0.0,0.0
1772443991.271547,2939,0.7834407338362213,0.7834407338362213,0.0,1.0,1.0,0.0,0.0
1772443991.2841735,2940,0.7883085510433043,0.7883085510433043,0.0,1.0,1.0,0.0,0.0
1772443991.2971044,2941,0.7929329773900333,0.7929329773900333,0.0,1.0,1.0,0.0,0.0
1772443991.3099072,2942,0.7664741747826752,0.7664741747826752,0.0,0.5676382303530574,1.0,0.0,0.0
1772443991.3221655,2943,0.741338312305685,0.741338312305685,0.0,0.5676382303530569,1.0,0.0,0.0
1772443991.335103,2944,0.7483112505892949,0.7483112505892949,0.0,1.0,1.0,0.0,0.0
1772443991.3476093,2945,0.7549355419587244,0.7549355419587244,0.0,1.0,1.0,0.0,0.0
1772443991.3601422,2946,0.7612286187596823,0.7612286187596823,0.0,1.0,1.0,0.0,0.0
1772443991.3718421,2947,0.7672070417205923,0.7672070417205923,0.0,1.0,1.0,0.0,0.0
1772443991.3850849,2948,0.7728865435334569,0.7728865435334569,0.0,1.0,1.0,0.0,0.0
1772443991.3972201,2949,0.7782820702556782,0.7782820702556782,0.0,1.0,1.0,0.0,0.0
1772443991.4099298,2950,0.7834078206417885,0.7834078206417885,0.0,1.0,1.0,0.0,0.0
1772443991.422024,2951,0.7882772835085933,0.7882772835085933,0.0,1.0,1.0,0.0,0.0
1772443991.4345236,2952,0.7929032732320578,0.7929032732320578,0.0,1.0,1.0,0.0,0.0
1772443991.4471536,2953,0.797297963469349,0.797297963469349,0.0,1.0,1.0,0.0,0.0
1772443991.459444,2954,0.7826672155095743,0.7826672155095743,0.0,0.7169617949802356,1.0,0.0,0.0
1772443991.471595,2955,0.7687680049477883,0.7687680049477883,0.0,0.7169617949802354,1.0,0.0,0.0
1772443991.4846907,2956,0.7743694585992931,0.7743694585992931,0.0,1.0,1.0,0.0,0.0
1772443991.4970913,2957,0.7796908395682226,0.7796908395682226,0.0,1.0,1.0,0.0,0.0
1772443991.5093622,2958,0.7847461514887056,0.7847461514887056,0.0,1.0,1.0,0.0,0.0
1772443991.521603,2959,0.7895486978131645,0.7895486978131645,0.0,1.0,1.0,0.0,0.0
1772443991.5347803,2960,0.7941111168214005,0.7941111168214005,0.0,1.0,1.0,0.0,0.0
1772443991.547029,2961,0.7984454148792246,0.7984454148792246,0.0,1.0,1.0,0.0,0.0
1772443991.559581,2962,0.8025629980341575,0.8025629980341575,0.0,1.0,1.0,0.0,0.0
1772443991.5720143,2963,0.8064747020313439,0.8064747020313439,0.0,1.0,1.0,0.0,0.0
1772443991.5849473,2964,0.8101908208286708,0.8101908208286708,0.0,1.0,1.0,0.0,0.0
1772443991.5971289,2965,0.8137211336861314,0.8137211336861314,0.0,1.0,1.0,0.0,0.0
1772443991.6095612,2966,0.817074930900719,0.817074930900719,0.0,1.0,1.0,0.0,0.0
1772443991.6216028,2967,0.8202610382545772,0.8202610382545772,0.0,1.0,1.0,0.0,0.0
1772443991.634752,2968,0.8232878402407425,0.8232878402407425,0.0,1.0,1.0,0.0,0.0
1772443991.6469705,2969,0.8261633021275996,0.8261633021275996,0.0,1.0,1.0,0.0,0.0
1772443991.6594484,2970,0.8288949909201138,0.8288949909201138,0.0,1.0,1.0,0.0,0.0
1772443991.6716442,2971,0.8126843915878008,0.8126843915878008,0.0,0.7169617949802356,1.0,0.0,0.0
1772443991.684571,2972,0.7972843222221035,0.7972843222221035,0.0,0.7169617949802354,1.0,0.0,0.0
1772443991.6974165,2973,0.8014599600098925,0.8014599600098925,0.0,1.0,1.0,0.0,0.0
1772443991.7095613,2974,0.805426815908292,0.805426815908292,0.0,1.0,1.0,0.0,0.0
1772443991.7214653,2975,0.8091953290117716,0.8091953290117716,0.0,1.0,1.0,0.0,0.0
1772443991.7342513,2976,0.8127754164600772,0.8127754164600772,0.0,1.0,1.0,0.0,0.0
1772443991.7467337,2977,0.8161764995359675,0.8161764995359675,0.0,1.0,1.0,0.0,0.0
1772443991.7593184,2978,0.8194075284580633,0.8194075284580633,0.0,1.0,1.0,0.0,0.0
1772443991.771549,2979,0.8224770059340543,0.8224770059340543,0.0,1.0,1.0,0.0,0.0
1772443991.784345,2980,0.8253930095362457,0.8253930095362457,0.0,1.0,1.0,0.0,0.0
1772443991.796921,2981,0.8281632129583276,0.8281632129583276,0.0,1.0,1.0,0.0,0.0
1772443991.8093197,2982,0.8307949062093054,0.8307949062093054,0.0,1.0,1.0,0.0,0.0
1772443991.821521,2983,0.8332950147977343,0.8332950147977343,0.0,1.0,1.0,0.0,0.0
1772443991.8344314,2984,0.8356701179567417,0.8356701179567417,0.0,1.0,1.0,0.0,0.0
1772443991.84681,2985,0.8379264659577988,0.8379264659577988,0.0,1.0,1.0,0.0,0.0
1772443991.8598528,2986,0.8400699965588031,0.8400699965588031,0.0,1.0,1.0,0.0,0.0
1772443991.8717573,2987,0.8421063506297571,0.8421063506297571,0.0,1.0,1.0,0.0,0.0
1772443991.8845468,2988,0.8440408869971634,0.8440408869971634,0.0,1.0,1.0,0.0,0.0
1772443991.897177,2989,0.8458786965461994,0.8458786965461994,0.0,1.0,1.0,0.0,0.0
1772443991.909636,2990,0.8476246156177836,0.8476246156177836,0.0,1.0,1.0,0.0,0.0
1772443991.92155,2991,0.8492832387357886,0.8492832387357886,0.0,1.0,1.0,0.0,0.0
1772443991.9343674,2992,0.8508589306978933,0.8508589306978933,0.0,1.0,1.0,0.0,0.0
1772443991.9468973,2993,0.8523558380618929,0.8523558380618929,0.0,1.0,1.0,0.0,0.0
1772443991.95935,2994,0.8537779000576924,0.8537779000576924,0.0,1.0,1.0,0.0,0.0
1772443991.9717872,2995,0.8551288589537019,0.8551288589537019,0.0,1.0,1.0,0.0,0.0
1772443991.984723,2996,0.856412269904911,0.856412269904911,0.0,1.0,1.0,0.0,0.0
1772443991.9972208,2997,0.8576315103085597,0.8576315103085597,0.0,1.0,1.0,0.0,0.0
1772443992.0096142,2998,0.8587897886920258,0.8587897886920258,0.0,1.0,1.0,0.0,0.0
1772443992.0216389,2999,0.8598901531563187,0.8598901531563187,0.0,1.0,1.0,0.0,0.0
1772443992.0344956,3000,0.8609354993973969,0.8609354993973969,0.0,1.0,1.0,0.0,0.0
1772443992.046946,3001,0.8619285783264212,0.8619285783264212,0.0,1.0,1.0,0.0,0.0
1772443992.0595255,3002,0.8628720033089943,0.8628720033089943,0.0,1.0,1.0,0.0,0.0
1772443992.0715225,3003,0.8637682570424388,0.8637682570424388,0.0,1.0,1.0,0.0,0.0
1772443992.0845869,3004,0.864619698089211,0.864619698089211,0.0,1.0,1.0,0.0,0.0
1772443992.0970623,3005,0.8654285670836447,0.8654285670836447,0.0,1.0,1.0,0.0,0.0
1772443992.1094139,3006,0.8661969926283566,0.8661969926283566,0.0,1.0,1.0,0.0,0.0
1772443992.1215408,3007,0.866926996895833,0.866926996895833,0.0,1.0,1.0,0.0,0.0
1772443992.134163,3008,0.8676205009499355,0.8676205009499355,0.0,1.0,1.0,0.0,0.0
1772443992.1467812,3009,0.8682793298013328,0.8682793298013328,0.0,1.0,1.0,0.0,0.0
1772443992.1591554,3010,0.8689052172101603,0.8689052172101603,0.0,1.0,1.0,0.0,0.0
1772443992.1714952,3011,0.8694998102485465,0.8694998102485465,0.0,1.0,1.0,0.0,0.0
1772443992.1845267,3012,0.8700646736350134,0.8700646736350134,0.0,1.0,1.0,0.0,0.0
1772443992.1969223,3013,0.8706012938521569,0.8706012938521569,0.0,1.0,1.0,0.0,0.0
1772443992.2092633,3014,0.8711110830584432,0.8711110830584432,0.0,1.0,1.0,0.0,0.0
1772443992.2215555,3015,0.8715953828044152,0.8715953828044152,0.0,1.0,1.0,0.0,0.0
1772443992.2349865,3016,0.8720554675630886,0.8720554675630886,0.0,1.0,1.0,0.0,0.0
1772443992.247277,3017,0.8724925480838284,0.8724925480838284,0.0,1.0,1.0,0.0,0.0
1772443992.2595725,3018,0.8729077745785311,0.8729077745785311,0.0,1.0,1.0,0.0,0.0
1772443992.2719204,3019,0.8733022397484987,0.8733022397484987,0.0,1.0,1.0,0.0,0.0
1772443992.2844312,3020,0.873676981659968,0.873676981659968,0.0,1.0,1.0,0.0,0.0
1772443992.29734,3021,0.8740329864758638,0.8740329864758638,0.0,1.0,1.0,0.0,0.0
1772443992.3098578,3022,0.8743711910509647,0.8743711910509647,0.0,1.0,1.0,0.0,0.0
1772443992.322081,3023,0.8558867817121093,0.8558867817121093,0.0,0.7169617949802356,1.0,0.0,0.0
1772443992.3352735,3024,0.8383265928401966,0.8383265928401966,0.0,0.7169617949802354,1.0,0.0,0.0
1772443992.3474934,3025,0.840450117097081,0.840450117097081,0.0,1.0,1.0,0.0,0.0
1772443992.3593447,3026,0.842467465141121,0.842467465141121,0.0,1.0,1.0,0.0,0.0
1772443992.371789,3027,0.8443839457829592,0.8443839457829592,0.0,1.0,1.0,0.0,0.0
1772443992.384671,3028,0.8462046023927053,0.8462046023927053,0.0,1.0,1.0,0.0,0.0
1772443992.3968987,3029,0.8479342261719642,0.8479342261719642,0.0,1.0,1.0,0.0,0.0
1772443992.4091706,3030,0.8495773687622602,0.8495773687622602,0.0,1.0,1.0,0.0,0.0
1772443992.4216373,3031,0.8511383542230414,0.8511383542230414,0.0,1.0,1.0,0.0,0.0
1772443992.4343274,3032,0.8526212904107835,0.8526212904107835,0.0,1.0,1.0,0.0,0.0
1772443992.4467685,3033,0.8540300797891385,0.8540300797891385,0.0,1.0,1.0,0.0,0.0
1772443992.459572,3034,0.8553684296985757,0.8553684296985757,0.0,1.0,1.0,0.0,0.0
1772443992.4720113,3035,0.8566398621125411,0.8566398621125411,0.0,1.0,1.0,0.0,0.0
1772443992.4844892,3036,0.8578477229058081,0.8578477229058081,0.0,1.0,1.0,0.0,0.0
1772443992.4968753,3037,0.8589951906594119,0.8589951906594119,0.0,1.0,1.0,0.0,0.0
1772443992.5095384,3038,0.8600852850253354,0.8600852850253354,0.0,1.0,1.0,0.0,0.0
1772443992.5218098,3039,0.8611208746729628,0.8611208746729628,0.0,1.0,1.0,0.0,0.0
1772443992.5342267,3040,0.8621046848382089,0.8621046848382089,0.0,1.0,1.0,0.0,0.0
1772443992.5468926,3041,0.8630393044951926,0.8630393044951926,0.0,1.0,1.0,0.0,0.0
1772443992.5593514,3042,0.8330751855325766,0.8330751855325766,0.0,0.5676382303530574,1.0,0.0,0.0
1772443992.5716326,3043,0.8046092725180914,0.8046092725180914,0.0,0.5676382303530569,1.0,0.0,0.0
1772443992.5848093,3044,0.7775666551543304,0.7775666551543304,0.0,0.5676382303530574,1.0,0.0,0.0
1772443992.5975118,3045,0.7518761686587575,0.7518761686587575,0.0,0.5676382303530569,1.0,0.0,0.0
1772443992.6098967,3046,0.7583222141247138,0.7583222141247138,0.0,1.0,1.0,0.0,0.0
1772443992.6218007,3047,0.7644459573173723,0.7644459573173723,0.0,1.0,1.0,0.0,0.0
1772443992.6346798,3048,0.7702635133503979,0.7702635133503979,0.0,1.0,1.0,0.0,0.0
1772443992.6470592,3049,0.7757901915817722,0.7757901915817722,0.0,1.0,1.0,0.0,0.0
1772443992.6596649,3050,0.7810405359015777,0.7810405359015777,0.0,1.0,1.0,0.0,0.0
1772443992.6716633,3051,0.786028363005393,0.786028363005393,0.0,1.0,1.0,0.0,0.0
1772443992.6846435,3052,0.7907667987540176,0.7907667987540176,0.0,1.0,1.0,0.0,0.0
1772443992.6970334,3053,0.7952683127152108,0.7952683127152108,0.0,1.0,1.0,0.0,0.0
1772443992.7093928,3054,0.7995447509783444,0.7995447509783444,0.0,1.0,1.0,0.0,0.0
1772443992.7215889,3055,0.8036073673283214,0.8036073673283214,0.0,1.0,1.0,0.0,0.0
1772443992.7345223,3056,0.8074668528607994,0.8074668528607994,0.0,1.0,1.0,0.0,0.0
1772443992.747015,3057,0.8111333641166536,0.8111333641166536,0.0,1.0,1.0,0.0,0.0
1772443992.759492,3058,0.8146165498097151,0.8146165498097151,0.0,1.0,1.0,0.0,0.0
1772443992.7714176,3059,0.8179255762181235,0.8179255762181235,0.0,1.0,1.0,0.0,0.0
1772443992.7844133,3060,0.8210691513061115,0.8210691513061115,0.0,1.0,1.0,0.0,0.0
1772443992.7966611,3061,0.8240555476397,0.8240555476397,0.0,1.0,1.0,0.0,0.0
1772443992.809417,3062,0.8268926241566091,0.8268926241566091,0.0,1.0,1.0,0.0,0.0
1772443992.821593,3063,0.8295878468476728,0.8295878468476728,0.0,1.0,1.0,0.0,0.0
1772443992.8340647,3064,0.8321483084041834,0.8321483084041834,0.0,1.0,1.0,0.0,0.0
1772443992.847401,3065,0.815775043197667,0.815775043197667,0.0,0.7169617949802356,1.0,0.0,0.0
1772443992.859789,3066,0.8002204412514764,0.8002204412514764,0.0,0.7169617949802354,1.0,0.0,0.0
1772443992.8715696,3067,0.8042492730877967,0.8042492730877967,0.0,1.0,1.0,0.0,0.0
1772443992.8844354,3068,0.808076663332301,0.808076663332301,0.0,1.0,1.0,0.0,0.0
1772443992.897086,3069,0.8117126840645801,0.8117126840645801,0.0,1.0,1.0,0.0,0.0
1772443992.9093204,3070,0.8151669037602453,0.8151669037602453,0.0,1.0,1.0,0.0,0.0
1772443992.9214308,3071,0.8184484124711272,0.8184484124711272,0.0,1.0,1.0,0.0,0.0
1772443992.9339252,3072,0.821565845746465,0.821565845746465,0.0,1.0,1.0,0.0,0.0
1772443992.9463718,3073,0.8245274073580359,0.8245274073580359,0.0,1.0,1.0,0.0,0.0
1772443992.9589324,3074,0.8273408908890283,0.8273408908890283,0.0,1.0,1.0,0.0,0.0
1772443992.971456,3075,0.830013700243471,0.830013700243471,0.0,1.0,1.0,0.0,0.0
1772443992.984079,3076,0.8325528691301916,0.8325528691301916,0.0,1.0,1.0,0.0,0.0
1772443992.9969254,3077,0.8349650795725762,0.8349650795725762,0.0,1.0,1.0,0.0,0.0
1772443993.0093236,3078,0.8372566794928415,0.8372566794928415,0.0,1.0,1.0,0.0,0.0
1772443993.0216036,3079,0.8394336994170937,0.8394336994170937,0.0,1.0,1.0,0.0,0.0
1772443993.0344934,3080,0.8415018683451332,0.8415018683451332,0.0,1.0,1.0,0.0,0.0
1772443993.0469584,3081,0.8434666288267707,0.8434666288267707,0.0,1.0,1.0,0.0,0.0
1772443993.0593538,3082,0.8453331512843263,0.8453331512843263,0.0,1.0,1.0,0.0,0.0
1772443993.0714083,3083,0.8471063476190042,0.8471063476190042,0.0,1.0,1.0,0.0,0.0
1772443993.0842357,3084,0.8487908841369481,0.8487908841369481,0.0,1.0,1.0,0.0,0.0
1772443993.0964684,3085,0.8503911938289949,0.8503911938289949,0.0,1.0,1.0,0.0,0.0
1772443993.109025,3086,0.8519114880364392,0.8519114880364392,0.0,1.0,1.0,0.0,0.0
1772443993.1213439,3087,0.8533557675335114,0.8533557675335114,0.0,1.0,1.0,0.0,0.0
1772443993.1338568,3088,0.85472783305573,0.85472783305573,0.0,1.0,1.0,0.0,0.0
1772443993.1463718,3089,0.8560312953018376,0.8560312953018376,0.0,1.0,1.0,0.0,0.0
1772443993.158968,3090,0.8572695844356399,0.8572695844356399,0.0,1.0,1.0,0.0,0.0
1772443993.171366,3091,0.8584459591127521,0.8584459591127521,0.0,1.0,1.0,0.0,0.0
1772443993.1839168,3092,0.8595635150560087,0.8595635150560087,0.0,1.0,1.0,0.0,0.0
1772443993.1964378,3093,0.8606251932021024,0.8606251932021024,0.0,1.0,1.0,0.0,0.0
1772443993.209057,3094,0.8616337874408915,0.8616337874408915,0.0,1.0,1.0,0.0,0.0
1772443993.221416,3095,0.8625919519677411,0.8625919519677411,0.0,1.0,1.0,0.0,0.0
1772443993.2338765,3096,0.8635022082682482,0.8635022082682482,0.0,1.0,1.0,0.0,0.0
1772443993.2464871,3097,0.8643669517537299,0.8643669517537299,0.0,1.0,1.0,0.0,0.0
1772443993.2589505,3098,0.8651884580649376,0.8651884580649376,0.0,1.0,1.0,0.0,0.0
1772443993.2715034,3099,0.8659688890605849,0.8659688890605849,0.0,1.0,1.0,0.0,0.0
1772443993.2839913,3100,0.8667102985064498,0.8667102985064498,0.0,1.0,1.0,0.0,0.0
1772443993.2964134,3101,0.8674146374800215,0.8674146374800215,0.0,1.0,1.0,0.0,0.0
1772443993.308848,3102,0.8680837595049146,0.8680837595049146,0.0,1.0,1.0,0.0,0.0
1772443993.3214417,3103,0.868719425428563,0.868719425428563,0.0,1.0,1.0,0.0,0.0
1772443993.3344097,3104,0.8384713004192784,0.8384713004192784,0.0,0.5676382303530574,1.0,0.0,0.0
1772443993.3465586,3105,0.8097355816604581,0.8097355816604581,0.0,0.5676382303530569,1.0,0.0,0.0
